adm1_code,iso3,admin,name,total_land_usd,value_share,area_share,error,area_km2,density,pop
USA-3521,USA,United States of America,California,5008027004060.87,0.024977804683925398,0.024529116842109403,-0.01796346186119191,409927.58352777065,12216857.819038665,40333989.39854669
USA-3536,USA,United States of America,Texas,3684357381517.063,0.01837593107758599,0.01829444346847387,-0.00443447511682904,685475.1722347253,5374895.445892881,29613706.07209957
CHN-1756,CHN,China,Xinjiang,2667802754491.405,0.013305810069093342,0.013482926293048973,0.013311194360652756,1629393.9198708613,1637297.6000197933,25395466.843221016
USA-3542,USA,United States of America,Florida,2600322759903.527,0.01296924995799138,0.012061161221464127,-0.07001860088043921,146699.78171991208,17725471.227136638,20952911.651296135
CHN-1180,CHN,China,Guangdong,2580642750128.2056,0.01287109484821519,0.012646485600917108,-0.017450671442237775,175204.59593310853,14729309.675834479,114858637.52893676
USA-3559,USA,United States of America,New York,2311306295153.1094,0.011527764758107103,0.011430829144907548,-0.008408881967458925,136851.62340001526,16889140.499248557,18623058.877636593
CHN-1812,CHN,China,Henan,2236174021121.8804,0.01115303849071887,0.01106757815550129,-0.00766251594027012,166345.64819985518,13442936.712328296,98619861.49044222
CHN-1809,CHN,China,Sichuan,2235882111303.502,0.011151582574761777,0.01135669643561162,0.018393251314307246,485425.7084511181,4606023.274782228,78074496.40205568
CHN-1814,CHN,China,Shandong,2218424388368.122,0.011064511240411459,0.010889908174579254,-0.015780458986249024,156031.87477837384,14217764.104412323,98411318.76195346
CHN-1838,CHN,China,Inner Mongol,2038027005731.582,0.01016476956862472,0.010974758984940394,0.07968595951410862,1144870.058233521,1780138.2707799687,25900025.53659294
CHN-1818,CHN,China,Jiangsu,1944366048772.9253,0.009697630496186438,0.0093675768540151,-0.034034462573216184,99662.66349439739,19509473.0624195,88609485.27053241
CHN-1811,CHN,China,Hebei,1826909570451.6577,0.009111809978047978,0.009708991404739218,0.06553927574542917,189113.6930173545,9660377.000220744,77140996.79531358
DEU-1572,DEU,Germany,Nordrhein-Westfalen,1689133893626.6008,0.008424646361889075,0.007941631350232773,-0.05733356522136501,34682.924024821004,48702176.67973334,18393634.00707662
CHN-1808,CHN,China,Hunan,1681137255628.795,0.008384762698746826,0.008576689458017693,0.022889945269357614,211144.2857166421,7962030.560869164,68572227.51961693
USA-3546,USA,United States of America,Illinois,1620453607943.6702,0.008082099734238426,0.007915952282189827,-0.020557461242991515,150427.24011089656,10772341.543652961,13048190.532009007
USA-3560,USA,United States of America,Pennsylvania,1619008110835.8225,0.008074890239480964,0.008880509765812757,0.09976848012036577,119524.38647546142,13545420.801371006,13041313.351243451
CHN-1662,CHN,China,Xizang,1556118373795.7236,0.007761224285376232,0.008116295878603212,0.045749430781946154,1130472.301049631,1376520.567864321,3288810.2058698153
CHN-1810,CHN,China,Yunnan,1499543763780.0913,0.007479055367777773,0.00753866378449025,0.007970046186486224,386261.2903952852,3882200.4717208785,48481146.7324019
USA-3550,USA,United States of America,Ohio,1477792976396.8804,0.007370572143038989,0.0071747397800337185,-0.026569492734729083,116121.15868808712,12726302.364639489,11902705.35273913
CHN-1179,CHN,China,Anhui,1456599125961.8755,0.007264866671355904,0.007784144176264726,0.07147791258939984,140623.28657080664,10358164.436929503,62179324.25564564
CHN-1839,CHN,China,Heilongjiang,1401371172556.2974,0.006989414276203305,0.0069681044024634976,-0.003048878331959881,452391.378683511,3097696.4606053736,39373875.53412052
CHN-1807,CHN,China,Hubei,1392156214074.202,0.00694345417396152,0.00729527366929483,0.050669232707354794,185861.95459212945,7490269.954005716,56103426.56264448
IND-3253,IND,India,Uttar Pradesh,1387151044848.4668,0.006918490622601067,0.0069579508928656175,0.005703595251779658,239500.67376052143,5791846.106602146,231436467.23725125
USA-3543,USA,United States of America,Georgia,1347701471466.2913,0.00672173374848574,0.0068867257242446675,0.02454604450765352,152023.3717111083,8865093.941129941,10847702.666915482
USA-3549,USA,United States of America,North Carolina,1326040815565.709,0.006613700059375887,0.006502711480058704,-0.0167816166927377,127922.24383072414,10365990.90085084,10676780.781545622
CHN-1820,CHN,China,Zhejiang,1314860659891.402,0.006557938430186931,0.006399546250670548,-0.02415273964563114,101289.96395112804,12981154.386882955,57753289.484449014
CHN-1152,CHN,China,Guangxi,1296464455164.8896,0.006466186367306332,0.006748552778057038,0.04366815224788101,237271.93483514004,5464044.688073589,48093757.03383122
USA-3562,USA,United States of America,Michigan,1265535650141.8447,0.006311927284768159,0.006354861910408942,0.006802141993047295,249845.31848626767,5065276.619187094,10169704.094898066
CAN-682,CAN,Canada,Ontario,1260241266352.4858,0.006285521260179011,0.007056158472796756,0.12260513976780296,1077825.925441906,1169243.7865936374,14343646.142596126
CHN-1817,CHN,China,Jiangxi,1239466327081.3364,0.006181905130510698,0.006533759401842696,0.056916802167575664,168106.1813584807,7373115.712135633,49785435.37837853
DEU-1591,DEU,Germany,Bayern,1221029835384.8914,0.006089952134195541,0.00613079043652343,0.006705849475988179,69966.09060373604,17451737.33230839,13132147.621213034
IND-2447,IND,India,Maharashtra,1135470302905.8933,0.005663219353127173,0.00573399953319906,0.012498223299933109,307489.2054250506,3692715.981155508,124296987.6646861
CHN-1813,CHN,China,Liaoning,1112345373777.762,0.005547882522350558,0.005327968927287563,-0.03963919462552368,146263.2637966604,7605090.607879351,44941888.132118165
JPN-1860,JPN,Japan,Tokyo,1101516236179.8088,0.005493871614742094,0.0030245839403653307,-0.4494622094463855,1993.415274540992,552577403.3378199,13316329.284856796
USA-3558,USA,United States of America,New Jersey,1083476854225.8058,0.005403899224677015,0.004449716057590131,-0.1765730868424762,19587.066675509617,55315932.3024368,8736892.868835038
CHN-1151,CHN,China,Qinghai,1071564032093.3248,0.00534448338202717,0.005660508400543083,0.05913106953960523,713917.5182624806,1500963.3531633706,6356519.557370821
CHN-1804,CHN,China,Shaanxi,1066016776878.1906,0.005316816147568738,0.005459487115903155,0.02683391044086747,205662.36158783076,5183334.318676168,38861739.12937806
USA-3552,USA,United States of America,Virginia,1059271759372.8342,0.005283175009112049,0.005250940570566995,-0.006101338397735967,103202.51436190716,10264011.16215265,8528585.717796963
CHN-1150,CHN,China,Gansu,1057437950004.3136,0.005274028786019139,0.005447808441015141,0.03295007707517117,405630.30950487376,2606900.7301132367,25568531.83079553
IND-3250,IND,India,Rajasthan,1054204643209.208,0.0052579024940590776,0.005433077055486024,0.033316434000987494,343152.5833930349,3072116.2952801064,80744461.8949509
DEU-1573,DEU,Germany,Baden-Württemberg,1009980913970.8136,0.005037334260218542,0.00535843579610198,0.06374433763891374,36362.34623529602,27775460.56669056,10941716.287753582
CHN-1805,CHN,China,Shanxi,1008693293609.1304,0.005030912184244293,0.005265767408163414,0.04668243358622637,156035.74194807687,6464501.536736292,39257260.07302695
IND-3261,IND,India,Madhya Pradesh,995242985337.2396,0.004963828046582604,0.005227611384316078,0.05314111110578823,309499.7082439002,3215650.8029821524,84750233.5822907
KOR-2498,KOR,South Korea,Gyeonggi,982372502513.6738,0.0048996358196049606,0.0059980766344822425,0.22418825711128987,10433.843046858456,94152509.10923547,14426469.793248177
USA-3520,USA,United States of America,Arizona,953321363079.3536,0.0047547416954224165,0.00484688563040005,0.01937937765711739,295332.973206874,3227954.3754553064,7644211.00405072
CHN-1153,CHN,China,Guizhou,941130596144.0818,0.004693939588083625,0.00487452507768384,0.03847205235846296,175040.35412239877,5376649.292459649,34726009.1975228
USA-3519,USA,United States of America,Washington,926085456350.4868,0.004618901142224198,0.00446614170381911,-0.033072679778447855,173340.4880377335,5342580.183280045,7443296.603867187
CHN-1178,CHN,China,Fujian,883811076002.831,0.004408055391072796,0.004503494352839769,0.021651035048301903,120151.45780013294,7355808.178982021,35430693.958702266
USA-3551,USA,United States of America,Tennessee,871074974508.485,0.004344533398219628,0.00434358517912258,-0.00021825568136646378,109187.22402369692,7977810.428804706,7009616.661797004
AUS-2654,AUS,Australia,New South Wales,858556374689.4773,0.004282096206698526,0.004560409588870418,0.06499465886276057,803119.9440949617,1069026.3403394707,7887547.200376572
USA-3513,USA,United States of America,Massachusetts,856057257079.381,0.0042696317228815405,0.0037083402729264194,-0.1314613264996799,20953.69679635635,40854712.435671076,6902163.559084719
USA-3547,USA,United States of America,Indiana,846284097484.8462,0.0042208875624967866,0.004337945451875609,0.027733003460906902,94022.12787795687,9000903.474375146,6811963.60769742
CHN-1828,CHN,China,Jilin,821104811887.8333,0.004095304518073706,0.004076042785503553,-0.004703370038820154,191045.78292839022,4297947.849472335,27835889.471154302
USA-3531,USA,United States of America,Missouri,783582133462.771,0.003908158136442982,0.004046739086547765,0.03545940191430241,180266.8706864759,4346789.459864726,6292794.579297711
CHN-1154,CHN,China,Chongqing,765471797210.2349,0.0038178318579885607,0.0036528130116093246,-0.04322318334526576,81490.3479821801,9393404.448065732,32116719.911876827
USA-3557,USA,United States of America,Maryland,757552205719.1593,0.0037783324684524896,0.0034213510535958994,-0.09448120773839708,25386.152233170906,29841159.020913024,6106897.534974031
DEU-1576,DEU,Germany,Niedersachsen,746295200131.1738,0.003722187546175801,0.004839191728320336,0.300093471456631,47252.567246029204,15793749.284466391,8008915.080405146
USA-3553,USA,United States of America,Wisconsin,738842446796.6476,0.003685016537114483,0.0038443945908114333,0.04325029537635405,169560.05461483286,4357408.638933139,5933619.418580632
USA-3522,USA,United States of America,Colorado,735835504594.8896,0.0036700192507678918,0.0036331934432736906,-0.010034227337226032,269196.89558154554,2733447.2153004054,5893862.93937506
USA-3514,USA,United States of America,Minnesota,723199867954.012,0.0036069983317878274,0.003617673879171208,0.002959676274119305,224476.31135929332,3221720.2054628804,5798835.818130089
AUS-2656,AUS,Australia,Victoria,686215217118.661,0.0034225353917678365,0.003318873697464569,-0.030287983157925247,228406.62358276043,3004357.7824266516,6556069.859100783
CAN-683,CAN,Canada,Québec,685432394288.5488,0.0034186310206977917,0.0038180798723664575,0.11684468117507829,1505081.8421128888,455412.0414650102,7776733.689181666
IND-2446,IND,India,Karnataka,683263510115.0315,0.0034078135939498437,0.003502113340772558,0.027671627048536873,192019.0963980704,3558310.2042026776,70426833.98081931
IND-3258,IND,India,Bihar,670617598100.6906,0.003344741425990648,0.003262728210764316,-0.024520046479240554,95032.40742975281,7056725.344945151,124612901.76102984
JPN-1852,JPN,Japan,Ōsaka,667630875236.5227,0.0033298449846803865,0.0016545106002960515,-0.5031268398655324,1872.799430572743,356488187.86342037,8068139.141254664
JPN-1857,JPN,Japan,Kanagawa,663681618682.5514,0.0033101478546984954,0.0025896025696375492,-0.2176776738350792,2440.0302058398324,271997296.2195848,8017456.499329597
IND-3264,IND,India,Gujarat,663479972959.0276,0.0033091421357809574,0.0032398206349836954,-0.020948480891076038,184392.79721855832,3598188.1232194426,69489599.28805427
USA-3545,USA,United States of America,South Carolina,656509111841.7557,0.003274374590133779,0.0033359931839014394,0.018818431450490447,80746.56283627654,8130489.878224385,5283329.909946313
JPN-1858,JPN,Japan,Saitama,649320930876.3619,0.00323852315002758,0.002980075591904585,-0.07980414100816113,3766.32302545442,172401816.43687323,7835479.53434819
AUS-2657,AUS,Australia,Queensland,630562687079.5187,0.0031449653977648467,0.0034547275612945958,0.0984946173811323,1730889.7890851786,364299.73245886894,5097165.485111045
CHN-1819,CHN,China,Shanghai,627832886762.1678,0.003131350371508475,0.0021167863092638167,-0.3240020891548808,6553.110289038167,95806854.92389569,30259484.206944764
BRA-1311,BRA,Brazil,São Paulo,625008869314.6395,0.003117265432235751,0.0030597948915973322,-0.01843620374579391,247930.85578502266,2520899.8990290095,45000030.45774847
JPN-1840,JPN,Japan,Aichi,623384895209.9232,0.003109165773834056,0.001524368714255931,-0.509717774753399,5088.805678416848,122501218.28268774,7515880.064777434
USA-3541,USA,United States of America,Alabama,622717114149.6412,0.003105835179793364,0.003379516099868449,0.08811830127228237,133877.43906070967,4651396.9681423055,5002408.638441673
KOR-2497,KOR,South Korea,Seoul,620994913710.729,0.003097245612254124,0.001451601653470945,-0.5313249786430423,510.4555325440304,1216550461.5373402,9215001.4296875
IND-3263,IND,India,Tamil Nadu,589943496307.2139,0.0029423749938578708,0.002924629840119038,-0.006030894694209699,130678.88410189164,4514451.591484581,81530957.2320726
USA-3535,USA,United States of America,Louisiana,586278845915.7825,0.0029240973524558133,0.0028385174432641156,-0.02926712037129109,120203.75980297572,4877375.274090792,4710695.525264112
DEU-1574,DEU,Germany,Hessen,574290206166.8032,0.0028643033653560765,0.00287852402114446,0.004964786886886063,21070.396767548034,27255785.095196072,6219903.517165065
USA-3548,USA,United States of America,Kentucky,570406462410.3485,0.0028449329839838355,0.0031595792064418606,0.11059881699477425,104768.08398959575,5444467.82540181,4584984.667579536
IND-3257,IND,India,West Bengal,564364540526.667,0.0028147985728467235,0.002785134584171929,-0.010538583101807553,86280.00720414458,6541081.286552755,100911274.62433311
IND-2441,IND,India,Andhra Pradesh,549453228810.3242,0.002740427601737756,0.0027579544683238037,0.00639566853542628,160533.46713847487,3422670.914696998,52893708.63556118
USA-3525,USA,United States of America,Oregon,548423690939.85675,0.002735292726102623,0.002980189427364556,0.08953217289137205,252036.42577199344,2175969.9585487386,4384780.512048123
JPN-1855,JPN,Japan,Chiba,533987615412.1848,0.0026632920211063843,0.0026097768214299565,-0.020093628206116376,5275.58962951606,101218565.67929612,6433237.859603882
IND-2444,IND,India,Odisha,514060110556.44434,0.0025639025162732328,0.002621515476250436,0.0224708075332547,155487.17125590626,3306125.5562388883,46551792.99793619
USA-3533,USA,United States of America,Oklahoma,508262430312.2376,0.0025349862734809665,0.002668818234487239,0.05279395884952809,180378.82646177206,2817749.955923759,4071882.299401956
PAK-1113,PAK,Pakistan,Punjab,506044199442.2799,0.0025239227274240603,0.002612541045799943,0.035111343708342346,204032.98214104216,2480207.8278327864,123682204.22090444
CHN-1155,CHN,China,Beijing,494189300592.22034,0.00246479578026815,0.0021415943349364064,-0.1311270685868271,16207.15767100736,30492040.03711675,23113336.48273786
JPN-1847,JPN,Japan,Hokkaidō,454664325792.3436,0.0022676628375168702,0.0020005327896263653,-0.11779972025427599,78697.49206385229,5777367.408651924,5070140.645065554
SAU-1097,SAU,Saudi Arabia,Ar Riyad,442042342239.3513,0.0022047100140487226,0.0022449161358118756,0.01823646715756455,376745.79512599,1173317.2551840295,10009013.385732088
USA-3537,USA,United States of America,Connecticut,438509495107.5931,0.0021870897485102843,0.0020972156422349353,-0.04109301245482311,12777.425488182484,34319080.593595274,3535296.638103485
JPN-1849,JPN,Japan,Hyōgo,428342947489.2199,0.0021363835441476397,0.0020693025448747177,-0.031399324085172875,8470.522072965588,50568659.61737044,5137040.373609066
AUS-2651,AUS,Australia,Western Australia,426417418251.84753,0.0021267798632638754,0.002466831713504225,0.15989047861234074,2526995.9022883773,168744.8000472402,2618893.9013790563
CAN-633,CAN,Canada,British Columbia,415026504020.3241,0.002069967064408033,0.0022997929847248556,0.11102878121519688,943600.2538881615,439832.9719711101,4707868.838804659
IDN-1223,IDN,Indonesia,Jawa Barat,411669827679.4468,0.0020532254601871285,0.002067282402398288,0.0068462730877487665,37378.91194530268,11013424.582338072,49351157.323362745
USA-3526,USA,United States of America,Utah,411209743799.01166,0.0020509307670286427,0.002100077234243142,0.023963006457649483,219777.48016749887,1871027.657090329,3282923.350784637
SAU-888,SAU,Saudi Arabia,Makkah,409158612999.31335,0.0020407006415811353,0.001939942281973242,-0.049374395026320905,138094.55086080084,2962887.4597068266,9523884.21718156
JPN-1829,JPN,Japan,Fukuoka,407288354706.392,0.0020313726275126807,0.0013741513586462623,-0.32353555421840785,5205.005350963681,78249363.30391757,4900512.862947464
CAN-632,CAN,Canada,Alberta,406768399443.3448,0.00202877932260553,0.0020432109254844375,0.007113441426627398,663910.2514898397,612685.8239205391,4621238.909732747
IND-3260,IND,India,Chhattisgarh,405554198219.9346,0.002022723428541714,0.002121070683602141,0.04862120726575592,134121.43951362904,3023783.5180610577,29564849.45712873
EGY-1550,EGY,Egypt,Al Wadi at Jadid,403839267637.5317,0.0020141701198037585,0.0022026665112912015,0.09358513942496982,453462.57402770506,890568.0220764116,667697.5342485043
ESP-5833,ESP,Spain,Madrid,401960836459.1435,0.002004801343028408,0.0014649778270449747,-0.26926534035935346,7954.214334510857,50534323.00851647,7266019.223542511
USA-3523,USA,United States of America,Nevada,398605148009.7054,0.0019880646659693178,0.0024048341008609136,0.20963575381910027,287095.1483679422,1388407.8162785654,3170791.1802544584
IND-20011,IND,India,Telangana,398422684916.5912,0.0019871546214551535,0.002042780826107135,0.027992891972969725,114760.45263397701,3471776.8688778295,39317508.856538534
USA-3529,USA,United States of America,Iowa,395848919889.0739,0.0019743178296192637,0.0021339238954549643,0.08084112063480675,145419.22177971946,2722122.39238018,3170555.8897388205
BGD-1806,BGD,Bangladesh,Dhaka,392810526926.4466,0.0019591636809072103,0.0018754831664841017,-0.04271236509670262,30956.232678498152,12689222.587452909,58588462.01564026
DEU-1580,DEU,Germany,Rheinland-Pfalz,390931166589.8841,0.0019497902699053705,0.0023964361134258864,0.22907378830144287,19770.028135700555,19773930.715047583,4212916.026836753
USA-3528,USA,United States of America,Arkansas,385982411126.3242,0.0019251080852252407,0.0020613104181067777,0.07075048612951051,137434.23656226075,2808488.050584584,3092195.085694275
USA-3544,USA,United States of America,Mississippi,383552833045.087,0.0019129904335575716,0.002055747255995812,0.07462495365058186,123867.80277062162,3096469.174926353,3074729.3693082123
DEU-1601,DEU,Germany,Sachsen,381877075242.2426,0.0019046325011696133,0.001536164520385933,-0.19345883290209964,18147.87953565182,21042517.639156606,4120676.79122448
NLD-3485,NLD,Netherlands,Zuid-Holland,380658354245.69415,0.0018985540644935923,0.00144688661509085,-0.23790075713393866,3236.5068813075445,117613948.6815825,3619359.874298096
USA-3530,USA,United States of America,Kansas,362952442581.95245,0.001810244875479802,0.0019285935016679903,0.06537713642571163,212880.5120896117,1704958.5188388133,2894729.3703777073
PAK-1108,PAK,Pakistan,Baluchistan,344683013115.19763,0.0017191251110421648,0.0017723754892258517,0.030975277972296933,347964.52781564416,990569.3987802541,8139121.6740744095
ESP-5809,ESP,Spain,Barcelona,337062426659.54224,0.001681117025240714,0.0012621670274143174,-0.24920930044498746,7780.780224811236,43319874.989493035,6086611.353554726
CHN-1816,CHN,China,Tianjin,333600549963.94226,0.0016638507285788922,0.001324921921357503,-0.20370145073703272,11321.773552337258,29465396.779206384,15570064.054139258
IDN-1233,IDN,Indonesia,Jawa Timur,328608805454.57227,0.001638954133715087,0.0014448579227882062,-0.11842687170684552,47116.07719656501,6974451.715995776,37750174.29592653
DEU-1599,DEU,Germany,Berlin,323440661547.42786,0.0016131777373445406,0.0004894110878861083,-0.6966167604744347,826.5052426331339,391335281.21006185,3542920.8291015625
BRA-601,BRA,Brazil,Minas Gerais,320116925064.0662,0.0015966004224389051,0.0017674132498057822,0.10698533268953425,587061.9459833704,545286.4510368623,21441252.852694765
IND-3256,IND,India,Jharkhand,312730347884.7091,0.0015597594705192934,0.0017022313825146628,0.09134223236864591,78419.13828206822,3987934.0010067397,38078508.740762234
IND-2477,IND,India,Assam,306137744106.5376,0.001526878503744124,0.0015070143777513223,-0.013009631050599046,79834.20950004496,3834668.6968368515,35363960.57632336
NLD-3486,NLD,Netherlands,Noord-Holland,302833515577.97595,0.001510398485814799,0.001198889180137698,-0.2062431263025627,3496.071255930154,86621093.62453626,2869787.1219246387
MEX-2731,MEX,Mexico,México,299537476296.20795,0.0014939593121953698,0.0015576512104438327,0.04263295374146958,21950.01189941374,13646346.875292959,17084231.278879523
IDN-1224,IDN,Indonesia,Jawa Tengah,278061626367.6565,0.0013868473528345908,0.0013318556722800184,-0.03965229514421642,34174.953753314025,8136415.585952101,32495278.164925456
USA-3524,USA,United States of America,New Mexico,277256299062.73895,0.0013828307394831549,0.0016655372985695392,0.2044404647759337,315060.33538389124,880010.1692423794,2187574.7578333225
ARG-1295,ARG,Argentina,Buenos Aires,277192351177.8739,0.0013825117959597247,0.0016349199807452629,0.18257217444594698,306122.16136032756,905495.8646120324,15579229.534887629
ITA-5422,ITA,Italy,Roma,273442260553.11697,0.0013638080167875587,0.0009272167803050139,-0.3201266095435725,5355.442725594826,51058759.20328247,4223932.32109642
NLD-3483,NLD,Netherlands,Noord-Brabant,271413889148.68777,0.0013536914050509986,0.0014623384652870251,0.08025984344041359,5052.007758100189,53723965.232142314,2550920.6376571655
IDN-558,IDN,Indonesia,Papua,269121010896.83145,0.001342255551152358,0.0014291779659249464,0.06475846920354589,312017.47146267915,862519.0430370544,5391042.681537028
PAK-1114,PAK,Pakistan,Sind,262752598907.70193,0.00131049275301204,0.0013734313686983035,0.04802667969098273,141068.51789901833,1862588.4982770516,51553206.206958175
BGD-2476,BGD,Bangladesh,Chittagong,261612941085.2542,0.0013048086481794335,0.0010845290465358948,-0.16882138384880363,28757.409775805227,9097235.916753523,30037096.255801786
DEU-1579,DEU,Germany,Schleswig-Holstein,259749579575.03284,0.0012955150321865257,0.0013781965468666556,0.06382134720627897,15376.131489542151,16893038.392114278,2791634.345478058
USA-3532,USA,United States of America,Nebraska,255654091660.35297,0.0012750885654092298,0.0013304316920217836,0.043403358883382204,201359.26297640853,1269641.57437498,2031040.634443252
ISR-3055,ISR,Israel,HaMerkaz,247521309309.86417,0.0012345258749679312,0.0009078292839059762,-0.2646332472135843,1248.605629036145,198238181.49925932,2685380.0098876953
ARE-349,ARE,United Arab Emirates,Abu Dhabi,245635628163.7148,0.0012251209385874989,0.0013049401601568035,0.06515211605258497,59152.70661934298,4152567.8570284015,2831440.4999440024
CHE-176,CHE,Switzerland,Zürich,243492362301.6631,0.0012144312845491633,0.000885612002423167,-0.27075989091310737,1683.0051070543802,144677138.10317957,1458893.2305297852
SWE-194,SWE,Sweden,Stockholm,241265425243.479,0.0012033243159090953,0.0008205631454807655,-0.3180864587940774,5630.230923302689,42851781.48642488,2248623.373987496
RUS-2365,RUS,Russia,Moskva,241168777170.43143,0.001202842278434117,0.000736095810724922,-0.3880363004173868,2647.5696212211583,91090627.13115561,12349721.146932304
KOR-2505,KOR,South Korea,South Gyeongsang,240956940985.5724,0.001201785734041264,0.0015738862060331374,0.3096229730907232,9785.243137289679,24624522.620938446,3414585.484392643
DEU-3487,DEU,Germany,Brandenburg,240714237984.64423,0.0012005752397391228,0.0025160995052525164,1.0957449578913927,29976.229690002754,8030170.587628097,2529747.449372369
JPN-1856,JPN,Japan,Ibaraki,240480057442.12024,0.0011994072516577493,0.0013107778064117383,0.09285466183405111,6393.086394579028,37615643.305873916,2875111.745512724
AUS-2655,AUS,Australia,South Australia,239853295585.2058,0.0011962812431053494,0.0014638314941174816,0.22365163088039042,984304.6649080779,243677.90191018264,1740251.4691907875
ARE-350,ARE,United Arab Emirates,Dubay,234354993048.99255,0.0011688581627722554,0.0009015909156451869,-0.22865669731319127,3827.641916797461,61226989.91787466,2816978.742784516
USA-3518,USA,United States of America,Idaho,232880324707.30023,0.0011615031749132659,0.0012502109775631301,0.07637327608380273,216194.44084447253,1077179.9857464018,1844960.3836542657
NLD-896,NLD,Netherlands,Gelderland,231695113702.4249,0.0011555918711273617,0.00128161078400298,0.10905140129852064,5236.915537813896,44242667.65989202,2170563.6159973145
IND-2442,IND,India,Kerala,231008159099.7816,0.0011521656480104267,0.0010410236005435852,-0.0964636010965636,37874.03033663764,6099381.477136185,39897996.06358215
BRA-624,BRA,Brazil,Bahia,227415099394.76776,0.0011342450690165944,0.0012396098613812216,0.0928942035921565,559258.1956898549,406637.04376159783,14729867.156724593
IND-3249,IND,India,Punjab,226300422497.3039,0.0011286855578941583,0.0011118809272224247,-0.014888673425649923,50060.6498956048,4520525.062483707,31127721.986167908
BRA-627,BRA,Brazil,Rio de Janeiro,225932439860.86127,0.0011268502246556023,0.000996292591380867,-0.11586067998933702,43894.456864418295,5147174.745975875,16427598.33732515
CHN-1775,CHN,China,Hainan,225837463199.22168,0.0011263765234351332,0.0009983205193028679,-0.11368845272247896,33999.82202683786,6642313.098608464,8860699.530435443
USA-3554,USA,United States of America,West Virginia,224955544660.1898,0.0011219779071742367,0.0017747798700112163,0.5818313878221519,62984.1940614034,3571619.0071572596,1804877.1681754475
SAU-1098,SAU,Saudi Arabia,Ash Sharqiyah,224825093031.71735,0.001121327272644103,0.00142644181947471,0.27210124490341103,553381.6479086416,406274.93499537586,4645059.471709316
TUR-2265,TUR,Turkey,Istanbul,223921390747.8066,0.0011168200087811812,0.0006343336585213775,-0.43201800331850737,4703.678239269057,47605592.76320814,12686114.338693276
KOR-2509,KOR,South Korea,North Gyeongsang,220449812333.3245,0.0010995053242733794,0.0019546113587130334,0.7777188664409247,18839.426284639478,11701514.101470588,2971983.538668871
SGP-4875,SGP,Singapore,South East,219061283275.3592,0.0010925799607360643,0.00031721131602001286,-0.7096676422599683,72.37098144659706,3026921549.170999,1593845.71875
JPN-1821,JPN,Japan,Hiroshima,217198157176.023,0.0010832875188676384,0.0008735103381034149,-0.19364866400704384,8246.208702255264,26339153.545388836,2582637.8806214333
CHN-1803,CHN,China,Ningxia,216249529276.32944,0.0010785561860738944,0.0010186329659970475,-0.055558737551704485,51958.50247201286,4161966.1650720397,7213309.682381783
JPN-1850,JPN,Japan,Kyōto,213593629562.8507,0.0010653097430635887,0.0011010648662401015,0.0335631241611376,4763.062127186064,44843763.079159796,2559228.837646961
DNK-3419,DNK,Denmark,Hovedstaden,208053430392.29355,0.0010376777010079024,0.0004342824770737436,-0.5814861621754785,2332.5669560091696,89195051.76745531,1583893.1031723022
DEU-1600,DEU,Germany,Sachsen-Anhalt,207626693658.5243,0.0010355493285412799,0.0010996475904354527,0.06189783540728522,20629.291084884804,10064654.805838361,2201118.822940115
JPN-1866,JPN,Japan,Miyagi,206654450616.98425,0.0010307002139543974,0.0007794818173055678,-0.24373565974630196,7476.79834721014,27639430.81253414,2459438.2578366194
ITA-5450,ITA,Italy,Milano,206378416562.1167,0.0010293234792237336,0.0006210755814750783,-0.39661768723719026,1516.3566241412998,136101503.6149475,3207719.30002594
IND-2430,IND,India,Haryana,206252546924.15033,0.0010286956976182807,0.0011791173733838758,0.14622562932251348,44322.067554474364,4653495.61300709,29537916.370524406
JPN-1845,JPN,Japan,Shizuoka,205802510792.3689,0.0010264511181479162,0.0013885666917025255,0.3527840412001255,7429.62884151377,27700241.18061288,2448219.0798740126
SGP-4872,SGP,Singapore,South West,204971435841.15417,0.0010223060870224229,0.0005189872618642275,-0.4923367194498136,163.92320647463404,1250411337.414096,1490488.9052734375
CHL-2698,CHL,Chile,Región Metropolitana de Santiago,202272497004.8372,0.0010088449840665635,0.0008545032396817016,-0.15298856298291164,15751.646721641122,12841355.610581074,7713183.302972852
PRI-5260,PRI,Puerto Rico,Puerto Rico,198445755943.899,0.0009897589067114363,0.0007627594981210215,-0.22934818474596086,8856.286057086267,22407333.578065112,3113922.169590831
DEU-1577,DEU,Germany,Thüringen,197051279092.9175,0.0009828038782357857,0.0011219835841578016,0.14161493356319976,16132.702517389356,12214399.842835816,2101917.1023750007
KOR-2507,KOR,South Korea,Busan,190848116015.64984,0.0009518652679525561,0.0003129107375263993,-0.6712657262939489,251.91039143572903,757603189.4831212,2830314.405029297
FRA-5330,FRA,France,Nord,190613476123.91577,0.000950694988842232,0.0007184584613256443,-0.2442807948313772,5441.80473074292,35027621.45195406,2417380.142665863
JPN-1867,JPN,Japan,Niigata,188657694357.8961,0.000940940421840814,0.0007752862498331316,-0.17605171184335344,12323.697743697912,15308529.816415839,2214576.199147625
FRA-5333,FRA,France,Paris,186501766634.25348,0.0009301876160851463,9.688010417887781e-05,-0.8958488561838586,59.71721486546089,3123082130.578765,2382883.03125
POL-3148,POL,Poland,Masovian,185823247361.44156,0.000926803464630525,0.0008814718841135021,-0.04891175124716929,34919.270931377614,5321509.940073384,5474554.159151942
SGP-4871,SGP,Singapore,Central Singapore,184725216781.1686,0.0009213269779125429,0.0003601580881029694,-0.6090876564594014,93.01760720201132,1985916670.3782325,1343741.84375
IND-3299,IND,India,Arunachal Pradesh,183288656562.23505,0.000914162056370362,0.0008928837918632864,-0.023276249937084326,80587.62474466396,2274402.0206945157,1623444.736312654
SWE-3428,SWE,Sweden,Västra Götaland,182856261078.33652,0.0009120054605823858,0.0008498101472189633,-0.06819620720659514,29189.914616512357,6264364.369702442,1689993.1877739197
JPN-1841,JPN,Japan,Gifu,182224070614.6444,0.0009088523765610063,0.0011870884812538052,0.30614004195666267,10862.333154389122,16775776.255860232,2146405.1846510987
JPN-1844,JPN,Japan,Nagano,179035217191.73044,0.0008929477981913956,0.0011959456605603292,0.33932315302488547,13692.73916275636,13075193.725934563,2091338.5321555077
BGD-3255,BGD,Bangladesh,Rajshahi,178282518560.10303,0.0008891936731853998,0.000906513758870525,0.019478417590488073,18905.582769839584,9430151.967836736,21552799.748077393
AUT-2331,AUT,Austria,Wien,177777859071.6703,0.0008866766567787907,0.0002331138417798672,-0.7370926143169858,351.1771782260054,506234089.49786204,1897433.926612854
IDN-1185,IDN,Indonesia,Kalimantan Timur,176723475652.33655,0.000881417862629172,0.0009501695485828826,0.0780012396715355,195151.0410830537,905572.8048979528,4429841.950102534
ZAF-1208,ZAF,South Africa,Gauteng,175353099339.16595,0.0008745830368852019,0.0007367121536791533,-0.15764184461783193,18285.101182460945,9589944.162155608,15483491.996969923
BRA-594,BRA,Brazil,Pará,174601857206.28497,0.0008708361762452291,0.0009809425905721915,0.12643757497731256,1230045.777171862,141947.44654766584,8507372.626925567
CHE-3424,CHE,Switzerland,Bern,174012981647.27686,0.0008678991276462269,0.000963719772053419,0.11040527793484589,6187.121085692867,28125032.504966717,1033860.5498565437
DNK-3416,DNK,Denmark,Midtjylland,173671649969.74234,0.0008661967175020762,0.0007037910342214163,-0.18749284082835438,12963.265913625275,13397214.18405848,1282885.189813869
BGD-2432,BGD,Bangladesh,Khulna,172347502280.63373,0.0008595924595129705,0.0008628615128175278,0.0038030269674649286,21598.607024359637,7979565.630610085,17186461.510234445
USA-3538,USA,United States of America,New Hampshire,172340284157.03397,0.000859556458732361,0.0009436007519008804,0.09777635001715246,24298.93861670398,7092502.552295059,1386427.0450489926
EGY-1556,EGY,Egypt,Al Bahr al Ahmar,171330353429.1403,0.000854519374777908,0.001044380524612624,0.22218472212413154,191172.2736911451,896209.2154950195,380440.8749199287
DEU-1578,DEU,Germany,Hamburg,167612362820.56827,0.0008359756961670943,0.00037533585463193333,-0.5510206141723629,694.8365165695112,241225610.37535852,1834861.2204589844
JPN-1864,JPN,Japan,Fukushima,167172249118.70276,0.0008337806053508902,0.0009455760569902057,0.1340825763058704,14069.208573566126,11882135.959857306,1946213.8626500368
USA-3561,USA,United States of America,Maine,166709688436.36035,0.0008314735590093582,0.0008542446326261186,0.027386407384848654,84075.77223335949,1982850.5169556264,1331690.2003491288
AUT-2330,AUT,Austria,Niederösterreich,165070505854.69592,0.0008232980475089396,0.0015460131003211463,0.8778291834882062,19164.9071299429,8613164.923548874,1726196.3171810508
JPN-1859,JPN,Japan,Tochigi,165021285436.18127,0.0008230525580179438,0.0009157530403666965,0.11263008837733501,6290.599751871391,26232997.16169179,1961264.6661415696
BRA-612,BRA,Brazil,Rio Grande do Sul,164345874519.96463,0.0008196839096594245,0.0008774663536733759,0.07049356871962975,272888.09919946844,602246.3969740047,11108464.01467876
RUS-2364,RUS,Russia,Moskovskaya,164031890594.0991,0.0008181178979011407,0.0011529383402817564,0.40925695824475716,44231.54113585102,3708482.3721221467,8374577.026456417
BRA-613,BRA,Brazil,Paraná,162880073068.6622,0.0008123731458943013,0.000878634692991968,0.08156540800560652,198718.49654179445,819652.3016386916,11258584.70706049
IDN-381,IDN,Indonesia,Sumatera Utara,162577445741.79608,0.0008108637757858033,0.0007829905171476246,-0.03437477350762996,72807.72813241894,2232969.6299012187,14040545.40788246
ETH-3131,ETH,Ethiopia,Oromiya,162164888796.9134,0.0008088061257807372,0.0008855622504994296,0.09490052346549671,325899.0835040637,497592.34378114267,43929326.08745953
BEL-3480,BEL,Belgium,Antwerp,162062364201.29593,0.0008082947788326168,0.0007982081045282855,-0.012478955163979899,3000.648713885845,54009109.24738834,1827778.3123779297
USA-3517,USA,United States of America,Hawaii,160568976745.327,0.0008008464283819563,0.0005012624349696986,-0.37408419741290755,16035.49803920382,10013345.164133076,1292625.0677591756
THA-416,THA,Thailand,Bangkok Metropolis,160222460986.52484,0.0007991181623529905,0.0005473503360792533,-0.31505706932302835,1666.1858182315411,96161219.9752018,11673051.369110107
KOR-2506,KOR,South Korea,South Jeolla,160145069667.3649,0.0007987321689762293,0.0006697764629579374,-0.16145049745971818,10891.573981667596,14703574.518881915,2192446.0497766137
MEX-2734,MEX,Mexico,Veracruz,159933671265.32083,0.0007976778080487684,0.000788439221786688,-0.011581851931770859,71483.72828454207,2237343.729872376,8492659.969565252
IND-3254,IND,India,Uttarakhand,158560665379.98312,0.0007908298671718449,0.0008288261660325299,0.048046110090109284,52574.29810575223,3015934.992817998,11529752.149630442
FIN-3193,FIN,Finland,Uusimaa,156452528605.65277,0.0007803154213524581,0.0005377632568344697,-0.31083861459202244,9013.632858622295,17357322.07641371,1585813.96751225
JPN-3503,JPN,Japan,Gunma,154351341500.4889,0.0007698356373827213,0.0010081656389831146,0.30958556609650456,6385.00143016463,24174049.636275355,1832956.3127831744
MYS-1148,MYS,Malaysia,Selangor,154036996362.7951,0.00076826782406097,0.0005733206731440762,-0.25374894641093637,7831.072306690749,19669974.983015828,7240247.979658879
FRA-5344,FRA,France,Seine-Saint-Denis,153618888787.78024,0.0007661824899888648,0.00037587920925998854,-0.5094129477359222,273.759192602141,561146047.1065797,1962324.8466796875
JPN-1822,JPN,Japan,Okayama,153492178681.29443,0.0007655505165013585,0.0007935049354507317,0.03651544652745797,6818.447544981019,22511308.867409013,1819283.5016274452
MEX-2719,MEX,Mexico,Jalisco,153276965394.86206,0.0007644771286323365,0.0007691136483248109,0.006064955403923156,80096.63469107625,1913650.5046190037,8012016.559493421
ITA-5397,ITA,Italy,Napoli,152282820477.24255,0.000759518777257697,0.0003070351475552443,-0.5957504188852063,1042.0531408404374,146137288.50183523,2366867.0965636373
MYS-1187,MYS,Malaysia,Sarawak,151045034438.16684,0.0007533452526542048,0.0007808632613693384,0.03652775220681548,122950.10865284689,1228506.717831757,2653569.6836724044
FRA-5274,FRA,France,Bouches-du-Rhône,150660802082.508,0.0007514288730649756,0.0005166616411691728,-0.3124277497326119,5143.261811620565,29292851.0351366,1908097.9159346416
IND-2429,IND,India,Himachal Pradesh,150397685860.44412,0.0007501165667218679,0.0007905533304503655,0.053907306573980796,55311.64773920469,2719096.1037641047,7694447.941955821
PAK-1123,PAK,Pakistan,K.P.,150030388572.52176,0.0007482846516960062,0.0007303527374416903,-0.023964027878525584,74999.04216410058,2000430.7287585074,31384929.246078864
ITA-5434,ITA,Italy,Turin,149469612579.11246,0.0007454877511953791,0.0004122680691080303,-0.4469821020573923,7017.954815834267,21298172.54478064,2276891.2648666753
DNK-3417,DNK,Denmark,Syddanmark,148506231057.6995,0.0007406828339178876,0.0005712755129401815,-0.22871776315054526,11359.064274026887,13073808.499989476,1094867.6128774844
IND-2431,IND,India,Jammu and Kashmir,148478790799.05902,0.000740545974148513,0.0007071743218352447,-0.04506357941063588,42533.02989736577,3490905.5658001658,14791789.37864939
QAT-1100,QAT,Qatar,Ar Rayyān,148014348612.81818,0.0007382295437048487,0.0006948823774313339,-0.05871773440002748,6234.1458518144145,23742522.573439535,1410935.67776486
IDN-1228,IDN,Indonesia,Kalimantan Barat,145229496706.83032,0.0007243399446821162,0.0007661638781013658,0.05774075242751442,147920.49093801566,981807.8332885404,4823255.261893038
KOR-2502,KOR,South Korea,South Chungcheong,144499040127.21262,0.0007206967531096696,0.0009309721927134756,0.29176687517531796,7710.9806743429135,18739385.589178126,2024280.3489837649
EGY-1540,EGY,Egypt,Matruh,144307937255.70837,0.000719743617234983,0.0008116346061718157,0.12767183582655117,159007.32449282578,907555.2822236146,611574.9789803477
POL-3146,POL,Poland,Silesian,144095910602.5913,0.0007186861228714241,0.0006213871187078033,-0.13538455949987505,12212.46113993942,11799088.566295827,4524471.247716352
USA-3515,USA,United States of America,Montana,143075755115.38818,0.0007135980423786608,0.0007575034450303962,0.06152679806321215,379617.2502984078,376894.76703948475,1095192.5743055963
FRA-5338,FRA,France,Rhône,143070051040.93298,0.0007135695929997878,0.00046928923573183386,-0.3423357156251844,3233.9546539201147,44239968.197299,1817419.8986968992
JPN-1830,JPN,Japan,Kumamoto,142624824200.89917,0.0007113490001313012,0.0006323082713885451,-0.11111385371760796,6959.22135453584,20494365.236412548,1686042.744846886
IND-20012,IND,India,Ladakh,142519479094.59927,0.0007108235857340879,0.0007176440041967749,0.00959509307171258,64528.39758565543,2208631.926825983,320348.08947032865
DEU-3488,DEU,Germany,Mecklenburg-Vorpommern,141941960384.5157,0.0007079431800313864,0.0006476630106156944,-0.08514831573491466,22913.32265240747,6194734.938173711,1471700.7138745189
CHE-3422,CHE,Switzerland,Vaud,141716479746.9708,0.0007068185831951401,0.0005826462730193351,-0.17567776672550095,3328.705443974996,42574052.325200364,844800.9027023315
ISR-3056,ISR,Israel,HaZafon,141321454125.08667,0.0007048483716087075,0.0005598540998832937,-0.20570987685548126,4512.289388504178,31319235.527120013,1448566.143655777
AUT-2326,AUT,Austria,Oberösterreich,140942986228.18594,0.0007029607425683176,0.0006873593228453405,-0.022193870550972883,11980.43988589751,11764424.97692373,1482298.9375562072
BGD-5492,BGD,Bangladesh,Rangpur,140911819466.96472,0.0007028052966664118,0.0006719427794171677,-0.04391332477947041,15352.2280677292,9178590.810747867,16530291.92288208
SWE-3429,SWE,Sweden,Skåne,140816005598.72003,0.0007023274198328631,0.0006125370117731443,-0.12784693509629275,11534.969987856519,12207747.895916902,1307923.5627221093
KOR-2495,KOR,South Korea,Incheon,140571896344.9669,0.0007011099117689408,0.00027842889486655726,-0.6028741140400297,250.41498707412032,561355763.8359681,2082117.6373291016
BEL-3478,BEL,Belgium,East Flanders,137361289380.3254,0.0006850968364371507,0.0006028969790867607,-0.11998283013226385,3166.659512737111,43377347.27330908,1544616.9958343506
NLD-3484,NLD,Netherlands,Utrecht,135635101544.25572,0.0006764873815396123,0.0005919911801002649,-0.12490432747916624,1501.463237005471,90335279.7466872,1287026.5846557615
GRC-2884,GRC,Greece,Attiki,135082248163.51495,0.0006737299954968068,0.0003392726129530254,-0.49642643904722306,3421.522774729504,39480154.61454708,3547067.714310169
KOR-2504,KOR,South Korea,Daegu,134895236273.32024,0.0006727972636119612,0.00010637737346957328,-0.8418879219298863,326.2292933528224,413498232.7519828,1996197.4563598633
NZL-3398,NZL,New Zealand,Auckland,134580307211.56207,0.0006712265379374573,0.0003470214635941437,-0.48300395770931515,4497.358324486229,29924301.668121208,1424923.066137731
NOR-921,NOR,Norway,Oslo,134543488496.47382,0.0006710429026109222,0.0002565601889537856,-0.6176694694846628,728.2828141791572,184740715.9375536,817530.8113898635
BRA-592,BRA,Brazil,Amazonas,134251417403.87672,0.0006695861822899663,0.0006922238536081684,0.033808450528028944,1566173.9696303117,85719.35174964386,4372039.621546332
ISR-3053,ISR,Israel,HaDarom,134220197339.47871,0.0006694304705355926,0.0007339481209639901,0.09637692526421571,14634.385074973221,9171563.8649562,1159153.3298729714
ESP-5849,ESP,Spain,Valencia,133723413383.77625,0.0006669527337730748,0.0005634678640341335,-0.15516072503895184,10512.393140910372,12720549.126285417,2368496.911968369
BRA-621,BRA,Brazil,Ceará,133597707796.27328,0.0006663257703781527,0.0006866938999875352,0.030567825101261104,150217.05512942886,889364.4445443553,9279067.801116426
BRA-1313,BRA,Brazil,Pernambuco,133558047020.48788,0.0006661279601206647,0.0006528807195170235,-0.01988693073511205,98303.62277336435,1358627.9249178986,9460278.162688442
ZAF-1216,ZAF,South Africa,KwaZulu-Natal,133191781232.25768,0.0006643011897551295,0.0006484933022721064,-0.023796265499464342,94204.99730401373,1413850.4861098581,10642972.715846824
JPN-1843,JPN,Japan,Mie,132948092954.70692,0.000663085781332713,0.001071787700831217,0.616363570150861,6049.363537159012,21977203.40959107,1576807.3034025503
ARE-348,ARE,United Arab Emirates,Sharjah,130959097569.00624,0.0006531655596124675,0.0005099151834289455,-0.21931709973886937,2800.431837485744,46763893.98807244,1573224.332250774
KOR-2496,KOR,South Korea,Gangwon,130853765589.5166,0.0006526402106859281,0.000974879022284663,0.49374648745602157,19062.905668161697,6864313.755067503,1632202.3823304996
IDN-1931,IDN,Indonesia,Kalimantan Tengah,130317891217.13892,0.0006499675083627344,0.0006922949512016429,0.0651223981111475,152103.0424253799,856773.7314069273,2548567.571944164
BEL-2,BEL,Belgium,Hainaut,129279894888.07732,0.0006447904457093363,0.000651818704853747,0.010900067132165514,4005.302578595795,32277185.643587783,1445219.845336914
ISR-3058,ISR,Israel,Jerusalem,128849476272.427,0.0006426437096583283,0.00025162577874020595,-0.6084521252468389,555.4955798221074,231954098.20126727,1398243.8155212402
JPN-1853,JPN,Japan,Shiga,127869157301.6408,0.0006377543159389275,0.0009042751786433224,0.41790522783371875,3671.758101355252,34825049.4101025,1525264.405791968
MEX-2727,MEX,Mexico,Distrito Federal,126931905607.30405,0.0006330797225827339,0.000336657447507872,-0.46822266533125934,1299.1595166123282,97703094.95041077,7323135.865871936
USA-3539,USA,United States of America,Rhode Island,126723422688.83595,0.0006320399027867926,0.0004905347602975949,-0.223886406325412,2696.6930133464325,46992157.45420717,1021784.110748291
CHE-162,CHE,Switzerland,Aargau,125065573937.78651,0.0006237712927602044,0.0005479278971780254,-0.12158846754003383,1311.5800992405218,95354888.35962552,748341.1784667969
USA-3555,USA,United States of America,Delaware,124933105985.05318,0.0006231106017041118,0.000605641354776748,-0.028035547589124854,5120.872045666726,24396841.95795741,1006979.0800005198
KOR-2499,KOR,South Korea,North Jeolla,124710402409.38872,0.0006219998556137158,0.0006676517717206229,0.07339538055336559,8502.017250336286,14668330.907521501,1718444.8763137944
IDN-1230,IDN,Indonesia,Sumatera Selatan,123965806525.42513,0.0006182861434985422,0.0006456667497591353,0.04428468363476723,84782.50395355256,1462162.60129966,8008571.917522332
FRA-5295,FRA,France,Gironde,123843755154.94604,0.0006176774057080391,0.0005140005988397804,-0.16784944035538207,10412.502455853972,11893755.192856673,1548897.4559188485
MYS-1186,MYS,Malaysia,Sabah,123523653738.08582,0.0006160808826336029,0.00061310147148155,-0.0048360714250970105,73099.57835941562,1689799.8115768242,3190335.1816775836
KOR-2494,KOR,South Korea,North Chungcheong,123287094972.6646,0.0006149010330373107,0.0009575082571889811,0.5571745789063942,7606.337830003128,16208469.532652074,1706848.0831247568
POL-3144,POL,Poland,Greater Poland,122711574991.64568,0.000612030596103578,0.0006207537617931729,0.014252826157924003,29434.186360903717,4169015.3580952617,3493158.521131672
NLD-899,NLD,Netherlands,Overijssel,122566603102.55785,0.0006113075409907842,0.0005616421514502892,-0.08124452294502904,3249.536145180159,37718184.26588468,1141832.8506247995
CAN-630,CAN,Canada,Manitoba,122266806213.14084,0.000609812287841663,0.0007208794611627691,0.18213338028036685,652667.8900797764,187333.8769556995,1376918.8129664324
IDN-492,IDN,Indonesia,Riau,121978000216.12634,0.0006083718523609586,0.0006151512344162712,0.011143484086259425,87499.76587542272,1394038.0182250065,7421450.209074388
HKG-5158,HKG,Hong Kong S.A.R.,Kowloon City,121005031386.58292,0.0006035191178672795,1.2938285823181367e-05,-0.9785619287937344,16.665335177669363,7260881950.260625,1046391.0
PER-587,PER,Peru,Lima Province,120516420301.16866,0.0006010821437359534,0.0003107427313353905,-0.4830278447401438,2763.7685239769694,43605829.95849074,10066121.189302623
AUT-2323,AUT,Austria,Steiermark,119349820616.98804,0.0005952636649154191,0.0005966976967762419,0.0024090700396210973,16326.547506536534,7310168.9484077925,1243075.0676553622
TUR-3008,TUR,Turkey,Ankara,118922934641.92387,0.0005931345480997922,0.0005027364196987248,-0.15240745744902773,25903.144777999813,4591061.651438095,5877068.773657432
BRA-1294,BRA,Brazil,Goiás,118011762462.22884,0.0005885900277289167,0.0006640696713309845,0.1282380605279827,341068.68218845443,346005.8593037941,7466510.809137731
GBR-2317,GBR,United Kingdom,Essex,117862933563.19002,0.0005878477355710467,0.0009041485621651668,0.5380659096812872,3278.897763516475,35945900.74586136,1459015.8439655304
MEX-2724,MEX,Mexico,Puebla,117302482202.54272,0.0005850524541938223,0.0006226197328199004,0.0642118127302691,34457.31558316651,3404283.8281879593,6414110.140291579
MEX-2735,MEX,Mexico,Chiapas,116656303895.68788,0.0005818296050505325,0.000609556342987915,0.047654395198701405,73830.64924723288,1580052.5267636066,5965217.998706625
USA-3563,USA,United States of America,Alaska,116186021881.9245,0.000579484048152253,0.00162565503364353,1.805349066686314,1503736.947753129,77264.85809604444,703431.9291635301
MEX-2728,MEX,Mexico,Guanajuato,115964556332.53432,0.0005783794767846464,0.0005376394918192942,-0.07043815799245823,30713.69351672278,3775663.004170916,6381022.56489823
JPN-3501,JPN,Japan,Kagoshima,114840417855.40254,0.0005727727755235081,0.0003828255027371836,-0.3316276207658696,7785.627837443329,14750309.191906383,1347397.4276555404
FRA-5342,FRA,France,Seien-et-Marne,114736633572.61934,0.0005722551458177341,0.0009294258197533135,0.6241458491826999,6077.505900025586,18878901.223631278,1446651.898601532
HKG-5167,HKG,Hong Kong S.A.R.,Yuen Long,114274338751.9015,0.0005699494254753884,0.00015627999958879655,-0.7258002331374487,179.71100516237715,635878357.3028785,988187.3359375
BRA-593,BRA,Brazil,Maranhão,114067327581.91573,0.00056891694610435,0.0005953133962664442,0.04639772174628232,325958.02611565747,349944.83474213333,7229925.345022345
GBR-3409,GBR,United Kingdom,Kent,113823243950.42432,0.0005676995658328395,0.0005237520100753703,-0.07741340385384354,3447.859258231287,33012729.18222722,1408172.356964111
NGA-2839,NGA,Nigeria,Borno,113737809632.08575,0.0005672734575640473,0.0005600857367604902,-0.012670645361096522,71035.9649517517,1601129.9305828754,6104817.024313875
EGY-1544,EGY,Egypt,Al Jizah,113702140093.4432,0.0005670955538169915,0.0006763594841575743,0.19267287427163216,37635.242047715095,3021161.387756938,11534139.607460324
USA-3534,USA,United States of America,South Dakota,113335816143.3151,0.0005652684933658547,0.0006295621829755211,0.11374009053084433,199030.02185463445,569440.8064030268,883278.1219396545
FRA-5298,FRA,France,Haute-Garonne,112593032213.36768,0.000561563818469026,0.00036051137637498147,-0.35802242858553024,6684.384242361544,16844189.102688294,1417675.8875815868
GBR-2035,GBR,United Kingdom,Hampshire,112479344470.31636,0.0005609967947212327,0.000510097336718768,-0.09073039005108285,3657.284208333723,30754882.05538243,1391143.490541458
FRA-5306,FRA,France,Hauts-de-Seine,112028426829.79665,0.0005587478186785108,0.000226862891854785,-0.5939798165273624,153.2217508567854,731152243.0944437,1431060.2421875
JPN-1851,JPN,Japan,Nara,111802986913.30428,0.0005576234249407093,0.0007409372251793007,0.32874121143329416,3927.8102669764735,28464457.118334107,1331728.1753771342
NGA-2851,NGA,Nigeria,Niger,111625832890.08163,0.0005567398596988608,0.0005973481955813718,0.07293951596078618,70709.85307831122,1578646.0872214786,5836485.885249354
FRA-5334,FRA,France,Pas-de-Calais,111248769775.13376,0.0005548592370841976,0.0003956949870217995,-0.2868551867295409,6822.733584186693,16305600.73941319,1399211.8238601685
POL-3170,POL,Poland,Lesser Poland,111089618466.68372,0.0005540654613528701,0.0005392601346834361,-0.026721258952477567,15471.171528639321,7180427.045297841,3372257.1728806645
NLD-898,NLD,Netherlands,Limburg,110315970466.95177,0.0005502068502439954,0.0005161528335894182,-0.061893116451522845,2138.0799696012805,51595811.21164706,1037016.2799682616
CAN-631,CAN,Canada,Saskatchewan,109869824145.33482,0.0005479816714115402,0.0005902974421912545,0.07722114258076096,650755.9663679607,168834.14032843534,1235582.8959028416
JPN-3502,JPN,Japan,Okinawa,109486855847.56096,0.0005460715963791624,9.904938834508877e-05,-0.8186146486983471,2784.6347568238734,39318210.6124541,1306738.018179417
IDN-1226,IDN,Indonesia,Banten,109415227035.61264,0.0005457143438177971,0.0005141767149822471,-0.05779146029938298,9369.187808939269,11678197.648169471,13148874.278860956
SAU-845,SAU,Saudi Arabia,Al Madinah,108825205764.33353,0.0005427715809170738,0.0005876387724362807,0.08266311851368235,143973.29205116804,755870.7883518917,2400659.404745012
MEX-2709,MEX,Mexico,Chihuahua,108549600363.48148,0.0005413969841214225,0.0006319961144629272,0.16734324903661735,247841.4971939174,437979.9250427766,3644378.562938183
LUX-908,LUX,Luxembourg,Luxembourg,108540675414.06516,0.0005413524704550316,0.0001788474115359157,-0.6696285298456546,994.9885062573713,109087366.0665073,491088.08586120605
ESP-5844,ESP,Spain,Sevilla,108124562034.1532,0.0005392770825385166,0.0005053610861212831,-0.06289159601884453,14037.25489982355,7702685.660820502,1883243.7278939337
JPN-1865,JPN,Japan,Iwate,107894893646.53568,0.000538131599073006,0.0005739492103609301,0.06655920475516419,15207.040901748622,7095061.711455586,1220816.5389977675
BEL-3475,BEL,Belgium,Flemish Brabant,107585719916.78542,0.0005365895784271826,0.00046968137520240924,-0.12469158163841065,2105.3432542916844,51101272.77225454,1211310.989654541
FRA-5316,FRA,France,Loire-Atlantique,107563382345.1998,0.0005364781685845987,0.00046324976059840283,-0.13649839317673607,6911.643724369168,15562634.104815233,1352158.3086690905
BEL-3479,BEL,Belgium,West Flanders,106674859424.45454,0.0005320466126138402,0.0004879556379328858,-0.08287051103350529,3275.698890308585,32565526.623970408,1192544.5401992798
JPN-1826,JPN,Japan,Yamaguchi,106423537003.98727,0.0005307931284920427,0.000354380463122483,-0.3323567241172459,5781.575522534059,18407359.13406212,1254756.1086390617
RUS-2371,RUS,Russia,Krasnodar,106306461967.5592,0.0005302092104359116,0.0005241632146429521,-0.01140303803471987,75462.59956384754,1408730.4516671894,5399630.8025528435
BGD-2488,BGD,Bangladesh,Sylhet,106213773824.2806,0.0005297469233241504,0.0005011148286137228,-0.05404862859941095,11724.559928687706,9059084.048382597,12089089.969789503
AUS-2650,AUS,Australia,Northern Territory,106064330087.11205,0.0005290015646279604,0.0007402223447194364,0.39928195720937953,1348487.373641195,78654.29974380584,212615.20327734065
JPN-1863,JPN,Japan,Aomori,103753343498.65944,0.0005174753944242585,0.0003898895638747432,-0.24655439065168872,10046.211149679162,10327609.280039165,1202547.4985159962
BEL-3474,BEL,Belgium,Brussels,103698876222.93307,0.0005172037359500419,1.7351272492871092e-05,-0.9664517649684048,76.10148555555423,1362639315.9859238,1181174.4990234375
MEX-2714,MEX,Mexico,Nuevo León,102823236656.9368,0.000512836436405683,0.00048231029255407066,-0.059524132227345095,65011.69993916679,1581611.2600216775,5254666.4242293
ISR-3057,ISR,Israel,Tel Aviv,102224279704.4129,0.0005098491063129959,0.0001261933544571852,-0.7524888189571225,136.66474606061473,747993046.1296397,1116309.30078125
FRA-5311,FRA,France,Isère,101002738556.801,0.0005037566039815014,0.0004576344187611218,-0.09155648750973644,7881.948565960222,12814437.662407694,1264410.7057375163
IDN-1236,IDN,Indonesia,Sulawesi Selatan,100987308446.08669,0.0005036796454724197,0.00047121401220027553,-0.06445690939464799,46516.951608518524,2170978.6422804445,8592540.299743965
BEL-3481,BEL,Belgium,Liege,100505193171.36096,0.0005012750695471158,0.0005039333437593727,0.0053030249732117785,3892.377100545259,25821031.87208706,1118824.5616927147
GBR-2042,GBR,United Kingdom,Hertfordshire,100374982325.76295,0.0005006256359345498,0.0007774658451746188,0.5529884795517388,1750.9713288138812,57325314.62622954,1246279.740158081
ZAF-1926,ZAF,South Africa,Eastern Cape,100372329984.71548,0.0005006124072405781,0.0005417483265062605,0.0821711940629426,169427.71563578545,592419.7797748946,6647165.829874295
NGA-2869,NGA,Nigeria,Kano,100239715342.33488,0.0004999509845619612,0.0004515338694286119,-0.0968437239417993,19996.810466924824,5012785.18932475,13908576.870825171
FRA-5349,FRA,France,Val-d'Oise,100137477889.6411,0.0004994410697546535,0.00039643273993835375,-0.20624721524583833,1353.2583433030181,73997310.55433705,1275200.5126800537
KEN-890,KEN,Kenya,Rift Valley,100114139555.49055,0.0004993246685548222,0.0005813757274479577,0.16432406420178092,180902.31745895388,553415.461790345,14341474.847881634
FRA-5289,FRA,France,Essonne,100052616207.20242,0.0004990178175382849,0.0006236991476976176,0.2498534636987526,1950.130108762983,51305610.716747686,1272473.0986175537
MEX-2720,MEX,Mexico,Michoacán,99978514755.29974,0.0004986482325518382,0.0006025676911665384,0.2084023402286841,58616.96161467232,1705624.3108014367,5154958.738927566
JPN-1832,JPN,Japan,Ehime,99406376926.213,0.0004957946642832115,0.0002761265133168288,-0.4430627572080974,5788.563910871035,17172890.972064056,1171982.9064552858
DNK-3420,DNK,Denmark,Sjaælland,99219454958.97508,0.000494862380893961,0.0003567378358918123,-0.2791170845369756,6973.075734780708,14228936.9473047,734194.3018097878
ZAF-1189,ZAF,South Africa,Western Cape,99185993425.78323,0.0004946954896931323,0.0005128942638636277,0.036787831200532084,129742.70823487065,764482.218501473,7093771.593781393
PRT-746,PRT,Portugal,Lisboa,98423410864.59828,0.0004908920680555892,0.00028640797494138,-0.41655611573469786,2643.320035510587,37234768.98081571,2188857.232956767
IRN-3245,IRN,Iran,Razavi Khorasan,98300327757.18594,0.0004902781844215067,0.00046831887163150104,-0.044789496020338215,137306.45751499472,715919.1893538651,9864072.60575058
POL-3141,POL,Poland,Lower Silesian,98254597566.9556,0.0004900501026322499,0.0005181824623333126,0.057407109089362196,19606.505740268392,5011326.284680984,2872919.3022756875
USA-3516,USA,United States of America,North Dakota,97778419907.16689,0.00048767514088156317,0.0005248298654774162,0.07618744832613156,182615.42515785957,535433.5200470802,760355.0471698061
IDN-1227,IDN,Indonesia,Jakarta Raya,97608007676.9452,0.00048682520069578185,0.00015346998334518552,-0.6847534122600007,706.8810050813603,138082657.44205528,12444941.35546875
NGA-2864,NGA,Nigeria,Kaduna,97293984226.17387,0.0004852589918048996,0.0005077815457130081,0.04641347051465616,44616.27229595979,2180683.8451401573,8483861.225774787
BRA-614,BRA,Brazil,Santa Catarina,97279124486.96324,0.00048518487805444333,0.0004926128775113006,0.015309626892418882,95010.86289381127,1023873.7079536589,6806577.59274682
RUS-2337,RUS,Russia,City of St. Petersburg,96980571048.42178,0.0004836958266836029,0.00019763756864871987,-0.5914011290860292,1943.4123176403482,49902210.74968467,4965637.5523456335
ETH-3134,ETH,Ethiopia,Somali,96949511305.91573,0.00048354091454330884,0.000533356668360524,0.10302283078623198,310186.94411538215,312551.87603851187,6480386.637471508
KOR-2503,KOR,South Korea,Daejeon,96394131801.79495,0.0004807709293239529,9.76653710802527e-05,-0.7968567458569362,337.03382407530154,286007293.38150394,1425909.7167358398
ESP-5803,ESP,Spain,Alicante,96128172912.44078,0.0004794444450244762,0.00037494751285812363,-0.2179542035595341,5920.540592190195,16236384.4003103,1714242.338153839
FRA-5357,FRA,France,Yvelines,95644137225.95262,0.00047703029094197074,0.0005863576716467372,0.2291833092797575,2244.375113137852,42615040.89315663,1214733.1634750366
DEU-1581,DEU,Germany,Saarland,95064538916.81567,0.0004741395131268717,0.00035308339755423,-0.2553175009066353,2677.43001005908,35505891.306087956,1032607.2073783876
JPN-3500,JPN,Japan,Nagasaki,94351575321.4882,0.0004705835687566839,0.00015425238097888704,-0.6722104399300786,3510.421845039329,26877560.44328944,1119802.186946988
GBR-5690,GBR,United Kingdom,Birmingham,94330794016.33836,0.0004704799208768524,0.00011820402480437671,-0.7487586195302978,257.3928499046866,366485681.5225029,1175009.94921875
NGA-2858,NGA,Nigeria,Bauchi,94322777994.02396,0.00047043994053338605,0.0005092767015804555,0.08255413220874974,49243.50801025171,1915435.796620896,7044661.414390251
MEX-2723,MEX,Mexico,Oaxaca,94169956215.62036,0.00046967773367441343,0.0005362615655832403,0.14176493185641115,92524.92517967576,1017779.3284647362,4466168.719785395
JPN-1868,JPN,Japan,Yamagata,93895769125.64651,0.0004683102107807335,0.0005554689852500099,0.18611333356146864,9182.445343439196,10225573.429928934,1085526.9806205682
COL-1399,COL,Colombia,Bogota,93624949533.0226,0.0004669594834616405,0.00018074539502924703,-0.6129313111078623,1697.0624176636375,55168830.89186371,9067003.063202104
JPN-1831,JPN,Japan,Miyazaki,93101225951.46124,0.000464347383862737,0.0004478150391686851,-0.035603397948590354,7704.319933294091,12084288.653321085,1083511.793018889
GBR-2755,GBR,United Kingdom,Surrey,92621518411.6984,0.00046195481664537035,0.0007957533574194871,0.722578331790324,1667.4210872316642,55547767.22026064,1149483.7833251953
MYS-1143,MYS,Malaysia,Johor,92507499789.58018,0.00046138614262039216,0.001118679188819566,1.4246050877604381,19025.16297690591,4862376.206809494,3785500.7569584846
GBR-2123,GBR,United Kingdom,Lancashire,92485734302.87958,0.00046127758608201534,0.0005085792744384987,0.10254495293875632,3088.9812148915535,29940529.860466156,1144404.551209569
NZL-3400,NZL,New Zealand,Canterbury,92036844583.49796,0.00045903872440530223,0.00042157258737730976,-0.08161868495197422,45679.244746157805,2014850.4007663,632303.8927538061
BRA-602,BRA,Brazil,Mato Grosso,91654177711.2524,0.00045713015274899773,0.0004809590561168869,0.052127174776355645,902924.070025372,101508.17854338176,3564933.375416033
SAU-886,SAU,Saudi Arabia,`Asir,91645440182.2491,0.00045708657385202145,0.0005089388268311007,0.11344077018518162,77603.16531768627,1180949.7693435256,2076040.5949799877
FRA-5307,FRA,France,Hérault,90846969896.7469,0.00045310416025460675,0.0003549857928991272,-0.21654704582792883,6296.312076275778,14428600.233945552,1140418.8133227823
IRN-3212,IRN,Iran,Fars,90818175144.26843,0.00045296054487418925,0.0004464117469826574,-0.014457766720831766,125671.29472380405,722664.4345780428,9146812.541432695
CHE-167,CHE,Switzerland,Sankt Gallen,90773532175.25868,0.0004527378856593863,0.0004246483756123845,-0.0620436480726394,2256.6047739519267,40225711.30889244,541285.8065395355
JPN-1835,JPN,Japan,Ōita,90409077644.18784,0.00045092014903658505,0.0003993140167500548,-0.1144462770111061,6526.381974407812,13852863.347366568,1058085.8207954315
FRA-5343,FRA,France,Seine-Maritime,90153748975.1448,0.0004496466835340244,0.0002721438467833252,-0.3947606937865199,6027.652861170109,14956692.273357602,1131465.9108276367
JPN-1842,JPN,Japan,Ishikawa,89990372785.92924,0.0004488318359821,0.00026256637982267716,-0.4150005441388773,4217.0202418429535,21339801.00285243,1066357.013391275
IRL-5575,IRL,Ireland,Dublin,88433532083.32062,0.000441067009042826,4.7738483025378304e-05,-0.8917659175439643,66.81630443847772,1323532225.053652,498865.00390625
IRN-3216,IRN,Iran,Tehran,87602613600.32649,0.00043692275831101854,0.0003459637850713397,-0.20818090042114656,14570.296885143453,6012411.022979921,13426857.973791838
FRA-5273,FRA,France,Bas-Rhin,87368974253.46927,0.0004357574694722109,0.0004576208671148509,0.05017331698093663,4677.005604927087,18680536.57267989,1101099.0058305264
IDN-1229,IDN,Indonesia,Lampung,87243955932.24039,0.0004351339338548839,0.0004070981179000593,-0.06443031391841414,33274.6642383277,2621933.4718860276,8123168.982385747
ESP-5836,ESP,Spain,Murcia,86781850519.24257,0.0004328291581937533,0.00040290552118242535,-0.06913498419608055,11285.409982885507,7689738.401249804,1511102.8220471432
NGA-2848,NGA,Nigeria,Taraba,86390174325.69084,0.0004308756520617086,0.0004496638565573885,0.043604702205333856,60525.517367002605,1427334.7520824196,3335284.098975554
JPN-1846,JPN,Japan,Toyama,86044873208.99901,0.00042915344412575374,0.0003880433173626921,-0.09579353801251389,4433.275240362853,19408872.344672296,1017223.5421989516
ITA-5445,ITA,Italy,Brescia,86022817992.31981,0.0004290434425434883,0.00038620848166341724,-0.09983828356898672,4630.0232267577285,18579349.126194146,1303603.3119726933
RUS-2386,RUS,Russia,Sverdlovsk,85522931642.28888,0.0004265502324219957,0.0004251654780162946,-0.003246404058528607,194422.87954010794,439881.00497527176,4263772.665547594
RUS-2603,RUS,Russia,Krasnoyarsk,85464934028.6946,0.0004262609661973293,0.0008720968022271197,1.0459222668382901,2328426.326480002,36705.019633537726,2985179.4694327875
FRA-5350,FRA,France,Val-de-Marne,85413461342.93292,0.000426004243402011,0.00031842377696187973,-0.2525337906989108,246.86930180844962,345986563.4051446,1090719.9111328125
POL-3147,POL,Poland,Łódź,85131794736.82661,0.00042459941601837215,0.0004601928482502352,0.08382826468683358,18428.58713661889,4619550.8155730385,2460835.649409294
JPN-1862,JPN,Japan,Akita,84588297841.10837,0.000421888695949059,0.00042372576394341695,0.00435439017920447,11903.819753545984,7105979.390851469,959343.677566437
ZAF-1210,ZAF,South Africa,Limpopo,84532666472.39018,0.0004216112314982852,0.0004286005138143059,0.016577552479289492,125741.66412111084,672272.5284673399,5834553.531454364
FRA-5308,FRA,France,Ille-et-Vilaine,84446365206.4946,0.000421180799281812,0.00036063341348932797,-0.14375628209008595,6939.525292214537,12168896.523979109,1056794.712715149
ETH-3109,ETH,Ethiopia,Amhara,84144784734.39026,0.00041967665041787815,0.00041931092889945475,-0.0008714364214907899,156376.24660455267,538091.8557738328,24975854.080933996
MEX-2712,MEX,Mexico,Sonora,83920153169.35971,0.0004185562883765737,0.0005260767446012989,0.2568841018773309,179419.9871176201,467730.23740295577,2950485.6021113284
RUS-2378,RUS,Russia,Bashkortostan,83840686266.97333,0.00041815994291656837,0.0004316758569628199,0.032322354819500854,142685.13106895622,587592.3135008032,4208439.625285719
RUS-2367,RUS,Russia,Rostov,83315234512.6326,0.00041553922396275555,0.00041771571797974774,0.0052377582944787004,101584.83450046636,820154.2574964782,4206346.486365008
CHE-159,CHE,Switzerland,Genève,82449785105.43678,0.0004112227483848029,5.862319905889492e-05,-0.8574417410292728,226.11227456511673,364640907.9914525,494581.1257324219
POL-3140,POL,Poland,Pomeranian,81351474893.95288,0.00040574486699108026,0.0003777122199624091,-0.06908934483030049,18548.51981845414,4385874.220163668,2334145.6598363197
MEX-2708,MEX,Mexico,Coahuila,80865488589.54442,0.00040332098409653227,0.0005231533543852239,0.2971141473264147,150820.40016976217,536170.7600465382,3073075.474538276
HKG-5161,HKG,Hong Kong S.A.R.,Kwun Tong,80747326504.69458,0.00040273164432779075,8.930770544615267e-06,-0.9778245125000747,11.052155463032998,7306025216.0564,698262.5
PRT-754,PRT,Portugal,Porto,79904955772.12625,0.000398530274883799,0.0002602291229320486,-0.3470279691852154,2219.8154506266533,35996215.69872806,1776578.116240263
BEL-3,BEL,Belgium,Limburg,79880182134.44495,0.0003984067150302255,0.0004835376340968803,0.2136784242208274,2273.031038528704,35142583.08859262,893671.4009475708
ISR-3054,ISR,Israel,Haifa,79817284206.71953,0.0003980930082246361,0.0002749578113477609,-0.30931263381393637,989.3830343331636,80673795.11971898,856217.8301849365
GBR-2777,GBR,United Kingdom,Staffordshire,79591527344.36476,0.0003969670337022582,0.0006757053127052707,0.7021698411664024,2641.529451975408,30130849.869890355,984299.147983551
USA-3540,USA,United States of America,Vermont,79450747566.0521,0.00039626488696796767,0.0007295014092191687,0.840943856522262,24640.728111382487,3224366.8777527227,637069.1267147651
KOR-2508,KOR,South Korea,Ulsan,79251162702.87323,0.0003952694467025084,0.0001892066777021918,-0.5213222795725105,1065.7258380597573,74363555.68441184,1160381.878238678
MEX-2729,MEX,Mexico,Guerrero,78826976321.17506,0.00039315379425433936,0.0004903540122295446,0.24723204861740267,64897.85928682408,1214631.3790226814,3870550.942199388
IND-2428,IND,India,Delhi,78807759019.47963,0.00039305794692605795,0.00019196795656697076,-0.5116039299846957,1484.6428136561406,53081965.77290163,20361771.848632812
USA-3527,USA,United States of America,Wyoming,78620264894.03458,0.00039212280986690223,0.0004753636506589403,0.21228257754322533,253456.35004750718,310192.5237986667,594827.8367138569
RUS-2394,RUS,Russia,Tatarstan,78119036117.43129,0.00038962290432050477,0.0003741732403438053,-0.03965286384701483,68080.65681911285,1147448.3321303723,3960270.281322203
USA-3556,USA,United States of America,District of Columbia,77941786876.80746,0.0003887388641767344,6.122650409660818e-05,-0.8424996578968948,96.37899988763847,808700930.3652698,628698.078125
IDN-1933,IDN,Indonesia,Papua Barat,77851650172.89525,0.0003882893025063707,0.0004673632778174889,0.20364706109775144,94380.43143937297,824870.6748379796,1103381.790023364
ITA-5403,ITA,Italy,Bari,77698403401.70876,0.0003875249759729805,0.00029518273807876017,-0.23828719081233807,4036.184575994855,19250458.431415353,1181533.4996274265
POL-3151,POL,Poland,Lublin,77638098127.40874,0.0003872242001661298,0.0003969747412608678,0.025180608780532854,24497.391117084546,3169239.440899636,2098460.589609511
VNM-501,VNM,Vietnam,Hồ Chí Minh city,77489715422.43098,0.0003864841334251954,0.0001772251457622948,-0.5414426351952764,1872.748923211784,41377525.01789472,10219491.395300863
NGA-2856,NGA,Nigeria,Oyo,76702733274.01106,0.0003825590175308463,0.00038271137958925894,0.00039827072799392127,27314.963241244463,2808084.8067257553,8208834.004578749
FRA-5328,FRA,France,Moselle,76211785379.46999,0.00038011038843801436,0.0005158954203880407,0.3572252589780751,6153.618580148253,12384873.125762353,953625.6418788432
IRN-3248,IRN,Iran,Kerman,76206177023.08786,0.00038008241645819135,0.0003862235305388972,0.01615732224061306,182761.44869965862,416970.7428196273,4329013.978629519
ITA-5410,ITA,Italy,Palermo,75831512941.81738,0.000378213759153335,0.0002998191471297886,-0.20727593887393114,5238.068336137628,14476999.549366884,1143014.431265248
BGD-2475,BGD,Bangladesh,Barisal,75456218226.08533,0.00037634195652510167,0.00030766781803485586,-0.18247802908912525,8799.41895187752,8575136.453752477,7979968.672683716
CAN-685,CAN,Canada,Nova Scotia,75353586402.23668,0.0003758300747703971,0.000395567769646842,0.052517603569919524,55222.58451537916,1364542.9141631564,857899.1826000032
EGY-1533,EGY,Egypt,Al Qahirah,75220863671.27313,0.0003751681129941454,0.00026095666474937546,-0.304427386787406,3019.506432965099,24911642.131329272,10367622.657562343
GBR-2059,GBR,United Kingdom,Derbyshire,75025967958.25789,0.0003741960601179365,0.0009954380089692034,1.6602044090348471,2671.2590668928406,28086369.041519705,927466.6941555887
ESP-5834,ESP,Spain,Málaga,74972734448.82037,0.00037393055511960243,0.0003089442181191044,-0.17379252941689138,7388.982822327462,10146556.874144234,1320036.1020607352
MEX-2716,MEX,Mexico,Tamaulipas,74733570375.00679,0.00037273771140724154,0.0004764087924780968,0.2781341353399778,79157.02655434188,944117.9593033557,3475940.181328889
ITA-5443,ITA,Italy,Bergamo,74697040221.02861,0.00037255551529480026,0.0004179013509828102,0.12171564726971784,2679.7081822678742,27875065.17139171,1143798.7082847687
NGA-2870,NGA,Nigeria,Katsina,74661868895.00937,0.00037238009641006364,0.0003547173723360615,-0.04743197674709232,23916.223871945287,3121808.4131831033,8559374.00273192
POL-3152,POL,Poland,Subcarpathian,74641737096.3366,0.0003722796879788038,0.00036818905153868624,-0.010988073140188237,18064.41259740843,4131976.9847952262,2124795.758507867
IDN-1136,IDN,Indonesia,Aceh,74627167404.72328,0.00037220702085637673,0.0004016213007879524,0.07902666603090691,55501.46362612187,1344598.187670133,4361749.771122461
DNK-3418,DNK,Denmark,Nordjylland,74621720754.373,0.0003721798553941057,0.00028612126358256324,-0.23122850569226527,7601.046035035519,9817296.252439326,543237.3533243239
AUT-2329,AUT,Austria,Tirol,73705352587.82191,0.0003676094197586509,0.0004804732485763615,0.30702104666362984,12793.083598300056,5761343.777790671,762782.0118047409
CZE-1596,CZE,Czech Republic,Středočeský,73683225726.4468,0.0003674990608446019,0.0006211557398247723,0.6902240196130185,10922.336390107894,6746104.779667836,1481827.7664733955
POL-3145,POL,Poland,Kuyavian-Pomeranian,73625514886.8176,0.0003672112249205475,0.00038004228220792747,0.03494189833155614,17931.304510007252,4105976.497456058,2095256.433746621
GBR-2764,GBR,United Kingdom,Nottinghamshire,73338265636.52954,0.0003657785537980713,0.00041809835506057116,0.14303682028165898,2127.877487003518,34465454.93547406,907927.089942932
GRC-2991,GRC,Greece,Kentriki Makedonia,73267995196.75053,0.0003654280761911354,0.0003114312030884525,-0.1477633400955215,19537.873614147986,3750049.6033352823,1738140.998679347
JPN-1827,JPN,Japan,Saga,73113554259.02318,0.0003646577936877407,0.00038683206542788526,0.060808440472089664,2485.118006639087,29420556.313099638,871273.313961029
GBR-2319,GBR,United Kingdom,Norfolk,72806601161.70813,0.00036312684856591043,0.00029371015714226484,-0.19116375365190297,5378.742480121776,13535989.393576577,891319.6692495346
FRA-5266,FRA,France,Alpes-Maritimes,72795953198.95372,0.00036307374127760196,0.0002204688050041227,-0.39277127498032194,4076.775550247715,17856257.304754112,916453.0171300172
ZAF-1188,ZAF,South Africa,Northern Cape,72289039447.48488,0.00036054548161256465,0.0004111962418420147,0.14048369155234175,372780.7249264228,193918.39388088763,1293388.5851842568
IDN-1235,IDN,Indonesia,Nusa Tenggara Timur,72204787991.69931,0.000360125272934528,0.00035976551562027164,-0.0009989782481102383,46003.561340695094,1569547.7890714172,4933425.647106128
FRA-5351,FRA,France,Var,72098069806.61035,0.0003595930102328266,0.00035515742976729227,-0.012335001903019172,6041.451117458608,11933899.390207939,901355.9447499514
NLD-895,NLD,Netherlands,Friesland,71875373495.09505,0.0003584823003727661,0.00040079546379480775,0.11803417735838706,3746.9014977231523,19182616.233378686,649619.6139907986
ARG-5493,ARG,Argentina,Ciudad de Buenos Aires,71808949785.99928,0.00035815100854250424,0.00011226178245494235,-0.6865518181512549,300.02343587760834,239344468.46110067,4323327.1640625
NGA-2873,NGA,Nigeria,Yobe,71716835844.35515,0.00035769158529235244,0.00036387083436689195,0.01727535488286369,46019.697976004594,1558394.3180537485,3619124.1244945377
TUR-2230,TUR,Turkey,Izmir,71546383050.8511,0.00035684144279501343,0.00028607045439803046,-0.19832614688097527,12760.384519549523,5606914.348171766,3630795.195458403
ITA-5396,ITA,Italy,Caserta,70986665894.87515,0.000354049823303171,0.00029894872574557073,-0.15563091387399874,2623.9678265792136,27053176.939070284,1086510.600097822
ETH-3129,ETH,Ethiopia,"Southern Nations, Nationalities and Peoples",70792511379.02878,0.00035308146718780254,0.0003638535026905036,0.03050864036704448,114351.23381568136,619079.5588015838,23954685.707225066
ARG-1299,ARG,Argentina,Córdoba,70707093904.67606,0.00035265544292929784,0.00035529719613619753,0.007491031997000297,168158.3990294454,420479.1096536004,3646060.9708663975
NOR-917,NOR,Norway,Akershus,70630125517.83508,0.00035227155895027943,0.0003879332509107612,0.10123352582521483,4834.323295318836,14610136.973302454,428173.3244923428
IDN-539,IDN,Indonesia,Sumatera Barat,70241265784.09119,0.000350332100063372,0.00034913338267892263,-0.003421660145423555,41517.0770497056,1691864.4272571513,5128519.622746848
NGA-2846,NGA,Nigeria,Benue,69995559329.44351,0.0003491066258738772,0.00035495988331965864,0.016766388867955895,31582.74991299986,2216259.1769956183,6213989.713536799
GHA-2155,GHA,Ghana,Northern,69800749826.6375,0.00034813500297573474,0.0003565058627518677,0.024044866803342835,68980.21955826384,1011895.153039932,3402057.5743111284
JPN-1861,JPN,Japan,Yamanashi,69708263479.33405,0.00034767372233227933,0.0013381224172055843,2.848787904444247,4689.8242979046545,14863726.027109094,818776.8062883802
ITA-5400,ITA,Italy,Salerno,69647546368.86658,0.0003473708924703399,0.0003089991493022687,-0.11046332320819752,4908.9475248846975,14187877.54723503,1048078.150802454
JPN-1833,JPN,Japan,Kagawa,69401743776.11177,0.00034614493878685267,0.00010374121344627565,-0.7002954490397536,1858.8304599896744,37336241.93811484,829611.087972641
CHE-163,CHE,Switzerland,Lucerne,69272792435.96733,0.0003455017870256408,0.0003987755177634883,0.154192344984583,1500.8116419894388,46156886.37925345,413241.6562976837
RUS-2379,RUS,Russia,Chelyabinsk,68950713145.77103,0.00034389539920130655,0.00031881143551760327,-0.07294067830497442,88726.56253960177,777114.66749313,3478372.5730402786
MYS-1137,MYS,Malaysia,Perak,68809088431.1233,0.0003431890383014913,0.00040425586594600133,0.17793933030828013,20817.48741018553,3305350.3083881564,2564035.7788363993
FRA-5302,FRA,France,Haute-Savoie,68299098217.44825,0.0003406454346153371,0.0004650112356425159,0.3650887062896202,4792.742679849451,14250524.757902015,857216.1975015551
ITA-5362,ITA,Italy,Bologna,68244134378.1934,0.00034037129950375064,0.0003159282134380553,-0.07181300568330085,3666.6408080005167,18612167.908371728,1035657.255979538
NGA-2879,NGA,Nigeria,Kebbi,68176671009.66049,0.00034003482231599423,0.00033127136889266924,-0.025772223455341026,36359.62302652993,1875065.3976779445,4917738.7384268325
ARG-1310,ARG,Argentina,Santa Fe,68159293036.0563,0.00033994814873573273,0.0003410400541322054,0.0032119762985427514,132486.25160367362,514463.14022040274,3621710.604436232
ITA-5413,ITA,Italy,Catania,67248897970.83747,0.0003354075042652045,0.0002277619432721246,-0.3209396320124229,3587.8673429957357,18743418.176293872,1021057.5183165222
FRA-5292,FRA,France,Finistère,66782202148.632965,0.0003330798336906697,0.0002673724196165121,-0.19727226757048244,6822.024812000676,9789205.402940763,830991.0674057007
IRL-78,IRL,Ireland,Cork,66778094650.91248,0.0003330593473243384,0.00026906157479745157,-0.1921512578494451,6856.79084224134,9738972.091656238,370355.0844054222
FRA-4601,FRA,France,La Réunion,66720653194.82704,0.00033277285496523197,0.00018865499556796887,-0.433081777094831,2526.0842449862207,26412679.358281255,844053.6171555631
NGA-2850,NGA,Nigeria,Lagos,66677087969.71957,0.0003325555710562468,0.00018342679627110652,-0.44843264634384183,3806.383245098371,17517176.720337413,11220038.850706518
IDN-1930,IDN,Indonesia,Jambi,66643194749.953445,0.000332386526795355,0.00034827835275509455,0.047811281982328646,50838.28680750405,1310885.9274171388,3802343.794752176
NOR-913,NOR,Norway,Hordaland,66591271503.04302,0.00033212755680201583,0.0002840611037351682,-0.14472286951937707,14683.729767429155,4535037.933669485,401194.8120652026
TUR-3011,TUR,Turkey,Konya,66574902043.687584,0.00033204591324094277,0.0003605907788221593,0.08596662221378848,40363.45814718617,1649385.4862712915,2327359.5277122604
FRA-5331,FRA,France,Oise,66368392568.300674,0.0003310159360987645,0.0008586538155044626,1.5939953998114094,6127.606044087473,10831047.57237772,828356.4791231155
GBR-2748,GBR,United Kingdom,West Sussex,66204631670.20136,0.00033019916979054137,0.0002498114578371204,-0.2434521928217268,1965.014349319433,33691678.48221099,819336.3561286926
RUS-2417,RUS,Russia,Dagestan,65894455568.64565,0.00032865214976129676,0.0003271884785585924,-0.0044535573668617046,49791.851181802354,1323398.3875805042,3344834.2354525668
IND-2489,IND,India,Meghalaya,65891329250.631714,0.0003286365570816509,0.00044998910517447924,0.36926064820803806,22794.312728985235,2890691.6402372746,4052406.917424217
COL-1314,COL,Colombia,Antioquia,65873934434.094055,0.00032854979949635077,0.00031354179067482935,-0.04567955556365544,63321.889160086095,1040302.7342970778,6021277.511299521
NGA-2871,NGA,Nigeria,Sokoto,65595475874.31149,0.00032716097241670917,0.0003102190038752999,-0.05178480922177375,30958.192941209592,2118840.5925009577,5442420.868031852
KEN-889,KEN,Kenya,Eastern,65518568611.031,0.00032677739329474404,0.00037183651052857017,0.13788933432486283,157508.3646467616,415968.8201827704,6752561.313199188
POL-3142,POL,Poland,West Pomeranian,65511296260.24685,0.0003267411220531289,0.00034798740445503507,0.06502481924650882,23870.59479487297,2744435.0181972696,1717642.9899053164
VNM-475,VNM,Vietnam,Nghệ An,65473820632.95408,0.00032655421034155716,0.0002952766491005366,-0.09578060931539067,17171.076535036293,3813029.456793793,2905406.9083276317
MEX-2706,MEX,Mexico,Baja California,65457992916.635994,0.00032647526875309026,0.0004292170152725737,0.314699937033166,73000.67365817855,896676.5597690135,3010584.1093426906
FRA-5293,FRA,France,Gard,65203131158.59834,0.0003252041319943419,0.00032679881692985004,0.004903642908005601,5861.054680355752,11124811.95187223,813730.4896968603
NGA-2872,NGA,Nigeria,Zamfara,65188296967.6185,0.0003251301456670641,0.0003472776501323328,0.06811888949832379,34565.45515623128,1885937.7570171154,4772980.85998556
IDN-557,IDN,Indonesia,Sulawesi Tengah,65042778456.65931,0.0003244043642482165,0.0003843813562416444,0.1848834313077763,59784.70171293179,1087950.2045351875,2683942.0616123565
FRA-5321,FRA,France,Maine-et-Loire,64860489353.74612,0.00032349518751956035,0.000330494431911933,0.021636316898684838,7407.1610480141935,8756457.28954884,804559.3427352905
RUS-2357,RUS,Russia,Nizhegorod,64459478356.64398,0.0003214951235515344,0.0003177037002519091,-0.011793097381203488,75271.76777522547,856356.6428934039,3256420.3418232026
TUR-2264,TUR,Turkey,Bursa,64368283480.996864,0.0003210402841925929,0.00024764328899826865,-0.22862238419367087,10791.379983970426,5964787.040824237,3292456.277894267
ITA-5386,ITA,Italy,Firenze,64188615128.19212,0.00032014417859639697,0.0003062695270506729,-0.043338759450677666,3744.2099101325366,17143433.906973444,973457.7804459332
CAN-684,CAN,Canada,New Brunswick,63980783770.97847,0.0003191076084973403,0.0003529386421847326,0.10601763413508292,73143.10052581324,874734.3674390552,727723.7603208725
JPN-1854,JPN,Japan,Wakayama,63706703432.64069,0.00031774061803320063,0.0004703299101586914,0.4802322506641148,4281.950440728638,14877963.7491087,746604.4388084393
CHE-165,CHE,Switzerland,Valais,63528734169.63605,0.0003168529867389868,0.00026722325512377787,-0.1566333084816155,5069.5405487848075,12531457.9414626,371580.6386442576
JPN-1848,JPN,Japan,Fukui,63412285859.049484,0.0003162721945117792,0.0002578675715069012,-0.18466568992900445,4232.469303515212,14982338.042329896,744180.4017621111
PAK-1111,PAK,Pakistan,Northern Areas,63395968544.61849,0.0003161908110263282,0.00036093885391483375,0.14152227493030956,65558.88053590216,967008.1006020353,1046228.4265187806
IRL-5573,IRL,Ireland,South Dublin,63253160811.30505,0.0003154785497571368,0.00011899267756609512,-0.6228184843067821,189.74295209671257,333362373.21249604,356672.1144542694
ZAF-1209,ZAF,South Africa,Mpumalanga,63175377361.30542,0.00031509060060667146,0.00040184549473348667,0.275333170712736,75460.49678148625,837198.0049938539,4616768.216162031
ITA-5466,ITA,Italy,Treviso,63083039308.787636,0.0003146300595914547,0.00025911968260632095,-0.1764306215916357,2464.3243707968177,25598512.94591965,964361.401922822
RUS-2392,RUS,Russia,Samara,63038603664.91925,0.000314408434421972,0.00029970131172824216,-0.046777125177218326,53447.96782258159,1179438.7370194017,3196667.8843171936
ITA-5463,ITA,Italy,Padova,62601888332.13837,0.00031223029315479605,0.0002476102101144754,-0.20696288751291536,2085.570175060331,30016677.971685812,960352.8479919434
IRN-3247,IRN,Iran,Sistan and Baluchestan,62251590368.86177,0.0003104831631771013,0.00034533561154125324,0.11225229737907538,174977.61534397124,355768.8807593332,2459081.954267741
NGA-2881,NGA,Nigeria,Adamawa,62129428314.33248,0.0003098738733439304,0.0002899209401818497,-0.06439049845268774,33905.850187368,1832410.2764271486,4376559.584964693
GBR-2751,GBR,United Kingdom,Oxfordshire,62120753035.08294,0.00030983060492095706,0.00033857743542366507,0.0927824109243236,2560.3583750048833,24262522.638052363,766495.872177124
CHE-168,CHE,Switzerland,Ticino,62063931281.75516,0.00030954720336276486,0.00020682705340787234,-0.33184001935405183,3049.1096605632297,20354771.78288522,367228.2350453511
ESP-5853,ESP,Spain,Zaragoza,61825197549.21128,0.0003083565060006879,0.0002635508664985221,-0.14530466726090685,17454.69868581198,3542037.514486903,1021056.34682759
MEX-2730,MEX,Mexico,Hidalgo,61807933766.257545,0.00030827040195245204,0.00039946896516979954,0.2958395053165501,21589.076929062165,2862926.1903761486,3347008.5685676504
NLD-897,NLD,Netherlands,Groningen,61801897516.41749,0.0003082402958309383,0.00022882217992876956,-0.25765001194304427,2421.492165111494,25522237.24150349,568531.557138443
ITA-5464,ITA,Italy,Verona,61653518215.87558,0.0003075002460698112,0.00028288557975420013,-0.08004763127904246,3051.9754709042354,20201184.053949475,937511.4461691976
MYS-1147,MYS,Malaysia,Pahang,61589284822.47323,0.00030717987855715827,0.00041066035819530624,0.336872584637385,36051.60175954104,1708364.7276829707,1626616.9066077764
MEX-2711,MEX,Mexico,Sinaloa,61560683808.422195,0.0003070372294575928,0.0003094060036374994,0.007714941227457084,58207.303201424686,1057610.9941976394,2946447.4213894387
MEX-2715,MEX,Mexico,San Luis Potosí,61539595046.952286,0.00030693204812278884,0.00034975855120819403,0.139530894044249,64587.62412441031,952807.8464136282,2876426.2377938
NGA-2868,NGA,Nigeria,Jigawa,61463801379.80206,0.00030655402312156153,0.00031868226672127867,0.03956315260918242,24011.09214049987,2559808.6509413766,6180901.659877777
CHE-3423,CHE,Switzerland,Basel-Landschaft,61456247680.12784,0.00030651634863718857,0.0001522346889526238,-0.5033390889932006,492.8068755273529,124706554.90421776,368010.786529541
EGY-1535,EGY,Egypt,Ash Sharqiyah,61424874986.42481,0.0003063598756359273,0.00033051660220341663,0.0788508172532254,4975.940799773128,12344374.151160602,8168787.347860336
JPN-1836,JPN,Japan,Tokushima,61274347660.76475,0.00030560911248371546,0.0002446009460063619,-0.19962810003122677,4229.385332533082,14487766.624013435,718160.2776493542
QAT-1099,QAT,Qatar,Ad Dawhah,61213204283.69027,0.00030530415659409197,5.4770519494127836e-05,-0.8206034267429043,145.23596050605528,421474158.8130174,587443.1098632812
FRA-5296,FRA,France,Haute-Rhin,61208462852.66238,0.00030528050845121234,0.00033983496970436787,0.11318921548074456,3268.7480649436143,18725353.449262604,770865.0656663179
CZE-1595,CZE,Czech Republic,Prague,60964233343.74392,0.00030406240060816965,9.373049584683959e-05,-0.6917392756902374,446.15438109321815,136643807.4514979,1316588.3276367188
NGA-2865,NGA,Nigeria,Kogi,60962181137.12108,0.0003040521651169962,0.0003300910070992906,0.08563939011016375,29099.859190479256,2094930.4509716108,5086892.318439629
GBR-2318,GBR,United Kingdom,Suffolk,60961302150.52184,0.0003040477811239431,0.0002791755177695153,-0.0818037982796157,3629.1913288717524,16797489.199742347,748604.5309944153
PAN-1340,PAN,Panama,Panama,60821144802.29185,0.0003033487387932474,0.00021400723847033958,-0.2945174609207789,11436.531968973635,5318145.830160278,2238639.325083539
ZAF-1201,ZAF,South Africa,North West,60675074822.30304,0.0003026202068928829,0.00037797612814735164,0.24901153174197033,104820.57484188935,578846.9955810194,3980310.962286066
IDN-1234,IDN,Indonesia,Kalimantan Selatan,60617260693.44954,0.0003023318558082535,0.0002958453978076909,-0.021454761964205593,38666.317479330086,1567701.9340115283,4175457.223622309
GBR-2081,GBR,United Kingdom,Lincolnshire,60593971101.685646,0.0003022156977137035,0.0004336838723745094,0.43501438097153056,5815.7623112702,10418921.520272985,737492.1011924744
VNM-462,VNM,Vietnam,Ha Noi,60592260662.07273,0.000302207166803918,0.00021532859938028416,-0.2874801691251866,3452.8466447848978,17548494.588831484,7318835.022506714
EGY-1541,EGY,Egypt,Al Buhayrah,60569260317.747,0.0003020924513465602,0.00038092702178938777,0.2609617356919278,11927.74494105515,5078014.378834372,7182608.407106951
ITA-5451,ITA,Italy,Varese,60364075091.09365,0.00030106907896633564,0.0002107822779650886,-0.2998873258962026,1020.1678034278737,59170731.4113069,932925.5410842896
KAZ-3251,KAZ,Kazakhstan,South Kazakhstan,60201648690.879814,0.000300258968538264,0.0002922639724171539,-0.02662700188451228,114883.82049023868,524021.99399344454,3360883.1148315454
IND-2478,IND,India,Manipur,60200214614.5267,0.0003002518160051365,0.000279932604963086,-0.0676738989039215,21577.59332468152,2789941.107364681,3379488.483149551
GBR-2048,GBR,United Kingdom,Devon,60011692100.18378,0.0002993115498009084,0.0002558248413330827,-0.14528910928011796,6500.655894810391,9231636.479650054,728316.004882887
IRN-3211,IRN,Iran,Esfahan,59969803034.088104,0.0002991026258253625,0.0003052679554605077,0.02061275663539308,110684.77228674,541807.1681868787,4856187.446329327
SAU-887,SAU,Saudi Arabia,Jizan,59954753096.72936,0.00029902756345138824,0.00024560609226790533,-0.17865065871149177,14617.918150293079,4101456.3414782365,1402074.0093253553
GBR-2749,GBR,United Kingdom,Northamptonshire,59860529328.24672,0.00029855761732613083,0.0007264642349962042,1.4332463579472083,2529.6841815231405,23663242.14124005,739190.8750228882
ESP-5808,ESP,Spain,Baleares,59826110095.757324,0.00029838594954842245,0.00014104586525780818,-0.5273039314643766,5142.33614638538,11634033.325069567,1057841.8881922893
NZL-5468,NZL,New Zealand,Waikato,59759337873.41407,0.0002980529194895491,0.0003484004043175728,0.16892129395762923,24764.349177447897,2413119.6602507522,455160.3352023212
GBR-2054,GBR,United Kingdom,Leicestershire,59712749328.08779,0.0002978205566079743,0.0005546633891431073,0.8624080065541584,2270.11283147335,26303868.468658004,738161.8187789917
NGA-2849,NGA,Nigeria,Kwara,59462323925.079216,0.0002965715464091137,0.00032043430910510607,0.08046207731295385,35638.99221407747,1668462.5526978702,3482593.928542033
JPN-1834,JPN,Japan,Kōchi,59218785154.5585,0.00029535688366106997,0.0003015177937550842,0.02085920604811098,7059.0956111800615,8389004.543410478,677738.8964416366
BRA-622,BRA,Brazil,Piauí,59059921090.5466,0.0002945645405768641,0.00033863021418449135,0.14959598844222954,251869.6270811655,234486.07827379846,3452316.423015921
ESP-5805,ESP,Spain,Asturias,58991849700.4848,0.00029422503084895166,0.00024240896731049275,-0.1761103172933648,10581.252805036855,5575129.031262129,1009233.9404980168
FRA-5315,FRA,France,Loire,58903797430.8023,0.00029378586540668817,0.00034282776430661184,0.16693076377937688,4948.197764772122,11904091.192586958,736492.6180272102
SAU-846,SAU,Saudi Arabia,Al Quassim,58599281831.95142,0.0002922670774398625,0.00028981550835079165,-0.008388112374974166,54187.00455625772,1081426.8533908867,1321409.887341097
ITA-5465,ITA,Italy,Vicenza,58503272294.33552,0.00029178822469477555,0.0002759656789629795,-0.05422612837905705,2837.67169676822,20616645.808943994,891059.448801009
POL-3139,POL,Poland,Warmian-Masurian,58422674855.10899,0.0002913862406213286,0.00031620140091671715,0.08516242991595857,24796.96081023417,2356041.7464948716,1466936.8634889424
EGY-1545,EGY,Egypt,Al Minya,58364786561.51153,0.00029109751963604023,0.0002860766137380488,-0.017248191960787196,19345.23497394051,3017010.992119418,5907040.004175361
NER-800,NER,Niger,Agadez,58359345006.62727,0.0002910703795876807,0.0002968341859041458,0.019802105334901787,622525.5062189833,93746.11067919592,683289.582390321
RUS-2306,RUS,Russia,Stavropol',57836711374.4625,0.00028846371617015587,0.00029482683201508274,0.02205863506651018,66851.22233352128,865155.6300035127,2922229.540942152
GBR-5674,GBR,United Kingdom,Leeds,57780277229.6229,0.00028818224783019587,0.00016978971658542885,-0.41082520570290937,533.9836128941791,108206086.91801439,718581.5700683594
ESP-5812,ESP,Spain,Cádiz,57620076130.68588,0.0002873832362122165,0.00025988817176458953,-0.09567386327058891,7252.544385174896,7944808.479692795,1003803.8881193696
HKG-5168,HKG,Hong Kong S.A.R.,North,57484298236.14848,0.0002867060366429251,2.8907043345780737e-05,-0.8991753236720903,135.1880245228159,425217384.7428828,497095.464761734
CZE-10370,CZE,Czech Republic,Jihomoravský,57291661799.767685,0.0002857452520307364,0.00024870053986071817,-0.12964244167400374,6834.176695902679,8383110.994791221,1166963.8074094877
RUS-2403,RUS,Russia,Novosibirsk,57252208735.643974,0.00028554847774635945,0.0002849696346533255,-0.0020271272240790505,177774.86788209734,322048.94548769627,2825860.96013138
FRA-5325,FRA,France,Meurthe-et-Moselle,57147828469.954414,0.0002850278755437084,0.00023947350129419602,-0.1598242774066031,5325.315091541909,10731351.570298847,712949.4779113829
JPN-1824,JPN,Japan,Shimane,56835803909.55755,0.00028347163622633635,0.0003413107118137192,0.20403831705123943,6849.4596072877075,8297852.264007109,650061.07451538
BRA-626,BRA,Brazil,Paraíba,56606651951.7424,0.00028232872848230766,0.00029969043952689917,0.06149466665302361,56289.11826010936,1005641.1203701172,3956615.2326175384
HUN-3160,HUN,Hungary,Budapest,56577274447.09344,0.00028218220659402153,6.921008226347848e-05,-0.7547326491671682,547.3045975272465,103374381.8391309,1804810.1606445312
ESP-5851,ESP,Spain,Bizkaia,56518411055.59126,0.0002818886222553623,0.00017646077612520339,-0.3740053262407025,2191.6369386861943,25788217.956151064,1015173.0785331726
NGA-2866,NGA,Nigeria,Plateau,56430732638.816154,0.00028145132142463024,0.00027957262849344176,-0.006675019046558539,27254.99314422002,2070473.1914703653,4568922.519863337
MEX-2710,MEX,Mexico,Durango,56408471787.6416,0.0002813402942292327,0.00030432617578851395,0.08170134897403858,120946.37879557526,466392.39925474534,1976998.0417045911
NOR-914,NOR,Norway,Rogaland,56317272366.78422,0.00028088543220081,0.000220969324534891,-0.21331155267277768,9197.585262960816,6123049.774115928,340090.3451193832
DEU-1575,DEU,Germany,Bremen,56176888910.31806,0.00028018526214309615,1.5794059489553903e-05,-0.9436299419578765,280.4532019348678,200307532.67479017,614511.0863342285
FRA-5327,FRA,France,Morbihan,56098643091.273865,0.00027979500690209305,0.0002828203880520184,0.01081284896189727,6762.821340706112,8295153.7923396565,694533.3064289093
BRA-600,BRA,Brazil,Mato Grosso do Sul,56089291861.61229,0.00027974836713999675,0.00031752348850255997,0.13503249991682376,356096.93287657166,157511.30291552847,2870132.019581496
AUS-2660,AUS,Australia,Tasmania,55695374443.406715,0.0002777836827791583,0.00033002842023598957,0.1880770567015866,68134.78924366368,817429.3200530625,501860.89489933767
EGY-1537,EGY,Egypt,Ad Daqahliyah,55470063835.23986,0.00027665993397360175,0.00024601287574511845,-0.11077519533929903,3637.685727867644,15248723.497550616,7480094.716033936
TUR-2271,TUR,Turkey,Antalya,55392838053.66475,0.00027627476622446974,0.0002487131951416028,-0.09976144929744868,21089.40071984672,2626572.4090270572,2393968.9831783376
GBR-2040,GBR,United Kingdom,Buckinghamshire,55118043068.419525,0.00027490421142034995,0.0004084462359566716,0.485776568668588,1542.4886026757958,35733193.083439834,682380.5242462158
FRA-5275,FRA,France,Calvados,55104172700.65587,0.0002748350322133261,0.00021702749333666357,-0.21033540888554736,5633.206252054432,9782026.475696564,685384.2020645142
RUS-2602,RUS,Russia,Irkutsk,55063831748.8429,0.0002746338295412297,0.0002758241553224165,0.00433422853686749,773360.7335103995,71200.70797866861,2357817.842570091
NLD-894,NLD,Netherlands,Drenthe,54937537259.34458,0.000274003928965856,0.000316207480079633,0.15402535019501862,2625.463436307964,20924891.39235549,500227.5758094787
AUT-2325,AUT,Austria,Kärnten,54799376642.726814,0.0002733148454417274,0.0002922039756080331,0.06911124836917426,9749.245934457856,5620883.605884145,566765.6731441021
FRA-5317,FRA,France,Loiret,54738712542.48515,0.00027301227997114717,0.0002907486816845238,0.06496558219011628,6679.012620228546,8195629.452278542,677226.8990764618
GBR-2750,GBR,United Kingdom,Warwickshire,54716670006.39957,0.000272902341634026,0.00037285498469614796,0.3662579165266482,1995.727237929419,27416907.965423416,676156.645652771
KWT-1664,KWT,Kuwait,Al Farwaniyah,54478611447.707275,0.00027171501173793496,5.699018134277984e-05,-0.7902575165859955,143.4717263247021,379716706.8612004,1035959.6839752196
ESP-5827,ESP,Spain,La Coruña,54302842337.91813,0.0002708383538265018,0.00022713361661121285,-0.16136834609209771,8004.299457121918,6784209.2401479995,940393.885602951
RUS-2612,RUS,Russia,Sakha (Yakutia),54286738289.34207,0.0002707580340160002,0.0006901478612878718,1.5489469363154265,3072712.9267274286,17667.364177479405,943731.6282747352
THA-441,THA,Thailand,Nakhon Ratchasima,54241507987.51408,0.000270532445447101,0.0002742572981782587,0.013768598901332307,20701.10433844903,2620222.916647449,2329080.900812924
CZE-1612,CZE,Czech Republic,Moravskoslezský,54235420873.1475,0.00027050208563601894,0.00024655668493943773,-0.08852205571827476,5668.423318272248,9567990.573025623,1116362.0871985257
AUT-2327,AUT,Austria,Salzburg,54188368505.69728,0.0002702674094165946,0.00031241289575127055,0.15593995008740458,7319.09891351131,7403693.971899147,564885.0628945827
GBR-2140,GBR,United Kingdom,North Yorkshire,54178109852.46593,0.0002702162438305215,0.0009961805606655122,2.686605018794919,8271.995070366096,6549581.9801145205,651425.7586674392
THA-390,THA,Thailand,Chiang Mai,53823781075.05977,0.0002684490099500395,0.0002574841027143004,-0.0408454001666082,22667.90743600121,2374448.599943405,2137950.321342098
HKG-5163,HKG,Hong Kong S.A.R.,Sha Tin,53647266420.87633,0.0002675686335957448,5.092284242905564e-05,-0.8096830643236298,70.62075604531734,759652960.7591695,463914.732421875
FRA-5336,FRA,France,Pyrénées-Atlantiques,53591933014.066055,0.0002672926552460509,0.00022828571572185426,-0.14593345069017927,8038.761425698664,6666690.32405179,658591.5573897772
ITA-5454,ITA,Italy,Monza e Brianza,53586707699.36705,0.00026726659370727366,0.00019318989547000652,-0.2771640750523441,448.4431974345663,119494972.84365886,832877.779296875
VNM-478,VNM,Vietnam,Gia Lai,53574826037.49124,0.00026720733327808394,0.00027623683641118143,0.03379212322627545,16249.650802319138,3296983.2207006617,1605966.4523772525
GBR-2053,GBR,United Kingdom,Cambridgeshire,53462905544.96557,0.0002666491237875664,0.00040241978000306577,0.5091734571896247,3252.2726758126437,16438629.49824981,657248.4902000427
RUS-2401,RUS,Russia,Kemerovo,53259358255.456985,0.0002656339207071586,0.00025065313033567854,-0.05639637562702415,95213.6860150331,559366.6255820405,2670797.02116984
CHE-3421,CHE,Switzerland,Fribourg,53189634000.94105,0.00026528616722866917,0.00026731565395879696,0.007650179243527733,1707.3102670829808,31154052.67949218,316321.9765739441
CHL-2699,CHL,Chile,Valparaíso,53100463443.94671,0.0002648414242681469,0.000299188959720443,0.12969094826162797,16871.417816792396,3147362.2442741566,1990319.3177361717
NGA-2860,NGA,Nigeria,Delta,53087905509.959946,0.0002647787908953435,0.00028083628393874076,0.06064493681347827,16641.549227918793,3190081.9318490317,6233002.860331144
NGA-2844,NGA,Nigeria,Rivers,52930812389.86569,0.00026399528048940497,0.00023271352088293244,-0.11849363196372742,8366.443411567368,6326560.736272241,7779367.526659965
VNM-456,VNM,Vietnam,Thanh Hóa,52929543897.32995,0.00026398895381449385,0.00023330142548634475,-0.11624550150576896,11297.591861960655,4685028.8578352155,3380537.6649532095
FRA-5335,FRA,France,Puy-de-Dôme,52472152859.85469,0.00026170769135545137,0.0002361856446906052,-0.09752119447717,7855.0291055745165,6680071.092622244,644203.2118885517
FIN-3186,FIN,Finland,Pirkanmaa,52467627846.76964,0.00026168512260872954,0.00023870306633784523,-0.08782332003354654,15094.158119880924,3476022.1424779636,524818.2756877388
GBR-2776,GBR,United Kingdom,Worcestershire,52324029354.701744,0.0002609689173876176,0.0002839447285205542,0.08804041248640582,1790.4915603845561,29223276.17308833,646868.8544616699
IDN-555,IDN,Indonesia,Nusa Tenggara Barat,52192675177.00179,0.0002603137813445518,0.00022061645628631895,-0.1524979770690258,19324.79802951569,2700813.4883109992,4864451.95508945
RUS-3200,RUS,Russia,Perm',52085025859.72994,0.00025977687457088747,0.0002707044818731906,0.04206535828238711,161483.5562468687,322540.7408052416,2571132.7086752993
IND-3300,IND,India,Mizoram,51686793712.289825,0.0002577906702653688,0.00028851347939347143,0.11917735074150149,20965.490039267745,2465327.2408840423,1337381.1253190637
FRA-5353,FRA,France,Vendée,51557009649.25854,0.00025714336525386365,0.0002493520778290183,-0.030299391225410144,6558.105967105964,7861570.079510351,637042.4027271271
ESP-5821,ESP,Spain,Granada,51363304825.70155,0.0002561772520030331,0.0002728939012294191,0.06525422962296479,13034.157490281152,3940669.3423798447,858374.12282776
KEN-893,KEN,Kenya,North-Eastern,51342694708.9387,0.00025607445793451107,0.00025386901946353294,-0.008612489073557494,126724.51454259818,405152.03308733104,5069567.088992753
BRA-628,BRA,Brazil,Rio Grande do Norte,51338330249.48115,0.00025605268995766245,0.0002704325635383104,0.056159822351507405,52690.65660715304,974334.6079788972,3582931.1167499768
NGA-2852,NGA,Nigeria,Ogun,51093813006.795654,0.0002548331470269439,0.0003063158934507247,0.20202531352146846,16161.64051600859,3161424.915755656,5892349.760806084
FRA-5262,FRA,France,Ain,51054075678.01287,0.00025463495495725406,0.00042215075905417443,0.6578664901880478,5632.282813094586,9064544.052957784,633612.4076957703
ZAF-1206,ZAF,South Africa,Free State,51050887273.86307,0.0002546190526196583,0.0002946627600452213,0.15726909284113555,130208.82912015928,392069.3214033305,2773224.2712308858
RUS-2369,RUS,Russia,Volgograd,50976639807.972855,0.00025424873938057667,0.00026632125214750776,0.04748307817117681,112663.14203540313,452469.53783655365,2543146.861760806
IRN-3219,IRN,Iran,Khuzestan,50821134600.39676,0.00025347314877393267,0.0002682047114783235,0.05811882945254121,63673.14138754918,798156.5459613787,5399010.592718239
BRA-625,BRA,Brazil,Espírito Santo,50810982294.70774,0.00025342251360196055,0.0002700117763317742,0.06546088780363712,46101.768941946306,1102148.2138503517,3568746.8274769336
NZL-5469,NZL,New Zealand,Wellington,50694489823.01606,0.0002528415011188603,0.00018553917856130263,-0.2661838434740149,8338.399774415098,6079642.520686417,483982.5983403995
SWE-184,SWE,Sweden,Östergötland,50659884047.15039,0.0002526689029460055,0.00023843157413591226,-0.05634776834067201,11950.361163486241,4239192.720127928,466029.9696328668
CHE-174,CHE,Switzerland,Thurgau,50519923530.8167,0.0002519708423250046,0.0002648509398246232,0.051117412557621256,869.1355228370589,58126635.263863124,301603.6804199219
MEX-2725,MEX,Mexico,Tabasco,50471495988.83983,0.0002517293073484878,0.00022562700928470237,-0.10369193137948807,24036.78497097495,2099760.6813800386,2662465.9175762422
COL-1408,COL,Colombia,Valle del Cauca,50285111277.64961,0.0002507997035527407,0.0002159529107106042,-0.1389427194231454,20933.34880520689,2402153.2219031225,4754698.316188339
TUR-3017,TUR,Turkey,Sanliurfa,50215490183.932526,0.0002504524645942973,0.00025431067067426704,0.015404943553738004,20066.295813200242,2502479.314139244,2143537.7262805495
GHA-2158,GHA,Ghana,Ashanti,49818777195.96394,0.00024847383717854635,0.0002371078154533422,-0.04574333400355879,25106.043875538722,1984334.0290065887,7028729.835469976
VNM-477,VNM,Vietnam,Đắk Lắk,49806458605.83581,0.0002484123975461418,0.00024310577842379856,-0.02136213479988469,13170.94191616042,3781541.132204411,2177800.3910755217
GBR-2039,GBR,United Kingdom,Gloucestershire,49720259545.38403,0.0002479824750848299,0.00041102222159455123,0.6574647924372425,2683.821141956946,18525921.40664404,611843.1302757263
ITA-5461,ITA,Italy,Venezia,49485260943.5458,0.00024681040688852193,0.00016498268867744825,-0.33154079377225454,2003.3332611553424,24701462.259458095,755238.7746047974
POL-3150,POL,Poland,Podlachian,49427418263.50978,0.0002465219134033305,0.0002543988048135725,0.03195209424386847,20953.690247214912,2358888.4669171576,1235246.0290222764
ESP-5829,ESP,Spain,Las Palmas,49411519552.54851,0.0002464426177252531,9.498538323609268e-05,-0.6145740371010534,3774.3977105932395,13091232.917471824,874757.4453043193
FRA-5283,FRA,France,Côtes-d'Armor,49132513656.32505,0.0002450510607756036,0.00023579627180442812,-0.03776677783757987,7095.0979379743285,6924853.481353427,604240.9990997314
MYS-1140,MYS,Malaysia,Kedah,49119564172.12411,0.0002449864745249971,0.00024191931806621562,-0.012519697116864736,9218.251918070408,5328511.80556649,2051020.6288575009
RUS-2393,RUS,Russia,Saratov,49099152902.86276,0.00024488467221910943,0.00025486256243409313,0.0407452623496829,102186.09160743671,480487.62928994844,2453601.4755639588
OMN-2426,OMN,Oman,Muscat,49071193554.78438,0.0002447452234631771,0.0001578840718423703,-0.3549043793039557,4561.994538181343,10756521.767855251,1486867.908609517
NOR-911,NOR,Norway,Sør-Trøndelag,49069204117.092705,0.000244735301035432,0.0002083791166398078,-0.14855308670963108,18986.355064036827,2584445.7217613915,293740.7183364774
FRA-5310,FRA,France,Indre-et-Loire,48879891666.46271,0.00024379109498138374,0.00021243218116061762,-0.1286302677428014,5860.258113003657,8340911.052706085,604240.4143009186
FRA-5290,FRA,France,Eure,48842825145.42842,0.00024360622370933263,0.00038827050918450155,0.5938447847201975,6028.21625513696,8102367.778164375,604096.6468811035
ITA-5407,ITA,Italy,Lecce,48732686088.71962,0.0002430568992259955,0.00015695718710085496,-0.35423685729276333,2748.2445044373535,17732296.384122718,738365.4138958454
MAC+00?,MAC,Macau S.A.R,Macau,48644212782.74608,0.00024261563384253085,7.640238378018571e-07,-0.9968508878603523,20.424650434785068,2381642365.829698,132200.58203125
NGA-2861,NGA,Nigeria,Edo,48614873105.655334,0.00024246930062123075,0.00026265936391008815,0.08326853435518822,19870.155514520044,2446627.711098194,4734632.521225986
FRA-5278,FRA,France,Charente-Maritime,48587797124.595345,0.00024233425770592824,0.0002275369379589902,-0.061061609229407954,6586.731472437861,7376617.268809377,598413.9045152664
NLD-902,NLD,Netherlands,Flevoland,48413111504.65658,0.0002414630037585388,0.00048605071956933134,1.0129407487011068,2374.944777523978,20384941.983842734,440085.56105722487
ITA-5358,ITA,Italy,Modena,48063962055.252945,0.00023972160205570605,0.00023492739252111837,-0.01999907181278393,2707.1723690442327,17754304.30838134,728680.2920992374
ECU-1280,ECU,Ecuador,Guayas,47967781727.11685,0.00023924189748369173,0.00018890842459874782,-0.21038736698857263,14827.268012356253,3235105.8662420525,4293341.182050746
BEL-3476,BEL,Belgium,Namur,47575220697.47659,0.0002372839781839507,0.0002762446546336387,0.16419429894876592,3864.0027242955102,12312419.035923574,515508.40878486633
MLI-2688,MLI,Mali,Timbuktu,47131173925.91482,0.0002350692709705902,0.00023883254440279728,0.016009210462382795,504098.3350103374,93495.99205668535,1042135.0965128832
ESP-5817,ESP,Spain,Córdoba,46932132279.66431,0.00023407654002884792,0.0002621950574635288,0.12012531213600264,13754.98637205437,3412008.6352840764,771365.3910510279
RUS-2377,RUS,Russia,Voronezh,46912487800.74171,0.00023397856213111526,0.00023542544881509757,0.006183842958960906,52426.37892539148,894826.0162599318,2371377.456904195
ESP-5842,ESP,Spain,Santa Cruz de Tenerife,46905868224.97164,0.00023394554664007635,8.051253089104543e-05,-0.6558492689971422,2852.7693124114126,16442222.65743691,833145.9557800889
RUS-2399,RUS,Russia,Altay,46760708473.41918,0.00023322155455311188,0.00023613665892557623,0.012499292263316475,171505.33239302813,272648.7148881212,2292303.039438603
FRA-5340,FRA,France,Sarthe,46757099385.804375,0.00023320355403405385,0.00020600951876663504,-0.1166107239662727,6264.173097638005,7464209.346870507,576751.7595901489
IRL-5574,IRL,Ireland,Fingal,46622720915.474144,0.0002325333341684438,0.0001323693216191457,-0.43075119920974747,538.0968118946327,86643741.20953456,262682.2698364258
VNM-455,VNM,Vietnam,Son La,46577034580.89694,0.0002323054711116215,0.0002282782169527607,-0.017336028030634498,14499.19583359262,3212387.4396526483,1142472.8327337578
SAU-848,SAU,Saudi Arabia,Tabuk,46278357817.40788,0.000230815804650956,0.00026969171174187785,0.1684282718408765,98804.38008540338,468383.6665682871,974267.7588329916
NOR-918,NOR,Norway,Buskerud,46240367496.937805,0.00023062632587941346,0.00036946573255315336,0.6020102264749005,15307.562851289184,3020753.071286165,277417.1551410565
ITA-5432,ITA,Italy,Perugia,46073319358.38547,0.00022979316428220356,0.00021618161132813543,-0.059233933248563075,6411.043203214597,7186555.74420144,668359.6931750774
MAR-1455,MAR,Morocco,Souss - Massa - Draâ,45932560601.96147,0.00022909112239571615,0.0002402228038897071,0.04859062794569091,72223.63298528502,635976.8776976347,3890326.1960377414
TUR-3016,TUR,Turkey,Gaziantep,45692803174.16077,0.0002278953192983546,0.00017824873066875065,-0.21784821549848477,7424.270605666557,6154517.473984023,2352865.6682011187
CHL-2702,CHL,Chile,Bío-Bío,45680447040.04507,0.00022783369241328785,0.00020427438846217516,-0.10340570659925208,24172.283317637015,1889786.183612819,1685507.9578475896
NZL-3407,NZL,New Zealand,Otago,45618194236.535965,0.00022752320319950842,0.00022972880460760887,0.009693962536939216,32602.33291026326,1399230.9802521921,231748.24661451037
FRA-5345,FRA,France,Somme,45476594543.66041,0.00022681696709713086,0.0003229286166420934,0.4237410048067709,5993.563583742919,7587571.885782972,560443.7688379288
NOR-924,NOR,Norway,Østfold,45390308678.70665,0.00022638661169368537,0.0002139986536414569,-0.05472036512914513,4080.796819312875,11122903.366296358,274872.48108960316
FRA-5323,FRA,France,Marne,45228511759.7047,0.0002255796408370956,0.00020208437946466745,-0.10415506153498788,8215.207832268661,5505461.661243775,551087.5792642236
NGA-2847,NGA,Nigeria,Cross River,45213878122.73495,0.00022550665478375572,0.00024330438470269888,0.07892330244537527,20902.144762575776,2163121.470849637,3877435.833940356
HKG-5164,HKG,Hong Kong S.A.R.,Kwai Tsing,45042458464.141464,0.0002246516899946559,6.9504246693428374e-06,-0.9690613292537075,9.716535871765648,4635649891.956457,389504.65625
RUS-2336,RUS,Russia,Leningrad,44993389945.18799,0.00022440695811091094,0.00040141453444208445,0.7887793579185243,83059.35494995005,541701.6538630733,2254705.7441674997
BRA-623,BRA,Brazil,Alagoas,44963557423.5575,0.00022425816680089782,0.00022304948712266852,-0.005389679651231605,27572.594867265932,1630733.6193786405,3203265.301289931
GBR-2047,GBR,United Kingdom,Somerset,44931489718.51316,0.00022409822739310114,0.0002999041644069305,0.3382710247004972,3460.7043126236877,12983336.818062026,549776.168721199
MYS-4831,MYS,Malaysia,Kuala Lumpur,44794615444.27364,0.00022341555957093554,1.2346061371634916e-05,-0.944739473851574,127.66263494915681,350882742.3318784,2183171.9765625
FRA-5339,FRA,France,Saône-et-Loire,44653343027.25378,0.0002227109557745329,0.0002771921103137334,0.2446271866138272,8864.370945899476,5037395.5805527,541775.2432317734
MEX-2737,MEX,Mexico,Yucatán,44652691251.07787,0.00022270770500571594,0.00022288936821737053,0.0008157024098018884,38436.432906041024,1161728.284209741,2174097.891117585
IRL-715,IRL,Ireland,Meath,44567078661.06257,0.0002222807075973247,0.00027564945666331,0.2400961812784317,2218.5284479472884,20088576.597833857,249365.91766357425
JPN-1825,JPN,Japan,Tottori,44494723706.97802,0.00022191983336290608,0.0002839891326732617,0.27969243834485735,3703.2656673352944,12014996.412340691,518106.7181854248
GBR-2757,GBR,United Kingdom,Wiltshire,44357585373.00392,0.00022123584852857782,0.00039180321451380746,0.7709752606535503,3308.449819578783,13407362.297141122,543398.1157455444
MYS-1144,MYS,Malaysia,Kelantan,44301263963.97129,0.00022095494246453308,0.00021339093511691615,-0.03423325707607139,14794.032873372598,2994535.9959087293,1584986.709997265
NGA-2867,NGA,Nigeria,Nassarawa,44300001427.352325,0.00022094864549507802,0.0002468443464030133,0.11720235193074369,26257.719256786084,1687122.9749287295,2682022.80194515
MEX-2713,MEX,Mexico,Zacatecas,44276290965.966736,0.00022083038829059912,0.0002993522292357762,0.3555753424743664,74694.84868089884,592762.3088858227,1766818.2280450473
FIN-3191,FIN,Finland,Finland Proper,44272375872.348816,0.00022081086155010263,0.0002099750989857042,-0.049072597644567284,9256.824256348784,4782674.343415848,444578.40573203936
FRA-5282,FRA,France,Côte-d'Or,44206015302.673325,0.00022047988463110352,0.00020151905197146562,-0.08599801606102198,8645.45675855552,5113207.611492265,535649.3995257821
SGP-4873,SGP,Singapore,North West,44061416589.60721,0.00021975869075383734,0.00025775312550480094,0.17289161407283338,76.65066421435668,574834113.1968234,320051.83306884766
ITA-5367,ITA,Italy,Genova,44056190596.34691,0.00021973262583069905,0.00010610644326788644,-0.5171111123496062,1760.9075857419843,25019024.821670685,672697.7823052406
NGA-2853,NGA,Nigeria,Ondo,43743637968.90928,0.00021817375275049112,0.00022723583764731753,0.04153609122353985,14300.706839041379,3058844.465609754,4915162.991876674
IND-2479,IND,India,Nagaland,43588094333.07584,0.00021739797048084185,0.00022004788376711688,0.012189227343815334,16574.038891818884,2629901.7769646584,2101804.1362133026
GHA-2159,GHA,Ghana,Brong Ahafo,43568531050.3596,0.000217300397553566,0.00023481566214853021,0.08060392338052025,39859.11597995721,1093063.1545433076,2781132.5663233045
ESP-5848,ESP,Spain,Toledo,43472707441.8139,0.00021682247213974086,0.0004154222574160573,0.9159557278192088,15498.844609087582,2804899.8837193414,698714.7148081735
ESP-5846,ESP,Spain,Tarragona,43369757102.12926,0.00021630900177013187,0.000234970395526791,0.08627192397887473,6171.813250449446,7027068.924836792,751495.9352456331
BRA-599,BRA,Brazil,Distrito Federal,43253744024.85154,0.00021573038029251717,0.000152399180957158,-0.2935664381135654,5763.457734789637,7504825.404333477,3154186.2300510406
ROU-128,ROU,Romania,Bucharest,43242230944.665115,0.00021567295818437487,6.624804977478043e-06,-0.9692830986636043,190.14231814528878,227420341.59709513,1717666.6478271484
FRA-5263,FRA,France,Aisne,43237663096.60396,0.00021565017579590034,0.0003527343299826345,0.6356783790265763,7146.467411165081,6050214.827685748,527746.4631347656
FRA-5287,FRA,France,Doubs,43221651647.02184,0.00021557031782787334,0.00027550921253372587,0.2780479952426105,5321.4339310151545,8122181.390829854,535046.8481323719
ARG-1275,ARG,Argentina,Mendoza,43185461468.80771,0.00021538981736288462,0.00028771592588960356,0.33579167953360267,150741.70759732384,286486.48179154895,2051665.2492412664
IRQ-3063,IRQ,Iraq,Baghdad,43000836115.09157,0.0002144689884573929,2.273546975573795e-05,-0.8939918077701259,478.25530345929786,89911885.56417373,5240301.036376953
AUS-2653,AUS,Australia,Australian Capital Territory,42862858980.044395,0.00021378082005748983,9.416822073474268e-05,-0.5595104335860485,2216.5805464253613,19337379.39240175,416759.54854381864
NGA-2857,NGA,Nigeria,Anambra,42670358418.22081,0.00021282071312698076,0.00016698380741665626,-0.2153780289373226,4791.592044209805,8905256.9635564,6691392.888722897
ESP-5840,ESP,Spain,Pontevedra,42634701203.99073,0.00021264287084859655,0.00014029371572843056,-0.3402378590518521,4207.586319856517,10132816.765466768,749233.5995059013
HKG-5165,HKG,Hong Kong S.A.R.,Tsuen Wan,42535943650.07979,0.00021215031222408245,4.4982313797104767e-05,-0.7879696083143518,68.69857674268617,619167756.6974963,367829.5695800781
ITA-5391,ITA,Italy,Cosenza,42476154225.18785,0.0002118521092439659,0.00016535596852778874,-0.21947452344046703,6666.935595656363,6371166.125087797,609589.2803126434
NGA-2842,NGA,Nigeria,Akwa Ibom,42459445270.753265,0.00021176877243288215,0.0001775457291197653,-0.161605712305687,6537.600307801595,6494652.972296978,6263189.09787941
IDN-554,IDN,Indonesia,Maluku,42394774908.75575,0.00021144622551580228,0.00027200739469683847,0.2864140470386889,42392.292103125605,1000058.567383526,1249491.9980523568
IDN-556,IDN,Indonesia,Sulawesi Tenggara,42278952837.27016,0.00021086855668987363,0.0002325621401634781,0.10287727963875337,34437.14109316525,1227713.7850348812,2181998.215884734
IRL-5576,IRL,Ireland,Dún Laoghaire–Rathdown,42172094820.05032,0.00021033559656788062,6.414482271791269e-05,-0.695035820067615,109.52328462119583,385051406.7936275,237823.628326416
IRQ-3471,IRQ,Iraq,Al-Anbar,42047793744.15903,0.0002097156382503442,0.0002554485952614515,0.2180712768616444,138597.0672753282,303381.5546805873,2487486.735195716
POL-3149,POL,Poland,Świętokrzyskie,41993044338.241776,0.00020944257263658987,0.0002565053752337291,0.22470504446485817,11465.702611246325,3662492.0218192474,1175523.1534234583
GBR-2110,GBR,United Kingdom,Cornwall,41938514041.12092,0.00020917059983977055,0.0001386559934265022,-0.3371152851657171,3310.0842083971324,12669923.603372352,512218.1359195709
IRL-721,IRL,Ireland,Kildare,41900673668.8972,0.00020898186894319099,0.0002860596683257655,0.3688252946169561,1765.1421563092522,23737846.563308876,234878.62354421616
GBR-5684,GBR,United Kingdom,Manchester,41899709490.65406,0.00020897706005222093,9.50209085908112e-05,-0.5453045967482432,126.34235219690265,331636294.25985354,521912.615234375
CAN-686,CAN,Canada,Newfoundland and Labrador,41857444301.06101,0.00020876626014045363,0.000538376886701429,1.5788500801768452,402193.05846052844,104073.01523621133,466561.99671215314
ESP-5807,ESP,Spain,Badajoz,41808954786.00729,0.00020852441606987495,0.00022428700227722283,0.07559108187151553,22210.409192639203,1882403.6254074636,628567.154465355
EGY-1543,EGY,Egypt,Al Iskandariyah,41706163796.837616,0.00020801174046955055,8.885012253837917e-05,-0.5728600590629386,2156.6657217139436,19338260.620052386,5676690.0463974625
CRI-1331,CRI,Costa Rica,San José,41681274966.093346,0.000207887606084365,0.00014470534473722018,-0.3039250994188859,4816.420461945138,8653994.246436726,1576697.6727962494
FIN-3180,FIN,Finland,Northern Ostrobothnia,41587958999.841,0.0002074221876716742,0.0001925485026740967,-0.0717072998049797,36826.14707003102,1129305.1896185232,401491.01015905105
DOM-1394,DOM,Dominican Republic,Santo Domingo,41526661523.37356,0.0002071164632030202,9.104734505924146e-05,-0.5604050800636027,1248.6614804374806,33256941.271884426,2769033.1328125
GBR-2062,GBR,United Kingdom,Brent,41499290796.97822,0.00020697995022946682,8.235361483240407e-05,-0.6021179117054414,41.48007241239777,1000463316.0807768,517150.8359375
IND-3301,IND,India,Tripura,41385728992.827805,0.0002064135546087317,0.0002845786352533408,0.378681917438878,10783.152026395657,3837999.213172669,4784231.869216442
KWT-3506,KWT,Kuwait,Hawalli,41287688344.57654,0.00020592457158984627,1.2302037384487518e-05,-0.9402594974970238,40.491645143197026,1019659443.2892103,785490.125
PRT-5498,PRT,Portugal,Setúbal,41246648731.87956,0.0002057198843089235,0.00015463169648821356,-0.24833859882981613,5401.3421611270605,7636370.2763968045,896562.9613004792
TUR-2309,TUR,Turkey,Diyarbakir,41121550048.59152,0.00020509594788149386,0.00020179884376511214,-0.016075910569851026,15063.811439520134,2729823.7377499645,1801018.2328051105
KWT-1665,KWT,Kuwait,Al Ahmadi,41062189354.25523,0.00020479988321813806,0.00023566267819128612,0.15069732701104743,4688.494902984538,8758074.862812888,764647.677999825
FRA-2000,FRA,France,Guyane française,40926694180.62189,0.00020412409373459813,0.00020381158957904802,-0.0015309518334294392,83410.04458328367,490668.6524997262,246889.54697956727
GBR-2139,GBR,United Kingdom,Cumbria,40859226399.34894,0.00020378759453806286,0.0001529682388380722,-0.24937413788697904,6787.170292993748,6020067.956969792,488864.7077613068
GBR-5673,GBR,United Kingdom,Bradford,40852649767.03492,0.00020375479322982623,9.121155657411521e-05,-0.5523464497287547,209.24699834939997,195236491.27247834,508314.9545288086
GBR-2029,GBR,United Kingdom,Durham,40799329182.22561,0.00020348885393838077,0.0002006511636118316,-0.013945188012157494,2408.8105880777107,16937541.45060632,501863.8204274513
EGY-1551,EGY,Egypt,Qina,40478940013.89798,0.00020189089568798722,0.00010022039921984812,-0.5035912893529682,3608.1681011563296,11218695.71457202,5338742.86048162
IRQ-3051,IRQ,Iraq,Ninawa,40450485569.68544,0.00020174897761339333,0.00020113772686202987,-0.003029758854762532,37313.35265070983,1084075.3429031775,4215502.471980571
TUR-2266,TUR,Turkey,Kocaeli,40445542393.94744,0.00020172432325789525,0.00022635070070958958,0.12207936580959866,3989.036423107122,10139176.007433841,2175332.0296310484
IRN-3217,IRN,Iran,Yazd,40390630106.45772,0.0002014504452635167,0.00022517745066475745,0.11778085360001822,127642.98427944329,316434.39186624036,980293.584819846
ITA-5441,ITA,Italy,Cuneo,40250651100.70642,0.0002007522924255486,0.00031684604879757223,0.578293552563433,7009.492031086828,5742306.421377801,573233.8894946973
NGA-2859,NGA,Nigeria,Gombe,40235585940.88826,0.0002006771541287373,0.00019400287924615077,-0.033258767853090454,18043.222421178674,2229955.658788574,3555659.490906656
POL-3143,POL,Poland,Lubusz,40209108813.34304,0.0002005450980276261,0.0002614985365771655,0.3039388105170375,14058.332214437478,2860162.0875091795,1064654.2725343837
KAZ-3207,KAZ,Kazakhstan,Almaty,40204308748.317474,0.0002005211574445219,0.00040450639064700135,1.0172753628699551,222082.78825033968,181032.9790303143,2139263.5427472694
GBR-5687,GBR,United Kingdom,Sheffield,40125002373.7996,0.0002001256126259154,0.00011774379951490299,-0.4116505230392701,278.3109102858869,144173300.0426837,499020.7490711212
MEX-2733,MEX,Mexico,Querétaro,40116108128.071365,0.00020008125209582432,0.00021574083328531165,0.0782661095202839,11610.546988367527,3455143.686879114,2194927.43033316
GBR-2677,GBR,United Kingdom,East Sussex,40063712686.37478,0.00019981992700553145,9.764356541568559e-05,-0.5113422025572925,1736.0502076374366,23077508.075585473,494385.8772735596
GBR-2023,GBR,United Kingdom,Edinburgh,39708842432.37217,0.00019804999248133166,8.40573464498794e-05,-0.5755751091088644,244.66023307761174,162301988.89647764,494096.7134218216
VNM-487,VNM,Vietnam,Quàng Nam,39463710577.58951,0.00019682738413964244,0.00019984223709162865,0.015317243406777648,11386.7791525842,3465748.3076444245,1485940.850678728
CMR-1480,CMR,Cameroon,Centre,39302107044.821846,0.00019602137780732235,0.00019956962055614803,0.01810130501334095,68486.36607859253,573867.6074551851,5852616.017080445
FRA-5352,FRA,France,Vaucluse,39281195444.61713,0.00019591708007387997,0.00020482442979844487,0.045464896277578104,3589.0374328604403,10944771.733213788,490446.4534797669
ITA-5452,ITA,Italy,Como,39276506305.80677,0.0001958936927412546,0.00022557694755596691,0.15152736363962127,1342.870008675029,29248181.917890742,602512.9021087363
RUS-2391,RUS,Russia,Orenburg,39096203665.26559,0.00019499442360077632,0.00021140436341106561,0.08415594408938754,125398.50947751068,311775.6648636817,1927544.6975811664
ARE-338,ARE,United Arab Emirates,Ras Al Khaymah,39027066331.98211,0.00019464959742357684,0.0001951610565501148,0.00262758892547299,2769.91929270067,14089604.139307154,464898.4369243533
NLD-903,NLD,Netherlands,Zeeland,39008709440.423355,0.00019455804143723995,0.00028201175095874975,0.44949933128166486,1547.3637036507748,25209787.038682695,354937.09762728214
ESP-5804,ESP,Spain,Almería,38946647820.3042,0.00019424850576092525,0.00018294753694056372,-0.05817789318940969,8687.970932098806,4482824.370004611,656059.1778010055
TUR-3018,TUR,Turkey,Adana,38937878374.542725,0.0001942047676773968,0.00019561356409202266,0.007254180376076613,15473.439944682941,2516433.2245282503,1666083.7141520306
THA-426,THA,Thailand,Ubon Ratchathani,38907962938.43425,0.00019405556282695447,0.00017339804324396365,-0.10645157130286331,14480.162288591657,2686983.8999724668,1700137.4149423428
TUR-2285,TUR,Turkey,Mersin,38902746043.5217,0.00019402954328231613,0.00017733965572245836,-0.08601724911331521,15452.896879728189,2517505.057226913,1666279.6832075156
HKG-5162,HKG,Hong Kong S.A.R.,Sai Kung,38879292898.596565,0.00019391256945755665,3.792640023163888e-05,-0.8044149467064838,84.15383224868931,462002642.7756902,336208.6824760437
URY-21,URY,Uruguay,Montevideo,38876279170.95479,0.00019389753832846213,3.0721260031332966e-05,-0.8415593086112769,451.5967705648066,86086264.79399465,1233436.4245605469
EGY-1534,EGY,Egypt,Al Qalyubiyah,38872450905.80491,0.00019387844464963125,0.00012591054118787313,-0.3505696756779062,1044.928540001104,37201061.52499561,5434494.315063477
NGA-2843,NGA,Nigeria,Imo,38862596360.75422,0.00019382929457489612,0.00018993436786620988,-0.0200946235564059,5207.324340557666,7463064.295432829,5893247.3547338545
RUS-2397,RUS,Russia,Omsk,38857233476.903206,0.0001938025469025564,0.0001927346286993494,-0.005510341428814791,141817.49733835872,273994.6354023914,1905518.415490047
CZE-10368,CZE,Czech Republic,Ústecký,38818179164.274216,0.00019360776141275754,0.0003165243046622018,0.6348740481916695,5320.407828094893,7296090.904778262,785233.4598480463
VNM-497,VNM,Vietnam,Đông Nam Bộ,38807564603.57634,0.00019355482071900683,0.00022311680116319667,0.15273182209760838,5797.211651543543,6694177.638527928,3292464.8936691284
EGY-1552,EGY,Egypt,Suhaj,38794850015.88319,0.000193491406027397,0.00012712368819941522,-0.34300085564825855,2615.8460156426554,14830708.605893284,5217331.512316138
CHE-3426,CHE,Switzerland,Solothurn,38774471802.36731,0.00019338976858882206,0.00019240830369731857,-0.005075061098967715,704.617938425881,55029072.76103362,231391.42971038815
FRA-5337,FRA,France,Pyrénées-Orientales,38575565291.10437,0.0001923977116401159,0.0001480171458556827,-0.23067096487845973,4203.6845363056,9176608.034675797,478903.0465890504
RUS-2396,RUS,Russia,Khanty-Mansiy,38567884993.80481,0.00019235940574326122,0.00020671684741351823,0.07463862562259949,533317.6066757278,72316.91680723974,1656318.8551466635
EGY-1530,EGY,Egypt,Al Gharbiyah,38457969740.64857,0.00019181119749220855,0.00015381102812511208,-0.19811236186375436,2008.8418700452908,19144348.9475762,5259739.7646484375
GBR-5671,GBR,United Kingdom,Kirklees,38431211331.82684,0.00019167773848556587,0.000210230807352561,0.09679302882839602,499.3419417995051,76963715.87239446,477747.1081161499
ESP-5826,ESP,Spain,Jaén,38364313840.31661,0.00019134408363996854,0.0001944673132285883,0.01632258248703633,13422.255925471707,2858261.23815087,616315.7059342922
GBR-2051,GBR,United Kingdom,Dorset,38361942317.730354,0.00019133225554321208,0.00016550074315918394,-0.13500866495662112,2560.4504961711955,14982497.171921663,470513.8939723969
RUS-2611,RUS,Russia,Primor'ye,38237507972.462906,0.00019071163253747705,0.00032094296683383137,0.6828704288437275,165071.20530042134,231642.5078672719,1859550.711990103
NZL-3334,NZL,New Zealand,Manawatu-Wanganui,38169793665.180176,0.00019037390377917685,0.00021640562818992003,0.13673998323288328,22020.579709618367,1733369.1559676784,236960.16927053116
GBR-2063,GBR,United Kingdom,Bromley,38144861902.71754,0.00019024955526973135,0.00023186442423479237,0.21873832454462483,148.43835262363177,256974435.70688602,475004.6706542969
FRA-5288,FRA,France,Drôme,38068536377.3193,0.00018986887759681758,0.00022990326049653314,0.21085279170780002,6441.380051632243,5909996.937329098,464772.77100113034
ITA-5449,ITA,Italy,Pavia,37927344457.477425,0.00018916467528443007,0.00035496277714763813,0.8764749634883586,2965.6334348752935,12788952.27288004,567714.6499657035
SWE-195,SWE,Sweden,Uppsala,37922134834.202866,0.00018913869200747825,0.0002700785028001181,0.4279389369438995,7036.494670812938,5389350.324033096,349967.99535046145
NGA-2855,NGA,Nigeria,Osun,37920671781.69259,0.0001891313949542047,0.00017966984092899823,-0.05002635351733875,9451.034831691077,4012330.126489168,4935613.039403796
HUN-3164,HUN,Hungary,Pest,37851865884.82908,0.00018878822183401872,0.00023728288242912352,0.2568733373512091,6473.369375416509,5847320.566717023,1088237.5969096948
CIV-3458,CIV,Ivory Coast,Lagunes,37770763478.22116,0.00018838371920853244,0.00014819109183479337,-0.21335510065627072,13704.841917506352,2756015.990959617,6242554.39365676
FRA-5322,FRA,France,Manche,37699114090.68911,0.0001880263640253341,0.0001646170307932096,-0.12450027076506354,6142.482703982838,6137439.193153069,461710.0975418091
ESP-5820,ESP,Spain,Gerona,37653013233.79198,0.00018779643351609274,0.0003251862216973521,0.7315889104437443,5986.21473506805,6289953.651882144,649840.9063094854
CMR-1481,CMR,Cameroon,Est,37638855019.44424,0.00018772581865871192,0.00018711138758796187,-0.003273023791506735,108827.4738452592,345858.0236178466,989926.062846723
ITA-5460,ITA,Italy,Trento,37439780754.39596,0.00018673292502895716,0.0002728170182865268,0.4610011504089082,6122.266915387946,6115346.042867445,535676.4023710984
TUR-2277,TUR,Turkey,Manisa,37370639074.227936,0.00018638807717143665,0.00019860258688768882,0.06553267731292411,12995.686933382276,2875618.600678448,1666016.703866257
ITA-5408,ITA,Italy,Taranto,37283737374.85475,0.00018595465026062234,0.00014229037979802218,-0.23481139300040665,2384.0329582517597,15638935.378727049,562662.4221754074
GBR-2067,GBR,United Kingdom,Enfield,37247383258.80975,0.0001857733321468637,9.030619243267597e-05,-0.513890441706218,73.23234130913606,508619314.8130712,464047.322265625
JOR-851,JOR,Jordan,Amman,37241515200.48652,0.00018574406488960793,0.00013158295809325695,-0.2915899726246446,7947.179783834065,4686129.698014657,4258291.62639077
TUR-2287,TUR,Turkey,Kayseri,37186334922.2288,0.0001854688502768256,0.0001797037762441837,-0.031083785897400684,17550.015651600206,2118877.593071443,1483983.99749099
CHE-170,CHE,Switzerland,Graubünden,37108137292.22699,0.0001850788353812695,0.00041771764624083007,1.2569714434409298,6895.20467746483,5381731.076599541,209711.64829500855
GBR-2004,GBR,United Kingdom,Glasgow,37046945380.234215,0.0001847736374211243,3.549708870109276e-05,-0.8078887811241706,148.89901572421215,248805844.68638694,461306.1845703125
LTU-1075,LTU,Lithuania,Vilniaus,36964761998.37619,0.00018436374337329873,0.00014159467117718662,-0.2319820123716707,9968.296903896306,3708232.444794836,837644.003760159
ITA-5404,ITA,Italy,Foggia,36949526942.97218,0.00018428775771309332,0.00018224120834158086,-0.011105183528786644,6950.073689181586,5316422.328080843,521682.7257468002
TUR-2289,TUR,Turkey,Hatay,36860631602.97007,0.00018384438741215776,0.0001291259087092112,-0.2976347522661873,5551.504847324592,6639754.91631501,1910188.4006616324
PAK-1112,PAK,Pakistan,F.A.T.A.,36803233395.384705,0.00018355811075727708,0.00017705881433608463,-0.03540729632909878,27110.832535945487,1357510.2626076988,4411608.060096972
AUT-2320,AUT,Austria,Vorarlberg,36753364270.17523,0.00018330938580666671,0.00021572010508732353,0.1768088368090428,2660.5557420833466,13814168.103614146,387480.99952596426
GBR-5668,GBR,United Kingdom,Liverpool,36706250140.973206,0.00018307440154717548,2.7823264791600434e-05,-0.8480220907103126,71.76145682840207,511503692.4173122,457209.33984375
SWE-179,SWE,Sweden,Jönköping,36590980520.56213,0.00018249948810076567,0.0001934396256326613,0.05994612722340964,11281.120796307423,3243558.967344736,335123.06379740685
ITA-5459,ITA,Italy,Bozen,36562783260.900955,0.00018235885274798746,0.0001779366434171999,-0.02425003921744817,7383.32987236937,4952072.288918017,511964.0097534554
IDN-1232,IDN,Indonesia,Bali,36543750727.92034,0.00018226392696363275,0.00013959696366537875,-0.2340943927251572,5526.990944734551,6611870.924582356,4167264.010971196
THA-422,THA,Thailand,Samut Prakan,36492227438.62225,0.00018200695178044834,0.00013729066698330386,-0.24568448820067557,816.0031604889903,44720693.749218166,2615051.6314697266
FRA-5341,FRA,France,Savoie,36431299148.698814,0.00018170306864958677,0.00030683421984715065,0.6886573359907231,6283.663222687439,5797780.348437839,445090.8155039102
BEL-3482,BEL,Belgium,Walloon Brabant,36403507185.918175,0.0001815644547368513,0.0002067749512106825,0.13885149772498018,1121.8354442653606,32449952.773383077,407109.42010498047
MEX-2732,MEX,Mexico,Morelos,36323717677.374535,0.00018116650026124377,0.00021775677782943473,0.201970438880408,4890.189219304608,7427875.701410961,2045924.730364576
FRA-5313,FRA,France,Landes,36295339390.4798,0.00018102496202537834,0.00021976446724202386,0.21400090232425817,9479.477083985916,3828833.496712077,432614.4262455702
BRA-596,BRA,Brazil,Tocantins,36268039877.633896,0.00018088880423324218,0.00020243640044905153,0.11912067364890855,278718.92189647985,130124.06775563073,1685201.7465206566
CUB-1428,CUB,Cuba,Ciudad de la Habana,36261713544.647675,0.0001808572513063975,5.8647929832409964e-05,-0.6757225413480814,668.6676985135406,54229796.99072958,1929692.338531494
VNM-480,VNM,Vietnam,Lâm Đồng,36254995756.82224,0.0001808237459774375,0.00019495179315962114,0.07813159220773191,9905.799610083666,3659976.698894278,1423816.6247681752
ITA-5378,ITA,Italy,Cagliari,36214197084.1494,0.00018062026039787504,0.00013215112813421133,-0.2683482581460941,4429.967221746976,8174822.808252784,529275.8814391824
EGY-1549,EGY,Egypt,Asyut,36208818992.68496,0.00018059343687674344,0.00010109081800490904,-0.44022983474253063,2556.8765971236826,14161347.885704571,4852763.8137771785
GBR-5705,GBR,United Kingdom,Barnet,36146485065.989845,0.0001802825430567001,0.00012904904625410363,-0.28418445809521986,88.6409369993268,407785457.70860213,450283.1640625
RUS-283,RUS,Russia,Crimea,36091425519.71224,0.00018000793060117773,0.00019211623704076743,0.06726540546936599,26649.79648738121,1354285.220782143,1832674.150227511
ESP-5837,ESP,Spain,Navarra,36021715769.945305,0.00017966024946590588,0.00023112339063345382,0.28644700939989565,9985.535603215198,3607389.4482281785,594777.8523757309
ITA-5359,ITA,Italy,Reggio Emilia,36017068360.881676,0.0001796370702626421,0.0001649582802799625,-0.08171359041437365,2388.330333589528,15080438.352407483,543646.8714191318
TUR-3048,TUR,Turkey,Van,35837507143.55122,0.00017874149901040025,0.00017087024650306129,-0.04403707337645735,19459.65710936722,1841630.9671921332,1334658.097229749
GBR-2771,GBR,United Kingdom,Southwark,35831856064.492004,0.00017871331394892192,8.507961202893841e-05,-0.5239324359837285,31.884865772583797,1123788831.9825397,446550.0703125
ITA-5455,ITA,Italy,Udine,35820677258.01626,0.0001786575590489335,0.00018987009112163852,0.06275990857814162,4758.96013333239,7526996.708193344,522319.9478197396
FRA-5354,FRA,France,Vienne,35700367774.86137,0.00017805750901537135,0.00018783733210081297,0.05492508088831771,6817.710684888167,5236415.774285232,433034.3822555542
THA-438,THA,Thailand,Khon Kaen,35693859479.56492,0.00017802504854169416,0.0001638164599254784,-0.07981230019374519,10473.481297939128,3408022.458262127,1770480.5805814192
GBR-2044,GBR,United Kingdom,Bristol,35541774796.88014,0.00017726651798735874,3.472539531898731e-05,-0.8041062930932977,105.69069656716836,336281015.7495054,442661.337890625
FRA-5291,FRA,France,Eure-et-Loir,35491954809.53381,0.00017701803811449,0.00031389714983101684,0.7732495127304342,5921.428816385934,5993816.004562875,434096.84665107727
BRA-595,BRA,Brazil,Rondônia,35464233267.571434,0.00017687977542938226,0.00017487399255101835,-0.011339809051061911,238112.271807063,148939.12438207847,1769825.3489576138
ESP-5823,ESP,Spain,Gipuzkoa,35434317862.80574,0.00017673057073526376,0.00012604624074453788,-0.28678869637471627,2009.473711308167,17633630.9668555,632952.4088315964
NGA-2862,NGA,Nigeria,Enugu,35331636182.54947,0.00017621844031903821,0.00018235469907868561,0.0348218878145663,7572.719263700841,4665647.167445985,4778053.23319459
SAU-1096,SAU,Saudi Arabia,Najran,35305518076.139725,0.00017608817485519635,0.00021729608147290746,0.2340185912631434,89411.71937015865,394864.5471180036,726400.5549662113
SVK-1058,SVK,Slovakia,Prešov,35204778260.46382,0.00017558572959325847,0.00019907194214452206,0.13375923320003857,8587.192547723473,4099684.2757178964,840503.3405700345
ECU-1287,ECU,Ecuador,Pichincha,35181007940.189026,0.00017546717383934245,0.00013025104728004404,-0.25768994604482687,9450.132083937373,3722805.94892288,3163536.695196555
FRA-5286,FRA,France,Dordogne,35165614050.31004,0.00017539039598362977,0.00020124512967016996,0.14741248254524364,9213.139253727993,3816898.1366563705,418561.9779129028
HKG-5169,HKG,Hong Kong S.A.R.,Tai Po,35104947959.02897,0.00017508782058263308,3.3989041444796186e-05,-0.8058743244864655,108.99517687537939,322077994.32415736,303570.0348892212
MEX-2736,MEX,Mexico,Quintana Roo,35090697391.590546,0.0001750167451092334,0.0001963659313635206,0.12198367785301056,43600.371646556196,804825.6486447222,1563088.0765024223
PRT-749,PRT,Portugal,Braga,35019325104.29927,0.00017466077197842542,0.0001635428912803723,-0.06365413694281874,2633.852349592181,13295857.343606059,769807.8105650535
SDN-878,SDN,Sudan,Northern,34917208419.085205,0.00017415145950543386,0.00019963471222896593,0.14632810311151556,363123.72205339494,96157.8831083662,951472.1410360708
CIV-3431,CIV,Ivory Coast,Savanes,34852115553.51288,0.00017382680532899587,0.00016912701733672408,-0.027037187868560686,39881.57661703344,873890.1144301182,1947214.7372315004
KAZ-4829,KAZ,Kazakhstan,Almaty City,34806467944.50005,0.00017359913541801375,3.5578710074997496e-05,-0.7950524926905504,156.37893537371875,222577726.73358202,1991469.08984375
VNM-450,VNM,Vietnam,Điện Biên,34795193885.49553,0.00017354290544090267,0.00014435017224663645,-0.16821622941081482,11565.850253924302,3008442.364510944,539863.8772006109
CRI-1333,CRI,Costa Rica,Alajuela,34766265112.65461,0.00017339862162670195,0.00016546521499167673,-0.04575242040911087,9585.2696595896,3627051.3347397214,1124109.7186661183
UKR-327,UKR,Ukraine,Donets'k,34720019431.65616,0.00017316796879944724,0.00016499214197521997,-0.04721327437694911,26762.846844300402,1297321.605345224,4046534.089829717
GBR-2770,GBR,United Kingdom,Newham,34653673278.86551,0.00017283706378543856,7.960368825232757e-05,-0.5394292953787488,31.128290821558164,1113253325.6488922,431834.6015625
RUS-2614,RUS,Russia,Khabarovsk,34645492415.54158,0.00017279626128855,0.0003163882149307889,0.8309899332975541,788023.1854197964,43965.067343907154,1304025.2512054464
COL-1398,COL,Colombia,Cundinamarca,34586786799.74136,0.00017250346386471057,0.00039321695916215427,1.2794728311690182,23056.22681487247,1500106.1135220565,3222606.078197466
ESP-5814,ESP,Spain,Castellón,34394050731.36,0.00017154218233254756,0.00015482996503504338,-0.09742336881960778,6697.082631606572,5135676.625675614,585631.3652233835
MAR-1456,MAR,Morocco,Marrakech - Tensift - Al Haouz,34381132300.41882,0.00017147775096174826,0.0001762341746220102,0.027737847234321267,32205.234590891305,1067563.479576172,3925819.5353132263
KEN-1193,KEN,Kenya,Coast,34365781976.07783,0.00017140119039150503,0.00019624851742850133,0.14496589539571691,82598.37023579664,416058.83842468745,3558890.0207856665
GBR-2124,GBR,United Kingdom,East Riding of Yorkshire,34266589980.598183,0.0001709064649662447,0.000161239265472452,-0.056564270378549164,2513.2076456566306,13634603.587100454,419803.42906951904
POL-3167,POL,Poland,Opole,34249165935.742363,0.00017081956160313187,0.00023790218209821087,0.39271041246981575,9252.562997998679,3701586.894696143,957359.3526444436
AGO-1880,AGO,Angola,Luanda,34226377978.508865,0.00017070590543784715,8.697497578632925e-05,-0.4904981432057356,2748.408500605059,12453162.610643202,9980383.623781562
GBR-2766,GBR,United Kingdom,Haringey,34103443076.11292,0.0001700927609842742,7.837754016101777e-05,-0.539207079081607,32.30581158670172,1055644213.8773313,425010.328125
SWE-187,SWE,Sweden,Halland,34075600285.462757,0.0001699538935647992,0.00012132361934754455,-0.28613804130773346,5761.196421484134,5914674.278139711,314694.67089030147
NOR-923,NOR,Norway,Vestfold,33975557211.437588,0.00016945492333940825,0.00010638379023737546,-0.3722000627606731,2033.1807842984954,16710544.125647003,205980.55707381107
MAR-1452,MAR,Morocco,Meknès - Tafilalet,33765929968.742424,0.00016840939616468976,0.0001910623360688282,0.13451114023344535,58971.92196754832,572576.3862219632,2577522.6588487593
ITA-5426,ITA,Italy,Latina,33706269736.89896,0.00016811183754186776,0.00018019836121947977,0.07189573235496804,2251.661160975362,14969512.429791288,508575.2377974689
SVK-1057,SVK,Slovakia,Košický,33637922821.956215,0.00016777095361875704,0.00014249142488361214,-0.1506788165047338,6827.851608935558,4926574.968022814,816640.688124828
ARG-1303,ARG,Argentina,Salta,33509906806.617363,0.00016713246684043985,0.00017687751611728602,0.0583073382513386,155938.68860011915,214891.55197751074,1452045.4968690283
ESP-5816,ESP,Spain,Ciudad Real,33474990299.846306,0.0001669583188804418,0.00018470112250187646,0.10627085694448213,19480.392758616774,1718394.013644273,490514.2002129918
KWT-1663,KWT,Kuwait,Al Asimah,33419050868.689877,0.00016667931795164844,1.1799994038240899e-05,-0.9292054096257826,75.24711446403509,444124018.6646992,635571.9460449219
CZE-1593,CZE,Czech Republic,Jihočeský,33380093869.60714,0.00016648501781840806,0.0002640620814316577,0.5861011692936893,10211.987664953567,3268716.6264569624,617667.1128140911
BRA-629,BRA,Brazil,Sergipe,33327687424.07488,0.0001662236378458915,0.00015652521369366365,-0.05834563770779355,21727.272966135795,1533910.2829894728,2370337.9710906744
MAR-3457,MAR,Morocco,Guelmim - Es-Semara,33163234142.873543,0.00016540341823961804,0.00019894056414156513,0.2027596905727922,101512.8200965186,326690.1078242322,501389.1464335505
IRN-3238,IRN,Iran,East Azarbaijan,33094872995.573227,0.00016506246333185663,0.0001699340074223201,0.029513336903674414,46403.77687291154,713193.5205664808,3305991.7368105217
GHA-2162,GHA,Ghana,Western,33090754656.697166,0.00016504192289467745,0.000170689776211701,0.03422071930552928,25233.60772877843,1311376.2808858212,3066886.842280172
VNM-486,VNM,Vietnam,Kon Tum,33038636404.459972,0.00016478198030175762,0.0001563727605050355,-0.051032399181771715,10673.741386099346,3095319.1771619027,592909.917201981
MYS-1139,MYS,Malaysia,Pulau Pinang,33018057626.50781,0.0001646793425372435,5.1239953030567185e-05,-0.6888501481661011,999.0494570111728,33049472.57094456,1576656.6013183594
NOR-919,NOR,Norway,Hedmark,32970306067.22597,0.000164441179060863,0.0002357073814018287,0.43338416051242623,27258.324702187692,1209549.978857646,193824.19098479731
KOR-2500,KOR,South Korea,Gwangju,32754419635.723866,0.000163364433844514,4.833794629746589e-06,-0.970410973086423,62.00098545882962,528288694.0155768,484379.5207519531
THA-399,THA,Thailand,Kanchanaburi,32740991242.26228,0.00016329745900815022,0.00014188637331575955,-0.13111707813727858,19930.075231901315,1642793.1586457344,810275.4737796765
RUS-2398,RUS,Russia,Tyumen',32726618255.74848,0.00016322577296301203,0.00016789255162538485,0.028590942335009473,159777.8592283115,204825.740023118,1580594.8297030812
ITA-5411,ITA,Italy,Messina,32557626158.76177,0.00016238291576830473,0.00013661186903808552,-0.1587054069591317,3250.2176476470145,10017060.29820242,481894.82625423
KOR-2510,KOR,South Korea,Jeju,32480329112.589115,0.0001619973925831503,7.637074393780832e-05,-0.5285680669297896,1721.1354166666183,18871454.737416815,452117.2278164029
PHL-2565,PHL,Philippines,Bulacan,32451479501.794067,0.00016185350359392128,0.00019743700557954086,0.21985005696815807,2708.2675731531554,11982375.679376382,4176298.798144222
NOR-920,NOR,Norway,Oppland,32342144273.27844,0.00016130818824703494,0.00022074815330140808,0.36848696709273043,24999.587512372553,1293707.1164583007,190622.8757258132
NZL-3399,NZL,New Zealand,Bay of Plenty,32328383521.38667,0.00016123955575508193,0.00014144868719050236,-0.12274201868083356,12697.805734214502,2545981.896248197,251837.7226610303
CHL-2700,CHL,Chile,La Araucanía,32302786346.59662,0.00016111188846577865,0.00017165908461265245,0.06546503952819172,34034.35228573064,949122.9941854953,1145890.3622780133
FRA-5346,FRA,France,Tarn,32300530014.00546,0.00016110063488533304,0.0001878898900369257,0.16628894833754382,5692.794585061118,5673932.113898447,393376.4551669359
GBR-2065,GBR,United Kingdom,Croydon,32264103806.46135,0.00016091895721133585,0.00013071645384674273,-0.18768766519489677,79.48259070839163,405926675.5009656,401920.1796875
SWE-183,SWE,Sweden,Orebro,32263614135.772213,0.00016091651495237384,0.0001669857343491631,0.03771657246358817,9800.51136077802,3292033.7468198133,295504.1429197965
ITA-5425,ITA,Italy,Frosinone,32167058953.635483,0.00016043494077582157,0.00022905655467144115,0.4277223749626069,3250.757357645425,9895250.67996296,476624.5147728883
RUS-2370,RUS,Russia,Belgorod,32039308481.56295,0.00015979777840886158,0.00015190354207220372,-0.049401414808530775,27484.190127495334,1165735.949756462,1624318.660761498
SWE-181,SWE,Sweden,Dalarna,31999314405.72944,0.00015959830579941408,0.00018421008172150784,0.15421075931110617,30375.641913405172,1053453.1088084667,281259.66910767613
TUR-2238,TUR,Turkey,Balikesir,31817967811.64547,0.0001586938298843578,0.00018222511508481806,0.14828103409948445,14756.860399324005,2156147.5104218656,1287120.1362834405
MYS-1149,MYS,Malaysia,Terengganu,31786916680.651154,0.00015853896069444287,0.00015322808679307248,-0.03349885654672735,13171.550601597275,2413301.0335773565,1049369.6897118478
GRC-2900,GRC,Greece,Thessalia,31781569349.43771,0.0001585122905917215,0.00015161106981975218,-0.04353744902813084,14126.399902387642,2249799.6353668277,691346.7816379843
EGY-1542,EGY,Egypt,Al Fayyum,31501946582.01422,0.0001571176569637041,0.00013960743691118158,-0.11144654516180552,5814.361778084564,5417954.331763643,3750491.431219496
BHR-4929,BHR,Bahrain,Al Manāmah,31482674156.699497,0.0001570215347033995,4.913638841102534e-06,-0.9687072295504946,22.013350672907467,1430162750.9821224,459056.34375
MAR-1454,MAR,Morocco,Oriental,31474788120.983204,0.0001569822026750993,0.00016839388737340238,0.07269413031438643,58098.484623594224,541748.8653086325,2249300.2923259726
ITA-5360,ITA,Italy,Parma,31458682611.454296,0.00015690187557801654,0.00017821838678396858,0.13585886801813785,3481.257439293662,9036586.107184643,463246.5803038664
SAU-847,SAU,Saudi Arabia,Ha'il,31388078043.09603,0.0001565497314867775,0.00018120222737849544,0.15747389444612447,121609.79289181832,258104.85567571232,594262.0788788096
PHL-2563,PHL,Philippines,Cavite,31383632210.147697,0.00015652755765525647,0.00010717170752221593,-0.3153173209393847,1199.3146061496168,26167972.98158856,4298443.36256218
IRL-713,IRL,Ireland,Galway,31372506286.643936,0.00015647206651194198,0.00015343883948929884,-0.019385102339730675,5939.3410448147215,5282152.691675008,171641.8031923771
CHL-2705,CHL,Chile,Maule,31254277773.19685,0.00015588239542699023,0.00016011600740674733,0.02715901284529565,28807.411484047112,1084938.776623674,1119327.0362881613
THA-386,THA,Thailand,Songkhla,31186815158.58668,0.00015554592199946412,0.0001418817902359242,-0.08784628737220768,7442.865966595907,4190162.136273211,1698097.7806077003
FRA-5285,FRA,France,Deux-Sèvres,31072774470.69386,0.00015497713792024536,0.00018338921354623468,0.18333075450529224,6196.374049362924,5014670.551382964,376806.3798761368
FRA-5267,FRA,France,Ardèche,31026468755.26691,0.00015474618566804188,0.00017101193823905225,0.10511246206677627,5614.850441805633,5525787.20962145,377694.75149178505
SWE-188,SWE,Sweden,Värmland,31022547143.94445,0.0001547266264201426,0.00021812688908067883,0.40975664064684025,22461.94967443368,1381115.5128378945,276771.4695436891
EGY-1532,EGY,Egypt,Al Minufiyah,30958199828.3109,0.0001544056907142196,0.00012995205896429237,-0.15837260684379195,1532.9492139836402,20195189.47262482,4246957.798828125
IDN-540,IDN,Indonesia,Yogyakarta,30890583368.76053,0.00015406844997675986,0.00012069291764419087,-0.21662794905513394,3030.099416073627,10194577.512835616,3679203.6586914062
CZE-10369,CZE,Czech Republic,Plzeňský,30859716618.88709,0.00015391450039762598,0.00024882286935804746,0.6166304585677971,7800.5585875327415,3956090.6148706703,585609.654295763
SWE-192,SWE,Sweden,Västerbotten,30805818340.998413,0.00015364567983080162,0.0001650910728657615,0.07449212400611471,58388.000877149876,527605.2935228043,253681.06261132951
FRA-5271,FRA,France,Aude,30766334663.08763,0.00015344875285851117,0.00022422582737068608,0.4612424225919618,6413.015484339279,4797483.295996973,372052.3736068309
TUR-2283,TUR,Turkey,K. Maras,30723672588.69931,0.00015323597346242993,0.00017141765747983044,0.11865153858182165,14471.360393480072,2123067.33806046,1228079.1359989513
GBR-5682,GBR,United Kingdom,Tameside,30700059418.958534,0.00015311820150527492,5.415448077495082e-05,-0.6463223820383941,80.69124812426165,380463310.8621834,382298.9914550781
TUR-2296,TUR,Turkey,Samsun,30663378862.861755,0.00015293525525415843,0.0001287762413711104,-0.1579688989494208,9574.020685986847,3202769.2302506357,1409499.5850457177
NZL-3408,NZL,New Zealand,Southland,30657316284.281483,0.00015290501781663337,0.00017869859254491776,0.16869017836430023,31147.367723505173,984266.6820652753,88974.87784858623
SDN-881,SDN,Sudan,North Darfur,30602322046.804955,0.0001526307310922774,0.00015590417948839485,0.021446850006493046,291365.92432600376,105030.54575649211,2983574.8457183447
SWE-185,SWE,Sweden,Södermanland,30564494683.96489,0.0001524420650807002,0.0002315539921031718,0.5189638895313515,7089.849270442073,4311021.788769157,281291.95574603975
GBR-2765,GBR,United Kingdom,Hackney,30463744124.847717,0.00015193956623526977,6.418648404305062e-05,-0.577552538595105,22.881689502399976,1331359038.0488508,379670.546875
SWE-186,SWE,Sweden,Västmanland,30387071426.025223,0.00015155715701618513,0.00013127667603773225,-0.13381407633746445,6978.451305857114,4354414.7682912,279610.700137116
RUS-2387,RUS,Russia,Udmurt,30371208827.60746,0.00015147804145136545,0.00014547276767952203,-0.039644516883798664,41700.60142518345,728315.84652556,1530370.8754833576
ESP-5850,ESP,Spain,Valladolid,30191288611.834587,0.00015058067967503708,7.923278095070343e-05,-0.47381841334696495,8062.391853582754,3744706.181505954,500484.50523841754
GBR-2064,GBR,United Kingdom,Camden,30176609260.294308,0.00015050746561781205,7.932300640017824e-05,-0.4729629784504814,28.7944483899171,1048000949.7546477,376078.8125
ITA-5395,ITA,Italy,Reggio Calabria,30158680345.87355,0.00015041804419052476,8.783515827927173e-05,-0.41605969714633007,2997.6474813706673,10060782.84164473,445630.9009821963
SWE-178,SWE,Sweden,Gävleborg,30075790778.45037,0.00015000462800411992,0.00015241809858601785,0.01608930747011117,19329.93184069694,1555918.0977104774,269522.4531421396
FRA-5303,FRA,France,Haute-Vienne,30060119928.794434,0.00014992646879658775,0.0001237619627930911,-0.1745155889651162,5441.0896148218,5524650.769748244,365854.65087890625
IDN-538,IDN,Indonesia,Maluku Utara,30015690483.539856,0.00014970487454302558,0.0002001364530199439,0.33687332246769386,29956.018419488366,1001991.9891627744,927491.2881302056
TUR-2295,TUR,Turkey,Sivas,30004073643.455994,0.00014964693492680071,0.00017150964280093626,0.1460952600521328,28042.80704089252,1069938.3125128495,678005.9364975214
CZE-10372,CZE,Czech Republic,Olomoucký,29996805142.018757,0.0001496106828840108,0.00017498870662720263,0.1696270831332729,4913.936541845985,6104434.7818846805,597777.2822238207
GBR-2079,GBR,United Kingdom,Wandsworth,29908228472.7838,0.00014916890197070714,0.0001002042445016059,-0.32824976802950934,40.07412850165933,746322617.3850644,372693.9140625
EST-1654,EST,Estonia,Harju,29833186100.942303,0.00014879462409533718,5.585672110916635e-05,-0.6246052473416158,4540.587371776534,6570336.315160449,608704.388280265
IRN-3237,IRN,Iran,West Azarbaijan,29787996438.74888,0.00014856923821880642,0.00016509847604076477,0.11125612556224329,37213.84067399473,800454.774332522,3174587.0182538177
FRA-5355,FRA,France,Vosges,29762456697.104748,0.00014844185738041482,0.00021169943143999417,0.4261437789576288,5841.227905321205,5095239.764569352,360440.33093094826
THA-376,THA,Thailand,Nakhon Si Thammarat,29697004641.089462,0.0001481154117222773,0.00013786174536205168,-0.06922754520273477,10230.683847910599,2902738.9647227195,1360984.1112911291
CMR-1483,CMR,Cameroon,Nord,29684524987.891495,0.00014805316877912838,0.00016379241445615072,0.10630806356129252,66266.60210818738,447956.04487805645,2831400.9358860496
KAZ-3203,KAZ,Kazakhstan,Qaraghandy,29681478012.551605,0.00014803797182534704,0.00015894433982130795,0.07367277369098302,429942.4069694414,69035.93953843508,1385657.0035541595
CHE-161,CHE,Switzerland,Neuchâtel,29647682362.25184,0.00014786941419742903,0.00010428376318859936,-0.29475771744544776,736.4423921383841,40257979.006565355,176449.9142036438
RUS-2416,RUS,Russia,Chechnya,29624722192.36764,0.00014775489911226432,0.0001464910096235594,-0.00855395994514263,16626.698243850606,1781756.1705809126,1507563.0444663847
SRB-836,SRB,Republic of Serbia,Grad Beograd,29620336253.321194,0.00014773302400480803,9.543965089382817e-05,-0.35397212954415636,3329.9364397054005,8895165.655456686,1906008.0160799024
ITA-5427,ITA,Italy,Ancona,29559553173.26909,0.00014742986511600856,9.181348096233562e-05,-0.37723960548909086,1916.6935363162434,15422159.36621802,445272.5044339895
ESP-5824,ESP,Spain,Huelva,29499167191.464005,0.00014712868677612512,0.00015405072128183008,0.04704748378701784,10317.855751933737,2859040.4732044614,475852.59714588895
ETH-3111,ETH,Ethiopia,Afar,29494015424.53412,0.0001471029920608116,0.0001707878612351621,0.16100875204876397,93980.37613985036,313831.6384331624,2029420.670931555
GTM-1951,GTM,Guatemala,Guatemala,29413932583.60932,0.0001467035745741384,8.310831037383783e-05,-0.43349498732331126,2293.506203076934,12824875.966826698,3258971.3314208984
GBR-2046,GBR,United Kingdom,South Gloucestershire,29389071103.84644,0.00014657957660344713,6.132127995584416e-05,-0.5816519505869411,548.1956499890282,53610551.45992976,364677.8984222412
NGA-2841,NGA,Nigeria,Abia,29365574800.786964,0.0001464623875251658,0.00014716847943499099,0.004820977738764887,4776.4616826934725,6147976.630313416,4311001.607868195
GBR-2007,GBR,United Kingdom,North Lanarkshire,29342754778.34335,0.00014634857143291686,0.00011461552357585693,-0.21683196184532416,480.94593403644933,61010505.96701699,364318.5216455459
ARG-1305,ARG,Argentina,Tucumán,29289609589.308712,0.00014608350693735383,0.00012485258663042658,-0.14533413628981318,22762.361121962735,1286756.2126957043,1680814.6707684307
CHE-173,CHE,Switzerland,Schwyz,29272757204.893185,0.0001459994547615073,0.00012817281466069783,-0.12210073064950544,894.1897251495178,32736628.907247256,174081.04281425476
THA-389,THA,Thailand,Chiang Rai,29253681002.36602,0.00014590431117293475,0.0001276828686618875,-0.12488625157518529,11471.574341922067,2550101.6800684878,1249913.398271829
IRQ-3052,IRQ,Iraq,Sala ad-Din,29167091179.76802,0.00014547243976435113,0.0001514828576288551,0.04131653991807771,25482.286070186783,1144602.611376077,3073942.238040688
CIV-3449,CIV,Ivory Coast,Zanzan,29148102659.9867,0.0001453777334982008,0.0001526516220718197,0.0500344062229372,38173.22764916197,763574.4854450786,1033980.6739989351
UKR-326,UKR,Ukraine,Dnipropetrovs'k,29129642052.14208,0.00014528566022129643,0.00014141531143042413,-0.026639578778642425,31796.62173390068,916123.8038406093,3139592.2801911132
ESP-5830,ESP,Spain,León,29087294213.770897,0.0001450744480942923,0.0001750453362540976,0.20658970999721094,15958.564583597274,1822676.0973018685,435234.72072118614
PRT-739,PRT,Portugal,Aveiro,28986701785.75087,0.00014457273793623432,0.00013300629970299207,-0.08000428295370443,2787.388342035863,10399233.342771124,634414.7707858086
IRN-3215,IRN,Iran,Semnan,28983794102.946323,0.00014455823571148276,0.00020825610334180018,0.44063810904173684,90450.1335281083,320439.48386145075,748683.50312123
SVK-1052,SVK,Slovakia,Banskobystrický,28937880894.92163,0.00014432924111110952,0.00016600555260058795,0.15018655486999521,9749.91899236473,2968012.4437529384,670203.6231416261
GBR-5706,GBR,United Kingdom,Cheshire East,28928218246.415146,0.0001442810481307345,0.00029354784666336416,1.034555823280252,1162.455380591023,24885443.97438057,357217.49870300293
SWE-190,SWE,Sweden,Norrbotten,28837623860.106552,0.0001438292037447435,0.00016564407459075285,0.1516720546178134,105028.35382508265,274569.8928894343,208676.49052861048
GHA-2161,GHA,Ghana,Eastern,28829328124.595184,0.00014378782831662692,0.00016774588354868968,0.1666208851788631,19117.482731145596,1508008.5872198727,3165791.204453796
MAR-1450,MAR,Morocco,Grand Casablanca,28809434371.20369,0.00014368860714904135,4.911717837490627e-05,-0.6581692915711865,722.7480068022055,39860966.893109635,4504464.047729492
IRQ-3222,IRQ,Iraq,Al-Basrah,28794638954.19989,0.00014361481420905952,0.00012500854006835968,-0.1295567887141138,16972.55831709645,1696540.875938253,3189980.3543405337
FRA-5277,FRA,France,Charente,28794074278.669247,0.00014361199785940668,0.0001617102268360876,0.12602170603043006,6167.815038012792,4668439.974481856,348120.87648391724
MEX-2707,MEX,Mexico,Baja California Sur,28776869587.17774,0.00014352618853302453,0.00023555991048974494,0.6412329547477951,71874.78375899,400375.04229121754,898396.698710744
HKG-5153,HKG,Hong Kong S.A.R.,Central and Western,28702416043.91472,0.0001431548474719356,3.507313477807411e-06,-0.9754998622837764,6.263932616256402,4582171904.184456,248204.140625
ESP-5831,ESP,Spain,Lérida,28702258133.553265,0.00014315405988549434,0.00030384922228353476,1.1225330425597204,12206.220119924797,2351445.2346063456,449644.0459697023
PHL-2566,PHL,Philippines,Laguna,28655499018.87587,0.00014292084628008482,0.00014862484273468036,0.039910178277403396,2471.8854625933923,11592567.476331122,3659597.165229798
CIV-3448,CIV,Ivory Coast,Bas-Sassandra,28641527268.37489,0.00014285116142119267,0.00014285812186034155,4.872511416520453e-05,25987.6161142903,1102122.1470416146,2538147.4702728055
TUR-2299,TUR,Turkey,Erzurum,28632870267.46114,0.00014280798416240457,0.00014982636634747749,0.049145586825813936,23810.993724457778,1202506.3127898986,759613.5705471693
VNM-502,VNM,Vietnam,Kiên Giang,28580916659.788155,0.0001425488627431253,0.00013782626146631704,-0.03312970153482353,6406.178406530173,4461461.240394748,1654953.4804329872
KEN-1197,KEN,Kenya,Nyanza,28575185402.315067,0.0001425202777874851,0.00012607692412394168,-0.11537553756429275,16462.411551952966,1735783.6858917028,6460515.12340638
IDN-1225,IDN,Indonesia,Bengkulu,28564818140.163612,0.00014246857050856745,0.00015153516704601806,0.063639274999993,20927.563798016323,1364937.5730428407,1707220.6142914891
EGY-1547,EGY,Egypt,Kafr ash Shaykh,28523040491.688515,0.00014226020223441109,0.00013886758873710072,-0.02384794513169708,3544.8957522239048,8046228.291422807,3644949.108121872
SVK-1053,SVK,Slovakia,Žilinský,28505190335.874004,0.0001421711736199186,0.0001754309819995166,0.2339419977534618,6629.745692042183,4299590.310091284,684250.7745733187
IRL-729,IRL,Ireland,Donegal,28493111659.99233,0.00014211093057275284,0.00011440263909741696,-0.19497649732967437,5096.134946928344,5591121.890751015,156489.43074644747
FRA-5356,FRA,France,Yonne,28438896230.22894,0.00014184052819385455,0.00018388254619284362,0.29640342245151485,7654.338816312338,3715395.530914068,338556.2392168045
IDN-513,IDN,Indonesia,Sulawesi Utara,28424500908.750717,0.00014176873075187713,0.00013251124184151714,-0.06529993505099796,14479.09161501465,1963141.1738064315,2260838.94603201
PNG-1248,PNG,Papua New Guinea,Western,28330913114.125896,0.00014130195658052332,0.00018320890004191488,0.2965772341412001,99801.20084919284,283873.46918737027,181603.7655448392
MEX-2721,MEX,Mexico,Nayarit,28276277905.111233,0.00014102946052997744,0.00015789022474985972,0.11955490829023163,27046.293418252793,1045477.0074345329,1346431.657616361
AUT-2322,AUT,Austria,Burgenland,28251346906.39493,0.00014090511582975796,0.00022922907992519072,0.6268329121715217,3875.0404427442977,7290594.078648472,294074.83055752516
NOR-910,NOR,Norway,Møre og Romsdal,28187393476.842007,0.00014058614465189793,0.00013094461629972992,-0.0685809286259409,14315.722495016658,1968981.5506450417,167828.2367176998
ISL-5131,ISL,Iceland,Reykjavík,28178455247.469563,0.00014054156475101,5.224799109245199e-05,-0.6282381572667348,335.362493300275,84023872.10975109,202949.58982801437
VNM-496,VNM,Vietnam,Bình Thuận,28169846994.990604,0.00014049863062766862,0.00013945312459080246,-0.007441396632802966,7687.075207114752,3664572.836352385,1159499.8621022403
ARG-1309,ARG,Argentina,Entre Ríos,28147322599.265648,0.0001403862889896173,0.00015113487860944955,0.07656438315444891,77918.80182548295,361239.161021855,1410436.2644564786
GBR-2021,GBR,United Kingdom,Fife,28128912015.43748,0.000140294465210192,0.00012001695979235484,-0.14453531996046298,1231.0758255831006,22849049.125072524,346663.18723487854
QAT-1105,QAT,Qatar,Al Khawr,28060673940.894035,0.00013995412413444076,7.422759310137255e-05,-0.46962911196479584,1501.331000862054,18690531.218486656,267060.7917073369
ITA-5439,ITA,Italy,Alessandria,27972794218.62095,0.0001395158192816844,0.00021969528152830477,0.5746979995489752,3514.6761624670494,7958853.938618932,408789.631000638
THA-380,THA,Thailand,Surat Thani,27971427792.05409,0.0001395090041555131,0.0001436459513047921,0.02965362110009373,13582.350307755096,2059395.2562159498,981168.8318713382
FIN-3177,FIN,Finland,Central Finland,27911953081.44531,0.0001392123708298512,0.00015296618581645715,0.09879736193427968,19072.740749207856,1463447.4115947164,272566.03248750675
GBR-2034,GBR,United Kingdom,Northumberland,27850158254.879826,0.00013890416580076927,0.0001830558756062971,0.3178573482731597,5206.079098050815,5349545.738808901,331885.7546674423
KAZ-3206,KAZ,Kazakhstan,East Kazakhstan,27842250888.30008,0.00013886472738363755,0.0001866141025304719,0.34385531910431455,280098.4061517159,99401.67554262791,1389711.9053283364
PHL-2562,PHL,Philippines,Pangasinan,27777336370.048252,0.0001385409627240759,0.00011262913823484803,-0.1870336684525209,5351.613663033516,5190459.947047618,2948990.573435724
IRN-3228,IRN,Iran,Hormozgan,27743462654.423347,0.00013837201574114,0.00018674431958441777,0.34958155075062614,66947.17790361868,414408.247265696,1548196.025933856
ITA-5399,ITA,Italy,Avellino,27716980128.56718,0.0001382399327156619,0.00017494482876370985,0.2655158703205116,2807.9195730467245,9871002.145012636,410734.00056682527
GBR-2066,GBR,United Kingdom,Ealing,27714082214.601692,0.00013822547921352182,8.450665229725978e-05,-0.38863187324010395,52.235117574266795,530564177.9249064,345293.7265625
BEL-3477,BEL,Belgium,Luxembourg,27687714896.394207,0.00013809397079240279,0.0003261649163386072,1.3619055521904877,4453.257476747255,6217407.154418084,283579.2244992256
EGY-1546,EGY,Egypt,Bani Suwayf,27631645740.974464,0.00013781432285685225,0.00010977054389676254,-0.20348958206048573,4851.064699481679,5695996.127185609,3348794.4927813616
THA-436,THA,Thailand,Buri Ram,27624704947.60681,0.00013777970527572737,0.00013749333930828783,-0.002078433589812523,10287.553744373285,2685254.9822853636,1220540.0319059938
FRA-5319,FRA,France,Lot-et-Garonne,27620599060.45138,0.00013775922694217617,0.00014140398636114485,0.026457461324884912,5358.619728776686,5154424.172352469,335110.478972435
FRA-5264,FRA,France,Allier,27617940890.149868,0.0001377459691744856,0.00015763532794655754,0.14439158467771707,7310.381004963232,3777907.180405404,328483.6826258898
ITA-5381,ITA,Italy,Pisa,27612898247.05563,0.00013772081872018564,0.00013399197375772078,-0.027075390613535033,2329.9502777587927,11851282.1971535,411569.2440588772
CZE-10371,CZE,Czech Republic,Zlínský,27611471825.553207,0.0001377137043660387,0.0001404281778386279,0.019710990166775355,4105.777079239462,6725029.46279486,556935.7681303024
GBR-5691,GBR,United Kingdom,Sandwell,27600945995.161938,0.00013766120621947595,2.2085992520784086e-05,-0.8395626979646542,67.87942906469443,406617238.46934634,343748.32421875
SDN-883,SDN,Sudan,North Kordufan,27584855937.54325,0.00013758095618962853,0.00014419923897856466,0.04810464305695117,243469.13525663907,113299.19050505622,4231400.616327948
CHL-2703,CHL,Chile,Libertador General Bernardo O'Higgins,27529105896.564224,0.00013730289985455568,0.00021060218249564314,0.5338509435615202,17077.950567921285,1611967.7702003703,1010144.8448852636
SAU-862,SAU,Saudi Arabia,Al Jawf,27521790987.283943,0.0001372664163501466,0.0001593222029258101,0.1606786799139741,117428.75285737068,234370.12075493977,507293.98255508713
CZE-1598,CZE,Czech Republic,Královéhradecký,27470790572.89936,0.0001370120490337834,0.0001370613090187079,0.0003595303133694383,4807.614280251647,5714017.175991382,545071.0372276306
ESP-5802,ESP,Spain,Albacete,27468819431.432335,0.0001370022178594451,0.00021733916169384328,0.5863915569368254,14845.989814129858,1850251.8037085368,410136.50124824233
VNM-484,VNM,Vietnam,Bình Phước,27465206564.59695,0.0001369841984913207,0.00014438775982443771,0.05404682740532363,7274.224927002574,3775688.384702492,1203412.377860725
COL-1412,COL,Colombia,Atlántico,27443711292.10461,0.00013687698966087587,8.238489726055561e-05,-0.3981099565042229,3483.468169213376,7878272.44544676,2641317.293071419
VNM-476,VNM,Vietnam,Quảng Bình,27417972801.11237,0.00013674861754939526,0.00011719186916532817,-0.14301240286398476,8229.04944255064,3331851.7518366026,780534.6375015508
GBR-2779,GBR,United Kingdom,Shropshire,27417395688.041782,0.00013674573916684142,0.0002751328280471121,1.0120029313046945,3228.0309059153924,8493535.683874397,332207.4390773773
GTM-1944,GTM,Guatemala,Petén,27375611432.121605,0.0001365373379376965,0.00014147430391809975,0.03615835825549829,36045.02548469877,759483.7585492246,856930.4241978228
BGR-2243,BGR,Bulgaria,Grad Sofiya,27360899391.558144,0.00013646396084220595,5.39167771523565e-05,-0.604900980305703,1295.366046806771,21122137.22059951,1371738.2661816776
RUS-2368,RUS,Russia,Tula,27272881151.617912,0.0001360249651251167,0.00015687996280444263,0.15331742713658003,25493.568334635318,1069794.5769547387,1381526.0356064795
GBR-5689,GBR,United Kingdom,Doncaster,27270383721.116673,0.0001360125090558461,0.00013056478406748867,-0.04005311736526107,626.6660297292278,43516613.997570224,337999.46284484863
NPL-1126,NPL,Nepal,Karnali,27247289778.53379,0.00013589732677213453,0.00014561219949047976,0.07148685665196797,21289.336484874442,1279856.2227569812,230605.9639671836
THA-413,THA,Thailand,Pathum Thani,27163648574.82379,0.0001354801617592257,0.0001461596281540595,0.07882679099404455,1347.7697892228152,20154516.588836417,1881733.3205566409
VNM-485,VNM,Vietnam,Bình Định,27157317060.491276,0.00013544858299013705,0.00011631863265389406,-0.1412340381415137,6264.446811250462,4335150.074499609,1508276.398887694
THA-404,THA,Thailand,Tak,27103697699.46205,0.00013518115353618665,0.00011833178621373375,-0.1246428727799137,16282.151754488274,1664626.2796310538,682249.344616594
EGY-1558,EGY,Egypt,Shamal Sina',27088643751.2338,0.00013510607115778446,0.00019890305360081682,0.472199227587091,27192.036495782886,996197.6829295179,438056.0500346409
GBR-5707,GBR,United Kingdom,Cheshire West and Chester,27053871411.768364,0.0001349326422399958,0.00017793912966830767,0.31872560052458665,959.2524069401475,28203078.99780583,334409.19721984863
FRA-5314,FRA,France,Loir-et-Cher,27006045498.71388,0.0001346941079201655,0.0001748012383807563,0.2977645502085564,6631.1443609350345,4072607.0839009527,323984.344745636
RUS-2610,RUS,Russia,Chita,26988685024.43104,0.00013460752161871276,0.000177701157884734,0.32014285492966454,432954.6157805631,62336.0602722154,1123823.9841441282
GRC-3001,GRC,Greece,Anatoliki Makedonia kai Thraki,26849679204.035057,0.0001339142225951723,0.00012740880871482075,-0.048578961623946926,13901.202340694997,1931464.5270239764,560932.4239617623
GHA-2173,GHA,Ghana,Volta,26848350429.410576,0.00013390759526009358,0.00013858239062735788,0.034910606513277154,20126.112593416434,1334005.7750741737,2558808.5111989556
RUS-2358,RUS,Russia,Tver',26836393497.562473,0.00013384795941785894,0.0001733811363269612,0.2953588316253961,84908.33391539613,316063.126669081,1323813.696580347
RUS-2373,RUS,Russia,Penza,26716426375.035393,0.00013324961692638592,0.00013594640953140316,0.02023865184173168,43487.330694504984,614349.6496190154,1342344.7873836248
ITA-5365,ITA,Italy,Forlì-Cesena,26701663604.57893,0.000133175986812819,0.0001614129965946624,0.21202778712299652,2315.849351037956,11529965.708957423,397968.6231941283
BOL-1940,BOL,Bolivia,Santa Cruz,26672451973.496304,0.00013303029222788785,0.00014100515025909465,0.05994768482914736,361931.7262237387,73694.70549538934,3286327.6969049494
EGY-1557,EGY,Egypt,Janub Sina',26605251597.003487,0.00013269512672711023,0.00014798311650534692,0.11521138835547973,29033.562344599384,916361.9428172722,155123.48363478784
ITA-5364,ITA,Italy,Ravenna,26561986319.064392,0.0001324793388207986,0.00011578121237461764,-0.1260432501763018,1973.2669441288012,13460918.908156913,399700.8480868339
NZL-3397,NZL,New Zealand,Hawke's Bay,26559122150.08295,0.00013246505362358576,0.000135772593453909,0.024969150276585195,14803.21356427009,1794145.7126706336,171219.63372356724
CHL-2704,CHL,Chile,Los Lagos,26551424715.09368,0.00013242666225157974,0.00016734929293452062,0.2637129871671615,46924.55733168694,565832.1830809087,888356.756204506
SVK-1054,SVK,Slovakia,Nitriansky,26522047895.322697,0.00013228014377915945,0.00013112963995387604,-0.008697479397997698,5955.160659729514,4453624.244711366,636708.7541410029
QAT-1101,QAT,Qatar,Al Wakrah,26502391153.33717,0.0001321821047187393,9.854184951243195e-05,-0.25449931575751505,1586.2223540346429,16707866.38829474,251860.19381428324
ITA-5417,ITA,Italy,Agrigento,26450945668.67007,0.0001319255175903467,0.00011372059460642761,-0.13799394777020135,2912.9745676621546,9080390.18339203,388923.90489274263
CZE-1594,CZE,Czech Republic,Vysočina,26425392968.75784,0.00013179807212189431,0.00016595207958257938,0.2591389002192499,6994.566611008047,3777988.607209711,499007.09718704224
IRL-718,IRL,Ireland,Wexford,26270882478.51856,0.00013102744272159658,8.654856270032852e-05,-0.3394623225286899,2278.6658418808843,11529063.189376518,146139.81550598145
GBR-2768,GBR,United Kingdom,Lambeth,26161633386.292896,0.00013048255698410035,7.216610397790562e-05,-0.44692910956137033,27.85970576076283,939049163.36692,326016.34375
MEX-2722,MEX,Mexico,Campeche,26138416131.83441,0.000130366759675761,0.0001792721312167393,0.3751368190987665,56894.1063109326,459422.2113092887,904829.649930531
ARG-1306,ARG,Argentina,Chaco,26088655948.968887,0.00013011857808096456,0.00013350733500854618,0.026043605590840402,99224.7559858164,262924.8687968364,1209764.9889543792
PER-585,PER,Peru,Loreto,26082435124.314323,0.00013008755138261234,0.00014290662357156807,0.09854188239159334,373727.92277641734,69789.90205106547,1098374.2549493702
MYS-1146,MYS,Malaysia,Negeri Sembilan,26074168822.3668,0.0001300463227559823,0.00020414791925932899,0.5698092412992732,6967.197510439959,3742418.4951404207,1017336.4238069654
VNM-5483,VNM,Vietnam,Lào Cai,26073311185.02729,0.00013004204524351312,0.00013553718056390855,0.0422566048550328,8044.793141965984,3241016.9814081136,734838.7338761985
PHL-2550,PHL,Philippines,Isabela,26060520765.52247,0.00012997825233665422,0.00012243972340747112,-0.05799838660438139,9826.376772189518,2652098.669702816,1684240.522236226
THA-448,THA,Thailand,Udon Thani,26003237830.449036,0.00012969255060964156,0.00014044616424703556,0.08291620133033728,11197.548485941628,2322225.9642899293,1043082.4837768078
RWA-3493,RWA,Rwanda,Eastern,25970800186.015343,0.0001295307661091957,0.00011379292902180122,-0.12149883429337038,9651.579746636859,2690834.12951802,3694518.2024228578
FRA-5270,FRA,France,Aube,25961444778.320618,0.0001294841055089338,0.00014790741819757628,0.14228242621926546,6213.331092882871,4178345.623341792,311330.2472586632
BLR-4825,BLR,Belarus,City of Minsk,25946711446.520557,0.00012941062222225283,5.326004421447727e-05,-0.5884414795332085,559.0571267108769,46411556.54194748,2113074.4621009827
CIV-3450,CIV,Ivory Coast,Vallée du Bandama,25930280773.516144,0.00012932867335480527,0.0001332994894259134,0.03070329237983005,28560.489833062897,907907.4247353452,1660094.7447978295
ESP-5811,ESP,Spain,Cáceres,25920626207.06168,0.0001292805206841004,0.00014499793281015164,0.12157602740831375,19849.906953729216,1305831.118880482,350733.5184525391
FRA-5324,FRA,France,Mayenne,25907774585.23612,0.00012921642252736716,0.00016671003234919324,0.2901613362178108,5168.332013687562,5012792.234829963,313677.2130126953
TUR-2274,TUR,Turkey,Denizli,25902060947.495174,0.00012918792545109096,0.00012640924409041315,-0.021508831812070417,11133.47960013729,2326501.855464465,1074787.698088903
VNM-512,VNM,Vietnam,Hà Giang,25883355773.9836,0.00012909463238973724,0.0001380734624102088,0.06955231100054116,7832.050766399321,3304799.2851408855,708223.0153111387
NOR-75,NOR,Norway,Nordland,25874766763.04774,0.00012905179423462943,0.00015230622773014982,0.18019457717295606,37074.07788812276,697920.7100208718,148357.32552698487
IRN-3214,IRN,Iran,Mazandaran,25840237854.94261,0.00012887957944387454,0.0001809643153822435,0.40413489990515705,24721.937360634744,1045235.1479576419,3077207.007421476
NGA-2854,NGA,Nigeria,Ekiti,25831765718.754417,0.0001288373242078719,0.00011200350930723668,-0.13065945760775655,5317.25696842671,4858099.932378784,3576203.613386184
RUS-2376,RUS,Russia,Vladimir,25826928771.78765,0.00012881319967409752,0.00015239972820148062,0.18310645638069656,29321.582721839863,880816.3262125255,1305112.0507915644
ITA-5446,ITA,Italy,Mantova,25803652075.676247,0.00012869710589730952,0.00018839497309752987,0.46386332298610267,2418.8329346231194,10667810.78855152,384292.15647888184
OMN-2424,OMN,Oman,Al Batnah North,25735243255.20021,0.00012835591321701395,0.00011942949979783583,-0.0695442320922609,7829.713970541087,3286868.8884457075,771229.1440265775
COL-1413,COL,Colombia,Bolívar,25734890594.990124,0.00012835415430520293,0.00014145232573038947,0.10204711718205428,25974.75130275908,990765.6206223819,2342446.0242578983
COL-1317,COL,Colombia,Santander,25649871191.466644,0.00012793011544642055,0.00012905964848880326,0.00882929745229366,30852.57794856596,831368.815734857,2309407.4878114536
FRA-5279,FRA,France,Cher,25620345521.612396,0.0001277828545761849,0.00013429575306646201,0.05096848487129457,7204.570907266501,3556123.723589398,303105.6168203354
TUR-2278,TUR,Turkey,Mugla,25615690859.092216,0.00012775963919591554,0.0001335727115794486,0.04550006888027358,12939.329927435623,1979676.7686384246,993478.7264741436
ITA-5390,ITA,Italy,Potenza,25558509965.639027,0.00012747444640698528,0.0002345320187187056,0.8398355539424711,6782.916880647538,3768070.6420803224,346337.77355772676
THA-437,THA,Thailand,Chaiyaphum,25536947211.675056,0.00012736690100906254,0.00014243276329107128,0.11828710726766256,13010.898218042781,1962735.145853486,823989.8077180088
GBR-2116,GBR,United Kingdom,Cardiff,25523257927.11268,0.00012729862496426795,2.131908044588214e-05,-0.8325270170682024,94.7949927280005,269246899.9955272,317820.17626953125
UKR-328,UKR,Ukraine,Kharkiv,25517404343.538822,0.0001272694299006051,0.000134218207695991,0.054598954366439356,31301.980254122012,815200.9596957865,2655680.9465502137
KWT-1666,KWT,Kuwait,Mubarak Al-Kabeer,25449567737.24169,0.000126931091169377,2.6068596495555774e-05,-0.794624025875821,79.47708450452289,320212648.6634447,484056.14453125
PHL-2514,PHL,Philippines,Cebu,25433228153.75425,0.00012684959661580627,6.84001875783793e-05,-0.46077725587456697,4495.875443217484,5657013.517161165,2765708.5173187256
HRV-1589,HRV,Croatia,Grad Zagreb,25426563252.59435,0.00012681635506194192,3.7450891100615947e-05,-0.7046840600147867,668.5793454099469,38030734.0140814,818544.4345321655
NOR-916,NOR,Norway,Vest-Agder,25404688452.207417,0.00012670725331566108,0.00012250011529075784,-0.03320360843449233,7620.055177255064,3333924.4744627723,152612.13113393262
NGA-2863,NGA,Nigeria,Ebonyi,25375951964.00153,0.00012656392853144436,0.00012048962301291775,-0.047993971023248316,6205.626946427882,4089184.248919213,3300099.825637102
IRN-3244,IRN,Iran,South Khorasan,25354111122.334457,0.00012645499615610966,0.0001337158391221719,0.057418395372047515,83014.18679290278,305419.0145304427,485553.4982953355
FRA-4603,FRA,France,Guadeloupe,25335482730.20437,0.00012636208604603565,4.133733644786323e-05,-0.6728659858242336,1398.4038165941058,18117429.62194598,318261.82572369697
ITA-5438,ITA,Italy,Novara,25301464479.558125,0.00012619241818688837,0.00012742446184805045,0.009763214611970161,1351.3104381718028,18723650.587490946,384269.9043273926
TUR-2269,TUR,Turkey,Eskisehir,25285614131.90586,0.0001261133637234221,0.00014322967802256526,0.13572165386596735,13587.790663408812,1860906.9537698028,942127.1296220968
ITA-5383,ITA,Italy,Lucca,25284144318.16314,0.0001261060329481372,0.0001310319578563649,0.039061770425000475,1940.2825989012058,13031165.83763711,380568.403337568
RUS-2354,RUS,Russia,Arkhangel'sk,25283186120.97897,0.00012610125388802125,0.0005669113622631884,3.495683784132785,403001.4094952606,62737.21511953249,1053537.1064065904
GBR-5672,GBR,United Kingdom,Calderdale,25218960295.511627,0.0001257809241208522,0.00015447439985152668,0.22812263410551314,347.2655346021389,72621546.86443305,313086.39405822754
IRL-725,IRL,Ireland,Kerry,25205861006.087982,0.00012571559070862084,0.00012559711143533782,-0.0009424389816345968,5162.782871680073,4882223.721697111,137934.89948490635
FIN-3178,FIN,Finland,Northern Savonia,25148561193.4729,0.00012542980480395927,0.00011910829015030024,-0.05039882397600193,19918.03110656293,1262602.7672577803,244143.84362080973
LTU-1069,LTU,Lithuania,Kauno,25131175037.474907,0.00012534309041356762,0.00011373241578255484,-0.09263115017113055,8397.888925439913,2992558.6371289664,553771.6624854207
GRC-2990,GRC,Greece,Kriti,25130555828.87363,0.00012534000207728492,9.793719757043798e-05,-0.21862776490102753,8306.25353746267,3025498.2845792496,577603.5832107961
PHL-2518,PHL,Philippines,Negros Occidental,25126159619.402496,0.0001253180757455318,0.0001256909735990618,0.002975611070562545,7485.962235739499,3356436.865182825,2095235.0728788376
IRL-5569,IRL,Ireland,Cork,25104705837.928345,0.00012521107385377714,1.6416689530912723e-06,-0.9868887878478829,37.489725552298,669642294.4709849,141592.751953125
PHL-2572,PHL,Philippines,Quezon,25092954778.35061,0.0001251524648105903,0.00014186943553574173,0.13357284453367657,8044.0086022905625,3119458.96865467,1895857.6098738275
BEN-2169,BEN,Benin,Borgou,25073084131.92818,0.00012505335889025876,0.00013518077787335274,0.08098478180007418,25467.11361777484,984527.9095322507,1637723.2107193656
GRC-2886,GRC,Greece,Dytiki Ellada,25071428924.647423,0.00012504510345470764,0.00010856704319117699,-0.1317769333486868,11158.538809615715,2246837.991282736,547679.004753828
VNM-498,VNM,Vietnam,An Giang,25063430024.308357,0.0001250052085080164,0.00010722527023449184,-0.1422335795902806,3627.082418020453,6910080.096273959,2196339.2187461853
TUR-2229,TUR,Turkey,Aydin,25036654109.643986,0.0001248716621900397,0.00012159721751836447,-0.026222480058701536,7759.043010041699,3226770.888786378,1142936.5335092694
THA-402,THA,Thailand,Phetchabun,25033608680.951412,0.00012485647295024522,0.00013484745112345525,0.08001970532349878,12792.603669915441,1956881.4392197053,846119.8702640533
GBR-2010,GBR,United Kingdom,South Lanarkshire,25026468406.24188,0.00012482086044517294,0.00013665659498458978,0.09482176694828692,1925.599211722747,12996717.205680523,306711.4231580198
RUS-2167,RUS,Russia,Tomsk,25012191771.369755,0.00012474965495904228,0.00013913454179649768,0.1153100330592356,314846.15462176723,79442.58300190308,1092887.4651689916
PHL-2589,PHL,Philippines,Bukidnon,24996796707.79936,0.00012467287124948037,0.0001365910849178964,0.09559588665096785,8887.760530671556,2812496.6487942277,1761379.589462757
CZE-10373,CZE,Czech Republic,Pardubický,24989464370.673176,0.00012463630082275025,0.0001228991896091435,-0.013937441998356004,4481.832216040176,5575725.097703918,495257.04074788094
GRC-2989,GRC,Greece,Stereá Elláda,24973446928.924088,0.00012455641296846742,0.00026085065698445205,1.0942370671070045,15349.541000146985,1626983.303845043,495945.71179672354
VNM-454,VNM,Vietnam,Lạng Sơn,24964088244.74068,0.00012450973602654158,0.00015432796509865684,0.2394851199890018,7400.456835506667,3373317.1883342974,690307.4189757109
RUS-2395,RUS,Russia,Ul'yanovsk,24950018499.06196,0.00012443956241141717,0.0001397161783440648,0.12276333696948138,37320.4792343058,668534.2474414787,1255547.9397828367
RUS-2384,RUS,Russia,Kirov,24940099714.68942,0.00012439009193960095,0.0001528173521415563,0.22853315532364538,120568.91083541811,206853.4877015996,1205426.8267024094
VNM-474,VNM,Vietnam,Ha Tinh,24938752085.13334,0.00012438337056453432,9.886954999141053e-05,-0.2051224408642821,6306.84087005833,3954238.3578329743,1182174.2554194331
ITA-5406,ITA,Italy,Brindisi,24890556213.715965,0.00012414299105742332,0.0001142621969060837,-0.07959204194435099,1868.2985107469824,13322579.914579192,373683.7766957788
GBR-5688,GBR,United Kingdom,Barnsley,24865837292.628063,0.00012401970410580936,0.0001457294200024418,0.1750505377606002,365.7951406410973,67977494.85968533,308927.0933532715
NGA-2845,NGA,Nigeria,Bayelsa,24861402751.036232,0.00012399758659053766,0.00014150891160848164,0.14122311167046764,9893.748474018694,2512839.5790860346,2466503.886454314
ETH-3110,ETH,Ethiopia,Tigray,24830672221.60575,0.00012384431641820716,0.00014007965252040626,0.13109472095089414,49202.14989283307,504666.4073762895,6836341.993198484
BEN-2170,BEN,Benin,Alibori,24783226534.705257,0.0001236076784968193,0.00012384147215480245,0.0018914169477679543,26561.035280668755,933067.0387212883,1145954.416233072
NOR-922,NOR,Norway,Telemark,24775390741.774567,0.00012356859705712104,0.0001563713239129073,0.26546167583842384,15201.091551517484,1629842.8739679097,146950.60433391717
RUS-2360,RUS,Russia,Yaroslavl',24748339984.01434,0.00012343367994438597,0.00012116009887274407,-0.0184194546631542,36331.61743921084,681179.1417055035,1246007.285232842
GRC-2885,GRC,Greece,Peloponnisos,24741738033.33994,0.00012340075235946194,0.0001641505196949115,0.3302230055838473,15722.985468515957,1573603.0592207394,489305.5947541222
GBR-2753,GBR,United Kingdom,Hillingdon,24736733490.82074,0.00012337579193383413,6.351041989018722e-05,-0.48522786443999033,116.07567583338361,213108675.12266856,308003.408203125
ARG-1304,ARG,Argentina,Santiago del Estero,24722666904.79803,0.00012330563407766444,0.0001437813775056315,0.1660568357733787,134829.25981954642,183362.77257537792,997411.8747845896
PHL-2557,PHL,Philippines,Nueva Ecija,24702099764.36768,0.0001232030543559178,0.00012089207842492398,-0.01875745648575977,5245.477372529559,4709218.629696506,2455442.096833866
PHL-2564,PHL,Philippines,Batangas,24687296421.452736,0.0001231292218850268,0.00010228159631525606,-0.16931501109653257,3204.3322069988094,7704349.869695614,2908619.947418213
CHL-2697,CHL,Chile,Coquimbo,24613230306.21342,0.0001227598131420938,0.00013577359693718488,0.10601013036756335,37297.73019820018,659912.2835469795,841395.1499287625
RUS-2389,RUS,Russia,Chuvash,24609326741.406837,0.0001227403439021654,0.00011599209367710895,-0.054979886893875674,18440.021262243434,1334560.6488966076,1249377.1045303326
ITA-5414,ITA,Italy,Siracusa,24599906606.9329,0.00012269336047360252,9.620480225797005e-05,-0.2158923523928704,1959.1781675260042,12556237.617733857,366686.3259260822
IRL-76,IRL,Ireland,Clare,24528042180.712593,0.00012233493277335295,9.388921211589208e-05,-0.23252328678809664,3115.738946281451,7872303.361610619,135505.2628865242
TUN-98,TUN,Tunisia,Tataouine,24522114434.026295,0.0001223053678171684,0.00011719334506093192,-0.04179720683950949,39652.89080302289,618419.3368357618,159692.75165476417
THA-396,THA,Thailand,Phitsanulok,24505947066.650528,0.00012222473220073948,0.00012186370819639313,-0.0029537721036149156,10570.052434538353,2318431.9300607922,961785.6186915784
PER-567,PER,Peru,Piura,24505628011.20206,0.00012222314089448878,0.00013948807035754285,0.14125745203977624,36407.355099489665,673095.5309507106,1943595.3287053476
GBR-2108,GBR,United Kingdom,Halton,24496350188.92231,0.00012217686725566698,3.632086488019258e-05,-0.7027189704890072,90.28926345922177,271309669.0614365,304844.10986328125
THA-391,THA,Thailand,Lampang,24481626656.14553,0.00012210343284214294,0.00013232775082694818,0.083734893825822,12313.467889681373,1988199.1714666358,798436.1820913078
ARG-1297,ARG,Argentina,Río Negro,24463936312.17872,0.0001220152012978569,0.00015925154657334912,0.30517791946753325,202743.30726500507,120664.58144634088,735618.0101389549
ITA-5421,ITA,Italy,Chieti,24459470465.457077,0.00012199292764656246,7.910651432749003e-05,-0.3515483573221787,2561.3527064925556,9549434.71996529,361198.3658794686
ESP-5810,ESP,Spain,Burgos,24422105415.0067,0.00012180656744295378,0.00016362917056535984,0.3433526122636452,14484.03264829141,1686139.9037158082,357257.82207156345
MAR-1445,MAR,Morocco,Tanger - Tétouan,24413818661.151257,0.00012176523681133036,0.00013742067726062442,0.12857068946165184,11661.911962546834,2093466.2120206528,3304323.405609686
SVK-1051,SVK,Slovakia,Bratislavský,24378905274.28816,0.00012159110441204145,0.0001221427372332326,0.004536786007978133,1944.3968239947644,12538029.77532214,617669.2225614606
GBR-2745,GBR,United Kingdom,Highland,24378278341.25316,0.00012158797754972911,0.0001451845001778414,0.19406953798915993,25971.55579678095,938652.9837490417,226585.15260588776
RUS-2359,RUS,Russia,Vologda,24367426270.42613,0.00012153385226140422,0.0001318868623449343,0.0851862249973121,145825.89251709302,167099.44886893043,1160802.842544024
CMR-1462,CMR,Cameroon,Extrême-Nord,24366389747.71884,0.00012152868254851886,0.00012451256303111453,0.024552890889806056,34908.39771025755,698009.4002011147,4464836.132712549
PER-580,PER,Peru,La Libertad,24359524249.12461,0.00012149444050413584,0.00011295353883300117,-0.07029870367479019,24508.893718917236,993905.4993054487,1965452.7674661689
SWE-191,SWE,Sweden,Västernorrland,24240549143.052185,0.00012090104574821366,0.00011454007030106755,-0.052613072184614196,22971.606013142744,1055239.634929462,213085.68655517988
GBR-5677,GBR,United Kingdom,Wigan,24199154869.26296,0.00012069458957597221,8.406021759273149e-05,-0.30352952946727496,169.927971787074,142408307.55977827,301032.009765625
FRA-5272,FRA,France,Aveyron,24183089155.729782,0.00012061446096356374,0.00014880470896479507,0.23372195818001695,8619.649065459873,2805576.9987939266,279766.34095191956
GBR-5696,GBR,United Kingdom,Coventry,24142387941.65037,0.00012041146146399039,1.6839029366723384e-05,-0.8601542647021257,71.31906936411215,338512380.4461595,300605.7497558594
NGA-3470,NGA,Nigeria,Federal Capital Territory,24139084513.525993,0.00012039498543812009,0.0001005937564095313,-0.1644688851162004,7124.499603655069,3388179.641576787,2851217.041074494
SWE-180,SWE,Sweden,Kalmar,24128809617.95112,0.00012034373884248295,0.00013028769010459926,0.08262956891452311,10952.443282470875,2203052.688395904,218882.18803673983
GBR-5692,GBR,United Kingdom,Dudley,24103324962.229637,0.00012021663274810046,2.2454256021468313e-05,-0.8132183915971218,86.22104530436549,279552687.8286322,300175.97265625
LBN-3025,LBN,Lebanon,Mount Lebanon,24093164240.43723,0.0001201659556003589,8.46811450178012e-05,-0.29529836803837406,2168.9761973381715,11108081.439531257,1577185.7905615866
ESP-5813,ESP,Spain,Cantabria,24077091736.44792,0.00012008579312018438,0.00011425496574209112,-0.04855551374222633,5126.7575029057725,4696358.609277184,405961.66556350887
MEX-2717,MEX,Mexico,Aguascalientes,24048240665.64744,0.00011994189684909955,8.520881761596769e-05,-0.2895825407599648,5486.039546589128,4383533.961325363,1331334.2554208962
SVK-1055,SVK,Slovakia,Trenciansky,24030747293.08124,0.00011985464771029352,0.00011649518676563898,-0.028029459089270015,4477.849854006063,5366581.747170995,586629.9621108472
ITA-5428,ITA,Italy,Pesaro e Urbino,23971202605.906563,0.00011955766537273652,0.00014805508712641022,0.2383571280421819,2682.568560529238,8935914.242272839,353548.31032180786
RUS-2342,RUS,Russia,Bryansk,23962462017.11667,0.0001195140712149096,0.00011979660447952769,0.002364016736657204,35799.12600823934,669358.8556212683,1206179.8554936987
GBR-5681,GBR,United Kingdom,Oldham,23886184290.50121,0.00011913363194100195,0.00012568880499672091,0.05502369858886902,195.6702000177443,122073694.86173724,297188.7347984314
FRA-5332,FRA,France,Orne,23881157732.202335,0.00011910856171048605,0.00017534543479242053,0.4721480326378882,6199.440516132165,3852147.249426599,284681.6842021942
ARG-1274,ARG,Argentina,Chubut,23868874309.88466,0.00011904729747943213,0.00017636269189012845,0.4814506135311365,225729.90803942012,105740.8586978928,617337.1280273533
GBR-5675,GBR,United Kingdom,Wakefield,23867708519.25827,0.00011904148303583095,0.00010364700501245568,-0.12932028088680314,333.98004334328317,71464475.18340406,296553.9475097656
GBR-5676,GBR,United Kingdom,Salford,23851417661.923557,0.00011896023150657397,0.00010000798609803162,-0.15931580805216417,130.78234338942679,182374906.61030507,296921.4992675781
MMR-3269,MMR,Myanmar,Yangon,23777650416.219017,0.0001185923133915588,9.331115387599101e-05,-0.21317704995007936,9399.811419305172,2529588.026349644,8070867.661113024
FRA-1442,FRA,France,Martinique,23760558244.59653,0.00011850706526408977,2.6665047810993106e-05,-0.7749919150257347,864.2782526325258,27491792.339126524,299994.16478061676
LKA-2471,LKA,Sri Lanka,Gampaha,23742884818.000652,0.00011841891809610334,7.55006000954454e-05,-0.36242788475594256,1490.3077693571622,15931531.262325797,2778209.4848632812
ITA-5453,ITA,Italy,Lecco,23740459519.906612,0.00011840682179110257,0.0001156824736430023,-0.023008371535439553,744.405678957211,31891830.208983712,363825.0078514349
THA-430,THA,Thailand,Chon Buri,23738233228.92579,0.00011839571804480816,0.00012785991163604643,0.07993695842662518,4520.650302637764,5251066.028061209,1400486.8603527546
GBR-2078,GBR,United Kingdom,Waltham Forest,23725265905.069584,0.00011833104281795917,8.343280161298218e-05,-0.29492042302597254,36.02628820286038,658554269.3567269,295623.71484375
TUR-3041,TUR,Turkey,Mardin,23701215599.319004,0.00011821109062138764,0.0001087864677789621,-0.07972706108102146,10124.452615665143,2340987.359913869,986188.1227920696
IRL-714,IRL,Ireland,Mayo,23660861369.527096,0.00011800982172465542,0.00011060389912619216,-0.0627568323570814,5422.494782290395,4363464.110062829,128545.12576523425
TZA-3359,TZA,United Republic of Tanzania,Tabora,23649268483.55919,0.00011795200158087532,0.00012284268986217602,0.04146337676132905,76326.0239714018,309845.4138318565,3201580.7270983155
CHE-3425,CHE,Switzerland,Basel-Stadt,23626046401.0546,0.00011783618019239573,3.713877426746846e-06,-0.9684827069183416,14.441546616562052,1635977574.1719694,141796.9140625
MAR-3456,MAR,Morocco,Laâyoune - Boujdour - Sakia El Hamra,23578608505.83889,0.0001175995811324558,0.00015284126298593524,0.2996752328036416,73680.06611103448,320013.4005078981,290444.9016744541
ITA-5447,ITA,Italy,Cremona,23577313264.712475,0.0001175931210475066,0.0001765742561595228,0.5015696036181261,1907.5005484852288,12360317.94771201,353787.80490112305
CMR-1482,CMR,Cameroon,Adamaoua,23557683615.627243,0.00011749521711438735,0.00013291257566321626,0.1312169033554733,62054.279529829306,379630.2816521,1285312.2181134038
SAU-861,SAU,Saudi Arabia,Al Hudud ash Shamaliyah,23539439358.48726,0.00011740422289828662,0.0001308913137726186,0.11487739147182596,124737.58960251158,188711.6741112119,404511.4850582457
GHA-2172,GHA,Ghana,Greater Accra,23524115226.859215,0.0001173277929656114,6.836870423602951e-05,-0.41728466454603574,3101.507522961637,7584735.826916835,4913643.859572033
SGP-4874,SGP,Singapore,North East,23481083450.35866,0.0001171131696603134,4.54393061056806e-05,-0.612005155035277,10.565617607714747,2222405194.1093693,170716.796875
EGY-1548,EGY,Egypt,Aswan,23390593257.060577,0.00011666184494257977,9.943136604629113e-05,-0.14769592324525105,15362.374262758429,1522589.728448695,1385603.7878066376
ARG-1308,ARG,Argentina,Corrientes,23384378540.36025,0.00011663084870797862,0.00013000647700591063,0.11468345164341565,89319.76851553447,261805.18522384262,1083880.2721998205
ARE-341,ARE,United Arab Emirates,Fujayrah,23373076765.338142,0.00011657448049573558,0.00010117859190568253,-0.1320691160242078,1606.8039713139797,14546315.034449771,278057.4660285711
NZL-3404,NZL,New Zealand,Northland,23367927689.60781,0.00011654879920292492,0.00013895572300545364,0.19225357923693132,12169.18949001283,1920253.4161199238,155574.14022375783
UKR-322,UKR,Ukraine,Odessa,23364744101.420673,0.00011653292088520261,0.00012621551136522032,0.0830888851533731,33392.74011914345,699695.3235360908,2312542.453923839
MEX-2726,MEX,Mexico,Tlaxcala,23358306463.954865,0.00011650081282126516,0.0001000844690097217,-0.14091183927385398,3659.311184352795,6383252.280875953,1309223.691956669
MAR-3469,MAR,Morocco,Oued el Dahab,23346078245.542835,0.00011643982392266688,0.00016158600692322354,0.38772115483908975,75179.35250089143,310538.4320151735,162318.55572724086
TUR-2242,TUR,Turkey,Tekirdag,23338249945.7967,0.00011640077985563058,0.00014520377047966298,0.24744671521751083,7048.259680751543,3311207.4473550306,1080708.039413374
ARG-1312,ARG,Argentina,Misiones,23221996768.840427,0.00011582096086792444,0.00011438329843508531,-0.01241280008442125,29283.231502365117,793013.46120099,1291360.400102487
BOL-1936,BOL,Bolivia,La Paz,23217060227.5874,0.00011579633960227785,0.00011819598827137987,0.02072300970258656,133519.86950838327,173884.68332894586,3170411.182276206
THA-447,THA,Thailand,Sakon Nakhon,23165245994.544327,0.00011553791332147948,0.00012019108070282566,0.04027394339725476,9555.054691143585,2424397.006959656,939317.187745154
IRL-726,IRL,Ireland,Limerick,23161398461.910297,0.0001155187235450326,0.00010742911232249265,-0.07002857176989485,2677.7244002375405,8649657.320916094,128283.20888519289
UKR-4826,UKR,Ukraine,Kiev City,23119236055.004875,0.00011530843626746124,6.519918855087544e-05,-0.43456705631109205,1548.873565934349,14926483.712735021,3126499.6982398108
VNM-483,VNM,Vietnam,Bình Dương,22989387083.469418,0.00011466080752129208,0.0001200226743967188,0.04676285638779443,2439.2682599775485,9424706.359964285,2292998.6040649414
PHL-5549,PHL,Philippines,Quezon City,22981307282.24049,0.00011462050907705098,5.7788274201815485e-05,-0.4958295451037592,163.0512645609266,140945287.01832408,3315363.5
IRQ-3050,IRQ,Iraq,Arbil,22974588091.83364,0.00011458699675264053,0.00010923134306560704,-0.04673875604397559,14636.810379641296,1569644.444105771,2529077.2615094837
PHL-2534,PHL,Philippines,Palawan,22959750007.05191,0.00011451299100481588,9.91592019083021e-05,-0.13407901550548162,11299.451868965029,2031934.847221479,833163.813839592
SVK-1056,SVK,Slovakia,Trnavský,22912495445.129776,0.00011427730632956185,0.00014045525926922937,0.22907394110404988,4299.0674705515685,5329643.138210649,561200.2751159668
ITA-5405,ITA,Italy,Barletta-Andria Trani,22907379309.933537,0.00011425178932944091,6.804646719094911e-05,-0.4044166171022532,1466.3426712106386,15622118.730965387,344710.8778962395
GBR-5661,GBR,United Kingdom,Newcastle upon Tyne,22888180509.631344,0.00011415603427785572,3.3119213639179216e-05,-0.7098776788394114,96.97374476917935,236024509.1504992,285007.1298828125
VNM-458,VNM,Vietnam,Yên Bái,22861908177.77942,0.00011402499960630613,0.00011727912243818311,0.02853867873810567,6593.524440247032,3467327.433903146,750913.1300942004
GBR-2060,GBR,United Kingdom,Barking and Dagenham,22861786536.318897,0.00011402439291296363,9.010368720553735e-05,-0.20978586332562443,43.57889291914778,524606868.25465083,284844.97265625
RUS-2606,RUS,Russia,Buryat,22834233352.59209,0.00011388696992363262,0.00011561709823984458,0.015191626551940951,352668.958986835,64746.93269912787,958560.4470568836
IDN-1231,IDN,Indonesia,Bangka-Belitung,22707801555.233376,0.0001132563845179024,0.0001217105880403709,0.07464659549618724,16603.434487619987,1367656.8888301386,1371597.624752218
IDN-1237,IDN,Indonesia,Sulawesi Barat,22670464753.520466,0.00011307016520639483,0.00012522242806709336,0.10747541438996011,16691.272858842687,1358222.6439675107,1357717.0763246268
VNM-507,VNM,Vietnam,Cà Mau,22544059608.6726,0.00011243971273149941,9.668302857373059e-05,-0.14013451097473917,5067.535518216438,4448722.564969248,1268268.3490104675
RUS-2363,RUS,Russia,Lipetsk,22538406497.429596,0.00011241151753439489,0.00011055098919111687,-0.016551047295565113,23984.297276124467,939715.1076786309,1139778.3201357685
THA-442,THA,Thailand,Roi Et,22485643495.073727,0.0001121483592154973,0.00011012712811701548,-0.01802283254628767,7603.354787949126,2957331.878122031,1036724.1928367616
ITA-5387,ITA,Italy,Arezzo,22447607322.163208,0.00011195865175243598,0.00014487014806566052,0.2939611704685292,3233.3701138197,6942479.992073972,324651.5441697147
THA-411,THA,Thailand,Nakhon Sawan,22397778809.311214,0.00011171012935814811,0.00011411028069187212,0.02148552998295261,9653.908442114827,2320073.6720892973,866535.675110817
GBR-5686,GBR,United Kingdom,Rotherham,22376097499.819256,0.00011160199265813775,7.079403687944412e-05,-0.3656561572668121,246.88566240722744,90633442.54844104,278083.72814941406
UKR-291,UKR,Ukraine,L'viv,22369289217.537136,0.00011156803598319612,0.00013158533565590924,0.17941787265779285,21726.38423173548,1029590.979287873,2479676.8291444397
ITA-5409,ITA,Italy,Trapani,22331534196.58948,0.00011137973078070752,8.91895468878193e-05,-0.199230001162221,2340.626878220453,9540834.72439992,328761.6584379766
VNM-503,VNM,Vietnam,Long An,22290512197.89583,0.00011117513135057596,0.00016441481590161067,0.4788812381354466,4021.0945910527075,5543394.141359966,1575233.7293548584
ROU-308,ROU,Romania,Iasi,22195165923.97313,0.00011069958666891788,8.838510501986452e-05,-0.20157691930496424,5464.322397940345,4061833.1620292217,771926.1722874343
GBR-2073,GBR,United Kingdom,Merton,22186210261.738323,0.00011065491982068906,6.956657584755012e-05,-0.3713196307920209,31.005780606061556,715550772.406645,276439.7265625
GBR-2013,GBR,United Kingdom,Aberdeenshire,22158564514.25515,0.00011051703516463272,0.00012480707838487278,0.1293017243807959,6346.114131778641,3491674.4411031753,257211.81517326995
RUS-2374,RUS,Russia,Ryazan',22142962551.853703,0.00011043921953599627,0.0001344365683047977,0.2172900973913512,39795.50898702832,556418.6290234757,1110387.283478241
FRA-5268,FRA,France,Ardennes,22125114074.05193,0.00011035019929068278,0.00015279227567592386,0.3846125938879441,5137.184451232057,4306856.077310138,265502.2325909734
ROU-280,ROU,Romania,Timis,22101213192.31461,0.00011023099235443337,9.556353776429412e-05,-0.13306107726017713,8759.104576429894,2523227.4600062827,700940.5240461025
GBR-2761,GBR,United Kingdom,Leicester,21995942384.20601,0.00010970594852345494,1.8803964977932087e-05,-0.8285966692689245,30.734259604792253,715681544.5385345,273982.77734375
ITA-5363,ITA,Italy,Ferrara,21988915905.273064,0.00010967090358095352,0.00018954690844125963,0.7283244894699501,2571.035004280428,8552554.075951697,321858.8013170473
FRA-5347,FRA,France,Tarn-et-Garonne,21966786045.833405,0.00010956052971389604,0.00011336937515521059,0.034764759272895907,3674.4880876177917,5978189.484368337,268421.130405426
BLR-2339,BLR,Belarus,Gomel,21882404415.76709,0.00010913967178461599,0.00011173945767539655,0.02382072300813909,40585.77646680745,539164.3654683637,1482037.7617513489
IRQ-3243,IRQ,Iraq,Diyala,21821218435.40177,0.00010883450340878251,0.0001382661567353204,0.270425760257228,19747.689857251662,1105001.0706639024,2286073.0322028697
GBR-5697,GBR,United Kingdom,Central Bedfordshire,21795583549.15082,0.0001087066480315348,0.00021596797868029247,0.9867044250839392,632.5973165795336,34454119.51318412,269604.18466186523
SDN-149,SDN,Sudan,Red Sea,21778355167.76396,0.00010862072055052238,0.00015629639631907564,0.43891879493082575,200115.9165891147,108828.70057997473,2685283.6491945386
KEN-891,KEN,Kenya,Western,21704037757.69463,0.00010825005846107642,8.823724475803228e-05,-0.18487577732108262,8485.78072242054,2557694.862459706,5194936.727700233
TUR-2284,TUR,Turkey,Malatya,21665893678.248093,0.00010805981280834909,0.00011063212440562226,0.023804516502683004,12152.276927484867,1782867.0139376293,804691.3546353213
GBR-2038,GBR,United Kingdom,Milton Keynes,21664378555.173767,0.00010805225605033002,2.499318861986084e-05,-0.7686935050368668,273.48444249908476,79216127.82506365,269033.8892059326
ESP-5841,ESP,Spain,Salamanca,21639271886.1648,0.00010792703518505485,9.125041933998835e-05,-0.15451750172208745,12430.25376307583,1740855.1988250175,318134.81894800626
TUR-2272,TUR,Turkey,Afyonkarahisar,21632997389.430763,0.00010789574079431262,0.00011931518634133856,0.10583777879421064,14959.494081925348,1446104.879680965,693937.0432589613
KAZ-3252,KAZ,Kazakhstan,Zhambyl,21629966890.3482,0.00010788062601675298,0.00011655380552834126,0.08039608066643411,140073.95369002118,154418.19353664116,1135856.5629184372
PHL-2545,PHL,Philippines,Cagayan,21614017780.48854,0.0001078010789714527,9.632018863577666e-05,-0.10650069967032838,8581.007963727561,2518820.384720804,1282138.795682259
SWE-182,SWE,Sweden,Kronoberg,21560080015.325897,0.00010753206145972053,0.00017469739731049635,0.6246075350832427,9334.160999178972,2309803.7431775937,195853.97876433656
IRQ-3225,IRQ,Iraq,Dhi-Qar,21527555561.111275,0.00010736984399081205,9.576241768991844e-05,-0.10810694948841393,13503.718936736019,1594194.581653126,2366637.2888271995
NPL-1130,NPL,Nepal,Bagmati,21518580617.09927,0.0001073250809736799,9.776515748425221e-05,-0.08907445866984376,9073.742219744216,2371522.145546016,4825000.595559359
ESP-5828,ESP,Spain,La Rioja,21512382875.72243,0.00010729416940441986,8.732211085551756e-05,-0.18614299975259962,5578.91509959176,3856015.460299192,359389.64549062494
FRA-5312,FRA,France,Jura,21476423101.474648,0.00010711481809163524,0.00022010365192433123,1.0548384980314824,5025.429215335866,4273550.015575995,258024.12877452376
ITA-5456,ITA,Italy,Pordenone,21473811468.433304,0.00010710179243103879,0.00011129970402381316,0.039195530695504965,2132.2638866666025,10070897.698316135,317748.1639140174
GBR-2778,GBR,United Kingdom,Stoke-on-Trent,21464334924.00635,0.00010705452765479396,1.0236474124768515e-05,-0.9043807455040401,33.23525301434967,645830345.107916,267240.638671875
CHE-177,CHE,Switzerland,Zug,21460953700.517433,0.00010703766362034878,6.596120888129104e-05,-0.383757019255872,158.23728031437892,135625142.5573022,128425.12567138672
TUR-2267,TUR,Turkey,Sakarya,21446448437.77968,0.00010696531784041211,9.623670344522127e-05,-0.10029993470591558,4304.895322603586,4981874.547604317,1073833.9977955818
KEN-1195,KEN,Kenya,Central,21429949226.68753,0.00010688302713555681,0.00011858408462840948,0.10947535643814188,12993.079617519767,1649335.6353940566,4807467.211119369
THA-443,THA,Thailand,Surin,21394711738.462315,0.00010670727826325084,0.00010615731269061736,-0.005153964955199153,8628.724699928318,2479475.5288275736,888681.6652798653
VNM-457,VNM,Vietnam,Tuyên Quang,21389926991.875423,0.00010668341408168541,0.00011371496386267352,0.06591043079671399,6254.533463307377,3419907.6745469198,748274.4392277896
GBR-2082,GBR,United Kingdom,Belfast,21355479103.26858,0.00010651160338004631,1.16135700527985e-05,-0.8909642735227647,100.797496930936,211865172.7820269,265867.0703277588
THA-425,THA,Thailand,Si Sa Ket,21302341109.76961,0.00010624657477260535,0.00010763083994817618,0.013028798138043696,8965.18589950801,2376118.1696119253,858723.5888417959
ITA-5423,ITA,Italy,Viterbo,21286512117.33661,0.00010616762681944649,0.0001784331579401109,0.6806738860572108,3718.221016218521,5724918.455489036,303402.82693076134
TZA-3379,TZA,United Republic of Tanzania,Morogoro,21280624946.86762,0.00010613826423933337,0.00010742975132222644,0.012167968754236202,68574.52343992777,310328.44093345746,2904287.5763926944
VNM-4835,VNM,Vietnam,Đắk Nông,21275619509.11621,0.00010611329934868665,0.00010697881704209,0.008156543041407671,6429.644259727388,3308988.5924759204,606051.9200696349
CZE-1597,CZE,Czech Republic,Liberecký,21207560518.38345,0.00010577385146309627,0.00014301673248272545,0.35209912945850275,3121.080244166547,6794942.410731485,425870.0508749336
KWT-1667,KWT,Kuwait,Al Jahrah,21175151072.09661,0.0001056122076024281,0.00022767985703525478,1.1558100356385341,12120.4759634845,1747056.067426002,360471.13522622944
MMR-3267,MMR,Myanmar,Mandalay,21157961234.15033,0.00010552647235890358,8.772060825386681e-05,-0.16873362396193514,36536.38036679157,579092.9758707323,7181664.382756141
ITA-5374,ITA,Italy,Sassari,21119213669.573105,0.00010533321679155082,8.275282539498043e-05,-0.21437104157994014,4296.984117887195,4914892.187210903,295323.78794190567
THA-400,THA,Thailand,Kamphaeng Phet,21085253105.235157,0.00010516383664597626,0.00010523192145480606,0.0006474165549799071,8972.638713103017,2349950.084855609,851014.1828848273
VNM-470,VNM,Vietnam,Bắc Giang,21047562176.914696,0.00010497585110892127,0.00011718942349478791,0.11634649547345921,4043.1850303751316,5205688.589265943,1519122.9015910623
ROU-296,ROU,Romania,Cluj,21018596126.268036,0.00010483138136965463,9.519560622089103e-05,-0.09191689571261197,7041.764653309664,2984847.8557699583,702807.7350891978
PHL-2579,PHL,Philippines,Cotabato,21018125101.950863,0.00010482903211047808,0.00010761210104417075,0.02654864666459611,6234.014294056421,3371523.405390613,1699808.8651123047
IRQ-3472,IRQ,Iraq,Babil,21017274653.3574,0.00010482479045226736,0.00010206638484879985,-0.02631443947148715,6662.8815919249,3154382.133824703,2439520.0138810873
PHL-2538,PHL,Philippines,Camarines Sur,20993061455.69506,0.00010470402582350382,0.00010736767672716772,0.025439813633851394,5295.710445204662,3964163.3871248686,1978186.319729328
TZA-3335,TZA,United Republic of Tanzania,Mbeya,20973770994.3361,0.00010460781360745622,0.00010771707218038302,0.029723005057675556,58817.85167954389,356588.5253444324,3853283.344083555
RUS-2361,RUS,Russia,Kaluga,20937756744.178898,0.00010442819059313638,0.00023816145929945562,1.2806242064210291,29303.602872330826,714511.3464511504,1054753.045515086
LVA-1094,LVA,Latvia,Riga,20914026762.73735,0.000104309836031326,3.1190279762084746e-05,-0.7009842892216054,325.79528171902973,64193768.09997479,613662.2313842773
RUS-2362,RUS,Russia,Kursk,20898958649.40237,0.00010423468300369033,0.00011102401697814171,0.06513507576178856,30380.20675966284,687913.6410997325,1052334.1703685652
ITA-5393,ITA,Italy,Catanzaro,20895283195.408615,0.00010421635147873921,8.044386778916525e-05,-0.22810704224685607,2372.0089432691852,8809108.099993084,307307.1796699278
CHL-2695,CHL,Chile,Antofagasta,20878954180.570007,0.00010413490963687436,0.00013339209493418521,0.2809546327867638,123016.53940250476,169724.77263610042,463885.45975342975
VNM-479,VNM,Vietnam,Khánh Hòa,20868380771.83931,0.00010408217419077862,9.123552989567513e-05,-0.12342790103093049,4957.533195159551,4209428.348803561,1127565.0014951825
MAR-1451,MAR,Morocco,Rabat - Salé - Zemmour - Zaer,20854717713.23226,0.00010401402894935017,9.046442653945634e-05,-0.13026706634440477,9566.271011218674,2180025.8103471315,2844100.8127826825
NOR-925,NOR,Norway,Nord-Trøndelag,20844907202.3121,0.0001039650984972151,0.00011161234520329034,0.07355590305413973,21920.216968657158,950944.3830833152,121483.1083088615
VNM-488,VNM,Vietnam,Quảng Ngãi,20828212862.212933,0.00010388183457591718,8.800225264403712e-05,-0.15286197049470862,4440.300004047706,4690721.987979701,1232627.7259483335
RUS-2388,RUS,Russia,Astrakhan',20785434190.07299,0.00010366847364226352,9.827444344791205e-05,-0.052031538662033916,46064.956889332854,451220.0942683661,1036982.5205512102
RUS-2375,RUS,Russia,Tambov,20782833998.81694,0.0001036555050481881,0.00011031803268123865,0.06427567575840021,34401.836239122546,604119.9037853169,1043798.6505353478
COL-1316,COL,Colombia,Córdoba,20758403416.08714,0.00010353365619968056,0.00011239146952930388,0.08555491667887849,24965.35905188419,831488.2783358351,1867512.2316775543
VNM-444,VNM,Vietnam,Tây Ninh,20735775377.69412,0.00010342079763823451,9.759516737450678e-05,-0.05632938825424416,4356.88722230476,4759309.644633181,1354635.7474101782
BLR-2338,BLR,Belarus,Brest,20699739993.831512,0.00010324106921841957,0.00011635286389922361,0.12700173274130266,33122.740566357665,624940.437895286,1443280.1221196514
ARG-1271,ARG,Argentina,Santa Cruz,20676348713.458405,0.00010312440394644866,0.0001556691117150303,0.5095273839921297,243250.27884769562,85000.3083712982,361008.00790959504
ITA-5366,ITA,Italy,Rimini,20646270209.96908,0.00010297438578865281,4.852955810212695e-05,-0.5287220435407091,789.804706032347,26140981.501221266,315415.4620666504
PHL-2529,PHL,Philippines,Iloilo,20641562725.48214,0.00010295090695597637,8.583859573377649e-05,-0.16621816871916828,4703.656472469781,4388407.794297047,2043330.4898490903
ROU-310,ROU,Romania,Prahova,20584111729.0009,0.00010266436701363147,9.02633293617238e-05,-0.1207920334253958,4265.281826531125,4825967.559977526,725997.1872510612
FIN-3192,FIN,Finland,Satakunta,20521267235.64879,0.00010235092671485982,0.00011181949072960944,0.09251077951768982,8476.410537858797,2420985.5273046517,203802.30317941727
LUX-906,LUX,Luxembourg,Diekirch,20520539095.209003,0.00010234729507515966,0.0001401187566716061,0.3690518793751083,1182.388840333485,17355152.886440743,91760.80067443848
UKR-329,UKR,Ukraine,Luhans'k,20503115865.02932,0.00010226039577528802,0.00011150007644119733,0.090354438742962,26257.139501682672,780858.7018290927,2104548.110140638
RUS-2383,RUS,Russia,Komi,20491693369.641342,0.0001022034254637117,0.00010800413602541232,0.05675651804606319,417451.53786477476,49087.59822626219,800017.1375736437
THA-408,THA,Thailand,Lop Buri,20489462965.786846,0.00010219230120423812,0.0001038041994164635,0.015773186367570746,6506.808061609541,3148926.9042183054,989012.2313634084
FRA-5299,FRA,France,Haute-Loire,20472172382.059673,0.00010210606348569983,0.00011967264573362297,0.17204249824383244,5042.365447546967,4060033.449582491,244998.85861206055
LKA-2461,LKA,Sri Lanka,Kuruṇægala,20461401742.003727,0.00010205234433773594,0.00011190355937982125,0.096531001869818,4985.790096419335,4103943.6771914195,1768622.4480438232
GBR-5683,GBR,United Kingdom,Stockport,20440230278.512417,0.0001019467505221415,6.538648457558326e-05,-0.35862119939387205,113.64835301083889,179855050.57484633,254425.19482421875
GBR-2061,GBR,United Kingdom,Bexley,20432675709.132053,0.00010190907170006229,0.00011871024466430476,0.1648643509744796,72.93490356215308,280149485.51649076,254496.6513671875
RUS-2355,RUS,Russia,Ivanovo,20388768841.18672,0.00010169008382900405,9.684770954264129e-05,-0.0476189428116256,23516.58963085946,866995.1366771192,1030064.4833311986
PRT-748,PRT,Portugal,Santarém,20378314687.307667,0.00010163794317291035,0.0001661808899574047,0.6350280689436172,6729.00308118067,3028429.983083332,420964.4582642801
GBR-5665,GBR,United Kingdom,Gateshead,20280901755.1264,0.0001011520909217665,4.206422063434903e-05,-0.5841487778351262,156.95178757165147,129217398.97908321,252306.55487060547
GBR-2070,GBR,United Kingdom,Hounslow,20280287075.854576,0.00010114902517575866,9.59089316916856e-05,-0.05180567459713792,68.47802628977988,296157587.69147444,252633.91015625
NPL-1129,NPL,Nepal,Seti,20262697684.308105,0.00010106129713711179,0.00011227480894354395,0.11095752898578537,12903.853820097786,1570282.643216936,2000756.2018797584
ITA-5361,ITA,Italy,Piacenza,20258172083.68953,0.00010103872546003485,0.00015690671275073596,0.5529363819301076,2613.7489554436697,7750618.911390752,295458.320523262
GBR-2119,GBR,United Kingdom,Swansea,20251399693.3065,0.00010100494779787498,1.6741081512539192e-05,-0.8342548372378704,221.18966785964184,91556716.41117175,251333.40829467773
LBN-3022,LBN,Lebanon,Beqaa,20240428496.484352,0.00010095022836222692,0.00010676354315310643,0.05758594988037413,3892.809838761293,5199439.308580492,810956.3288452197
RUS-2609,RUS,Russia,Amur,20226109239.34511,0.0001008788102952411,0.00018595374659467615,0.8433380216365263,360640.9754747903,56083.780310091155,820174.0255726492
CYP-3464,CYP,Cyprus,Nicosia,20208036617.103073,0.00010078867211744733,6.446521966571165e-05,-0.3603922116307732,1842.4036965286957,10968300.082754599,353470.57241007686
OMN-2411,OMN,Oman,Dhofar,20179644295.458546,0.00010064706388251066,0.0001467380267784229,0.45794642305428845,128393.22759578159,157170.62864865278,411439.2194762086
ITA-5418,ITA,Italy,Pescara,20136969557.616417,0.00010043422132677084,4.336491221131826e-05,-0.5682257338340184,1245.6337744575565,16166043.31910122,304497.7874884885
FRA-5280,FRA,France,Corrèze,20109699184.56825,0.0001002982088709469,0.00010676005391408587,0.06442632541378068,6021.456478649561,3339673.5915756836,237361.7441368103
GBR-5680,GBR,United Kingdom,Rochdale,20096050879.855164,0.00010023013721536004,0.00011988736806016726,0.1961209611293917,189.72324035117018,105922979.40230292,249924.2200012207
FRA-5301,FRA,France,Haute-Saône,20091702156.789124,0.00010020844772461248,0.0001342008075319562,0.3392165089789605,5321.688769377544,3775437.2770542847,239150.3336634636
PRT-740,PRT,Portugal,Leiria,20082921019.934654,0.0001001646513311274,9.456904439034795e-05,-0.05586408844255175,3455.4454633857563,5811962.953180793,431232.0744733512
NPL-1132,NPL,Nepal,Narayani,20081171199.401756,0.00010015592400688032,0.00013589017757064498,0.35678622026700957,8954.294321430201,2242630.2373534604,4207124.358328052
BRA-576,BRA,Brazil,Acre,20061575210.4254,0.00010005818795536884,9.812310885503854e-05,-0.01933953772172481,153740.5943109077,130489.7727262269,933163.1913002504
FIN-3176,FIN,Finland,Lapland,20052826578.491753,0.00010001455368192882,0.00011743405669062602,0.17416968198543947,98393.22334409064,203802.92358514442,146721.9940007066
ITA-5420,ITA,Italy,L'Aquila,20046680666.85461,9.998390061628985e-05,0.0002572288816614457,1.5727030059431066,5053.398225134911,3966970.298747715,272452.0429049617
GBR-2076,GBR,United Kingdom,Sutton,20046654017.035057,9.998376769887804e-05,5.718498977988879e-05,-0.4280572627337539,31.69674015334976,632451599.7559608,249745.017578125
VNM-429,VNM,Vietnam,Quảng Ninh,20026820805.187332,9.988484848550604e-05,0.00010395338562757631,0.04073227525254386,5085.440462096751,3938070.0559672234,850965.0770767927
BEN-2181,BEN,Benin,Atakora,20002862950.773388,9.976535739496036e-05,9.769370484541186e-05,-0.020765249618132087,21259.36609987596,940896.4903657263,1026182.6921637768
CRI-1330,CRI,Costa Rica,Puntarenas,19993828023.424717,9.972029520770268e-05,0.0001264989715210695,0.26853787644321314,11394.575536918464,1754679.4927678213,447203.1796520352
PHL-2558,PHL,Philippines,Pampanga,19988495027.8394,9.96936966046995e-05,9.287155320064827e-05,-0.06843104064143646,2120.6017924493267,9425859.724824807,2487783.6265402194
FIN-3184,FIN,Finland,Päijät-Häme,19983369797.59949,9.966813424255792e-05,0.00011938520774717165,0.1978272559675811,5997.9353095827555,3331708.123905996,199712.76259039156
GBR-2763,GBR,United Kingdom,Nottingham,19964952996.98186,9.957627945655997e-05,8.943408808656437e-06,-0.9101853487852196,35.080951227019774,569110936.2395115,248616.951171875
IRQ-3242,IRQ,Iraq,As-Sulaymaniyah,19963765358.654583,9.957035604637271e-05,9.897303998150964e-05,-0.0059989347088894585,17386.370847104215,1148242.2372222461,2108686.7563316524
MMR-3277,MMR,Myanmar,Shan,19958135416.74172,9.95422764075514e-05,0.00022426025214779472,1.2529146433181433,154450.4517833975,129220.31102072244,6774406.507432754
IRQ-3046,IRQ,Iraq,Dihok,19924447997.621525,9.937425858847666e-05,8.004905002526276e-05,-0.19446895843764145,6781.591627616732,2938019.434329108,2308289.8006473035
PER-573,PER,Peru,Puno,19905556078.91894,9.928003412541464e-05,9.763428496297388e-05,-0.016576839209803018,71651.75055036208,277809.76634936314,1456188.0657037247
ITA-5419,ITA,Italy,Teramo,19866823896.78067,9.90868552788055e-05,7.55003118068775e-05,-0.23803907597593443,2174.1737869292556,9137643.005456356,294207.5956943012
IRL-719,IRL,Ireland,Wicklow,19818821930.792343,9.884744288547601e-05,0.0002113660308846703,1.1383055010290715,2109.594986788369,9394609.89190364,110052.92286935449
ITA-5429,ITA,Italy,Macerata,19803355935.357384,9.877030539941541e-05,0.00011760688076219585,0.19071091545791585,2773.53141249074,7140123.182370303,287017.93742889166
COD-1897,COD,Democratic Republic of the Congo,Katanga,19792460758.496437,9.871596511742233e-05,0.00011292476299152148,0.1439361693642749,485941.4593833958,40730.13400340611,20367858.96016974
KEN-1196,KEN,Kenya,Nairobi,19777605088.25604,9.864187166117448e-05,3.837173285668767e-05,-0.6109995460295912,653.9129364612654,30245012.73102978,5195029.028640747
PAK-1109,PAK,Pakistan,Azad Kashmir,19775629560.26223,9.863201860879738e-05,0.0001355174402211219,0.37397005691045004,11878.320434787827,1664850.6553456576,3378834.316215366
FIN-3183,FIN,Finland,Southern Ostrobothnia,19740472130.40537,9.845666903191981e-05,0.00012103551449833977,0.22932774070489703,14129.066141577552,1397153.3527127567,192606.6351788799
ROU-122,ROU,Romania,Dolj,19740180645.92479,9.845521523735792e-05,8.324484816814594e-05,-0.15449021194603563,7030.663953571065,2807726.379227415,643616.7954616025
CUB-1369,CUB,Cuba,Santiago de Cuba,19726512717.434258,9.838704570712306e-05,8.158021253750562e-05,-0.17082363891327457,6073.511352145072,3247958.4829403753,1049760.1115818098
VNM-505,VNM,Vietnam,Hau Giang,19711779433.362473,9.831356265848944e-05,8.499379500937552e-05,-0.13548250403032014,2198.988935606885,8964019.379170883,1986560.2192382812
GHA-2160,GHA,Ghana,Central,19680766495.758507,9.815888396016803e-05,9.847469645580163e-05,0.0032173602927449974,9889.511198890566,1990064.6351425692,2771699.6093741953
VNM-482,VNM,Vietnam,Phú Yên,19670423655.168423,9.810729848510438e-05,8.862437688690733e-05,-0.09665867621089208,4931.853139689941,3988444.7281828583,881028.6599925933
PER-578,PER,Peru,Cajamarca,19660442731.88765,9.80575180921332e-05,0.00010360763510162836,0.0566006270348427,34178.4686538792,575228.8942780419,1544579.2879984677
IRN-3220,IRN,Iran,Lorestan,19654040775.907276,9.802558799152808e-05,9.968007326932096e-05,0.016878095930787707,28920.59114681429,679586.412191033,1897092.8533745585
ARE-346,ARE,United Arab Emirates,Ajman,19629062326.938236,9.790100663061485e-05,4.616211440163426e-06,-0.9528481718519952,80.68752530258328,243272578.42309603,236324.9794921875
ROU-311,ROU,Romania,Suceava,19612468436.49291,9.781824370738106e-05,0.0001001619539826657,0.02395984824973696,9176.994871665498,2137134.0739273527,602176.666621048
VNM-511,VNM,Vietnam,Cao Bằng,19518194640.161697,9.734804806553173e-05,0.00011818308907870222,0.21402628431897242,6184.198208390504,3156139.887896881,448702.667956233
GBR-2674,GBR,United Kingdom,Brighton and Hove,19505761694.76403,9.728603808005501e-05,1.4857956824775477e-06,-0.9847275548290402,60.78862570684359,320878477.97105354,242874.62255859375
ESP-5801,ESP,Spain,Álava,19434362131.030167,9.692992890651904e-05,0.00011079828382750273,0.1430760867921257,2994.1714023832938,6490731.330731717,336233.626344122
KAZ-3195,KAZ,Kazakhstan,Aqtöbe,19427426765.84086,9.68953383987263e-05,0.00010732764527853244,0.1076657252269142,302488.3281396346,64225.376513941956,892316.7547027355
ITA-5380,ITA,Italy,Livorno,19374935887.82939,9.663353731466763e-05,4.792982633801675e-05,-0.5040042238964829,1257.8736332253054,15402927.111326952,292654.93907535076
GBR-5664,GBR,United Kingdom,Sunderland,19369584829.767357,9.660684862408801e-05,1.3687888383641634e-05,-0.858313477992608,58.26942750687374,332414194.8620042,241018.15869140625
THA-439,THA,Thailand,Kalasin,19324966108.87052,9.638431034805554e-05,9.78233922070102e-05,0.01493066510262886,6638.332270060831,2911117.630557145,874129.7981972694
PER-590,PER,Peru,Junín,19317459035.68331,9.634686841580037e-05,8.175671628032589e-05,-0.1514335896472353,44249.84486592509,436554.27706502215,1487087.4572770388
GBR-2675,GBR,United Kingdom,Havering,19307775028.196247,9.629856890635814e-05,0.00012249635195069788,0.2720474804751747,92.7219196813753,208233124.31995007,240309.49584960935
AGO-1892,AGO,Angola,Moxico,19303338691.873207,9.627644243976776e-05,9.778329044580915e-05,0.015651263879885136,198998.66053434598,97002.35489043187,1378883.0930643375
GBR-2115,GBR,United Kingdom,"Rhondda, Cynon, Taff",19294801302.566235,9.623386175031715e-05,9.079570769117797e-05,-0.056509776914582366,504.8603383808394,38218096.83931099,239191.8153181076
PER-570,PER,Peru,Arequipa,19288872338.66336,9.62042907231993e-05,0.00011492893937639105,0.19463423629478904,63622.04518531956,303179.067609008,1430285.921456506
NER-92,NER,Niger,Zinder,19273296517.191666,9.612660547385934e-05,0.00011592985378222662,0.20601214628090214,146025.24789586986,131986.05580135973,5333902.644696021
CMR-1476,CMR,Cameroon,Littoral,19253895810.802315,9.602984340477896e-05,9.117413359230972e-05,-0.050564591592654806,20385.440900319863,944492.4887790976,4319323.482619387
LAO-3282,LAO,Laos,Savannakhét,19228657275.546497,9.590396484948822e-05,0.00011811716054983584,0.23161915917875797,21229.893901190684,905734.968108722,1034203.9376857243
IRN-3233,IRN,Iran,Hamadan,19209652052.15207,9.580917527316696e-05,9.10481625054146e-05,-0.04969265995848482,20494.08377795747,937326.706589007,2197392.4271464585
MAR-1457,MAR,Morocco,Doukkala - Abda,19151521482.067577,9.551924592083752e-05,0.00010282885198853717,0.07652495575349882,14113.389883281892,1356975.3007924508,2363964.9058043957
VNM-490,VNM,Vietnam,Thừa Thiên - Huế,19121284137.16237,9.536843553291622e-05,8.848063562625528e-05,-0.07222305648794702,4820.904531490595,3966327.068345861,953567.4729875322
AZE-1689,AZE,Azerbaijan,Bakı,19068438707.33025,9.510486610253686e-05,4.739453711571394e-05,-0.5016602298286637,2169.798086707982,8788116.656633655,2243488.7954641283
GBR-5678,GBR,United Kingdom,Bolton,19065684427.86077,9.509112898518949e-05,7.520200433252664e-05,-0.20915857099310076,123.46482680263003,154421991.4416519,237309.1356201172
NPL-1134,NPL,Nepal,Bhojpur,19063847921.72341,9.508196931181661e-05,0.0001018710069071013,0.07140194554679846,9631.55477569139,1979311.5821588563,3380675.8426243067
MYS-1145,MYS,Malaysia,Melaka,19025134089.010204,9.488888198395424e-05,5.4464028830269524e-05,-0.4260230736043511,1615.4249072579257,11777170.206756363,865989.3258666992
RUS-2382,RUS,Russia,Yamal-Nenets,19010777816.974117,9.481727930317478e-05,0.00032689235883583107,2.447603234750121,686294.9477073167,27700.594154864182,563416.3554532434
THA-445,THA,Thailand,Loei,18970571900.71899,9.461675012820338e-05,9.957906709404438e-05,0.05244649556359926,10191.965738436336,1861326.1060304034,560821.4476336241
FRA-5309,FRA,France,Indre,18963774167.98153,9.45828460696845e-05,0.00011831655992027662,0.2509304259369205,6941.697798923565,2731863.9787116926,219272.61870384216
BLR-2341,BLR,Belarus,Vitebsk,18950231548.88504,9.451530152680831e-05,9.151584617547398e-05,-0.031735129686737196,39877.584184753265,475210.1195771644,1248434.473778809
GBR-2036,GBR,United Kingdom,Southampton,18949476936.521847,9.451153785696295e-05,3.5484549406644453e-06,-0.9624547963018568,35.06112217477291,540469778.5217019,236033.2578125
UZB-372,UZB,Uzbekistan,Tashkent,18948673474.45925,9.450753054660816e-05,7.969362923914241e-05,-0.1567483693816335,15293.121229533848,1239032.4506069995,4723823.96122339
CIV-3441,CIV,Ivory Coast,Dix-Huit Montagnes,18938686938.892303,9.445772216205712e-05,8.733284449562248e-05,-0.07542927675315725,16529.143996464696,1145775.4220631733,1774295.8893277645
RUS-2343,RUS,Russia,Smolensk,18931615051.16131,9.442245074072728e-05,0.00010912346416727474,0.15569404639702356,50514.295140216906,374777.37734657456,939510.3862284864
THA-417,THA,Thailand,Nonthaburi,18917799011.69703,9.435354249902564e-05,9.814167339588324e-05,0.04014826361073531,534.1269333085227,35418170.91026511,1345557.5439453125
HUN-3168,HUN,Hungary,Borsod-Abaúj-Zemplén,18917431989.5905,9.435171195648181e-05,0.00012044509102732453,0.2765543786092388,6790.097881044085,2786032.2960000755,471532.8063995764
MAR-1449,MAR,Morocco,Chaouia - Ouardigha,18868077510.40768,9.410555383067584e-05,0.00016769572738646664,0.7819960731350843,16517.82873952066,1142285.5756618786,2205882.022312224
RUS-2324,RUS,Russia,Kaliningrad,18859233248.039604,9.40614425952883e-05,0.00011180269233430402,0.18861341320640568,13540.849940099974,1392765.8405097402,957835.3503358822
PRT-745,PRT,Portugal,Faro,18840847731.131004,9.396974383847577e-05,6.035037278086036e-05,-0.3577680398427351,4905.829638078638,3840501.8357934663,395830.888322264
GBR-5694,GBR,United Kingdom,Walsall,18830509058.361065,9.391817915063979e-05,1.2596323416732508e-05,-0.8658798165525688,57.474296023618464,327633574.67872006,234431.4931640625
KAZ-4830,KAZ,Kazakhstan,Astana,18822213622.99287,9.387680521950345e-05,1.294818832558571e-05,-0.8620725503460609,433.93353422350333,43375798.68463965,1076587.535882771
GBR-2678,GBR,United Kingdom,Medway,18811828878.40338,9.382501074598357e-05,4.4800833807660684e-05,-0.5225064889259445,116.76919306541392,161102670.8719741,233899.0922241211
MAR-1446,MAR,Morocco,Fès - Boulemane,18767090353.287086,9.360187493994747e-05,8.78313388302822e-05,-0.0616497918804243,19855.151546009292,945200.0560055712,2035682.541808553
ITA-5415,ITA,Italy,Ragusa,18735272583.17668,9.34431820961087e-05,6.258440633444845e-05,-0.33024106274464426,1720.60629881502,10888762.057932513,279540.10695028305
NPL-1131,NPL,Nepal,Janakpur,18712014783.709343,9.332718256735176e-05,0.00011117727323802934,0.19126357594472165,9691.246311933592,1930816.1387527394,3084639.7249003723
CUB-1367,CUB,Cuba,Holguín,18694095218.846043,9.323780777148635e-05,9.307789422564808e-05,-0.001715114819411001,9169.219581628928,2038788.0399658838,994819.2954304012
BLR-2345,BLR,Belarus,Minsk,18656640596.859493,9.305100082501188e-05,0.0002490358030454209,1.6763366415988155,39488.77422317989,472454.2851448667,1227858.8747285767
FRA-5305,FRA,France,Hautes-Pyrénées,18623008294.04104,9.288325790146358e-05,0.00011930043613048462,0.2844127006940911,4466.754435239265,4169248.290687259,222909.7331942618
MAR-1447,MAR,Morocco,Taza - Al Hoceima - Taounate,18560128768.04739,9.256964287550354e-05,0.00010071522323398964,0.08799407781491664,22297.811051099892,832374.4750331386,1891782.09149307
THA-403,THA,Thailand,Suphan Buri,18555244623.27966,9.254528294015225e-05,8.692671562394767e-05,-0.06071154723075434,5162.741381911014,3594068.1995601617,931984.9013370872
ESP-5832,ESP,Spain,Lugo,18533897985.94099,9.243881543554984e-05,0.00013790123942708813,0.4918109754796198,9773.817908812669,1896280.2621102342,278003.7443264425
SAU-885,SAU,Saudi Arabia,Al Bahah,18528753611.014393,9.241315758825124e-05,0.00010639741724853788,0.15132325336824648,10277.113302497997,1802914.2100156392,426304.3159409389
ESP-5838,ESP,Spain,Orense,18523986453.602818,9.2389381133646e-05,0.00010497558758111403,0.13623001142589564,7446.00404391763,2487775.502718722,292663.77002714574
THA-393,THA,Thailand,Nan,18517877897.055298,9.235891437853048e-05,9.206704257332972e-05,-0.003160190948158337,11729.583791814914,1578732.7347435262,423416.1930106082
PER-571,PER,Peru,Cusco,18511253769.462337,9.232587618502949e-05,9.371656915635672e-05,0.015062873257115417,74115.75568314639,249761.38472634798,1332563.3466222568
IRN-3231,IRN,Iran,Markazi,18490358263.837566,9.22216587241723e-05,0.0001122595953720236,0.2172801587508113,28325.941296204488,652771.1849178749,1751074.4251673194
BRA-670,BRA,Brazil,Roraima,18470344432.854485,9.212183866312489e-05,9.21937290216869e-05,0.0007803834531017184,224988.63086758714,82094.56789718792,568786.4170733913
AGO-1891,AGO,Angola,Huíla,18433954135.4663,9.194034009296642e-05,9.065920490715225e-05,-0.013934418607966181,79253.17131757345,232595.79180245107,3712943.2100445144
ESP-5822,ESP,Spain,Guadalajara,18427669299.292553,9.19089941337112e-05,0.00020888896152769298,1.272780411716799,12318.60700689212,1495921.5184787114,261737.73714699145
ECU-1282,ECU,Ecuador,Manabi,18412219067.11578,9.183193526775065e-05,0.00011862340614098581,0.2917445962030567,19147.034276802762,961622.5051324406,1524895.944551915
IRL-723,IRL,Ireland,Laoighis,18403077815.22035,9.178634278108365e-05,0.00010300447436539652,0.122220051964254,1782.8275049433903,10322410.757177934,102314.05593585968
PHL-2567,PHL,Philippines,Rizal,18389651195.26863,9.171937679019595e-05,0.00013172338046803586,0.43615651433554015,1273.4120701952984,14441241.469030743,2427925.5334892273
LBY-2978,LBY,Libya,Tajura' wa an Nawahi al Arba,18388742050.3769,9.171484238103309e-05,5.735412965237734e-05,-0.37464724178342645,2499.0253104907592,7358365.668879806,1325715.9806437492
TUR-2276,TUR,Turkey,Kütahya,18372144662.518555,9.163206201426332e-05,0.00011712153774047143,0.27817201933358726,12214.279618455577,1504152.9452755072,606858.401035564
GBR-5666,GBR,United Kingdom,Knowsley,18354137510.605297,9.15422503732641e-05,5.512728214451857e-05,-0.397794112338983,159.6075693140902,114995407.73336612,228370.9047241211
TUR-2291,TUR,Turkey,Çorum,18340142053.26349,9.147244727522519e-05,9.056719595041441e-05,-0.009896437143384063,12307.439487812555,1490167.1522679287,588057.6943326634
CIV-3443,CIV,Ivory Coast,Worodougou,18335792940.29328,9.14507558398096e-05,9.623983520284745e-05,0.05236784889374424,22556.707012310293,812875.43125362,822946.6610238701
FIN-3185,FIN,Finland,Tavastia Proper,18300512018.52646,9.12747903403732e-05,0.00014818655801563424,0.623521209558862,5845.338597839534,3130787.3294611913,182681.03416547272
COL-1406,COL,Colombia,Nariño,18254579988.80894,9.104570186579227e-05,9.692799529242198e-05,0.06460813971537749,30674.10121562848,595113.7691202576,1591509.1739790626
ROU-302,ROU,Romania,Arges,18221039325.29171,9.087841599819944e-05,9.240170152636095e-05,0.01676179664257904,6680.788232652284,2727378.670115087,590534.1445146054
CRI-1329,CRI,Costa Rica,Limón,18162933073.81185,9.058860793622172e-05,0.00011407783451021825,0.2592955903520888,9403.950958597181,1931415.120493278,432629.6072776811
ROU-277,ROU,Romania,Bihor,18156169094.620655,9.05548722253346e-05,9.300990899655852e-05,0.0271110400897574,7640.13410156729,2376420.2111185608,568858.6198451072
PRT-752,PRT,Portugal,Coimbra,18150426046.068825,9.052622846105347e-05,8.681170959059146e-05,-0.04103251547765607,4123.624346250161,4401571.171868265,385624.29935759306
IDN-1796,IDN,Indonesia,Kepulauan Riau,18132180673.34608,9.043522868092357e-05,0.00030173867773195114,2.336516998221512,5917.0645421367335,3064387.847085795,1691415.5285495222
GBR-2767,GBR,United Kingdom,Harrow,18093517774.352047,9.024239538773161e-05,5.540482068332715e-05,-0.3860444368162307,58.28023654578066,310457178.05450416,225370.46875
NPL-1127,NPL,Nepal,Lumbini,18090736190.16696,9.022852208664306e-05,0.00011196253392770513,0.24087740038778116,8982.787050474983,2013933.547407247,3180605.9996652966
MMR-3275,MMR,Myanmar,Ayeyarwady,18087982549.303013,9.021478815437519e-05,0.00011877544285322933,0.3165850664081953,33407.15706718194,541440.3420479031,6139618.963880796
NZL-3406,NZL,New Zealand,West Coast,18085806436.372658,9.020393467381278e-05,0.00015685478556841785,0.7388907272794893,22703.164119667013,796620.5213089884,16946.203237076625
ITA-5384,ITA,Italy,Pistoia,18085206870.41597,9.0200944306279e-05,7.785887710512646e-05,-0.13682858085437355,767.5130566262931,23563386.595547874,274619.7583194971
GHA-2157,GHA,Ghana,Upper West,18059126338.387863,9.007086624669133e-05,8.543027294255037e-05,-0.051521579590797284,18256.00356569334,989215.7543354424,776205.3798427545
OMN-5497,OMN,Oman,Al Batnah South,17994559212.777573,8.974883422665857e-05,7.074664384812984e-05,-0.21172631981535428,4350.619284586818,4136091.447148203,541099.105542995
IRL-722,IRL,Ireland,Kilkenny,17982580569.034897,8.968909009517919e-05,8.931096244833888e-05,-0.004215982640018323,2097.671238116514,8572640.098350847,99628.2992401123
IDN-1837,IDN,Indonesia,Gorontalo,17962744014.687992,8.959015421091234e-05,9.10041507851409e-05,0.01578294609137232,11781.604150951165,1524643.3155062168,1194587.8619064093
ROU-312,ROU,Romania,Bacau,17961468737.510204,8.958379369723323e-05,8.644164062030939e-05,-0.03507501688914183,6805.0234450534235,2639442.5945095615,579029.0516510233
NPL-1095,NPL,Nepal,Gandaki,17913584056.40429,8.934496626857804e-05,9.332048087789849e-05,0.044496234934710666,11998.688755105975,1492961.8079126573,1338619.749563143
TZA-3389,TZA,United Republic of Tanzania,Ruvuma,17902354393.334713,8.928895771858605e-05,9.363807543012342e-05,0.04870834896790455,64092.11911360825,279322.2418126229,1785528.260418649
ARG-1273,ARG,Argentina,San Juan,17884591860.823246,8.92003661300416e-05,0.00010030664890801376,0.12450938555320246,87985.69390629935,203267.04338854793,757166.0402511578
IRQ-3061,IRQ,Iraq,An-Najaf,17883490503.767395,8.919487305234732e-05,9.682498268697187e-05,0.08554426250650682,29472.030875009073,606795.3233223495,1624169.275176376
NPL-1133,NPL,Nepal,Sagarmatha,17818934189.121025,8.887289495257998e-05,0.00011259851667441607,0.26696127918973955,10530.190690285794,1692175.8316835773,2076638.6185610143
IRL-712,IRL,Ireland,Louth,17772635697.623272,8.864197873011283e-05,9.621163685546508e-05,0.08539586134916388,848.2155385544836,20952971.13739644,99575.18910980225
ROU-133,ROU,Romania,Constanta,17761549506.62075,8.858668575479038e-05,7.382376784372097e-05,-0.16664939866847994,7102.07111977485,2500897.1618385916,560652.676094533
CRI-1334,CRI,Costa Rica,Guanacaste,17755929280.26075,8.855865457281278e-05,9.22608402829175e-05,0.04180490013046412,10212.81810012287,1738592.5320697848,383138.1521557495
VNM-453,VNM,Vietnam,Lai Chau,17755213769.68592,8.855508592524502e-05,9.661582556521275e-05,0.09102514616464052,5919.275311362393,2999558.701992414,319156.38784215227
GBR-5701,GBR,United Kingdom,Wokingham,17752720264.605343,8.854264943422159e-05,5.466564512509812e-05,-0.3826066254578335,211.41129951642955,83972428.65074822,220713.22076416016
GBR-2774,GBR,United Kingdom,Warrington,17747889696.321827,8.851855671447385e-05,6.852042606815191e-05,-0.22592020688755765,153.26938252669322,115795401.55863076,220697.4298095703
PHL-2516,PHL,Philippines,Negros Oriental,17741427606.08186,8.848632669100694e-05,7.809983104448567e-05,-0.11737966796599852,5250.178018426394,3379204.961015664,1455135.1616590023
RWA-3492,RWA,Rwanda,Western,17691929345.798042,8.823945144920797e-05,7.687398273052427e-05,-0.12880257676155027,6248.364509856336,2831449.624600217,3062614.363907337
CMR-803,CMR,Cameroon,Sud,17682792620.51314,8.819388153925502e-05,9.771413010296393e-05,0.10794681442239806,47621.97977750315,371315.7811399218,858441.8404402062
UKR-331,UKR,Ukraine,Zaporizhzhya,17677570840.652367,8.816783763067404e-05,0.00010204886635902431,0.15743868854418852,27080.22597171265,652785.2041972593,1696334.9007134398
PHL-2583,PHL,Philippines,Leyte,17675655461.387535,8.815828457332554e-05,6.709669444786408e-05,-0.23890653303199783,5271.789509943148,3352875.7982558664,1449981.474993348
GTM-1948,GTM,Guatemala,Alta Verapaz,17629641547.993435,8.792878769949301e-05,8.20976172772491e-05,-0.06631696597674719,10087.13110404413,1747735.9386084874,1403582.7398694158
IND-3259,IND,India,Sikkim,17606689004.470608,8.781431065121678e-05,9.097176829607092e-05,0.03595607164070347,7122.554358994021,2471962.7421639436,629855.1232659034
GBR-2012,GBR,United Kingdom,Aberdeen,17591094754.132072,8.77365334869099e-05,1.2632448800805109e-05,-0.8560183734328888,234.2473108826716,75096250.57315171,218597.71574401855
BRN-1182,BRN,Brunei,Brunei and Muara,17589354016.367157,8.77278514634578e-05,1.8132484493568337e-05,-0.7933098304462495,458.18336189320496,38389333.78918056,309520.13178637624
ITA-5388,ITA,Italy,Siena,17567165406.644333,8.761718457619558e-05,0.00011964129133991643,0.3655002944755814,3679.565817154873,4774249.539101241,244011.8747626543
GBR-2769,GBR,United Kingdom,Lewisham,17526207362.16433,8.741290412115262e-05,5.180332844275998e-05,-0.4073720697923323,21.25527262063904,824558107.2973979,218365.7578125
VNM-489,VNM,Vietnam,Quảng Trị,17514059964.187874,8.73523183188341e-05,7.406143018891358e-05,-0.15215266618808054,4877.409641268467,3590852.7789010964,615857.537668705
THA-374,THA,Thailand,Mae Hong Son,17511249302.189693,8.733829999058504e-05,8.119402472898097e-05,-0.07035029605873266,13521.848933678333,1295033.6442951318,199198.4664519581
VNM-4834,VNM,Vietnam,Tiền Giang,17500064100.509426,8.72825131941693e-05,8.960627126908408e-05,0.026623409316197666,2171.9066086359894,8057466.205464467,1650564.2081298828
JOR-860,JOR,Jordan,Zarqa,17488417253.446667,8.722442391651939e-05,6.082418460188403e-05,-0.3026702628601189,4137.77865183881,4226523.148036179,1990241.349900022
DOM-1390,DOM,Dominican Republic,Santiago,17487922018.11929,8.722195390362414e-05,6.846211399635322e-05,-0.21508162873764092,2914.8389169682628,5999618.680921331,1002693.215127863
VNM-471,VNM,Vietnam,Thái Bình,17475315494.28914,8.715907818635715e-05,7.121344181039137e-05,-0.18294865787671588,1323.011908122763,13208736.35905898,1878835.3603515625
GBR-2068,GBR,United Kingdom,Greenwich,17469374659.355724,8.712944795183447e-05,0.00011933314114885988,0.3696074513731311,50.33980961651412,347029017.24175066,217617.08984375
FRA-5329,FRA,France,Nièvre,17405411908.891285,8.681043028542573e-05,0.00011235160707038694,0.29421783420475944,6857.784271397068,2538051.828414465,199577.86070680615
CIV-3452,CIV,Ivory Coast,N'zi-Comoé,17395553562.205624,8.676126124983124e-05,9.309262690640695e-05,0.07297456912647204,19549.397739988515,889825.5482634547,1048821.4259581417
MMR-3302,MMR,Myanmar,Sagaing,17392047246.87055,8.674377331305918e-05,0.00012031256785239367,0.38698794457769736,96663.47806150137,179923.66502480902,5903397.065236101
ITA-5385,ITA,Italy,Prato,17381859562.8847,8.669296168992422e-05,4.1313877841487675e-05,-0.5234459979662993,369.1573206916391,47085235.99184952,268344.87604755163
PRT-755,PRT,Portugal,Viseu,17349091742.325256,8.652953041825016e-05,0.0001335323420088782,0.5431996610109253,5107.258816664022,3396947.827613209,361460.50454068184
CIV-3446,CIV,Ivory Coast,Haut-Sassandra,17341232973.412518,8.649033438460271e-05,8.847748777326462e-05,0.02297543884875619,15328.305757411516,1131320.9201237205,1625937.4629921913
GBR-5693,GBR,United Kingdom,Wolverhampton,17335103315.59794,8.645976238578007e-05,5.741933961262312e-06,-0.9335883675501903,43.94230272638813,394496925.28716534,215887.51953125
MAR-1448,MAR,Morocco,Gharb - Chrarda - Béni Hssen,17315354643.56457,8.636126481929004e-05,8.420085723517077e-05,-0.025015932648044137,8932.319087540278,1938506.0558033376,2313749.631668955
TUR-2282,TUR,Turkey,Elazig,17287466538.462883,8.622217139154496e-05,8.179036857717976e-05,-0.0513998052106559,9091.056439933562,1901590.4975053945,647138.0698810741
TUR-2307,TUR,Turkey,Agri,17282229381.702,8.619605078984566e-05,8.256150729337741e-05,-0.042166009500013146,9972.713886949727,1732951.4891946805,620456.581148237
NPL-1124,NPL,Nepal,Bheri,17266550282.577045,8.6117850437642e-05,0.00010806900672494693,0.2548967046408084,10933.216483113603,1579274.5263249201,1698785.948188037
HUN-3161,HUN,Hungary,Bács-Kiskun,17236259964.32101,8.596677584227746e-05,0.0001162925980676731,0.3527621215088277,8222.667053146757,2096188.4815371206,389420.6457802504
URY-17,URY,Uruguay,Canelones,17202561878.38421,8.57987048218798e-05,8.054252528939011e-05,-0.061261758477609174,4580.264589749315,3755800.9021757697,537778.7910447121
VNM-452,VNM,Vietnam,Thái Nguyên,17171669573.0776,8.564462778364519e-05,8.654123044714923e-05,0.010468872207245017,3475.43302699558,4940871.954572537,1141669.3580002785
FIN-3190,FIN,Finland,North Karelia,17152736361.67998,8.555019737104042e-05,8.109938833348262e-05,-0.05202570156856756,21418.489943831435,800837.7998011012,161986.00458561187
HUN-3169,HUN,Hungary,Szabolcs-Szatmár-Bereg,17140938433.19561,8.549135456665487e-05,8.681098661742559e-05,0.015435853806034183,5217.4032312752815,3285339.0227624555,442111.5496675968
RWA-3491,RWA,Rwanda,Southern,17139925252.696793,8.548630127429273e-05,8.336800436042893e-05,-0.02477937262798391,5847.116994842415,2931346.382809761,3039542.285150528
LKA-2455,LKA,Sri Lanka,Anurādhapura,17121232868.07814,8.539307199823193e-05,9.357906208939457e-05,0.09586246166822687,7401.17555944114,2313312.6258892524,944754.8752421216
VNM-460,VNM,Vietnam,Hải Dương,17107357777.567814,8.532386923625448e-05,8.603100741890966e-05,0.008287694744564034,1651.2848398429494,10360028.363849608,1771571.418247223
GBR-2760,GBR,United Kingdom,Peterborough,17048177035.990648,8.502870209698672e-05,8.165879709914478e-06,-0.9039632558356566,257.57120604836416,66188209.84512342,211573.26388549805
VNM-468,VNM,Vietnam,Nam Định,17031176369.124516,8.494391035442334e-05,6.716122615808411e-05,-0.2093461923537786,1556.056612921236,10945087.876431007,1831090.6505584717
MLI-2690,MLI,Mali,Gao,17023797331.912613,8.490710700849792e-05,8.887682919769542e-05,0.046753709189504944,173379.6763096676,98187.96351601779,802795.1947673084
FRA-5294,FRA,France,Gers,17012439292.437893,8.485045817426403e-05,0.00015902712759283501,0.8742047010073717,6453.558168073724,2636133.25383814,196512.64947509769
KAZ-3202,KAZ,Kazakhstan,Aqmola,16983867542.394184,8.470795503051282e-05,0.00011656449467604315,0.3760749463737523,146855.77489733667,115649.98076696131,865350.1406285386
SWE-189,SWE,Sweden,Jämtland,16940491570.654053,8.44916150329006e-05,0.00012119220333550737,0.4343695914478112,53995.41626073584,313739.43834141287,126962.53395627788
VNM-508,VNM,Vietnam,Sóc Trăng,16931830934.475807,8.444841964303481e-05,8.022656685813401e-05,-0.04999327166507861,2947.010507395148,5745426.048528681,1274909.4931640625
THA-440,THA,Thailand,Maha Sarakham,16913487646.24741,8.43569315040415e-05,8.92364288106538e-05,0.05784346608646529,5783.731558318755,2924320.998598336,785331.7760855928
ITA-5398,ITA,Italy,Benevento,16912649934.585209,8.435275337196214e-05,0.00013228433343763038,0.5682278070320836,2120.435132386274,7976027.974763945,247374.81765258312
IRN-5490,IRN,Iran,Alborz,16897045302.741776,8.427492442933987e-05,6.773256009115093e-05,-0.19629046777797876,4440.968202173186,3804811.1433162736,2508928.4794405997
IRN-3240,IRN,Iran,Gilan,16895210766.61822,8.426577458151704e-05,8.337062881432451e-05,-0.010622886594682468,14441.468759071658,1169909.4495499427,2088264.3730623256
CRI-1328,CRI,Costa Rica,Heredia,16844696419.67623,8.401383155272946e-05,6.22553029432899e-05,-0.2589874572710482,2628.422462990819,6408671.610768785,613418.350111723
TZA-3387,TZA,United Republic of Tanzania,Lindi,16840417008.440578,8.399248775847284e-05,0.0001004389075471989,0.19580822318323343,66437.17878765796,253478.80984327744,1010391.1103773965
THA-431,THA,Thailand,Chachoengsao,16824814322.087467,8.391466851908843e-05,0.00020027040296826803,1.3865958896412924,5509.987210755437,3053512.409111514,793804.6650457382
ROU-299,ROU,Romania,Mures,16814795285.955387,8.386469803621657e-05,7.888725088425789e-05,-0.059350922003072015,6440.989016759234,2610592.137667657,537209.4486450106
KHM-1781,KHM,Cambodia,Siemréab,16788847692.824268,8.373528301654485e-05,8.04976190995506e-05,-0.03866546813192884,14043.807310425558,1195462.6919696415,1846904.942871809
GBR-2120,GBR,United Kingdom,York,16774732063.213133,8.366488055283375e-05,2.7042627729475448e-05,-0.6767744416679322,208.80020562989336,80338675.97308314,208192.8632507324
TZA-3363,TZA,United Republic of Tanzania,Kigoma,16739920810.027027,8.349125755076524e-05,9.231906542752295e-05,0.10573332029871674,47591.55245654248,351741.43195502687,2995822.8842910025
NOR-912,NOR,Norway,Aust-Agder,16733433387.777613,8.345890118253547e-05,9.821676643431807e-05,0.1768279361778946,9193.941811645955,1820049.9557851665,99506.46381196997
PHL-2588,PHL,Philippines,Agusan del Sur,16729047285.317278,8.343702526004362e-05,9.505270141861576e-05,0.1392148883828277,7723.599434304862,2165965.1601058105,814329.0690901005
UKR-323,UKR,Ukraine,Vinnytsya,16695252682.34922,8.326847285574897e-05,8.39685116676894e-05,0.008407009134815624,26924.672927957356,620072.6273266491,1572746.421096776
ITA-5416,ITA,Italy,Caltanissetta,16671256958.432676,8.31487928890174e-05,8.767295118424785e-05,0.05441039055454544,2017.5879798383307,8262964.05660017,243359.16451360655
GBR-2072,GBR,United Kingdom,Kensington and Chelsea,16656995757.142391,8.307766437870825e-05,1.832507227345838e-05,-0.7794223945689684,7.114700687601399,2341208223.442217,207595.328125
RUS-2304,RUS,Russia,Kabardin-Balkar,16644787564.61922,8.301677536031033e-05,7.837562556138482e-05,-0.05590616810616822,12533.16555012732,1328059.3396813571,844969.7275175552
RUS-2380,RUS,Russia,Kurgan,16635482814.588663,8.29703674178796e-05,9.305163761722775e-05,0.12150446614963051,72138.2382920853,230605.61511402807,808860.5389836851
ESP-5818,ESP,Spain,Cuenca,16611644096.438593,8.285147052587306e-05,0.00021847761178826161,1.6369792883764793,17311.119485931154,959593.8673948251,199085.7830300515
RUS-2372,RUS,Russia,Mordovia,16604482298.94662,8.281575067476299e-05,8.89022699805518e-05,0.07349470669766678,25683.737854203235,646497.8887887707,834908.9507556348
IRN-3239,IRN,Iran,Kermanshah,16584592905.683636,8.271655125355344e-05,8.560393477084676e-05,0.03490696207150301,23311.599034334253,711430.9439372729,1649204.162511598
GBR-2075,GBR,United Kingdom,Richmond upon Thames,16581232570.737597,8.269979140184204e-05,0.00010149152754792718,0.22722833791412178,56.149756540863365,295303730.4564356,206509.4296875
ITA-5448,ITA,Italy,Lodi,16577852426.051508,8.268293274798413e-05,0.00011455424776656974,0.385464254342897,868.902834271301,19079063.587074615,252343.82098388672
GBR-2008,GBR,United Kingdom,Renfrewshire,16577619371.59798,8.268177037633234e-05,6.109834757539876e-05,-0.2610420979460768,321.5153866417907,51560889.65057082,205829.3493247032
GBR-5670,GBR,United Kingdom,Blackpool,16561466656.025414,8.260120783656181e-05,1.1798041902194053e-06,-0.9857168651510059,26.255751904398817,630774799.9877601,206129.26904296875
GBR-5667,GBR,United Kingdom,Sefton,16526002129.250162,8.242432659724705e-05,2.8083703447474965e-05,-0.6592789458298959,110.56073323606896,149474425.91542777,205587.41162109375
LBN-3023,LBN,Lebanon,North Lebanon,16516447025.496414,8.23766700021244e-05,5.545851006611092e-05,-0.32676921676148474,1960.9391969883752,8422722.668230863,941645.4551881626
NPL-373,NPL,Nepal,Rapti,16502396000.686682,8.230658975834339e-05,9.416323977770501e-05,0.1440546869232875,10663.537566935176,1547553.6047114674,1463404.989594698
IND-2474,IND,India,Andaman and Nicobar,16502272494.999414,8.230597376706951e-05,5.742965116052768e-05,-0.30224200587120453,6396.251578063959,2579991.154756046,234748.4091071859
CHE-171,CHE,Switzerland,Schaffhausen,16499604560.485098,8.229266729984117e-05,6.366733614167843e-05,-0.22633038603913003,266.9139919431651,61816184.45839442,98462.80758666992
MLI-2793,MLI,Mali,Kayes,16459884182.645737,8.209455977389558e-05,8.981233095765892e-05,0.09401075059077701,122667.96500763092,134182.41821833272,2907744.101965624
THA-421,THA,Thailand,Ratchaburi,16376094637.562216,8.167665490038869e-05,8.208806110837864e-05,0.005037010985473156,5393.792561797068,3036100.192942188,771139.3072875142
IRN-3213,IRN,Iran,Golestan,16373343108.215618,8.166293149942746e-05,7.432260312106242e-05,-0.08988568305824896,20827.7037522022,786132.8979429331,1731930.9422261897
ESP-5825,ESP,Spain,Huesca,16354090942.37106,8.156691028432258e-05,0.00013946648518956456,0.7098414627134708,15488.773974997353,1055867.3635996326,204231.34234023097
ITA-5433,ITA,Italy,Terni,16306390480.364525,8.132900165835749e-05,8.428953061686732e-05,0.03640188491365315,1973.5340701928924,8262533.050048001,237644.5668423176
THA-397,THA,Thailand,Sukhothai,16289963776.02991,8.124707258486449e-05,7.908471639465684e-05,-0.02661457356446917,6952.517352464804,2343031.0131127965,632742.146133095
MLI-4860,MLI,Mali,Koulikoro,16288864291.58444,8.124158884691546e-05,8.37143519736019e-05,0.030437158625071792,91991.68817209246,177068.87019088314,4328160.057794247
SEN-779,SEN,Senegal,Tambacounda,16272886149.85964,8.116189700362257e-05,8.147399405107841e-05,0.003845364129942741,39954.33697451751,407287.1027803147,779826.964233879
VNM-469,VNM,Vietnam,Phú Thọ,16264031636.85483,8.111773464263168e-05,9.274811901716154e-05,0.14337659237857303,3380.5415965770208,4811072.7740557995,1022199.2873324304
IRN-3241,IRN,Iran,Kordestan,16254786601.836843,8.107162453204561e-05,9.159191621298232e-05,0.12976539870344284,29634.93467469975,548500.8413301498,1329964.7448506122
GBR-2775,GBR,United Kingdom,Herefordshire,16218249028.86439,8.088939141697043e-05,0.00022455168810643362,1.7760338429165525,2094.1383159783663,7744593.041022384,195773.5045852661
FRA-5326,FRA,France,Meuse,16217680222.187588,8.088655446300342e-05,0.00017854851967278183,1.2073943050009364,6230.0425017212765,2603141.185265889,186619.76392398216
KAZ-3196,KAZ,Kazakhstan,Qostanay,16194833738.948484,8.077260639611037e-05,0.0001020560316194949,0.2634980616944589,200400.2867512125,80812.42797348692,780706.9388017487
ARG-1276,ARG,Argentina,Neuquén,16171364103.802267,8.065555032548419e-05,0.00010224185144103974,0.2676356559275137,94294.25742882717,171498.92840513994,629066.7266423135
LAO-3284,LAO,Laos,Vientiane,16150725651.775928,8.05526149333079e-05,8.941777978305308e-05,0.11005433972671086,20194.427382843194,799761.50576556,553037.9727044611
AGO-1888,AGO,Angola,Cuando Cubango,16137497322.92024,8.048663792995225e-05,8.518790749377197e-05,0.058410559624956004,197882.41930162307,81550.94009803163,478092.62811968534
VNM-459,VNM,Vietnam,Hòa Bình,16092255893.841778,8.026099386329144e-05,0.00012663805148661216,0.5778281004383621,4260.704591420244,3776900.1695744554,697096.4824390411
ROU-305,ROU,Romania,Brasov,16089119699.683205,8.024535192584177e-05,7.658344816314811e-05,-0.045633842643967526,5358.327581694991,3002638.3147321055,534794.0665511191
PHL-2520,PHL,Philippines,Zamboanga del Norte,16068809878.677645,8.014405559859933e-05,7.995555053279493e-05,-0.002352077947596287,6558.334559174897,2450135.737006265,927280.656316936
PER-566,PER,Peru,Lambayeque,16054179995.909857,8.007108826954415e-05,7.742567689977005e-05,-0.033038284191527656,13710.768337572947,1170917.6029117955,1302670.1850198768
NZL-3405,NZL,New Zealand,Taranaki,16052980800.52774,8.00651072179228e-05,7.349787983918571e-05,-0.08202358813886657,7306.935065829426,2196951.3422390777,115147.76683916616
COL-1404,COL,Colombia,Cauca,16037159343.019138,7.998619684560563e-05,9.717802013097392e-05,0.2149348758080476,30566.15907643208,524670.4141962191,1377843.3204421864
BRA-681,BRA,Brazil,Amapá,16032073559.94899,7.996083122834999e-05,0.00012972425329731187,0.6223474831927254,138924.65348492292,115401.21323166664,689406.3056504567
ETH-3132,ETH,Ethiopia,Benshangul-Gumaz,16027384263.601982,7.993744311000205e-05,8.843995988964773e-05,0.10636463275345642,50045.93839603744,320253.446678722,1287624.4239318902
THA-418,THA,Thailand,Nakhon Pathom,16023779893.385218,7.991946611922107e-05,0.00012899615492191008,0.6140767848658815,2302.723108041952,6958622.092870964,1011206.12890625
MAR-1453,MAR,Morocco,Tadla - Azilal,16013159630.352867,7.986649698476974e-05,7.928744406208009e-05,-0.0072502606793943825,16530.16248950505,968723.6674484944,1757379.7196489498
THA-423,THA,Thailand,Samut Sakhon,15944302064.66083,7.952306616351586e-05,7.788576790148204e-05,-0.020588972998943356,759.6031282228571,20990305.95353603,1106507.2406311035
TUR-3026,TUR,Turkey,Yozgat,15923237418.69245,7.941800510607595e-05,8.870454023689791e-05,0.11693236462459922,13770.061159521127,1156366.4993370445,402829.81625266187
ARG-1301,ARG,Argentina,Jujuy,15871870227.40912,7.916180847015597e-05,7.526736868157214e-05,-0.04919594263756666,53204.34382360756,298319.0673308621,760619.8440834419
SLE-762,SLE,Sierra Leone,Northern,15870109547.311264,7.915302698324316e-05,8.51714864174116e-05,0.07603574573897931,36180.06555635699,438642.3657135364,2710160.9044229956
IRL-716,IRL,Ireland,Offaly,15849525250.345158,7.905036169234949e-05,9.135307087596809e-05,0.1556312826435715,1961.042660263662,8082192.994319762,87618.55181527138
IRQ-3224,IRQ,Iraq,Al-Qādisiyyah,15845146203.973097,7.902852096247832e-05,6.883315972182018e-05,-0.1290086302576604,8488.561223271703,1866646.8659651114,1771816.7063463926
IRQ-3223,IRQ,Iraq,Al-Muthannia,15835212941.14972,7.897897827860796e-05,0.00010903832916260907,0.3805993890926658,52760.14881969955,300135.865713047,927256.3448571792
LAO-3289,LAO,Laos,Louangphrabang,15705027284.910662,7.832967029932768e-05,8.642860819141293e-05,0.10339553149063563,19871.857469862534,790315.012510972,508988.91990240663
GTM-1943,GTM,Guatemala,Huehuetenango,15694390360.671646,7.827661806620985e-05,8.16655328755658e-05,0.043294088235767525,7356.017727393099,2133544.390768289,1347558.006519109
FIN-3182,FIN,Finland,Ostrobothnia,15692351397.569704,7.82664486278109e-05,6.580493847778627e-05,-0.1592190570608899,7248.27733116139,2164976.68074951,155327.3559292648
UKR-321,UKR,Ukraine,Kiev,15667205549.227177,7.814103235349729e-05,0.0001590069051460615,1.0348708016390185,26974.701824980642,580811.0744237455,1422181.0020472065
RUS-2333,RUS,Russia,Murmansk,15661972787.686258,7.811493367319452e-05,0.00014837395302873585,0.8994313385642805,144048.86271118745,108726.80625801207,716188.7929101292
BLR-2340,BLR,Belarus,Mogilev,15648725142.753649,7.804886032986382e-05,7.659963253923536e-05,-0.018568212072584744,28693.08524265513,545383.1475567591,1062512.718815416
THA-433,THA,Thailand,Sa Kaeo,15631487017.67273,7.796288425165196e-05,7.726828922548409e-05,-0.008909303867284168,7263.852650134205,2151955.4113455107,582907.6860781908
FRA-5265,FRA,France,Alpes-de-Haute-Provence,15609650700.928522,7.7853974444614e-05,0.0001902199050025884,1.4432908706274525,7164.020403452781,2178895.3439335926,176355.50762232393
JOR-854,JOR,Jordan,Irbid,15601421300.225498,7.781292986493038e-05,7.5271956533768e-05,-0.032654898557001655,1902.6472178952226,8199849.742762274,1812216.9492454529
IRQ-3049,IRQ,Iraq,At-Ta'mim,15592388011.217726,7.776787584898626e-05,7.681083196018968e-05,-0.012306416735041292,10501.916604468603,1484718.3231852278,1703144.0239682589
THA-434,THA,Thailand,Rayong,15592091504.279087,7.776639700464402e-05,6.844555576797072e-05,-0.11985692530048264,3512.58817558729,4438918.177953541,854549.7152709961
TUR-2281,TUR,Turkey,Adiyaman,15576488863.106567,7.768857799060025e-05,8.458812735904602e-05,0.08881034441485802,7010.627302182891,2221839.529004278,628185.005667299
UKR-330,UKR,Ukraine,Poltava,15572846879.885069,7.76704134029303e-05,8.235623471860974e-05,0.06032955291960174,28621.024280633384,544105.1559577672,1372784.5879413974
KAZ-3197,KAZ,Kazakhstan,Qyzylorda,15510507614.041971,7.735949295359854e-05,0.00010220233316469442,0.3211349927797098,223456.00342877113,69411.90827744354,725395.6595049896
LKA-2470,LKA,Sri Lanka,Kŏḷamba,15492977411.403538,7.72720601228216e-05,4.296921944786221e-05,-0.4439229473167412,697.7095844139483,22205481.703991637,1855343.2969970703
GRC-2949,GRC,Greece,Ipeiros,15463872246.107311,7.712689654174006e-05,7.655277127822935e-05,-0.0074439046461568514,8809.244253953551,1755414.176325874,316460.61514682695
IRL-79,IRL,Ireland,Cavan,15442230363.339775,7.70189564846434e-05,8.364390703775874e-05,0.08601714247370085,1988.8276178015624,7764489.10157911,85440.20128273964
CUB-1366,CUB,Cuba,Granma,15429333966.579828,7.695463501051095e-05,8.108471812090139e-05,0.05366906242653635,8648.87195220999,1783970.6787007377,821082.7518477142
TUR-2297,TUR,Turkey,Tokat,15393560506.390762,7.677621294913905e-05,7.59579101782023e-05,-0.010658285157654657,9257.091961080945,1662893.7652460423,534280.0932018589
IRN-3230,IRN,Iran,Ardebil,15376306137.0302,7.669015585170668e-05,8.438980455569082e-05,0.10039944003859791,20074.002688276098,765981.073919577,1596149.0292353146
UZB-358,UZB,Uzbekistan,Samarkand,15369274198.588629,7.665508367961165e-05,6.165145509167025e-05,-0.19572907454710653,16247.276435443502,945960.035803939,3831494.8971897494
RUS-2366,RUS,Russia,Orel,15348393431.928757,7.655093973013654e-05,8.449226379026986e-05,0.10373907999207743,24584.479620238526,624312.3169177677,771282.5062520572
TUR-2302,TUR,Turkey,Trabzon,15343697025.947111,7.652751615210255e-05,5.830755222301997e-05,-0.2380838271670731,4833.6867409898805,3174325.9023866546,695319.9997435939
UZB-364,UZB,Uzbekistan,Ferghana,15339229865.129011,7.650523594668119e-05,6.14633037373265e-05,-0.19661310789026087,7076.860667307881,2167518.9870545,3824004.972236067
BLR-2344,BLR,Belarus,Grodno,15301430350.838032,7.631670883124396e-05,9.907783522026231e-05,0.29824564944682175,24795.12095420712,617114.5677852302,1060733.3972733784
FIN-3187,FIN,Finland,Kymenlaakso,15289977183.717354,7.625958554274719e-05,9.055403685834652e-05,0.18744464992648835,5389.619223831226,2836930.8755820473,152304.6552497279
VNM-500,VNM,Vietnam,Ðong Tháp,15241599103.939602,7.601829726161527e-05,7.339299271712136e-05,-0.03453516638841547,2732.937244161997,5577002.961373578,1160638.3706054688
CIV-3437,CIV,Ivory Coast,Denguélé,15223851774.352173,7.59297814984741e-05,7.42018041292117e-05,-0.02275757068123696,21201.18634926937,718066.0328886177,329493.0033012293
ROU-298,ROU,Romania,Maramures,15214000366.26437,7.58806470695105e-05,6.844614937183257e-05,-0.09797620321908362,6396.384699726974,2378531.167287948,475517.3647763021
IRL-5572,IRL,Ireland,South Tipperary,15204290910.948256,7.58322206376489e-05,8.737719970929035e-05,0.15224371612176735,2316.004945864887,6564878.429165175,83891.95013475418
FIN-3189,FIN,Finland,Southern Savonia,15181659341.631706,7.57193444655314e-05,9.846132398345236e-05,0.3003457000116194,18970.962297973347,800257.7361746985,143230.43008301617
BGR-2235,BGR,Bulgaria,Plovdiv,15180289039.227554,7.571251000841264e-05,5.6250610663334426e-05,-0.25704998213526065,5491.654931252654,2764246.7032729075,681344.4761348991
ARG-1307,ARG,Argentina,Formosa,15176078616.90672,7.56915103000881e-05,8.686004315543004e-05,0.1475533096256494,75746.47010143282,200353.6085125061,637554.0120327981
IRL-717,IRL,Ireland,Westmeath,15164279888.195831,7.563266350452965e-05,9.256375751133929e-05,0.22385954985964007,1752.8511104012018,8651208.193447161,83898.75107002258
NER-95,NER,Niger,Tahoua,15133341526.373676,7.547835675694068e-05,8.768934365172152e-05,0.16178130287207093,105005.31631660965,144119.7651435473,5037003.917670628
ITA-5462,ITA,Italy,Rovigo,15131884471.262634,7.547108961601915e-05,0.00010673083881693907,0.41419501639585277,1788.909866050827,8458718.216288658,221835.81225126985
ROU-4844,ROU,Romania,Ilfov,15061790810.057535,7.512149370175141e-05,4.698573875815239e-05,-0.37453668127665374,1542.8924669881644,9762048.316600585,570395.6396218538
EGY-1531,EGY,Egypt,Al Isma`iliyah,15035833490.335957,7.499203017018538e-05,0.00012723218299085605,0.6966093957200243,5759.876692648687,2610443.64187972,1431773.8707986176
FRA-5300,FRA,France,Haute-Marne,15026340416.653393,7.494468295338703e-05,0.0001091762431738551,0.45675768942486417,6404.136237255029,2346349.2749014427,170986.97385510802
TZA-3385,TZA,United Republic of Tanzania,Dodoma,15022596957.764189,7.492601225035348e-05,7.510580006491039e-05,0.002399538012995972,42377.82651663273,354491.91694312164,2720474.841146618
FRA-5318,FRA,France,Lot,15010389239.468525,7.486512559719082e-05,8.784970562985688e-05,0.17343963466419776,4974.315277344468,3017578.983751469,174867.94912719727
DOM-1985,DOM,Dominican Republic,Distrito Nacional,14997911845.505602,7.48028939220985e-05,2.845529821016784e-06,-0.9619596292092631,60.57393175381121,247596802.96899265,1027367.765625
TKM-352,TKM,Turkmenistan,Ahal,14993100001.27675,7.477889458958287e-05,8.674203718462978e-05,0.159980201107619,99855.15877242634,150148.47690990698,1829070.1611039704
KAZ-3236,KAZ,Kazakhstan,Mangghystau,14992635755.081593,7.47765791366553e-05,0.0001249864377566579,0.6714650389160401,164837.8269308798,90953.85467176986,738142.2125034183
GBR-2113,GBR,United Kingdom,Caerphilly,14979510332.98342,7.471111538630084e-05,7.115999824094295e-05,-0.04753130945772266,337.4556175704131,44389571.70377468,185835.7337341309
BOL-1291,BOL,Bolivia,Cochabamba,14973339648.12008,7.46803387628606e-05,6.88152341168506e-05,-0.07853612802472687,56444.46305051341,265275.61498317565,2095746.924966652
TUR-2270,TUR,Turkey,Kastamonu,14937561406.013351,7.450189285141655e-05,7.957633732826856e-05,0.06811161814334388,13134.494011342596,1137277.2634494845,369808.3033338264
COL-1402,COL,Colombia,Tolima,14912316520.069307,7.43759826217259e-05,0.00016164238025402183,1.1733142145648054,23825.14616728455,625906.612088119,1307362.4148907063
CZE-1590,CZE,Czech Republic,Karlovarský,14910787334.453049,7.436835572602077e-05,0.0001613283037723335,1.1693138458873618,3206.4053569476514,4650312.631914832,288397.5483069867
ARG-1296,ARG,Argentina,La Pampa,14898548335.911722,7.430731306094645e-05,9.431821479025237e-05,0.26929922379097593,142799.45043055608,104331.97250403246,377636.4171881326
GBR-2752,GBR,United Kingdom,Luton,14882551783.785442,7.42275293947836e-05,1.1035482808764775e-05,-0.8513289759373251,20.453711566366923,727621084.0998452,185304.6064453125
KAZ-3205,KAZ,Kazakhstan,Pavlodar,14862928563.098791,7.412965752364887e-05,7.969292552247497e-05,0.07504780387055332,123682.13309537723,120170.37700697864,760262.563923799
NOR-915,NOR,Norway,Sogn og Fjordane,14853562398.888214,7.408294327468422e-05,0.00012020225385109967,0.6225361539081216,18252.362144614188,813788.4993297225,85973.20717858034
SVN-962,SVN,Slovenia,Ljubljana,14804039489.25427,7.383594509292257e-05,2.6623236597405878e-05,-0.6394271575463615,313.9465520993121,47154649.06450459,304724.36614990234
COL-1421,COL,Colombia,Norte de Santander,14802140786.784824,7.382647521199015e-05,6.993104107249713e-05,-0.05276473146398253,21964.328703794326,673917.2859049301,1309040.4345798
THA-398,THA,Thailand,Uttaradit,14802110616.361698,7.382632473537822e-05,7.293397199962765e-05,-0.01208718893902816,7786.165720866327,1901078.2902672077,479548.3594084233
TZA-3378,TZA,United Republic of Tanzania,Dar-Es-Salaam,14797471184.038237,7.380318531653608e-05,2.6513563556885476e-05,-0.6407531268037974,1588.8578243967477,9313275.83678325,6977618.477973938
OMN-2404,OMN,Oman,Ad Dakhliyah,14793101587.284758,7.378139171714706e-05,0.00010941547377653762,0.48296841832422466,31628.70519923508,467711.2608341147,400526.42354747374
IRQ-3227,IRQ,Iraq,Wasit,14786232458.984947,7.374713156941176e-05,9.372194847150983e-05,0.27085550959087157,17686.91803831443,835998.2461022406,1467706.8267289028
GBR-5669,GBR,United Kingdom,Merseyside,14780108201.41265,7.371658650458865e-05,5.7008835371521266e-05,-0.2266484644134652,138.3606160160317,106823087.57356279,183818.21435546875
GBR-5662,GBR,United Kingdom,North Tyneside,14766031358.820663,7.364637749322672e-05,1.8488288760900147e-05,-0.7489586128985024,81.08330478533352,182109392.2838178,183837.5927734375
SDN-882,SDN,Sudan,South Kordufan,14726039109.94624,7.344691399583617e-05,0.0001088209232703072,0.4816268968969404,138706.0599006603,106167.23682074786,1539609.1250567536
GBR-2033,GBR,United Kingdom,Stockton-on-Tees,14712576015.985567,7.337976608886235e-05,1.3481460983954483e-05,-0.8162782235142514,183.16078138420883,80326016.87324975,182954.03982543945
CRI-1327,CRI,Costa Rica,Cartago,14690276599.018429,7.326854654449509e-05,7.603154597203984e-05,0.037710580567704044,3331.0322133151226,4410127.449472581,508436.6992134154
THA-415,THA,Thailand,Saraburi,14685082448.513369,7.324264043881533e-05,6.642774189687242e-05,-0.09304550602098882,2963.739813232548,4954916.211924948,839234.1463670731
BHS-5009,BHS,The Bahamas,New Providence,14667053076.30487,7.315271797289562e-05,1.3351870064852737e-05,-0.817479508146234,97.78660574255483,149990409.88209754,172625.60217285156
TZA-3390,TZA,United Republic of Tanzania,Singida,14659975747.768532,7.311741941525579e-05,7.667721550818223e-05,0.04868601930149219,49339.76603674104,297122.927920897,1832759.679221787
UKR-324,UKR,Ukraine,Zhytomyr,14652205684.10142,7.307866580380333e-05,7.510783821282264e-05,0.027766960257143758,29895.25855276123,490118.0452492889,1209431.5583341548
MEX-2718,MEX,Mexico,Colima,14651582900.206142,7.307555963554907e-05,6.480140758248078e-05,-0.11322735117369076,5568.252051670026,2631271.494941011,784625.4079581499
GBR-2759,GBR,United Kingdom,Portsmouth,14639664216.170927,7.30161145563433e-05,1.6901295203074476e-06,-0.9768526505336949,17.787438673480942,823033854.6716684,182341.02978515625
MMR-3268,MMR,Myanmar,Bago,14627482539.035185,7.295535778486973e-05,8.231255721195604e-05,0.12825924937108457,36335.876338512724,402563.0867620326,4965018.566648063
TUR-2239,TUR,Turkey,Çanakkale,14590791721.10155,7.277236035228866e-05,7.848386945233687e-05,0.07848459322191803,9390.69930443872,1553749.2201677558,481653.5748936683
PER-577,PER,Peru,Áncash,14540553304.522686,7.25217935410636e-05,8.9429222190597e-05,0.23313583164431817,35716.5016555575,407110.2328203572,1111700.3561070452
VNM-451,VNM,Vietnam,Đông Bắc,14537414989.473007,7.25061410255552e-05,7.968056648188481e-05,0.09894921112683308,4793.803981781166,3032542.641443496,288669.7062060833
ITA-5401,ITA,Italy,Campobasso,14528336557.80164,7.246086185814259e-05,8.966903883184208e-05,0.23748236678978674,2969.7988375580194,4892027.154858703,203137.2391126156
DZA-2209,DZA,Algeria,Blida,14522697120.658712,7.243273486134943e-05,5.582208460830555e-05,-0.22932518404613522,2035.0427723928085,7136310.507902931,1954779.0158065555
TUN-97,TUN,Tunisia,Kebili,14480254977.236338,7.222105238281813e-05,7.466322472243635e-05,0.03381524166489758,22496.897769619776,643655.6331242586,170563.6013830601
THA-432,THA,Thailand,Chanthaburi,14462403354.32029,7.213201645107764e-05,7.520815410823616e-05,0.04264594015952494,6002.229528198956,2409505.215749374,597204.4633236723
GBR-5679,GBR,United Kingdom,Bury,14444344372.79736,7.204194630710585e-05,5.925321721079637e-05,-0.1775178177695632,86.65492281725595,166688099.22384465,179754.25732421875
LTU-935,LTU,Lithuania,Klaipedos,14431341666.809889,7.197709460996959e-05,5.310311180820684e-05,-0.26222207084124927,5186.369785096173,2782551.6237350754,310957.9927047342
ROU-130,ROU,Romania,Dâmbovita,14424263061.229822,7.194178968300533e-05,7.688855345920242e-05,0.06876064382042557,4002.34107311527,3603956.483899191,496001.29859018326
ROU-276,ROU,Romania,Arad,14415101481.079132,7.189609580806925e-05,8.28564639752452e-05,0.15244733450388304,7916.577528041623,1820875.4262834957,415748.92537579313
VNM-504,VNM,Vietnam,Bến Tre,14407155823.242718,7.185646641123046e-05,6.485119417167241e-05,-0.09748979583086204,2026.2771204185617,7110160.637981579,1245965.995727539
LAO-3280,LAO,Laos,Champasak,14404487754.109924,7.184315927258523e-05,7.906204949304444e-05,0.10048124683756599,14934.102308037533,964536.5658408159,866625.0863930993
MOZ-1906,MOZ,Mozambique,Zambezia,14401409909.58123,7.182780835706044e-05,9.88934399035475e-05,0.37681271593227716,103286.27784258762,139431.97693240092,5878416.325633666
NER-796,NER,Niger,Diffa,14398233055.642998,7.181196362676761e-05,8.794465708380795e-05,0.22465189144371123,145234.4236065556,99137.88135138157,900253.5157053033
ROU-315,ROU,Romania,Galati,14378607472.842731,7.171407997446387e-05,5.641420087810549e-05,-0.2133455397016374,4199.621526220058,3423786.496728539,486959.9096945226
COL-1425,COL,Colombia,Meta,14369271399.91385,7.166751580738902e-05,0.0001647259353020086,1.2984741894043035,86461.43259243488,166192.84424360926,896078.1100827955
PNG-1239,PNG,Papua New Guinea,East Sepik,14365829893.393814,7.165035110807605e-05,8.222925031602103e-05,0.14764616005842002,42344.69377416831,339259.26988654846,527103.2533263383
TUR-3044,TUR,Turkey,Sirnak,14351998372.573969,7.158136565227886e-05,6.643019263135149e-05,-0.07196248596248145,6365.985999485441,2254481.611133614,586118.4394508004
CIV-3459,CIV,Ivory Coast,Cavally,14302778802.2368,7.1335880391614e-05,6.924903854206945e-05,-0.029253747736600055,14218.191725886165,1005949.214779305,1078811.6418030588
CUB-1364,CUB,Cuba,Camagüey,14218891942.211643,7.09174901545891e-05,8.478188746429152e-05,0.19550039460618507,15443.893969745926,920680.4948328432,756668.2365826294
VNM-4600,VNM,Vietnam,Hải Phòng,14202106845.467876,7.08337735796332e-05,4.2579580637405615e-05,-0.3988802447530694,978.9228980042246,14507891.146915011,1640474.640625
TUR-3042,TUR,Turkey,Batman,14201372460.630184,7.083011079566183e-05,6.019368407079729e-05,-0.15016815031603747,4114.198394737134,3451795.732261362,662783.6572619583
KHM-1778,KHM,Cambodia,Batdâmbâng,14179701241.123938,7.07220244199992e-05,7.810987653505748e-05,0.10446324430963383,12505.688697387155,1133860.0843379812,1503320.2441971004
NCL-1259,NCL,New Caledonia,Sud,14179145181.402672,7.071925104216016e-05,6.0214773016277863e-05,-0.14853774426456978,7191.134960254077,1971753.4519615935,146612.05081382394
TZA-3392,TZA,United Republic of Tanzania,Manyara,14175433856.905502,7.070074061113936e-05,7.672214408922772e-05,0.0851674738629209,45273.39990994021,313107.340847029,2005359.712895628
GBR-2011,GBR,United Kingdom,West Dunbartonshire,14165371556.407072,7.065055434490778e-05,3.5989875952508726e-05,-0.49059315547886095,184.8923834353207,76614143.28277303,175973.41864931583
LKA-2448,LKA,Sri Lanka,Mahanuvara,14131243610.789837,7.048033937617864e-05,5.6553749917553754e-05,-0.19759538024205192,1840.269007133294,7678901.049799773,1465216.075012207
CUB-1431,CUB,Cuba,Villa Clara,14127310819.10853,7.046072436563684e-05,6.695656742649758e-05,-0.049732059536535256,8042.99124094479,1756474.7238800959,751794.683340624
TZA-3357,TZA,United Republic of Tanzania,Mwanza,14121257331.243849,7.043053226854592e-05,6.944629446926361e-05,-0.013974589820356376,26710.3485004076,528681.1338694573,3948903.43882516
THA-412,THA,Thailand,Phra Nakhon Si Ayutthaya,14096181537.297962,7.030546539431246e-05,0.00012129999974667153,0.7253281671112359,2636.907582338691,5345724.526604745,838573.9962768555
GBR-2018,GBR,United Kingdom,Perthshire and Kinross,14068548111.554115,7.01676421935953e-05,0.00014066762250815768,1.0047363444256847,5790.83063495349,2429452.5256249546,159092.3301270457
RUS-2385,RUS,Russia,Mariy-El,14066794627.205729,7.015889659587093e-05,7.724328757005886e-05,0.1009763738873406,23381.83233706967,601612.1587230853,706434.070165723
PHL-2591,PHL,Philippines,Davao del Norte,14059855652.392103,7.012428808488229e-05,6.578604437963981e-05,-0.06186506592396679,3472.6516284086338,4048737.7246174063,1310347.297510147
COL-1416,COL,Colombia,Magdalena,14059555342.063131,7.012279027092572e-05,0.00010086633406113714,0.43842442195227793,23101.42140092478,608601.310631921,1230373.9048179155
ITA-5467,ITA,Italy,Belluno,14055048151.106916,7.010031041303234e-05,0.00014580897656573936,1.0800047204731356,3905.1388150277453,3599116.1433289684,190052.2223309656
GRC-2892,GRC,Greece,Dytiki Makedonia,14013552515.930458,6.98933486954073e-05,8.300743711536714e-05,0.1876299914761641,9614.091630651092,1457605.4664647942,267175.5728104599
BHR-4927,BHR,Bahrain,Ash Shamālīyah,14007886818.999395,6.986509072650505e-05,5.450727473530058e-06,-0.9219821026946411,64.2688693740441,217957573.47890547,202568.6701202393
GTM-3467,GTM,Guatemala,Quiché,13948078038.262686,6.956679120806916e-05,8.158580623276039e-05,0.17276943231064434,6835.1898626797165,2040627.7394603903,1160995.0150008202
PHL-2556,PHL,Philippines,Tarlac,13947825816.818775,6.956553324001947e-05,7.580401521596793e-05,0.08967777123800724,3040.555381031209,4587262.545465739,1392243.6143603325
FRA-4602,FRA,France,Mayotte,13943423748.45654,6.954357768673111e-05,7.97237845666354e-06,-0.8853613989694886,186.35226794129568,74822935.62882191,176872.68658447266
IRL-727,IRL,Ireland,Roscommon,13929185873.247282,6.947256551650868e-05,7.216008409301243e-05,0.03868460242576077,2577.0356533958925,5405119.5818311935,76357.57598018646
PAN-1332,PAN,Panama,Chiriquí,13917487201.753714,6.941421776171606e-05,5.808679313575946e-05,-0.16318594361808103,6642.680925423622,2095161.1793496097,493647.82039794326
LTU-1072,LTU,Lithuania,Šiauliai,13908203416.979712,6.936791438463271e-05,6.155029111832409e-05,-0.11269797190328223,8293.919870709344,1676915.5759627807,264748.01674467325
PNG-1246,PNG,Papua New Guinea,Southern Highlands,13877634189.069284,6.921544871232985e-05,6.76850938405212e-05,-0.022110018793189412,25367.637588357127,547060.5664690922,1341025.9033589913
ROU-314,ROU,Romania,Buzau,13873978555.153814,6.919721604108775e-05,8.03235104479413e-05,0.16079106997956405,6188.015413354272,2242072.397753336,431294.61160541046
FRA-5297,FRA,France,Haute-Corse,13866717085.238731,6.91609990683937e-05,5.6747709197869895e-05,-0.17948395826740782,4769.799076330542,2907191.029083461,161625.4090220183
GBR-2025,GBR,United Kingdom,West Lothian,13857802245.679474,6.911653582546009e-05,0.00010051251769753271,0.4542470408435526,463.89328500056007,29872823.543161966,171487.37770199776
BEN-2171,BEN,Benin,Collines,13843001306.141558,6.90427153415416e-05,8.20492224645348e-05,0.18838348200316868,14492.342960145674,955194.1562665317,835711.8843704611
CHL-20010,CHL,Chile,Ñuble,13838982771.409946,6.902267268291368e-05,7.696034948529367e-05,0.11500100610194042,13768.60439760338,1005111.5110707093,493632.62105075177
CHL-2696,CHL,Chile,Atacama,13829009884.642498,6.8972932372486e-05,9.338704893962497e-05,0.35396663194325795,79356.97981943472,174263.30886216185,312946.0262171692
IRL-1444,IRL,Ireland,Waterford,13809350317.01063,6.887487921900239e-05,5.716350388948303e-05,-0.17003841549079945,1700.931349406581,8118699.3947924,76314.49645090103
FIN-3188,FIN,Finland,South Karelia,13794707026.193842,6.880184501657994e-05,5.5569365211698946e-05,-0.19232739764016815,7419.30114129847,1859300.055824341,136033.46881543193
DZA-2195,DZA,Algeria,Alger,13781803941.213894,6.873749018458964e-05,1.1579477600521394e-05,-0.8315405818655071,134.85717567945562,102195555.19961433,1855053.5703125
GBR-2676,GBR,United Kingdom,Thurrock,13766561900.738815,6.866146968596567e-05,8.582265061526256e-05,0.24993902705238202,148.60772699059996,92636918.54737544,171138.63580322266
TUR-2275,TUR,Turkey,Isparta,13764718383.44988,6.865227504409631e-05,6.975591733188634e-05,0.016075829782496553,8566.47809923894,1606811.833753799,464506.9147483967
FRA-5269,FRA,France,Ariège,13763469959.021584,6.864604845995302e-05,0.00014492222620419678,1.111151762635573,4882.2772869934515,2819067.6501901937,159348.82238175068
RUS-2353,RUS,Russia,Karelia,13749308439.80284,6.85754171193499e-05,0.0001166258533298314,0.7006947712305367,174129.48961740342,78960.2523387208,600174.7233480002
THA-472,THA,Thailand,Nakhon Phanom,13733044587.56544,6.849430027947172e-05,5.4145390538326387e-05,-0.20949056611424088,5494.976661535477,2499199.8025571187,552327.5833034515
IRL-724,IRL,Ireland,North Tipperary,13721474113.886423,6.843659191819079e-05,7.855941154279956e-05,0.1479153087679994,2088.4983513259394,6570019.126505403,75476.52218389511
ITA-5440,ITA,Italy,Asti,13715759806.840664,6.840809150372074e-05,6.429407758521205e-05,-0.06013928802976365,1452.5014469999446,9442854.487456622,201915.76482391357
HKG-5156,HKG,Hong Kong S.A.R.,Southern,13689177805.273066,6.827551233776879e-05,2.8022562073654313e-05,-0.5895664329104897,50.60054061184811,270534220.38079464,118377.1640625
PHL-5543,PHL,Philippines,Manila,13671413746.548315,6.81869131371533e-05,2.1131348283289654e-05,-0.6900967163481151,48.0120283506885,284749764.09431916,1982548.09375
THA-395,THA,Thailand,Phrae,13657790684.462914,6.811896738053293e-05,6.762047084052974e-05,-0.0073180284313242305,6491.463850426427,2103961.602368891,476710.73806207813
BHR-4928,BHR,Bahrain,Al Wusţá,13655171550.294329,6.810590430765995e-05,2.5707385465176126e-06,-0.9622538079091554,38.17702734513907,357680325.05110663,198232.015625
ITA-5370,ITA,Italy,La Spezia,13636545492.909073,6.801300584225166e-05,3.9017218766091555e-05,-0.42632709313587025,758.3008100502007,17983029.046225484,206202.40937805176
MLI-2794,MLI,Mali,Sikasso,13634479001.027609,6.800269910258067e-05,8.188606247653967e-05,0.2041590048215034,70610.21369200328,193094.99700001243,3893666.5861041937
SDN-877,SDN,Sudan,River Nile,13628094942.230593,6.797085826514244e-05,7.536279976508978e-05,0.10875162810380679,126524.39812159921,107711.20151176689,1582821.5240429668
GBR-2756,GBR,United Kingdom,Swindon,13617363847.79639,6.791733635309905e-05,1.265645409848192e-05,-0.8136491391140311,205.402568196232,66295976.56630562,168975.1929321289
THA-410,THA,Thailand,Prachin Buri,13617012062.011915,6.791558180253291e-05,9.843486647693098e-05,0.44937087873492754,4470.722929715457,3045818.8252964676,632205.2550363906
PHL-2522,PHL,Philippines,Zamboanga del Sur,13591931403.66069,6.779049066681555e-05,6.0123624515089375e-05,-0.1130964841279608,3838.206944894971,3541219.0115852705,1135363.43019104
HUN-3173,HUN,Hungary,Hajdú-Bihar,13589238103.181936,6.777705768547203e-05,9.125425380623203e-05,0.34638854093827587,5512.569136720762,2465136.992597558,325258.1993699521
ROU-309,ROU,Romania,Neamt,13574841613.147,6.770525441525501e-05,7.158862731156086e-05,0.057357038679569206,5420.710423088338,2504255.0798005946,426543.8796642497
GBR-2057,GBR,United Kingdom,North Lincolnshire,13573906071.054222,6.770058834862876e-05,8.02351760407075e-05,0.1851473967630981,901.1184360172457,15063398.47073603,166611.9334564209
DZA-2145,DZA,Algeria,Oran,13560992620.97027,6.763618182012342e-05,4.1708771799274496e-05,-0.38333639367464833,2517.4227999541536,5386855.406734712,1825332.0019510165
ROU-287,ROU,Romania,Botosani,13539044425.117496,6.752671400999967e-05,6.082985395884321e-05,-0.09917349228876682,5622.154803266135,2408159.3088209033,428931.98398786783
GBR-2104,GBR,United Kingdom,Carmarthenshire,13533435201.365782,6.74987377041241e-05,8.759887056291791e-05,0.29778531484397974,2282.4762942668185,5929277.441066707,161603.229444772
THA-420,THA,Thailand,Prachuap Khiri Khan,13524385923.1638,6.745360394121181e-05,4.110683915887782e-05,-0.39059091350102104,6949.015201742564,1946230.5852737762,440154.6857467247
GBR-2055,GBR,United Kingdom,Kingston upon Hull,13518171961.955418,6.742261147466748e-05,1.7604535651978787e-06,-0.9738892705771367,31.66888494358371,426859739.01630133,168333.015625
UKR-285,UKR,Ukraine,Chernihiv,13513311501.16438,6.739836966442684e-05,8.480940347663606e-05,0.2583301925387498,31835.67470365456,424470.71177081496,999117.5914600472
LKA-2463,LKA,Sri Lanka,Ratnapura,13507914996.5348,6.737145430664138e-05,8.283315580994574e-05,0.22949929851492268,3550.8329185166244,3804153.928531728,1154642.589630127
GBR-5663,GBR,United Kingdom,South Tyneside,13507790748.828535,6.737083461450774e-05,2.00935700585178e-05,-0.7017467547568303,68.64544284165474,196776219.79928246,168132.625
PHL-5528,PHL,Philippines,Davao,13504044850.827003,6.735215174626994e-05,5.0105551211978665e-05,-0.2560660659998353,2143.1356260551706,6301068.717561121,1535019.57854788
ARG-1298,ARG,Argentina,San Luis,13456034799.321096,6.711269902598562e-05,7.479618745574245e-05,0.11448635714653399,77564.97800298744,173480.80468485187,528590.417577808
COL-1315,COL,Colombia,Boyacá,13453910039.98594,6.710210167424794e-05,7.567324097902281e-05,0.12773279958329908,22546.53249603398,596717.4793885727,1172390.6836232415
MOZ-1199,MOZ,Mozambique,Niassa,13449751305.35568,6.708135976106682e-05,9.132703819539992e-05,0.36143689574409876,129418.04779478034,103924.85078034172,2145898.681557465
ITA-5379,ITA,Italy,Grosseto,13433814726.65928,6.70018752156189e-05,8.529529776953534e-05,0.2730285159190893,4620.934642092744,2907163.975938714,174082.1717082467
RUS-2305,RUS,Russia,North Ossetia,13388379872.371063,6.677526643029616e-05,6.273966167842797e-05,-0.06043562186428375,7931.56279839972,1687987.6277437173,680920.2376498543
GBR-2126,GBR,United Kingdom,Flintshire,13383814059.290758,6.675249419139835e-05,6.647734101393613e-05,-0.004121990957720256,406.6198167510252,32914810.119757928,165469.66395568848
GBR-2032,GBR,United Kingdom,Redcar and Cleveland,13355821924.551908,6.66128819102293e-05,2.085603667303754e-05,-0.6869068553265099,274.91322133240106,48581955.64338906,165589.4614906311
GBR-2015,GBR,United Kingdom,Falkirk,13350176117.760096,6.65847231444689e-05,5.9523790626243456e-05,-0.10604433246505118,274.9426866757954,48556214.67575984,165623.3369064331
LUX-907,LUX,Luxembourg,Grevenmacher,13347509802.94658,6.657142475558565e-05,7.266308323210836e-05,0.09150560467780267,475.81561774548834,28051853.081640765,60005.81059265137
MLI-2689,MLI,Mali,Kidal,13342135429.00762,6.65446197758128e-05,6.72303475708338e-05,0.010304781924236561,146482.80854095556,91083.28521211588,113979.07776376372
GBR-2074,GBR,United Kingdom,Redbridge,13336374653.669004,6.651588759822686e-05,0.00012269908384786348,0.8446582956089774,58.389611393956095,228403209.66838035,166076.9609375
GBR-2045,GBR,United Kingdom,North Somerset,13321759467.736795,6.64429935704315e-05,8.583135346911713e-05,0.2918044304872178,248.93896781729327,53514158.85002862,164963.48956298828
LAO-3278,LAO,Laos,Xaignabouri,13317340673.066969,6.642095459378224e-05,8.78840884722529e-05,0.32313799176381974,16547.745710709132,804782.7725832434,457138.5352416003
THA-419,THA,Thailand,Phetchaburi,13290162358.028963,6.628540128224717e-05,4.688131100779235e-05,-0.2927355028271015,6675.018349668966,1991030.0858855408,456229.08027099073
PNG-1253,PNG,Papua New Guinea,Morobe,13290062437.762115,6.62849029245292e-05,9.207132934855699e-05,0.38902412595199465,33938.52270216632,391592.2491497781,749049.2584381616
TZA-3391,TZA,United Republic of Tanzania,Arusha,13287363465.431206,6.627144165451726e-05,7.131974324150565e-05,0.0761761244504977,38566.01614392854,344535.54693963483,2277727.404195348
CYP-3489,CYP,Cyprus,Limassol,13246076681.682196,6.606552159464657e-05,4.391113582893768e-05,-0.3353396027301495,1169.1930015787357,11329247.32169651,231694.86455202103
GBR-2058,GBR,United Kingdom,Derby,13202817970.441212,6.584976644009578e-05,1.4778245997586589e-05,-0.7755763338806901,33.999613683998184,388322587.81384563,164344.0712890625
ITA-5389,ITA,Italy,Matera,13201970015.327948,6.5845537218252e-05,0.00010889775138472743,0.6538364782988149,3381.4534487071783,3904229.413649157,178795.40861652046
ARG-1300,ARG,Argentina,Catamarca,13185710530.177109,6.576444215945349e-05,8.217974048657564e-05,0.24960750503017048,101244.56602843355,130236.22943352861,424816.0204783414
CUB-1321,CUB,Cuba,Pinar del Río,13183524435.6962,6.575353889536955e-05,7.696978956623646e-05,0.17058018259237406,10870.30501098473,1212801.7035744535,701570.4337050207
IRQ-3062,IRQ,Iraq,Karbala',13182720978.403082,6.574953160880279e-05,4.823978880304842e-05,-0.2663097725157041,4721.37464081471,2792136.1851785397,1515487.618801057
VNM-499,VNM,Vietnam,Can Tho,13179954211.575905,6.573573221008566e-05,6.000521294357904e-05,-0.0871751036132431,1565.6618263797945,8418136.017310511,1242007.7707519531
DZA-2215,DZA,Algeria,Sétif,13151499661.339622,6.559381360669265e-05,6.0175153647117794e-05,-0.08260931422688278,6206.097581135272,2119125.5034913323,1770213.5733315945
CHE-160,CHE,Switzerland,Jura,13145949784.485918,6.556613329667051e-05,0.00010338692053008688,0.5768341875871599,704.3570175882287,18663759.22468784,77355.00495910645
CUB-1430,CUB,Cuba,Matanzas,13137925187.65816,6.552611018735651e-05,7.923401210336008e-05,0.2091975531098833,11543.194058159022,1138153.3673837823,699143.8379658684
GBR-2141,GBR,United Kingdom,Plymouth,13094218956.758093,6.530812300437862e-05,9.420515865085023e-07,-0.9855752769614073,32.50828314608136,402796385.7062844,163033.951171875
UKR-290,UKR,Ukraine,Khmel'nyts'kyy,13068015564.528366,6.517743217291151e-05,6.799128826598932e-05,0.0431722453503971,20494.478150750998,637635.9265361193,1242205.6021801787
NOR-900,NOR,Norway,Troms,13062133496.17598,6.514809503988003e-05,8.655778619446347e-05,0.3286311156370363,25503.382422048202,512172.5926394569,73251.88370751112
ROU-297,ROU,Romania,Hunedoara,13060312079.593498,6.513901062647564e-05,6.800666192367092e-05,0.04402356237246452,7060.152830000263,1849862.5163037742,378884.3119369801
GBR-5698,GBR,United Kingdom,Bedford,13034407605.638157,6.500981066601782e-05,5.834789545246567e-05,-0.10247553631215989,426.4565902079247,30564441.739036217,161173.63259887695
LAO-3293,LAO,Laos,Khammouan,13027096992.694715,6.497334858982034e-05,9.713566424884978e-05,0.4950078202382884,16259.807848868,801183.9447168901,478120.8959357345
HUN-3175,HUN,Hungary,Jász-Nagykun-Szolnok,13011883794.62494,6.489747194424783e-05,8.271866750243531e-05,0.2746053894595053,5388.034530331149,2414959.24374212,312123.96395871416
SLV-1349,SLV,El Salvador,San Salvador,12999922889.147951,6.48378162833249e-05,2.8805662170848738e-05,-0.5557274470044571,817.9058971555348,15894154.736331308,1631388.4121704102
UZB-361,UZB,Uzbekistan,Kashkadarya,12993673890.003893,6.480664906318735e-05,6.670065496638708e-05,0.029225487362462665,29040.905052760387,447426.6165740183,3239267.8120004786
PER-582,PER,Peru,San Martín,12986031262.727987,6.47685310476066e-05,6.747816629796535e-05,0.04183567554383916,52583.58614173977,246959.78756039887,932981.0919785928
ITA-5368,ITA,Italy,Savona,12975185752.156038,6.471443847890762e-05,5.774465852776491e-05,-0.10770053970899196,1604.4061240126482,8087220.285413065,189975.85536324792
CMR-799,CMR,Cameroon,Sud-Ouest,12962509750.277752,6.465121623612974e-05,9.706536369303828e-05,0.5013694922384802,24478.706054194954,529542.2773401189,1708868.5212755478
MCO+00?,MCO,Monaco,Monaco,12951360300.804398,6.459560775577351e-05,7.77648387578034e-08,-0.9987961280734161,5.089638122858745,2544652485.731124,59184.56591796875
COL-1405,COL,Colombia,Huila,12949216115.90633,6.45849135179935e-05,6.635038108230414e-05,0.027335603133056496,19143.970793909826,676412.2373204726,1145714.8660907894
LAO-3288,LAO,Laos,Houaphan,12943363605.337824,6.455572380600269e-05,0.00010967513465329967,0.698921926472174,17509.50858326604,739219.124499467,295308.0778660327
TUR-2293,TUR,Turkey,Ordu,12937430031.72199,6.452612978769292e-05,6.03881916596369e-05,-0.06412810037841843,5891.5309466106955,2195936.8709018985,525053.5756127834
RUS-2356,RUS,Russia,Kostroma,12931716947.850382,6.449763547386989e-05,7.880530235284762e-05,0.22183242492314692,60041.65458530561,215379.0903526374,626316.5388863777
MNG-3331,MNG,Mongolia,Ulaanbaatar,12906876003.773932,6.437373992602185e-05,4.460196489388565e-05,-0.3071403813862279,3959.6394487879725,3259608.9039684325,1662384.8186023626
IRQ-3226,IRQ,Iraq,Maysan,12902998563.853498,6.435440098537163e-05,6.963146686783547e-05,0.08200007772061113,16140.243663624065,799430.2213004082,1266798.3544948958
UKR-319,UKR,Ukraine,Cherkasy,12901254949.391518,6.434570461423783e-05,6.169693168564061e-05,-0.04116472023232953,21184.325069216717,609000.0463662889,1197552.9736291454
NPL-1135,NPL,Nepal,Mechi,12876743364.52153,6.422345176318899e-05,9.845192373718488e-05,0.5329590832365485,7603.1976672185065,1693595.7643242828,1418060.1247847378
PHL-2580,PHL,Philippines,Sultan Kudarat,12876336544.32248,6.422142272551305e-05,6.408251371987901e-05,-0.0021629699209209097,4570.030171096989,2817560.511035236,927760.0440055728
IMN+00?,IMN,Isle of Man,Isle of Man,12861869820.130783,6.414926915865261e-05,5.729998783698202e-07,-0.9910677099539094,519.7154930518308,24747905.32913376,70599.79843485355
DZA-2212,DZA,Algeria,Djelfa,12858748755.040762,6.413370267824802e-05,6.510305251794097e-05,0.015114515445273424,35075.85997069802,366598.24636609957,1730808.8178831516
PER-591,PER,Peru,Lima,12853157282.55502,6.410581490776851e-05,0.00021992986900951853,2.4307319753432672,32598.385498138003,394288.15526122245,980323.674863918
PHL-2513,PHL,Philippines,Bohol,12834811028.308292,6.401431197559885e-05,4.4780775520795675e-05,-0.3004568175650262,3532.152717884506,3633707.841487494,1047497.8335037231
KHM-1784,KHM,Cambodia,Kâmpóng Cham,12827461405.069693,6.39776553334511e-05,7.350167767857534e-05,0.14886482312434102,9203.218767933457,1393801.6392443145,1637676.1781345606
SDN-5856,SDN,Sudan,Southern Darfur,12811672846.398472,6.389890904585906e-05,7.583078698266211e-05,0.18673054227326125,78725.26588395503,162739.0228860391,4707352.4272528095
GTM-1947,GTM,Guatemala,San Marcos,12794875341.857857,6.381513058634744e-05,5.650105738546942e-05,-0.1146134644507455,3636.7609218609346,3518206.3426128943,1247010.1042833328
TKM-360,TKM,Turkmenistan,Mary,12786985506.274343,6.377577960600458e-05,6.354879741233742e-05,-0.0035590657624166022,85439.0769320656,149662.02779135294,1559937.1469545122
UKR-289,UKR,Ukraine,Ivano-Frankivs'k,12785163992.172174,6.376669470621549e-05,6.644839031316551e-05,0.04205480022612229,13854.470284895076,922818.680849262,1379570.7525228905
PHL-2599,PHL,Philippines,South Cotabato,12785034545.44186,6.37660490836691e-05,6.102073025526585e-05,-0.04305298615570552,3601.6320924518927,3549789.155931848,1077260.8379779905
THA-493,THA,Thailand,Narathiwat,12772158234.164394,6.37018277869634e-05,6.237127488049569e-05,-0.020887201398952726,4606.621578771803,2772565.1034634477,585283.5099730901
GBR-2002,GBR,United Kingdom,East Dunbartonshire,12763032671.750431,6.365631355243109e-05,3.63435225366083e-05,-0.429066489898545,136.7401445879652,93337861.46130587,158527.50905132294
GBR-2138,GBR,United Kingdom,Dumfries and Galloway,12746189692.831911,6.357230828700798e-05,0.0001832392547977179,1.8823753570572452,6287.514032581701,2027222.4645196106,139701.86980364472
UKR-284,UKR,Ukraine,Mykolayiv,12730544376.970366,6.349427643065194e-05,6.772688443782884e-05,0.06666125271621492,23451.41815113998,542847.5282357937,1112870.0383511975
VNM-506,VNM,Vietnam,Bạc Liêu,12708980605.526403,6.338672595799288e-05,6.162451855749606e-05,-0.027800890073809037,2433.4675333084806,5222580.713147053,908581.2705078124
FRA-5276,FRA,France,Cantal,12701067935.360558,6.334726108893955e-05,8.5129971516822e-05,0.3438619137345107,6015.878677660488,2111257.326801655,143075.8500971794
GBR-2121,GBR,United Kingdom,Telford and Wrekin,12685034445.867002,6.326729319566599e-05,3.924009695044833e-05,-0.3797727867210794,261.01033008703695,48599741.0203536,157234.9737548828
SEN-767,SEN,Senegal,Matam,12683320246.572844,6.325874353426759e-05,6.362767752468465e-05,0.005832142243185956,30267.354724926194,419042.9048669952,696648.1405325402
HUN-3158,HUN,Hungary,Veszprém,12679736504.092884,6.324086942543603e-05,7.367111220792143e-05,0.16492883284571436,5017.091508515197,2527308.1988981776,310592.06227740645
FRA-5304,FRA,France,Hautes-Alpes,12654307021.218405,6.311403850860254e-05,0.0001591665202965165,1.5218877457005369,5521.7481676805,2291721.1428231527,143313.044167839
SRB-1059,SRB,Republic of Serbia,Južno-Backi,12643331701.431282,6.305929850944437e-05,4.953186013921585e-05,-0.21451932847306443,4254.43206277302,2971802.4673757306,683266.4398877658
TUR-3010,TUR,Turkey,Zinguldak,12630504652.165115,6.299532290967592e-05,4.5543825672244694e-05,-0.27702845911995033,3357.273189166501,3762131.926863196,604236.7460328192
UZB-363,UZB,Uzbekistan,Andijon,12630125163.576448,6.299343018988031e-05,4.41488933709269e-05,-0.2991508283030557,4079.278478330577,3096166.4496965795,3148636.655825615
COL-1414,COL,Colombia,Cesar,12623244403.280657,6.295911202693793e-05,6.62908035279134e-05,0.05291833689696834,21936.47201388349,575445.513539801,1096292.3411404192
MLI-2809,MLI,Mali,Mopti,12610595652.43568,6.289602570015789e-05,6.882781434485405e-05,0.09431102488056364,81904.1280851204,153967.7663051352,2814035.5896836817
VNM-481,VNM,Vietnam,Ninh Thuận,12597803847.586147,6.283222588381755e-05,5.55800427618554e-05,-0.11542139435537568,3151.83804230243,3996970.554484266,549184.8851761073
THA-375,THA,Thailand,Chumphon,12573155850.98429,6.270929267190155e-05,5.031644460626511e-05,-0.19762378967462602,5880.907799425765,2137961.7364876866,464201.1635682583
VNM-464,VNM,Vietnam,Vĩnh Phúc,12570769449.793798,6.26973903673043e-05,5.916116931353924e-05,-0.05640140734803445,1393.5202416423497,9020873.234663868,1268338.391155481
PHL-2584,PHL,Philippines,Samar,12544236424.48664,6.256505547309179e-05,6.035990394516354e-05,-0.03524573759671068,5473.361486321457,2291870.6275542174,646871.76470083
PRY-607,PRY,Paraguay,Central,12538191034.39871,6.2534903764099e-05,3.807419796438053e-05,-0.3911528494869331,2834.0248304487777,4424164.142702039,1195149.212186724
IRL-5568,IRL,Ireland,Galway,12533166568.69603,6.250984397051944e-05,6.880556778976381e-07,-0.9889928428197303,24.452645919633063,512548482.887618,70654.98138427734
IND-3265,IND,India,Goa,12525853575.274317,6.247337002155824e-05,5.533245334722633e-05,-0.11430336912940242,3561.4267557377507,3517088.637326077,1348130.9915924072
TZA-3360,TZA,United Republic of Tanzania,Kagera,12525153922.983608,6.246988046803751e-05,8.891242621015116e-05,0.4232847180753434,29905.740598088978,418821.0581811836,2837799.7085151263
ITA-5458,ITA,Italy,Trieste,12522227740.265509,6.245528597396971e-05,1.9375345049618608e-05,-0.6897725349029077,261.0316567379199,47972065.52168511,193980.93948364255
THA-394,THA,Thailand,Phayao,12511131993.684998,6.239994533968686e-05,6.232498441958461e-05,-0.0012012978488071813,6055.435659919673,2066099.401649156,440486.3048126226
ROU-303,ROU,Romania,Sibiu,12501371566.170544,6.235126468123795e-05,6.483604867121148e-05,0.03985138076471495,5633.981897787866,2218922.920408938,385079.0787126869
UKR-286,UKR,Ukraine,Rivne,12464479175.251411,6.216726189252416e-05,6.426356886553129e-05,0.03372043273566172,20537.28218758973,606919.6041325978,1163866.9639133594
MWI-1900,MWI,Malawi,Mzimba,12461756325.491354,6.215368153254703e-05,5.5950690272633646e-05,-0.09980086628762552,10972.669256129246,1135708.73545927,1258326.3242815062
CHL-2693,CHL,Chile,Tarapacá,12456267540.118977,6.212630591958167e-05,7.289478851925852e-05,0.1733320924250017,41398.62781086802,300886.00030479615,364504.340595033
HUN-3171,HUN,Hungary,Békés,12449601976.424034,6.209306106128807e-05,6.990411023788104e-05,0.1257958464776472,5379.485507070376,2314273.727489599,291535.6210171357
ROU-126,ROU,Romania,Olt,12424751264.808205,6.196911679731077e-05,6.461299667076953e-05,0.04266447563076281,5407.562596410727,2297662.0322537073,389031.5714731789
PHL-2536,PHL,Philippines,Albay,12390524038.238836,6.179840665948027e-05,4.376425714151282e-05,-0.2918222409412379,2329.6866538662016,5318536.73011188,1295397.6369915009
TUR-3040,TUR,Turkey,Kars,12384942858.26438,6.177057022345569e-05,6.229646443604094e-05,0.00851366938467324,10519.961121007542,1177280.2879977012,320588.73559037864
GAB-2168,GAB,Gabon,Estuaire,12381214584.021511,6.17519752546644e-05,6.573593410702783e-05,0.06451548854807676,19527.702419619072,634033.3500567053,838513.7563198184
PHL-2571,PHL,Philippines,Mindoro Oriental,12368177286.510267,6.168695103043837e-05,4.791146793785583e-05,-0.223312756790091,4279.020928507962,2890422.2468532976,912990.3927776814
GBR-2090,GBR,United Kingdom,Lisburn,12362208537.883394,6.165718157486464e-05,2.4886922541162053e-05,-0.5963661992732484,447.650153987081,27615780.82298652,152741.73126220703
NER-4859,NER,Niger,Tillabéri,12345263662.169172,6.157266809367932e-05,7.41541850384482e-05,0.20433606881590394,91835.71405241192,134427.69830399053,3601073.6152522564
ARG-1302,ARG,Argentina,La Rioja,12341254866.893326,6.155267401111212e-05,6.7599258396097e-05,0.09823430877906758,90338.90272092084,136610.63501090452,413897.3251401657
IRN-3246,IRN,Iran,North Khorasan,12331893808.2802,6.150598522659002e-05,6.483041225878215e-05,0.0540504638685948,25276.663540688933,487876.64512877737,894440.5245017332
TUR-3021,TUR,Turkey,Aksaray,12317903093.406588,6.143620578186694e-05,7.120172135633024e-05,0.1589537545521018,7690.4500213565125,1601714.2116780628,419136.2397654727
UKR-325,UKR,Ukraine,Sumy,12314106280.039068,6.141726897049625e-05,6.61737031778926e-05,0.07744457360488055,23269.09974379264,529204.2414887163,1059136.7633560356
ESP-5852,ESP,Spain,Zamora,12300839852.343027,6.135110194712029e-05,7.89355620821025e-05,0.28662011890411687,10754.625941736827,1143771.984165959,159774.2929201573
IRN-3210,IRN,Iran,Bushehr,12288051721.67323,6.128732045594948e-05,8.75639136527767e-05,0.42874436345628175,23656.35824430026,519439.7038958395,950953.066923223
PHL-2596,PHL,Philippines,Davao del Sur,12287242932.97932,6.128328657873384e-05,5.484866139066944e-05,-0.10499804346814035,3931.3190140139322,3125475.9253011807,969843.4965674876
ITA-5444,ITA,Italy,Sondrio,12274014782.833014,6.121731046670086e-05,0.0001718719936427394,1.807571785373177,3390.359457015493,3620269.4547432247,165875.7420513751
NPL-1128,NPL,Nepal,Mahakali,12243491816.194038,6.106507552498347e-05,7.891101317301874e-05,0.29224458488934446,7230.587782329268,1693291.3595372892,1500487.261359036
GBR-5685,GBR,United Kingdom,Trafford,12237939544.216896,6.103738326915405e-05,3.468540001038859e-05,-0.4317351407835128,58.26950391561682,210023060.46640295,152313.68310546875
COL-1318,COL,Colombia,La Guajira,12232287487.680744,6.100919333245682e-05,7.836769815989738e-05,0.28452277237709134,20638.892697592884,592681.3839730558,1067772.5396262258
TZA-5584,TZA,United Republic of Tanzania,Katavi,12228437879.684273,6.098999320502788e-05,6.555670149706856e-05,0.07487635351407462,47609.07999671525,256850.9595339369,800044.2912046753
PHL-2592,PHL,Philippines,Compostela Valley,12213837855.259272,6.0917174796067126e-05,5.970333256885924e-05,-0.019926108380296292,4135.045920904649,2953736.9327659546,891828.622042656
THA-387,THA,Thailand,Trang,12207971454.94942,6.088791580824251e-05,5.9434726639172586e-05,-0.023866626895992393,4734.5140074342835,2578505.7211321117,521939.0362303257
VNM-509,VNM,Vietnam,Trà Vinh,12205363895.504536,6.087491046492801e-05,5.1028144924657636e-05,-0.16175408661904178,1881.3510945029507,6487552.44630677,973911.86328125
MOZ-1200,MOZ,Mozambique,Nampula,12198781036.95922,6.0842078103027116e-05,8.13063933662903e-05,0.3363513525723083,78513.6140003151,155371.5389653349,5864105.2759787645
LAO-3292,LAO,Laos,Bolikhamxai,12189711690.185238,6.0796844247030004e-05,9.632790227756606e-05,0.5844227355973626,15803.760144138581,771317.1788870923,386417.5500776842
NZL-3401,NZL,New Zealand,Marlborough District,12176788679.202606,6.0732390033027035e-05,7.600889832051763e-05,0.2515380718457323,10394.930834052344,1171416.036681374,45869.11903466098
LBY-2984,LBY,Libya,Benghazi,12173989504.055923,6.071842899606912e-05,4.888737817039081e-05,-0.19485106945774644,9830.93791906348,1238334.4909999846,877670.2826926336
TUR-2310,TUR,Turkey,Mus,12160221735.48314,6.064976150804128e-05,6.175741351485318e-05,0.01826308924009612,7706.911631034448,1577833.2901231092,410321.5432519205
KAZ-3201,KAZ,Kazakhstan,West Kazakhstan,12127996671.54806,6.048903726429323e-05,7.623247352536491e-05,0.2602692483314668,153974.0221313371,78766.51206268481,582069.724314028
GBR-2117,GBR,United Kingdom,Vale of Glamorgan,12119322232.198769,6.0445773030367686e-05,3.556038840970817e-05,-0.4116976816254333,241.34387479780133,50215992.605374284,150208.22332763672
GBR-2111,GBR,United Kingdom,Powys,12117632368.321836,6.0437344743174706e-05,0.00019882144374385293,2.289711759984396,5066.668826554761,2391636.9478921713,135800.3182895952
SWE-262,SWE,Sweden,Blekinge,12113017461.250511,6.041432764534984e-05,4.160587415510076e-05,-0.3113243865041472,2980.9229723766916,4063512.3998500356,111334.4666173458
UKR-4827,UKR,Ukraine,Kherson,12094524531.243908,6.0322093159919973e-05,8.117684213777752e-05,0.3457232314961203,26035.49577659646,464539.8203676914,954940.9096237792
RUS-2335,RUS,Russia,Pskov,12092596042.296358,6.031247471732213e-05,7.79698325622411e-05,0.2927646051281605,56095.98102409507,215569.73996233687,585928.6525557318
PHL-5545,PHL,Philippines,Caloocan,12064741650.615904,6.0173549437083065e-05,1.3346494493149834e-05,-0.7781999795922823,44.83645750437329,269083293.42118794,1747342.3125
SEN-766,SEN,Senegal,Louga,12062778036.859337,6.0163755807606544e-05,7.106359727640579e-05,0.18116956500613246,25375.635069062188,475368.5180303605,1085293.2107738853
RUS-2334,RUS,Russia,Novgorod,12060258444.897305,6.015118920685543e-05,6.74859028499269e-05,0.12193796564599801,55022.047023326915,219189.56304523328,584701.0095355458
PHL-2570,PHL,Philippines,Mindoro Occidental,11999037471.698162,5.984584630237667e-05,5.627428841967547e-05,-0.05967929444352038,5573.169726116122,2153000.547510717,493433.1448571384
PHL-2597,PHL,Philippines,Davao Oriental,11972485085.443644,5.971341484439537e-05,5.635788722776995e-05,-0.05619386573970775,5586.003730831198,2143300.5888204332,602670.7988589406
ZWE-533,ZWE,Zimbabwe,Mashonaland West,11938667947.13206,5.9544750043859924e-05,6.88966925673893e-05,0.15705738149275716,57239.21818560411,208574.9653047267,2014076.8934475617
TUR-4842,TUR,Turkey,Osmaniye,11887856406.1682,5.929132474386545e-05,5.587460372131473e-05,-0.057625985543597325,2904.2833719701425,4093215.0495025497,574728.3629201576
ROU-127,ROU,Romania,Teleorman,11863322054.789288,5.9168958343625926e-05,6.443526689257263e-05,0.08900458443703574,5784.130691328789,2051012.1032662776,353262.76550717093
MOZ-1190,MOZ,Mozambique,Tete,11861833780.608322,5.9161535495910016e-05,8.781582232979643e-05,0.4843398095349867,101304.75278752136,117090.59500384521,3241221.5313403867
CHL-2692,CHL,Chile,Magallanes y Antártica Chilena,11859767375.774498,5.9151229190393826e-05,0.0003121795134821736,4.277650485966091,118992.05222858938,99668.56738457894,120823.72827595683
THA-449,THA,Thailand,Nong Bua Lam Phu,11857177415.831966,5.913831162554618e-05,5.7938354000372886e-05,-0.020290698063401336,4338.988960061399,2732705.1359135476,532669.2418365479
TZA-3395,TZA,United Republic of Tanzania,Tanga,11838075831.31303,5.904304144292124e-05,6.703640069311211e-05,0.13538190199633093,28037.082420691768,422229.2339011837,2719199.984696582
ESP-5847,ESP,Spain,Teruel,11832001406.768091,5.901274492300877e-05,0.00013535430216768632,1.2936452514499517,14992.167775941456,789212.1795592087,126271.96016298234
LKA-2472,LKA,Sri Lanka,Kaḷutara,11829768605.060802,5.900160870411511e-05,5.8748337880266416e-05,-0.004292608784936869,1629.5131526953642,7259695.0724167405,1220231.8209648132
ITA-5435,ITA,Italy,Biella,11824711282.832592,5.897638503684305e-05,4.294530428207554e-05,-0.27182203088155976,773.1962615404079,15293285.63911405,177216.19044476002
VNM-495,VNM,Vietnam,Bà Rịa - Vũng Tàu,11810533105.486034,5.8905670612929357e-05,4.86703484133855e-05,-0.17375784186891652,1656.1978979094804,7131112.24231945,1003714.9174938202
MMR-3276,MMR,Myanmar,Magway,11760642867.122734,5.8656840359325986e-05,5.5030342445318874e-05,-0.06182566077189877,46369.709007276324,253627.70478627022,3991924.791922054
LTU-1071,LTU,Lithuania,Panevezio,11732685371.551094,5.851740084287093e-05,4.822851896022881e-05,-0.17582602327587138,7771.481311088273,1509710.2987059897,217904.50456888977
LBN-3060,LBN,Lebanon,South Lebanon,11702791131.125902,5.836830170704173e-05,5.372268514620134e-05,-0.07959142933706309,1026.641234418184,11399104.905189283,768309.0414886475
CMR-1477,CMR,Cameroon,Nord-Ouest,11692454629.954784,5.8316747850171955e-05,6.679456270171526e-05,0.14537530236296092,17007.212416248552,687499.7703200266,2102625.792159956
FRA-5348,FRA,France,Territoire de Belfort,11689954619.774591,5.830427891461349e-05,4.46133179268581e-05,-0.23481914608369958,696.84978340192,16775429.79593955,147200.55584716797
IRN-3234,IRN,Iran,Zanjan,11688500859.722528,5.8297028207976266e-05,6.562092355320517e-05,0.12563068084878526,22387.55551862974,522098.1294717941,917561.0386534482
PHL-2576,PHL,Philippines,Maguindanao,11667577419.901272,5.819267142380809e-05,6.2332585119435e-05,0.07114149590206242,4876.067882020593,2392825.0594957564,697170.7295575552
GBR-2133,GBR,United Kingdom,Newport,11643079512.066458,5.807048678770955e-05,3.072910739744375e-05,-0.4708308971167867,142.5690423822367,81666253.18875763,144611.76733398438
NZL-3403,NZL,New Zealand,Tasman District,11641099345.293064,5.806061059916917e-05,6.182037051315165e-05,0.06475577633756902,9542.508002670456,1219920.3125672329,49166.043004061095
UKR-293,UKR,Ukraine,Transcarpathia,11605946935.078691,5.788528605802915e-05,8.788312640534314e-05,0.518229111232889,13348.741760739935,869441.2659336188,1242921.8657579755
MLI-2810,MLI,Mali,Ségou,11581523015.726591,5.7763470443477145e-05,5.93853770059097e-05,0.028078412705822897,61464.89384006893,188425.00640872502,3250192.8710666616
LKA-2468,LKA,Sri Lanka,Mŏṇarāgala,11561315548.240616,5.766268460993188e-05,7.7151526181066e-05,0.3379801287950672,5899.199284315851,1959810.9829885866,490819.7094762512
GBR-5700,GBR,United Kingdom,West Berkshire,11560115749.47523,5.7656700548903946e-05,9.342806715487267e-05,0.6204199384532547,685.3811952939657,16866695.247623477,142167.57121276855
PER-579,PER,Peru,Huánuco,11556398337.267378,5.763815975509791e-05,5.61837532343628e-05,-0.02523339618951781,36180.544416523066,319409.1886574752,860494.5118479915
GHA-2156,GHA,Ghana,Upper East,11554591715.20366,5.7629149130153464e-05,4.992772918911822e-05,-0.13363757850461844,8812.436852588091,1311168.7389635292,1102957.26546444
IRL-3412,IRL,Ireland,Monaghan,11546277495.629808,5.75876815117787e-05,5.848330790277877e-05,0.015552395364569094,1318.0454604391678,8760151.180053102,64009.773283958435
PHL-2594,PHL,Philippines,Surigao del Sur,11545671823.41941,5.758466068897533e-05,5.457201535216074e-05,-0.05231680278688111,5057.142264918149,2283042.718317967,591161.3489265442
ALB-1529,ALB,Albania,Tiranë,11543050020.26494,5.7571584304391345e-05,3.40004019386743e-05,-0.4094238963633857,1669.5931583994548,6913690.29765947,998820.1259217858
ROU-304,ROU,Romania,Vâlcea,11512226221.527164,5.7417848946362227e-05,6.17951880078631e-05,0.07623655608537394,5522.144396196162,2084738.3544438228,344221.2498204708
PNG-1241,PNG,Papua New Guinea,Sandaun,11503090451.8709,5.737228380265863e-05,7.720071699181331e-05,0.34560996834913915,37098.17961254218,310071.5607075751,252352.65871546045
ITA-5430,ITA,Italy,Fermo,11462452878.089724,5.716960171250381e-05,3.354833517108209e-05,-0.41317878442129174,841.3248646820389,13624288.737052504,171822.8176422119
ITA-5412,ITA,Italy,Enna,11458051189.567986,5.7147648053690416e-05,0.00012616989342430568,1.2077880319023562,2715.7838595704497,4219058.578314212,158537.97655383404
ROU-294,ROU,Romania,Alba,11454153680.246262,5.712820901581924e-05,6.473569362651424e-05,0.1331651165291814,6064.054972231795,1888860.4626271573,328573.8280439377
KHM-1788,KHM,Cambodia,Kâmpóng Thum,11451130809.259075,5.711313228379655e-05,6.102798409907889e-05,0.06854556314350524,13399.783317305377,854575.8194813732,660029.7707172818
UKR-320,UKR,Ukraine,Kirovohrad,11450653915.439472,5.7110753750160175e-05,6.372678772481315e-05,0.11584567774391208,24486.396157319497,467633.2867389565,912126.165027902
CIV-3447,CIV,Ivory Coast,Sud-Bandama,11393959532.504574,5.6827987458669476e-05,6.917693649562328e-05,0.21730400088398505,10785.445447480417,1056419.9307286202,958629.8097327352
VNM-510,VNM,Vietnam,Vĩnh Long,11392132557.287989,5.68188753212778e-05,5.473686555944639e-05,-0.03664292455735618,1432.6926734415626,7951553.580519274,1089367.015625
ROU-316,ROU,Romania,Vaslui,11386507330.342192,5.679081919860894e-05,5.7375079587046404e-05,0.010287937323006036,5252.535953788278,2167811.4020580705,349166.6244523823
GUM+00?,GUM,Guam,Guam,11383640520.582155,5.677652083037049e-05,1.1692826039138733e-05,-0.794055256149403,534.1741248579781,21310729.948981985,154581.23627245426
GBR-2069,GBR,United Kingdom,Hammersmith and Fulham,11361460942.321028,5.6665898988010404e-05,4.300540563332514e-05,-0.2410707956398187,17.600235550172304,645528914.083755,141577.25
LKA-2451,LKA,Sri Lanka,Ampāra,11353095355.519876,5.662417517282008e-05,5.460820961582975e-05,-0.03560255934567691,4533.953231285999,2504016.864836454,649746.8620202541
THA-401,THA,Thailand,Phichit,11342067592.472086,5.656917361007192e-05,5.216828647845728e-05,-0.07779656040142469,4048.8577120336295,2801300.613445188,494736.4436035156
TUR-2311,TUR,Turkey,Bitlis,11332940886.28487,5.652365367090886e-05,6.87272737871706e-05,0.21590288885629128,9012.579032880429,1257458.142107726,316876.8310386874
ITA-5436,ITA,Italy,Vercelli,11327136314.33475,5.649470305536179e-05,0.00025792388259360195,3.565452487481,2204.988175689515,5137050.819237466,160255.10360431392
GBR-2127,GBR,United Kingdom,Wrexham,11323618533.486193,5.6477157933723094e-05,4.0881416074989584e-05,-0.27614246943933296,566.6397956921495,19983803.854888823,139183.6652789116
GBR-2043,GBR,United Kingdom,Bath and North East Somerset,11299014820.991352,5.6354445591178365e-05,4.5177577610139776e-05,-0.1983316109987283,263.20389068411885,42928753.0348544,139915.9341430664
ZWE-532,ZWE,Zimbabwe,Masvingo,11291143304.163494,5.631518597661697e-05,5.877804242385995e-05,0.043733433611772066,55844.34331713331,202189.56179755664,1874973.0678248715
UKR-318,UKR,Ukraine,Volyn,11287504076.013264,5.6297035130013515e-05,7.105080720792857e-05,0.26207014354916547,19619.449622344302,575322.1570067945,1014419.6641370654
UZB-365,UZB,Uzbekistan,Namangan,11273548554.218536,5.622743121266876e-05,4.9470737958139054e-05,-0.12016720502442824,7488.559283166332,1505436.2431984148,2810447.858538159
TUN-114,TUN,Tunisia,Sfax,11247521308.14444,5.609761891964955e-05,5.3710022968923664e-05,-0.04256144907229875,7072.916396748438,1590223.9864329728,1013807.7780395
AGO-1874,AGO,Angola,Lunda Norte,11242220702.202692,5.60711818617399e-05,5.5630592661407514e-05,-0.007857676362499122,105253.62336283429,106810.77138264477,1032641.0039593228
TUR-3043,TUR,Turkey,Siirt,11239097990.058804,5.6055607166565355e-05,6.340740929477696e-05,0.13115194892753967,6512.9203340833,1725661.8250406892,405224.6304884888
ZWE-527,ZWE,Zimbabwe,Midlands,11166007550.92338,5.569106466080279e-05,5.383869375409957e-05,-0.033261545958681804,49124.99824250007,227297.87176385493,1965543.0395332724
AGO-1887,AGO,Angola,Benguela,11158319388.3885,5.5652719535662926e-05,6.648500190285706e-05,0.19464066549798487,39577.98730906593,281932.46162956144,2418844.937773132
AGO-1879,AGO,Angola,Cuanza Sul,11156837202.368708,5.564532705297911e-05,6.371422807549724e-05,0.1450059052548267,55190.69835064982,202150.6800201115,2084180.3316558823
LAO-3291,LAO,Laos,Phôngsali,11153931248.811764,5.56308334529432e-05,0.00011454428250632757,1.059007126025136,15397.147066960442,724415.451791464,202175.20761477016
AGO-1876,AGO,Angola,Malanje,11143810987.220606,5.5580358102636736e-05,5.7381309324709616e-05,0.03240265596610903,85359.29307186052,130551.81909530441,1437162.1885436312
HND-639,HND,Honduras,Francisco Morazán,11126881400.532986,5.549592087629589e-05,4.395909739426722e-05,-0.2078859725158001,8313.751532816768,1338370.6930152993,2088524.2628894448
MWI-1901,MWI,Malawi,Nkhata Bay,11123782656.107582,5.548046572140947e-05,5.180185633548056e-05,-0.06630458735513767,10563.614376851921,1053028.0886136056,420690.8775333688
VEN-31,VEN,Venezuela,Zulia,11104814411.532137,5.538586057894155e-05,9.409507271469009e-05,0.6989006170731291,45531.746824451795,243891.68406709464,3730845.273772835
COG-4855,COG,Republic of the Congo,Brazzaville,11100468662.399267,5.536418592084603e-05,4.059795678257219e-05,-0.2667108509350262,6055.839135751431,1833019.0768883228,2815348.609949338
GBR-2679,GBR,United Kingdom,Southend-on-Sea,11095973026.166124,5.5341763692756926e-05,6.0590009303084976e-06,-0.8905166636187004,28.36007285209787,391253332.9527511,138178.587890625
GBR-2006,GBR,United Kingdom,North Ayshire,11091529143.825129,5.531959958999515e-05,1.9052831992679344e-05,-0.6555862274150452,517.1660532543506,21446746.309101105,136852.22145462036
GRC-3013,GRC,Greece,Notio Aigaio,11088829441.045427,5.530613467683048e-05,3.4926684024932e-05,-0.3684844506126024,3724.974730533771,2976887.158495288,240059.90333336592
HUN-3162,HUN,Hungary,Fejér,11076469283.784054,5.52444877261078e-05,0.00010518431665303402,0.9039784959997978,4114.7140437703765,2691917.145628548,276056.04417823255
RUS-3468,RUS,Russia,Kamchatka,11047520260.27672,5.510010291061654e-05,0.00030023255075813083,4.44885644306633,465390.3827938929,23738.179104507468,288652.19167312
GBR-2112,GBR,United Kingdom,Bridgend,11047163402.459814,5.509832306301521e-05,2.532166333425973e-05,-0.5404276949536253,238.67474553134508,46285430.734895214,136840.06048583984
EGY-1536,EGY,Egypt,As Suways,11033003037.587502,5.502769747977715e-05,0.00010894652291479592,0.9798488380298687,9229.021692508384,1195468.317789684,439955.7250371607
GBR-2118,GBR,United Kingdom,Neath Port Talbot,11027418201.014786,5.499984280627163e-05,5.7917911815570905e-05,0.05305595180658451,494.25163349965453,22311343.966498986,136136.0900001526
IRN-3235,IRN,Iran,Qazvin,11012230952.9847,5.492409558792112e-05,7.001806357032333e-05,0.2748150483104479,15765.064302012335,698521.1567820272,1092041.558163623
AGO-1886,AGO,Angola,Bié,10991564308.854198,5.4821019586105384e-05,5.700469684125085e-05,0.039832846445251535,72166.20980200883,152309.014689978,1672269.619561165
ROU-307,ROU,Romania,Harghita,10981942760.589256,5.47730315954009e-05,7.004783144732646e-05,0.2788744644400536,6818.2801282230375,1610661.7144008926,304084.79655618966
TUR-2241,TUR,Turkey,Kirklareli,10979475350.784445,5.476072525597226e-05,8.116579110691622e-05,0.48218984915770813,6931.442047879747,1584010.2643782396,374559.2136800309
TUR-2240,TUR,Turkey,Edirne,10975407443.635044,5.4740436349748774e-05,5.5524628051889445e-05,0.014325638493823734,5403.534626700803,2031153.3471816059,430818.5354446769
TGO-86,TGO,Togo,Plateaux,10966768181.881924,5.469734756598068e-05,7.151263380738593e-05,0.30742416204224887,17456.59786236142,628230.5560539736,1786993.361874387
TUR-2268,TUR,Turkey,Bolu,10960082104.462276,5.466400039437914e-05,0.00010875116497716813,0.9894476107231724,8467.978244171394,1294297.385802358,310725.37458617985
TZA-5586,TZA,United Republic of Tanzania,Geita,10953408578.459295,5.463071582364492e-05,5.4569579254573105e-05,-0.001119087827243015,23994.495659910826,456496.7204857684,2745078.5845085448
TZA-3386,TZA,United Republic of Tanzania,Iringa,10933787489.412708,5.453285458417992e-05,5.772256174661669e-05,0.05849147613413419,38597.65480221433,283275.9540816827,1141041.886710629
ITA-5376,ITA,Italy,Nuoro,10899476801.695349,5.436172817937411e-05,6.360915457380262e-05,0.17010913199660127,4122.437805441006,2643939.6580609796,138897.47941349074
COL-1403,COL,Colombia,Caquetá,10890084732.342178,5.431488472711414e-05,6.244382566412087e-05,0.14966322726905723,89883.65084719406,121157.57014427212,536927.668523889
ROU-301,ROU,Romania,Satu Mare,10887822980.456003,5.430360411764247e-05,5.4606302452438676e-05,0.005574184986698816,4714.8942616055365,2309240.117878791,338774.49089482427
PRT-736,PRT,Portugal,Madeira,10887394573.203585,5.430146741337402e-05,1.919242542622284e-05,-0.646557886177936,711.5959145600127,15299967.79132069,239475.02147853377
CYM+00?,CYM,Cayman Islands,Cayman Islands,10882109923.566109,5.4275109938392196e-05,2.701200127635813e-06,-0.9502313283068067,200.0322632519147,54401773.72717871,52202.29794216156
TZA-3394,TZA,United Republic of Tanzania,Mara,10872655981.545927,5.422795789286972e-05,6.192697002603298e-05,0.14197495963932627,28544.044895789884,380908.0325244862,2190687.978657078
PHL-2540,PHL,Philippines,Masbate,10866193478.305452,5.419572580954051e-05,3.639893831726585e-05,-0.328379908681687,3704.0094717984775,2933630.0463155634,751816.4509439468
THA-392,THA,Thailand,Lamphun,10858539063.022018,5.415754900063668e-05,5.066631577616409e-05,-0.06446438749345074,4246.0574708268705,2557322.67818491,473525.5361515283
ROU-278,ROU,Romania,Caras-Severin,10849142740.125849,5.4110684333601676e-05,6.287078557335143e-05,0.16189226485738417,8615.885861261615,1259202.235826418,261756.1367722149
GBR-2122,GBR,United Kingdom,Blackburn with Darwen,10845859194.055595,5.409430747054823e-05,2.4750889065949776e-05,-0.542449284900718,76.75003664205755,141314058.84062174,134775.02694702148
ZWE-529,ZWE,Zimbabwe,Manicaland,10832543490.122982,5.4027894679285704e-05,4.9868041260764415e-05,-0.07699454963430541,34551.94807090164,313514.6958398489,2132656.918358572
ITA-5437,ITA,Italy,Verbano-Cusio-Ossola,10795084772.777931,5.384106730698991e-05,0.00020841335839730742,2.87089946061025,2406.5008692130014,4485801.318787078,150461.66278462263
THA-388,THA,Thailand,Yala,10791514657.591955,5.382326116502181e-05,7.468102666030687e-05,0.3875232574877854,4485.16537749461,2406046.098487463,417553.937450625
BEN-2182,BEN,Benin,Donga,10784390042.91083,5.3787726765185486e-05,5.18933056115306e-05,-0.035220323809651344,11006.31440328849,979836.6326595801,710047.1809106022
ITA-5431,ITA,Italy,Ascoli Piceno,10774981107.253868,5.3740799191326036e-05,4.152800733199394e-05,-0.22725363305172597,1198.5227403594479,8990218.328291671,158680.42347478867
ECU-1281,ECU,Ecuador,Los Rios,10771554319.600803,5.372370790315564e-05,5.998832105167566e-05,0.11660798170917097,7491.435350785586,1437849.1991486317,929832.3836889268
LKA-2462,LKA,Sri Lanka,Puttalama,10745565242.2503,5.359408597870316e-05,4.6402941212800936e-05,-0.13417795330551574,3049.5533157647196,3523652.197422131,815216.5875058174
HUN-3157,HUN,Hungary,Somogy,10742733094.514894,5.357996048918132e-05,6.769855313914965e-05,0.2635050963283019,6068.618692127781,1770210.5931371795,227397.59464148432
SDN-874,SDN,Sudan,Khartoum,10734121942.32702,5.353701190338539e-05,4.553717553334466e-05,-0.14942627699277444,21455.34509544974,500300.59617188445,7520047.041163238
ROU-123,ROU,Romania,Gorj,10725717684.4246,5.349509521399258e-05,5.3852209077272814e-05,0.0066756374925904804,5496.123717847122,1951505.867598256,314738.53039819375
PNG-1240,PNG,Papua New Guinea,Madang,10720264265.890818,5.3467895995041475e-05,7.640415781390239e-05,0.42897258985070197,29288.47256150125,366023.3302839513,505282.1604567692
HUN-3156,HUN,Hungary,Gyor-Moson-Sopron,10671843737.652508,5.3226395999923975e-05,0.00010165874872194253,0.9099310936266984,3947.9205962730994,2703155.6175995283,266067.70887997746
ESP-5806,ESP,Spain,Ávila,10660496771.601608,5.31698023949884e-05,0.000124876895269454,1.348643208070761,8170.214357077234,1304800.132002318,145307.39350508712
AGO-1889,AGO,Angola,Cunene,10621739680.475807,5.297649931346101e-05,5.515014359325355e-05,0.04103034945610751,77151.46483036337,137673.85627518978,1458537.801998634
ITA-5373,ITA,Italy,Oristrano,10596029411.480522,5.284826796071178e-05,5.3203584183533964e-05,0.0067233276800353625,2945.7852466535714,3597013.5377375763,141186.69324206654
DZA-2216,DZA,Algeria,Batna,10592021786.175898,5.282827971343913e-05,5.125585813154963e-05,-0.02976476974868225,12155.11924284278,871404.1857230425,1425703.6245098934
THA-405,THA,Thailand,Uthai Thani,10590121831.547878,5.2818803587298335e-05,6.488689534291808e-05,0.2284809752586261,6763.837975700061,1565697.1485115734,255507.20678508
ITA-5424,ITA,Italy,Rieti,10587694963.978527,5.280669945445483e-05,0.00016864044950697595,2.193542699112002,2736.8267946324963,3868602.494225526,144020.67770971358
TUR-3020,TUR,Turkey,Nigde,10584000999.616394,5.278827560804348e-05,5.9866972124425025e-05,0.13409599830351238,6703.376496939989,1578905.9445561299,360520.49575006624
NPL-1125,NPL,Nepal,Dhawalagiri,10582943640.023775,5.278300197006914e-05,5.639627427195419e-05,0.06845522548971306,7783.901953461378,1359593.6463867852,354638.44177897274
TUR-2300,TUR,Turkey,Erzincan,10579993880.788267,5.2768289886849666e-05,5.4568719682365965e-05,0.0341195403409309,11320.514705755886,934585.9402849321,187027.0795449689
KAZ-3198,KAZ,Kazakhstan,Atyrau,10566060578.098574,5.269879678848918e-05,7.817159924432046e-05,0.4833659212005996,112057.79190500986,94291.17242516528,522908.3031204161
CIV-3444,CIV,Ivory Coast,Marahoué,10564642595.416315,5.269172452341275e-05,5.203809914214169e-05,-0.01240470656792847,8652.18327944117,1221037.7721100089,1081663.4195809066
CHL-2691,CHL,Chile,Aisén del General Carlos Ibáñez del Campo,10552726012.17814,5.263228992204548e-05,0.00016881006427064708,2.2073478946227563,100344.99536473492,105164.44765203282,120134.49330011565
FRA-5284,FRA,France,Creuse,10532122295.405506,5.252952777381975e-05,8.480583195024486e-05,0.61444116374698,5586.120624677399,1885409.0348279474,116019.39088773727
HKG-5155,HKG,Hong Kong S.A.R.,Eastern,10531686246.792055,5.252735295785117e-05,4.881976136213457e-06,-0.9070584017410731,6.5562549291149095,1606357037.7690952,91072.75604317489
THA-446,THA,Thailand,Nong Khai,10531312207.744194,5.252548741793414e-05,4.117298281895917e-05,-0.2161332556258927,3429.0947938734985,3071163.9195742514,499563.4886369705
ECU-1266,ECU,Ecuador,Azuay,10531242210.696491,5.252513830388493e-05,5.271325679692921e-05,0.0035814944828116424,8672.133267374435,1214377.3493791013,893923.2881767713
ROU-317,ROU,Romania,Vrancea,10517426669.775452,5.2456232548694576e-05,5.659889704966037e-05,0.07897373295194621,4602.0077121915265,2285399.6184997563,323145.4696773961
TUR-2308,TUR,Turkey,Bingöl,10514593494.914127,5.2442101936326835e-05,6.063493119072131e-05,0.156226179956362,8494.71205517082,1237781.0367937998,290681.2441077959
THA-383,THA,Thailand,Phatthalung,10479697458.944927,5.226805607555668e-05,4.95151343761222e-05,-0.05266929566798828,3310.497430454089,3165596.010599369,515523.0948523655
EGY-1539,EGY,Egypt,Dumyat,10466286605.230335,5.2201168719626666e-05,2.955137830520856e-05,-0.43389431635277176,732.5494267317326,14287481.804368677,1412996.5743141174
RUS-2280,RUS,Russia,Karachay-Cherkess,10463096216.115791,5.2185256481912256e-05,5.526245962703354e-05,0.058966906604892566,14411.284166301695,726034.9664453872,527198.1003869057
SEN-759,SEN,Senegal,Dakar,10438946806.3609,5.206480999877616e-05,1.618141103342576e-05,-0.6892063750197854,509.828072303493,20475425.684576176,3470679.3704071045
VNM-461,VNM,Vietnam,Đồng Bằng Sông Hồng,10438126130.879372,5.2060716835566396e-05,5.15623454970723e-05,-0.009572886598319341,764.133552597015,13660080.879060915,1139763.6865234375
GBR-2026,GBR,United Kingdom,Scottish Borders,10437504299.52694,5.205761541817092e-05,0.00029283431846805337,4.625196546475665,4404.404354098889,2369787.9350730916,116118.21961081028
IRN-3218,IRN,Iran,Chahar Mahall and Bakhtiari,10431779706.817492,5.202906370339868e-05,5.184425660288343e-05,-0.003551997429144138,15001.562918348243,695379.5256931862,1016908.4994987892
GBR-2754,GBR,United Kingdom,Kingston upon Thames,10426777929.034033,5.200411706703943e-05,3.3991333781181114e-05,-0.3463722547704775,18.686160025718156,557994682.4111235,129849.1796875
PER-586,PER,Peru,Ayacucho,10417174294.40267,5.195621842154821e-05,5.673877419531316e-05,0.09204972800294198,43975.560964866934,236885.53518908343,742893.9900465254
LKA-2467,LKA,Sri Lanka,Badulla,10396666106.316648,5.185393272779726e-05,4.915407193860514e-05,-0.05206665429534152,2717.7790822954585,3825427.2299187537,838013.3909801245
ESP-5839,ESP,Spain,Palencia,10393976627.586872,5.1840518807632805e-05,8.04121817149444e-05,0.5511453890601268,8061.902500586298,1289270.9415464867,140919.07698526327
LKA-2464,LKA,Sri Lanka,Gālla,10385290820.953968,5.179719787876738e-05,4.027014101686997e-05,-0.22254209366454092,1646.4539318183702,6307671.669552446,1042469.7359924316
CMR-798,CMR,Cameroon,Ouest,10374183292.122353,5.1741798479871935e-05,5.11845838275497e-05,-0.010769139625848134,13913.292881459436,745631.0580471408,1979546.6514340204
UKR-292,UKR,Ukraine,Ternopil',10371753882.841694,5.1729681670106245e-05,5.405762358964405e-05,0.045002053837943645,13834.447434045775,749704.9616392634,1046481.2516093412
TKM-353,TKM,Turkmenistan,Tashauz,10371367616.11908,5.172775514400215e-05,5.484034036243302e-05,0.06017243953011131,72898.84110721896,142270.67891058742,1265245.9487943137
NZL-3396,NZL,New Zealand,Gisborne District,10368376548.89148,5.171283703494505e-05,6.671275590056272e-05,0.29006180526281033,8286.693127956736,1251207.977511776,45301.46915301564
PER-589,PER,Peru,Ica,10367160772.327951,5.170677328378746e-05,6.001092751082045e-05,0.16060089809620237,20535.067843439985,504851.5471858928,806080.1052268716
HTI-1388,HTI,Haiti,Ouest,10356913322.239897,5.165566357399553e-05,4.161781051783388e-05,-0.1943224103932507,4750.175324040812,2180322.328277691,2870910.0009856224
TUR-3047,TUR,Turkey,Hakkari,10350234564.552364,5.162235290995255e-05,5.8541821562553835e-05,0.13404016404814523,7641.204171164857,1354529.2512416313,316821.17944320105
TUR-3012,TUR,Turkey,Karaman,10346263927.074793,5.1602549141461475e-05,6.997251120457355e-05,0.35598943014914397,8776.623812866528,1178843.2713621806,260123.24364787713
GBR-2030,GBR,United Kingdom,Hartlepool,10292433436.15722,5.1334066665810154e-05,1.4419668942423302e-05,-0.71910137109735,82.76728245835747,124353888.76438744,127952.0326385498
TUR-2292,TUR,Turkey,Giresun,10283469794.580162,5.128936002018166e-05,5.1671665448069045e-05,0.007453893511967236,6783.3997227918335,1515975.7960345892,339224.75400555134
TKM-359,TKM,Turkmenistan,Chardzhou,10271223345.633833,5.12282801958107e-05,6.356347776871496e-05,0.24078882847043137,93377.88352274359,109996.31773761634,1253028.9358393878
GBR-2050,GBR,United Kingdom,Bournemouth,10262448324.949396,5.11845143070534e-05,1.0297295902898183e-06,-0.9798820091539304,13.911196130423457,737711425.2961802,127851.20703125
UZB-362,UZB,Uzbekistan,Surkhandarya,10258018929.394093,5.116242245791631e-05,4.70152908036827e-05,-0.08105815665090599,19555.09512196312,524570.1371134163,2557280.6285711653
CHL-2701,CHL,Chile,Los Ríos,10238654026.941849,5.106583896290256e-05,5.522702076507119e-05,0.08148660409146657,16178.213941804574,632866.7715590732,348085.52634021547
TZA-3382,TZA,United Republic of Tanzania,Pwani,10232966757.321304,5.103747339904845e-05,8.159334424173442e-05,0.5986948178993448,31393.327635434496,325959.92613956216,1550544.5896415897
ITA-5375,ITA,Italy,Olbia-Tempio,10228748849.862318,5.101643635819384e-05,4.734710794306296e-05,-0.07192443606542787,3352.8718074409576,3050742.5983784623,132787.00906034396
TUR-2290,TUR,Turkey,Amasya,10201791909.77476,5.0881987166159265e-05,6.106862779774918e-05,0.20020131285998333,6304.889085940763,1618076.3484838582,354525.992628634
THA-473,THA,Thailand,Mukdahan,10198180863.293922,5.0863976877151285e-05,4.9089991891668244e-05,-0.03487704057761032,4138.1209284845145,2464447.2792216726,422822.7196035385
COD-1884,COD,Democratic Republic of the Congo,Kinshasa City,10171390476.463814,5.0730358378467734e-05,4.464230571739775e-05,-0.12000807515789258,10831.811603774679,939029.4854204516,10467088.91740486
BGR-2254,BGR,Bulgaria,Burgas,10168719005.378614,5.071703427240147e-05,5.119483959445911e-05,0.009421002803345235,7505.858408188832,1354770.9605452486,392317.35565404594
FRA-5281,FRA,France,Corse-du-Sud,10121536515.43478,5.048170906002487e-05,4.353043299908073e-05,-0.13769890501684046,3898.4469712436944,2596299.652167842,116154.965580598
PHL-2574,PHL,Philippines,Lanao del Sur,10118031545.669094,5.0464227834352685e-05,5.6588317609129204e-05,0.12135506749213842,3920.2477081221996,2580967.4028266026,653459.4878997505
GBR-2056,GBR,United Kingdom,North East Lincolnshire,10110175189.90968,5.0425043836437544e-05,1.0090619663961246e-05,-0.7998887279762823,201.71973721756123,50119910.57179263,125492.25774383543
DOM-1984,DOM,Dominican Republic,San Cristóbal,10096067335.98814,5.0354680154397524e-05,4.510269091175235e-05,-0.10429992259987597,1242.3078633996306,8126864.228613835,608445.5507628918
THA-377,THA,Thailand,Phuket,10088588129.761368,5.0317377210109956e-05,1.3503759688425285e-05,-0.7316283074128105,643.5929844209763,15675416.566011522,698224.5324707031
KHM-1780,KHM,Cambodia,Pouthisat,10078426502.862146,5.026669554809938e-05,5.796391104934095e-05,0.1531275413534241,12641.232930672524,797266.1019802889,441977.247936992
LBY-2975,LBY,Libya,Az Zawiyah,10063351502.896418,5.019150817302156e-05,3.68141546114288e-05,-0.26652623219605154,3324.930879701072,3026634.798435618,725506.1749018133
TZA-5585,TZA,United Republic of Tanzania,Simiyu,10057139563.708357,5.01605257914126e-05,5.182656478881636e-05,0.0332141454085193,24457.694944237744,411205.5361978349,2228662.199334626
SEN-5517,SEN,Senegal,Saint-Louis,10030034283.705952,5.002533674605518e-05,4.5663128425254656e-05,-0.08719997914145994,18659.430313903216,537531.645659757,1133242.320703946
COD-1559,COD,Democratic Republic of the Congo,Orientale,10014449359.21857,4.994760609493371e-05,8.472637518409033e-05,0.6963050245702225,500373.9325998152,20013.930995937477,10305585.273158384
IRN-3232,IRN,Iran,Qom,10011912374.15206,4.9934952745136284e-05,6.37432846355424e-05,0.27652638345093994,11330.329762186855,883638.2156824067,1105579.0260624592
PNG-1244,PNG,Papua New Guinea,Gulf,9995027948.218172,4.985074076048946e-05,6.98571464298522e-05,0.40132614609449013,34093.746801011315,293163.0837336333,105963.26117521383
PRT-741,PRT,Portugal,Viana do Castelo,9987073196.28567,4.9811066006356144e-05,9.262665408506767e-05,0.8595597627492664,2244.1332555239064,4450303.105531996,212192.16080015895
ESP-5843,ESP,Spain,Segovia,9970861708.837564,4.973021033868775e-05,0.0002589388901117631,4.206873012365301,6767.724156402342,1473296.1152686786,139970.88498425484
MWI-1910,MWI,Malawi,Mangochi,9965382306.625923,4.970288152474244e-05,4.683055275003456e-05,-0.05778998493835841,8645.086647158254,1152722.085197569,1132289.01891483
CUB-1368,CUB,Cuba,Las Tunas,9961503868.97068,4.968353760783607e-05,4.962801432777852e-05,-0.0011175387810707926,6584.952473068971,1512767.7701108812,530108.3654675186
KHM-1791,KHM,Cambodia,Preah Vihéar,9948103860.037624,4.9616704340838644e-05,6.0519335077783616e-05,0.2197371002727242,13726.144743686875,724755.8615912964,261388.9664770048
ROU-313,ROU,Romania,Braila,9932040484.489084,4.953658738925459e-05,4.965658253760561e-05,0.002422353954423917,4721.402904293946,2103620.6156979846,298859.58662620443
COD-1872,COD,Democratic Republic of the Congo,Kasaï-Occidental,9920323084.964497,4.9478146227397564e-05,4.9328561511610855e-05,-0.0030232481851528714,152803.04058945723,64922.28850090668,10208722.598938843
CAN-687,CAN,Canada,Prince Edward Island,9914824789.44704,4.94507231820709e-05,4.6981625921425675e-05,-0.049930458075493456,5693.273856896026,1741497.9568280606,112920.76215060848
THA-428,THA,Thailand,Yasothon,9885239590.28859,4.930316540622113e-05,5.334203059160469e-05,0.08191898333720227,4109.207086584785,2405631.885178203,399947.3690719605
MWI-1909,MWI,Malawi,Lilongwe,9871874588.715054,4.923650674031668e-05,4.544884298806988e-05,-0.07692795454039225,6328.338101783853,1559947.403241988,3039485.5835358053
VNM-466,VNM,Vietnam,Ninh Bình,9867655400.602932,4.921546331213551e-05,4.1666291453430486e-05,-0.15339024263220857,1158.7147857132775,8516034.767372573,920743.3722949922
NOR-1062,NOR,Norway,Finnmark,9855793598.972298,4.915630193698933e-05,0.00010368295347049416,1.1092504803025958,47719.98676267994,206533.87118456105,48344.72087918129
TJK-366,TJK,Tajikistan,Gorno-Badakhshan,9849971362.968174,4.912726322102059e-05,6.838759102042792e-05,0.3920496794774886,63932.085740661176,154069.29476576633,269813.5080572581
KAZ-3204,KAZ,Kazakhstan,North Kazakhstan,9828311487.389357,4.9019233423807606e-05,5.5273934809971304e-05,0.12759688288242232,98658.35470858915,99619.65731558777,490718.6279197624
HND-647,HND,Honduras,Cortés,9822864093.03124,4.899206425075742e-05,3.1218232994508715e-05,-0.3627900054440739,3977.3557621405066,2469697.1255457513,2002042.023318559
RWA-3494,RWA,Rwanda,Northern,9817930043.325624,4.896745541183787e-05,4.6658510935470086e-05,-0.04715263345723286,3213.678343314753,3055044.405346089,1872867.875366211
ZWE-528,ZWE,Zimbabwe,Mashonaland East,9816173236.23816,4.8958693241773205e-05,6.524785559989591e-05,0.3327123597372539,32713.514225439914,300064.7734936572,1912839.1772010624
GBR-5702,GBR,United Kingdom,Bracknell Forest,9792081113.522585,4.8838532480834256e-05,2.8236736480775686e-05,-0.4218348700003086,86.72167082227222,112913889.00463553,121717.26611328124
TUN-102,TUN,Tunisia,Manubah,9771520522.829329,4.8735985426254505e-05,3.845058726494875e-05,-0.2110431967538492,1656.1141344298246,5900269.987245485,1261572.558792621
TUR-3014,TUR,Turkey,Usak,9744974821.81509,4.8603587311269525e-05,4.8602755046211805e-05,-1.7123531487306387e-05,4449.926636196317,2189918.085963063,394438.37431839854
ITA-5382,ITA,Italy,Massa-Carrara,9743088628.261698,4.859417981923034e-05,6.585638052929885e-05,0.35523185645449007,1205.648505646848,8081201.596176979,142732.8472149372
LAO-3286,LAO,Laos,Xiangkhoang,9735416565.778755,4.8555914993967534e-05,6.2026570415731e-05,0.27742563235471973,12125.69356384571,802875.028510215,299058.6875506211
TUR-2273,TUR,Turkey,Burdur,9722360588.009706,4.849079760094858e-05,6.266159063041216e-05,0.2922367486317936,7232.611945135622,1344239.2128542988,289469.77557354793
DZA-2214,DZA,Algeria,M'Sila,9720420418.773972,4.848112090228369e-05,5.527045452439323e-05,0.14004077248531055,17584.78803991461,552774.3864020538,1308384.6410600543
COL-1401,COL,Colombia,Risaralda,9706164767.394987,4.841002007245636e-05,3.0685412214165534e-05,-0.3661351065701276,3579.383441158038,2711686.2238862994,920613.546685338
PNG-1249,PNG,Papua New Guinea,Central,9660616583.13394,4.818284604778409e-05,7.504063987245725e-05,0.5574140182179699,29336.968185793772,329298.3965470579,309891.5168637261
LAO-3290,LAO,Laos,Oudômxai,9658231495.639322,4.817095029531584e-05,4.862688123958204e-05,0.00946485260247254,11794.464060185604,818878.3692378588,384855.43801245023
CUB-5489,CUB,Cuba,Mayabeque,9648421770.330273,4.812202376145855e-05,8.018858463414101e-05,0.6663593582771328,3757.883666895157,2567514.7571297763,513447.483561486
ROU-295,ROU,Romania,Bistrita-Nasaud,9624869450.712675,4.800455529757353e-05,5.701892559105819e-05,0.18778156026247572,5142.993411393211,1871452.8059458171,276787.9141674042
IRL-728,IRL,Ireland,Sligo,9624764843.299007,4.8004033562458093e-05,3.8429385194279184e-05,-0.1994550802844791,1691.0916972386874,5691450.593137487,52668.530101805925
LBN-3059,LBN,Lebanon,An Nabatiyah,9612339329.908236,4.794206064451645e-05,7.519834451155579e-05,0.5685254972484559,1161.2531732725984,8277556.997169804,568149.6797027588
PHL-2547,PHL,Philippines,Ilocos Norte,9582695452.405094,4.7794210207258965e-05,3.9410872776451185e-05,-0.17540487424007112,3563.8392317015396,2688868.613141642,655784.8654913902
GBR-5704,GBR,United Kingdom,Slough,9578256130.45368,4.77720688496861e-05,1.5213475200735607e-05,-0.6815403735474694,39.34195856375428,243461598.76438183,119238.21923828124
MWI-1899,MWI,Malawi,Kasungu,9557014460.803724,4.766612487709034e-05,4.519891212704241e-05,-0.05176029636161461,8136.328932384589,1174610.139317802,966709.9340902128
PYF-4963,PYF,French Polynesia,Windward Islands,9516587101.611229,4.746449124353001e-05,1.3180274056410624e-05,-0.722312960465846,822.5768214766905,11569238.098062433,193218.27809157225
DZA-2200,DZA,Algeria,Chlef,9514770739.009396,4.745543203712657e-05,4.276175856468608e-05,-0.09890698010648002,4159.998587178148,2287205.281351682,1280703.8545455933
PHL-2595,PHL,Philippines,Misamis Oriental,9513962399.78742,4.7451400401676425e-05,4.3246127880681493e-05,-0.08862272736731203,2942.0688766893654,3233766.032865022,763363.0744867325
PRY-616,PRY,Paraguay,Alto Paraná,9503276214.32749,4.7398102475563424e-05,4.535091159689134e-05,-0.04319141003012794,13872.708984198069,685033.9198459615,839431.8308236168
CIV-3451,CIV,Ivory Coast,Agnéby,9476686478.595238,4.726548473504828e-05,6.079482138347006e-05,0.2862413603554881,9084.890083914312,1043126.15684527,773207.4196661711
CIV-3461,CIV,Ivory Coast,Lacs,9470129509.84617,4.723278149990198e-05,4.943378968581389e-05,0.04659916515643858,8769.530780785044,1079890.104336735,818774.6131297499
ITA-5394,ITA,Italy,Vibo Valentia,9457884504.889288,4.7171708877506234e-05,3.8975863222624077e-05,-0.17374493843682515,1182.1458102690979,8000607.389317179,138412.50495507196
DZA-2196,DZA,Algeria,Boumerdès,9453219027.422974,4.714843955710993e-05,3.439261362104707e-05,-0.270546089242508,1381.387590854448,6843277.795463435,1272418.8925170898
VNM-463,VNM,Vietnam,Bắc Ninh,9438490991.990444,4.707498268634758e-05,4.008412706514093e-05,-0.14850468810122575,699.7567276291211,13488246.156588508,1033613.0610351562
AGO-1890,AGO,Angola,Huambo,9438407971.13635,4.707456861536183e-05,4.605237824883416e-05,-0.021714280058088398,32888.866006825934,286978.8204061962,2055998.608778283
IRL-77,IRL,Ireland,Carlow,9416814474.275904,4.696686988558544e-05,4.941656417177998e-05,0.05215792093793281,855.1948337972913,11011308.887897225,52322.60315036774
HUN-3174,HUN,Hungary,Heves,9414818616.365229,4.69569154366519e-05,5.4852623445134645e-05,0.16814792741517692,3272.6374767074967,2876829.0662726252,234837.49448084645
THA-494,THA,Thailand,Pattani,9406613625.914412,4.691599260441721e-05,3.487133830246636e-05,-0.256728114089114,2166.3048237864077,4342239.154263121,532148.4470496178
PRT-735,PRT,Portugal,Azores,9383828223.019947,4.680234917903612e-05,1.9166097270264816e-05,-0.5904885629362859,1815.0916701744843,5169892.175262907,196443.1881227704
KHM-1793,KHM,Cambodia,Krâchéh,9379895004.05744,4.67827320374063e-05,5.551928594789939e-05,0.1867474072165678,12069.559587354717,777153.0465688872,383287.3603248857
CUB-1365,CUB,Cuba,Guantánamo,9371484643.444511,4.674078491041582e-05,5.3974809287613725e-05,0.15476899652119136,6086.151402778679,1539804.717832995,498710.0814983323
RUS-2279,RUS,Russia,Adygey,9356100566.378029,4.6664055996634513e-05,5.271012427343031e-05,0.12956585422475597,7851.027333035266,1191703.9859242078,474387.47488545114
LKA-2469,LKA,Sri Lanka,Kægalla,9334332575.409126,4.655548696808458e-05,5.8956516162012006e-05,0.2663709479062859,1573.6271878055218,5931730.620660018,902833.0767669678
PHL-2573,PHL,Philippines,Lanao del Norte,9327981188.965397,4.652380908576985e-05,3.783463897166217e-05,-0.1867682437198681,2265.8609619592876,4116749.149912315,892623.091796875
SLE-760,SLE,Sierra Leone,Southern,9295739788.85809,4.636300336448209e-05,5.8111957593143574e-05,0.2534122765149023,19682.658915375647,472280.6928080468,1765713.3071913235
KHM-1794,KHM,Cambodia,Môndól Kiri,9287528050.130398,4.632204687485266e-05,6.996763230412642e-05,0.5104607206403586,13267.62190872414,700014.5251368199,121730.58598799258
MWI-1194,MWI,Malawi,Chitipa,9283370990.383043,4.630131331524034e-05,4.187434712140456e-05,-0.09561210853124147,8576.091289543992,1082471.1021559867,416424.08564708754
CIV-3445,CIV,Ivory Coast,Fromager,9267382352.706694,4.6221569122823226e-05,4.422711082240551e-05,-0.043149947919723375,6835.105059798249,1355850.7545427894,1069839.6260306165
THA-427,THA,Thailand,Amnat Charoen,9253601454.790443,4.615283615148699e-05,4.750089403175894e-05,0.02920855992137139,3938.643277748974,2349438.8301341906,365981.9416656494
ITA-5442,ITA,Italy,Aoste,9245914884.097548,4.6114498965744854e-05,0.0002579335827664031,4.593329398591178,3300.2362140017344,2801591.8511742894,118111.43775093072
DZA-2198,DZA,Algeria,Tipaza,9238850802.953297,4.607926648018728e-05,5.081075644796116e-05,0.1026815383402051,1954.0874654405065,4727961.75521785,1243564.5754871666
TZA-3336,TZA,United Republic of Tanzania,Rukwa,9231083317.16256,4.6040525726032226e-05,4.367602917975945e-05,-0.05135685374973553,27853.821778491674,331411.73195452377,1432470.3789232457
PER-583,PER,Peru,Ucayali,9227180309.0439,4.6021059262614874e-05,5.532637989649994e-05,0.20219701117232258,104029.00363934867,88698.15134472503,471281.06756495475
PHL-2548,PHL,Philippines,Ilocos Sur,9222573782.377625,4.5998083962512015e-05,3.5419688786179345e-05,-0.22997469166224305,2788.897951229997,3306888.2202413185,770029.1266841888
RUS-2616,RUS,Russia,Sakhalin,9212148137.61468,4.594608549717194e-05,0.00036620583321810414,6.97033804415492,85178.96868311022,108150.50099850901,420429.2903964182
TZA-3358,TZA,United Republic of Tanzania,Shinyanga,9208910702.003769,4.592993861252045e-05,4.54711811778324e-05,-0.009988200475473663,19973.468583848186,461057.16006936715,2291453.3476106673
ETH-3133,ETH,Ethiopia,Addis Ababa,9206729012.589745,4.5919057318945094e-05,1.4531255492786206e-05,-0.6835463020973003,387.75258357270224,23743823.774841502,5555410.435546875
PRT-751,PRT,Portugal,Castelo Branco,9177411469.182789,4.577283449058621e-05,5.822651503897545e-05,0.272075799696226,6487.11637772742,1414713.5544989004,172031.84604419768
TJK-367,TJK,Tajikistan,Khatlon,9166646227.686718,4.571914226823076e-05,4.502000775378011e-05,-0.015291942931669245,24083.61694260617,380617.50647885713,3420370.1431321735
GBR-2080,GBR,United Kingdom,Westminster,9155734049.381428,4.566471719061742e-05,3.808283816143447e-05,-0.1660336359367791,14.372254038700433,637042319.5086598,114072.5703125
ITA-5392,ITA,Italy,Crotene,9137709044.987556,4.557481650940865e-05,3.385457145677856e-05,-0.2571649421827187,1786.895948799384,5113733.147767886,128817.61317513885
GBR-2758,GBR,United Kingdom,Isle of Wight,9135521043.51569,4.5563903734104496e-05,1.785949648413398e-05,-0.6080341011087209,313.1224448521657,29175554.78282254,112665.69371032716
BGR-2260,BGR,Bulgaria,Varna,9121820600.426188,4.5495572035554285e-05,3.458852811683466e-05,-0.23973858181617957,3950.613001451536,2308963.3424166436,399936.4872418344
COL-1422,COL,Colombia,Casanare,9121307627.26779,4.5493013554270505e-05,5.0469385355145635e-05,0.10938760508662737,43656.96281077987,208931.33740892156,632119.8535444171
PHL-2582,PHL,Philippines,Eastern Samar,9104825271.79417,4.541080691772137e-05,4.036863881390761e-05,-0.11103454102785548,3988.2411575246892,2282917.4345728634,453283.96655202657
HRV-1588,HRV,Croatia,Zagrebacka,9094027399.298986,4.535695194649858e-05,6.39990923927005e-05,0.4110095508223637,2764.474941027318,3289603.846406912,268733.22772169113
DZA-2147,DZA,Algeria,Tlemcen,9089985053.796638,4.533679053036789e-05,4.3553571152530586e-05,-0.03933272198972393,9650.476742938292,941920.8289837296,1223526.9998077974
LAO-3281,LAO,Laos,Saravan,9089452092.911758,4.5334132359220674e-05,5.399935327611657e-05,0.19114121007619644,9950.869197554788,913432.9788140814,486051.1346450865
COL-1417,COL,Colombia,Sucre,9081249187.897268,4.529321992821209e-05,5.04575035022619e-05,0.11401891016436871,11157.598709410328,813907.1339999113,817684.7220450136
GTM-1950,GTM,Guatemala,Escuintla,9077659007.003716,4.527531370744563e-05,5.629599000794564e-05,0.24341468668140087,4693.582264646647,1934057.7186383076,742247.9595513344
ROU-129,ROU,Romania,Calarasi,9050181723.50016,4.5138269274570144e-05,5.1301584067705986e-05,0.1365430020288374,4596.090590508461,1969104.2953309037,263852.4070831211
THA-382,THA,Thailand,Krabi,9030702185.640043,4.5041114029279215e-05,4.5801401508757425e-05,0.016879855124897203,4259.585668020124,2120089.3442383935,312928.644500494
COL-1397,COL,Colombia,Caldas,9023106155.51035,4.500322841947742e-05,4.741754390669424e-05,0.053647606449760854,7618.696691612735,1184337.2325667853,832330.1916474104
ZMB-523,ZMB,Zambia,Western,9014013114.85978,4.49578763889934e-05,4.726131883395269e-05,0.051235570493343374,128815.18408706866,69976.32444298675,1153992.3844778328
GBR-2001,GBR,United Kingdom,East Ayrshire,9008851401.519648,4.493213206542253e-05,5.19266760642436e-05,0.15566908751707587,1150.1468051436043,7832783.920479461,108449.24554768205
VEN-47,VEN,Venezuela,Miranda,8998593064.128502,4.488096805461946e-05,4.610457143361682e-05,0.02726330184117809,8788.725990814597,1023879.1234967667,3023225.527213186
GNQ-1478,GNQ,Equatorial Guinea,Bioko Norte,8977166889.703838,4.477410385451251e-05,1.6662070846073766e-05,-0.6278636664574025,654.1037160554685,13724378.365926556,662383.9864114225
PHL-2560,PHL,Philippines,Zambales,8972868929.492502,4.4752667546239614e-05,5.497598050623998e-05,0.22844030357380096,3436.636117338745,2610945.3032347495,569266.8401177824
PHL-2553,PHL,Philippines,Nueva Vizcaya,8972137590.74163,4.474901995479048e-05,5.532562508288913e-05,0.2363538942033614,3915.0416047218487,2291709.3856475307,508235.5479373932
TUR-5519,TUR,Turkey,Düzce,8964665774.643337,4.4711753869167123e-05,3.8128264892633014e-05,-0.14724291504641762,2678.3531374960294,3347081.3273802763,419399.90711319447
PHL-2528,PHL,Philippines,Capiz,8964155715.026722,4.470920991933007e-05,4.429105796380064e-05,-0.009352702861086248,2795.5859782548764,3206539.088675258,749598.950756073
ROU-131,ROU,Romania,Giurgiu,8961303193.65584,4.469498281520286e-05,5.306032565505842e-05,0.18716514277325347,3264.952867790142,2744696.0359097705,289193.3818153441
VNM-491,VNM,Vietnam,Đà Nẵng,8934871173.18385,4.456315168805129e-05,2.0202332003711982e-05,-0.5466583659717041,646.6859933996135,13816398.165999291,991605.500063628
BWA-2630,BWA,Botswana,Central,8933867232.289635,4.4558144478715236e-05,5.828668197368877e-05,0.308103886631353,146292.84882259418,61068.37965212859,668282.56671428
RUS-2303,RUS,Russia,Ingush,8927834484.650436,4.45280558246171e-05,3.409042489019219e-05,-0.23440571884691452,3153.851168505454,2830772.286848639,455294.1995833516
ROU-132,ROU,Romania,Ialomita,8924121603.996105,4.450953763217856e-05,5.904399165289501e-05,0.32654695586432325,4863.175118974532,1835040.1508629778,263004.0623691976
RUS-2321,RUS,Russia,Chukchi Autonomous Okrug,8914883475.337685,4.4463461967433164e-05,0.0004615596369886825,9.380650011615097,718562.3839202565,12406.554635800454,28234.302193871787
HUN-3155,HUN,Hungary,Baranya,8903534457.066502,4.4406858126938284e-05,6.485349902898721e-05,0.4604388097802734,4374.673864261782,2035245.308182295,198915.37355177104
HRV-1603,HRV,Croatia,Osjecko-Baranjska,8902050841.419811,4.439945851391324e-05,4.1846899802136553e-05,-0.05749076221226446,3458.349712951896,2574074.7987633124,253569.0610729605
GTM-1945,GTM,Guatemala,Quezaltenango,8897366475.44408,4.437609498605786e-05,3.616309482130364e-05,-0.18507712693815426,1850.1217419110078,4809070.816201483,905975.477273941
KHM-1795,KHM,Cambodia,Rôtânôkiri,8891726876.155092,4.434796718055248e-05,5.99149113157044e-05,0.3510182117654843,12053.623552725974,737680.8174952662,230473.2337360382
TGO-87,TGO,Togo,Maritime,8887034933.638653,4.432456586429184e-05,4.250539701494601e-05,-0.041042000386773525,6213.408810697167,1430299.4063964537,3523253.516474724
MOZ-1198,MOZ,Mozambique,Cabo Delgado,8859028871.942081,4.418488412167031e-05,6.614183537750222e-05,0.49693354848164484,77920.72871456403,113692.83909541076,2156058.1371553596
GBR-5703,GBR,United Kingdom,Royal Borough of Windsor and Maidenhead,8857995945.042084,4.417973234306768e-05,6.734721334306906e-05,0.5243916106168225,185.18780894777083,47832500.397152685,109832.2099609375
BIH-4802,BIH,Bosnia and Herzegovina,Banja Luka,8849247057.873552,4.4136096796629914e-05,4.862918488508504e-05,0.10180075753319007,8990.224036966438,984318.8580714775,502860.72963376343
GBR-2083,GBR,United Kingdom,Derry,8847239295.631224,4.4126082974200445e-05,1.404375446988954e-05,-0.6817357552878506,328.7409768649409,26912493.17320731,109137.57684230804
ZWE-526,ZWE,Zimbabwe,Matabeleland North,8836253368.792976,4.407129007180293e-05,4.979314688398297e-05,0.12983184297209682,76086.95980629565,116133.61069082747,893945.1854411331
VNM-467,VNM,Vietnam,Hà Nam,8821132552.752268,4.3995874186581035e-05,4.863070317716185e-05,0.10534690073267061,915.8538029002873,9631594.61129918,896671.5017089844
GBR-2086,GBR,United Kingdom,Newry and Mourne,8820638179.087116,4.399340847127259e-05,6.503293985295653e-05,0.47824281211178743,892.3982365639476,9884194.99017583,107202.95442521572
ZMB-516,ZMB,Zambia,Central,8811300570.365078,4.3946836644346565e-05,4.857024057513409e-05,0.10520447622211937,95852.29764255205,91925.8148951606,2004341.930354685
ZMB-522,ZMB,Zambia,Southern,8809583913.33216,4.393827472484359e-05,4.664759568664002e-05,0.06166197873637769,85093.34818260546,103528.46728309829,2300724.419404141
HUN-3163,HUN,Hungary,Komárom-Esztergom,8802893868.66613,4.3904907766386825e-05,7.224413021011e-05,0.6454682149547619,2364.753101585501,3722542.477167716,236639.6022594571
JOR-850,JOR,Jordan,Mafraq,8777444107.455124,4.377797571025662e-05,7.391321645680275e-05,0.6883653311426603,26835.33260617122,327085.3481218492,533654.2120186975
FIN-3179,FIN,Finland,Kainuu,8752263858.421112,4.365238786063956e-05,5.7835654973028285e-05,0.32491388919361897,24355.610469942672,359353.08906431665,74759.87935731548
TUR-2263,TUR,Turkey,Bilecik,8731513653.789715,4.354889509632055e-05,7.202307198786643e-05,0.6538438421587343,5312.26055234208,1643653.1242693185,304943.57529997826
NER-91,NER,Niger,Maradi,8710556323.59759,4.3444369282100503e-05,6.439082681465893e-05,0.48214435791541277,39553.89370292193,220219.9457029466,4695759.2945302725
KHM-1779,KHM,Cambodia,Kaôh Kong,8708726958.787292,4.3435245226481354e-05,5.604987558730252e-05,0.2904238319605561,12602.337928377952,691040.5837616031,101733.19545618352
CUB-1322,CUB,Cuba,Sancti Spíritus,8694341712.710184,4.336349803611021e-05,4.755652357937232e-05,0.09669481783435563,6660.839588397604,1305292.1628460623,462675.44888451695
PRT-756,PRT,Portugal,Vila Real,8650907481.250923,4.314686746500783e-05,9.232553959698863e-05,1.1397970471869083,4132.923076835792,2093169.2461777308,171722.83568950742
TUN-108,TUN,Tunisia,Tunis,8638956076.524315,4.308725918958964e-05,1.0502864871549756e-05,-0.7562419826859778,275.96943661792614,31304032.005851313,1213711.8425292969
ROU-4847,ROU,Romania,Tulcea,8608094871.350525,4.293333726494419e-05,4.9993066087561544e-05,0.16443466248736627,7641.257312269864,1126528.5959587006,187066.04711296505
KHM-1789,KHM,Cambodia,Phnom Penh,8604594780.821354,4.291588037472718e-05,1.00799954004414e-05,-0.7651220174810295,314.5313873601133,27356871.60839621,2032823.670410156
DZA-2197,DZA,Algeria,Tizi Ouzou,8599709104.668962,4.289151280151234e-05,3.84269895682912e-05,-0.1040887332158571,2724.5613152416868,3156364.6802737163,1157535.0473937988
THA-5499,THA,Thailand,Bueng Kan,8593913152.199451,4.286260517608952e-05,3.531749819151778e-05,-0.17603006055219217,4009.4472945738294,2143415.917657776,313019.8334636688
LKA-2465,LKA,Sri Lanka,Hambantŏṭa,8592636735.17781,4.285623897737775e-05,3.50615772112872e-05,-0.18187927713873975,2537.6005494827873,3386126.605674466,640717.8288789988
GBR-2028,GBR,United Kingdom,Darlington,8591865384.709627,4.285239182533134e-05,4.146414851633543e-06,-0.9032395935206008,110.45342273043083,77787226.25625342,106578.72085571288
GNQ-1470,GNQ,Equatorial Guinea,Litoral,8585647000.553252,4.282137729909544e-05,3.758662273427828e-05,-0.12224629133840903,7266.523794140988,1181534.2856891043,633495.5288255038
GBR-2016,GBR,United Kingdom,Stirling,8570445368.037215,4.274555833734573e-05,0.00011813705071077327,1.7637269299056006,2158.919802538207,3969784.0364246424,99977.48761653248
DOM-1975,DOM,Dominican Republic,La Vega,8567217512.354059,4.272945923310041e-05,4.4928105012591004e-05,0.05145503404329088,2186.2575541429114,3918667.9977934733,424342.664350003
CHE-166,CHE,Switzerland,Appenzell Ausserrhoden,8566026071.659734,4.27235168584025e-05,3.179495724886437e-05,-0.2557972848012112,167.29533963131206,51203016.71605239,50990.87515258789
TCD-5577,TCD,Chad,Borkou,8565524461.304303,4.272101504971114e-05,4.432443050777134e-05,0.03753224159572133,248319.30936967718,34493.9927670009,257318.99088682607
CHE-164,CHE,Switzerland,Nidwalden,8556379528.346237,4.2675404203545784e-05,6.228925072168632e-05,0.4596054070065696,351.12150585081116,24368713.923156213,50872.39111328125
GBR-5708,GBR,United Kingdom,Halton,8541631514.279977,4.260184768827058e-05,2.61589809732422e-05,-0.3859660462462884,89.13998582046983,95822670.77631174,106206.4811706543
QAT-1107,QAT,Qatar,Umm Salal,8514124714.156789,4.246465603966332e-05,6.496283953461273e-05,0.5298096250664412,256.7568879227919,33160258.262349047,81376.69239807129
GTM-1959,GTM,Guatemala,Izabal,8493301454.699325,4.236079891046064e-05,4.730387539213853e-05,0.11668987858624247,8386.06270480173,1012787.7352784628,429129.0661250502
GBR-2088,GBR,United Kingdom,Craigavon,8462358418.662122,4.220646884997211e-05,1.7575662363550516e-05,-0.583578943170411,339.92385573549404,24894864.76420461,104337.129245162
GBR-2130,GBR,United Kingdom,Gwynedd,8462082284.001137,4.220509161346301e-05,4.107397957724267e-05,-0.02680036917298212,2524.4160131273156,3352094.9954354307,97731.5817706585
TUR-2288,TUR,Turkey,Nevsehir,8459180324.432246,4.219061793365785e-05,4.358104334310881e-05,0.03295579627767764,5277.9384187015485,1602743.2784093246,288994.6640552357
COD-1461,COD,Democratic Republic of the Congo,Équateur,8451734097.923106,4.215347947749003e-05,4.561522233602241e-05,0.08212235149843217,404664.4233597865,20885.784887515754,8697439.4025997
TUR-2286,TUR,Turkey,Kirsehir,8447314475.463715,4.2131436372195696e-05,5.335093048675856e-05,0.2662974510398388,6415.465025143699,1316711.1725115366,248325.0431103421
HUN-4924,HUN,Hungary,Debrecen,8444638361.563578,4.211808910983961e-05,1.5835905685693282e-05,-0.624011772129669,686.9297958472123,12293306.263049105,255817.27736854553
MWI-1902,MWI,Malawi,Nkhotakota,8437311238.63125,4.208154468918246e-05,3.908989876688337e-05,-0.07109163754314674,8033.1193124008905,1050315.6881544632,418267.3392732782
PRT-744,PRT,Portugal,Évora,8416019841.029033,4.1975352695743776e-05,6.27805698894135e-05,0.4956531835354734,7052.772183090885,1193292.4561502996,150657.30005817115
ZMB-521,ZMB,Zambia,North-Western,8404958212.071148,4.192018222494319e-05,4.488217470549832e-05,0.07065791042274383,125384.62983030957,67033.4013303391,922460.7439753284
PRT-743,PRT,Portugal,Beja,8396101527.317211,4.187600903223645e-05,0.00010853298895160515,1.5917701199284697,10268.477856798361,817657.8500150807,134439.01647860627
GAB-2627,GAB,Gabon,Haut-Ogooué,8370027568.950791,4.1745963759140846e-05,3.62752576837168e-05,-0.13104754526660467,33572.85323190579,249309.39027238762,530614.8284304985
GBR-2019,GBR,United Kingdom,Angus,8346283753.434334,4.162754019913601e-05,7.287338091537513e-05,0.7506050217420157,2106.6002495410667,3961968.463287049,97699.48919347674
OMN-2414,OMN,Oman,Al Dhahira,8329227458.913408,4.154247101064527e-05,7.901443384114946e-05,0.902015742417007,28894.245491348072,288265.96151844366,207790.3763551162
KOR-5129,KOR,South Korea,Sejong,8300041895.441033,4.139690643932563e-05,8.877187710552135e-05,1.144408477373351,362.87371355165897,22873086.65652199,116487.97735595705
TUR-3019,TUR,Turkey,Kinkkale,8286001230.561567,4.132687786625537e-05,5.044265943743716e-05,0.22057755247524047,4716.037054091114,1756983.911602973,302528.625915994
TUN-110,TUN,Tunisia,Kassérine,8271541958.763807,4.125476146861147e-05,4.030709778157804e-05,-0.022971013606622237,8370.850078078685,988136.4355604764,475007.73143070936
SEN-768,SEN,Senegal,Thiès,8259013320.428434,4.1192274209448775e-05,5.775678490854108e-05,0.40212663702099505,6621.640117141283,1247276.078784246,2006703.857126236
HTI-1384,HTI,Haiti,L'Artibonite,8258889292.361603,4.1191655612778645e-05,4.0780864445901246e-05,-0.009972679193549161,5045.404804287731,1636913.1145518709,2107714.1874637604
GBR-2142,GBR,United Kingdom,Torbay,8254991414.27224,4.117221473565899e-05,1.1746454106277324e-06,-0.9714699484064825,69.13524445685967,119403518.1205347,102576.09375
AGO-1881,AGO,Angola,Uíge,8246596478.354538,4.1130344540167556e-05,4.0915506080434406e-05,-0.005223356675831847,61878.850982446755,133270.0324492751,1083655.604808959
TUN-96,TUN,Tunisia,Médenine,8239289872.716394,4.1093902450621306e-05,4.0553839736742134e-05,-0.01314216177273786,8098.509245763171,1017383.5236437959,490699.1820679214
RUS-2605,RUS,Russia,Tuva,8232894259.902445,4.10620039869007e-05,4.1564279780645656e-05,0.01223213055809902,169868.2802943485,48466.3425428011,320427.549135167
TJK-369,TJK,Tajikistan,Leninabad,8195959668.806076,4.087779072252779e-05,5.2405712847584764e-05,0.28200942177395927,25388.532625624688,322821.3221166583,2672786.0318253087
TUN-118,TUN,Tunisia,Kairouan,8189253668.078043,4.0844344182351535e-05,4.26395591506621e-05,0.04395259623451775,6632.010346233926,1234807.130952143,611462.2611932829
ECU-1267,ECU,Ecuador,El Oro,8181922631.980805,4.080778024457342e-05,3.767243692396443e-05,-0.07683199874675684,6024.255836942052,1358163.207778705,699052.5701247975
IRL-731,IRL,Ireland,Longford,8170195105.866451,4.074928857580397e-05,3.940404686135543e-05,-0.03301264295562001,1180.31397485121,6922052.335181733,45107.522804260254
KHM-1786,KHM,Cambodia,Kândal,8165534313.209741,4.0726042621148136e-05,5.4729085020954196e-05,0.3438350868035134,3776.810504652155,2162018.534727039,1403423.487822771
PHL-2586,PHL,Philippines,Northern Samar,8162905397.887824,4.0712930764245577e-05,3.378805211984939e-05,-0.1700903991534225,3081.5456937105137,2648964.5811673184,530530.7404851913
MOZ-1207,MOZ,Mozambique,Gaza,8158261790.825105,4.068977052366631e-05,5.4405070486464117e-05,0.33706997572818964,76313.35150127586,106904.77656047788,1524259.0206075944
BGR-3002,BGR,Bulgaria,Blagoevgrad,8147589220.48583,4.0636540503701626e-05,4.4712318694511565e-05,0.100298355624999,6811.2463949177,1196196.5179479134,304917.1327682622
ITA-5369,ITA,Italy,Imperia,8147299240.068536,4.063509421073646e-05,3.986038826659661e-05,-0.019064947656382225,1204.3666942416924,6764799.524116976,117362.99435961246
PRY-620,PRY,Paraguay,Itapúa,8141780141.397108,4.060756740855779e-05,4.102189762181837e-05,0.010203275884318685,15577.50682289112,522662.5951100709,700060.5357408375
MOZ-1905,MOZ,Mozambique,Sofala,8139905017.764982,4.059821512834774e-05,5.787204743700714e-05,0.425482555182529,67468.56672031299,120647.36829979633,2409334.18978771
DZA-2166,DZA,Algeria,Skikda,8132780945.969935,4.056268343618501e-05,4.2186055029501246e-05,0.040021306673908796,3961.47199197302,2052969.442280314,1094685.7461289763
LKA-2453,LKA,Sri Lanka,Pŏḷŏnnaruva,8120694467.084948,4.050240147111956e-05,4.503824540888971e-05,0.11198950612853054,3554.467715819698,2284644.3170499383,445758.93164587766
CUB-1363,CUB,Cuba,Ciego de Ávila,8107900772.809051,4.043859223116337e-05,4.2323660877930405e-05,0.04661558532975674,6543.960846967448,1238989.8048620434,431467.5858767452
DZA-2205,DZA,Algeria,Tiaret,8105965652.239206,4.04289407129918e-05,4.447266109913764e-05,0.10002043869644095,20267.291608894295,399953.0775331572,1091076.3633089662
PAN-1341,PAN,Panama,Veraguas,8098456585.294094,4.039148883676161e-05,6.015573659661746e-05,0.4893171390569728,10898.35072350137,743090.1051688913,253862.22136497125
ETH-3130,ETH,Ethiopia,Gambela Peoples,8084260481.527071,4.032068500385937e-05,6.288691548399183e-05,0.5596688270046131,25398.282325360826,318299.49671260774,610738.6847592518
SDN-5857,SDN,Sudan,Eastern Darfur,8053743218.837355,4.016847851089643e-05,5.235467522148725e-05,0.3033771046937983,57112.987673820055,141014.21667578246,2354835.6526157567
KHM-1792,KHM,Cambodia,Stœng Trêng,8045663206.671577,4.012817901459642e-05,4.251921912504718e-05,0.05958506389191065,11390.761524861413,706332.3368776669,147633.63212033547
DZA-2217,DZA,Algeria,Constantine,8019410350.775157,3.9997241480424913e-05,2.7463448410651053e-05,-0.3133664374306422,2153.0091269184445,3724745.1720063845,1079425.8767910004
TUR-3009,TUR,Turkey,Çankiri,8017241875.817484,3.998642609466305e-05,6.46071807231674e-05,0.6157278114882705,7766.248982051627,1032318.4196574073,174918.31560697872
TUR-2301,TUR,Turkey,Rize,8008308763.341513,3.9941871714572165e-05,3.7176239588286925e-05,-0.06924142529044885,3894.2104925115837,2056465.3037480076,319570.3916623723
LKA-2466,LKA,Sri Lanka,Mātara,8007113496.587215,3.9935910257193876e-05,2.7221385793282312e-05,-0.3183732230473256,1216.8836734484937,6580015.5522639835,795791.0481567383
IRN-3209,IRN,Iran,Kohgiluyeh and Buyer Ahmad,7994733199.221695,3.987416285661594e-05,4.3644638538762194e-05,0.09455936907577378,13604.59060742312,587649.6713439875,705955.8524210015
RUS-2615,RUS,Russia,Maga Buryatdan,7977342825.335736,3.9787427429280646e-05,0.00014167996050848457,2.560922875959013,464795.0015063771,17163.142459539304,131261.13962319994
UKR-288,UKR,Ukraine,Chernivtsi,7916147855.779464,3.948221421937265e-05,4.5153688997509565e-05,0.14364632000183275,7751.833085592041,1021196.8921896457,866436.1036316231
LTU-1074,LTU,Lithuania,Utenos,7914381309.970563,3.947340347690977e-05,5.316933847413686e-05,0.34696615419135624,7134.080393198984,1109376.5242000148,128036.01524187624
ARM-1675,ARM,Armenia,Erevan,7910234280.686761,3.945271994477519e-05,6.234181912302533e-06,-0.8419834698081915,134.86550034080201,58652763.38795156,901279.9489440918
SRB-1505,SRB,Republic of Serbia,Zlatiborski,7897144862.540606,3.938743576607252e-05,3.3883250642669414e-05,-0.1397446931070413,5844.579979415049,1351191.170341549,267249.4565933198
UZB-354,UZB,Uzbekistan,Bukhoro,7895234380.944911,3.93779071361129e-05,3.773113041188461e-05,-0.04181981329114515,40422.67966420332,195316.94698450703,1968248.458049205
THA-379,THA,Thailand,Ranong,7891489483.953119,3.935922926046516e-05,3.177444719733605e-05,-0.19270656986029278,3736.9910750815948,2111722.8608261566,304832.2925669849
PNG-1247,PNG,Papua New Guinea,Western Highlands,7878715704.958595,3.929551934904852e-05,3.5836328570819506e-05,-0.08803015803156122,8900.304379060455,885218.681227877,1061294.681605935
IRN-3221,IRN,Iran,Ilam,7874560547.307108,3.927479527624188e-05,5.319527673236174e-05,0.3544380399238043,18886.953625499842,416931.2163013641,452612.6663966379
HUN-3172,HUN,Hungary,Csongrád,7857800218.6052065,3.9191202233230126e-05,5.8738478622939756e-05,0.4987669496174716,3495.347421731916,2248074.1598818614,183334.4836022742
PHL-2523,PHL,Philippines,Misamis Occidental,7855341088.995886,3.917893719172291e-05,2.8257272838704202e-05,-0.278763670887072,1936.9866842528909,4055444.0321440543,713820.7703561783
MOZ-1192,MOZ,Mozambique,Manica,7830442056.404262,3.9054751924273675e-05,4.3548396402493184e-05,0.11506012090238316,63961.71295930404,122423.89539170754,2411240.4174037743
PAN-1336,PAN,Panama,Coclé,7799532222.146625,3.890058745945076e-05,4.305360658128943e-05,0.10675980475019053,4964.494067614267,1571062.8547280673,271471.90620297194
GBR-2014,GBR,United Kingdom,Moray,7776192045.950893,3.8784177072319725e-05,2.967205773681231e-05,-0.23494424848866358,2279.074657906935,3411995.310891843,90236.98346016277
SRB-830,SRB,Republic of Serbia,Nišavski,7775057825.185659,3.8778520085103104e-05,2.6352524011337012e-05,-0.32043502553723235,2607.635763378563,2981650.249769533,414778.0301886797
CYP-3463,CYP,Cyprus,Larnaca,7770077967.099096,3.875368277441389e-05,2.725546744406248e-05,-0.29669993939112305,946.5800586223842,8208579.819870034,135910.97238892317
SLE-790,SLE,Sierra Leone,Eastern,7766089017.31431,3.87337876723033e-05,3.56252249841162e-05,-0.0802545497095778,15392.487259567455,504537.62841266405,1719770.6204003096
TUR-2298,TUR,Turkey,Artvin,7745812923.861753,3.863265956304984e-05,4.3337122138356485e-05,0.1217742352847544,7744.614489264934,1000154.7442546664,153653.51367020607
PHL-2521,PHL,Philippines,Zamboanga Sibugay,7741356666.884052,3.8610433741120336e-05,2.999586235734066e-05,-0.22311511550322494,2205.435785527115,3510125.6258222056,619309.0079231262
PHL-2559,PHL,Philippines,Benguet,7735221815.95568,3.857983584136268e-05,3.923890877304939e-05,0.017083352412300856,2478.6793570951063,3120702.8830953715,589579.0203952789
DZA-2208,DZA,Algeria,Béjaïa,7734337572.441588,3.8575425629163325e-05,3.911200572500723e-05,0.013909894371670672,3737.4015248154387,2069442.5046619864,1041054.6100466548
AGO-1875,AGO,Angola,Lunda Sul,7729473185.93614,3.855116423921042e-05,3.9305701940056086e-05,0.019572371308003822,77726.81695396555,99444.09778820603,596077.9233739257
ZWE-525,ZWE,Zimbabwe,Harare,7729286200.820865,3.8550231640866924e-05,1.4644982371075089e-05,-0.6201065013692418,960.7727119025361,8044864.414930373,1944490.8647460935
ZWE-524,ZWE,Zimbabwe,Mashonaland Central,7724261474.67721,3.852517054832396e-05,4.136064792395072e-05,0.07360064433900648,27561.8396454498,280252.028675902,1469119.4405957982
HRV-1587,HRV,Croatia,Sisacko-Moslavacka,7716427847.572428,3.848609991079919e-05,5.648870264542934e-05,0.467768954930625,5204.1778656716815,1482737.1482578067,200402.48256395757
THA-378,THA,Thailand,Phangnga,7705464708.054761,3.843142066139161e-05,3.780079543063616e-05,-0.016409105359692866,3850.868520548461,2000968.0068114367,242130.4681742787
ESP-5845,ESP,Spain,Soria,7702123760.536037,3.84147575055192e-05,7.321964379178924e-05,0.9060290509778561,10074.281569482524,764533.3026890636,78427.51987159811
BOL-1939,BOL,Bolivia,Potosí,7698534184.085893,3.839685429944682e-05,4.7147401117762934e-05,0.2278974925933499,117825.91308423625,65338.20941902693,925867.774742036
LKA-2450,LKA,Sri Lanka,Nuvara Ĕliya,7696162843.763218,3.838502711173979e-05,4.310363121645482e-05,0.12292824728191665,1678.8001790989586,4584323.339716275,683487.5909333229
HUN-3165,HUN,Hungary,Tolna,7691463326.266748,3.836158801485787e-05,4.5467966615647025e-05,0.18524724779476753,3412.3829356503124,2253985.989061029,176054.89620554447
LTU-1070,LTU,Lithuania,Marijampoles,7684004596.091053,3.832438719597898e-05,4.5398094438150925e-05,0.1845745688247853,4719.090474644413,1628280.8387287909,146198.53441262245
TUN-113,TUN,Tunisia,Sidi Bou Zid,7674573779.270355,3.82773504886357e-05,4.13645029670884e-05,0.08065219872961849,7413.078002269398,1035274.9258703206,466037.38225102425
PHL-2598,PHL,Philippines,Sarangani,7671127050.6939,3.82601597440348e-05,3.910082500815406e-05,0.02197234067352083,2900.8514650671086,2644439.7939956,480147.0901470184
TJK-368,TJK,Tajikistan,Tadzhikistan Territories,7659542418.309557,3.8202380765447714e-05,5.592454115073213e-05,0.463901988048695,28537.391706903647,268403.7313913518,2098765.066863256
LTU-1067,LTU,Lithuania,Alytaus,7624675921.543968,3.802848223304815e-05,4.6122173863598746e-05,0.21283236025435914,5690.872942561873,1339807.7937251488,135237.68432227708
GEO-3036,GEO,Georgia,Tbilisi,7599657297.302132,3.7903700495795856e-05,1.528481734955604e-07,-0.9959674603931478,103.92742026857835,73124660.24522144,899410.0541992188
COL-1415,COL,Colombia,Chocó,7597082413.1246195,3.7890858122139026e-05,0.00011914661747804478,2.1444687025557045,46766.554675738924,162446.91245270963,466722.37977713766
DOM-1987,DOM,Dominican Republic,La Altagracia,7587277233.120402,3.7841954258234645e-05,3.497432309320876e-05,-0.0757791509776976,3138.8146616654976,2417242.829206899,291785.31387776136
GTM-1949,GTM,Guatemala,Chimaltenango,7543725977.915106,3.762474002488973e-05,4.490683140593216e-05,0.1935452942990472,1705.773710214124,4422465.848045078,761161.7016334534
PHL-2541,PHL,Philippines,Sorsogon,7538948289.697646,3.7600911047322394e-05,2.594542269228687e-05,-0.3099788816384418,1913.074365938717,3940750.252015633,671014.6452007294
EST-1659,EST,Estonia,Tartu,7535828138.650933,3.758534912575808e-05,2.4025081178383607e-05,-0.3607860047276059,3661.4070874319373,2058178.169949538,146130.30239883624
TGO-89,TGO,Togo,Centre,7535217464.738471,3.7582303356696e-05,4.6161894079488715e-05,0.22828804933437108,13150.02179224147,573019.3899134265,853451.2065269649
COD-1896,COD,Democratic Republic of the Congo,Kasaï-Oriental,7532356653.329575,3.7568034905557255e-05,3.841457097570077e-05,0.022533413639324706,169020.45390311416,44564.764082619666,7751334.198647039
LAO-3272,LAO,Laos,Louang Namtha,7523838094.010769,3.7525548131687816e-05,4.2929352085695216e-05,0.14400333167803225,9735.19660874902,772849.116087609,220805.93200063764
KHM-1787,KHM,Cambodia,Kâmpóng Spœ,7523434498.919668,3.752353517941166e-05,4.7604057137875045e-05,0.268645315806874,6648.694095805505,1131565.7466728715,746467.6097164154
GBR-2134,GBR,United Kingdom,Torfaen,7521868087.949674,3.751572262024783e-05,7.427318159730208e-06,-0.8020211889582112,84.20427168885895,89328818.32579154,93364.70373535156
PNG-1256,PNG,Papua New Guinea,Northern,7516113418.917664,3.7487020898195286e-05,5.1100807428415634e-05,0.36316000055570563,23183.65204601,324198.8537440639,230346.61623664852
PHL-2561,PHL,Philippines,La Union,7506941339.528299,3.7441274657740266e-05,2.5597220392958284e-05,-0.31633683342918595,1581.1385617421236,4747807.384608363,756582.0411987305
PHL-2542,PHL,Philippines,Abra,7501416389.443563,3.741371867132225e-05,4.256414788210773e-05,0.13766151544656013,3935.862575193942,1905914.204607087,256134.16540668905
ZMB-520,ZMB,Zambia,Lusaka,7498564356.324201,3.739949400237582e-05,3.2943798100967e-05,-0.1191378659060407,21733.1013601488,345029.6500284145,3413230.8037997675
GBR-2106,GBR,United Kingdom,Pembrokeshire,7470296942.234776,3.725850875060446e-05,1.9958656448849744e-05,-0.46431950397032606,1508.5071163917066,4952112.496561137,88458.75574398041
UZB-355,UZB,Uzbekistan,Khorezm,7457004793.498159,3.719221344215192e-05,2.3395239315028747e-05,-0.3709640500042497,6915.897728382551,1078241.0449615135,1858999.6798437908
SDN-876,SDN,Sudan,Gedarif,7451842470.562799,3.7166466078191974e-05,4.816953243052604e-05,0.29604822608599557,58538.771503798984,127297.55475102853,1706652.1525357952
HRV-1492,HRV,Croatia,Splitsko-Dalmatinska,7450137808.599931,3.7157963984747566e-05,2.6691078872425995e-05,-0.28168618486787844,3745.7852815939164,1988938.8335227077,200299.7071105801
IRL-5570,IRL,Ireland,Limerick,7449699735.423007,3.715577907115952e-05,7.271146890574249e-07,-0.9804306434359813,17.753281353205306,419623819.80038774,42006.96484375
FRA-5320,FRA,France,Lozère,7447488484.323538,3.714475033708423e-05,8.47499562559151e-05,1.2816132962752267,5214.288151790328,1428284.7950714882,77975.93104260729
CUB-1429,CUB,Cuba,Artemisa,7444693089.144168,3.7130808152917076e-05,4.4252315978479834e-05,0.19179512054340453,2168.714465005322,3432767.756785308,396174.5271400809
DZA-2201,DZA,Algeria,Mascara,7425663512.917467,3.70358971155319e-05,4.08542197858104e-05,0.10309788523192531,5696.315545603974,1303590.6198433978,999506.5718779564
SRB-834,SRB,Republic of Serbia,Raški,7419268812.5339775,3.700400320260741e-05,3.480660510637722e-05,-0.05938271284322427,3899.6697185510425,1902537.7398603577,343189.4575730562
SDN-875,SDN,Sudan,Gezira,7410998061.996761,3.6962752388396434e-05,3.5415105830677953e-05,-0.041870435985290055,24952.93607076892,296999.04015216726,4354408.16115586
MDG-5866,MDG,Madagascar,Atsimo-Andrefana,7409609282.760323,3.695582577708049e-05,5.8759704280977075e-05,0.5899984114931902,69241.15827455388,107011.63105013155,1769245.1400140673
GRC-2988,GRC,Greece,Voreio Aigaio,7402782635.577646,3.692177750620722e-05,3.33709192092154e-05,-0.09617246343014918,3718.7245518117347,1990677.8607657473,155435.65255188942
JAM-1380,JAM,Jamaica,Saint Catherine,7401898525.363114,3.69173679588466e-05,2.977232580491572e-05,-0.1935414832903518,1190.7115735932734,6216365.650185135,532850.0676387548
DZA-2211,DZA,Algeria,Biskra,7399714034.36713,3.690647269223018e-05,3.931579693442465e-05,0.06528188868891016,20715.22070326398,357211.45047714596,996013.729211069
BGR-2233,BGR,Bulgaria,Stara Zagora,7398850977.402866,3.6902168149090334e-05,3.981660207449727e-05,0.07897730869449693,4746.506350483273,1558799.3423098528,296966.6833257894
GBR-2129,GBR,United Kingdom,Conwy,7388937265.442091,3.685272297620126e-05,5.702632445163887e-05,0.5474114216326786,1069.8078863534581,6906788.928830938,88714.2242602706
SEN-774,SEN,Senegal,Kolda,7379545051.207005,3.680587880133492e-05,3.5130732623180056e-05,-0.04551300587595564,14078.421760536647,524174.1707080175,837911.970798701
MOZ-1925,MOZ,Mozambique,Inhambane,7378577670.046181,3.680105393564023e-05,5.8020184574562736e-05,0.576590297550492,67836.59147764568,108769.87639447743,1471397.3509565368
PHL-5555,PHL,Philippines,Paranaque,7376526448.310922,3.6790823356646715e-05,1.1890090410942348e-05,-0.6768191269958557,48.42903129239414,152316208.92382824,1064636.34375
ROU-300,ROU,Romania,Salaj,7365508519.64909,3.6735870843428734e-05,4.474447570807907e-05,0.21800503651549907,3770.4867191035387,1953463.5892843814,215183.40081563592
ITA-5457,ITA,Italy,Gorizia,7348116394.541237,3.664912668177983e-05,1.4244417037074858e-05,-0.6113299735418664,308.73422011787096,23800783.702356726,111801.9355621338
HUN-3138,HUN,Hungary,Vas,7323973522.740961,3.6528712807044855e-05,7.461052789407759e-05,1.0425173010664737,3390.3536441463066,2160238.8103041514,168636.46509289742
GBR-2003,GBR,United Kingdom,East Renfrewshire,7321030711.179758,3.651403537572555e-05,2.2264452739477617e-05,-0.39024946132689087,143.47277484708195,51027316.63887282,90807.31713485718
SEN-5515,SEN,Senegal,Kédougou,7312011578.269536,3.646905196408116e-05,3.5957797156048096e-05,-0.0140188675191395,19044.46609437491,383944.1621537112,190470.37567016855
HND-642,HND,Honduras,Olancho,7307886510.768326,3.64484779675213e-05,4.21795635019873e-05,0.15723799330037536,24036.06863313789,304038.3443028257,571389.2683453858
LBY-2966,LBY,Libya,Al Marqab,7304303179.234789,3.643060590830719e-05,4.567751746739987e-05,0.25382261229380565,7941.491784916905,919764.6206859631,526595.6434458783
CIV-3460,CIV,Ivory Coast,Comoe,7302919893.365648,3.642370669545682e-05,3.682165783007256e-05,0.010925607817541927,6508.082255041374,1122130.8531723868,632186.7856359482
TUR-5520,TUR,Turkey,Karabük,7294690976.589777,3.6382664529385964e-05,3.4461030679680775e-05,-0.05281729292127857,3837.788254331715,1900753.8960379725,271606.2154600993
PRT-753,PRT,Portugal,Guarda,7283234908.858424,3.6325526773937054e-05,4.858880250482534e-05,0.33759388562224446,5414.820423101152,1345055.6693969183,134462.83963410556
UZB-356,UZB,Uzbekistan,Karakalpakstan,7275713584.823959,3.628801376481289e-05,4.601495699954924e-05,0.26804837811674864,165627.47447031,43928.18044284185,1813804.5501346504
BGR-2244,BGR,Bulgaria,Sofia,7231352589.033567,3.606676090664373e-05,0.00010204549018593827,1.829350005953566,7069.752306218334,1022857.9836768956,251724.46141143236
CHE-169,CHE,Switzerland,Glarus,7187933116.488776,3.585020394642298e-05,4.68043271466479e-05,0.30555260484976654,619.2449255994414,11607576.9365905,41905.71451917291
KHM-1777,KHM,Cambodia,Bântéay Méanchey,7186876646.077814,3.584493474329009e-05,3.9176600717216915e-05,0.09294663242623113,5952.718773967371,1207326.7558863529,772593.4619437456
SEN-763,SEN,Senegal,Diourbel,7185361853.39353,3.583737963310918e-05,2.8529324068125827e-05,-0.20392270974610094,4755.268046100478,1511031.9300056768,1853059.535324812
DZA-2199,DZA,Algeria,Aïn Defla,7167516033.81877,3.574837264584623e-05,4.61097729676346e-05,0.28984257337913566,4880.174160701094,1468700.8696404954,964759.4948761464
PAN-1337,PAN,Panama,Colón,7130598895.3125725,3.5564246427207735e-05,5.36073455461924e-05,0.5073381536683184,4965.837888046321,1435930.663881966,245183.62485817075
TZA-3393,TZA,United Republic of Tanzania,Kilimanjaro,7124774740.333888,3.553519814024991e-05,3.264751869468753e-05,-0.08126251144471808,13024.39289349333,547033.1552953422,2041686.3818927424
TZA-3388,TZA,United Republic of Tanzania,Mtwara,7120174096.559474,3.551225218138738e-05,3.379774025289434e-05,-0.04827944788564131,17420.212351554273,408730.61435007106,1536127.3302597553
ROU-306,ROU,Romania,Covasna,7117835676.512451,3.5500589185330016e-05,4.16811731856544e-05,0.17409806829004393,3611.9143449459607,1970654.6160133108,208807.74081810564
ZMB-5511,ZMB,Zambia,Muchinga,7114498849.132744,3.548394657887308e-05,4.9345301350236075e-05,0.39063734752706347,95517.57733663627,74483.66099214224,1080333.9602906576
PNG-1243,PNG,Papua New Guinea,Eastern Highlands,7112811832.976009,3.5475532494838115e-05,3.334216944166925e-05,-0.06013618128154319,11467.080630122877,620280.9644759418,778726.130530037
DZA-2220,DZA,Algeria,Mila,7091309939.335833,3.5368290641061495e-05,3.91028392172039e-05,0.10559030443520245,3643.113069742506,1946497.3509145144,954502.0287089348
BEN-2174,BEN,Benin,Atlantique,7086181283.3183975,3.534271119266981e-05,3.516164524313875e-05,-0.005123148265111288,3162.274351079135,2240849.621697187,1887503.2989325523
PRY-617,PRY,Paraguay,Caaguazú,7080453444.948382,3.5314143289990504e-05,3.671057827938538e-05,0.039543221477234214,12569.828690552806,563289.573729027,614093.2416735562
COL-1283,COL,Colombia,Amazonas,7071310566.450852,3.526854269055784e-05,3.7881238252021985e-05,0.07408005440960919,109491.77257178446,64583.031221042605,56099.54125232436
TUN-107,TUN,Tunisia,Nabeul,7058981642.060152,3.520705151546152e-05,3.6289664117489305e-05,0.03074987979474364,2961.3249844787297,2383724.069144244,764666.6922807693
SDN-884,SDN,Sudan,Kassala,7058714756.972492,3.5205720411698055e-05,5.012747796383631e-05,0.42384468710318157,50803.390785893,138941.80383984416,2008277.0045352392
CUB-1319,CUB,Cuba,Cienfuegos,7056674431.122422,3.5195544176519355e-05,3.524339790413736e-05,0.0013596530111312788,4486.23417060549,1572961.678496156,375525.8440415859
KGZ-1122,KGZ,Kyrgyzstan,Osh,7053690358.805665,3.518066095495721e-05,4.883454932710548e-05,0.3881077842633409,29255.084221988946,241109.89752351877,1574778.7660313768
ITA-5371,ITA,Italy,Carbonia-Iglesias,7052707419.493605,3.5175758492144426e-05,2.8931177897673888e-05,-0.17752511565216422,1532.9037705052815,4600880.730542443,98215.48997624776
GBR-2009,GBR,United Kingdom,South Ayrshire,7048279365.309951,3.5153673333170755e-05,2.7848581088008754e-05,-0.20780452090817403,1361.6005282177446,5176466.385875846,84090.3930946663
PNG-1238,PNG,Papua New Guinea,Enga,7026660138.194007,3.504584627235786e-05,3.593582233781658e-05,0.025394623332599675,12590.122892161542,558108.9397124726,687101.0623574555
ROU-124,ROU,Romania,Mehedinti,7018048551.126607,3.500289551757684e-05,3.9930755581762256e-05,0.1407843548746095,4893.838893053947,1434057.9460201785,179499.1082507521
ZWE-530,ZWE,Zimbabwe,Matabeleland South,7015599728.230371,3.4990681881356814e-05,4.8803487273717185e-05,0.39475667948385684,54616.53515318751,128451.93691897772,815052.3469867399
TUN-119,TUN,Tunisia,Sousse,7012322425.915267,3.4974336159368795e-05,2.9596490492916248e-05,-0.15376548226525666,2803.5149755885145,2501260.912452675,779021.5245821066
PAK-1110,PAK,Pakistan,F.C.T.,7011193191.400973,3.496870404134757e-05,1.5213448452728252e-05,-0.5649410274186992,789.5597979276018,8879876.115531227,2426052.123901367
TTO-58,TTO,Trinidad and Tobago,Couva-Tabaquite-Talparo,7011124041.730932,3.4968359153640125e-05,2.194211187706471e-05,-0.372515256416297,754.9317748139927,9287096.232581282,240568.2522610128
PER-588,PER,Peru,Huancavelica,6997427681.971189,3.4900047820917224e-05,3.727429972282095e-05,0.06803004723909667,22172.094419215995,315596.15206701873,520891.6536539793
TUN-111,TUN,Tunisia,Gabès,6984529013.287236,3.48357150154413e-05,3.6093951876063785e-05,0.03611916276340987,7244.620661930628,964098.6518438249,393723.40872874786
TGO-88,TGO,Togo,Kara,6978076043.56014,3.4803530481024056e-05,4.077597303577205e-05,0.17160450311224462,11706.486660591076,596086.2764275176,967030.389665775
LKA-2449,LKA,Sri Lanka,Mātale,6976856418.880986,3.479744753718232e-05,4.1019391268227326e-05,0.17880460123969244,2180.8817580969835,3199098.893361795,530944.3415133134
MWI-1903,MWI,Malawi,Rumphi,6971085967.592061,3.4768667100272534e-05,3.249132457717899e-05,-0.06549985124611502,6719.790236065515,1037396.3654665627,243256.13445277396
PHL-2593,PHL,Philippines,Surigao del Norte,6965171523.91782,3.473916849357783e-05,2.466142948522481e-05,-0.2900973006943466,2575.2900911841007,2704616.2868258785,471332.88044810295
GBR-2098,GBR,United Kingdom,North Down,6960876741.720069,3.4717748035819024e-05,1.0953815774659512e-06,-0.9684489450083046,29.74005818637941,234057267.07381046,86490.52642822266
LAO-3294,LAO,Laos,Attapu,6942299301.088459,3.4625092049090655e-05,4.1850661306699784e-05,0.20868014581347194,9134.271008946494,760027.7344835593,168685.2463632496
CAN-634,CAN,Canada,Nunavut,6928830028.088063,3.455791332382309e-05,0.0029490109585788996,84.33533060706961,2080472.8494365488,3330.4111755001213,23304.089203089763
GBR-2105,GBR,United Kingdom,Ceredigion,6925980306.269512,3.4543700182614075e-05,3.7575647800200545e-05,0.08777136211691805,2027.399970588043,3416188.421991861,80733.10269612074
COD-1898,COD,Democratic Republic of the Congo,Nord-Kivu,6912174416.610331,3.447484256361257e-05,4.553249932343854e-05,0.32074567822673905,59413.498161121875,116340.1353319643,7113122.281431154
DZA-2210,DZA,Algeria,Bouira,6902033449.486305,3.4424263943344626e-05,4.011334604385906e-05,0.1652637253153042,4465.612290117327,1545596.2141543115,929025.1005963832
PNG-1257,PNG,Papua New Guinea,West New Britain,6867731579.493759,3.425318151741672e-05,7.583397988452e-05,1.2139251457842155,20504.414048832416,334939.1776394034,235986.7477005301
SLV-1346,SLV,El Salvador,La Libertad,6835769458.491522,3.409376871572245e-05,3.943032472051797e-05,0.15652584638830347,1778.983441519995,3842514.3815003242,765209.2680664062
PHL-2537,PHL,Philippines,Camarines Norte,6827447334.649023,3.405226167438165e-05,2.507123026452505e-05,-0.2637425817919534,1958.5532091755078,3485964.69203059,560867.7735875845
DOM-1393,DOM,Dominican Republic,San Juan,6825830667.658149,3.40441984606042e-05,3.941165072220288e-05,0.15766129044894006,3370.6991629821305,2025048.9105112508,229580.57408691943
SRB-1060,SRB,Republic of Serbia,Južno-Banatski,6814335873.493769,3.398686755498268e-05,5.0225435708172756e-05,0.4777894911003471,3935.3319890391354,1731578.4011294004,287130.1141604553
NIC-659,NIC,Nicaragua,Managua,6804533752.014443,3.39379789456361e-05,2.571123995982949e-05,-0.24240509427460888,4162.310013954098,1634797.4392109956,1687864.74791494
TUR-2294,TUR,Turkey,Sinop,6794619675.832153,3.3888531956172584e-05,4.543416355766517e-05,0.34069435691178196,6288.683898212132,1080451.7742995254,158836.30230224133
DZA-2213,DZA,Algeria,Médéa,6784478966.30837,3.383795462069973e-05,4.924904212300834e-05,0.45543791505888365,9135.913887763527,742616.3435488786,913202.0730264336
CHE-3427,CHE,Switzerland,Obwalden,6780704450.461803,3.381912901941694e-05,4.781102787414491e-05,0.4137273566890103,271.9318531828343,24935307.76588638,39814.65468597412
DZA-2191,DZA,Algeria,El Oued,6777217345.90079,3.380173689741624e-05,4.027676142432444e-05,0.19155892925144746,46535.66717974244,145634.90235831405,912224.6469274416
BIH-2887,BIH,Bosnia and Herzegovina,Tuzla,6770385487.115004,3.376766263339147e-05,2.788039404671046e-05,-0.1743463458101282,3125.6296032079235,2166086.9477836923,491700.4311761148
ZMB-518,ZMB,Zambia,Eastern,6766349980.990105,3.3747535329024545e-05,4.608003882210617e-05,0.3654341975745725,50270.77776766763,134598.07628721392,2201530.536191834
CAN-635,CAN,Canada,Northwest Territories,6755917974.392477,3.3695505133691e-05,0.0006083020187018186,17.05291288224666,1347509.1620328052,5013.634166465136,40927.6975401814
JOR-857,JOR,Jordan,Balqa,6750802470.358449,3.3669991281525633e-05,0.00011822517879337365,2.511292230664834,1088.0619016810917,6204428.681794883,777315.5094499588
NIC-657,NIC,Nicaragua,Atlántico Norte,6750433326.951496,3.3668150158881575e-05,4.867647676223845e-05,0.4457722367439816,32236.432600998724,209403.85713592762,535013.4729625061
KHM-1790,KHM,Cambodia,Prey Vêng,6737892111.841526,3.360560017237752e-05,5.871719023944773e-05,0.747244207461319,4762.557981450424,1414763.271772183,870123.44251436
TUN-112,TUN,Tunisia,Gafsa,6730643156.658859,3.3569445617586115e-05,3.340472613389441e-05,-0.004906827642259803,7400.314835339199,909507.677229837,350119.0923675522
LKA-2454,LKA,Sri Lanka,Trikuṇāmalaya,6726484463.9484005,3.354870391348227e-05,2.9428196043510578e-05,-0.12282167086388629,2723.3728322447264,2469909.5123175364,391705.97595337033
KGZ-1120,KGZ,Kyrgyzstan,Jalal-Abad,6724116703.526142,3.353689458072157e-05,5.2729953040307245e-05,0.572296830089291,33972.84249669465,197926.2319360047,1232845.942484275
RUS-2402,RUS,Russia,Khakass,6723750809.639864,3.3535069665237077e-05,3.8955181286657095e-05,0.16162517852284597,59493.950374407825,113015.70608987803,308784.2859045434
URY-20,URY,Uruguay,Maldonado,6723258986.616657,3.353261667139284e-05,2.41421459220788e-05,-0.2800399038744026,4926.419029338403,1364735.510028176,204581.26914240047
LKA-2452,LKA,Sri Lanka,Maḍakalapuva,6713405778.940376,3.348347326688469e-05,2.8179366832528698e-05,-0.1584096844457824,2533.311158418715,2650051.7935313024,408178.5725772381
PHL-2526,PHL,Philippines,Antique,6712223756.456739,3.3477577866020366e-05,3.01795688543508e-05,-0.09851396731473316,2315.8123847923325,2898431.583031131,449079.74760460854
GBR-2097,GBR,United Kingdom,Newtownabbey,6707690027.958458,3.345496565070519e-05,1.2474658233524042e-05,-0.6271208775471844,158.18983428806487,42402788.13203448,83192.4800415039
GBR-2022,GBR,United Kingdom,East Lothian,6661591559.263455,3.322504705275072e-05,1.5286977601601283e-05,-0.5398959833727108,704.9281295737987,9450029.414049728,80839.7100470066
GBR-2052,GBR,United Kingdom,Poole,6659530048.977309,3.3214765159054956e-05,1.1590083743546518e-06,-0.9651056279096201,16.39726258433452,406136695.9714139,82889.1015625
LTU-936,LTU,Lithuania,Telšiai,6658211669.644967,3.3208189671056216e-05,3.5965589649256754e-05,0.0830337337118936,4184.932127414579,1590996.3332567506,127512.76315234044
ECU-1335,ECU,Ecuador,Esmeraldas,6650369087.087072,3.3169074367726225e-05,5.9897332370863944e-05,0.8058186281238082,15901.773120103786,418215.568594634,469588.5999563336
GRC-2883,GRC,Greece,Ionioi Nisoi,6649317919.190777,3.3163831611171115e-05,1.618670816671577e-05,-0.5119168268462883,1764.0732752683034,3769298.0288358266,152406.79794061184
DZA-2202,DZA,Algeria,Mostaganem,6646681059.755031,3.3150680132572535e-05,2.4388862636017124e-05,-0.26430279745441476,2112.7738755114133,3145950.040747333,894654.2472393513
AGO-1893,AGO,Angola,Namibe,6639188145.254915,3.311330881753261e-05,5.604542984013859e-05,0.6925348701626592,57811.08742809765,114842.81719336941,699559.8920114762
BEN-2178,BEN,Benin,Zou,6638133138.0335655,3.31080469121368e-05,3.489058782880383e-05,0.053840110876899105,5108.496335988201,1299429.9499188086,1022517.261384964
JOR-853,JOR,Jordan,Ma`an,6634552527.158231,3.309018842235215e-05,7.386414261510786e-05,1.2322067699443267,32931.33427683854,201466.25312489943,164026.46160308318
BHR-4930,BHR,Bahrain,Al Muḩarraq,6632987030.003046,3.3082380420888956e-05,1.1689899731763212e-06,-0.9646642726942891,21.781261187267894,304527225.1673066,96392.3359375
PHL-4931,PHL,Philippines,Kalinga,6624678133.620804,3.304093935221933e-05,3.507530244103037e-05,0.061570982202550306,3119.1693159350225,2123859.740404938,314635.40338134766
ECU-1289,ECU,Ecuador,Napo,6619622867.169661,3.301572593824623e-05,1.8652521451018697e-05,-0.4350413046828948,3182.1157017331825,2080258.3839312296,580434.9067873359
TZA-5587,TZA,United Republic of Tanzania,Njombe,6619156780.684961,3.301340130677535e-05,3.8577708693604906e-05,0.16854692841623664,22232.241707346282,297727.81655651797,846538.4137934372
GTM-1952,GTM,Guatemala,Suchitepéquez,6591751566.509411,3.2876716323558814e-05,3.420446709243175e-05,0.04038574764601699,2330.535638097051,2828427.7050969126,614355.0700836182
PRT-750,PRT,Portugal,Bragança,6589761877.199146,3.2866792640852395e-05,3.968446360884085e-05,0.2074334128823483,6181.507754435137,1066044.4245938368,114644.73576844996
DZA-2203,DZA,Algeria,Relizane,6589417496.224127,3.2865075022172636e-05,3.910649777865064e-05,0.18991049776296554,5048.7655861681005,1305154.1775432965,886946.4770207405
HRV-1586,HRV,Croatia,Primorsko-Goranska,6585373172.353314,3.284490373882257e-05,3.165919825320532e-05,-0.036100135809372325,3096.326043500689,2126834.5386869945,180226.18404892087
GBR-5695,GBR,United Kingdom,Solihull,6578730458.960907,3.281177284764481e-05,4.2158055483688335e-05,0.28484540227195887,144.3075966256251,45588247.69307192,81567.32360839844
PHL-2525,PHL,Philippines,Aklan,6553353398.796882,3.2685203391905995e-05,2.3809997093446033e-05,-0.2715359054690103,1816.8247841876203,3607036.5485063354,564249.8111915588
OMN-5496,OMN,Oman,Ash Sharqiyah North,6552415695.579378,3.2680526546553665e-05,5.4337468923358285e-05,0.6626864578192808,15952.88468444697,410735.47669830266,174191.40788715333
ZMB-517,ZMB,Zambia,Copperbelt,6551993170.343758,3.2678419179161116e-05,2.9415187255082146e-05,-0.09985892849308697,31176.77392349523,210156.22676104048,2633287.669082638
TTO-61,TTO,Trinidad and Tobago,Tunapuna/Piarco,6545144156.96276,3.264425935566787e-05,1.7522735889137596e-05,-0.4632215208737702,469.3537851384783,13945011.980742157,226025.9844354391
CIV-3440,CIV,Ivory Coast,Bafing,6543953981.873723,3.263832329324457e-05,3.0681338028050436e-05,-0.05995973652234743,8559.786313436909,764499.6898580529,206469.67065089568
ITA-5372,ITA,Italy,Medio Campidano,6536411425.999425,3.260070438917456e-05,3.4864295051818715e-05,0.06943379614201861,1543.2033468665436,4235612.525900448,89821.82914098725
GIN-5657,GIN,Guinea,Siguiri,6528659451.988853,3.2562041000859376e-05,3.081684643540448e-05,-0.053595982064172154,17789.522411929203,366994.6444211959,1136165.1502062324
VEN-33,VEN,Venezuela,Carabobo,6524759741.35327,3.254259098381665e-05,2.4371382080183252e-05,-0.2510927574174078,4946.608952227055,1319036.900706635,2192100.4837551815
BFA-2799,BFA,Burkina Faso,Houet,6523021740.036114,3.253392260854528e-05,3.090969123603535e-05,-0.049924240370674444,11509.405035330465,566755.7723455182,1758797.0232593415
TCD-5579,TCD,Chad,Ennedi,6521554101.864866,3.252660268404041e-05,3.520419360269512e-05,0.0823200303045637,191051.8259572905,34135.000119406104,161126.971594912
EST-1655,EST,Estonia,Ida-Viru,6517211067.481686,3.250494156590533e-05,2.5153172844612393e-05,-0.2261738790204213,3738.872128202249,1743095.4694391587,124306.07364096574
ECU-1268,ECU,Ecuador,Loja,6512568342.186202,3.248178572318769e-05,3.685803941025331e-05,0.1347294672885413,11237.099468550941,579559.5527487146,496951.1666419059
SRB-281,SRB,Republic of Serbia,Sremski,6507671870.634997,3.245736430733925e-05,5.071997879826773e-05,0.562664741289512,3625.7291433429987,1794858.8031136785,295058.1926739812
GBR-2024,GBR,United Kingdom,Midlothian,6507440434.457121,3.245621000692451e-05,2.5571745149187555e-05,-0.21211548903178035,448.92339798929294,14495658.866531895,80082.55675411224
RUS-2390,RUS,Russia,Kalmyk,6499683799.259503,3.241752337068764e-05,8.106970705562349e-05,1.5007989083128974,73321.46366713972,88646.40003323405,289024.6503382796
SDN-879,SDN,Sudan,White Nile,6488276512.728697,3.236062891410643e-05,3.826194638777738e-05,0.18236102547124755,38602.86207490551,168077.6026435231,2485601.176331766
GBR-2746,GBR,United Kingdom,Argyll and Bute,6479795214.734545,3.23183279831026e-05,0.0001267128421608695,2.920773445554497,7073.880305091091,916017.0847209584,58039.08294475824
COD-1871,COD,Democratic Republic of the Congo,Bandundu,6468924735.448768,3.2264110881597234e-05,4.270348346872113e-05,0.32355990299668513,296134.8866180454,21844.520952346906,6656986.629568695
IRL-5571,IRL,Ireland,Waterford,6459961573.6370535,3.221940662882426e-05,8.549921147525612e-07,-0.973463443178756,26.298329554544654,245641517.27730927,36410.95001220703
COL-1427,COL,Colombia,Vichada,6453527431.364852,3.2187315997353354e-05,3.449102006375653e-05,0.0715717976171919,98338.25219365038,65625.8097678652,57749.94385969918
PHL-4932,PHL,Philippines,Zamboanga,6447416112.680848,3.21568354659332e-05,1.641425508999672e-05,-0.48955626845228895,1226.2077067279322,5258013.040780361,671137.4079731703
PER-584,PER,Peru,Amazonas,6441282899.156424,3.212624573281601e-05,3.848383873320662e-05,0.19789405376727598,40681.145890200445,158335.82752417118,420553.2211381085
OMN-4836,OMN,Oman,Al Buraymi,6417192533.773246,3.2006093736667135e-05,0.00011102552522658709,2.4688870856924643,5585.9922302109535,1148800.8341771185,186447.36995651017
PHL-2546,PHL,Philippines,Apayao,6408363091.43295,3.1962056416967164e-05,3.946166989986004e-05,0.23464114401949687,3711.7480799639393,1726508.0908980248,137332.52243349142
TUR-3045,TUR,Turkey,Tunceli,6358600954.260022,3.1713865074957184e-05,4.1471947071709966e-05,0.3076913512020407,7963.060663275288,798512.183083717,71379.87299787812
HRV-1592,HRV,Croatia,Istarska,6350889858.04707,3.16754055668615e-05,4.5138571854020856e-05,0.4250353246066845,2840.88644778911,2235531.0480605736,178714.94474421442
ZMB-515,ZMB,Zambia,Northern,6343463944.104088,3.163836842071252e-05,3.454720614007149e-05,0.09194019364964023,69505.73932287918,91265.32579757787,1430306.7171951602
GBR-2132,GBR,United Kingdom,Monmouthshire,6341460557.60849,3.162837642255579e-05,6.767169515995854e-05,1.139588016022803,989.9870948604132,6405599.214909592,76627.7559928894
CHE-175,CHE,Switzerland,Uri,6327762949.39356,3.156005886309534e-05,0.00017877515505282385,4.6646014454007885,1125.9922041543941,5619721.811613811,35996.77253994346
BGR-2248,BGR,Bulgaria,Pleven,6318140742.158286,3.1512067585740795e-05,3.028395913122074e-05,-0.03897263964601849,4407.583071246108,1433470.5982914183,248953.8329318124
BFA-2836,BFA,Burkina Faso,Komoé,6314412522.715916,3.1493472890269936e-05,3.60123165819967e-05,0.14348508681374694,15157.818419589466,416577.9235457377,828102.8594594453
HUN-4922,HUN,Hungary,Miskolc,6300941621.956398,3.1426286046465994e-05,5.616394265821656e-06,-0.8212835504164437,365.17272386360185,17254688.562965907,193313.95872068405
FIN-3181,FIN,Finland,Central Ostrobothnia,6299830063.829552,3.1420742090380154e-05,3.497025203385399e-05,0.11296709457923848,5238.867285473291,1202517.5902619588,60965.44963964354
EGY-5494,EGY,Egypt,Luxor,6296429261.654252,3.140378040618109e-05,1.94073712549542e-07,-0.9938200525529295,6.853704422272007,918689933.7522031,899359.8125
FRO-1443,FRO,Faroe Islands,Eysturoyar,6295663723.718301,3.1399962244452564e-05,1.3463515042100484e-05,-0.5712251200404203,982.7662859016957,6406063.999175532,42984.051305328496
COL-1400,COL,Colombia,Quindío,6267326661.428006,3.125862961852437e-05,1.58619349142877e-05,-0.4925582116726045,1904.525123933018,3290755.570861363,596731.3894559443
TUR-4840,TUR,Turkey,Iğdir,6261787287.81328,3.1231001693972903e-05,4.231379237381824e-05,0.35486504046343614,3915.61969263619,1599181.6824267562,211253.85598515347
PHL-2549,PHL,Philippines,Aurora,6245401537.185935,3.114927687930288e-05,3.802888270879637e-05,0.22085924678606728,3324.7962731080092,1878431.345613773,210077.20372654495
BGR-2234,BGR,Bulgaria,Pazardzhik,6242479597.505925,3.113470354761631e-05,3.501269019423214e-05,0.12455511711184197,4398.332955330142,1419283.092231784,247121.7928783745
GBR-2125,GBR,United Kingdom,Denbighshire,6231207112.487516,3.1078481420845825e-05,6.807099351798226e-05,1.1902934250939232,999.0684178298351,6237017.406698605,75190.17910039425
SRB-838,SRB,Republic of Serbia,Macvanski,6231125284.813329,3.107807330090919e-05,3.2540719370800575e-05,0.04706360190767023,3173.3317681385047,1963590.869185589,285310.1211295128
THA-385,THA,Thailand,Satun,6230006004.410765,3.107249082955687e-05,3.421912836169049e-05,0.1012676308891356,2520.4005886091413,2471831.6733328225,255061.0628400892
DOM-1979,DOM,Dominican Republic,Duarte,6209191861.287988,3.096867916856494e-05,2.382134489176919e-05,-0.23079235113297047,1425.3894395190018,4356137.12936114,321708.1249765754
ARE-339,ARE,United Arab Emirates,Umm Al Qaywayn,6205542718.62455,3.095047887279233e-05,5.620027588205889e-05,0.8158128057741594,660.2459911967748,9398834.375921408,73171.81897389889
DZA-2223,DZA,Algeria,Tébessa,6204937578.525922,3.0947460703925096e-05,3.852546457584457e-05,0.24486674187644586,13409.113863895256,462740.31539347593,835194.8451529685
HUN-3166,HUN,Hungary,Nógrád,6174930391.489944,3.0797798240785236e-05,5.867709933762641e-05,0.9052368250117593,2362.4327606462098,2613801.5415096427,150566.58162790537
PRY-606,PRY,Paraguay,San Pedro,6163045325.035414,3.0738520831075584e-05,3.1748036062348164e-05,0.03284202375320522,20928.898976924535,294475.3726333416,478319.600409257
GBR-2020,GBR,United Kingdom,Dundee,6161528081.850334,3.073095349888983e-05,6.6195116842243e-08,-0.9978459790762876,20.01971440300176,307773026.0191161,76553.94140625
BFA-2815,BFA,Burkina Faso,Kadiogo,6161204457.386248,3.072933940442741e-05,1.936050055776232e-05,-0.36996691328246045,2868.9848239642106,2147520.7557469835,3310358.6650032997
TUN-105,TUN,Tunisia,Bizerte,6141793414.0894165,3.063252577946367e-05,4.0134195956823114e-05,0.3101823938961459,3431.635930271471,1789756.7046407366,575578.2939206436
SLV-1358,SLV,El Salvador,Santa Ana,6136025402.390968,3.060375751014291e-05,3.124312199708486e-05,0.020891698894491828,2076.7709681097836,2954598.988821478,644451.6222038269
IRL-730,IRL,Ireland,Leitrim,6135657389.135272,3.060192202418918e-05,3.997149111378795e-05,0.3061758370011083,1592.5379090784127,3852754.370340811,33175.04617668688
TGO-90,TGO,Togo,Savanes,6128637339.257098,3.0566909146945056e-05,3.390458620849388e-05,0.10919249458633606,8418.69676219129,727979.3431663981,1256599.7391622066
BGR-2249,BGR,Bulgaria,Veliko Tarnovo,6099397843.790477,3.0421075586896438e-05,3.229058611032975e-05,0.061454451802440024,4711.633904003088,1294539.849245995,232847.70875187215
ECU-1284,ECU,Ecuador,Chimborazo,6069291066.311434,3.0270916411052505e-05,2.838129949543283e-05,-0.06242351205891272,5734.499087602135,1058382.0789915395,508075.5815353468
SDN-5858,SDN,Sudan,Western Darfur,6059455697.88871,3.0221861980783254e-05,2.9193352506951522e-05,-0.03403196912505635,46455.976862282536,130434.361887423,1496755.0175107569
DOM-1981,DOM,Dominican Republic,Monte Plata,6058693638.016571,3.0218061166085507e-05,6.164409078718294e-05,1.039975048312089,2673.200620706913,2266456.7676235177,225432.3171800375
HRV-1493,HRV,Croatia,Zadarska,6049770566.899105,3.0173556867811534e-05,3.1161394009819165e-05,0.03273850498750552,6012.12832271727,1006261.0513550752,136353.63287210464
LBY-2970,LBY,Libya,Misratah,6043760699.32852,3.0143582329289155e-05,4.554369353746018e-05,0.5108918721053084,50061.27454293353,120727.26382835644,435718.23022675107
PRY-4837,PRY,Paraguay,Asunción,6043741202.502151,3.0143485087816492e-05,3.0804620919244517e-07,-0.9897806704070542,79.08327904183052,76422491.27410811,582129.5986328125
QAT-5487,QAT,Qatar,Al Daayen,6042684649.169003,3.0138215471104736e-05,5.137029786431275e-05,0.7044903641877684,253.33088600109303,23852932.994293205,57574.97457122803
GTM-1962,GTM,Guatemala,Jutiapa,6039993039.87561,3.0124790924639376e-05,4.372001527855266e-05,0.45129688660489964,3458.1096460553345,1746616.9838673074,485545.9632167816
PHL-2554,PHL,Philippines,Quirino,6038787545.980225,3.0118778458843528e-05,3.3463588326683365e-05,0.1110539682879379,2885.9442797984393,2092482.376826065,255692.00217863917
LAO-3295,LAO,Laos,Xékong,6032613422.831734,3.0087984686770722e-05,5.2298825266166236e-05,0.7381963534819704,8103.394123289719,744455.1420118618,138616.17940202495
DZA-2221,DZA,Algeria,Oum el Bouaghi,6025963970.810501,3.0054820186318385e-05,3.234344378520996e-05,0.07614830448838972,6385.195614584602,943739.9156646713,811104.7019902617
DOM-1974,DOM,Dominican Republic,Azua,6012062555.515396,2.9985486128057576e-05,3.651999070187906e-05,0.21792224898122003,2662.399617674403,2258136.8009536117,226233.7454172224
MDG-5862,MDG,Madagascar,Analamanga,6011290565.647684,2.9981635786971545e-05,2.490218726973663e-05,-0.16941865858573923,16298.836860523723,368817.1503947752,5116255.5214550495
DOM-1396,DOM,Dominican Republic,San Pedro de Macorís,6008559441.698001,2.9968014159027556e-05,3.853209783079224e-05,0.28577414660573486,1204.558001575276,4988186.068118124,328621.7693157196
GTM-1955,GTM,Guatemala,Totonicapán,6002897846.949102,2.993977664998001e-05,2.4175426121251035e-05,-0.19253151404964886,1230.3859318912953,4878873.930004801,610502.7405548096
SEN-5516,SEN,Senegal,Kaffrine,6002224092.558853,2.9936416263634062e-05,3.215379924996554e-05,0.07406975393461157,11086.736549609894,541387.816486904,719474.3032890856
PRT-747,PRT,Portugal,Portalegre,5987446585.8808775,2.9862712652367873e-05,4.1038227583215866e-05,0.37422973126863157,6041.935774485698,990981.5015189467,102874.623727998
ECU-5508,ECU,Ecuador,Santo Domingo de los Tsáchilas,5982720724.511538,2.9839142163999706e-05,3.373204905640774e-05,0.1304630967945435,3778.737679073895,1583259.07554869,516597.6368204355
THA-407,THA,Thailand,Chai Nat,5978702697.678228,2.981910203854196e-05,3.083024413473771e-05,0.03390920675239717,2335.0022802107337,2560469.747009691,241281.72856140137
AFG-1767,AFG,Afghanistan,Kabul,5958483324.21141,2.9718256823275343e-05,1.91212940870938e-05,-0.35658089904795487,4187.403186354936,1422954.2890991992,6009210.138451368
PHL-2587,PHL,Philippines,Agusan del Norte,5946953563.779715,2.9660751521510435e-05,3.095472804551298e-05,0.04362588463290051,2166.9512037149325,2744387.3925654166,377997.90584659576
TUR-3031,TUR,Turkey,Gümüshane,5941332271.165022,2.9632715021530076e-05,3.9647818804780585e-05,0.33797455872585047,6310.819456994957,941451.7895262566,106311.64947745577
PRY-605,PRY,Paraguay,Presidente Hayes,5938415040.165787,2.9618165174642728e-05,3.7031822831981626e-05,0.2503077963683591,73522.99481054433,80769.4933465105,165991.3380092674
LBN-3024,LBN,Lebanon,Beirut,5937261006.156787,2.9612409367804622e-05,3.594492781869338e-07,-0.9878615321798929,14.965965528136485,396717538.5373266,495805.84375
SRB-839,SRB,Republic of Serbia,Šumadijski,5921089022.954714,2.953175072969313e-05,3.323218075629056e-05,0.12530344240230828,2316.5439341826195,2556001.177264069,301889.5299425125
DZA-2207,DZA,Algeria,Bordj Bou Arréridj,5894334695.303773,2.9398312078109772e-05,3.0029961179707522e-05,0.021485896874605892,3907.299676815136,1508544.3100971158,793387.1841291785
THA-435,THA,Thailand,Trat,5880660508.649034,2.9330111334943518e-05,2.342293909512986e-05,-0.20140299408873807,2618.676829321957,2245661.031098552,223756.26260399816
MWI-1916,MWI,Malawi,Chikwawa,5852491592.501922,2.9189617346969827e-05,2.603994863718693e-05,-0.10790373413750365,5048.2257688948,1159316.5322681672,607111.0714762664
GBR-2128,GBR,United Kingdom,Anglesey,5842893967.104844,2.9141748672858586e-05,4.417229245710796e-06,-0.8484226428791893,670.0691369301761,8719837.46912029,70696.93667602539
CYP-3465,CYP,Cyprus,Paphos,5842474680.951653,2.9139657460564286e-05,2.8225972525306104e-05,-0.0313553766544683,1394.6861844574828,4189096.261267053,102194.13735719024
PRY-598,PRY,Paraguay,Boquerón,5835727642.540402,2.9106006242730497e-05,3.19192593961777e-05,0.09665541641082553,88726.07692559613,65772.40699410303,75260.17406833658
KGZ-1117,KGZ,Kyrgyzstan,Ysyk-Köl,5833160097.87911,2.909320047530652e-05,4.235727954103347e-05,0.4559168069867434,42551.93334689213,137083.3153531706,508992.8348925999
DOM-1965,DOM,Dominican Republic,Puerto Plata,5823418557.234092,2.9044614016137168e-05,2.874035476751636e-05,-0.010475582441955011,1757.4684098288346,3313526.732353188,269866.03780555725
GBR-2099,GBR,United Kingdom,Down,5789572152.9688425,2.8875803250079986e-05,1.157417445434059e-05,-0.599173939713399,677.0416172454732,8551279.574989159,70214.09967803955
NER-93,NER,Niger,Dosso,5769047154.170708,2.8773433711996046e-05,5.235364868822009e-05,0.8195134168638734,31271.348046537973,184483.4813512107,2652042.6283820607
GBR-2114,GBR,United Kingdom,Merthyr Tydfil,5767119346.667883,2.8763818668140507e-05,8.358427532976824e-06,-0.7094117568528959,51.705380094125154,111538090.15946393,71573.2523803711
THA-409,THA,Thailand,Nakhon Nayok,5760906652.680014,2.8732832521926806e-05,0.00010574604383179011,2.6803208925222544,2291.2484815222124,2514308.988806269,248022.6217700243
DZA-2194,DZA,Algeria,Ouargla,5756551084.265367,2.8711108889634024e-05,3.5765280967400307e-05,0.24569486692007048,211346.673061124,27237.481436958806,774841.2825420143
JAM-1382,JAM,Jamaica,Saint Andrew,5754752345.700123,2.8702137584063256e-05,1.0402618368168199e-05,-0.637566423835129,414.50131686728093,13883556.243423795,461384.5071411133
KHM-1802,KHM,Cambodia,Takêv,5751443889.076373,2.8685636478281227e-05,4.2456389064334116e-05,0.48005741816044933,3502.8108725655948,1641951.0211419985,865033.8814086914
ECU-1279,ECU,Ecuador,Cotopaxi,5746948422.146569,2.866321509460166e-05,4.198604592615932e-05,0.46480587706529963,5959.754406256281,964292.826582532,476185.95234546065
SWE-193,SWE,Sweden,Gotland,5745117887.038584,2.8654085202059696e-05,2.6830756864274794e-05,-0.06363240441728835,3107.754749754781,1848639.4035732404,51842.14128111862
ITA-5402,ITA,Italy,Isernia,5737551008.449286,2.8616344987137295e-05,7.797508913943045e-05,1.7248444612503562,1579.8003798306888,3631820.248748259,77248.05538862944
RUS-5482,RUS,Russia,Sevastopol,5737023157.931421,2.8613712304221078e-05,1.10290089338094e-05,-0.6145551190090631,753.3112622675766,7615740.59129575,293372.9048643112
GBR-2103,GBR,United Kingdom,Castlereagh,5732829156.076486,2.8592794493855508e-05,9.787049022388553e-06,-0.6577092517315244,102.35203727046049,56010894.44783353,71178.33056640625
SDN-148,SDN,Sudan,Blue Nile,5729519399.647913,2.8576286905226846e-05,5.2836937352504874e-05,0.8489784039381458,44333.41787295065,129237.03324808824,1370086.6997023262
AGO-1882,AGO,Angola,Zaire,5715263546.768175,2.8505185070403646e-05,3.931631169275386e-05,0.3792687749842112,36345.161032947646,157249.64161218517,894809.9525962295
ZMB-514,ZMB,Zambia,Luapula,5713380132.772844,2.849579144156015e-05,2.616389112525018e-05,-0.08183314792615204,49465.9356118147,115501.3053348218,1655228.050696949
MDG-5880,MDG,Madagascar,Sofia,5713111994.816151,2.8494454089044837e-05,3.859026894239729e-05,0.3543080636604987,51433.47279514687,111077.70259983739,1575464.0369013771
COL-1407,COL,Colombia,Putumayo,5709390324.806596,2.847589205922325e-05,3.0482570806823107e-05,0.07046939015734544,25495.972140022775,223933.03120394357,407221.2208003998
PAN-3454,PAN,Panama,Ngöbe Buglé,5702084269.596969,2.8439452714968903e-05,3.744754515549889e-05,0.3167463358318652,6196.10748362707,920268.7791753879,186548.61036932468
PNG-1250,PNG,Papua New Guinea,East New Britain,5678517218.6283245,2.8321910777676315e-05,6.678479954770845e-05,1.3580612223504733,15258.456375088941,372155.4185454244,279696.5319387652
LAO-3271,LAO,Laos,Bokeo,5670153037.663737,2.8280193974171652e-05,3.2909376351697825e-05,0.16368990897848912,6639.557586224733,853995.6110069373,209846.98681618273
GBR-2094,GBR,United Kingdom,Ballymena,5665306480.516473,2.825602150910393e-05,2.646851618343827e-05,-0.06326104066312865,613.272586775154,9237827.684923999,68687.16081237793
MMR-3296,MMR,Myanmar,Kachin,5664398231.335048,2.825149156734452e-05,0.00014477387223926994,4.124468274326865,87525.1929731865,64717.34638814617,1922671.403805483
PHL-5531,PHL,Philippines,Cagayan de Oro,5662416824.459536,2.8241609193727964e-05,1.3088844730471567e-05,-0.5365404060127564,680.2646940987661,8323843.459142423,701064.8812484741
OMN-2406,OMN,Oman,Ash Sharqiyah South,5660895888.902549,2.8234023445638254e-05,4.943707017501536e-05,0.7509750344367825,17516.14707748916,323181.5686326154,144751.3086223742
KHM-1797,KHM,Cambodia,Kâmpôt,5646576868.799198,2.8162606560881708e-05,3.567475603600848e-05,0.2667419813889409,4774.839234814331,1182569.0020365189,613703.6635305882
CIV-3462,CIV,Ivory Coast,Sud-Comoé,5642088033.702345,2.8140218253826526e-05,3.97575248740034e-05,0.4128364078554061,5673.728797017193,994423.2859118183,438576.5805771351
COG-2838,COG,Republic of the Congo,Likouala,5635785449.504671,2.8108783775345115e-05,2.4939871070379824e-05,-0.11273745354093978,67165.65312228308,83908.74185715207,927240.5073279776
BIH-2889,BIH,Bosnia and Herzegovina,Zenica-Doboj,5627547576.448919,2.806769693934549e-05,2.6964364316571754e-05,-0.03930969559625952,3239.018334181634,1737423.810498673,383381.6493825317
GBR-2131,GBR,United Kingdom,Blaenau Gwent,5626997453.620582,2.806495317208001e-05,1.3832563781139269e-06,-0.9507123218901345,67.98614798207643,82766822.66369994,69852.97631835938
PER-569,PER,Peru,Apurímac,5617846527.021193,2.8019312432305414e-05,2.823721627208568e-05,0.00777691602200159,20928.22527148518,268433.9667671458,409321.87724804785
GBR-2089,GBR,United Kingdom,Dungannon,5607998815.839266,2.7970196441859193e-05,3.251160896032076e-05,0.1623661288150644,877.1433980338343,6393480.04945361,67617.3376045227
GBR-2136,GBR,United Kingdom,Fermanagh,5606962178.194481,2.7965026155716875e-05,4.732438061988723e-05,0.6922702076648239,1811.6887178094855,3094881.6554832133,64243.60012123734
KGZ-1118,KGZ,Kyrgyzstan,Naryn,5600523948.564712,2.7932915138329743e-05,4.911019410155705e-05,0.7581478287659169,45263.28945191465,123732.14621342125,288093.6161268547
GBR-2137,GBR,United Kingdom,Ards,5596391308.460808,2.7912303373005682e-05,6.903542778987435e-06,-0.7526702584615811,369.64787563394975,15139790.263539163,68577.67044067383
PHL-5546,PHL,Philippines,Malabon,5552115403.552297,2.7691474910197454e-05,7.07304845368315e-06,-0.7445766801291439,19.401149505179763,286174558.99043405,805838.1875
BFA-2878,BFA,Burkina Faso,Tapoa,5551703663.608769,2.7689421335030696e-05,2.9318376905877232e-05,0.05882952739014802,14474.875207989915,383540.6926716931,564243.9092295021
BOL-1293,BOL,Bolivia,El Beni,5548047163.661307,2.7671184344407357e-05,3.710242274249779e-05,0.34083248048602544,209828.1630840715,26440.908036917714,453538.506790171
OMN-2405,OMN,Oman,Al Wusta,5546167229.936703,2.7661808073601744e-05,5.074419697501479e-05,0.8344497525250731,65037.990043059224,85275.80920420193,65793.59268314135
DZA-2193,DZA,Algeria,Laghouat,5529601016.385648,2.7579183190370298e-05,2.9018281826285676e-05,0.05218061122339046,27219.050308009042,203151.87171532563,744293.4286109377
SYR-137,SYR,Syria,Aleppo,5528597086.840646,2.7574176037639063e-05,7.078389130066888e-05,1.5670355917089984,18774.934663752934,294466.9148444073,4681513.0878017545
TTO-56,TTO,Trinidad and Tobago,San Juan-Laventille,5515943559.833508,2.751106588949274e-05,2.7072081255568996e-05,-0.015956656702690863,294.40558274685884,18735866.040204566,192630.3606212139
KHM-1785,KHM,Cambodia,Kâmpóng Chhnang,5500099410.300952,2.743204233948269e-05,3.213611651506506e-05,0.17148100448984205,5398.323058758638,1018853.3273082249,496252.0491717011
DZA-2146,DZA,Algeria,Sidi Bel Abbès,5463333031.855456,2.7248668044774973e-05,3.156933986450407e-05,0.1585645145160628,7911.180109234513,690583.8264860448,735373.6484555602
SDN-880,SDN,Sudan,Sennar,5452093554.643349,2.7192610546217994e-05,3.064617945234666e-05,0.12700394837997608,36097.952150254816,151036.0901346827,1785979.041064132
HUN-3159,HUN,Hungary,Zala,5444006950.293953,2.715227817104677e-05,5.346373104037546e-05,0.9690329740870627,3116.1471165962057,1747031.4290682427,112760.10824340582
ECU-1410,ECU,Ecuador,Imbabura,5428571762.0115,2.7075294337320217e-05,2.853940169643312e-05,0.054075399545880476,4379.771466574524,1239464.6166908925,459459.8901798725
SVN-256,SVN,Slovenia,Maribor,5425370305.107622,2.7059326898409796e-05,4.996494792792149e-06,-0.8153503665648911,155.10502480264194,34978688.22761189,111338.37072753906
GTM-1954,GTM,Guatemala,Sololá,5422619699.074545,2.704560810252453e-05,2.6014032448858106e-05,-0.03814207651593282,1107.8322163718467,4894802.316576095,554568.1613311768
HUN-4916,HUN,Hungary,Szeged,5421873789.19603,2.7041887836790686e-05,6.04765631902621e-06,-0.77635968481467,245.26526554367837,22106162.391879614,168957.99609279633
SRB-279,SRB,Republic of Serbia,Branicevski,5414991978.591099,2.700756443537485e-05,3.398162696962928e-05,0.25822626660550396,4121.999005024767,1313681.0494107732,183683.08760593832
PHL-2555,PHL,Philippines,Bataan,5410175643.213725,2.6983542703013827e-05,4.28520469553268e-05,0.5880808323415814,1157.0653244976236,4675773.7257079445,530579.928863287
HRV-1610,HRV,Croatia,Varaždinska,5372699663.052093,2.6796629231489635e-05,2.6585795766894183e-05,-0.007867909906656978,1058.4862845159332,5075833.047292752,162654.6180419922
PHL-2551,PHL,Philippines,Ifugao,5369629660.592312,2.6781317428706343e-05,3.1810089177643265e-05,0.18777163454799606,2541.346136487988,2112907.637215003,242008.77369308472
GIN-5635,GIN,Guinea,Dubréka,5366842827.263985,2.676741794723287e-05,1.8976523511286112e-05,-0.2910588705756042,3671.410943334378,1461793.002771249,2182961.6067513693
BGR-2232,BGR,Bulgaria,Haskovo,5364980598.708101,2.6758129981910804e-05,2.9042897020548648e-05,0.08538590103951238,4114.16765037972,1304025.7604020918,207107.2860047668
DZA-2165,DZA,Algeria,Jijel,5358426801.372796,2.672544256436163e-05,2.3404306407310635e-05,-0.12426870571190196,2213.875582732352,2420382.9895262034,721253.0965862274
UGA-3091,UGA,Uganda,Wakiso,5351260668.5830765,2.66897010907203e-05,2.4069199024619084e-05,-0.09818401701817236,2581.5324853678285,2072900.7668561663,2583593.846483946
GBR-2031,GBR,United Kingdom,Middlesbrough,5348569066.743246,2.6676276581429983e-05,1.4025166862853507e-06,-0.9474245709664865,20.815807281561607,256947472.38945398,66525.998046875
MMR-3270,MMR,Myanmar,Mon,5334547066.542967,2.660634109945344e-05,1.442398977832048e-05,-0.45787398107826316,10417.806616682916,512060.48094618163,1810709.7485409677
UZB-370,UZB,Uzbekistan,Jizzakh,5320011901.4561205,2.6533846179938535e-05,3.709983643198755e-05,0.3982080162972246,21364.899278595145,249007.1135877566,1326256.4119839636
PHL-5523,PHL,Philippines,Mandaue,5318080030.156557,2.652421086767767e-05,3.3056148649675063e-07,-0.9875373677224241,24.850920204241294,213999320.20420405,765845.1875
VEN-34,VEN,Venezuela,Lara,5316795479.07065,2.6517804099881833e-05,2.2458478011765645e-05,-0.15307926979271547,18789.681373852996,282963.57842817385,1786264.9972887486
SRB-125,SRB,Republic of Serbia,Borski,5294113386.854702,2.64046759420797e-05,2.5038176314027543e-05,-0.051752183251544515,3812.243664254115,1388713.275726703,195361.8008797616
ESP-5835,ESP,Spain,Melilla,5291160323.387396,2.6389947378825987e-05,5.7643681798275465e-08,-0.9978156954627152,9.631188907668205,549377690.9696636,96169.6484375
RUS-2400,RUS,Russia,Gorno-Altay,5250992698.166463,2.618960918245204e-05,3.6149300873610046e-05,0.3802917264542973,93132.00865571648,56382.255402414274,213393.37796002557
GTM-1957,GTM,Guatemala,Santa Rosa,5221849850.479844,2.6044257658416826e-05,4.465128653255142e-05,0.7144388263307357,3088.4154946394287,1690786.0550315925,405651.1649980545
GEO-3037,GEO,Georgia,Kvemo Kartli,5218791976.636305,2.6029006347760938e-05,2.1006628078724343e-05,-0.19295313090077404,6638.420642059589,786149.636793302,538230.7056371286
MYS-1141,MYS,Malaysia,Perlis,5215420978.099965,2.6012193310818004e-05,1.4819844721686766e-05,-0.4302731590294826,671.8055758866761,7763289.209406221,224371.25177764893
HRV-1605,HRV,Croatia,Vukovarsko-Srijemska,5195648256.559852,2.591357579611648e-05,2.544206750996123e-05,-0.018195415787654934,2253.172440814688,2305925.7083231686,145441.9374876544
NZL-3402,NZL,New Zealand,Nelson City,5195500735.882705,2.5912840028785828e-05,3.4054827427530975e-06,-0.8685793321392004,359.0106724298831,14471716.678276235,53308.48256012797
HKG-5160,HKG,Hong Kong S.A.R.,Wong Tai Sin,5194176508.724267,2.590623537443916e-05,5.862797099620757e-06,-0.7736916609116665,7.3677362754734705,704989472.2772871,44916.64097649368
MWI-1907,MWI,Malawi,Dedza,5188959202.145953,2.5880213776595614e-05,2.2807509785574675e-05,-0.11872792155216638,3937.9552402208533,1317678.5630135653,922871.5690063834
HRV-1602,HRV,Croatia,Brodsko-Posavska,5185167838.162063,2.586130414431957e-05,1.5801901475253034e-05,-0.38897507306398094,1759.8057857587326,2946443.2269305787,150108.0094000697
BGR-2262,BGR,Bulgaria,Ruse,5168854579.021186,2.5779940884846595e-05,2.4429147926401047e-05,-0.052397054146836375,2884.786874757569,1791763.067230249,216598.4227580726
SEN-764,SEN,Senegal,Fatick,5161508804.9053955,2.5743303440406364e-05,3.509446516401269e-05,0.3632463776552026,7038.307279591991,733345.1922270446,906616.0550692528
GIN-5641,GIN,Guinea,Kankan,5157963529.727368,2.572562118931712e-05,2.7734837806403374e-05,0.07810177263749063,17287.858952005696,298357.56666264066,554935.1334411688
PHL-5556,PHL,Philippines,Las Pinas,5147770140.110742,2.5674781109041033e-05,5.224086619402071e-06,-0.7965284846162728,33.11286181440205,155461348.1904418,742840.1875
GBR-2085,GBR,United Kingdom,Armagh,5117442832.706566,2.552352202830592e-05,3.153227507363353e-05,0.23542021507313238,603.6084602837739,8478083.342802564,61806.98609924317
SRB-829,SRB,Republic of Serbia,Moravicki,5103632905.62594,2.5454644272447293e-05,2.9770181855673842e-05,0.1695383183137935,3155.1734759479837,1617544.3108060912,214602.21805858612
NIC-644,NIC,Nicaragua,Atlántico Sur,5091491149.236576,2.5394086607848556e-05,4.1327750028739534e-05,0.6274556619006866,25887.59573805598,196676.864114957,353363.4551859256
PER-575,PER,Peru,Tacna,5087176043.399403,2.5372564784842413e-05,2.9355406886211267e-05,0.15697435931854264,15766.364906216548,322660.04711038823,379132.6891641095
HUN-4913,HUN,Hungary,Pécs,5068938413.8596325,2.5281603624255063e-05,3.3005510011520283e-06,-0.8694485108537382,129.938448118832,39010304.39600109,157601.64279174805
COL-1424,COL,Colombia,Guainía,5051096670.580818,2.5192616967737914e-05,2.5285015012995183e-05,0.0036676636403274454,71556.9772724344,70588.45780125808,78866.0601105594
GTM-1960,GTM,Guatemala,Chiquimula,5050815503.464893,2.5191214631588486e-05,1.9728142739189268e-05,-0.21686417158896365,2525.425167926579,1999986.2073172047,431942.8128557205
LAO-3283,LAO,Laos,Vientiane [prefecture],5042830747.480186,2.515139023062717e-05,2.7500056318460303e-05,0.09338116367711291,3284.621336484746,1535285.2675788512,537919.839339722
BOL-1292,BOL,Bolivia,Chuquisaca,5029290157.916354,2.5083855810154524e-05,2.5759684293377708e-05,0.026942767026654435,51549.45973743428,97562.422254916,647999.8861094485
VEN-41,VEN,Venezuela,Aragua,5028743294.889601,2.5081128301325194e-05,2.636118222369772e-05,0.05103653659412499,6688.308314927399,751870.735932751,1689489.122418136
BFA-2806,BFA,Burkina Faso,Soum,5010313684.948376,2.4989209628135218e-05,2.467832899291879e-05,-0.012440594954488238,12583.701609502305,398158.9710586389,523027.98653793335
LKA-2459,LKA,Sri Lanka,Yāpanaya,5003659651.22502,2.495602227619653e-05,8.041259817555835e-06,-0.6777827921228567,734.6453431849931,6810986.685809611,468024.5617657602
SEN-765,SEN,Senegal,Kaolack,5002641737.085571,2.495094537454653e-05,1.9770402018388254e-05,-0.20762914103620134,5012.8662036422875,997960.3551857644,1116181.1895518303
TUR-4839,TUR,Turkey,Ardahan,4997556430.995161,2.4925582136253037e-05,2.3715994284888627e-05,-0.04852796796288761,5090.031105872511,981832.1984770074,96130.978828107
SRB-833,SRB,Republic of Serbia,Pomoravski,4991713993.615767,2.4896442664836e-05,2.497165042377534e-05,0.003020823494818581,2534.466354588257,1969532.5544878687,225642.42811104655
BWA-2647,BWA,Botswana,Kweneng,4991471359.283837,2.4895232513024193e-05,2.473490884432421e-05,-0.006439934578482243,36906.15168690457,135247.67907608647,408453.8146077966
MDG-5878,MDG,Madagascar,Menabe,4975271522.861829,2.4814434955476607e-05,3.7533045069907395e-05,0.5125488505884257,49555.50068501114,100397.96700846734,879076.4083459848
PHL-5529,PHL,Philippines,General Santos,4964192809.830047,2.475917927693639e-05,1.3615414210235012e-05,-0.4500862060917338,697.7114622077656,7114965.252429523,598286.284614563
GBR-5699,GBR,United Kingdom,Reading,4940625835.583822,2.4641637722301006e-05,4.81333853840727e-06,-0.8046664514489175,31.11751708706898,158773138.02896315,61448.23645019531
DOM-1967,DOM,Dominican Republic,Espaillat,4937951353.500819,2.4628298598720855e-05,1.8921955880406018e-05,-0.23169861675346148,959.2013715854247,5147981.956425982,277845.97051239014
GBR-2092,GBR,United Kingdom,Antrim,4925733866.00422,2.4567363221141837e-05,3.7026714524216176e-05,0.507150531008238,591.4648644450699,8328024.4729764145,59729.76493066549
ALB-1524,ALB,Albania,Elbasan,4924591654.435305,2.4561666379361042e-05,3.062850717092972e-05,0.24700444578412628,3041.6158325549186,1619070.8904545351,259735.9287633896
BGR-2251,BGR,Bulgaria,Vratsa,4921691231.190946,2.454720036205731e-05,4.333625920166942e-05,0.7654257333823868,4444.881336550819,1107271.6814100884,178310.3711583987
PNG-1252,PNG,Papua New Guinea,Milne Bay,4920772582.274801,2.4542618551060293e-05,6.873705257894044e-05,1.800722035260205,12817.710909060126,383904.163324247,222945.4096415937
PER-581,PER,Peru,Pasco,4918213483.81566,2.4529854909524908e-05,2.797435064830928e-05,0.14042055085482308,23535.439264319728,208970.54134323238,342168.3288304452
COL-1420,COL,Colombia,Arauca,4906330074.277988,2.4470585763777416e-05,2.3603553141326702e-05,-0.03543162516910969,24006.218841309932,204377.4618031545,338591.86389592756
LTU-1073,LTU,Lithuania,Taurages,4906224432.824926,2.447005887133475e-05,3.313739881704629e-05,0.3542018428024636,3764.616844707941,1303246.6875670985,84960.51062601805
BOL-1937,BOL,Bolivia,Oruro,4891602735.613693,2.43971323681842e-05,2.765417126161492e-05,0.13350089036194102,54895.593426073094,89107.38422385626,622038.0926300526
CUW-5151,CUW,Curaçao,Curaçao,4876584573.081708,2.4322228472871497e-05,3.6762820705304394e-06,-0.8488509358987855,234.42018085505296,20802750.66461537,178009.55031776428
TUN-109,TUN,Tunisia,Le Kef,4875592665.970419,2.431728128267658e-05,2.5305092266145735e-05,0.04062176902040715,5259.874371253847,926940.896652666,254568.128141284
CAN-636,CAN,Canada,Yukon,4857930718.343264,2.4229191366665523e-05,5.847314386280203e-05,1.4133345177688956,484389.26713185466,10028.98092087762,42424.19750460891
GBR-2005,GBR,United Kingdom,Inverclyde,4851293757.599043,2.4196089167130737e-05,1.746751227255324e-06,-0.92780853074272,38.15243037017247,127155562.84434712,59956.10292004049
PNG-1242,PNG,Papua New Guinea,Chimbu,4851130692.562593,2.419527587147001e-05,2.276414607752682e-05,-0.05914914140866301,6329.887360228354,766384.9949436678,609450.0541570112
GBR-2762,GBR,United Kingdom,Rutland,4842493559.3179865,2.4152197703752883e-05,4.68282689610502e-05,0.9388823135450652,306.64957855735315,15791619.809489766,59146.89448547363
MMR-3273,MMR,Myanmar,Rakhine,4829782589.422433,2.408880105610363e-05,9.002240522755053e-05,2.7371060941507763,34470.37381603906,140114.01835088705,1639377.122164566
TUN-101,TUN,Tunisia,Tozeur,4821836075.651795,2.4049167390246764e-05,2.2279674525034912e-05,-0.07357813418228676,6662.577899850028,723719.2792538055,121849.53866964392
TUN-106,TUN,Tunisia,Jendouba,4817526238.031732,2.4027671842757485e-05,2.1094304392661706e-05,-0.12208288298976278,3301.3650268922906,1459252.8238437981,413360.28662610054
MWI-1904,MWI,Malawi,Machinga,4809694746.625687,2.3988611857145304e-05,2.1919896554957717e-05,-0.08623739107985917,4002.487568904397,1201676.3734614789,754569.6342674494
MRT-2787,MRT,Mauritania,Nouakchott,4794409030.074893,2.391237352173897e-05,1.1831072158871874e-05,-0.505232211761993,1568.1485887529084,3057369.0940140514,1342842.688733332
MWI-1914,MWI,Malawi,Salima,4791494886.204254,2.3897839072071933e-05,2.3529797757676763e-05,-0.015400610627815281,4167.635362814958,1149691.4842780104,531392.3833591938
GTM-1942,GTM,Guatemala,Baja Verapaz,4781195569.614913,2.3846470675308524e-05,3.931292485333087e-05,0.6485846223792293,2813.2074644561567,1699553.1364193943,368427.4035701752
LBY-2976,LBY,Libya,Mizdah,4779293605.6756525,2.3836984527619583e-05,3.10289412589416e-05,0.30171420059398857,88408.19539205664,54059.39556260941,344557.8763286222
BDI-2637,BDI,Burundi,Bururi,4777690710.201975,2.382899000002662e-05,2.194174686637465e-05,-0.0791994597190172,3460.476369855089,1380645.379295581,953062.509651184
HKG-5166,HKG,Hong Kong S.A.R.,Tuen Mun,4762380955.851876,2.3752631774800287e-05,1.6041844804192382e-05,-0.3246287419311765,21.11643201752959,225529623.18153155,41182.68896484375
GEO-3030,GEO,Georgia,Imereti,4758412148.733646,2.3732837135325113e-05,1.4787102637923164e-05,-0.37693489600055785,6039.329971483654,787903.9845813673,486007.3792238068
PHL-5558,PHL,Philippines,Taguig,4751082793.155752,2.3696281579227825e-05,1.695935768461712e-05,-0.2843029980077675,73.27101324964066,64842597.12593851,677198.9321289062
ABW-5150,ABW,Aruba,Aruba,4735594558.984058,2.3619033176268782e-05,3.0154250774193742e-06,-0.8723307150248164,103.86971494824584,45591677.62560643,85572.37512207031
PRY-597,PRY,Paraguay,Alto Paraguay,4730424462.542217,2.3593247041526168e-05,2.5963487273521522e-05,0.1004626547513161,79538.76120848765,59473.197604156674,18348.105417757062
GTM-1953,GTM,Guatemala,Sacatepéquez,4726546780.267519,2.3573906892120983e-05,2.3126032406336277e-05,-0.01899873821654896,719.8250262791261,6566244.028357399,502675.5885734558
SRB-843,SRB,Republic of Serbia,Jablanicki,4722132322.929241,2.3551889548146676e-05,2.1397040009354945e-05,-0.09149370093582565,2796.042020436426,1688863.145980967,201240.05266845223
BIH-2225,BIH,Bosnia and Herzegovina,Una-Sana,4715265851.694435,2.351764265266634e-05,2.2507154641535833e-05,-0.04296723213523035,4772.712571149326,987963.5074187891,265214.959825702
SRB-832,SRB,Republic of Serbia,Pomoravski,4707086620.728754,2.3476848297252555e-05,2.447375879823043e-05,0.04246355764434284,2581.511257513774,1823384.1154200889,207869.5911643207
PAN-1958,PAN,Panama,Bocas del Toro,4697834336.078227,2.3430702028733324e-05,3.196620023167871e-05,0.3642869169040779,4806.557138502111,977380.3162448691,155426.4044237584
BGR-2259,BGR,Bulgaria,Dobrich,4695091315.826739,2.341702106734271e-05,3.807726120222732e-05,0.6260506019414112,4710.97542751505,996628.2754107488,162713.5421544565
VIR-4870,VIR,United States Virgin Islands,Saint Croix,4689643370.3443575,2.3389849145530535e-05,7.840800981026943e-07,-0.9664777616467646,107.7826062915756,43510205.69736311,42346.78553771973
GBR-2100,GBR,United Kingdom,Coleraine,4680526794.652414,2.3344379732758813e-05,1.7147149986764206e-05,-0.26546988255584825,571.3791010769773,8191631.065662383,56870.22446775437
PER-572,PER,Peru,Madre de Dios,4673159102.667157,2.3307632971762944e-05,2.8510434604784066e-05,0.22322308058155382,82755.57036430399,56469.42051266304,151662.28168891976
BIH-2890,BIH,Bosnia and Herzegovina,Sarajevo,4672161168.875596,2.330265572317525e-05,1.3423124593399878e-05,-0.4239658881433783,1520.4166276263416,3072947.9564885614,359257.47611409426
SRB-841,SRB,Republic of Serbia,Pcinjski,4666337005.743029,2.3273607395549495e-05,2.337392890467636e-05,0.004310526830750394,3468.0431610426167,1345524.4900528176,165688.8398977518
COL-1423,COL,Colombia,Guaviare,4665931214.285194,2.3271583488775835e-05,2.519988116572518e-05,0.08286061315420956,54493.82542079524,85623.11744964488,135261.9117600303
PHL-5533,PHL,Philippines,Puerto Princesa,4662290328.45114,2.3253424374384933e-05,2.0539065756165972e-05,-0.11672941475273602,2280.9344847521193,2044026.4109373642,218174.51511722803
BGR-2231,BGR,Bulgaria,Sliven,4656560989.144621,2.3224848985703892e-05,2.328671147506585e-05,0.0026636336537662064,3761.138285716646,1238072.2630774959,178507.01938892156
VEN-39,VEN,Venezuela,Bolívar,4650575479.497968,2.319499593364035e-05,2.6519972723942726e-05,0.14334888438070692,251023.11860660935,18526.482761080315,1562437.4172332482
DOM-1970,DOM,Dominican Republic,Barahona,4642179933.947039,2.3153122697570325e-05,1.6694004556743485e-05,-0.27897395203216613,1686.4070330648315,2752704.3251891946,202701.00882524252
CHL-2694,CHL,Chile,Arica y Parinacota,4640407810.744099,2.3144284137553974e-05,2.625977226644497e-05,0.13461155723696794,16335.6375739972,284066.5257002655,133347.56834181305
MWI-1912,MWI,Malawi,Ntcheu,4631680651.682372,2.310075696122034e-05,2.0909827274564407e-05,-0.09484233310336487,3767.2266730337933,1229466.9404515612,782473.4910316467
HRV-1583,HRV,Croatia,Karlovacka,4623417654.54736,2.3059544817520878e-05,2.9063866681448423e-05,0.26038336452180966,3266.0884407391472,1415582.5044042703,117501.45544965564
MWI-1873,MWI,Malawi,Chitipa,4611400875.81002,2.2999610485699615e-05,1.758061458433596e-05,-0.23561250764368402,4201.242153303163,1097627.965144636,281487.40364175197
BEN-2177,BEN,Benin,Ouémé,4609418830.857097,2.298972492963757e-05,2.3281431911558557e-05,0.012688580781796466,1344.2607631141575,3428961.818523044,1460082.4212745428
PHL-2585,PHL,Philippines,Southern Leyte,4603759230.996938,2.296149737020516e-05,1.7820050634661258e-05,-0.2239160039368967,1599.3456263218886,2878526.789474818,303957.5725154877
TUR-5521,TUR,Turkey,Bartın,4601579672.47533,2.2950626704570623e-05,2.2026267539400633e-05,-0.040275987974912386,2129.6230084294834,2160748.4772005826,186059.4339795113
MOZ-1927,MOZ,Mozambique,Maputo,4592513286.5324745,2.2905407615878386e-05,5.384632794897192e-05,1.3508129107313858,23957.46120301748,191694.48914537072,2748832.393145201
SRB-1061,SRB,Republic of Serbia,Srednje-Banatski,4587206271.701519,2.287893859328829e-05,3.334920657526134e-05,0.4576378374932386,3072.703599816861,1492889.2822512805,175684.06148056313
IND-3262,IND,India,Puducherry,4582181105.070726,2.2853875303791978e-05,6.607207778447746e-06,-0.7108933303162173,406.0795732356261,11283948.780186323,923016.649169922
SLV-1348,SLV,El Salvador,Sonsonate,4580455110.696898,2.28452668137978e-05,1.9881052613529176e-05,-0.1297517872926892,1226.8552049715947,3733492.829582077,504801.35371398926
GAB-2187,GAB,Gabon,Wouleu-Ntem,4577557453.630745,2.2830814592957002e-05,2.667516114000275e-05,0.16838411662419084,37783.043628123596,121153.75083820579,255808.8022651486
SLV-1352,SLV,El Salvador,San Miguel,4562387867.43374,2.2755155463951203e-05,1.8440216698467628e-05,-0.18962466647697995,2066.0562398656743,2208259.281330292,439596.33430957794
AGO-1885,AGO,Angola,Cabinda,4562370799.302978,2.275507033572882e-05,2.3213796820221156e-05,0.020159308572738954,6774.72578688125,673439.9210869416,1194218.773229197
PHL-5522,PHL,Philippines,Cebu,4561725190.294219,2.2751850325990477e-05,5.32064453471194e-07,-0.9766144535126713,36.34321376913789,125517936.28575487,638253.6533203125
ALB-1498,ALB,Albania,Shkodër,4556427904.081012,2.2725429825405906e-05,2.320313480279124e-05,0.021020723526702367,3662.4010782303085,1244109.4808443815,201644.4279214146
GBR-2087,GBR,United Kingdom,Banbridge,4553366694.424006,2.2710161877200512e-05,1.9306676821548674e-05,-0.14986617330406216,426.9711107407953,10664343.74570193,55374.15592956543
GBR-2084,GBR,United Kingdom,Omagh,4551834976.16827,2.2702522349819456e-05,3.577892985422044e-05,0.5759891919897162,1147.2246288772326,3967692.8664119304,53257.88740158081
TUN-116,TUN,Tunisia,Mahdia,4548282933.08219,2.268480634342391e-05,2.7172199308102713e-05,0.19781491174067933,2945.188432592805,1544309.655283447,405591.4858033061
RUS-2613,RUS,Russia,Yevrey,4543269554.286402,2.265980184639021e-05,5.397782591997645e-05,1.3820961138976293,35815.728083952294,126851.24098655622,211225.6136013554
BEN-2176,BEN,Benin,Kouffo,4513921260.11945,2.251342564695796e-05,1.931773049526618e-05,-0.14194619698506816,2673.7685903711117,1688224.3573266487,944858.7762031556
GIN-5647,GIN,Guinea,Kouroussa,4506645759.607053,2.2477138695903366e-05,2.395663695904331e-05,0.06582235769224454,16148.990978888718,279066.7085948905,356564.90551843867
ALB-1521,ALB,Albania,Korçë,4495236598.065573,2.2420234887605333e-05,2.3908798548873845e-05,0.06639375852799123,3738.7048175727614,1202351.3000911279,196046.49277524836
HUN-4905,HUN,Hungary,Gyôr,4488029293.943862,2.2384288069726003e-05,6.107389886420644e-07,-0.9727157286959656,112.71056985200129,39819063.10860669,139230.93872070312
VEN-40,VEN,Venezuela,Anzoátegui,4488004261.543392,2.2384163219279073e-05,2.6889651964965714e-05,0.20128019535732045,46990.401425064934,95508.95769001596,1507818.9393658962
GTM-1946,GTM,Guatemala,Retalhuleu,4474248847.860495,2.2315557351930632e-05,2.524387206558647e-05,0.13122301484450682,1950.0572329668462,2294419.2468922082,389600.86036992073
ECU-1286,ECU,Ecuador,Orellana,4470681841.759825,2.229776671669311e-05,2.1168963412307438e-05,-0.05062405211821497,21444.096187176867,208480.7773075184,219223.74834893644
SDN-5859,SDN,Sudan,Central Darfur,4469070977.210368,2.2289732442905056e-05,2.3102275332956043e-05,0.03645368521727699,37461.07209330494,119299.06773834919,847383.9859587066
SEN-775,SEN,Senegal,Ziguinchor,4466237693.657961,2.2275601288434678e-05,2.809255644470986e-05,0.26113571889506315,7123.297636380072,626990.1837104227,680339.9531754628
COD-1894,COD,Democratic Republic of the Congo,Sud-Kivu,4462363618.024671,2.2256279127347966e-05,4.227722807456701e-05,0.8995640660624982,63322.70024025396,70470.20422524506,4592091.600429362
LBY-2974,LBY,Libya,An Nuqat al Khams,4462198290.471253,2.225545454726188e-05,3.102414237372097e-05,0.3940017404649194,6439.975828107461,692890.5339979476,321697.2409680254
DOM-1988,DOM,Dominican Republic,La Romana,4459597187.723123,2.2242481407070554e-05,8.853940937204854e-06,-0.6019355585752983,508.72892099141325,8766156.2056119,269340.8572525978
URY-8,URY,Uruguay,Paysandú,4459520187.155104,2.2242097362586175e-05,2.2374179458312813e-05,0.0059383831287789235,13977.421435676815,319051.70833386725,115610.68467764836
DZA-2163,DZA,Algeria,Annaba,4458249695.645583,2.2235760717685567e-05,1.4712563219342484e-05,-0.3383377611344498,1386.6586252393975,3215102.559850227,600087.7715666816
HND-643,HND,Honduras,Yoro,4417121667.74137,2.2030632461149917e-05,2.8380869823307744e-05,0.2882458038077753,7822.650006793059,564657.9693461442,637950.4232082963
GTM-1961,GTM,Guatemala,Jalapa,4399253661.230485,2.1941514815346866e-05,3.065279595276658e-05,0.39702277671943853,1909.899313775845,2303395.5923745637,381335.55670166016
BFA-2184,BFA,Burkina Faso,Gourma,4394041980.607611,2.1915521277259394e-05,2.2897855241102365e-05,0.044823664078768255,11149.786364426232,394092.03342468955,469092.46852365136
TUR-5518,TUR,Turkey,Yalova,4390720955.802561,2.1898957486995536e-05,2.417077235464329e-05,0.10374077711219121,700.4610864231305,6268329.59161737,226680.0775642097
ECU-1411,ECU,Ecuador,Sucumbios,4385914162.976377,2.1874983348623043e-05,2.792500252180792e-05,0.27657251558848417,18166.548194848707,241428.04213185876,240220.0041869087
EST-2346,EST,Estonia,Pärnu,4377038767.202946,2.1830716833697797e-05,2.276775234413907e-05,0.04292280082140354,4850.155977754171,902453.1968206313,76842.25047524972
KGZ-1116,KGZ,Kyrgyzstan,Chuy,4374150388.163974,2.181631088751778e-05,5.393449304374001e-05,1.4722095922550626,19717.805856073268,221837.58274588623,904619.82089127
DZA-2218,DZA,Algeria,Guelma,4370268987.135788,2.1796952190629085e-05,2.9656697982095788e-05,0.3605892109469211,3803.27917452348,1149079.1989213747,588245.4229063839
URY-10,URY,Uruguay,Salto,4364832879.136725,2.1769839308903164e-05,2.222398438627965e-05,0.020861204850086024,14486.464952308428,301304.21006825316,112135.35588596833
ECU-1285,ECU,Ecuador,Morona Santiago,4364787096.587325,2.1769610965969725e-05,3.114261673897013e-05,0.43055458306775884,23402.06815923851,186512.8785578818,189472.9935928285
TUN-103,TUN,Tunisia,Béja,4362018711.114227,2.1755803494168797e-05,3.368544285330461e-05,0.5483428530843879,3807.9574117624816,1145500.918061818,312903.03784018755
DZA-2143,DZA,Algeria,Adrar,4357889188.468052,2.173520727733323e-05,4.0405175946815884e-05,0.8589735736706228,475272.2963646516,9169.247233220745,586579.0815612095
BOL-1941,BOL,Bolivia,Tarija,4351296708.765474,2.1702326929391775e-05,2.282462572050071e-05,0.05171329299205185,36722.65098219601,118490.81132173935,574315.73223856
BEN-2179,BEN,Benin,Plateau,4350917799.445921,2.1700437098732106e-05,3.2747536627680656e-05,0.5090726734529232,3140.991163452839,1385205.3613111824,758873.9396286011
BFA-2825,BFA,Burkina Faso,Sanmatenga,4349927240.515713,2.1695496632663015e-05,2.1978982653748172e-05,0.013066583627238337,9225.554214625265,471508.50120416353,835499.4811038971
GBR-2093,GBR,United Kingdom,Magherafelt,4342927983.998255,2.166058746342651e-05,2.455355683085894e-05,0.1335591369494089,572.7175905711115,7583018.324384809,52450.09000015259
MWI-1911,MWI,Malawi,Mchinji,4340536206.3949375,2.1648658343680427e-05,1.788775190567083e-05,-0.17372468899937454,3464.3557438366684,1252912.9591027293,770452.9964461029
DOM-1977,DOM,Dominican Republic,Peravia,4328912527.407441,2.1590684618054964e-05,1.7035536692110928e-05,-0.2109774658157364,790.4820712859986,5476294.383710606,242186.32878775895
HRV-1582,HRV,Croatia,Krapinsko-Zagorska,4316452794.757329,2.1528541029712477e-05,4.278676485112446e-05,0.9874437748509097,1363.1093432328398,3166622.5576006584,127529.41536331175
JAM-1370,JAM,Jamaica,Clarendon,4308150191.650519,2.1487131349093365e-05,2.1874428975878393e-05,0.018024631603574592,1177.0824712520835,3660024.0823124857,255735.09653571248
BIH-2228,BIH,Bosnia and Herzegovina,Herzegovina-Neretva,4306467649.615799,2.1478739579983163e-05,2.8200460562018666e-05,0.3129476456011284,4879.967117844363,882478.8252913685,231992.8053188473
TUN-104,TUN,Tunisia,Ben Arous (Tunis Sud),4302771225.185988,2.1460303463851634e-05,1.7713468361353042e-05,-0.1745937613981028,831.7929035424291,5172887.634483777,552995.8868331909
PHL-5552,PHL,Philippines,Pasig,4298680055.86957,2.1439898536315996e-05,1.2547931632710088e-05,-0.4147392250268461,39.12004806408798,109884324.49845934,619450.75
VEN-43,VEN,Venezuela,Distrito Capital,4287306136.406246,2.1383170499782802e-05,3.527183790864304e-06,-0.8350486055891416,337.2660558888814,12711940.80028848,1440391.0991630554
BGR-2237,BGR,Bulgaria,Kardzhali,4259977171.7337456,2.1246865815073614e-05,2.798018484594117e-05,0.31690881325614595,3978.1710519167955,1070838.1103123175,150134.35429021716
PHL-2552,PHL,Philippines,Mountain Province,4257809055.723109,2.1236052219579448e-05,2.382333386717194e-05,0.12183439844845756,1976.4325551990273,2154290.0841836953,188537.73040783405
SWZ-536,SWZ,Swaziland,Manzini,4253976183.620538,2.121693556332363e-05,1.9089923066810335e-05,-0.10025069313921697,4222.52470271091,1007448.5013407823,407155.5353319645
UGA-2631,UGA,Uganda,Kalangala,4237419997.963191,2.1134360694752696e-05,2.6141291942337295e-05,0.23690951999450527,8917.011594155654,475206.2900468203,72208.56766092777
URY-4,URY,Uruguay,Colonia,4206321936.331102,2.0979257435751668e-05,3.2663150243758246e-05,0.5569259466779575,6325.811823238033,664945.7893892875,122113.80086085014
TUN-115,TUN,Tunisia,Siliana,4206291303.0969753,2.097910465084491e-05,2.3052041101393016e-05,0.09880957672159862,4518.611543161789,930881.3698452434,219060.48652935028
TKM-351,TKM,Turkmenistan,Balkan,4205547070.835036,2.0975392752314186e-05,0.000100435666044997,3.7882615229655743,118161.95136422288,35591.38133959755,513052.04779048567
TCD-1472,TCD,Chad,Batha,4183666785.172241,2.086626364792425e-05,2.2197288391666163e-05,0.06378836030255575,91049.72873664823,45949.25040658888,699364.2585937846
DZA-2164,DZA,Algeria,El Tarf,4162237396.9052014,2.075938341860518e-05,2.226487487782517e-05,0.07252101032397351,2827.661953237887,1471971.3550409111,560244.0273096152
DZA-2222,DZA,Algeria,Souk Ahras,4152722392.6873145,2.0711926822079562e-05,2.125576889804964e-05,0.026257435179344313,4133.985963402,1004532.291461845,558963.2920284271
HUN-4923,HUN,Hungary,Nyíregyháza,4144843078.163975,2.0672628316091553e-05,6.586786172465535e-06,-0.6813764523914752,298.40904912591884,13889803.57768905,126122.85231018066
ITA-5377,ITA,Italy,Ogliastra,4124830481.794573,2.0572814412746418e-05,2.886669932978565e-05,0.4031478022715522,1877.7561343393165,2196680.6053044177,49551.698700407986
BGR-2258,BGR,Bulgaria,Shumen,4124735088.5005913,2.0572338633549684e-05,2.269731651169944e-05,0.10329296615234163,3406.1298150959483,1210974.1297057406,154931.651202783
HRV-1607,HRV,Croatia,Bjelovarsko-bilogorska,4116487415.411548,2.0531202919355663e-05,2.4353151861723103e-05,0.18615319118804874,2572.552299336002,1600156.9400451253,107195.4368236661
ECU-1288,ECU,Ecuador,Pastaza,4109772842.7835,2.0497713626365944e-05,2.332472804152657e-05,0.1379185243140617,29125.662648635043,141104.87003721792,114118.99765689672
TUN-117,TUN,Tunisia,Monastir,4108874492.95475,2.0493233058161706e-05,1.105882918914208e-05,-0.4603667875265902,859.2359765322761,4782009.372486285,503580.7536315918
THA-406,THA,Thailand,Ang Thong,4095213620.353357,2.0425098719554326e-05,1.754468852644698e-05,-0.14102307326180674,973.4858992964884,4206751.862880454,223624.25646972656
SLV-1354,SLV,El Salvador,Usulután,4091706528.5725822,2.0407606910217486e-05,2.2989852675644457e-05,0.12653349198597685,2194.9407494236525,1864153.5219786605,381112.0061196089
BMU-5138,BMU,Bermuda,Paget,4084742964.8638425,2.037287576078879e-05,2.045385534312139e-06,-0.8996025127562577,4.777052750249759,855075959.6804285,19070.220703125
MMR-3266,MMR,Myanmar,Kayin,4074473238.083102,2.0321654944791073e-05,0.00010541890251018726,4.187515622944314,29411.35714538997,138534.0097684594,1383001.84070687
HTI-1385,HTI,Haiti,Centre,4069129605.5117927,2.0295003289246762e-05,2.6970335985105763e-05,0.32891508322129237,3461.1692989672474,1175651.7101679915,848624.5591659546
URY-5,URY,Uruguay,San José,4064828379.1064415,2.0273550690655122e-05,2.91696997645879e-05,0.43880567393818004,4986.5276088478595,815162.1123873859,119982.6147774756
SOM-2407,SOM,Somalia,Banaadir,4064583613.274772,2.0272329907873445e-05,2.6836639715034434e-06,-0.8676193617754242,190.4609682637456,21340769.451755796,3126188.2910461426
MWI-1920,MWI,Malawi,Zomba,4056073876.967201,2.0229887139248224e-05,2.0160397034245098e-05,-0.003435021882465583,3043.557060426992,1332675.4834680706,887022.3529044986
MLI-2792,MLI,Mali,Bamako,4050949353.401681,2.020432830168326e-05,7.997490597791219e-08,-0.9960416943942032,87.23298921045037,46438272.83768448,2157192.484375
SRB-273,SRB,Republic of Serbia,Zapadno-Backi,4035137070.806553,2.0125463689741695e-05,2.510482678327659e-05,0.2474160680368802,2319.3462487571687,1739773.4697735612,172305.12829361483
SRB-837,SRB,Republic of Serbia,Kolubarski,4031762140.9813905,2.010863104528381e-05,2.941067285075532e-05,0.4625895111668068,2598.770675399567,1551411.2803976047,164443.98282051086
TCD-5578,TCD,Chad,Tibesti,4007195951.625636,1.998610585141828e-05,2.1989328424934433e-05,0.10023075972921447,119776.94258555953,33455.48705054982,52883.51222214103
SEN-5514,SEN,Senegal,Sédhiou,4002734843.825499,1.996385583575035e-05,1.937573950742935e-05,-0.02945905506229063,7441.59186385454,537886.9087496814,525413.5732644498
ALB-1495,ALB,Albania,Fier,4000249849.229965,1.995146179122992e-05,1.8256959368317152e-05,-0.08493124166258437,1958.6586280853066,2042341.524893709,264081.24915504456
LKA-2456,LKA,Sri Lanka,Vavuniyāva,3991041392.794966,1.9905534118298577e-05,1.8073579095385998e-05,-0.0920324474603531,1770.394640738799,2254323.0198265146,165056.3908428268
AGO-1877,AGO,Angola,Bengo,3989087635.8536234,1.98957896502194e-05,6.423293763487434e-05,2.2284688752811586,34078.0451033827,117057.40818617714,438832.81021627015
GBR-2017,GBR,United Kingdom,Clackmannanshire,3988701662.663312,1.9893864588123487e-05,8.287245547135998e-06,-0.5834270656449811,91.38779164158079,43645891.765355684,49246.56158208847
DJI-1567,DJI,Djibouti,Djibouti,3985543695.6416626,1.987811405734538e-05,3.7651172560129915e-06,-0.81058981525354,177.43605097095073,22461859.773322858,649456.1530862451
RWA-3495,RWA,Rwanda,Kigali City,3981182421.393485,1.9856361966900247e-05,1.2330954425360986e-05,-0.37899226223231686,602.750454276227,6605025.998983319,1587915.9672851562
PNG-1245,PNG,Papua New Guinea,North Solomons,3971477797.37464,1.980795963139425e-05,5.1427338930650385e-05,1.5962966346691054,9253.017512761333,429208.93556046573,269587.2679721862
GIN-5636,GIN,Guinea,Faranah,3964702670.2307463,1.9774168319492036e-05,2.1547808936339604e-05,0.08969482752400948,13431.898558581337,295170.6829037796,381056.9356116653
URY-14,URY,Uruguay,Rivera,3955747029.22164,1.9729501577127543e-05,1.969075916176143e-05,-0.0019636793770314576,9264.618317681721,426973.55612286937,108277.19097336382
MDG-5876,MDG,Madagascar,Melaky,3951487761.452638,1.9708258249496842e-05,3.8904966663972344e-05,0.974043884114701,41664.42564834599,94840.80723454077,497524.3958078064
UGA-3105,UGA,Uganda,Hoima,3937830781.649693,1.9640143326431596e-05,1.7817940985177028e-05,-0.09277948286671911,5735.623713990541,686556.6811930835,769540.1132152677
GIN-5627,GIN,Guinea,Beyla,3935471466.873234,1.9628376116784662e-05,2.5216789867120204e-05,0.28471095709016736,12717.371760087339,309456.3516043826,459534.15948632173
PRY-603,PRY,Paraguay,Concepción,3931763562.152638,1.9609882742083896e-05,1.937858321138187e-05,-0.01179504914660423,18854.548932876005,208531.29799870003,276475.08284405293
DOM-1392,DOM,Dominican Republic,Valverde,3917265813.105936,1.953757443708645e-05,1.59694704617586e-05,-0.18262778661791468,779.6551394294121,5024357.071477491,214296.40744400024
NAM-3340,NAM,Namibia,Khomas,3903114993.818799,1.946699646296909e-05,1.6634581718125086e-05,-0.14549829246807222,36398.16147116951,107233.85017428432,412968.8528295203
UGA-3093,UGA,Uganda,Mubende,3897047687.769157,1.9436735446935697e-05,1.943073099941932e-05,-0.0003089226342957163,4927.798453302202,790829.358119888,974391.572227478
SRB-831,SRB,Republic of Serbia,Podunavski,3880178038.071127,1.9352597159561854e-05,2.1811115749483103e-05,0.12703817320490907,1389.6281074592205,2792242.051843351,205825.94672441485
BIH-2226,BIH,Bosnia and Herzegovina,Central Bosnia,3876374176.070807,1.9333625192755055e-05,1.7070061401386346e-05,-0.11707911831335904,3247.078597299091,1193803.617594955,233878.41546967623
BGR-2255,BGR,Bulgaria,Yambol,3865506103.780282,1.9279420096268278e-05,2.659531974793565e-05,0.37946678972379666,4439.904883629279,870628.133956899,124893.81204745546
AZE-1690,AZE,Azerbaijan,Abşeron,3858661435.6306257,1.9245281944850607e-05,2.281448229290521e-05,0.18545845980757902,1988.6467606030735,1940345.320282248,389314.98592340946
SRB-844,SRB,Republic of Serbia,Zajecarski,3855207033.482662,1.9228052927898104e-05,2.360852220841165e-05,0.22781658116604708,3514.5074832175087,1096940.9090440306,106107.3728112392
UGA-3108,UGA,Uganda,Kibale,3849823948.5065546,1.920120450135784e-05,1.8614934765012982e-05,-0.03053296663255678,4352.548793173406,884498.745779638,1148634.7356700895
HND-662,HND,Honduras,El Paraíso,3818203484.484829,1.9043495732273862e-05,2.2291489022341353e-05,0.17055656880070447,7640.3863027092075,499739.5855666265,511530.16882774234
COD-1883,COD,Democratic Republic of the Congo,Bas-Congo,3816401746.473375,1.9034509466803408e-05,3.1020608702898413e-05,0.629703605285916,54184.63643942853,70433.28141067483,3927350.59354086
URY-15,URY,Uruguay,Tacuarembó,3814977350.940392,1.9027405217288248e-05,2.1561695484537944e-05,0.13319158541633658,16005.446988511154,238354.9396451605,91649.47766358285
COL-1426,COL,Colombia,Vaupés,3811300678.92,1.900906761736362e-05,2.0012658414657696e-05,0.05279537205587914,51813.57745894719,73557.95268025568,71349.45973292366
MDV-5243,MDV,Maldives,Addu,3809746270.053379,1.9001314919337444e-05,4.174568310760957e-08,-0.9978030108292597,5.392638511790536,706471657.932142,8328.8564453125
BHR-4926,BHR,Bahrain,Al Janūbīyah,3801875736.731915,1.8962060210067217e-05,6.816180596496594e-06,-0.6405358636675043,261.8853428633662,14517329.206604254,50282.976506352425
PRY-604,PRY,Paraguay,Cordillera,3783014580.3678465,1.886798917582705e-05,2.246664061100315e-05,0.19072787256983137,4516.097510679005,837673.3609985898,339690.17619362473
DOM-1964,DOM,Dominican Republic,Monte Cristi,3781031833.8493185,1.885810012066873e-05,2.2606568701848787e-05,0.19877233428576857,1994.279909011227,1895938.3869659356,120985.53813230991
BFA-2805,BFA,Burkina Faso,Oudalan,3777016973.7946863,1.8838075789690365e-05,1.6930306877630104e-05,-0.10127196287767026,9794.07065717129,385643.22292581445,319212.24185279757
LKA-2458,LKA,Sri Lanka,Mulativ,3775274025.694191,1.8829382742070397e-05,2.3136457252093326e-05,0.2287422040872138,2669.440490290621,1414256.6726719495,46371.95376295736
HRV-1604,HRV,Croatia,Brodsko-Posavska,3772509824.568247,1.881559613992649e-05,2.3210140471874035e-05,0.23355860209086687,2504.2508925433563,1506442.4398534712,98794.0776040554
BFA-2874,BFA,Burkina Faso,Gnagna,3765097029.203799,1.877862442339522e-05,1.889802960261385e-05,0.006358569005185943,8466.793464470295,444689.8397845061,591653.757265091
PRY-619,PRY,Paraguay,Canindeyú,3762824761.277978,1.876729136460886e-05,2.3336507012425206e-05,0.24346697448481658,14990.126317484925,251020.2170137091,280824.6292848238
SRB-274,SRB,Republic of Serbia,Severno-Backi,3759424721.0753574,1.8750333480789605e-05,2.1682875063744962e-05,0.15639943609322216,1765.2900625524217,2129635.690374662,185100.15759555995
UGA-5598,UGA,Uganda,Buvuma,3752847783.228576,1.8717530648691855e-05,1.9458957152059748e-05,0.03961134175675629,7603.5484661632745,493565.3136070889,119131.49070549013
IND-2445,IND,India,Dadra and Nagar Haveli and Daman and Diu,3745394500.846264,1.868035700097618e-05,1.1384366669855956e-05,-0.3905701765088835,540.3096925258992,6931940.242154239,669048.0361328125
TUR-4841,TUR,Turkey,Kilis,3738783744.5116415,1.8647385497347043e-05,2.2275802907339152e-05,0.19458049014476164,1372.5879835201868,2723893.687982775,164505.1422472
NIC-666,NIC,Nicaragua,Matagalpa,3730283832.7374625,1.860499172911179e-05,1.809692684465033e-05,-0.02730798765508058,8727.179192578245,427432.9368543005,671385.6279392242
HKG-5154,HKG,Hong Kong S.A.R.,Wan Chai,3720757918.0955,1.8557480716257875e-05,3.0294661503916433e-06,-0.8367522943058978,4.654929201570953,799315683.8647112,32175.25382259077
GEO-3033,GEO,Georgia,Kakheti,3719943355.2845616,1.855341804032224e-05,4.143065318373938e-05,1.2330469293419637,11128.531370751358,334270.8243660551,299623.916525546
GIN-5629,GIN,Guinea,Boke,3718292102.442838,1.8545182327749025e-05,2.2068943990635636e-05,0.19000954536931314,11184.859249012605,332439.77592038875,561142.1301834881
HRV-1608,HRV,Croatia,Koprivničko-Križevačka,3712896074.4177494,1.851826934705416e-05,2.4429039871364852e-05,0.31918590304179606,1866.3920965393406,1989344.0833264305,103975.00279260428
PHL-2524,PHL,Philippines,Sulu,3711618254.3153553,1.8511896150401485e-05,9.575289375400236e-06,-0.4827494008390616,986.178244138942,3763638.3446646263,291127.8646430969
PAN-1338,PAN,Panama,Herrera,3705555043.947518,1.8481655561801904e-05,1.3267592236181274e-05,-0.28212100957000386,2297.4246978828733,1612916.8661598647,128721.7387305498
DZA-2219,DZA,Algeria,Khenchela,3705449282.687342,1.84811280718148e-05,2.2016323177382375e-05,0.19128675976002962,9782.753857703172,378773.63946651726,498759.59277763497
TCD-1473,TCD,Chad,Wadi Fira,3702508534.1604223,1.8466460929990206e-05,1.9395114640421362e-05,0.05028866732785753,54795.20794623992,67569.93308234157,1099513.3104733955
BGR-2247,BGR,Bulgaria,Lovech,3696021532.6126337,1.8434106660032477e-05,2.6236684790025714e-05,0.42326857893853,4141.288711418384,892481.0101797401,120452.79101893865
BWA-2629,BWA,Botswana,North-West,3691331637.310993,1.8410715554366022e-05,2.0914764434421975e-05,0.1360104050633777,133403.41945407644,27670.44242506631,219053.60405994236
LBY-2981,LBY,Libya,Al Marj,3681459576.596306,1.8361478119312383e-05,3.1950489055131364e-05,0.7400826255663056,14765.030037718227,249336.40955634892,265410.7485665481
MWI-1908,MWI,Malawi,Dowa,3680191373.220211,1.83551528866006e-05,1.9141294729470466e-05,0.04282949031951433,2781.9775806292187,1322868.810606244,780000.7869873047
JOR-859,JOR,Jordan,Karak,3677597085.579157,1.8342213737123244e-05,4.566115402483166e-05,1.489402570444208,3440.061724030896,1069049.7382325828,369550.372847639
TCD-5580,TCD,Chad,Chari-Baguirmi,3670846392.614455,1.8308544292007087e-05,2.1906463161811248e-05,0.19651583503418646,45852.053324769484,80058.4952349658,1246807.3458789447
HND-646,HND,Honduras,Comayagua,3669370200.535317,1.8301181704425435e-05,2.2863368015632557e-05,0.24928370117782794,5330.784959113902,688335.8133330612,589193.1208132505
PHL-2539,PHL,Philippines,Catanduanes,3668650118.182207,1.8297590254867008e-05,1.4370894699322365e-05,-0.2146017864019102,1548.2780693351854,2369503.3798143817,219787.18319797516
BGR-2250,BGR,Bulgaria,Montana,3663267958.764144,1.8270746444597393e-05,2.1594333579149966e-05,0.18190757255762535,3547.9401769917094,1032505.5598514123,123595.631438151
VEN-28,VEN,Venezuela,Táchira,3663201527.365926,1.827041511441722e-05,1.7100184644484333e-05,-0.06405056823309152,10000.813394679899,366290.35887367197,1230712.87810608
PHL-5525,PHL,Philippines,Bacolod,3661263604.830643,1.826074962129196e-05,3.1481173904474826e-06,-0.8276019629130236,89.86578364199431,40741464.17524515,501681.24462890625
IND-2427,IND,India,Chandigarh,3654523304.774426,1.8227132011367183e-05,1.3469902487638297e-06,-0.9260997150882656,64.27187691251706,56860379.380996436,914588.8505859376
GBR-2135,GBR,United Kingdom,Strabane,3646280206.824343,1.818601911592539e-05,2.2171758157004955e-05,0.21916500888252544,805.0683404569919,4529156.126987375,42853.65893891454
HTI-1387,HTI,Haiti,Nord,3643906755.846494,1.817418140121189e-05,1.5962224424451127e-05,-0.12170875418979077,1970.8377440268446,1848912.6093156764,954872.4893035888
ECU-1278,ECU,Ecuador,Cañar,3643454082.3840656,1.8171923667912734e-05,2.3518467554060875e-05,0.29422002776672773,4078.8241433035414,893260.8895055577,299647.4210743811
UGA-3125,UGA,Uganda,Kaabong,3642937326.607016,1.8169346320614495e-05,2.1474093493449326e-05,0.18188585954164704,6901.6946393444405,527832.2958306138,195559.4946306699
HRV-1609,HRV,Croatia,Medimurska,3636146238.392147,1.8135475402010267e-05,1.2449012571168824e-05,-0.31355466039843183,762.7953210269526,4766870.139550407,110033.43440532684
GIN-5634,GIN,Guinea,Dinguiraye,3628455640.835877,1.8097118132069945e-05,1.8070547583332435e-05,-0.001468219886923583,12871.185636948536,281905.3149555926,273378.79509951174
UGA-3080,UGA,Uganda,Arua,3613891708.733242,1.802447973551286e-05,1.6923299503663953e-05,-0.06109359315815921,4299.974027895009,840445.0085719171,1013164.894407034
DOM-1982,DOM,Dominican Republic,María Trinidad Sánchez,3609348290.799022,1.8001819193613554e-05,1.7004094426531883e-05,-0.05542355227274087,1275.0924176360438,2830656.2260722793,151129.7829632759
SWZ-535,SWZ,Swaziland,Lubombo,3598243183.253881,1.7946431871014933e-05,1.6622271359824484e-05,-0.07378405471948357,5549.308963563561,648412.8396670173,241818.1614637263
KHM-1801,KHM,Cambodia,Svay Rieng,3588635723.202619,1.7898514146035724e-05,5.8126880365317266e-05,2.2475813294363083,2627.9490450760177,1365565.184730898,436452.8577079773
MDG-5870,MDG,Madagascar,Boeny,3581192346.0698013,1.7861389901285934e-05,2.9440142087191923e-05,0.6482559448003749,30254.48245502704,118368.98388175058,1142785.262267258
MLT-5933,MLT,Malta,Swieqi,3578016963.267316,1.784555250836196e-05,1.249503761778257e-07,-0.9929982343713215,3.18197198567817,1124465262.2247198,82143.125
ALB-1494,ALB,Albania,Durrës,3577994129.3181515,1.784543862280944e-05,1.3022698405146617e-05,-0.27025058445459327,818.8921395656052,4369310.628889608,290003.9606513977
MNE-1517,MNE,Montenegro,Podgorica,3572772545.3942256,1.781939569147405e-05,8.590230554459417e-06,-0.5179280653962054,1519.231485921811,2351697.2749063354,216097.58564910293
DZA-2192,DZA,Algeria,Ghardaïa,3571239084.307654,1.781174747163024e-05,1.89149565170352e-05,0.061937159571911815,75378.50694410903,47377.4186978209,480694.67843561154
FJI-2617,FJI,Fiji,Central,3568006595.793334,1.7795625260889713e-05,1.9290642357220292e-05,0.08401037189832539,4392.347658963157,812323.3570804333,341749.64192947745
DOM-1976,DOM,Dominican Republic,Monseñor Nouel,3553784756.155252,1.772469306894305e-05,2.8800168224508405e-05,0.6248613227030508,963.6085819233911,3687996.1665158616,174178.05284399592
MWI-1921,MWI,Malawi,Blantyre,3551833050.7433686,1.771495883297766e-05,1.621801732323578e-05,-0.0845015517030282,2012.2448602116922,1765109.764211155,1331734.792175293
GUY-677,GUY,Guyana,East Berbice-Corentyne,3542211520.4473763,1.7666970931894278e-05,1.054593403871039e-05,-0.4030706180836151,2110.9472027478982,1678019.9503977874,230741.9370346963
HND-640,HND,Honduras,Gracias a Dios,3540471140.891464,1.76582906950289e-05,3.0698237678813246e-05,0.7384603192343699,16206.940690145982,218454.00736513548,81392.38877223432
ECU-5507,ECU,Ecuador,Santa Elena,3532553808.015778,1.7618802570458852e-05,3.474769806356433e-05,0.9721940764479196,4222.554833505733,836591.5772094098,288191.9465613961
BFA-2823,BFA,Burkina Faso,Yatenga,3532112571.1452103,1.7616601877778193e-05,1.649025844449663e-05,-0.06393647543924719,6920.230525192455,510403.8887558562,744966.4692191482
URY-12,URY,Uruguay,Cerro Largo,3525190167.784522,1.758207601780451e-05,2.0310510499334713e-05,0.15518272579229264,13841.92992108335,254674.7590749701,86396.76241623866
GTM-1963,GTM,Guatemala,Zacapa,3523817083.741517,1.7575227687112007e-05,1.7753667828961867e-05,0.010152934859598561,2533.2783738724597,1391010.6051057011,242373.04634462297
UZB-357,UZB,Uzbekistan,Navoi,3518220830.7959476,1.754731607383138e-05,3.517007810133548e-05,1.004299572273918,109986.23552785798,31987.828421537633,877077.5370524155
SLV-1343,SLV,El Salvador,Ahuachapán,3507027650.85106,1.749148948539072e-05,1.3815986030625174e-05,-0.21013095870625587,1228.6319952122765,2854416.671971117,366555.8887786865
MDG-5882,MDG,Madagascar,Vatovavy-Fitovinany,3506744141.1466665,1.7490075465455005e-05,3.0116224845147703e-05,0.7219036535680396,21301.27308545665,164626.03559319093,1888842.7314834893
BFA-2800,BFA,Burkina Faso,Kénédougou,3489412049.17037,1.7403630722286342e-05,1.7106061997482335e-05,-0.01709808312715766,8344.202106501149,418184.02821903053,463040.4098598063
SVN-1031,SVN,Slovenia,Koper,3477445463.0301504,1.7343946728749286e-05,1.1202800447450324e-05,-0.35408009361095494,359.3242235676835,9677737.36071297,70029.03562164307
UZB-4828,UZB,Uzbekistan,Tashkent,3477131419.7897105,1.7342380421156366e-05,6.546605520971659e-07,-0.9622508250771312,121.16854321820946,28696651.18881416,866834.12109375
GIN-5654,GIN,Guinea,Mandiana,3462545005.1762915,1.726962989186463e-05,1.763454744639957e-05,0.02113059497047165,11045.803398074982,313471.54031183734,410098.0939322971
SYR-144,SYR,Syria,Rif Dimashq,3461041653.941279,1.7262131846528803e-05,8.000203033361394e-05,3.6345394094357664,18267.560596443298,189463.8113101508,2930745.638693738
HTI-1362,HTI,Haiti,Sud,3457734637.316225,1.7245637922817908e-05,1.860755857565207e-05,0.07897189184473086,2547.295124850699,1357414.2248314822,773931.5256505013
DOM-1395,DOM,Dominican Republic,Sánchez Ramírez,3455089316.5625277,1.7232444242939862e-05,2.6314413485661708e-05,0.5270273395164318,1106.9240416654955,3121342.735824895,151463.23776388168
BDI-2641,BDI,Burundi,Makamba,3438929114.8577356,1.7151844365681248e-05,1.145703592984377e-05,-0.3320230941013024,2404.83062084739,1430008.8684191655,622502.4079589844
EGY-1538,EGY,Egypt,Bur Sa`id,3424367982.758536,1.7079219934292255e-05,6.617557267951181e-06,-0.612537499170895,415.05289065418793,8250437.618591691,439466.9050731659
ARM-1672,ARM,Armenia,Gegharkunik,3420366535.8985887,1.7059262502345538e-05,2.6994862973475e-05,0.5824167644857674,5202.678157376426,657424.2020043365,220247.44135969377
SWZ-534,SWZ,Swaziland,Hhohho,3412717635.523075,1.7021113199342287e-05,1.6857130090987548e-05,-0.009634100098757092,3655.1863504465705,933664.4724300111,316754.7208561748
HKG-5159,HKG,Hong Kong S.A.R.,Sham Shui Po,3404302142.4393125,1.6979140473876808e-05,3.5097505957675265e-06,-0.7932904435788466,4.71194553535513,722483338.7601405,29438.70252591989
TCD-1474,TCD,Chad,Guéra,3401088988.140932,1.696311469358066e-05,1.7560364291727644e-05,0.03520872250972884,61936.829834774384,54912.22261800996,794379.1952619161
NCL-559,NCL,New Caledonia,Nord,3398865818.610994,1.6952026515690837e-05,4.854643438068807e-05,1.8637540376516855,9098.110786981795,373579.2955471949,35144.198167965194
BFA-2826,BFA,Burkina Faso,Boulgou,3393976154.221673,1.6927639050929293e-05,1.890729399749085e-05,0.11694808358126463,6737.558812607477,503739.74441169784,765900.9663131163
GBR-2091,GBR,United Kingdom,Mid Ulster,3391877670.65322,1.691717275099466e-05,2.73420189849252e-05,0.6162286327257376,592.7894838267393,5721892.447816431,40449.65424537659
GRL-2739,GRL,Greenland,Kommuneqarfik Sermersooq,3385555077.230201,1.6885638475423063e-05,0.00025981961016424617,14.38701723019902,544410.7855108286,6218.750927304802,11346.352056741714
TUR-3032,TUR,Turkey,Bayburt,3385475052.6967688,1.6885239348748156e-05,2.2831105328711406e-05,0.35213394712133983,3556.105195133168,952017.6898394567,62776.23701244593
KHM-1782,KHM,Cambodia,Otdar Mean Chey,3379570022.8017483,1.685578769378484e-05,2.5964808357570596e-05,0.5404090766487577,3673.3576932457677,920022.0357020474,238406.33504872024
MDG-5860,MDG,Madagascar,Alaotra-Mangoro,3370961430.540035,1.6812851875758646e-05,1.744974325031671e-05,0.037881222011856064,27611.75017544808,122084.30864108857,1151640.6757796658
GEO-3015,GEO,Georgia,Abkhazia,3364618041.233164,1.6781213879595157e-05,3.5270219985792006e-05,1.101768098473392,8654.288504992424,388780.4340347802,289898.8260942707
HUN-4915,HUN,Hungary,Kecskemét,3351961176.4619184,1.6718087084170395e-05,3.636643860709544e-06,-0.7824724896813752,247.48478789352825,13544109.943048231,102681.97171020508
JAM-1379,JAM,Jamaica,Saint Ann,3350732388.261162,1.6711958436770625e-05,1.833845238870637e-05,0.09732515540231579,1276.3030911525698,2625342.2180739776,166438.89414668083
HUN-4908,HUN,Hungary,Székesfehérvár,3346686354.378902,1.6691778624646275e-05,6.803314751916043e-06,-0.5924152299821065,258.99888951056954,12921624.3386338,101462.71829795836
BGR-2236,BGR,Bulgaria,Smolyan,3339450578.4713073,1.665568980219983e-05,2.9623301078081904e-05,0.7785694516338408,3644.6958256431535,916249.4590017038,110149.8479283452
HND-637,HND,Honduras,Atlántida,3336100513.3447704,1.6638981171766883e-05,2.1303268681692132e-05,0.28032290329408127,4478.58409377229,744900.7194000882,540930.3646196052
NIC-656,NIC,Nicaragua,Jinotega,3335984239.379817,1.663840124909792e-05,1.689452958677137e-05,0.015393807003382332,9414.473705550148,354346.333498509,529462.7217299305
SRB-275,SRB,Republic of Serbia,Severno-Banatski,3334535450.4550877,1.663117533622629e-05,3.260958804629489e-05,0.9607506617565489,2402.6151770038805,1387877.4605150602,128297.2305756118
BGR-2252,BGR,Bulgaria,Kyustendil,3332255167.2531023,1.6619802300817925e-05,3.054034137987184e-05,0.8375875252360152,3018.4981199981935,1103944.7549018506,117632.81542923069
HRV-1606,HRV,Croatia,Viroviticko-Podravska,3329508560.995044,1.6606103454026206e-05,1.9837862363476926e-05,0.19461271684822434,2039.718369488533,1632337.3906908191,87440.7198471129
PHL-5526,PHL,Philippines,Iloilo,3300356286.582738,1.6460704913688397e-05,8.355985876196313e-07,-0.9492367676839426,42.95686880107624,76829535.73422584,452819.96875
UGA-5615,UGA,Uganda,Napak,3297576524.942518,1.644684070264062e-05,1.684956620122249e-05,0.02448649596984387,5889.352359564997,559921.7577102291,298806.13267752156
BGR-2261,BGR,Bulgaria,Silistra,3297418940.1182613,1.644605473983366e-05,2.254016765593865e-05,0.37055166193412714,3125.3047542856243,1055071.168850533,117745.76487521829
FJI-2620,FJI,Fiji,Western,3293656862.435902,1.6427291174565437e-05,3.1438133637233555e-05,0.9137746633425223,6528.1515865265865,504531.3085611647,315471.9654114768
URY-11,URY,Uruguay,Soriano,3290269577.2533674,1.6410396907096528e-05,1.4576562043773138e-05,-0.11174835524729843,8948.352103776086,367695.5867510977,87779.66201178497
CHE-3473,CHE,Switzerland,Appenzell Innerrhoden,3287831461.593694,1.639823667379612e-05,1.7042470493599288e-05,0.03928677409764636,94.96567662577857,34621260.843006596,19432.136486053467
MDG-5865,MDG,Madagascar,Anosy,3281570838.3621945,1.636701147789577e-05,2.618401705627085e-05,0.5998044048318347,30803.272390578397,106533.1889661797,784549.9478421211
MUS-5184,MUS,Mauritius,Flacq,3271872565.8100114,1.631864082067218e-05,9.35509760142291e-06,-0.4267232360692669,283.55138582444243,11538905.219231598,158837.24487304688
PHL-5532,PHL,Philippines,Butuan,3271226819.705558,1.631542012716167e-05,9.976173502883317e-06,-0.38854326611699497,564.5901071011315,5793985.368432259,358925.8752441406
GIN-5652,GIN,Guinea,Mali,3267767153.271628,1.6298164854299088e-05,1.6939410076362768e-05,0.039344627312107194,10253.392564977437,318701.0672383067,402003.3325313628
PHL-5542,PHL,Philippines,Mandaluyong City,3267226626.9728546,1.6295468950242193e-05,3.999140583479523e-06,-0.7545857320405569,9.974752363534282,327549648.14136016,473918.84375
MLT-5959,MLT,Malta,Fgura,3262762524.709758,1.6273203999528812e-05,8.350758732615523e-08,-0.9948683991592207,1.6770729652408864,1945510178.945083,74924.96875
BFA-2837,BFA,Burkina Faso,Poni,3258745888.47493,1.6253170809755962e-05,1.966564463004853e-05,0.20995742063107037,8127.589775170211,400948.6180553058,387718.4901994467
GEO-3029,GEO,Georgia,Samegrelo-Zemo Svaneti,3247062271.5757704,1.6194898140564607e-05,1.9959035803549463e-05,0.2324273749864798,7760.400477121493,418414.2662673742,289406.87922725687
ARM-1554,ARM,Armenia,Armavir,3245577705.3401947,1.6187493786426244e-05,2.329638007630928e-05,0.4391591671741104,1371.9964752716876,2365587.495184704,331896.2787050344
MUS-5189,MUS,Mauritius,Port Louis,3236157484.0772204,1.614050992499835e-05,1.6129246422637636e-06,-0.9000697840552315,54.79810689916904,59056008.81490111,178622.8203125
SLV-1347,SLV,El Salvador,La Paz,3232253537.3600388,1.612103878027027e-05,1.9422720648386493e-05,0.20480577666973843,1106.279420795036,2921733.4035167675,336304.53816469014
DZA-2204,DZA,Algeria,Saïda,3229968826.6468415,1.610964366241103e-05,1.9127398741006354e-05,0.18732599813096518,9249.577825185968,349201.7568468755,434759.1381670423
LKA-2457,LKA,Sri Lanka,Mannārama,3214721089.4290714,1.6033594750975757e-05,1.7169380759165887e-05,0.07083788918395917,1842.460256100502,1744798.0648618755,71046.11944059469
PNG-1255,PNG,Papua New Guinea,New Ireland,3201137105.8576345,1.5965843900550657e-05,5.5265721081440604e-05,2.461497019868427,8656.53369540861,369794.3332162508,123713.15527206288
ISL-705,ISL,Iceland,Suðurland,3184622471.4078445,1.588347627086759e-05,4.3165100162964116e-05,1.7176103912551346,24997.31304948816,127398.59140472909,21659.64865383684
UZB-371,UZB,Uzbekistan,Sirdaryo,3183626171.1473427,1.5878507169604124e-05,1.3945076750464516e-05,-0.12176399194760146,4615.045074361163,689836.4197641202,793664.5069700778
UGA-3088,UGA,Uganda,Kampala,3181009144.8676367,1.5865454609940568e-05,5.4217028659160736e-06,-0.6582699330582634,298.19797360887014,10667440.513998901,1871208.2890625
TCD-1465,TCD,Chad,Kanem,3180449584.144989,1.5862663770668385e-05,1.7606690311747537e-05,0.10994537653278802,67969.22699430944,46792.49308530851,552602.1436966821
BWA-2649,BWA,Botswana,Southern,3179887444.8179555,1.5859860070467803e-05,1.7824780297837487e-05,0.12389265848747977,27030.295741361064,117641.60759633027,257485.9446611551
BGR-2245,BGR,Bulgaria,Pernik,3178707760.2082543,1.585397632987578e-05,3.4866284360861546e-05,1.1992138524363956,2461.045044762649,1291608.931324871,122453.38997676969
LBY-2982,LBY,Libya,Al Jabal al Akhdar,3175553145.6711373,1.5838242519795024e-05,1.3964096689252774e-05,-0.11833041628197682,8522.89020783255,372591.1126665458,228937.9850490354
HND-650,HND,Honduras,Santa Bárbara,3175400930.05795,1.583748333621775e-05,2.2219475310939443e-05,0.40296755735976775,5083.064873479081,624702.0270438849,480550.1399445534
MDG-5868,MDG,Madagascar,Atsinanana,3162884092.652277,1.577505493482817e-05,3.265461100208111e-05,1.0700156758241302,22125.993386745013,142948.7949927284,1432325.853617679
JAM-1372,JAM,Jamaica,Manchester,3157748170.2237835,1.5749439244819578e-05,1.2179957037567024e-05,-0.22664186018093657,740.53250251489,4264158.7769610295,194042.18714618683
MDG-5881,MDG,Madagascar,Vakinankaratra,3151963575.1739674,1.5720588265139805e-05,1.5503878183809144e-05,-0.013785112724516435,17467.550320341754,180446.8009176629,1869428.4167411476
AGO-1878,AGO,Angola,Cuanza Norte,3145994678.406287,1.5690818070705802e-05,1.2592115154565112e-05,-0.19748510894571247,23681.386438429687,132846.7269678531,412303.6760813603
TTO-59,TTO,Trinidad and Tobago,Penal-Debe,3143174324.034645,1.567675140122155e-05,7.033280533285687e-06,-0.5513559950476956,227.18822375707853,13835111.134085411,108647.14116001128
ISL-702,ISL,Iceland,Norðurland eystra,3140998319.5890565,1.5665898461732767e-05,2.6892984797635017e-05,0.7166576729273944,22507.255653782842,139554.92255054836,21479.80836937483
MDA-1627,MDA,Moldova,Chişinău,3134903595.8304687,1.5635500698397814e-05,2.2530602188654334e-06,-0.8559009869702281,102.99595111645313,30437153.71185773,427268.6248474121
DOM-1971,DOM,Dominican Republic,Independencia,3119062983.867684,1.5556494792207723e-05,2.0060028744951414e-05,0.2894954173738109,2215.5458502620277,1407807.9149202888,63815.51227505505
ISL-704,ISL,Iceland,Suðurnes,3117024012.019922,1.554632531018853e-05,2.6886832403644124e-05,0.7294654439029018,892.3512298038914,3493046.132412389,22406.568317542784
ALB-1504,ALB,Albania,Vlorë,3115296452.5957956,1.5537709014421613e-05,1.673968907781116e-05,0.07735889906767501,2378.596107165999,1309720.6554783885,129078.13956560194
ARG-1272,ARG,Argentina,Tierra del Fuego,3114901860.410701,1.5535740964624536e-05,6.547781212843207e-05,3.2146565315119187,21191.970152461847,146985.00601884088,110832.011557512
VEN-46,VEN,Venezuela,Monagas,3107036537.036509,1.5496512240247217e-05,1.670647373153593e-05,0.07807960091472865,27794.775350194617,111784.91273593811,1043860.0907732628
MRT-2796,MRT,Mauritania,Hodh ech Chargui,3106456211.926321,1.549361783747269e-05,2.1028195588487608e-05,0.3572166171305098,185165.25846639098,16776.668785792604,587766.0143214464
HND-638,HND,Honduras,Colón,3098876201.606838,1.545581212733801e-05,2.2068132709608906e-05,0.4278209729642821,8300.68504553055,373327.76567343774,321966.1191142576
BDI-2635,BDI,Burundi,Ruyigi,3098440856.5654974,1.5453640820473267e-05,1.4753151292701594e-05,-0.04532844628067534,2262.188530957939,1369665.1778414957,601759.8989372253
TUN-120,TUN,Tunisia,Zaghouan,3096591614.571147,1.5444417626327e-05,2.924967628061271e-05,0.893867220396376,3014.949032465793,1027079.2578004485,200775.07162094116
JAM-1373,JAM,Jamaica,Saint Elizabeth,3096173442.766848,1.5442331971907878e-05,1.5154637730726848e-05,-0.018630232901636457,1114.164817419116,2778918.697090898,153919.99832725525
GIN-5639,GIN,Guinea,Gaoual,3094296213.832324,1.5432969191388617e-05,1.6622169038827072e-05,0.07705580388911892,10952.359187371243,282523.25922621693,233598.3921129981
KGZ-1119,KGZ,Kyrgyzstan,Batken,3085342948.0671616,1.5388314295681355e-05,3.337022129787703e-05,1.1685430032607402,17308.770188712395,178253.15804812135,508642.184606835
DOM-1986,DOM,Dominican Republic,El Seybo,3084857300.7752943,1.5385892103630133e-05,2.2400137922351368e-05,0.45588814554771906,1980.8658982350132,1557327.6835771452,78582.42888209224
GIN-5643,GIN,Guinea,Kindia,3079976331.591462,1.536154800667475e-05,1.9567070243472525e-05,0.2737694296805524,8855.440529875057,347806.11096655607,511686.0362235308
DOM-1973,DOM,Dominican Republic,Pedernales,3078241346.928092,1.5352894677126785e-05,1.7472116192622447e-05,0.13803400336308846,2033.4593300660083,1513795.383765147,60991.64147462696
BGR-2257,BGR,Bulgaria,Targovishte,3072025084.3041325,1.5321890732148184e-05,1.646547379262083e-05,0.07463720244872896,2673.4483269941106,1149087.1371200809,111785.60355383158
VIR-4868,VIR,United States Virgin Islands,Saint Thomas,3069518389.9014597,1.530938845866973e-05,4.5953895613458043e-07,-0.9699831931644309,55.376204017163964,55430278.12000361,27717.296752929688
SOM-2316,SOM,Somalia,Shabeellaha Hoose,3060584967.8214707,1.5264832534412115e-05,2.9305097263932346e-05,0.919778497266099,25646.707146780303,119336.37134409661,2353984.0240724087
TCD-1475,TCD,Chad,Ouaddaï,3057144568.415919,1.5247673356892327e-05,1.5000347164950303e-05,-0.016220585669237675,30923.4425837439,98861.71502855328,1176759.5812200224
AZE-1679,AZE,Azerbaijan,Gəncə,3055735302.4099255,1.5240644566708716e-05,3.5627199048291275e-06,-0.7662356149548003,33.089568893654146,92347389.36100036,372860.58203125
ECU-1290,ECU,Ecuador,Tungurahua,3041816271.7830505,1.5171222651030997e-05,2.967368247142375e-05,0.9559189891269049,12575.180639610042,241890.46336255077,166325.77546252683
TCD-1489,TCD,Chad,Salamat,3034057203.3189178,1.513252387874619e-05,1.579296606046278e-05,0.043643888290451516,69960.45442055725,43368.174613048075,430855.1561966035
LIE-4902,LIE,Liechtenstein,Eschen,3033911030.7071776,1.5131794834964432e-05,8.952923052427085e-07,-0.9408337004957276,7.346471751221746,412975253.0801778,11467.28857421875
ARM-1673,ARM,Armenia,Kotayk,3015889029.3408637,1.5041909131517503e-05,2.2725375261961916e-05,0.5108039187888158,2037.3352705991392,1480310.6159615798,276843.6319371648
BDI-2643,BDI,Burundi,Kirundo,3000775375.69861,1.4966528969144058e-05,1.7766076399727255e-05,0.18705388780223675,1833.6823901792718,1636474.992490513,1019419.466340065
THA-414,THA,Thailand,Sing Buri,2990146306.9057713,1.4913515915487548e-05,1.4750370941056311e-05,-0.010939403917610835,853.7643767746165,3502308.585656923,151938.05477905273
BFA-2802,BFA,Burkina Faso,Kossi,2988403334.299097,1.490482274564169e-05,1.402268432332242e-05,-0.05918476437951714,7536.534727594849,396522.20049582294,354636.7543619871
HTI-1361,HTI,Haiti,Nord-Ouest,2987701550.908224,1.4901322563143986e-05,1.6107347416703055e-05,0.0809340814178452,2057.2275133234357,1452295.1552799402,706294.1756272316
MDG-5879,MDG,Madagascar,Sava,2981913009.264106,1.4872451899612356e-05,4.191821568261892e-05,1.8185141203053075,23873.66972923585,124903.8393796843,1069611.6417227872
PER-568,PER,Peru,Tumbes,2976931088.43173,1.4847604300867188e-05,2.1594253289726555e-05,0.4543931028970998,4761.97903518297,625145.7779291435,235672.0563662164
BFA-2804,BFA,Burkina Faso,Mou Houn,2965126795.5338063,1.478872975362591e-05,1.5372218235582086e-05,0.03945494249180648,7119.9563111973675,416452.94801467104,421745.850180164
AFG-1742,AFG,Afghanistan,Hirat,2960021507.5577955,1.4763266854600687e-05,1.9488775300944965e-05,0.32008555375205905,55707.06736483413,53135.475399775765,2985221.2862581983
HND-661,HND,Honduras,Choluteca,2958373476.4146624,1.4755047210422885e-05,1.6536923194096706e-05,0.1207638280150749,4688.903422728808,630930.7762822236,458906.7643928528
SRB-121,SRB,Republic of Serbia,Pirotski,2953195169.416504,1.4729220125087977e-05,1.7447326783028305e-05,0.18453839611715983,2883.0160896712005,1024342.2435263991,82605.2898344621
DOM-1980,DOM,Dominican Republic,Hato Mayor,2947857505.320771,1.4702598237637389e-05,1.9017512791298896e-05,0.2934797294954097,1366.7403424234926,2156852.632368819,103184.42792844772
PHL-2535,PHL,Philippines,Romblon,2945962910.9982967,1.4693148846309493e-05,8.274887563202661e-06,-0.43682000027644985,953.0009291653647,3091248.72897906,167415.19440460205
UGA-5603,UGA,Uganda,Lamwo,2935999040.0554595,1.464345350279313e-05,2.049748344927418e-05,0.3997711294924,5661.674297217256,518574.3449598503,166014.3610779792
GBR-2102,GBR,United Kingdom,Limavady,2935472797.9165707,1.464082884175377e-05,2.2690308686296405e-05,0.5497967315611632,588.5228972130517,4987865.063224375,34761.09662226401
BGR-2256,BGR,Bulgaria,Razgrad,2919313245.6537447,1.4560232203621976e-05,1.6500876734887968e-05,0.1332838998806105,2604.3550684330985,1120935.190841754,106317.5557820066
GIN-5644,GIN,Guinea,Kissidougou,2915654784.567569,1.4541985431713569e-05,1.4825236304138517e-05,0.01947814304690665,8938.382237732018,326194.90943893365,378295.137060374
MDG-5863,MDG,Madagascar,Analanjirofo,2915269269.478993,1.454006265442476e-05,3.161540988259959e-05,1.174365450411491,22245.882917312836,131047.58666198803,1160291.766786065
MDG-5869,MDG,Madagascar,Betsiboka,2905161571.7933702,1.4489649967274524e-05,1.7094449309977336e-05,0.17976965272355505,31001.430985251667,93710.56365673717,359284.1787150302
JAM-1374,JAM,Jamaica,Saint James,2900364960.278087,1.4465726608739064e-05,7.4622551808702105e-06,-0.4841423882321889,573.5039674192542,5057270.960704279,187127.49600982663
SWZ-537,SWZ,Swaziland,Shiselweni,2893383791.3669624,1.4430907652414314e-05,1.773454791212475e-05,0.228928099277091,3744.167428550053,772770.9421604149,224755.54737091064
BWA-5501,BWA,Botswana,Gaborone,2882512346.5679317,1.4376685735359539e-05,3.704835144145237e-07,-0.9742302557603163,224.63396085236016,12832041.67183987,252382.98638916016
BFA-2824,BFA,Burkina Faso,Namentenga,2874794284.6212673,1.4338191485291418e-05,1.484947229200516e-05,0.03565866777816651,6447.002492488007,445911.7687593503,480634.8836545944
DOM-1969,DOM,Dominican Republic,Bahoruco,2874559100.614442,1.4337018492377741e-05,1.2450728924317706e-05,-0.13156777115568896,1320.7521713021522,2176456.0854595187,103873.91429567336
HTI-1389,HTI,Haiti,Sud-Est,2871737606.019618,1.4322946135968895e-05,1.7533548533988827e-05,0.22415796076738825,2075.157851865128,1383864.655615732,677086.9421520233
SVN-1013,SVN,Slovenia,Kranj,2870377050.0551567,1.4316160289743565e-05,5.745442924593539e-06,-0.5986743087313915,175.3996421260274,16364782.819754818,58492.34948730469
NOR-901,NOR,Norway,Svalbard,2868084373.9903283,1.4304725444263626e-05,0.0002951809016309518,19.635202177146503,61660.822452928354,46513.88450388922,2620.8331153690815
HUN-4907,HUN,Hungary,Érd,2857640254.183543,1.425263483364634e-05,1.9004412897563102e-06,-0.866660353546004,51.94646924172031,55011250.92614489,89470.96362304688
BEN-2180,BEN,Benin,Mono,2856945663.673892,1.4249170526031523e-05,1.5008038294515185e-05,0.05325697850954225,1776.76576890024,1607947.2678282452,600658.9020690918
PHL-5554,PHL,Philippines,Pasay,2856872900.034902,1.4248807613459105e-05,5.514948741562723e-06,-0.6129536666385034,16.52650567138047,172866119.24154356,412705.375
URY-18,URY,Uruguay,Florida,2856495878.029947,1.4246927195882745e-05,2.4377850386653097e-05,0.7110953156058881,10347.976851600515,276043.8991113644,71423.39583586459
MDG-5873,MDG,Madagascar,Haute Matsiatra,2855594431.8893895,1.4242431184656436e-05,1.4076324363614524e-05,-0.01166281366490729,21513.763863668344,132733.37245798318,1159901.7023796588
DZA-2206,DZA,Algeria,Tissemsilt,2843994120.442954,1.4184574005901845e-05,1.4163098998204313e-05,-0.0015139691673924371,2931.0609643559333,970295.1098691627,382806.3052978515
BRN-1181,BRN,Brunei,Belait,2841853323.842691,1.4173896667439808e-05,2.0196474275269703e-05,0.4249062730692066,2773.8549202739523,1024514.0447222895,50008.13642700296
BDI-2639,BDI,Burundi,Gitega,2841042934.4270425,1.4169854806538185e-05,1.4478725920941867e-05,0.0217977614182161,1848.055239660314,1537314.9424631088,988236.1110839844
TCD-5583,TCD,Chad,Moyen-Chari,2833901692.793762,1.4134237478881573e-05,1.4305753130485621e-05,0.012134765095061839,41708.22994666533,67945.86335640789,845347.6243177876
RUS-2381,RUS,Russia,Nenets,2828934211.04074,1.4109461895823147e-05,0.00020651964650485183,13.636961212956553,177795.17853287805,15911.197561061032,38640.048039793066
MUS-5196,MUS,Mauritius,Vacoas-Phoenix,2826698201.2916484,1.4098309676648035e-05,5.321086573063558e-07,-0.9622572727149182,22.306984757956414,126718076.5111442,156923.03125
PAN-1339,PAN,Panama,Los Santos,2815246086.8065124,1.404119163822777e-05,2.1444339316267046e-05,0.527244970995473,3647.5665938457646,771814.8563912287,88879.57020610571
BFA-2876,BFA,Burkina Faso,Séno,2801069920.7155914,1.397048724556e-05,1.3519582188449034e-05,-0.03227554266257027,6870.004203314415,407724.6298283519,376085.8292255104
PRY-608,PRY,Paraguay,Guairá,2797004218.844268,1.395020933827982e-05,8.640269011376841e-06,-0.38063517171260886,3626.946648006115,771173.2457884095,249020.05807876587
ARM-1671,ARM,Armenia,Ararat,2796011542.662383,1.3945258312303841e-05,2.1374920992802404e-05,0.5327733996826292,2199.566223037196,1271164.9748838232,256474.1453149673
PAN-1418,PAN,Panama,Darién,2794479049.4639277,1.3937614919854196e-05,3.308665247284379e-05,1.3739106484935024,12034.168415059674,232212.06094863106,51549.18409867585
JOR-849,JOR,Jordan,Aqaba,2788404597.326244,1.390731826232142e-05,2.8061302151564827e-05,1.0177363904578405,6512.731399290235,428146.7216090207,207352.48915340097
GIN-5651,GIN,Guinea,Macenta,2782500405.374145,1.3877870786643604e-05,1.3910555142193492e-05,0.0023551419416114605,8845.860100764285,314553.9691650489,322253.57471061125
BFA-2820,BFA,Burkina Faso,Sissili,2776451617.558922,1.384770213130276e-05,1.6756164494888326e-05,0.21003212923037817,6769.289291935956,410154.0793752784,320347.6687991321
UGA-3075,UGA,Uganda,Mukono,2774716268.170412,1.3839046982668494e-05,2.1321805593696543e-05,0.5406989816856014,2690.013975331149,1031487.677616558,968359.2975234984
EST-1658,EST,Estonia,Lääne-Viru,2772715967.466098,1.3829070375062151e-05,2.3358327961852658e-05,0.6890743432743345,3709.4829423891997,747466.967911234,47427.82625552267
URY-6,URY,Uruguay,Artigas,2767982956.1897936,1.3805464226147522e-05,1.8212409258260454e-05,0.3192174460722723,11964.470476592869,231350.22662348815,65363.887855379726
NAM-3338,NAM,Namibia,Karas,2761965339.202999,1.3775451036994001e-05,3.601849550075809e-05,1.6146872000074879,159948.5342950622,17267.837754036012,95624.44798686657
LVA-4850,LVA,Latvia,Daugavpils,2754358155.6192894,1.3737509798738977e-05,3.2464577621381596e-07,-0.9763679312357166,65.04168229467777,42347584.78632821,80474.8984375
TTO-54,TTO,Trinidad and Tobago,Sangre Grande,2752710565.558246,1.372929235448188e-05,1.8831192705203882e-05,0.3716069422220807,851.3586575184919,3233314.8212549374,88539.6870598793
ARM-1674,ARM,Armenia,Lori,2748858441.210188,1.3710079676613734e-05,1.5137781432993137e-05,0.10413519031656215,3727.755570516418,737403.0805430141,193385.54648363264
ALB-1526,ALB,Albania,Dibër,2743810930.1647606,1.3684904943144764e-05,2.5174110037569954e-05,0.8395531530659646,2534.190170492782,1082717.0597190098,105238.25225901604
TCD-1485,TCD,Chad,Logone Oriental,2743189685.327816,1.3681806451026906e-05,1.5638989120729866e-05,0.14305001877555878,22959.944458361668,119477.19169367536,1148299.2626856598
GBR-2095,GBR,United Kingdom,Larne,2739454823.986616,1.3663178628727549e-05,3.057238779296103e-06,-0.7762424936121307,417.4711312917445,6562022.182252843,33108.26563024521
MWI-1915,MWI,Malawi,Balaka,2736981622.040454,1.3650843400681642e-05,1.3809075408708435e-05,0.01159137229710594,2137.2343434515033,1280618.3984580725,460944.60670781136
GBR-2101,GBR,United Kingdom,Ballymoney,2728495949.7800236,1.3608520652788916e-05,1.1719469303448973e-05,-0.13881386504364845,364.99480961079684,7475437.671810971,32769.81668806076
VEN-26,VEN,Venezuela,Barinas,2725324387.1164503,1.3592702313013726e-05,1.485661278308459e-05,0.09298448836481832,36801.75588991033,74054.19445933645,915617.608036045
ARM-1555,ARM,Armenia,Shirak,2724312330.2936277,1.3587654625046189e-05,1.389000743238018e-05,0.022252023301847945,3027.121866839762,899967.8407852607,218368.68525338173
LBY-2983,LBY,Libya,Ajdabiya,2722934953.3010526,1.3580784883036257e-05,3.2071507861888996e-05,1.3615356651403467,197103.91563166463,13814.717706519346,196306.9780388082
BGR-2246,BGR,Bulgaria,Gabrovo,2720295125.167715,1.3567618597898383e-05,1.5053541716154346e-05,0.10951981790571041,2058.962484559281,1321197.0327618627,104526.33846120536
MMR-3279,MMR,Myanmar,Tanintharyi,2717244936.143919,1.355240561569528e-05,0.0002214665074158721,15.341490484861804,37615.805769575185,72236.78665263925,922316.709118072
GUY-671,GUY,Guyana,Mahaica-Berbice,2716329780.9196568,1.3547841229674886e-05,1.6736481570610504e-05,0.23536150792432475,35905.75740149348,75651.64969355785,88711.05945267435
BIH-2224,BIH,Bosnia and Herzegovina,West Bosnia,2714091460.6124015,1.3536677486466362e-05,2.839679316744163e-05,1.0977668409276977,5380.700986943141,504412.2442779186,81833.95531387627
UGA-3361,UGA,Uganda,Rakai,2702198891.4644413,1.3477362656668728e-05,1.3042992353055858e-05,-0.03222962197265944,3959.269376584355,682499.3791646521,542258.9571855292
GEO-3039,GEO,Georgia,Shida Kartli,2695832533.954837,1.3445610105355807e-05,1.3894621067296393e-05,0.033394614184278026,5854.5435203940215,460468.4420850291,247224.02917241585
HUN-4903,HUN,Hungary,Szombathely,2694124762.573708,1.3437092503520184e-05,1.645058704805482e-06,-0.8775733139907671,80.19627798056196,33594137.16465385,83524.98498535156
ESP-5815,ESP,Spain,Ceuta,2693650176.559836,1.3434725480189319e-05,2.147174432456834e-06,-0.8401772752541143,31.455003697751177,85635029.72191396,48757.03466796875
PER-574,PER,Peru,Moquegua,2688536941.6141286,1.3409222945224283e-05,2.0373315052998514e-05,0.519350907671686,15361.94248149749,175012.8243776661,180801.86597475456
URY-22,URY,Uruguay,Rocha,2687400462.444678,1.3403554694094873e-05,2.9007809647427016e-05,1.164187807597549,11126.436357204302,241532.9020153521,65305.14285725611
DZA-2148,DZA,Algeria,Béchar,2686415447.705402,1.3398641879976963e-05,2.4276518447550566e-05,0.8118641176483408,164983.97810846657,16282.886850620445,361595.9557156216
KGZ-1115,KGZ,Kyrgyzstan,Bishkek,2686051142.0600667,1.3396824885929795e-05,7.653136115600594e-08,-0.9942873507859027,64.15509866942965,41868085.2772188,1070198.208984375
GTM-1956,GTM,Guatemala,El Progreso,2682342306.0752015,1.3378326866498279e-05,2.79362477121031e-05,1.0881720106615465,2022.6390987950992,1326159.62366845,187255.53243212777
SRB-835,SRB,Republic of Serbia,Toplicki,2680722884.6656766,1.3370249914909304e-05,1.9214856283708167e-05,0.43713516246854,2229.679474063339,1202290.6950748225,80695.90164482594
VEN-35,VEN,Venezuela,Portuguesa,2676790897.0817723,1.3350638914846655e-05,1.3438975464349609e-05,0.0066166533351987855,17742.525684250093,150868.64997230578,899311.9828175325
GUY-674,GUY,Guyana,Upper Demerara-Berbice,2672127107.1738033,1.3327378011238577e-05,1.4952800790152808e-05,0.12196118227783148,55329.21868991294,48295.04501318683,37335.43232132867
VEN-49,VEN,Venezuela,Sucre,2671098616.681601,1.332224835945901e-05,3.304950184095047e-05,1.4807750875988432,11113.054759929899,240356.83026711282,897399.5674775771
PER-3505,PER,Peru,Callao,2668374174.2586412,1.3308660055989778e-05,2.228438867861745e-06,-0.8325572327727464,38.27382836674786,69717984.53736375,222885.37109375
URY-13,URY,Uruguay,Durazno,2659245602.4646297,1.3263130812012235e-05,1.4007997855526935e-05,0.05616072510120196,11972.06512200398,222120.8768382897,62239.768025163154
TTO-57,TTO,Trinidad and Tobago,Princes Town,2639386954.8821826,1.3164084736541983e-05,1.2770812134545064e-05,-0.02987466351574286,582.8080136112075,4528741.700938456,87535.78225839138
VEN-27,VEN,Venezuela,Mérida,2638141576.494955,1.3157873344692752e-05,1.4936092180271434e-05,0.13514485122293185,11649.278766342626,226463.94076491127,886327.1070958711
BHS-5011,BHS,The Bahamas,West Grand Bahama,2636822394.8766537,1.3151293855249536e-05,4.356522904765841e-06,-0.6687380760618569,483.06986257679614,5458470.08714493,31034.39057391882
UGA-3102,UGA,Uganda,Masindi,2632792843.3601847,1.313119624981319e-05,1.366457054274794e-05,0.040618865394105974,4319.239376178352,609550.1115035838,404948.517488122
HRV-1490,HRV,Croatia,Dubrovacko-Neretvanska,2626832646.67714,1.3101469447520362e-05,7.2329337360463795e-06,-0.44792958034067587,1004.6616577286914,2614644.070936084,70980.06554794312
BDI-2644,BDI,Burundi,Muyinga,2624890092.394834,1.3091780853307108e-05,1.2929617249608216e-05,-0.01238667263956894,1866.3835920003507,1406404.3981342185,960710.065979004
TTO-52,TTO,Trinidad and Tobago,Siparia,2622101417.2678995,1.307787218576378e-05,1.0055887207876226e-05,-0.23107619763842058,466.40675949075796,5621919.845524575,87589.04379272461
PRY-618,PRY,Paraguay,Caazapá,2621670839.7230177,1.3075724657044661e-05,1.8419770301357603e-05,0.4086997688066023,9044.216526548214,289872.63098217704,202943.4393692613
UGA-5614,UGA,Uganda,Namayingo,2614216140.767117,1.3038543944091844e-05,2.075036417553639e-05,0.5914633002359901,4668.072269651092,560020.4944904404,294742.5610370636
SLV-1350,SLV,El Salvador,La Unión,2612513991.2158947,1.3030054381435973e-05,1.3912355922728549e-05,0.06771280575387295,1932.611154754113,1351805.294504929,200515.5303955078
NAM-3349,NAM,Namibia,Otjozondjupa,2612243858.8512936,1.3028707081703696e-05,1.4598864796904065e-05,0.1205152364969011,104648.31165574084,24962.121390402674,159474.95925184613
HKG-5170,HKG,Hong Kong S.A.R.,Islands,2602658667.8800855,1.2980900424961864e-05,4.843832410925357e-07,-0.9626849274522526,31.324931291700214,83085854.00056984,22506.49063873291
MWI-1918,MWI,Malawi,Thyolo,2600899108.8389463,1.2972124529379878e-05,1.1396047783415568e-05,-0.12149719518917179,1579.9744559378678,1646165.29024519,846605.041015625
BFA-2183,BFA,Burkina Faso,Kompienga,2597580140.708101,1.2955570996889494e-05,1.666435391987293e-05,0.2862693526880349,7046.789724943659,368618.93743095465,184216.07801745832
ECU-1277,ECU,Ecuador,Bolivar,2587102373.1650114,1.2903312566373317e-05,2.537806389725458e-05,0.9667867275718867,4104.484376030211,630311.1758138093,201584.6947017908
MWI-1923,MWI,Malawi,Mulanje,2584112510.494541,1.2888400465109844e-05,1.0986441223230831e-05,-0.14757139545964615,1747.8925525510654,1478416.111289567,671370.847362997
TCD-5581,TCD,Chad,Barh El Gazel,2583710444.445094,1.2886395139011365e-05,1.3407826429511471e-05,0.040463704928740185,56765.51848670461,45515.49097627357,423422.0473386049
DOM-1966,DOM,Dominican Republic,Dajabón,2579174982.5421815,1.2863774278247141e-05,1.102592325330392e-05,-0.14287027937446461,1091.0511188489118,2363935.9677879075,96997.13981819151
UGA-3371,UGA,Uganda,Mbarara,2571145466.272432,1.2823726632950984e-05,1.5768140203189128e-05,0.22960670127452487,3986.627367740367,644942.5113262505,388124.4485462867
NAM-3350,NAM,Namibia,Omusati,2568328741.162363,1.2809678064604496e-05,1.3366501008828354e-05,0.04346892571503913,26758.655604597687,95981.23235761783,268073.3397569213
MDG-5874,MDG,Madagascar,Ihorombe,2560967920.729016,1.2772965575844248e-05,1.314434109253652e-05,0.029075120768711882,24517.70480732246,104453.81983570325,551691.0578046888
ALB-1525,ALB,Albania,Gjirokastër,2558667402.8001065,1.2761491618644423e-05,1.827045714898397e-05,0.43168664721692873,2835.282695522946,902438.1966709602,56349.93010117859
AZE-1700,AZE,Azerbaijan,Cəlilabad,2551682881.222919,1.272665594071693e-05,1.0442546006812902e-05,-0.17947447817744322,1641.218310917383,1554749.215414626,243115.43794476983
SLV-1357,SLV,El Salvador,Chalatenango,2550640449.757569,1.2721456757582178e-05,2.2123676394584654e-05,0.7390835669349434,1862.264608033488,1369644.4848678035,194926.8598022461
TCD-1486,TCD,Chad,Mayo-Kebbi Est,2549528879.785261,1.2715912742416464e-05,1.712624327885203e-05,0.3468355458058492,17864.71654688251,142713.0888471985,1127984.169158049
BFA-2801,BFA,Burkina Faso,Banwa,2547065398.8839917,1.2703625998606059e-05,1.2484321945990303e-05,-0.01726310682003862,5976.57475799975,426174.774351262,383093.8151224851
UGA-5625,UGA,Uganda,Nwoya,2547036255.2074485,1.2703480642948056e-05,1.4530940037740955e-05,0.14385501471262963,4518.32008813817,563713.106978436,265345.7096156031
SLV-1345,SLV,El Salvador,Cuscatlán,2538552528.596621,1.2661167599087623e-05,2.1246136706454407e-05,0.6780550877460485,758.8956762564994,3345061.262068141,274914.58398008347
PHL-2569,PHL,Philippines,Marinduque,2532148643.1054673,1.2629227874943452e-05,6.439940643019331e-06,-0.49007645544220046,831.0432548927478,3046951.681753629,180486.0389404297
DZA-2144,DZA,Algeria,Aïn Témouchent,2528603696.6048856,1.2611547263150685e-05,1.669812463534246e-05,0.32403457616435594,1871.1197701712401,1351385.2704220393,340354.2334008217
UGA-3367,UGA,Uganda,Kasese,2527973676.850262,1.2608405005657816e-05,1.0857004110585737e-05,-0.1389074109124957,2978.661748961427,848694.443983676,740617.1101510152
HND-651,HND,Honduras,Copán,2525771505.744379,1.2597421558540073e-05,1.3843512281055207e-05,0.09891633114955822,3353.6858613136633,753133.0035649242,415612.2135543823
HND-652,HND,Honduras,Lempira,2525657610.9433084,1.2596853502079245e-05,1.7483770403056974e-05,0.3879474267261338,4145.252327216376,609289.2329764013,371218.36304077506
GBR-2772,GBR,United Kingdom,Eilean Siar,2525131436.368468,1.2594229178019219e-05,1.8735500845983674e-05,0.48762584681902177,2625.413657801377,961803.268168838,22817.681289561093
DZA-2149,DZA,Algeria,Naâma,2517031043.339116,1.2553828031063319e-05,1.9057199460574004e-05,0.5180389131839849,30859.231932358703,81564.92840963358,338796.5351597043
GIN-5653,GIN,Guinea,Mamou,2514343035.071697,1.2540421444909146e-05,1.3542884720996242e-05,0.07993856350769235,8044.170959088789,312567.08091600676,308362.46122939885
UGA-3086,UGA,Uganda,Yumbe,2512356644.3126106,1.2530514213904564e-05,1.2468050042039346e-05,-0.0049849647667215,2533.917134680381,991491.2409436428,772492.0631512403
LIE-4895,LIE,Liechtenstein,Vaduz,2507612692.1084404,1.2506853496522338e-05,1.2292642314954632e-06,-0.9017127503862364,12.293785876790098,203974000.94975275,9478.0361328125
AZE-1717,AZE,Azerbaijan,Sumqayıt,2504341065.0652604,1.249053608025902e-05,7.833537221425266e-07,-0.9372842192593641,78.90563157242016,31738432.544789378,302819.833984375
VEN-23,VEN,Venezuela,Falcón,2504146991.048429,1.2489568125636828e-05,4.909505597549809e-05,2.930884997914593,27967.177711144257,89538.78067040657,841309.4195147827
MDG-5867,MDG,Madagascar,Atsimo-Atsinanana,2501688650.675082,1.2477307020486582e-05,2.1239535377430358e-05,0.7022531658920477,16155.403369093256,154851.51274285346,1262872.9944291783
HRV-1491,HRV,Croatia,Šibensko-Kninska,2499835115.578848,1.2468062414263212e-05,1.166934110614699e-05,-0.06406138191949551,1654.611245530019,1510829.2792837145,63723.76073765755
DOM-1983,DOM,Dominican Republic,Samaná,2496712326.833405,1.245248733703428e-05,9.995504636049385e-06,-0.19730858859640943,1066.1305627303238,2341844.8116142643,102250.16395556928
GNB-777,GNB,Guinea Bissau,Gabú,2495448590.6934896,1.2446184384903783e-05,1.3795879958963381e-05,0.10844251798942262,8738.849375098254,285558.02755959873,282231.7725382224
DZA-2190,DZA,Algeria,El Bayadh,2490586256.3401604,1.242193323017021e-05,1.551655290724045e-05,0.24912544768426814,68288.55246009772,36471.50461705066,335237.0231576604
THA-424,THA,Thailand,Samut Songkhram,2486371313.1012106,1.2400910973522841e-05,1.709282040749467e-05,0.378351997203231,380.29826516644465,6537950.710905829,149814.57275390625
PHL-5530,PHL,Philippines,Iligan,2484349267.5104055,1.2390825912122779e-05,1.1223380105674606e-05,-0.09421856256619521,667.4817095212077,3721973.54934633,219519.8878555298
NAM-3354,NAM,Namibia,Kavango,2479293455.6317067,1.2365609777800339e-05,1.2887341169629996e-05,0.04219212810405093,43209.61099468561,57378.28688012575,233173.16469958052
BFA-2808,BFA,Burkina Faso,Sourou,2474559110.0745926,1.2341996974088234e-05,1.2060468600733032e-05,-0.022810601391838325,6023.9451484073525,410787.12523284374,284123.1964980513
BFA-2834,BFA,Burkina Faso,Tuy,2472274222.341856,1.2330600973334501e-05,1.3098174797453996e-05,0.06224950639303062,5688.6888073041,434594.73809984693,371987.3356688842
BDI-2632,BDI,Burundi,Cankuzo,2470925504.255487,1.232387416916438e-05,8.497784150663153e-06,-0.3104616264319303,1764.666322141566,1400222.5085005406,344977.8248972893
GIN-5660,GIN,Guinea,Télimélé,2468795480.0678616,1.2313250558691153e-05,1.2783647469090088e-05,0.0382024964209724,7574.944338621318,325915.98957111227,322147.9502401352
BFA-2877,BFA,Burkina Faso,Yagha,2460634985.47291,1.2272549651936527e-05,1.1355334341873984e-05,-0.07473714395751596,6343.985832808649,387868.9281977041,235833.5134959221
GAB-2622,GAB,Gabon,Ngounié,2460028676.4580054,1.226952565303634e-05,1.2146675790218228e-05,-0.010012600836586505,37722.256117897865,65214.25093900493,107229.4651104873
EST-2350,EST,Estonia,Viljandi,2459512401.8834395,1.2266950705761429e-05,1.4300835201019691e-05,0.16580196203959696,3873.2878010052073,634993.454719564,40480.73194943741
MDG-5872,MDG,Madagascar,Diana,2458724059.0917583,1.2263018803585456e-05,4.944627186594222e-05,3.0321451559289088,19336.57439637877,127154.06610760446,919580.4580187649
AZE-1685,AZE,Azerbaijan,Şəmkir,2454858430.55906,1.224373877286836e-05,2.267664929785399e-05,0.8521016920178455,1707.9412872476914,1437320.1519795852,228750.7391246762
SVN-941,SVN,Slovenia,Celje,2450773327.4781837,1.2223364101009543e-05,3.783133613371309e-06,-0.690499801682349,105.42199782271265,23247266.966042798,50128.26525878906
BDI-2638,BDI,Burundi,Cibitoke,2447531875.367817,1.2207197183850472e-05,1.3064097180065716e-05,0.07019629349060419,1638.4595473263787,1493800.6125092767,712643.602959156
HUN-4918,HUN,Hungary,Szolnok,2446634490.230285,1.2202721427095696e-05,4.434031863134156e-06,-0.6366358201631522,264.6610008238394,9244408.819638621,71981.21327972412
BRB-1996,BRB,Barbados,Saint Michael,2442590633.7783985,1.2182552475022724e-05,9.585683695602246e-07,-0.9213162946332036,34.39871439378863,71008195.41731061,49655.4453125
UGA-3098,UGA,Uganda,Gulu,2441403108.77564,1.2176629630047622e-05,1.0978063153524769e-05,-0.09843171000004913,3290.988827592086,741844.8486687627,547440.6168999672
ALB-1523,ALB,Albania,Berat,2435850317.3871784,1.2148934783626244e-05,1.3086202200551932e-05,0.07714811492682405,1833.0510004052715,1328850.27031361,114402.88470005988
PRY-615,PRY,Paraguay,Amambay,2434158985.4872017,1.2140499174589182e-05,1.2477568152059803e-05,0.02776401304619558,12096.753178846968,201224.1590366333,167394.82375463098
NAM-3352,NAM,Namibia,Ohangwena,2430017215.0357633,1.2119841871164539e-05,1.0388934470744203e-05,-0.14281600525981297,10895.496009452418,223029.51723607583,274511.46057961136
HUN-4904,HUN,Hungary,Sopron,2425797538.8848515,1.2098796008863592e-05,9.446249115547683e-06,-0.21924056669545056,148.01529272997348,16388830.465715934,73971.05298137665
DOM-1972,DOM,Dominican Republic,La Estrelleta,2422130785.018659,1.2080507876267759e-05,1.2922010076922523e-05,0.06965784959321963,1420.4325276777477,1705206.504231904,64778.57385131717
BDI-2634,BDI,Burundi,Rutana,2418654007.144359,1.2063167259173792e-05,1.0253454218253038e-05,-0.15001972550322584,1727.479239657838,1400105.9761641028,542598.8265991211
HKG-5157,HKG,Hong Kong S.A.R.,Yau Tsim Mong,2415422970.184805,1.2047052288140919e-05,2.096708357816258e-06,-0.8259567313507677,2.890613695583734,835609052.1106563,20887.369956708226
UGA-3370,UGA,Uganda,Isingiro,2414926546.7977943,1.2044576349734192e-05,1.0917859858809108e-05,-0.09354554765638978,2876.172376427373,839632.0632901309,698834.9998950958
ALB-1528,ALB,Albania,Lezhë,2413385854.59963,1.2036892064331459e-05,1.4369593495757325e-05,0.1937959914368832,1597.799116381215,1510443.853583798,124858.20425891876
SVN-260,SVN,Slovenia,Nova Goriška,2412482359.155331,1.2032385832092253e-05,1.1750582854499425e-05,-0.02342037410745379,389.4686839159973,6194290.98868362,48015.99059295654
SLB-1263,SLB,Solomon Islands,Guadalcanal,2406363584.7850847,1.2001868115034998e-05,2.8813001432967748e-05,1.4007097192538787,5212.797008316676,461626.1828239023,150286.7438587714
URY-19,URY,Uruguay,Lavalleja,2403306071.3265347,1.1986618601818673e-05,2.529519695823968e-05,1.1102862949524197,10279.671800661328,233792.10133653504,57555.285177610815
MWI-1919,MWI,Malawi,Nsanje,2402162437.443782,1.198091466617093e-05,6.53762683146474e-06,-0.45432990605264456,1877.769853670601,1279263.5011943108,345167.4061720371
TCD-1464,TCD,Chad,Hadjer-Lamis,2396104199.662192,1.195069887861335e-05,1.410363940142672e-05,0.18015185092364883,30430.33687743602,78740.63995127488,809803.6157646216
UGA-3096,UGA,Uganda,Kitgum,2395814096.92289,1.1949251975560577e-05,1.2826618821338097e-05,0.07342441581882864,4465.300136470648,536540.4393211808,256281.43144806975
MWI-1913,MWI,Malawi,Ntchisi,2390594268.9421706,1.1923217802086595e-05,1.2002660694778372e-05,0.006662873564036831,1956.5248191600094,1221857.3695213941,397022.8467261996
UGA-3128,UGA,Uganda,Nakapiripirit,2388938208.815424,1.1914958112920148e-05,1.3144093618356966e-05,0.10315902865860593,4371.846320333524,546436.9133252548,229772.2831054777
BFA-2812,BFA,Burkina Faso,Boulkiemdé,2387736666.9765844,1.1908965358219393e-05,1.3660083499336319e-05,0.1470420047790575,4124.382310723596,578931.9435223917,638280.1259651184
SXM-5146,SXM,Sint Maarten,Sint Maarten,2379150274.899593,1.186614026481139e-05,8.407228415489543e-08,-0.9929149426621723,10.759845351715406,221113798.30568781,41211.0927734375
LBY-2987,LBY,Libya,Al Butnan,2364653516.055251,1.17938368985016e-05,3.3604638817013e-05,1.8493389476398852,79256.21722008199,29835.558634964647,170477.0748500235
BFA-2819,BFA,Burkina Faso,Sanguié,2362896065.869162,1.1785071520947872e-05,1.2172418279842931e-05,0.03286757812258956,5242.768127935283,450696.27498474217,409639.2279483825
JAM-1376,JAM,Jamaica,Westmoreland,2356317399.971118,1.175226007010128e-05,8.98436929789926e-06,-0.23551987070501978,724.033857885872,3254429.8506307416,131131.93621826172
ZWE-531,ZWE,Zimbabwe,Bulawayo,2353949644.4796133,1.1740450761932986e-05,2.2872093176741765e-06,-0.8051855619470608,492.2991064028746,4781543.6060394775,589107.4897193909
MYS-4832,MYS,Malaysia,Putrajaya,2351301897.6755676,1.172724498199803e-05,2.3291573854395813e-06,-0.801389210422826,27.854862089145065,84412620.32282189,113065.333984375
NAM-3347,NAM,Namibia,Kunene,2347569674.8976736,1.1708630319675415e-05,3.2589033356357216e-05,1.7833343838342866,115574.20054202277,20312.229406632126,110784.9709873856
PHL-5539,PHL,Philippines,Baguio,2347409487.4661436,1.1707831376224366e-05,6.310986421366214e-07,-0.9460960256552531,37.33526257991469,62873790.76125698,327989.521484375
EST-2348,EST,Estonia,Rapla,2344671755.9237475,1.169417679255548e-05,2.6854189258146587e-05,1.296372778906676,2668.804292381287,878547.656198377,40202.58885025047
HRV-1584,HRV,Croatia,Licko-Senjska,2338559003.3830204,1.166368910969761e-05,2.1197589610112013e-05,0.8174000876350154,3723.909645358657,627984.8938595257,38689.362105198205
URY-9,URY,Uruguay,Río Negro,2331126044.309304,1.1626616825579265e-05,1.4949130092160686e-05,0.28576784772606323,9684.855138853538,240698.0807546963,56476.86787630629
MLT-5927,MLT,Malta,Mosta,2327781159.923102,1.1609934034368049e-05,3.219148524444638e-07,-0.9722724649863193,5.0398502078721075,461875068.4865935,53365.83203125
BGR-2253,BGR,Bulgaria,Vidin,2327665972.5353765,1.1609359531061593e-05,2.1543154471463056e-05,0.8556712292200919,3416.4046625203905,681320.3359868333,65370.761348379776
PHL-5547,PHL,Philippines,Valenzuela,2325486424.6891727,1.1598488918671204e-05,1.213131035717052e-05,0.04593886688477,35.9007716737652,64775388.27914783,329509.875
BDI-2642,BDI,Burundi,Ngozi,2323182800.945235,1.1586999471051476e-05,1.355988972281318e-05,0.17026757071066578,1443.1461897375223,1609804.2024195571,923524.4809570312
NAM-3355,NAM,Namibia,Oshikoto,2320793344.3021584,1.1575081927219729e-05,1.3685358470255499e-05,0.1823120178590949,38316.70094892736,60568.715124915434,221091.3191247189
UGA-3107,UGA,Uganda,Kyenjojo,2320082998.2714834,1.1571539038094368e-05,1.220929777864926e-05,0.055114426737475686,2736.6752720142863,847774.3128668033,638348.1870727539
LKA-2460,LKA,Sri Lanka,Kilinŏchchi,2318851728.560457,1.1565398014028342e-05,1.0765872152065335e-05,-0.06913085576416966,1194.0256026856187,1942045.2319823497,75475.9840760231
UGA-5604,UGA,Uganda,Apac,2313274800.723774,1.1537582785770175e-05,1.244630831875922e-05,0.07876221127616234,3398.1061029791513,680754.1408715002,477811.66091251373
COD-1895,COD,Democratic Republic of the Congo,Maniema,2302726410.111847,1.148497211889062e-05,1.4829480338849074e-05,0.2912073434168261,127350.54759218168,18081.794335788283,2369670.3162532393
MUS-5187,MUS,Mauritius,Pamplemousses,2297570396.995066,1.1459256225491026e-05,4.272674183395272e-06,-0.6271421024786284,154.05902533351107,14913572.197547171,112863.12939453124
ECU-1409,ECU,Ecuador,Carchi,2296158111.110124,1.1452212373498348e-05,1.3756852606330947e-05,0.2012397393333174,3923.310556353393,585260.3504435138,178706.98150348663
COM-4935,COM,Comoros,Andjazîdja,2293864689.6275625,1.1440773810207277e-05,7.510726354336152e-06,-0.3435123813360246,872.7149028986171,2628423.87818607,371306.86899513006
BFA-2827,BFA,Burkina Faso,Koulpélogo,2292538091.3623347,1.1434157329837657e-05,1.2263756242949694e-05,0.07255444272637224,5031.666333550717,455622.0423591859,422716.2438451648
HTI-1359,HTI,Haiti,Grand'Anse,2285685062.1399636,1.1399977477119048e-05,1.3147413156877137e-05,0.15328413439985966,1836.4855859673876,1244597.3328649653,489840.47343063354
ALB-1502,ALB,Albania,Kukës,2285491246.6551347,1.1399010811939157e-05,1.5004325337981062e-05,0.3162831043432077,2157.4258824879607,1059360.2613219267,67997.94173899293
UGA-3120,UGA,Uganda,Mayuge,2276455558.186715,1.1353944828555686e-05,1.3029651438909111e-05,0.14758805293284039,3878.458499386328,586948.5411657515,308499.64706134796
PHL-5541,PHL,Philippines,Dagupan,2265864824.7116113,1.1301122974363176e-05,2.443066765557979e-06,-0.7838208847828552,111.96124710178954,20237938.423922706,309850.427734375
PRY-611,PRY,Paraguay,Paraguarí,2264366606.6268735,1.1293650530891095e-05,2.4623743805684926e-05,1.1803174924115574,9038.001547288077,250538.41767777904,169068.06236070022
AZE-1728,AZE,Azerbaijan,Quba,2251685929.470555,1.1230404969911969e-05,1.2143477115312946e-05,0.08130358146898908,2540.5656987518787,886293.1317134432,165372.94527263008
AFG-1764,AFG,Afghanistan,Nangarhar,2250835461.2298675,1.1226163213709667e-05,2.0795408787663093e-05,0.8524057054744427,7570.0540957216235,297334.13166782714,2269997.671831779
LVA-4848,LVA,Latvia,Liepāja,2249371705.10187,1.1218862651104797e-05,1.4219893440580453e-07,-0.9873250133433267,27.551172361206874,81643411.59830546,65840.68823242188
NLD-5149,NLD,Caribbean Netherlands,Bonaire,2246744037.577514,1.1205757017659844e-05,2.4810413631043577e-06,-0.7785922576052353,242.49760186741284,9265015.48995085,18817.343388915066
MDG-5864,MDG,Madagascar,Androy,2246643136.5149007,1.1205253768170111e-05,1.7738893211661578e-05,0.5830871463215823,15768.608750482146,142475.67252540315,1014734.186180234
UGA-5609,UGA,Uganda,Kiryandongo,2241692223.900609,1.1180560824584406e-05,1.1546995765517726e-05,0.03277428983057673,3459.694287852579,647945.1758993481,361468.6426444352
ECU-1269,ECU,Ecuador,Zamora Chinchipe,2236889184.396943,1.115660540611033e-05,1.6533744611711817e-05,0.4819691124557024,10622.497840229462,210580.3378867642,113052.13986904731
GEO-3027,GEO,Georgia,Ajaria,2235335744.335764,1.1148857540053528e-05,1.2924712647741122e-05,0.1592858372535153,2975.0153358052457,751369.486211649,227915.40044304729
BIH-4801,BIH,Bosnia and Herzegovina,Doboj,2224324224.3655844,1.109393699053068e-05,2.1142065358772653e-05,0.9057315159459292,2481.659972484045,896304.9930402522,123672.07932376862
NIC-658,NIC,Nicaragua,León,2221027583.795243,1.1077494817952072e-05,1.9616253288134553e-05,0.7708203533839311,5354.817526434773,414771.8522304155,391525.8336813785
SVN-212,SVN,Slovenia,Novo Mesto,2213475670.6660085,1.1039829244068578e-05,7.965779355736018e-06,-0.27845085466192054,359.30662312627965,6160408.765657721,43815.697295844555
VEN-45,VEN,Venezuela,Guárico,2211425587.3765883,1.1029604343135057e-05,2.2217786516886292e-05,1.0143774722721473,65192.87457109671,33921.27746974705,742964.8434643163
UGA-3106,UGA,Uganda,Kabarole,2203256637.7736626,1.098886126657232e-05,1.0269645649537216e-05,-0.06544951288291623,2365.590353462212,931377.0807988956,704368.4253668487
BMU-5137,BMU,Bermuda,Hamilton,2192022977.953062,1.093283278256912e-05,3.510267374529762e-07,-0.9678924260130788,3.5570541416367214,616246728.5202575,10233.7802734375
AZE-1714,AZE,Azerbaijan,Sabirabad,2190353905.5754857,1.0924508194100121e-05,9.604599119713965e-06,-0.12082091485811552,1689.4390906616802,1296497.7060626785,200292.8772880882
NIC-663,NIC,Nicaragua,Chinandega,2189778532.2674665,1.0921638488705882e-05,1.5408670050174483e-05,0.41083868195313933,4516.0578442897895,484887.17544578714,404350.3015179038
LIE-4893,LIE,Liechtenstein,Triesen,2189712718.4385915,1.0921310238686103e-05,1.9221529572246703e-06,-0.823999784346762,30.296505054185456,72276083.14960022,8276.46802520752
GUY-676,GUY,Guyana,Pomeroon-Supenaam,2188075047.476181,1.091314226646821e-05,1.3164833158575969e-05,0.20632837336193433,47973.85491044896,45609.73996274806,23868.708462568
LBY-2986,LBY,Libya,Al Qubbah,2185198653.6167703,1.0898796097017418e-05,2.15569969770383e-05,0.977924606089073,21133.060914285954,103401.90010712435,157539.47540536523
BFA-2821,BFA,Burkina Faso,Ziro,2184485207.967553,1.0895237748377465e-05,1.1042559376523875e-05,0.013521653363493646,5286.645825382539,413208.1626272902,296405.9106270522
SYR-4843,SYR,Syria,Damascus,2184013112.9939938,1.089288314924446e-05,1.0954659380823293e-06,-0.8994328752935983,63.287737669042315,34509261.87968828,1849381.64453125
TCD-5582,TCD,Chad,Sila,2175721051.438414,1.0851526045180443e-05,1.2084952998240154e-05,0.1136639167545952,37420.75278043083,58142.097359842715,549584.9733269
HUN-4920,HUN,Hungary,Eger,2170510015.676237,1.0825535723370463e-05,8.861027863232668e-07,-0.9181469805313816,56.93226199588326,38124429.62187565,65589.42243003845
SLE-761,SLE,Sierra Leone,Western,2164815911.7290564,1.0797136072943795e-05,4.8756083466075724e-06,-0.5484350374331943,634.975226405383,3409291.9246379975,1115182.6395646334
TTO-51,TTO,Trinidad and Tobago,Diego Martin,2163944406.599834,1.0792789394125748e-05,2.428556456650688e-06,-0.774983429402181,16.82845138146828,128588445.69517544,75164.1694946289
EST-2352,EST,Estonia,Saare,2162965444.6522417,1.078790676863269e-05,1.781689170148088e-05,0.6515615200982199,2923.327819645649,739898.3549215583,36260.46314304508
MLT-5945,MLT,Malta,Qormi,2160610732.3566575,1.0776162514107253e-05,3.3320528881468636e-07,-0.9690794113044897,4.743566108082664,455482369.83039963,49548.890625
NAM-3339,NAM,Namibia,Hardap,2160095420.7384763,1.077359236962923e-05,2.0413642827238538e-05,0.8947851493606369,110314.19920587984,19581.299925924144,96843.5613355849
LBY-2985,LBY,Libya,Surt,2146737484.8383472,1.0706968944151836e-05,2.1302309980287034e-05,0.9895742755397074,46522.48581723207,46144.083815125574,154766.66006301576
UGA-3101,UGA,Uganda,Pader,2143479336.3720577,1.069071875301744e-05,1.1450459760853487e-05,0.0710654751460571,3574.0779832383982,599729.313804702,270593.67648887634
AZE-1708,AZE,Azerbaijan,Masallı,2142405628.3103771,1.0685363576172253e-05,6.914086255749082e-06,-0.35293860555506995,778.3604870049146,2752459.3862083466,228416.6994402409
JOR-856,JOR,Jordan,Jarash,2138762220.319578,1.0667191882388604e-05,8.086836942648397e-06,-0.2418963648718404,460.4991443633084,4644443.418622755,245345.6337738037
LBR-788,LBR,Liberia,Montserrado,2135141742.459942,1.0649134553870381e-05,6.623579385848862e-06,-0.3780171193872697,1874.055444107838,1139316.2081586102,1520766.825550079
SYR-139,SYR,Syria,Homs (Hims),2134349094.0547092,1.0645181177214689e-05,2.9454091569782467e-05,1.7668943420922711,49840.44237015696,42823.63864676885,1807327.0778835004
PHL-5538,PHL,Philippines,Angeles,2132731233.19803,1.0637112008967166e-05,1.4548973490247463e-06,-0.8632244026575769,47.44411781747243,44952490.03054707,295991.38671875
COG-2880,COG,Republic of the Congo,Sangha,2132127671.1835055,1.0634101710879477e-05,1.712621218959944e-05,0.6104991897978604,57662.908538764124,36975.72191923295,98336.73987422418
HUN-4912,HUN,Hungary,Kaposvár,2125458855.0161169,1.0600840630704197e-05,1.5431863092143653e-06,-0.8544279304846172,119.36183581927196,17806854.598268032,64215.46144104004
SLV-1351,SLV,El Salvador,Morazán,2122686010.8968823,1.0587010921165279e-05,7.81031803224179e-06,-0.2622735453471948,1233.3012191103867,1721141.5816389387,180205.79314422607
LBY-2971,LBY,Libya,Sabha,2121787086.01696,1.0582527484862318e-05,8.628390347838779e-06,-0.18465693945220718,17237.896120831898,123088.51794580619,152967.88870876376
COG-3342,COG,Republic of the Congo,Cuvette,2117900693.5000489,1.0563143892654496e-05,1.1536218503954465e-05,0.09211979134134829,44898.041870688736,47171.33766322893,193639.60654773656
PNG-1254,PNG,Papua New Guinea,National Capital District,2110957835.817274,1.052851601564664e-05,1.9309001799610346e-06,-0.8166028168555298,176.07715000296557,11988823.28446207,396734.7930297851
CYP-3466,CYP,Cyprus,Famagusta,2106740070.2982976,1.0507479682725479e-05,2.18939266050654e-06,-0.7916348423584442,153.24814211526,13747247.054478414,36850.22116088867
SUR-72,SUR,Suriname,Paramaribo,2105008537.5524144,1.0498843569802082e-05,2.0798978940266514e-07,-0.9801892667492534,41.71973625924349,50455940.67210877,220376.09765625
GUY-678,GUY,Guyana,Demerara-Mahaica,2104771109.154638,1.0497659382867533e-05,1.14001341098799e-05,0.08596913789041682,3010.649932326008,699108.5501357196,132206.21602982143
ARM-1732,ARM,Armenia,Syunik,2103661569.0036964,1.0492125491545317e-05,1.338863492390965e-05,0.2760650770616855,4321.040215741972,486841.469639614,97442.25570512936
MDG-5861,MDG,Madagascar,Amoron'i Mania,2103202595.1818151,1.0489836334863716e-05,1.1136033917003303e-05,0.061602255889532165,16847.053246119667,124840.97749653873,738555.422639668
UGA-5601,UGA,Uganda,Amuru,2101964582.953732,1.0483661682130355e-05,1.2391249587428858e-05,0.18195817102244272,3854.0009948691572,545398.0384935249,221398.1399200261
MDG-5871,MDG,Madagascar,Bongolava,2098226006.9705148,1.0465015332853665e-05,1.219341537515011e-05,0.16515981939083635,18241.197000625554,115026.77192174172,641714.7307274118
NAM-3348,NAM,Namibia,Erongo,2097133700.624243,1.0459567396061378e-05,2.4602074188145105e-05,1.3521120192226292,64285.49449917133,32622.191319556172,156906.2325692796
TCD-1488,TCD,Chad,Mandoul,2096408218.8298128,1.0455949016498264e-05,9.922590860794635e-06,-0.051010018780892286,17437.293296190008,120225.55239624668,882279.1583305188
HUN-4917,HUN,Hungary,Hódmezôvásárhely,2096124286.226088,1.0454532887329334e-05,1.0979863684825454e-05,0.05024909320748416,621.8188310808337,3370956.5896913167,52440.4139631954
URY-16,URY,Uruguay,Treinta y Tres,2074512423.1623936,1.034674255512406e-05,1.1778516878750123e-05,0.1383792353968447,9490.338380000076,218592.03961938995,48136.21401331201
BFA-2828,BFA,Burkina Faso,Ganzourgou,2074146726.4091525,1.0344918622851213e-05,1.2153338529844213e-05,0.1748123859571331,4040.393649451441,513352.6350064323,437646.9713973999
UGA-3090,UGA,Uganda,Nakasongola,2071669854.6738253,1.0332565091533995e-05,1.1872213195236712e-05,0.14900928182530704,3731.3712294221405,555203.3628652529,231167.76654052737
AZE-1691,AZE,Azerbaijan,Ağdam,2069567675.75387,1.0322080360834514e-05,4.98262154473896e-06,-0.5172851430565565,993.1627720406354,2083815.1952691127,208121.6258220896
VEN-29,VEN,Venezuela,Trujillo,2067973007.231295,1.031412686560372e-05,1.2060455607018993e-05,0.16931425841183456,8478.05336544994,243920.73487750988,694769.586811509
UGA-3368,UGA,Uganda,Kamwenge,2067248803.7485175,1.0310514861688891e-05,1.0462922689584943e-05,0.014781786355049897,2383.516192314196,867310.5768756666,560422.7371912003
PHL-5550,PHL,Philippines,Marikina,2066830104.9204285,1.0308426578710203e-05,3.094334226207402e-06,-0.6998247790212648,8.515930202401401,242701625.75282785,296055.375
PHL-2519,PHL,Philippines,Basilan,2064542917.65864,1.0297019108931348e-05,9.203072609658911e-06,-0.10623914432902015,1138.6379504148579,1813168.897898083,74059.20196723938
JOR-858,JOR,Jordan,Madaba,2063071759.981856,1.0289681630702862e-05,5.875475466261264e-05,4.710065361720939,1327.3767724313439,1554247.2964951363,220274.80647307265
BDI-4854,BDI,Burundi,Bujumbura Rural,2061752178.687572,1.0283100147854134e-05,9.770844425102074e-06,-0.04981530038477333,1441.1544639521999,1430625.3980808237,616297.3987255096
AZE-1687,AZE,Azerbaijan,Tovuz,2055151704.1207864,1.025017992509641e-05,8.775312830701403e-06,-0.1438869468802163,1889.6396069072098,1087589.2400903217,175217.5744034052
ARM-1553,ARM,Armenia,Aragatsotn,2051181444.834719,1.0230378042855853e-05,2.735983490760834e-05,1.674371835820324,2691.077763144362,762215.5973813395,146513.7999217622
MUS-5191,MUS,Mauritius,Quatre Bornes,2048036824.227758,1.0214694078040563e-05,3.953153579485512e-07,-0.9612993443632937,17.511036250097355,116956917.62481341,113667.8359375
BDI-2633,BDI,Burundi,Karuzi,2047320151.9878864,1.0211119636605765e-05,9.801768615196036e-06,-0.04008874990968181,1243.604328883966,1646279.3707265318,616995.6440429688
PHL-5536,PHL,Philippines,Naga,2044640986.3545525,1.019775715356583e-05,2.303157918262876e-06,-0.7741505427536548,71.73656512398246,28502075.375658076,270007.2861328125
GBR-2096,GBR,United Kingdom,Carrickfergus,2039722743.043978,1.0173227149893737e-05,5.545985512409663e-07,-0.9454845013220059,61.554187768737435,33137026.36622112,25180.414276123047
PHL-2530,PHL,Philippines,Guimaras,2037244393.1848288,1.0160866246354266e-05,7.922842394890146e-06,-0.2202591587372903,515.3449757579804,3953166.3041604436,175730.33227539062
EST-2347,EST,Estonia,Põlva,2033883959.2868629,1.0144105901114798e-05,1.0453193548413495e-05,0.030469678679589718,2173.657909143668,935696.436284277,35723.18911409378
UGA-3095,UGA,Uganda,Nakaseke,2027728185.755744,1.011340364874793e-05,1.3070172287510791e-05,0.29236137916129934,3575.3075694781573,567147.901642405,255686.34274321797
TCD-1487,TCD,Chad,Tandjilé,2025200905.6904843,1.0100798703167477e-05,1.071088893775437e-05,0.06040019730277146,17297.56567745296,117080.11077710746,840835.5580013143
PHL-5527,PHL,Philippines,Cotabato,2024571111.8276591,1.009765757232213e-05,7.913299599406323e-07,-0.9216323237074624,71.14639331793337,28456412.43935467,266961.0458984375
GAB-2186,GAB,Gabon,Ogooué-Ivindo,2016468087.3448749,1.0057243300850363e-05,1.174555724925349e-05,0.16787044897883452,42801.89854261399,47111.650557679335,66375.18820068426
GEO-3038,GEO,Georgia,Samtskhe-Javakheti,2016084633.78088,1.0055330805526546e-05,1.9399386034731354e-05,0.9292638312872996,6434.753401364729,313311.87195973884,156500.73043173552
SLV-1353,SLV,El Salvador,San Vicente,2014362576.810916,1.0046741953546421e-05,1.702063385190893e-05,0.694144622267399,1137.8014001534918,1770399.1017581576,175107.0986778736
UGA-3123,UGA,Uganda,Kotido,2013739221.204465,1.004363293385185e-05,1.0040039174481869e-05,-0.0003578146865431675,3572.7041999409303,563645.6612438721,230396.62973439693
COG-3343,COG,Republic of the Congo,Kouilou,2012725491.2044845,1.0038576900823031e-05,3.056407498781995e-05,2.0446621358565373,13522.658709875288,148840.95904414397,412503.4325729222
BFA-2811,BFA,Burkina Faso,Bam,2004157398.778121,9.99584307790914e-06,1.0062617305596074e-05,0.0066801996756538085,4282.332783851976,468005.9911120156,393072.7465939522
BFA-2803,BFA,Burkina Faso,Balé,1998970989.0141225,9.969975579592754e-06,1.0131330619938572e-05,0.016184095844336,4656.141800240724,429319.18201262155,294094.7384865172
BRN-1184,BRN,Brunei,Tutong,1990459488.0286968,9.92752400954159e-06,1.3688573903672888e-05,0.3788507477309002,923.3246249596484,2155752.629380685,35026.14606976509
UGA-3064,UGA,Uganda,Jinja,1987487081.374598,9.912698971100889e-06,6.480154076582836e-06,-0.34627752789882615,1319.1626988193293,1506627.7140442412,821540.1684780121
HUN-4909,HUN,Hungary,Veszprém,1987452713.368533,9.912527558817733e-06,2.3234870930856443e-06,-0.7656009449357065,186.16303495840174,10675871.89805232,59206.51032400131
MWI-5510,MWI,Malawi,Neno,1985731184.0069149,9.903941338312678e-06,9.778512665017653e-06,-0.01266452102354576,1798.3915589986782,1104170.6540885596,227853.52220916748
OMN-2425,OMN,Oman,Musandam,1975158994.5114045,9.851211973218166e-06,3.2029260809025406e-05,2.2513015551894755,1626.2703029242996,1214533.027479962,57485.32189718634
BIH-4805,BIH,Bosnia and Herzegovina,Vlasenica,1973472133.9669783,9.842798665307978e-06,1.5315458017327124e-05,0.556006430499095,2270.690382985859,869106.6596987778,105759.0282670036
NIC-4800,NIC,Nicaragua,Rio San Juan,1971649348.76893,9.833707425859651e-06,3.82424106091952e-05,2.8889107589909915,9559.224491957084,206256.20314993453,147834.67689442914
VEN-36,VEN,Venezuela,Yaracuy,1967812620.1828957,9.814571535184644e-06,1.1362442076788742e-05,0.15771147380760087,6131.543625205574,320932.66238759254,661119.0553581677
UGA-5597,UGA,Uganda,Buikwe,1963476567.8731945,9.792945240517466e-06,1.356414478667484e-05,0.38509349879282095,2598.4836617505557,755623.9805450354,470843.1017460823
GIN-5632,GIN,Guinea,Dabola,1962062705.4202263,9.785893525306757e-06,9.554058099677616e-06,-0.023690777447108347,5835.021632220133,336256.2864524793,264021.68239966035
BIH-4804,BIH,Bosnia and Herzegovina,Bijeljina,1960242545.9593215,9.776815381863998e-06,1.148906387833511e-05,0.175133561348344,1263.4917230729252,1551448.664176316,130933.45830726624
HUN-4925,HUN,Hungary,Dunaújváros,1957824642.5268004,9.764755958136225e-06,1.551493203523826e-06,-0.8411129566191478,67.76958426323901,28889429.73180971,60185.75866699219
UGA-3084,UGA,Uganda,Nebbi,1948963091.552348,9.720558494892308e-06,7.359040080472609e-06,-0.24294061042486037,2223.3693709863683,876580.8852928996,568770.3891677856
UGA-3374,UGA,Uganda,Mbarara,1944241714.614896,9.697010372869954e-06,8.39539142192627e-06,-0.13422889126584003,1796.0070709826093,1082535.6681648176,668889.2117614746
KGZ-1121,KGZ,Kyrgyzstan,Talas,1942317870.0208972,9.68741509423584e-06,1.1936019272919629e-05,0.23211601410800942,11810.585075483097,164455.6859467395,280928.0494811118
SLB-1260,SLB,Solomon Islands,Malaita,1936776561.4250896,9.659777518861905e-06,2.7040153921037427e-05,1.799252246569675,4174.2038453675905,463987.0579330877,116385.82094222309
GIN-5655,GIN,Guinea,Nzérékoré,1934797565.9596071,9.649907172282881e-06,7.423520168681828e-06,-0.23071589849028107,3674.7008214243106,526518.3915597465,502669.036217615
TCD-4857,TCD,Chad,Ville de N'Djamena,1932173509.000652,9.636819546727522e-06,1.9464652403196157e-08,-0.9979801788018532,32.198902954267055,60007432.91611421,1110200.08203125
UGA-3092,UGA,Uganda,Luweero,1925678664.1269789,9.60442615775908e-06,1.0989520891523954e-05,0.14421421030405912,2100.1990349584075,916902.9373280876,579822.3834075928
MWI-1924,MWI,Malawi,Phalombe,1925602209.5326972,9.604044836348152e-06,7.857891824759582e-06,-0.18181433357953047,1411.461742591309,1364261.0007958666,412694.15270002186
DOM-1391,DOM,Dominican Republic,Santiago Rodríguez,1918700031.1876729,9.569619849730499e-06,1.5292711269744774e-05,0.59804793815038,1044.1154767643127,1837632.0185710448,52813.857155919075
BFA-2817,BFA,Burkina Faso,Passoré,1917765917.7054904,9.564960908376616e-06,9.878547305505444e-06,0.03278491152579632,3995.839235535044,479940.7094887042,431083.74931430817
PHL-5560,PHL,Philippines,Lucena,1911876472.7847605,9.53558698431282e-06,9.417800853507589e-07,-0.901235226850733,55.77463550737537,34278600.93378724,255552.1416015625
BWA-4853,BWA,Botswana,North-East,1903776765.394162,9.495189257017167e-06,1.560994286381465e-05,0.6439843842268376,5013.230002737526,379750.532960703,162741.16747253947
DOM-1968,DOM,Dominican Republic,Hermanas,1903661224.2286005,9.49461298922468e-06,9.471175632443205e-06,-0.0024684899540480254,451.9988119708952,4211650.946443593,96267.25060653688
TCD-1484,TCD,Chad,Logone Occidental,1894018002.9165776,9.446516903029405e-06,8.492209968461672e-06,-0.10102209569557807,8777.7819909612,215774.09929603132,925012.963321805
JOR-855,JOR,Jordan,Ajlun,1893374412.0361843,9.44330695881509e-06,1.5087061753784942e-05,0.5976460173945259,317.9020308083905,5955842.456311266,216234.90488815308
MUS-5195,MUS,Mauritius,Savanne,1892571322.9681869,9.439301508790964e-06,2.7680057619509534e-06,-0.7067573528218092,138.02765397354312,13711537.27883364,86659.13880348206
AZE-1722,AZE,Azerbaijan,Ağcabədi,1891931425.559029,9.436109985963566e-06,1.1150593127333994e-05,0.1816938488339752,1966.223873576046,962215.6718696033,152611.4445327359
AZE-1730,AZE,Azerbaijan,Xaçmaz,1885668393.7503772,9.404872777154813e-06,8.42104332279979e-06,-0.1046084809084099,1255.031951209209,1502486.3645372193,174055.4582594782
LVA-4849,LVA,Latvia,Jelgava,1883634894.1552997,9.394730588290915e-06,1.01359822854691e-07,-0.9892109920660184,7.425223240101155,253680574.07114923,54982.266845703125
KHM-1783,KHM,Cambodia,Krong Pailin,1883324029.73955,9.39318013525752e-06,9.123358148307363e-06,-0.028725307410785605,1103.6648657800238,1706427.4564983058,269082.96711444855
PRY-609,PRY,Paraguay,Misiones,1881116695.9300249,9.38217093887702e-06,1.012339073453107e-05,0.07900301545164212,8570.881934669691,219477.61155369598,133491.6050151065
SVN-205,SVN,Slovenia,Domžale,1872114739.801715,9.337273197358481e-06,4.501749562451181e-06,-0.5178732090944145,75.56401605188094,24775214.945118234,38317.1396484375
BMU-5140,BMU,Bermuda,Saint George's,1866747031.693849,9.310501463777596e-06,1.78211744143688e-06,-0.8085906061697978,13.443158676174296,138862232.9514223,8715.181884765625
UGA-3079,UGA,Uganda,Adjumani,1855181425.5093925,9.252817379388212e-06,9.939347446921246e-06,0.07419686776293277,2962.5079021748898,626219.9078515312,262899.9995821342
SLV-1344,SLV,El Salvador,Cabañas,1854068627.475472,9.247267239198996e-06,1.328952828389097e-05,0.43713033700993353,1048.3882266035282,1768494.3234073822,161790.5200805664
ISL-710,ISL,Iceland,Vesturland,1853352445.1079624,9.243695241029013e-06,7.851101185598398e-05,7.493466066201041,9752.331384210696,190041.98812486962,12857.896777034766
HTI-1386,HTI,Haiti,Nord-Est,1852374412.2649565,9.238817249495171e-06,1.239916348077954e-05,0.34207259933159273,1418.8222234768111,1305571.8902722918,390922.23784315586
BDI-2640,BDI,Burundi,Kayanza,1849606059.0432768,9.22500993854993e-06,1.0330142884858634e-05,0.1197974802921915,1105.491474881202,1673107.4830242707,874501.3100585938
GAB-2628,GAB,Gabon,Ogooué-Lolo,1846092281.1207125,9.207484781720438e-06,1.1132240488487795e-05,0.2090425075248088,28918.766182383206,63837.17304804376,78880.18082790077
MUS-5192,MUS,Mauritius,Rivière du Rempart,1843730785.569105,9.195706695339876e-06,2.413294859920785e-06,-0.7375628714709035,109.9817379588564,16763972.090155868,91545.67041015624
TJK-5491,TJK,Tajikistan,Dushanbe,1838971447.7898035,9.17196924157219e-06,1.2503398298772755e-06,-0.8636781483947769,100.68945330479355,18263794.14558064,1112628.19140625
GNB-776,GNB,Guinea Bissau,Bafatá,1834417955.6266444,9.149258453912909e-06,1.021069881744241e-05,0.11601381345561945,5918.910247474098,309924.94883825694,273977.6173607111
CAF-866,CAF,Central African Republic,Haute-Kotto,1829097680.894816,9.122723296852318e-06,1.4183660543042414e-05,0.5547616738453867,85849.08915140662,21305.964908596197,122191.58253447618
LBR-791,LBR,Liberia,Nimba,1827113101.4174428,9.112825099712934e-06,1.481982525588169e-05,0.6262602534035833,11192.119287349711,163249.96674066922,619127.8954088688
BFA-2875,BFA,Burkina Faso,Komondjari,1825614751.1612551,9.10535199702862e-06,9.238252521407781e-06,0.014595868937580025,4947.392695628747,369005.42638838256,137672.4448275566
UGA-5608,UGA,Uganda,Agago,1820543635.6757505,9.080059535142161e-06,9.454370268255807e-06,0.04122337873060933,3196.32959892126,569573.1867859222,233627.6607105732
PHL-5537,PHL,Philippines,Santiago,1819174458.667892,9.073230690998094e-06,4.959247920453566e-06,-0.45341983585032963,394.6507498608059,4609580.646456439,189593.2825012207
AZE-1688,AZE,Azerbaijan,Yevlakh Rayon,1805772768.4518857,9.006389038511307e-06,1.8585665136192295e-05,1.0636089621178937,1570.7700757132543,1149609.8610306932,159011.25859411806
TCD-4858,TCD,Chad,Mayo-Kebbi Ouest,1803456565.321428,8.994836850523113e-06,1.4279096521792585e-05,0.5874769891976588,13569.387836971888,132906.25833596065,788749.7050586492
JAM-1375,JAM,Jamaica,Trelawny,1802838175.8935552,8.991752599911947e-06,1.2119686629555958e-05,0.3478670031106774,911.1221128241299,1978700.934285797,65068.64541530609
UGA-3124,UGA,Uganda,Amuria,1802618788.6857529,8.990658394385061e-06,9.381848801966426e-06,0.043510763107813544,2679.458305670619,672754.9314243166,355145.78767967224
TZA-3384,TZA,United Republic of Tanzania,Zanzibar West,1801844088.5330815,8.986794535606675e-06,1.316767060425853e-06,-0.8534775603015429,209.59996974277377,8596585.632833578,844439.9790039062
BRB-1999,BRB,Barbados,Saint Thomas,1800026198.301722,8.977727710068615e-06,4.852929892294391e-07,-0.9459447863756018,23.767216958451037,75735674.11987953,36592.74755859375
PHL-5535,PHL,Philippines,Tacloban,1799665755.6369076,8.975929982845062e-06,6.711239107610055e-07,-0.9252307101276783,49.82471893355084,36119937.93757366,239649.1904296875
UGA-3372,UGA,Uganda,Ntungamo,1789771228.6893644,8.926580496243817e-06,1.1828718337881502e-05,0.3251119331594965,1990.281292643536,899255.4144505626,550289.4962158203
GAB-2624,GAB,Gabon,Ogooué-Maritime,1788033307.1686845,8.91791251896168e-06,2.803967381240359e-05,2.1441970026936605,21366.28881982425,83684.78598443807,88136.62402345054
GBR-2747,GBR,United Kingdom,Shetland Islands,1787606655.9289503,8.915784572901167e-06,7.2868739355092486e-06,-0.18269964062869637,902.8954595499869,1979860.05691059,18204.077208153903
HND-648,HND,Honduras,Intibucá,1787223412.579657,8.913873126034507e-06,9.943914473883353e-06,0.11555485850930869,3188.095123745243,560592.8754346892,258337.54813861847
AZE-1715,AZE,Azerbaijan,Salyan,1784133904.2933743,8.898464036889907e-06,1.3862537586355003e-05,0.5578573480643165,1776.1679474602327,1004484.9119389483,139820.83308679238
AFG-1744,AFG,Afghanistan,Balkh,1780929511.8242197,8.882481956689404e-06,1.0149635819438619e-05,0.14265763431074818,16040.08619615263,111029.92153816436,1796091.2359753435
MLT-5956,MLT,Malta,Żabbar,1773863536.885173,8.847240025728187e-06,2.01216836294142e-07,-0.9772565415079738,5.337826819104079,332319424.5524258,40664.6484375
SVN-221,SVN,Slovenia,Slovenska Bistrica,1766173093.0261874,8.808883522361358e-06,1.1118937310148409e-05,0.2622413818871572,349.4010456126266,5054859.208934095,34387.281180381775
MUS-5185,MUS,Mauritius,Grand Port,1765912138.7458074,8.807581998818956e-06,4.773705810887272e-06,-0.4580004124256354,217.13027571459858,8132961.34283441,80886.94088745117
GIN-5640,GIN,Guinea,Guéckédou,1763047454.280002,8.793294230600068e-06,8.996466704414804e-06,0.02310538786564309,4701.904370394151,374964.54955169786,323293.8066921234
AFG-1754,AFG,Afghanistan,Kandahar,1754495528.3385782,8.750641038901405e-06,2.2389857354850046e-05,1.5586533895419588,53578.78369552752,32746.087300317617,1769432.210025549
BFA-2814,BFA,Burkina Faso,Bazéga,1754391461.5471134,8.75012200016835e-06,1.4059397367695045e-05,0.6067658676558505,3970.036901151758,441908.0994028399,288925.7460415065
MUS-5188,MUS,Mauritius,Plaines Wilhems,1753567117.414961,8.746010539365815e-06,4.306782209120741e-06,-0.5075718020535301,154.03805023109678,11383986.714867907,86773.84179830551
AZE-1682,AZE,Azerbaijan,Kəlbəcər,1751602068.5318604,8.73620975211833e-06,1.3726960146075853e-05,0.5712718141580082,2826.315301035197,619747.5801409346,94688.76576250792
AZE-1696,AZE,Azerbaijan,Bərdə,1751593403.4242182,8.736166534426796e-06,6.286409709950535e-06,-0.280415536359392,1105.0756756117053,1585043.8500102162,165067.71912050247
GIN-5642,GIN,Guinea,Kérouané,1750363346.7163386,8.730031560279363e-06,8.786582835790266e-06,0.006477785918690637,5665.20019696678,308967.60676763114,193602.4375430793
UGA-3103,UGA,Uganda,Oyam,1744760423.1898694,8.702086677116863e-06,8.494892974319025e-06,-0.02380965744028707,2123.759666072164,821543.252310068,467264.04510498047
KHM-1800,KHM,Cambodia,Krong Preah Sihanouk,1743344836.781549,8.69502636358589e-06,8.15058754425773e-06,-0.06261497050868414,1240.4096708523036,1405458.9203449786,205371.3125229478
TCD-1466,TCD,Chad,Lac,1742245057.1932392,8.689541153596031e-06,1.3047568399296135e-05,0.5015255890578989,20080.781934419985,86761.8135032331,620628.7100329101
BFA-2831,BFA,Burkina Faso,Zoundwéogo,1736377459.9916182,8.66027619620918e-06,8.668178960239974e-06,0.0009125302532790869,3773.2864037955833,460176.4282310986,331552.20956941694
ATG-5098,ATG,Antigua and Barbuda,Saint John,1732980014.2123566,8.643331252216304e-06,1.2918541291213305e-06,-0.8505374731773613,68.05029822050315,25466163.404559776,43189.41259765625
MMR-3274,MMR,Myanmar,Chin,1727300424.735554,8.615003993493173e-06,7.774115999961645e-05,8.02392617093777,37083.84033213399,46578.25104588235,586299.020088031
TTO-63,TTO,Trinidad and Tobago,Chaguanas,1725586602.4096525,8.606456212244269e-06,1.068679965863816e-06,-0.8758281063065863,15.943865414676193,108228874.0860334,60345.4814453125
UGA-3375,UGA,Uganda,Kabale,1722145910.92351,8.58929557795679e-06,1.1271786673236121e-05,0.3123062969405275,1489.2622894168976,1156375.1551097122,587659.6585083008
SYR-140,SYR,Syria,Idlib,1721919200.501681,8.588164847505124e-06,1.4014987423101034e-05,0.6318954831394987,5669.761071062929,303702.2511036549,1458089.122188568
JAM-1378,JAM,Jamaica,Portland,1720940659.8066287,8.58328432303182e-06,1.0275421474417905e-05,0.19714331807062657,764.5637696504598,2250879.1655055815,66360.29731917381
BIH-4808,BIH,Bosnia and Herzegovina,Trebinje,1720132351.6136072,8.579252842340254e-06,1.282199304215687e-05,0.4945349295311454,3328.2922019470693,516821.31472931383,55776.889301896095
AZE-1704,AZE,Azerbaijan,İmişli,1719104010.4542866,8.574123935366486e-06,1.0130695255870348e-05,0.18154289957057057,2090.1906679723506,822462.7718398306,124920.92768480627
BFA-2829,BFA,Burkina Faso,Kouritenga,1718825447.6113105,8.572734588168794e-06,7.861800683705396e-06,-0.08292965297730737,3153.556310984222,545043.5248688699,489172.3145751953
GNB-772,GNB,Guinea Bissau,Oio,1717855344.033411,8.567896144272165e-06,1.097759390068265e-05,0.2812473115726808,5494.430597170596,312653.9344983328,284028.2088391781
EST-2351,EST,Estonia,Võru,1715592690.8476934,8.556611039520435e-06,8.203837516128455e-06,-0.04122818271890882,2386.228487980268,718955.7494134988,28525.857112744823
DZA-2189,DZA,Algeria,Tamanghasset,1711436423.820918,8.535881433644738e-06,4.908836000793492e-05,4.750824960437,609422.5964399861,2808.291707295521,230362.1689812122
DOM-1978,DOM,Dominican Republic,San José de Ocoa,1710234883.3969393,8.529888686000676e-06,2.105818520745312e-05,1.4687526394118118,931.1730708984534,1836645.556928315,57170.94176155329
SYR-138,SYR,Syria,Hamah,1703599614.4664738,8.496794924478205e-06,1.0474428172773992e-05,0.23275049779046375,10336.938240035868,164806.98393536717,1442576.437787842
BOL-1938,BOL,Bolivia,Pando,1702013364.3589344,8.48888341654627e-06,1.2597743124473567e-05,0.48402828809245224,63984.55269758517,26600.3791946985,140481.39267740352
BWA-1191,BWA,Botswana,Ghanzi,1701524363.237856,8.48644449709104e-06,1.0401840317139397e-05,0.22570062417834813,114873.68565044868,14812.133462971291,59088.503881048586
AZE-1727,AZE,Azerbaijan,Şəki,1700530889.6175833,8.48148949384811e-06,1.4023488407824102e-05,0.653422835457826,2580.88198323917,658895.2538942945,106680.17581435292
NIC-669,NIC,Nicaragua,Chontales,1698913541.1757824,8.47342288129742e-06,8.590462117508174e-06,0.013812509755542157,7366.153715120066,230637.80731163992,165915.73634171486
UGA-5593,UGA,Uganda,Buyende,1694682858.1456296,8.452322121592837e-06,8.558906742392925e-06,0.01261009924453771,1913.787905113649,885512.3671841745,464410.51696778834
HUN-4906,HUN,Hungary,Tatabánya,1688381303.6921258,8.420892779015987e-06,1.2135060540910605e-06,-0.8558934205747168,38.96028368142416,43335960.217792965,52277.95751953125
BIH-2227,BIH,Bosnia and Herzegovina,West Herzegovina,1687734425.6261404,8.417666439786307e-06,8.118477278688989e-06,-0.035543005087870116,1343.674422801161,1256059.0549217397,101213.08340239523
GIN-5628,GIN,Guinea,Boffa,1687522205.726661,8.416607981596099e-06,1.7341436501458316e-05,1.060383059229728,5289.29874622133,319044.6005592377,233837.7173462212
BDI-2636,BDI,Burundi,Bubanza,1680494628.2650106,8.381557560123545e-06,8.16879528025148e-06,-0.025384575402108145,1015.568430768542,1654733.031621787,505773.86566090584
NAM-3353,NAM,Namibia,Omaheke,1675019829.0550742,8.354251703897408e-06,9.34573171312875e-06,0.11867969081764662,83154.68073454757,20143.42204502227,78032.65361709229
SUR-69,SUR,Suriname,Sipaliwini,1673386253.7565513,8.346104159023967e-06,1.7741986875655114e-05,1.1257806681542717,111557.76054438532,15000.177895205807,42617.21066574153
BRB-1998,BRB,Barbados,Saint Philip,1673281441.524135,8.345581402363977e-06,7.40451242736013e-07,-0.9112762542192361,27.434709790186673,60991403.01905667,34016.15234375
AND-4876,AND,Andorra,Andorra la Vella,1673055119.4148889,8.344452608642253e-06,1.4733798418483353e-07,-0.9823430018606328,10.245363693469256,163298753.4138345,22919.779296875
HUN-4910,HUN,Hungary,Zalaegerszeg,1671158317.5646508,8.33499220715062e-06,8.341966343783669e-07,-0.899916327016754,59.15864280572284,28248760.253894594,51422.58264160156
JAM-1383,JAM,Jamaica,Saint Thomas,1665516188.0379417,8.306851781948187e-06,9.745096359954608e-06,0.17313954982703605,700.663506864999,2377055.7075107475,73248.86264419556
SVN-206,SVN,Slovenia,Kamnik,1664392244.557042,8.301246053241268e-06,1.0843407892664924e-05,0.30623858431844164,303.2186008191642,5489083.585441597,32760.519382476807
COG-3346,COG,Republic of the Congo,Plateaux,1664217109.906238,8.300372559728231e-06,8.351489230526984e-06,0.0061583586075113494,39650.46567723244,41972.195823713686,116836.17013542911
ARM-1670,ARM,Armenia,Tavush,1662865611.205562,8.293631887094339e-06,1.1408382819483561e-05,0.37555934176872063,2629.4990309257855,632388.7522484105,105005.96142831352
MDA-1650,MDA,Moldova,Bender,1661345550.6407924,8.286050503075488e-06,4.360847620130279e-06,-0.47371216015257367,912.9810141667373,1819693.4272034946,212476.20104151964
UGA-3077,UGA,Uganda,Sembabule,1660509544.3784032,8.281880876769648e-06,9.082308863525735e-06,0.09664809222277726,2447.6510954992164,678409.4135932107,338243.7156829834
NAM-3351,NAM,Namibia,Oshana,1655101037.0442476,8.254905654848005e-06,6.556474212015557e-06,-0.20574813496929312,8629.293033386652,191800.30515138118,185429.44330443908
SUR-74,SUR,Suriname,Wanica,1652512171.906757,8.241993550399521e-06,1.5449881761860814e-06,-0.8125467865585517,454.12543674915986,3638889.2543351115,172622.5613708496
NER-94,NER,Niger,Niamey,1651435878.1686397,8.236625477353703e-06,9.032020288076623e-07,-0.890343195609539,487.8236842422655,3385313.0372991385,1475172.1938056946
PHL-5540,PHL,Philippines,Olongapo,1650891115.1483006,8.233908442419584e-06,2.7884874541136575e-06,-0.6613409690411565,122.95885499046899,13426370.270577645,200410.62099266052
GBR-2744,GBR,United Kingdom,Orkney,1641727008.9442885,8.18820196865637e-06,6.072255386359619e-06,-0.2584140682406695,734.3519292512972,2235613.394000474,17665.028811380267
EST-1657,EST,Estonia,Jõgeva,1641023946.284161,8.184695405734289e-06,1.5987668368247833e-05,0.9533614356676847,2908.296671955922,564256.0341619207,25429.949746332044
BWA-2625,BWA,Botswana,Kgalagadi,1640786223.8369694,8.183509752212429e-06,1.977442002024861e-05,1.4163739787690184,105192.13131513131,15597.9939119358,60973.85393331586
MRT-2783,MRT,Mauritania,Tiris Zemmour,1638688379.6468785,8.173046641211848e-06,6.338293907311258e-05,6.755117749299245,258850.18529344868,6330.644027892657,62904.819510710775
UGA-3069,UGA,Uganda,Kamuli,1636314056.679744,8.161204577404772e-06,7.755841064017781e-06,-0.04966956893952723,1496.4259692781407,1093481.462012507,597610.9758300781
GIN-5656,GIN,Guinea,Pita,1634338088.263708,8.151349328398062e-06,8.353519653566976e-06,0.024802068593059,4300.036730664311,380075.3785680384,320063.5508980751
ISL-695,ISL,Iceland,Austurland,1629843827.394887,8.128933960012668e-06,3.5418585095880774e-05,3.3571008535817377,21386.546685835998,76208.83592554515,10641.833651459136
UGA-5602,UGA,Uganda,Kyankwanzi,1624576461.473795,8.102662688498135e-06,8.910033413596088e-06,0.09964264293564007,2573.088757780045,631372.1034930068,281067.07177734375
COG-5855,COG,Republic of the Congo,Pointe Noire,1617044083.3312914,8.065094546414163e-06,1.3461061532015537e-06,-0.833094808070161,39.388622940817086,41053582.54745189,416472.3828125
HTI-1360,HTI,Haiti,Nippes,1611097819.0085397,8.035437232519438e-06,9.306335637362708e-06,0.15816169899255006,1224.7422444520225,1315458.682271045,367838.6349053383
MRT-2789,MRT,Mauritania,Assaba,1607865967.1955316,8.019318197361034e-06,8.802002492045171e-06,0.09759985517742642,35884.86840946706,44806.23835230083,396090.2768275812
MRT-2791,MRT,Mauritania,Gorgol,1607585477.0505362,8.017919237640611e-06,9.380535934488992e-06,0.16994642331285825,13622.864577101993,118006.4198650736,430072.0950191645
EST-1656,EST,Estonia,Järva,1607474257.6335187,8.017364524801989e-06,1.9029120890229424e-05,1.3734882992237902,2509.8704263245672,640461.0535960975,25820.53114040196
VEN-25,VEN,Venezuela,Apure,1606067857.257447,8.01035002710211e-06,1.6000620060878184e-05,0.9974932439583666,75344.59214303324,21316.29904119074,539584.9451013645
SLB-3507,SLB,Solomon Islands,Western,1604952481.92476,8.004787032496344e-06,2.8606009273453184e-05,2.573612784115784,4320.073795617669,371510.4319636488,44613.81213076413
GIN-5646,GIN,Guinea,Koundara,1603054391.162876,7.995320202488385e-06,8.794512249593662e-06,0.09995747848304348,5377.543452945194,298101.6155778172,167117.86968446523
AZE-1731,AZE,Azerbaijan,Zaqatala,1602785924.029034,7.993981208184298e-06,3.1949652008828128e-06,-0.6003286575640454,1395.7887320378507,1148301.2344489752,134616.03795307502
PRY-610,PRY,Paraguay,Ñeembucú,1601852433.8982897,7.989325375829322e-06,1.3799426736064236e-05,0.7272330374492733,11860.547990804775,135057.2026807,89502.651244557
MNG-3298,MNG,Mongolia,Ömnögovi,1601568869.1632068,7.987911081425076e-06,4.1946929008009926e-05,4.251301445449544,166426.0872597846,9623.304227919632,98763.08793041164
BEN-2175,BEN,Benin,Littoral,1594449144.1934206,7.952401069287684e-06,6.270244163721547e-07,-0.9211528177579305,37.52455555307964,42490820.22938348,649744.53125
BFA-2807,BFA,Burkina Faso,Nayala,1590026328.930068,7.930342039711462e-06,8.500842997453552e-06,0.07193901030816674,4018.680512020173,395658.8049669987,212413.03298914433
AZE-1681,AZE,Azerbaijan,Goranboy,1588070891.4425254,7.920589189817508e-06,2.563426219521167e-05,2.236408502055172,1610.5674299791347,986031.9176224116,114883.44634895772
TCA-5005,TCA,Turks and Caicos Islands,Providenciales and West Caicos,1583579733.2564898,7.898189296229785e-06,1.1784338850520436e-06,-0.8507969560042614,54.192504065303446,29221379.609036572,24935.33071899414
JAM-1377,JAM,Jamaica,Kingston,1575684103.4394295,7.858809416834728e-06,3.96345627039958e-07,-0.9495667083883054,16.924522130937643,93100655.44238408,135603.953125
MRT-2797,MRT,Mauritania,Hodh el Gharbi,1560591220.2592175,7.783532848260527e-06,8.653398169894305e-06,0.11175713375812069,50397.95817077141,30965.36599699572,360968.9315643511
LBY-2882,LBY,Libya,Ghadamis,1557861223.5817544,7.769916842647509e-06,1.5146545206416506e-05,0.949383180432533,68109.63135608014,22872.84768048718,112312.27857074792
BFA-2830,BFA,Burkina Faso,Nahouri,1550411218.0251107,7.732759538276524e-06,1.0116657722286873e-05,0.30828557026896397,3504.2963713085205,442431.53367937886,233791.92757846788
JAM-1381,JAM,Jamaica,Saint Mary,1542604003.3494604,7.693820634166033e-06,1.0438621617683674e-05,0.35675396061727427,721.6425587972274,2137628.9196697907,70548.0724067688
GBR-2773,GBR,United Kingdom,Moyle,1541857543.233591,7.690097624093723e-06,5.0147344137433475e-06,-0.34789717128794795,452.3158701861854,3408807.085630051,17685.991569519043
UGA-3121,UGA,Uganda,Tororo,1541065988.1972785,7.686149700674468e-06,9.430280483040534e-06,0.22691865892398844,1112.891695167471,1384740.3075151662,609747.451171875
HND-649,HND,Honduras,La Paz,1540005786.5073037,7.680861887586342e-06,1.0935622020646212e-05,0.4237493370789742,2595.583136116988,593317.8425604829,227082.8083231449
SYR-141,SYR,Syria,Hasaka (Al Haksa),1539716107.2663698,7.67941709675451e-06,5.1458269422871316e-05,5.700804081161149,22281.557948616366,69102.71314138439,1303802.9348935348
SVN-1001,SVN,Slovenia,Velenje,1538515179.4283242,7.673427404415817e-06,2.804762160556788e-06,-0.6344837824434574,86.29283342148051,17829002.924423017,31301.853515625
GIN-5637,GIN,Guinea,Forécariah,1530022983.9788938,7.631072121766264e-06,1.2521773286169828e-05,0.6408930601577878,4123.716247999104,371030.13203716103,281850.12750671804
MKD-2929,MKD,Macedonia,Gazi Baba,1528589898.9814403,7.623924533078577e-06,1.393191653860305e-06,-0.8172605660227165,101.51187788376888,15058236.83738445,131711.71893310547
UGA-3373,UGA,Uganda,Rukungiri,1524596411.4133737,7.6040067985292286e-06,7.27830081428294e-06,-0.04283346831163881,1795.8462889486636,848957.0743306284,416781.7986789942
BLZ-1323,BLZ,Belize,Belize,1523367881.578616,7.597879439743808e-06,8.59175353402179e-06,0.13080940572432875,3359.9512199203105,453389.8803491398,121777.52521746048
PHL-5524,PHL,Philippines,Lapu-Lapu,1522165851.2101352,7.5918842484751284e-06,4.10318998551369e-07,-0.945952943284958,32.78118610488854,46434129.8188457,210637.5
AFG-1760,AFG,Afghanistan,Badakhshan,1522158798.9151096,7.591849074773473e-06,3.673853668517767e-05,3.8392079878476615,43439.45300289674,35040.92924037522,1535117.5104587898
NIC-667,NIC,Nicaragua,Nueva Segovia,1518547211.8256748,7.573836089450961e-06,7.91430550660715e-06,0.044953364864920076,3424.2129745110606,443473.35376897996,280673.2841949463
TTO-53,TTO,Trinidad and Tobago,Arima,1515911537.6047635,7.560690522175267e-06,2.970852831384039e-07,-0.960706593892838,7.238948678543482,209410455.15324384,53408.203125
SVN-958,SVN,Slovenia,Krško,1515753032.5498283,7.559899969668186e-06,1.5066264803424955e-05,0.9929185391174209,400.2441567338407,3787070.984168777,29221.67739868164
AFG-1745,AFG,Afghanistan,Faryab,1511862042.067788,7.540493444861389e-06,7.719676052269325e-06,0.023762716421435792,20867.37326780903,72450.99911065739,1524733.0934396684
UGA-3362,UGA,Uganda,Masaka,1511110406.633395,7.536744622608921e-06,7.0394946127085105e-06,-0.0659767624882428,1967.9533305261593,767858.8629077799,359565.70108904317
BFA-2822,BFA,Burkina Faso,Loroum,1510022508.0619578,7.531318669831261e-06,7.798476316871195e-06,0.035472891103400794,3774.790671337681,400028.1444816774,204168.63296437263
CAF-810,CAF,Central African Republic,Ouham,1507770699.8339872,7.520087654890987e-06,8.436868097982437e-06,0.12191087194245465,53507.8277523205,28178.50701794933,503088.7199508557
PHL-2581,PHL,Philippines,Biliran,1506854657.1253154,7.515518842494251e-06,3.50285990748272e-06,-0.5339164226857036,351.12484949193833,4291506.737007265,121407.21411848068
CUB-1320,CUB,Cuba,Isla de la Juventud,1503720757.8420873,7.4998883508591034e-06,1.4292865461980336e-05,0.9057437648845938,2191.4853594489937,686165.0940803769,80021.547302939
AFG-1765,AFG,Afghanistan,Takhar,1499963724.9181328,7.481149946595405e-06,6.752757606790346e-06,-0.09736368673328666,12164.551886623329,123306.12248590581,1512733.481431745
MNP-4939,MNP,Northern Mariana Islands,Saipan,1498939357.4518535,7.476040858629916e-06,6.791082835149494e-07,-0.9091620422685324,87.7439647754264,17083104.93249613,39272.66357421875
AZE-1706,AZE,Azerbaijan,Kürdəmir,1498374793.3760526,7.473225064864131e-06,7.760575323037185e-06,0.03845063619508138,1660.1998736210048,902526.7482450766,114586.56853103638
UGA-3099,UGA,Uganda,Lira,1497887060.7863443,7.470792472277502e-06,5.794103632521703e-06,-0.22443252787139112,1367.4899804964161,1095355.0535285037,523756.16650390625
AZE-1698,AZE,Azerbaijan,Biləsuvar,1494873170.1533215,7.455760530255361e-06,7.946223895772024e-06,0.06578314358761528,1453.209915194041,1028669.8119271484,123149.0656773895
BIH-3153,BIH,Bosnia and Herzegovina,Posavina,1488969898.2739956,7.426317643490105e-06,4.824159549097622e-06,-0.35039682105081105,470.3451635781431,3165696.202649734,110317.27604675292
GAB-2621,GAB,Gabon,Moyen-Ogooué,1485950243.5433762,7.411256952720438e-06,1.0075509804120766e-05,0.3594873134741825,17730.173089483098,83809.12222592956,73193.72783816885
SYR-142,SYR,Syria,Dayr Az Zawr,1480675138.600244,7.38494708241624e-06,1.041213937008065e-05,0.4099138766846735,26843.39041868185,55159.76616611579,1253808.141786824
MUS-5186,MUS,Mauritius,Moka,1477820588.4478197,7.370709859631716e-06,5.520606116808498e-06,-0.25100753903717765,164.017170695104,9010157.791314306,65916.37307739258
EST-2349,EST,Estonia,Valga,1469461791.6290712,7.329019909844701e-06,8.223171939836164e-06,0.12200158288428087,1921.7364853978493,764653.1159681107,24529.143585961312
HUN-4911,HUN,Hungary,Nagykanizsa,1468240215.597523,7.322927233527693e-06,1.4268774201810595e-06,-0.8051493105587386,112.19582450151566,13086406.932886245,43912.93728637695
AZE-1705,AZE,Azerbaijan,İsmayıllı,1467409046.813601,7.318781734406513e-06,9.056017155958848e-06,0.2373667482643147,1955.6760020064603,750333.4117246859,90614.31678603776
GEO-3034,GEO,Georgia,Mtskheta-Mtianeti,1466509925.0007048,7.314297315889726e-06,1.863216225423393e-05,1.547361892680661,6737.637875892215,217659.35658964247,85807.02275662444
MLT-5936,MLT,Malta,Sliema,1462516068.4246216,7.294377740893001e-06,1.1547808819620897e-07,-0.9841688911243481,2.8199395418146085,518633838.3281452,33538.94140625
GNB-771,GNB,Guinea Bissau,Cacheu,1462300260.4982443,7.293301387225194e-06,1.4648817837671948e-05,1.008530439086274,4545.176804534706,321725.71571678197,237256.1633157432
GIN-5631,GIN,Guinea,Coyah,1461171229.67971,7.287670285147547e-06,5.338010640284901e-06,-0.26752851989422466,1135.1684510646126,1287184.4952256707,544480.247312963
MKD-2913,MKD,Macedonia,Čair,1461072666.7725227,7.287178697334061e-06,3.4066564805923735e-08,-0.9953251366240838,2.6075559881941293,560322644.4178455,129442.78125
NIC-24,NIC,Nicaragua,Rivas,1450312173.468387,7.233510156841877e-06,1.403238163908745e-05,0.9399131728341878,5201.478883239648,278826.8886646111,183850.8454962224
UGA-3122,UGA,Uganda,Katakwi,1443757139.0575042,7.200816569311563e-06,8.050640915569087e-06,0.11801777452286522,2374.720224692063,607969.3616306824,207000.30047124624
MRT-2784,MRT,Mauritania,Brakna,1443622561.9762652,7.200145358863338e-06,9.064100745480467e-06,0.25887746617818075,33090.57513500942,43626.396824059135,354255.2638258273
SOM-2410,SOM,Somalia,Shabeellaha Dhexe,1442883330.4886136,7.196458401963985e-06,1.680012018231411e-05,1.3344983384784368,18560.33813910819,77740.14243028997,1109763.1153132915
PHL-2511,PHL,Philippines,Tawi-Tawi,1442622187.1519127,7.19515593549299e-06,5.034131355821184e-06,-0.3003443704411861,627.8883037798347,2297577.7355103586,44984.31770658493
MRT-2795,MRT,Mauritania,Adrar,1437570465.1518917,7.169960199660956e-06,2.0759849801106626e-05,1.8953926134887458,221860.7193144174,6479.607880088905,63157.54769833392
LVA-5764,LVA,Latvia,Jurmala,1433190314.5622704,7.148113962445177e-06,3.064872473635522e-06,-0.5712334064988644,80.48741609868966,17806389.918207385,41438.715408325195
NAM-3356,NAM,Namibia,Caprivi,1431663050.8971882,7.1404966525751724e-06,6.616803300846191e-06,-0.07334130624374924,19854.63446749359,72107.24796979445,141847.14365654904
GRL-2741,GRL,Greenland,Qeqqata Kommunia,1429332707.7529,7.128873940505657e-06,5.071535636240018e-05,6.114076751201873,106112.38088744602,13469.989984194219,4790.266806602478
AZE-1724,AZE,Azerbaijan,Qəbələ,1426712824.2424295,7.115807130249621e-06,7.2069074520024495e-06,0.01280252824244732,1591.8196527292023,896277.9306036998,109457.5150923729
TTO-62,TTO,Trinidad and Tobago,San Fernando,1422588093.7988827,7.095234814783029e-06,1.0241965229800222e-06,-0.8556500877397188,25.720485045812385,55309536.00855587,50013.06640625
COG-3345,COG,Republic of the Congo,Niari,1421578685.7356277,7.09020033764664e-06,1.0850849969318545e-05,0.5304010398273358,28257.893865870134,50307.31209067954,146026.3627615436
BWA-2648,BWA,Botswana,South-East,1416327211.3675263,7.064008326109419e-06,3.836542686521893e-06,-0.4568887083072124,1687.3503003316548,839379.4762647342,122850.63852808625
LVA-1066,LVA,Latvia,Rezeknes,1411903458.104107,7.041944618207291e-06,2.2160460026260948e-05,2.1469233610505825,2598.4380723591685,543366.214158883,25432.420567668974
BIH-4807,BIH,Bosnia and Herzegovina,Foča,1411190459.4256454,7.038388498858081e-06,1.103634634211186e-05,0.5680217629223527,2917.1499486114335,483756.5720944079,41172.226956516504
TTO-5090,TTO,Trinidad and Tobago,Western Tobago,1407681556.276796,7.020887655225309e-06,8.266720478633001e-07,-0.8822553374361364,127.47764875125878,11042575.463746902,48341.52648925781
BIH-4806,BIH,Bosnia and Herzegovina,Sarajevo-romanija,1406388583.4664607,7.014438883624837e-06,1.2627227544496941e-05,0.80017642950388,2111.120626259548,666181.063257517,58314.88789129257
NIC-660,NIC,Nicaragua,Masaya,1405532262.5037556,7.0101679366559304e-06,2.7278669838297517e-06,-0.6108699522637928,491.69874751053067,2858523.170172715,361409.0832319259
MKD-2943,MKD,Macedonia,Kumanovo,1405221344.2058623,7.008617214882437e-06,4.495808999395927e-06,-0.3585312392508313,550.2154995734857,2553947.2175813974,105771.145526886
MNG-3321,MNG,Mongolia,Hövsgöl,1401712484.7845454,6.991116589343091e-06,8.831524304175915e-06,0.2632494668502954,100153.08594884146,13995.699398624072,115752.1921985044
UGA-3078,UGA,Uganda,Mpigi,1399775877.8905303,6.981457658049584e-06,9.820652348488729e-06,0.4066764892809409,1548.1372356692052,904167.8254611947,378824.2146909982
COG-2185,COG,Republic of the Congo,Cuvette-Ouest,1394169478.666391,6.9534954396575674e-06,8.127682723248009e-06,0.168862882528656,25531.346400056435,54606.187109008446,159909.46711595915
BFA-2816,BFA,Burkina Faso,Oubritenga,1394011547.8442178,6.952707751167347e-06,1.1099191668226798e-05,0.5963840370484814,2959.3491995029144,471053.4154192995,300982.12342071533
VEN-48,VEN,Venezuela,Nueva Esparta,1392487011.8540711,6.945104045723143e-06,7.502021723983211e-06,0.08018852915573271,993.3634633820863,1401790.0428037653,467828.9428746104
UGA-5606,UGA,Uganda,Alebtong,1391980890.2217426,6.942579736795024e-06,7.823266848706927e-06,0.12685300641839858,2067.0371298909045,673418.4258679522,342761.8362426758
UGA-3094,UGA,Uganda,Mityana,1388814425.614457,6.926786823850423e-06,9.908490119305285e-06,0.43045980355396707,1717.9146914583087,808430.3792963758,405849.47265625
BWA-2646,BWA,Botswana,Kgatleng,1384746557.1767418,6.9064981107035566e-06,8.951909830863926e-06,0.29615757325560255,7707.132028535855,179670.79739255563,115320.70714225806
CAF-868,CAF,Central African Republic,Mbomou,1372918006.8132465,6.847502578044929e-06,7.07396091399352e-06,0.033071668592675296,59735.434536918634,22983.309947544352,194618.94463303313
UGA-3067,UGA,Uganda,Kayunga,1371141924.7229097,6.83864427286425e-06,7.582328627366656e-06,0.10874733716642448,1619.7364391250214,846521.626360149,360603.2289123535
AZE-1716,AZE,Azerbaijan,Şamaxı,1367821977.2477193,6.822085855841148e-06,5.394732176727403e-06,-0.20922540543690582,1508.6267054607722,906666.9523326198,109712.22838566732
LVA-1091,LVA,Latvia,Talsi,1363688601.0227802,6.801470419073736e-06,6.849926381739539e-06,0.007124336309677126,1936.3950759784223,704240.8948151943,28988.94558995962
JOR-852,JOR,Jordan,Tafilah,1358909376.702523,6.777633780110877e-06,1.2811155833882743e-05,0.8902106914477108,2105.1643940830277,645512.2367269753,119613.67089767754
MKD-2903,MKD,Macedonia,Prilep,1356501014.3026254,6.7656219427977045e-06,5.517512702704367e-06,-0.18447812346683123,1162.3528182524933,1167030.3482741313,77239.77988566458
BFA-2835,BFA,Burkina Faso,Léraba,1356066199.592116,6.763453280986578e-06,6.658497315974595e-06,-0.015518103053514865,3107.1025304264144,436440.7631588557,194539.86141586304
LBR-787,LBR,Liberia,Lofa,1354317800.8320224,6.7547330479079965e-06,9.10332440839139e-06,0.3476956592993372,9439.237993036833,143477.45038646975,393510.1611525416
LBR-784,LBR,Liberia,Bong,1352252070.429155,6.744430106152566e-06,7.479148289627164e-06,0.108937029802467,8749.685365033914,154548.65106728484,426277.12672472
BFA-2832,BFA,Burkina Faso,Bougouriba,1345811591.3394108,6.712307869462529e-06,7.137657392878018e-06,0.06336859567342046,3139.550993825927,428663.71464773524,183134.3725862801
SVN-1017,SVN,Slovenia,Škofja Loka,1343394451.6461766,6.700252254925624e-06,4.810038608866606e-06,-0.28211081824112605,184.48590600703395,7281827.000892722,26886.023986816406
SOM-2313,SOM,Somalia,Bay,1342092889.0809212,6.693760641459383e-06,7.692052158595065e-06,0.14913761794118074,43855.72604814509,30602.455141377966,1032242.2847049534
QAT-1106,QAT,Qatar,Madinat ach Shamal,1341599392.6160018,6.691299301234387e-06,2.529999201778777e-05,2.78102829940973,899.1908653797849,1492007.363808528,11300.42292189598
MKD-2896,MKD,Macedonia,Bitola,1338342870.6565118,6.675057222390343e-06,4.57684063840293e-06,-0.314336868446506,890.0887882156911,1503606.0316402921,90700.1892273426
COG-2626,COG,Republic of the Congo,Bouenza,1334616514.6861367,6.656471821086529e-06,4.029793005100902e-06,-0.3946052633565986,12439.242883993196,107290.81561736524,246823.71552346635
AZE-1738,AZE,Azerbaijan,Tərtər,1333108526.5089948,6.64895064875184e-06,1.0937671033199696e-05,0.645022141238625,1343.3482228864327,992377.4817258953,109049.61460831296
AZE-1707,AZE,Azerbaijan,Lankaran,1332082669.8789334,6.643834133501702e-06,8.04451534933303e-06,0.21082423005841733,1080.3601343485336,1232998.7265609265,120721.19209957124
BTN-2433,BTN,Bhutan,Chhukha,1331421538.1136005,6.6405367031780565e-06,7.269487314343261e-06,0.09471382198131639,1925.746992921151,691379.2637390944,276489.1697729286
AZE-2422,AZE,Azerbaijan,Naxçıvan,1329308221.264694,6.629996421457444e-06,1.860273919347256e-08,-0.9971941554699387,5.322890355515313,249734285.78842154,159454.6100601554
MRT-2790,MRT,Mauritania,Guidimaka,1320982577.1773996,6.588471822705942e-06,7.4042446526964914e-06,0.12381821641539692,10561.155219085636,125079.36393077344,354575.1919802129
HUN-4919,HUN,Hungary,Békéscsaba,1320497655.6079152,6.586053250234231e-06,1.6376970857596917e-06,-0.7513386206372614,130.3553123024833,10129987.280792695,37035.97462654114
MRT-2788,MRT,Mauritania,Trarza,1319130559.8384829,6.579234786379022e-06,3.0864965759744e-05,3.6912698454907984,69365.31508614626,19017.149395201715,264270.99915298366
STP-4861,STP,Sao Tome and Principe,São Tomé,1318492599.3744726,6.576052924169974e-06,6.0551783682232994e-06,-0.07920778040459864,757.2596886579628,1741136.652488584,183316.13447117803
CAF-809,CAF,Central African Republic,Ouaka,1315462889.5076978,6.560942082866622e-06,6.769886680142727e-06,0.031846737044325835,49232.753287868276,26719.26312583149,378544.3405504357
UGA-5596,UGA,Uganda,Serere,1314188804.2183342,6.554587513795293e-06,7.186458045387642e-06,0.09640126556590567,1645.6139779604166,798600.9002227529,347670.52262577415
UGA-3066,UGA,Uganda,Kaberamaido,1311245770.121488,6.53990897256747e-06,7.1426690595459635e-06,0.09216643373888722,1779.745218145739,736760.3838754145,283694.6256389618
UGA-3074,UGA,Uganda,Soroti,1310187299.5799725,6.534629793675618e-06,5.646271829567625e-06,-0.1359461809095549,1373.5962207842235,953837.292033281,400198.905020833
PHL-5557,PHL,Philippines,Muntinlupa,1307570788.5827408,6.521579804011185e-06,7.887555747337553e-06,0.209454761634015,64.76569089896469,20189250.98201404,168091.6875
MNE-1514,MNE,Montenegro,Nikšic,1306131353.8682086,6.514400545767231e-06,4.261480713490838e-06,-0.3458368604215226,2020.0559024256786,646581.7863257196,71470.8554057777
MDV-5234,MDV,Maldives,Malé,1305611667.5159492,6.511808582067133e-06,9.205991362738866e-08,-0.9858626198133477,11.904942135127042,109669719.7429945,2675.417232878552
GIN-5658,GIN,Guinea,Tougué,1305286155.5304828,6.51018507349007e-06,6.809986129378969e-06,0.04605108034634986,4356.144656586505,299642.51842667477,119805.961502105
BDI-3365,BDI,Burundi,Muramvya,1303358994.8519435,6.500573255705529e-06,6.782686872613879e-06,0.0433982674775244,853.604039866635,1526889.440513399,491310.43994140625
GIN-5648,GIN,Guinea,Labé,1302209759.941681,6.494841384631109e-06,4.476653061855267e-06,-0.3107371224725407,1926.1790988179332,676058.5039785901,397115.06986403465
LIE-4894,LIE,Liechtenstein,Balzers,1300992594.5823617,6.4887707067796395e-06,7.712458510256275e-07,-0.8811414540785345,11.507746406359018,113053637.8402857,4917.3681640625
LIE-4898,LIE,Liechtenstein,Ruggell,1298793348.8513825,6.477801850126947e-06,8.071521453036003e-07,-0.8753972159108598,5.9166421442074455,219515278.63197485,4909.0556640625
MNG-3297,MNG,Mongolia,Dornogovi,1297793859.497016,6.472816843085894e-06,3.5229211977204355e-05,4.442640017666396,114470.86609608636,11337.328909590438,93154.19615487158
GIN-5659,GIN,Guinea,Yomou,1296382796.4367504,6.465779089997215e-06,5.619049904542486e-06,-0.13095547708467936,4277.804305401517,303048.6445581038,162025.86988902092
UGA-3076,UGA,Uganda,Pallisa,1294317770.3616512,6.4554796611144995e-06,6.514031102778337e-06,0.009070037353928972,1133.1383323892585,1142241.6251972879,477400.81406247616
GIN-5633,GIN,Guinea,Dalaba,1293252411.6958933,6.4501661273316246e-06,6.706542604201145e-06,0.039747267249933715,3686.2429329236884,350832.116935432,186722.8157170415
UGA-5592,UGA,Uganda,Luuka,1291402578.78206,6.440939985942578e-06,4.615501357185135e-06,-0.2834118362756808,806.5371556715284,1601169.35680022,537271.48828125
NIC-668,NIC,Nicaragua,Boaco,1287020951.1375928,6.419086381836123e-06,8.75076023803534e-06,0.3632407662867847,4383.332392687026,293617.01003665756,177677.94862747192
GMB-2153,GMB,Gambia,Banjul,1286326765.3596256,6.4156240928424e-06,1.2841250662229912e-06,-0.7998440919168524,101.47339574893698,12676492.748328086,902278.1653442384
BLZ-1324,BLZ,Belize,Cayo,1286052400.6753137,6.414255684187384e-06,1.1560864708069192e-05,0.8023704194657197,5360.829088087073,239898.04180349672,89411.34117965586
AZE-1735,AZE,Azerbaijan,Lankaran,1285815934.6007452,6.413076296891717e-06,4.913097520757743e-06,-0.233893798653383,1751.1762943818053,734258.4174568556,81301.49068684317
AZE-1692,AZE,Azerbaijan,Ağdaş,1285536382.043178,6.411682013439144e-06,6.295106466588716e-06,-0.018181741796626905,1183.8947531038273,1085853.6019970323,112815.66876006126
BRB-1991,BRB,Barbados,Saint George,1284632255.330648,6.407172632715601e-06,1.3183264534161806e-06,-0.7942420894538276,43.92365552635614,29246934.025329735,26115.2998046875
LBY-2973,LBY,Libya,Al Jifarah,1277635250.6228,6.3722746945009275e-06,1.6227201019948655e-05,1.54653193685329,1353.6494196269546,943845.0104569152,92109.6975825876
UGA-3126,UGA,Uganda,Abim,1277202997.1291666,6.370118806897054e-06,6.484820575049212e-06,0.018006221175650206,2186.7630232297925,584060.9995511863,152101.19090057537
AFG-1750,AFG,Afghanistan,Hilmand,1274567773.0439837,6.356975484697572e-06,1.0173802765225287e-05,0.6004156048289837,57443.22591734709,22188.304237612138,1285418.648869502
AZE-1678,AZE,Azerbaijan,Gədəbəy,1272823211.91503,6.348274392011203e-06,1.4437020303081067e-05,1.274164507011371,1298.969764272334,979871.3156561031,101340.90702912584
NIC-664,NIC,Nicaragua,Estelí,1267998498.1111352,6.324210871796195e-06,5.713246063122854e-06,-0.09660727971580363,2420.0042697628774,523965.3970674107,251103.1969985962
AZE-1710,AZE,Azerbaijan,Neftçala,1266658301.9417224,6.31752657114634e-06,9.86722943541631e-06,0.5618817466446939,1462.5731010098293,866047.8584401435,92394.0118060857
AZE-1713,AZE,Azerbaijan,Saatlı,1265396139.298216,6.311231466914017e-06,5.439030965621514e-06,-0.13819814815300702,1148.4531802433116,1101826.4924218582,105531.47373386472
LVA-1087,LVA,Latvia,Madona,1265337571.5524335,6.3109393571243245e-06,8.067948215504466e-06,0.2784068676553959,2402.949525439338,526576.841567693,23552.37069209921
LBY-2969,LBY,Libya,Murzuq,1263401478.497701,6.3012829886319415e-06,2.3796684531863336e-05,2.7764824361633353,283131.5909048113,4462.241300803682,91083.52955437824
MWI-1917,MWI,Malawi,Chiradzulu,1260937428.4506962,6.2889934061764965e-06,6.02140576527644e-06,-0.04254856439144217,716.2617947740541,1760442.1143926305,401291.0112304687
LBY-2967,LBY,Libya,Ash Shati',1259903335.4666889,6.283835811667001e-06,8.782543544728322e-06,0.3976405189362282,96434.55238674015,13064.853875341127,90831.33480902342
LBR-793,LBR,Liberia,Grand Gedeh,1255686854.4484744,6.262805885262642e-06,1.2720438255815173e-05,1.0311084981491039,11164.0978595147,112475.4431795225,198199.52837263048
GUY-673,GUY,Guyana,Upper Takutu-Upper Essequibo,1251235382.9971676,6.240603931404036e-06,7.682935766705707e-06,0.2311205535803278,16528.624154108824,75701.12135958545,41452.273847339675
MDA-1640,MDA,Moldova,Ialoveni,1249499141.676679,6.231944334210938e-06,3.89068364443614e-06,-0.37568703509147094,683.482441451052,1828136.4171169605,160592.0682234764
AZE-1729,AZE,Azerbaijan,Qusar,1238526900.9789538,6.177219692177146e-06,7.212345292693042e-06,0.1675714402430568,1251.3470102116787,989754.9527604207,99792.47290993482
MDG-5875,MDG,Madagascar,Itasy,1237652706.7379756,6.172859601269237e-06,6.446375547997962e-06,0.04430943912485641,6639.586672612211,186405.0832927897,748911.6833248138
AFG-1766,AFG,Afghanistan,Baghlan,1235947672.0422814,6.164355648799765e-06,6.767932773161261e-06,0.09791406575949524,18105.516663501607,68263.59584279597,1246469.7603923893
MUS-5193,MUS,Mauritius,Rivière Noire,1235793752.326956,6.163587965921202e-06,5.675958574975081e-06,-0.07911453420349468,311.20065780417866,3971051.221570915,43047.94927692413
AZE-1676,AZE,Azerbaijan,Ağstafa,1231926113.9139786,6.144297910817852e-06,3.7841261693511306e-06,-0.38412391061171136,1214.3703886169744,1014456.6480388229,92509.8702199706
GUY-675,GUY,Guyana,Barima-Waini,1230723883.900687,6.138301723809914e-06,1.0913782848794648e-05,0.7779808389771845,19867.477202973263,61946.66143703959,31686.44358286448
BFA-2833,BFA,Burkina Faso,Ioba,1229910116.6400557,6.134243015724326e-06,7.5066758964821365e-06,0.22373304696924445,2908.8443506230446,422817.43826431327,221108.0155025721
UGA-3117,UGA,Uganda,Bugiri,1229630097.7239094,6.132846406283196e-06,7.864573178252438e-06,0.28236917366706926,1122.659862677124,1095282.8533405492,464030.13525390625
PHL-5534,PHL,Philippines,Ormoc,1228202311.936168,6.125725247689648e-06,2.2030344981240246e-06,-0.6403634820293465,162.221664177486,7571136.186794369,132958.63623046875
SYR-146,SYR,Syria,Dar`a,1227055512.9050803,6.120005525693941e-06,2.9518158186859873e-05,3.823224107058766,3825.214124550502,320780.86950211466,1039047.7643591762
AFG-1757,AFG,Afghanistan,Ghazni,1226509789.5174394,6.117283700876125e-06,5.575042698334357e-06,-0.08864081331786322,21725.183668136273,56455.66952404308,1236951.529616557
UGA-3115,UGA,Uganda,Mbale,1220477395.3725808,6.0871968098500675e-06,5.430607547422839e-06,-0.10786397794215574,617.5148802262358,1976433.9847574856,597220.615234375
CAF-806,CAF,Central African Republic,Bamingui-Bangoran,1218900204.1898658,6.0793304837940935e-06,6.755181305984615e-06,0.11117191670894733,58125.75605319155,20970.053328414964,58211.631423773826
UGA-5611,UGA,Uganda,Kyegegwa,1217026612.9901505,6.069985846673315e-06,6.0583076367353705e-06,-0.0019239270457845903,1435.7526644785573,847657.5688140236,363387.3265991211
LSO-1203,LSO,Lesotho,Maseru,1215858926.9442534,6.06416194956515e-06,4.8591567779694125e-06,-0.19870926627910168,3990.7173716098196,304671.7704425625,547275.2065069675
LBY-5488,LBY,Libya,Wadi al Hayaa,1214072031.7368672,6.055249713380212e-06,6.058335995454875e-06,0.0005096870023117983,32171.283898150294,37737.75506070713,87527.17775456537
LVA-1081,LVA,Latvia,Daugavpils,1205109055.5226705,6.010546386284863e-06,8.393301086380724e-06,0.39642896784441084,1740.53668046062,692377.8562390007,23934.343707084656
SVN-224,SVN,Slovenia,Žalec,1200472798.506627,5.987422804459663e-06,5.22437009833206e-06,-0.12744259609647957,124.50796608827515,9641734.872253085,24093.337646484375
COG-3344,COG,Republic of the Congo,Lékoumou,1199091103.0195603,5.9805315237256276e-06,7.373112438932049e-06,0.2328523659948707,21136.29552734356,56731.37477985783,145265.92277318984
ETH-3135,ETH,Ethiopia,Dire Dawa,1194332090.5976872,5.956795692695657e-06,2.6083139309450076e-06,-0.5621280189039596,932.9641429516896,1280147.9023824946,552048.8715753555
MNG-3317,MNG,Mongolia,Bayanhongor,1192188967.7129705,5.946106751764488e-06,1.62463825916575e-05,1.7322722698909563,116524.57193971888,10231.223748495897,78327.61357348645
MNG-3332,MNG,Mongolia,Dornod,1191183449.250999,5.9410916742242035e-06,9.911999015151319e-05,15.683800820908292,122809.6188578333,9699.431203592734,74162.86462077832
SVN-999,SVN,Slovenia,Trebnje,1189960830.1763532,5.934993795673512e-06,1.2172564727653302e-05,1.0509818791262848,318.5800474853634,3735201.9988980126,22625.357513427734
MYS-4833,MYS,Malaysia,Labuan,1189461062.920437,5.932501179540338e-06,4.931941971059236e-07,-0.9168657228747257,51.42798799459117,23128671.94115267,54722.285888671875
MKD-2962,MKD,Macedonia,Gostivar,1187492620.629224,5.922683467486943e-06,4.2336781798320535e-06,-0.285175680403456,596.2430510437167,1991625.0907252196,85808.40594428778
CAF-867,CAF,Central African Republic,Haut-Mbomou,1184609968.64845,5.908306085318451e-06,2.437786839973572e-05,3.126033426113837,55963.495637463624,21167.547794413273,77309.34973421693
GMB-5512,GMB,Gambia,West Coast,1184220456.4536393,5.906363372246797e-06,1.0008627410843781e-05,0.6945498913719004,1723.9953260815535,686904.6792285908,653052.6725491285
MDA-1624,MDA,Moldova,Cahul,1182822127.700966,5.899389132203787e-06,8.572245971852004e-06,0.45307349282276266,1470.6788001209568,804269.5166365926,138102.9192949757
UGA-5617,UGA,Uganda,Lwengo,1177791967.6508455,5.874300937759367e-06,4.99303319288013e-06,-0.15002087128606967,1263.0432113558807,932503.3039736481,368989.7473144531
UGA-3082,UGA,Uganda,Buliisa,1172503639.127834,5.8479251141375884e-06,5.962350747949825e-06,0.01956687741017893,2036.0627054371957,575868.1380473825,148440.39381098747
AZE-1703,AZE,Azerbaijan,Göyçay,1167822146.2782702,5.824575916153876e-06,3.574158400738826e-06,-0.3863658999059044,685.6482209193147,1703238.0609293473,112250.74463629724
AZE-1694,AZE,Azerbaijan,Hajigabul,1165077687.7414834,5.810887781237789e-06,1.4992940220803591e-05,1.5801462332851859,1915.419413733189,608262.440793959,60309.56780189276
HUN-4921,HUN,Hungary,Salgótarján,1164765498.358798,5.809330719860366e-06,6.314896321420545e-07,-0.8912973520369256,70.39491170629084,16546160.370490368,35151.134704589844
LVA-5709,LVA,Latvia,Kuldigas,1160032014.197236,5.785722212405019e-06,4.795529358508717e-06,-0.1711442094079897,1875.5853121055648,618490.6688648376,22897.581020094454
BRB-1989,BRB,Barbados,Christ Church,1158093677.142019,5.776054651839238e-06,1.1995997080572056e-06,-0.7923150350256427,37.08271691201633,31230011.541218784,23542.89599609375
LVA-4852,LVA,Latvia,Ventspils,1157701547.9091876,5.774098886149361e-06,1.5459078649211148e-07,-0.9732268550400243,43.476708724373154,26628086.206998855,33635.924560546875
AZE-1697,AZE,Azerbaijan,Beyləqan,1157088746.6422844,5.771042506792309e-06,4.9557822612716765e-06,-0.1412674130473135,1027.8927148070834,1125690.1911786082,96454.21749711037
SLB-1264,SLB,Solomon Islands,Isabel,1156944048.5318518,5.770320817165318e-06,2.7598767515250698e-05,3.782882683602443,3970.1723525587036,291409.0235367798,22046.596147581935
AZE-1723,AZE,Azerbaijan,Balakən,1156616943.595956,5.768689363662107e-06,2.381527718877261e-06,-0.5871631199490679,757.2056205887635,1527480.6633060004,104149.40553900134
AFG-1763,AFG,Afghanistan,Kunduz,1156055755.5558536,5.765890408056383e-06,6.4828584400314345e-06,0.12434645496786922,7956.604338835568,145295.11665086012,1165897.693910339
UGA-3377,UGA,Uganda,Kanungu,1152774892.208796,5.749526925229513e-06,5.2189222134756955e-06,-0.09228667308704464,1428.6707002266457,806886.3538854115,310597.9970728159
BDI-5588,BDI,Burundi,Mwaro,1151378630.6829112,5.742562995591563e-06,5.3218135128512295e-06,-0.07326858809617476,672.0806856627173,1713155.3625106388,369544.40771484375
COM-4934,COM,Comoros,Moûhîlî,1148692095.2178912,5.729163755118759e-06,9.61831419214219e-07,-0.8321166124192445,125.2103757624541,9174096.701036664,280860.71072387695
CAF-805,CAF,Central African Republic,Ouham-Pendé,1147136151.846579,5.721403403667705e-06,7.56909027731055e-06,0.3229429465606961,31754.0198913113,36125.698597312534,588137.9045161866
MLT-5973,MLT,Malta,Żurrieq,1146625529.3768823,5.718856646570555e-06,4.0372945487061806e-07,-0.9294038162133818,9.900803118932641,115811365.56329125,26182.162109375
AZE-1702,AZE,Azerbaijan,Füzuli,1146438018.1719608,5.71792142432659e-06,5.257462961045392e-06,-0.08052899456124074,1185.154627362518,967332.018711585,86626.28411519527
LVA-1068,LVA,Latvia,Saldus,1144801488.7959468,5.7097591458323965e-06,7.18619556059187e-06,0.2585812075518348,1737.557548001801,658856.73260864,23149.92851762101
LVA-5775,LVA,Latvia,Salaspils,1142728950.9423106,5.69942225154924e-06,1.4319302196577262e-06,-0.7487587063287875,107.68558455229936,10611717.025014844,32801.63917541504
MWI-1922,MWI,Malawi,Mwanza,1135640158.4059746,5.6640665165913635e-06,5.169983821545729e-06,-0.08723108981830485,915.9799408469291,1239808.982449926,210763.6396551132
BDI-3364,BDI,Burundi,Bujumbura Mairie,1128860419.6053576,5.630252203802609e-06,2.46495075222888e-06,-0.5621953221626413,384.4000973212026,2936680.889188454,1061522.9853515625
UGA-3127,UGA,Uganda,Moroto,1127502670.3861935,5.62348035637077e-06,6.6157561943096985e-06,0.1764522635550405,2412.7593480823875,467308.38335879205,33838.79257321358
AZE-1709,AZE,Azerbaijan,Lerik,1125137478.0650563,5.611683832152873e-06,6.272933005936734e-06,0.11783436016034043,1026.8129410904685,1095757.009908901,87917.14476490021
MNG-3327,MNG,Mongolia,Övörhangay,1124630202.8197925,5.6091537695180436e-06,5.672609403815279e-06,0.011312871228825072,62800.097078022714,17908.09656587878,104402.38352713542
GAB-2623,GAB,Gabon,Nyanga,1123794191.2561536,5.604984116771933e-06,1.2572974482072575e-05,1.2431775398703007,20007.593007643558,56168.38521389491,43757.823969877325
URY-7,URY,Uruguay,Flores,1123681935.6897707,5.604424236082488e-06,8.049988386387733e-06,0.43636313870748356,5076.471326677427,221350.98641938466,26197.644206898753
HND-653,HND,Honduras,Ocotepeque,1122925076.0836842,5.600649357992044e-06,9.511607933039602e-06,0.698304486687187,1682.1009827360206,667572.9267200064,175118.61625003815
MNG-3319,MNG,Mongolia,Govi-Altay,1116913124.5767407,5.570664425724726e-06,3.203955983252343e-05,4.751479066764137,142841.27399880826,7819.260451191854,51506.620761556085
GEO-3028,GEO,Georgia,Guria,1115203809.0238383,5.562139122249131e-06,7.831493665371613e-06,0.4080003202445672,2008.035087180268,555370.6786019536,107981.19890856744
LVA-1083,LVA,Latvia,Gulbene,1113159684.479808,5.551943940879501e-06,5.11585648623252e-06,-0.07854680437891792,1994.2856705394602,558174.6391321636,20881.311016738415
LBR-785,LBR,Liberia,Grand Bassa,1105828944.1178892,5.5153814780972314e-06,9.569155769523935e-06,0.7349943621352604,7622.870678593483,145067.25756522067,317647.8735256195
HUN-4914,HUN,Hungary,Szekszárd,1104263846.946954,5.507575471577042e-06,6.197817829500348e-07,-0.8874674008284509,48.61981908417001,22712216.288490634,33011.55274581909
TTO-55,TTO,Trinidad and Tobago,Rio Claro-Mayaro,1103001730.6740377,5.5012805986205375e-06,1.3498493361395388e-05,1.453700210234718,984.1729841496809,1120739.6956003867,30490.69413495064
JAM-1371,JAM,Jamaica,Hanover,1102294532.536727,5.497753409783045e-06,5.274271066942676e-06,-0.04064975748870259,465.0358153496146,2370343.307231122,46744.00732421875
VEN-32,VEN,Venezuela,Cojedes,1099880845.4144976,5.485715015130168e-06,8.844172678228367e-06,0.6122187634310614,13831.05436716498,79522.5596123476,369523.0826700316
UGA-3065,UGA,Uganda,Kumi,1096781157.859723,5.470255156335163e-06,4.618278465046302e-06,-0.15574715747988055,1012.3339677847139,1083418.3113106485,348725.068544507
MNG-3326,MNG,Mongolia,Selenge,1093350478.4923725,5.453144458029948e-06,1.0795675981330838e-05,0.9797157519701909,42211.93841675256,25901.45156798715,113923.14464961256
UGA-3116,UGA,Uganda,Manafwa,1091972683.7174966,5.446272632308266e-06,5.204291553326546e-06,-0.044430584974069265,499.91637284545993,2184310.7028124086,503719.1751708984
MKD-2958,MKD,Macedonia,Tetovo,1085914034.9258728,5.416054794815982e-06,2.7806509271299296e-06,-0.4865910644420639,246.4651098685854,4405954.398595726,85082.45928955078
SVN-1022,SVN,Slovenia,Ajdovščina,1083044097.721966,5.401740828282617e-06,1.3429062230489413e-05,1.4860619302905231,251.2076782388981,4311349.499006924,20849.928514957428
ASM-5002,ASM,American Samoa,Western,1082079021.8051777,5.396927460116841e-06,2.624256317246687e-07,-0.9513749937044759,21.957463780758992,49280692.55217845,27142.63610839844
ARM-1733,ARM,Armenia,Vayots Dzor,1078725688.960484,5.380202531763413e-06,7.66402477412413e-06,0.42448629561388884,2350.899981910392,458856.4793317529,45959.95274716825
MLT-5946,MLT,Malta,Żebbuġ,1075939214.6627069,5.366304840974162e-06,6.18986906157635e-07,-0.8846530481400553,8.099069944047415,132847255.56092913,24578.201171875
AZE-1684,AZE,Azerbaijan,Qazax,1070758295.2027044,5.340464725844959e-06,3.1533185668929813e-06,-0.4095422910233587,805.5079660351912,1329295.7243776345,99049.67605122924
FJI-2619,FJI,Fiji,Northern,1069514237.4044664,5.334259920504511e-06,3.8450137632716645e-05,6.20814849777325,5982.428426231597,178775.93532333593,102439.86322849987
AZE-2419,AZE,Azerbaijan,Şərur,1065412099.0445712,5.313800284273153e-06,2.924965303736999e-06,-0.44955302283493903,654.9851846950955,1626620.1494932056,98387.55106410384
UGA-3070,UGA,Uganda,Amolatar,1063605840.0750564,5.304791470280628e-06,5.394066878674919e-06,0.01682920222113249,1502.7283624069148,707783.167392597,186626.12641471997
UGA-3118,UGA,Uganda,Busia,1062253768.9048868,5.298047942424273e-06,4.761416059229331e-06,-0.10128860460054478,653.1135933505882,1626445.6592540622,445761.6013183594
MKD-2926,MKD,Macedonia,Čučer Sandevo,1061969526.3215164,5.296630267215149e-06,3.6344215150748808e-06,-0.3138238216152136,185.9056153228407,5712412.314589407,84732.25022292137
BWA-5502,BWA,Botswana,Francistown,1061517247.6899692,5.294374503156301e-06,1.112298065833146e-06,-0.7899094472500884,64.02694698890303,16579226.366578877,92954.5185546875
TTO-64,TTO,Trinidad and Tobago,Port of Spain,1060399491.9937974,5.288799636359321e-06,1.2116995862751146e-06,-0.7708932707631899,9.997710047729255,106064237.40350844,37287.76953125
AZE-1693,AZE,Azerbaijan,Ağsu,1058841733.7753588,5.281030233260378e-06,3.905481612278709e-06,-0.26046974931488676,976.251376718865,1084599.4781939012,83273.96239352226
ISL-697,ISL,Iceland,Norðurland vestra,1056106455.053452,5.267387883165923e-06,1.5790357319617802e-05,1.9977585987320778,12426.212416263055,84990.2142080922,6961.588462409447
PHL-2517,PHL,Philippines,Siquijor,1052574605.1647032,5.249772591430759e-06,2.463114124104892e-06,-0.5308150817569792,279.69528510822687,3763290.48506275,84318.96789550781
AFG-1747,AFG,Afghanistan,Ghor,1051189922.629428,5.24286641263274e-06,5.764448685480324e-06,0.09948418132318348,36179.25257750605,29055.0480659457,1060139.098625183
AFG-1758,AFG,Afghanistan,Khost,1046593554.1005844,5.219941776787985e-06,1.109099448300027e-05,1.124735285807144,4119.134221224144,254080.9543685014,1055503.5994787216
LVA-1088,LVA,Latvia,Ogre,1046136997.4692788,5.217664675974699e-06,7.110136005306569e-06,0.36270466709866556,1153.8206811235034,906672.0804922908,24304.344036579132
GIN-5645,GIN,Guinea,Koubia,1044194103.4542902,5.207974387326375e-06,5.841500702098969e-06,0.12164543595189015,3426.7622162282782,304717.40890256444,120467.42479115725
MNG-3329,MNG,Mongolia,Töv,1043932168.4055403,5.206667972148852e-06,2.8546834661647968e-05,4.482745359287113,73438.29833584507,14215.092016858449,87162.32048969957
UGA-3089,UGA,Uganda,Kiboga,1042848434.7048366,5.20126279188852e-06,5.132737822615065e-06,-0.013174679306787063,1402.1722178426241,743737.7673260126,191376.42584991455
UGA-3369,UGA,Uganda,Ibanda,1042683362.4562802,5.2004394851491915e-06,4.6191156252480085e-06,-0.11178360243615182,1060.7847903245454,982935.8150367832,310965.1954727173
LBR-1459,LBR,Liberia,Gbapolu,1037221706.8139778,5.173199183175247e-06,7.354660178492169e-06,0.4216850962189258,9788.063885663798,105968.01562903126,114927.02515754849
CAF-801,CAF,Central African Republic,Mambéré-Kadéï,1035517694.2499584,5.164700328642609e-06,6.842974818877073e-06,0.32495099104337566,30156.033558477542,34338.65704658798,499284.58213222586
MLT-5928,MLT,Malta,Naxxar,1030211246.1040522,5.138234132424748e-06,4.110850152313538e-07,-0.9199948844998697,13.661454870803162,75410068.38925976,23406.28463386425
HND-645,HND,Honduras,Valle,1029467264.3689814,5.134523483410289e-06,8.023294395267986e-06,0.5626171389012735,1464.0914052953506,703144.1210880596,158073.76204681396
UGA-5621,UGA,Uganda,Rubirizi,1024319796.089466,5.108850207847241e-06,6.145367622699853e-06,0.20288663254610806,1741.239485262568,588270.4847662038,160253.9801606536
AZE-1718,AZE,Azerbaijan,Ucar,1024166000.5357496,5.108083144231396e-06,4.063162631486953e-06,-0.20456215829698876,690.588064669007,1483034.6091003232,92756.87648677826
UGA-3104,UGA,Uganda,Bundibugyo,1021971350.741938,5.0971372100631115e-06,3.982293324569014e-06,-0.21871961447164845,1192.436646056657,857044.5684653844,298930.78545205784
LVA-1092,LVA,Latvia,Tukums,1015377032.3108784,5.064247691364219e-06,1.1685481821941285e-05,1.3074467392003535,1217.1001581526107,834259.2230470827,22404.537783503532
SVN-950,SVN,Slovenia,Grosuplje,1013942012.321951,5.057090451802234e-06,6.424866576589423e-06,0.270467008218084,138.0404851811465,7345251.003655808,20138.857971191406
UGA-3376,UGA,Uganda,Kisoro,1013512297.1079272,5.054947224004761e-06,5.281807159737208e-06,0.044878794115820186,889.1879537444981,1139817.8448548268,383962.3337097168
AND-4881,AND,Andorra,Escaldes-Engordany,1013083897.2837372,5.052810556785001e-06,1.6871233016634606e-06,-0.6661020074465365,61.94712274143031,16354010.524627408,13878.597940683365
UGA-5607,UGA,Uganda,Otuke,1005400698.2690485,5.0144901874696985e-06,5.250124228080369e-06,0.04699062752171246,1549.1520585218043,649000.6534467626,155366.7442626953
GUY-679,GUY,Guyana,Essequibo Islands-West Demerara,1004974625.0149858,5.0123651241438836e-06,9.487022352064465e-06,0.8927237176650926,3823.358927035933,262851.237405036,57252.13953790534
SVN-1004,SVN,Slovenia,Vrhnika,1003831962.804581,5.0066660347643635e-06,1.0374034143221656e-05,1.0720443646906648,148.7666005256408,6747697.125952439,19974.68274497986
SLB-3509,SLB,Solomon Islands,Makira,991605258.9336348,4.945684690021403e-06,1.830952057486875e-05,2.702120479255525,2920.051557983905,339584.8461039743,31331.694483727217
AZE-1726,AZE,Azerbaijan,Qax,987719884.3138456,4.9263061746303555e-06,8.804309356128785e-06,0.7872030369264278,1464.6000043406734,674395.6584640956,57844.98883293569
LVA-1084,LVA,Latvia,Jelgava,987283779.3725568,4.924131077723655e-06,2.7574592057248257e-05,4.599889934285733,1438.6416767995738,686261.0720196044,20621.034185886383
UGA-5600,UGA,Uganda,Gomba,984736585.1718974,4.9114268093192495e-06,6.03015930313788e-06,0.2277815667935592,1519.9224145367675,647886.0866539818,165949.23207855225
UGA-3085,UGA,Uganda,Moyo,983699800.0922018,4.906255787837368e-06,8.262606800385665e-06,0.6840962146467591,1839.9491332372174,534634.2365245036,126036.32786767183
SVN-207,SVN,Slovenia,Kocevje,978149853.4669144,4.878575129825694e-06,9.197437814370119e-06,0.8852713281262379,583.2295940645521,1677126.578317376,16548.532861083746
UGA-3073,UGA,Uganda,Namutumba,973898200.6420108,4.857369782139231e-06,4.916879930486466e-06,0.012251516976544918,748.5020772745233,1301129.589630812,369911.1248321533
CAF-812,CAF,Central African Republic,Vakaga,972625927.5709108,4.851024251604195e-06,6.503607052590941e-06,0.3406667778336192,45384.382866695785,21430.85057315274,67648.87204678729
BMU-5136,BMU,Bermuda,Devonshire,972382435.3089288,4.849809820819996e-06,2.444872585864056e-06,-0.495882792069838,7.9160654509599135,122836583.56955807,4539.709795375474
NIC-655,NIC,Nicaragua,Granada,969373321.4315324,4.834801703124074e-06,6.621035200985616e-06,0.369453311126978,2478.526230426598,391108.76033161295,164916.67117244005
MLT-5926,MLT,Malta,San Pawl il-Bahar,964567652.378316,4.810833169629848e-06,5.316116293439169e-07,-0.8894969726450066,22.93209138176205,42061913.86213641,21809.82421875
SVN-1016,SVN,Slovenia,Radovljica,960871069.1345948,4.792396261405377e-06,3.6358826418134322e-06,-0.2413226195224507,132.18393201172947,7269197.2050682455,19144.895973205566
SVN-220,SVN,Slovenia,Šentjur pri Celju,959026474.0123848,4.783196243784442e-06,1.0790305860270413e-05,1.2558777249191797,319.37615696049454,3002811.7413004385,18421.445281982426
UGA-5589,UGA,Uganda,Zombo,958276069.2233356,4.7794535594419745e-06,2.9154271097778105e-06,-0.3900082774068838,1080.2230336545642,887109.4573695,279667.25456237793
LBR-782,LBR,Liberia,Sinoe,958076797.047436,4.778459678721178e-06,9.170551652341287e-06,0.9191438808573416,9120.0662809469,105051.51690059458,107295.9656238854
GIN-5650,GIN,Guinea,Lola,957083319.8554916,4.773504657664343e-06,8.461642831426593e-06,0.7726269142401636,2976.123669100584,321587.2141982367,134711.9727973938
GUY-672,GUY,Guyana,Potaro-Siparuni,955664699.4109992,4.766429211714387e-06,5.350443539262679e-06,0.12252659204776783,20453.9230101966,46722.80710818093,11378.054887700826
LVA-4851,LVA,Latvia,Rezekne,955235075.5719304,4.7642864396544286e-06,1.1034498070013445e-06,-0.7683913801200035,21.264327694471817,44921950.47484465,27884.672973632812
NIC-654,NIC,Nicaragua,Carazo,954984345.5620044,4.7630359102121445e-06,7.4907550443732445e-06,0.5726849819277571,1283.7307399834854,743913.280112222,211382.79660606384
UGA-3100,UGA,Uganda,Dokolo,954752865.5334786,4.761881391089931e-06,4.398203353472451e-06,-0.07637276272734705,1092.2066578485997,874150.3804912947,255605.34240722656
SYR-136,SYR,Syria,Ar Raqqah,953504723.0599709,4.755656213211356e-06,1.2629822137665049e-05,1.6557475081102417,18175.87936282917,52459.895008433465,807410.0481858291
SOM-2408,SOM,Somalia,Galguduud,946369475.4358088,4.720068780998381e-06,1.0391415156576018e-05,1.2015389263836198,50257.88348055037,18830.26920148857,727880.0129608517
GIN-5649,GIN,Guinea,Lélouma,944292840.8220888,4.709711453903437e-06,4.595026100128033e-06,-0.024350823802666732,2333.3847275902,404688.01807805867,188833.21466445923
SOM-2645,SOM,Somalia,Jubbada Hoose,942960308.3887649,4.703065376550504e-06,2.5375499557875637e-05,4.39552345676459,48649.02867070701,19382.921594826177,725257.9244227093
MNG-3315,MNG,Mongolia,Hentiy,942688891.602857,4.701711670697711e-06,7.112231220546841e-06,0.5126897859075694,81494.9810992855,11567.447208244359,69103.80195832672
ARE-347,ARE,United Arab Emirates,Neutral Zone,938996092.8715476,4.683293637932931e-06,1.584231703641602e-06,-0.6617270181801294,50.99226089427585,18414482.44113755,11048.748716950417
CAF-4856,CAF,Central African Republic,Ombella-M'Poko,938807778.5384172,4.6823544100437245e-06,4.8305501770503205e-06,0.03164983980894598,31791.182863781185,29530.445047012545,349398.7318851836
MNG-3208,MNG,Mongolia,Bayan-Ölgiy,937428146.603924,4.6754734213894035e-06,2.519536448740523e-05,4.3888370688070255,45778.14449299025,20477.6352774077,91110.44631834212
AZE-1734,AZE,Azerbaijan,Xocavənd,934486923.933396,4.660803914748003e-06,7.79374894337343e-06,0.67218983804746,1657.6130059853233,563754.5799647701,48659.90021812916
LVA-1079,LVA,Latvia,Bauska,932784657.9712976,4.652313771486612e-06,1.2678526800777442e-05,1.7252088796079015,824.3511905320364,1131537.9521309095,22636.166406154633
AZE-1680,AZE,Azerbaijan,Xanlar,930668731.4914516,4.641760474090995e-06,2.1477825650766165e-05,3.627086160660242,1175.2548586856224,791886.733854723,71039.58324616402
MDA-1639,MDA,Moldova,Hîncesti,929568987.0676658,4.636275439486093e-06,1.5951386282254895e-05,2.440560529773663,1330.9002235765383,698451.296799416,106317.85045152904
MNG-3316,MNG,Mongolia,Arhangay,927774263.703419,4.627324159946768e-06,4.666378907836085e-06,0.008440028521746301,55021.18187839229,16862.12894797469,83866.83931397228
COG-3341,COG,Republic of the Congo,Pool,927744505.9376312,4.627175741485551e-06,1.9852731441021492e-05,3.2904641081662893,29103.17425196047,31877.777245385383,12382.56607302103
AZE-1711,AZE,Azerbaijan,Qobustan,924839913.9960936,4.612688932579888e-06,8.759358691988113e-06,0.8989701711988158,1370.3641750395072,674886.2315883519,49289.79385194555
AZE-1701,AZE,Azerbaijan,Dəvəçi,924645832.4182024,4.611720940246503e-06,6.715278125114449e-06,0.4561327999077731,1376.07153978639,671946.0476318962,59366.12015271187
BMU-5144,BMU,Bermuda,Warwick,924065531.3956034,4.6088266576101266e-06,2.9526185994805956e-06,-0.3593556844657606,5.786548557580498,159692003.30740482,4314.13525390625
BFA-2818,BFA,Burkina Faso,Zondoma,923604210.975699,4.606525797144371e-06,4.470582230588236e-06,-0.029511083307165675,1807.6643342320413,510937.89565089706,216452.78448843956
MNG-3320,MNG,Mongolia,Hovd,921383059.9336132,4.5954476865715385e-06,1.8499406855989065e-05,3.02559404822442,75826.99403800246,12151.122059142166,69777.50415896799
GUY-680,GUY,Guyana,Cuyuni-Mazaruni,919697908.4729586,4.587042902808805e-06,8.657355918242658e-06,0.8873501080492314,5444.100029400816,168934.7924369754,47153.21535696089
UGA-5616,UGA,Uganda,Amudat,918310928.9269016,4.580125267545673e-06,4.534152017208379e-06,-0.01003755304752385,1557.180276537334,589726.7919222098,127083.84246459603
MMR-2473,MMR,Myanmar,Kayah,914894287.2868758,4.563084583162316e-06,1.5264698409480512e-05,2.3452587019331004,11533.172284472545,79327.20198055355,310543.3290231228
SVN-955,SVN,Slovenia,Ivancna Gorica,914628095.4164096,4.561756936856982e-06,6.414404348531795e-06,0.40612584960549736,192.92052689919262,4740957.89658678,17507.837646484375
SVN-991,SVN,Slovenia,Slovenj Gradec,913281312.0063324,4.55503978198917e-06,5.726657919945248e-06,0.2572135906669155,193.32921828172405,4723969.403711531,17812.496574401855
MNG-3324,MNG,Mongolia,Orhon,913135787.1197568,4.554313968771592e-06,1.6304301326526157e-06,-0.6420031328906421,700.508982390149,1303531.8747864182,117333.01836016309
SVN-216,SVN,Slovenia,Ptuj,912598600.5734848,4.551634721910356e-06,2.5297953374032667e-06,-0.44420071205944833,95.93001139874944,9513170.980248434,18442.556762695312
GIN-5638,GIN,Guinea,Fria,909588237.6246384,4.536620374403236e-06,5.7025601215950516e-06,0.2570062405420439,2362.597157895967,384995.0612971535,170338.95012140274
BRB-1992,BRB,Barbados,Saint James,908039114.5359436,4.528894039479443e-06,7.76622850241764e-07,-0.8285182114061935,45.817523263038034,19818598.864956062,18459.534712823737
MKD-4845,MKD,Macedonia,Struga,907558163.201872,4.526495268770903e-06,3.3401731688334464e-06,-0.26208402516669005,595.3622164321489,1524379.844996937,59322.95958483219
SVN-258,SVN,Slovenia,Jesenice,907092107.9736524,4.524170793193405e-06,1.1942881563526666e-06,-0.7360205414549186,48.18102143437872,18826751.30100942,18399.55255126953
GRD-5072,GRD,Grenada,Saint George,906592057.2986612,4.521676763492314e-06,8.795407093325748e-07,-0.8054835063766783,67.31238218041811,13468429.25375472,36304.48895263672
SVN-988,SVN,Slovenia,Sevnica,906589222.4181752,4.521662624373051e-06,8.040936715883375e-06,0.7783141697791498,280.64965804876834,3230323.6309685353,17018.923126220703
SYR-134,SYR,Syria,Lattakia,902867657.48713,4.503101118636197e-06,1.4910634963131734e-05,2.3111925693659634,2349.514469316656,384278.3984853366,764531.523763895
ECU-1270,ECU,Ecuador,Galápagos,902373323.8875626,4.500635603157011e-06,4.464976283999277e-05,8.920768259637104,7094.127600055764,127200.04132438631,13053.347305119038
LVA-934,LVA,Latvia,Ventspils,902053136.988086,4.499038653733417e-06,1.035386265633369e-05,1.30135001123891,2465.119631441081,365926.7183153931,11008.281365424396
GNB-778,GNB,Guinea Bissau,Tombali,901964136.2761524,4.498594757884292e-06,8.03961059370581e-06,0.7871382123529778,2920.4162283928977,308847.8030998007,108168.1279823929
SVN-1045,SVN,Slovenia,Murska Sobota,898394890.1464627,4.480792950381266e-06,1.7031424808437062e-06,-0.619901544279392,68.61681535011003,13092926.064296309,18208.575317382812
MDA-1626,MDA,Moldova,Comrat,898231017.6967794,4.479975627703503e-06,6.82930264837023e-06,0.5244062057255039,1678.3005044271058,535202.7335553914,94329.41125971824
UGA-3071,UGA,Uganda,Kaliro,897308902.3242282,4.475376527568271e-06,4.90442600621013e-06,0.09586891203431014,879.4504736158445,1020306.3495263798,305828.24560546875
LVA-1076,LVA,Latvia,Aluksne,892663203.7700827,4.452205855562759e-06,4.336093797247991e-06,-0.026079669737124278,1764.1536153082782,506000.83576854144,15645.254090689124
BFA-5989,BFA,Burkina Faso,Noumbiel,892487535.6324161,4.451329701255231e-06,7.528979073976662e-06,0.6914000038805403,2178.969655783739,409591.5394064555,82978.5958570242
WSM-4984,WSM,Samoa,Tuamasaga,892203349.662007,4.449912308406303e-06,3.3768967609289808e-06,-0.24113184105904617,449.15889919845796,1986386.8917084346,87570.9631622117
AZE-1720,AZE,Azerbaijan,Yardımlı,891651202.0937381,4.447158442641254e-06,5.2373406913565485e-06,0.1776825042118333,902.590561891601,987880.0418930408,72384.58227670193
BMU-5143,BMU,Bermuda,Southampton,890584695.1648643,4.441839181834181e-06,1.1422056524752185e-06,-0.7428529927093028,2.075563530687092,429080913.20627815,4157.825067013827
GMB-2151,GMB,Gambia,Central River,887944548.7414031,4.428671309207156e-06,6.668384620111422e-06,0.5057303092798799,2953.557585702336,300635.5972335836,273784.6783839464
SOM-2314,SOM,Somalia,Gedo,887448728.7202884,4.426198380120363e-06,1.1461792036796211e-05,1.5895341899439508,46160.6790470907,19225.20957317287,682562.3701203465
DJI-1571,DJI,Djibouti,Tadjourah,886487075.4481051,4.421402082579081e-06,1.1216487641652468e-05,1.53686216095273,6665.130224114372,133003.71420213277,111989.04534619302
UGA-3068,UGA,Uganda,Iganga,882050057.9306803,4.399272218494977e-06,4.409028221196147e-06,0.0022176401496944997,723.8287055750206,1218589.4965715213,346170.23388671875
EST-1661,EST,Estonia,Lääne,879898914.4461887,4.388543274390011e-06,2.3523905864478255e-05,4.360299396329407,2579.825082253579,341069.2145366547,11293.400056280196
UGA-5591,UGA,Uganda,Bukedea,877202627.706306,4.375095398908102e-06,5.56763001632184e-06,0.2725733975335396,1028.3373970097116,853029.9785431431,259799.53696393967
AFG-1772,AFG,Afghanistan,Parwan,875034646.068109,4.364282473603723e-06,6.725248073765329e-06,0.5409745163016646,5866.99232190203,149145.35388115695,882484.1458030939
MKD-2898,MKD,Macedonia,Ohrid,871147876.0933743,4.344896998804656e-06,2.4031605640144167e-06,-0.4469004524904593,479.65839414513505,1816183.9482575224,55456.766639232635
SOM-2412,SOM,Somalia,Mudug,868359907.1251851,4.3309918532661425e-06,2.266921832607276e-05,4.234186323619418,59245.449356635196,14656.98912836304,667880.607795275
NIC-665,NIC,Nicaragua,Madriz,865462265.4801294,4.316539709338899e-06,4.106033214843237e-06,-0.04876741757760916,1636.307352172131,528911.7990769055,171662.29377746582
LVA-1082,LVA,Latvia,Dobele,862759289.0288303,4.303058468560633e-06,1.4195496899222957e-05,2.298931911555301,942.8828519758665,915022.7806358631,19621.32633304596
AFG-1774,AFG,Afghanistan,Wardak,859253669.6943345,4.285574003128992e-06,5.992036063801071e-06,0.39818751453741164,10179.4884230133,84410.29980954397,866568.8200297356
AFG-1741,AFG,Afghanistan,Badghis,858698146.7238256,4.28280330236329e-06,5.169091540339304e-06,0.20694114938385155,20230.092931375566,42446.57449853037,866008.5676828069
SLB-3508,SLB,Solomon Islands,Choiseul,856478915.3523009,4.271734766250878e-06,1.9182442066271894e-05,3.490550822074452,2847.095202477393,300825.52722755383,15940.183200359344
TLS-541,TLS,East Timor,Dili,856152052.7771467,4.2701045215349316e-06,1.507893382265304e-06,-0.646872020424625,343.21149068438467,2494532.0189307393,234843.50370788577
SVN-938,SVN,Slovenia,Brežice,855928230.6845385,4.2689881967809755e-06,3.867847885344018e-06,-0.09396613271019039,97.36001819725536,8791372.953016434,16478.857955932617
SVN-954,SVN,Slovenia,Ilirska Bistrica,855642206.906765,4.267561637768735e-06,9.614931435667158e-06,1.2530269628851238,469.80373076434375,1821275.8879430015,14644.465846583247
LVA-5726,LVA,Latvia,Krustpils,849908400.2228285,4.238963967801976e-06,2.404564950854801e-06,-0.4327470181112115,790.6510674632623,1074947.5150266835,19888.921425029635
SVN-952,SVN,Slovenia,Trbovlje,846210964.0656013,4.220522805625411e-06,4.457863831529524e-06,0.05623498244998659,99.07455822652766,8541153.038813395,16955.661895751953
MLT-5968,MLT,Malta,Birżebbuġa,845324119.1360043,4.216099618725971e-06,1.5150458964899966e-07,-0.9640652253623027,4.885212721884359,173037320.43216738,19278.55078125
AZE-1739,AZE,Azerbaijan,Xocalı,845091717.4845667,4.2149405029597974e-06,3.0619831891388786e-06,-0.27354059043331547,828.6495311871624,1019842.1475890398,64713.59370492888
BMU-5141,BMU,Bermuda,Sandys,844238032.1761708,4.210682701458855e-06,1.8935063054690081e-06,-0.5503089546944551,3.50820463812214,240646746.48742032,3941.4488838242432
AZE-5562,AZE,Azerbaijan,Lankaran,843491649.5623037,4.206960077931959e-06,4.571342862395626e-09,-0.9989133857280046,0.6276925329061607,1343797488.9664726,103123.84765625
SMR-4887,SMR,San Marino,Domagnano,840265328.2746258,4.190868626566807e-06,5.346270479882825e-07,-0.8724304921898128,6.969673855488197,120560207.79408029,11139.5751953125
ISL-690,ISL,Iceland,Vestfirðir,839428381.1120838,4.1866943074707266e-06,4.6866890199111e-05,10.194247001860594,10248.438103102451,81907.93296180111,5554.621341269813
MNG-3322,MNG,Mongolia,Uvs,836935185.1622736,4.174259358253676e-06,5.998293767263917e-06,0.4369719877140874,69060.76790788533,12118.822459063806,63132.46080054785
SVN-1008,SVN,Slovenia,Bled,836913132.4772485,4.174149369298173e-06,4.913040684106138e-06,0.17701602157380392,184.89973154743404,4526307.991218189,16170.96167755127
MKD-2936,MKD,Macedonia,Kavadartsi,835103442.0578411,4.165123440764305e-06,7.739378843519975e-06,0.858139129269069,1037.656760804637,804797.3796366645,38341.13303792477
SVN-1019,SVN,Slovenia,Tržič,835021495.180588,4.164714726295948e-06,5.565116081290149e-06,0.3362538485894575,140.25832906903275,5953453.892706826,16385.74952697754
MKD-2993,MKD,Macedonia,Strumitsa,832995568.2823186,4.154610306665652e-06,2.8691807317205007e-06,-0.3093983502815678,361.18432058755764,2306289.395196449,62087.51824314892
SVN-978,SVN,Slovenia,Postojna,831691587.1561552,4.148106630496489e-06,1.5979737941628428e-05,2.8522968103440016,272.1675246881846,3055807.5880250707,15483.23352575302
MNG-3318,MNG,Mongolia,Dzavhan,829934914.687391,4.139345131849848e-06,6.402950826072323e-06,0.5468511617466607,82108.89613015251,10107.734408849486,53929.1010372031
BFA-2813,BFA,Burkina Faso,Kourwéogo,828813028.8356867,4.133749665679476e-06,6.118102012815631e-06,0.4800368932863237,1581.5589514016508,524048.1412982767,177408.54159736633
LBY-2964,LBY,Libya,Al Jufrah,828469355.8541933,4.132035578155603e-06,1.0049812948375833e-05,1.4321699942529826,115603.23125169422,7166.489611786277,59727.58014227655
VUT-565,VUT,Vanuatu,Shefa,827491738.3998029,4.127159658394875e-06,8.44405852888819e-06,1.0459733152587156,1131.3783919248783,731401.3987768886,95666.41268920898
MNG-3333,MNG,Mongolia,Sühbaatar,823523786.3835907,4.107369283787116e-06,2.380911699251314e-05,4.796682827252491,81832.49681230231,10063.52999679934,53009.79201428406
GNB-769,GNB,Guinea Bissau,Bissau,822815682.1279339,4.10383757563552e-06,3.042629616201227e-07,-0.9258589171690099,97.80255968560634,8413028.092239473,443566.25927734375
AND-4880,AND,Andorra,Encamp,813425382.1628019,4.0570029482937845e-06,1.4295901571461858e-06,-0.6476240773383182,56.7438711681238,14335035.051675295,11143.404671669006
MRT-2798,MRT,Mauritania,Tagant,809556364.539732,4.03770601430574e-06,7.901041951613285e-06,0.9568145683761036,94727.12071286394,8546.194146380238,81717.47921486758
CAF-804,CAF,Central African Republic,Nana-Mambéré,808857876.1091983,4.034222265600371e-06,7.119848325961714e-06,0.7648626816306914,27254.69280106503,29677.746948503147,301957.06625507073
GEO-3035,GEO,Georgia,Racha-Lechkhumi-Kvemo Svaneti,806372736.6039592,4.021827498334972e-06,1.9651467553171024e-05,3.886203488664467,5123.7352722076375,157379.85937289096,30202.24974280363
LVA-1086,LVA,Latvia,Limbaži,806324592.5002319,4.021587377022006e-06,9.658990200900616e-06,1.4017854880112335,1281.8854522698166,629014.5434387169,16225.018350601196
LCA-5077,LCA,Saint Lucia,Castries,805863777.4444857,4.019289037087236e-06,6.986443660321562e-07,-0.826177127450764,99.71044205617576,8082039.963181297,38651.32470703125
AZE-1719,AZE,Azerbaijan,Xizı,802854512.8266551,4.004280167565273e-06,1.2658710308012856e-05,2.1612948590731964,1878.8043524096186,427322.0422323229,16570.873749192804
CAF-1460,CAF,Central African Republic,Bangui,801419750.8338195,3.997124214772704e-06,6.5838830961154775e-09,-0.9983528450099742,47.374619427747255,16916647.785553057,928654.87109375
AND-4877,AND,Andorra,La Massana,800061743.9068528,3.990351082009305e-06,1.4365053924427426e-06,-0.6400052619632146,67.69691188970822,11818290.104729047,10960.331420898438
GMB-5513,GMB,Gambia,North Bank,798988274.675203,3.984997096341773e-06,8.79969742457386e-06,1.2082067343667533,2070.0833925413594,385969.1245067749,317229.03252503276
MNG-3328,MNG,Mongolia,Darhan-Uul,797746734.094288,3.978804845758437e-06,1.8344157119863482e-06,-0.5389530818678108,3557.4206273990712,224248.63901392024,100548.87581484763
MKD-2915,MKD,Macedonia,Veles,796641852.5676621,3.97329418957616e-06,3.3727318781484905e-06,-0.1511497218109925,481.80453482099387,1653454.4509084802,55323.040984869
UGA-5594,UGA,Uganda,Budaka,794219035.7883958,3.961210260266597e-06,3.062830308490357e-06,-0.22679431101841507,414.4189139890293,1916464.2562849356,340947.7312011719
UGA-3119,UGA,Uganda,Butaleja,792309839.6041036,3.951688041365645e-06,4.9910808798309005e-06,0.2630250231255744,661.4984546348373,1197750.099116221,305578.0139160156
SOM-1,SOM,Somalia,Bari,791650913.2921299,3.948401610859533e-06,7.518402940568559e-05,18.041636797761985,70408.91662085937,11243.617304254829,608881.5119086439
SVN-1034,SVN,Slovenia,Sežana,789656013.177708,3.938451938986445e-06,1.5380154343284452e-05,2.9051268319507573,243.22969913243213,3246544.3816865524,14904.80616760254
UGA-5613,UGA,Uganda,Bulambuli,788004633.0144535,3.930215591390229e-06,3.314607457209371e-06,-0.15663469849578915,648.7086939402201,1214728.0287368398,292850.60366538167
AFG-3413,AFG,Afghanistan,Paktya,786075626.8050748,3.920594568921127e-06,5.09585486964626e-06,0.29976583399913803,5353.076978867199,146845.56749479467,792767.7848811868
MLT-5925,MLT,Malta,Mellieħa,785785761.5824691,3.91914885049568e-06,4.196764723661926e-08,-0.9892916424362623,3.4683529707427825,226558763.8314059,17593.96826171875
AZE-1725,AZE,Azerbaijan,Oğuz,785343512.7310665,3.916943110506046e-06,4.777404349123776e-06,0.21967672604429622,1100.142157368265,713856.3934407779,45776.389195833355
PYF-4964,PYF,French Polynesia,Leeward Islands,782978794.1737032,3.905148949210514e-06,1.4788989580230617e-06,-0.6212951215799223,176.93860219796568,4425144.001633271,15897.066120147703
BLZ-1326,BLZ,Belize,Orange Walk,782305811.4327433,3.901792411506999e-06,1.2926899765000695e-05,2.313067021935159,4672.362598490307,167432.59859273658,45332.10424201563
AFG-1749,AFG,Afghanistan,Farah,779799339.1881492,3.889291246053941e-06,7.452720443488254e-06,0.9162155703946713,49436.3072822818,15773.81851632824,786438.0648622997
SOM-2409,SOM,Somalia,Hiiraan,778020309.2386672,3.8804182382668455e-06,5.4356352209465716e-06,0.4007859171835946,34420.0951402961,22603.6652736566,598397.8218566906
UGA-3366,UGA,Uganda,Bushenyi,777439272.1066663,3.87752028424514e-06,3.4044264770120285e-06,-0.12200937004903678,765.3923809787241,1015739.4970571011,246512.1785888672
UGA-5610,UGA,Uganda,Ntoroko,776735937.8618474,3.874012366779767e-06,4.147283136666859e-06,0.0705394676151343,1422.668994570454,545970.9467389968,74288.20330049098
MDA-1643,MDA,Moldova,Orhei,776176059.7631285,3.871219944577318e-06,5.980424744534451e-06,0.5448424088927419,1085.4614892340974,715065.4974510418,88347.74459297955
LSO-1212,LSO,Lesotho,Leribe,775900875.6547163,3.869847449000423e-06,3.1845146305579674e-06,-0.17709556448264552,2707.750630778606,286548.1284853798,339712.1611299366
PAN-3455,PAN,Panama,Emberá,771081668.3904424,3.845811392948653e-06,1.114001426465769e-05,1.8966616212857077,3972.2090977025846,194119.103356471,10477.983681380749
LBY-2965,LBY,Libya,Al Kufrah,770787839.2985791,3.844345904511577e-06,4.764790919675241e-05,11.394282507418142,422758.38245084026,1823.234905077746,55569.09512595227
MOZ-5854,MOZ,Mozambique,Maputo,769127462.9909515,3.836064688160285e-06,4.2496484857741145e-08,-0.9889218539538962,31.387766885785826,24504051.715104856,852170.875
SVN-204,SVN,Slovenia,Dobrova-Polhov Gradec,766356538.2772473,3.822244551759933e-06,5.743849798033606e-06,0.5027426215805262,121.96246974721274,6283543.94483522,15106.663879394531
AZE-1699,AZE,Azerbaijan,Cəbrayıl,765406021.076755,3.8175037959765966e-06,3.533037776939929e-06,-0.0745162373738768,888.8928057803078,861077.9793687825,57096.76444149017
AZE-1686,AZE,Azerbaijan,Samux,759223690.4117937,3.786669088472897e-06,1.633799537896479e-05,3.3146086962549033,1389.5350992253866,546386.8389039127,32597.47956962511
AZE-2420,AZE,Azerbaijan,Babək,757636521.809375,3.7787529994982316e-06,3.3099034356808795e-06,-0.12407520784756476,945.7313681255207,801111.7610606937,47995.781634390354
MKD-2911,MKD,Macedonia,Štip,756040073.0059977,3.770790625020955e-06,2.6504085205292317e-06,-0.2971212713475697,616.5133314545404,1226315.8547152122,46245.60516583361
AFG-1748,AFG,Afghanistan,Sari Pul,754996146.4880683,3.7655839852308608e-06,4.321936370895493e-06,0.14774664111774505,16229.980041951414,46518.61213239614,761423.7132346537
GRL-2743,GRL,Greenland,Qaasuitsup Kommunia,753964309.8895795,3.7604376445657886e-06,0.00034192855588733006,89.92786218153392,577873.7268236579,1304.7215592129817,2526.83660524711
SVN-961,SVN,Slovenia,Litija,753665407.319943,3.758946851884788e-06,1.3485932320260035e-05,2.587689012814321,328.76459589909405,2292416.5701566646,14218.176879882812
LVA-1064,LVA,Latvia,Kraslavas,753324496.9192446,3.7572465428815706e-06,4.478607196933924e-06,0.19199183386542296,1117.3253879217848,674221.2296101331,15548.737868845465
LBR-786,LBR,Liberia,Grand Cape Mount,753153366.07811,3.7563930185851177e-06,8.509790865130288e-06,1.2654154725097384,5485.463710795458,137299.85390221345,207039.194696486
BWA-5503,BWA,Botswana,Lobatse,749555423.865963,3.738448087823725e-06,3.399209350826443e-08,-0.9909074319852192,14.243957526453967,52622694.39331618,65671.2890625
DZA-2150,DZA,Algeria,Tindouf,749478342.8780876,3.738063642240977e-06,1.793143359084945e-05,3.7969845639384348,152339.02363578288,4919.8053459366065,100881.02267005792
SVN-964,SVN,Slovenia,Logatec,747141724.6032633,3.726409632619597e-06,1.2058926955398512e-05,2.2360712171413395,175.86539773671342,4248372.529323834,14378.68248271942
LIE-4892,LIE,Liechtenstein,Triesenberg,746541869.503825,3.723417822970752e-06,1.6711753875268805e-06,-0.5511716742566584,19.56359693283003,38159744.96239182,2821.7080078125
PHL-2590,PHL,Philippines,Camiguin,739536200.8954153,3.6884766730849243e-06,8.03490330120192e-07,-0.7821620139329285,99.20608164399245,7454545.010146552,56682.98002624512
TTO-60,TTO,Trinidad and Tobago,Point Fortin,739271559.4755483,3.6871567597355443e-06,3.5029400428506075e-07,-0.9049961726308091,17.49199317327767,42263426.02310899,25834.80810546875
SVN-945,SVN,Slovenia,Crnomelj,738126488.3417646,3.681445655720798e-06,2.5156412472317773e-06,-0.3166702750799578,245.4189985949572,3007617.5543360375,13313.66942369938
MDA-1623,MDA,Moldova,Ungheni,736903593.3665985,3.675346401101387e-06,8.435919047830868e-06,1.2952718267053371,1146.0955560417801,642968.7206114035,82686.18907403946
MDA-1647,MDA,Moldova,Străşeni,732599653.9268254,3.6538802711043e-06,5.206682714312028e-06,0.4249735426438672,719.2819837699618,1018515.2283212516,87593.36808156967
LVA-1093,LVA,Latvia,Valmiera,732114556.4677132,3.651460821373588e-06,1.007595324490452e-08,-0.997240569257672,10.6953813166054,68451468.42320144,21403.869140625
SVN-1047,SVN,Slovenia,Ormož,729941618.2930948,3.640623175076582e-06,5.875527763450902e-06,0.6138796796313057,226.60103270775622,3221263.4230775503,13843.496643066406
SVN-1006,SVN,Slovenia,Zasavska,729862989.6232083,3.6402310103463623e-06,5.3250927156362335e-06,0.46284472070621674,98.09560406065157,7440323.1073631095,14352.760711669922
UGA-3081,UGA,Uganda,Koboko,729251878.752526,3.6371830619315977e-06,4.131922355283249e-06,0.13602265405055247,743.378240627399,980997.0737602562,266383.7807312012
MDA-1645,MDA,Moldova,Rezina,725177881.1178603,3.6168637790844924e-06,2.4094732670349825e-06,-0.33382250087260046,706.3389616282916,1026671.2166721488,87147.72448587418
GMB-2152,GMB,Gambia,Upper River,724987211.4175763,3.6159128036746206e-06,4.064950841845862e-06,0.12418386796133829,1834.9050506024892,395108.84292324964,284071.47806835175
AZE-1695,AZE,Azerbaijan,Astara,723851464.8913698,3.6102482066428895e-06,2.8808425418252312e-06,-0.20203753954521608,459.0045613285047,1577002.7705091084,68064.63861650229
TON-4945,TON,Tonga,Tongatapu,721690393.3290638,3.5994697457145645e-06,1.0318401210210276e-06,-0.7133355205306254,115.06398715731598,6272078.7898855405,35804.53369140625
BHS-5015,BHS,The Bahamas,Central Abaco,720937937.3500252,3.595716830951438e-06,3.978664421119291e-06,0.10650104225991686,551.6395666133081,1306900.3403365242,8485.163646496832
SVN-265,SVN,Slovenia,Ljutomer,719137825.7362603,3.5867386772271415e-06,2.6286789425711623e-06,-0.2671116635117231,113.38095553681755,6342668.593075481,14210.893920898438
MDA-1634,MDA,Moldova,Criuleni,717548415.9655052,3.578811410304569e-06,6.882048073351734e-06,0.9229982483950023,802.8702152102363,893729.0266492337,84898.88021504879
GNB-773,GNB,Guinea Bissau,Quinara,711268084.5890163,3.547487918968546e-06,7.193000341455061e-06,1.0276320894551403,2429.699225736565,292739.14937903266,74947.34891462326
LVA-5772,LVA,Latvia,Olaines,708301229.7054197,3.5326905702825392e-06,2.850189196867221e-06,-0.19319591111562673,226.51768917141973,3126913.5417031604,19037.253798007965
MDA-1629,MDA,Moldova,Anenii Noi,707594215.3896223,3.5291642982647553e-06,7.447211951226695e-06,1.1101913432844124,738.1879259809613,958555.6610795502,83123.21847820282
SVN-992,SVN,Slovenia,Slovenske Konjice,705659471.7388883,3.5195146599975666e-06,2.6375146073529327e-06,-0.25060275005225974,87.64066054115058,8051736.116337857,13954.229248046877
DJI-1569,DJI,Djibouti,Dikhil,705018485.476159,3.5163177064542754e-06,8.692195997363881e-06,1.4719597951599117,7076.553065961375,99627.38622951027,81546.18628103659
SYR-135,SYR,Syria,Tartus,701865479.0418675,3.5005919168730626e-06,1.1591298757737162e-05,2.3112396511762503,1954.6341986883629,359077.66246638226,594326.62109375
AZE-5564,AZE,Azerbaijan,Şəki,701801465.7553606,3.5002726471554176e-06,1.2568918418747035e-07,-0.964091601752905,20.873446670370623,33621733.7193072,84712.685546875
BMU-5142,BMU,Bermuda,Smith's,700570620.04209,3.4941337378010573e-06,7.079734385751515e-07,-0.7973822722021234,5.243900034826114,133597249.259028,3270.7165315536854
UGA-5618,UGA,Uganda,Lyantonde,698289577.1788132,3.482756913541046e-06,3.654434891103724e-06,0.049293700888279,989.6932920792156,705561.5944529629,142825.63836669922
PAN-1419,PAN,Panama,Kuna Yala,697388000.3973062,3.4782602507359562e-06,3.268497274034669e-05,8.396931334689794,2881.383118135417,242032.37535749693,14507.370032429695
PNG-1251,PNG,Papua New Guinea,Manus,696999366.31344,3.4763219172899795e-06,1.2676424409976872e-05,2.6465047574935108,1833.9039957381908,380063.1701186085,31834.622413784266
UGA-5620,UGA,Uganda,Kalungu,695721235.7321026,3.4699471721068346e-06,2.9943935092977877e-06,-0.1370492515366759,725.2550012186139,959278.0946882311,206791.16029775143
UGA-5624,UGA,Uganda,Buhweju,695626249.4652061,3.469473422979629e-06,4.154832393971747e-06,0.1975397668282246,908.2001400014765,765939.3770453231,189138.65954589844
MDA-1649,MDA,Moldova,Causeni,691885964.9394153,3.4508185522547397e-06,5.897557623017779e-06,0.7090315047611986,1220.976699563011,566665.985671178,74091.36390203238
AZE-1721,AZE,Azerbaijan,Zərdab,688964887.5468576,3.4362495212733225e-06,3.3558217716056358e-06,-0.02340567795492443,582.9860450973453,1181786.2422964452,54455.78355103731
AFG-1770,AFG,Afghanistan,Laghman,688550835.6770138,3.4341844152494156e-06,3.748810968802171e-06,0.09161609148176897,3856.9138960365513,178523.7768425641,694412.7284500003
MLT-5923,MLT,Malta,Rabat,688121141.7048289,3.4320412933967597e-06,1.6180690222833548e-06,-0.5285403397107965,22.94965279671965,29983945.63089803,15428.03125
MDA-1633,MDA,Moldova,Cimişlia,685609376.6034567,3.419513729535163e-06,7.785038114464238e-06,1.2766506381369345,1296.6308181742131,528762.2097158417,73631.03908336163
DJI-1566,DJI,Djibouti,Ali Sabieh,684189168.4428642,3.4124303647655574e-06,9.409842188358365e-06,1.757519182081491,1885.0608153688115,362953.36620691617,102460.03561627863
LSO-1202,LSO,Lesotho,Berea,680383602.1673132,3.3934498977941595e-06,3.0987027954989195e-06,-0.0868576555342202,2091.683561993202,325280.36961717275,309266.55186486244
BRN-1183,BRN,Brunei,Temburong,680041661.1255213,3.391744448412922e-06,1.2999178252728191e-05,2.8325936551059487,1258.3352522787538,540429.6350229521,11966.703517135233
SOM-2312,SOM,Somalia,Bakool,677651875.7004472,3.379825264763235e-06,5.315091498494011e-06,0.5725935757410661,26088.06579392937,25975.550700203123,521201.569651898
MDA-1619,MDA,Moldova,Drochia,672616046.5752096,3.3547087955010264e-06,2.083712727714306e-06,-0.3788692686206455,589.5700531059251,1140858.5680900656,79478.56789457798
UGA-5605,UGA,Uganda,Kole,669953796.279536,3.34143067861964e-06,3.1470737652847525e-06,-0.058165777485223,716.1124964843015,935542.6690200521,203008.75927734375
UGA-3087,UGA,Uganda,Maracha,668551413.0062969,3.3344362164367152e-06,1.5269243005959988e-06,-0.5420742214023458,492.2360359449662,1358192.7453215623,253279.1181640625
AFG-1746,AFG,Afghanistan,Jawzjan,666918496.048132,3.326291955071303e-06,4.013613684381925e-06,0.20663301315530136,11094.843260091935,60110.67307701701,672596.2245608158
CAF-795,CAF,Central African Republic,Lobaye,664976308.6177686,3.316605190551892e-06,3.471526008158769e-06,0.046710660059329445,18851.722007761753,35274.0353557081,334582.71717153117
SVN-1012,SVN,Slovenia,Idrija,663457177.3235729,3.3090284413201303e-06,1.6416897773795735e-05,3.9612440826426516,275.4184687258548,2408905.911041002,11854.600553512571
AZE-1712,AZE,Azerbaijan,Siyəzən,662978177.9057612,3.306639405899173e-06,3.303503626691978e-06,-0.000948328142947874,840.4189332059422,788866.3043045704,43673.54864220787
SVN-1018,SVN,Slovenia,Tolmin,661585447.0356984,3.299693085597486e-06,1.9524940729673757e-05,4.917199031296668,460.8584006276104,1435550.3689088277,11254.704195857048
AFG-1743,AFG,Afghanistan,Bamyan,659726515.6031108,3.2904215648556186e-06,3.816934805134628e-06,0.16001391612023208,17704.333346375664,37263.56156404875,665343.0160756707
SVN-960,SVN,Slovenia,Laško,655854348.2130349,3.271108921234816e-06,7.416469432873709e-06,1.267264591750144,240.66146422772775,2725215.481912084,12299.143173217772
COL-1342,COL,Colombia,San Andrés y Providencia,653394885.7791151,3.2588422197469674e-06,1.583645095948865e-07,-0.9514046710714388,20.494899086407425,31880854.012716655,63125.45556640625
AZE-1740,AZE,Azerbaijan,Zəngilan,652350175.7200081,3.2536316720030063e-06,2.544339189874636e-06,-0.2180002390042246,716.5000916834081,910467.6793373738,47706.07539176941
MDA-1620,MDA,Moldova,Făleşti,649970224.0418317,3.2417615346961455e-06,9.532792637215413e-06,1.940621182399505,1127.7091448213487,576363.3531098126,70002.11552906036
AFG-1762,AFG,Afghanistan,Kunar,649462328.6392298,3.2392283789931572e-06,8.10467083083302e-06,1.5020374862707824,4559.108577499727,142453.7971840546,654991.4462196827
MDA-1622,MDA,Moldova,Sîngerei,648275702.6911916,3.2333100181019435e-06,4.462754569936347e-06,0.3802433249367554,974.5069467693905,665234.5628117939,72341.84922254086
MUS-5183,MUS,Mauritius,Curepipe,647417196.9337947,3.229028174351721e-06,3.122324463554272e-07,-0.9033045147033711,11.683264627765046,55414065.97906039,34527.3515625
SVN-208,SVN,Slovenia,Lenart,646751248.6343409,3.2257067213044707e-06,4.525092105158278e-06,0.40282192279660745,158.42113604261314,4082480.8153147795,12585.284362792969
LVA-1063,LVA,Latvia,Balvu,645057255.5503036,3.2172578394684314e-06,9.687741551811676e-06,2.0111797173870047,1032.6907349605135,624637.399864896,12640.458657979963
SVN-943,SVN,Slovenia,Cerknica,643745665.7951462,3.210716214851952e-06,8.025348732115466e-06,1.4995509397536462,242.66273384401532,2652841.0670958185,11786.34066516161
AZE-1677,AZE,Azerbaijan,Daşkəsən,642116399.3932838,3.2025901608329137e-06,1.2087867417251992e-05,2.774403470379813,940.6040309156817,682663.8822376521,35597.24925339222
UGA-3114,UGA,Uganda,Sironko,639560438.871185,3.1898421699277047e-06,2.9506442932617516e-06,-0.0749873705103643,403.5525107399807,1584825.8203088476,278164.48097899556
MNG-3323,MNG,Mongolia,Bulgan,639157200.1388036,3.187830995009868e-06,6.482566613948957e-06,1.0335352231961372,48493.6276499956,13180.230704783366,51111.8690942619
BLZ-1355,BLZ,Belize,Stann Creek,638652989.0114169,3.1853162148281487e-06,6.575741145129891e-06,1.0643919478131494,2501.102043542806,255348.6334794906,45283.3751578033
MNG-3325,MNG,Mongolia,Dundgovi,636451643.8344278,3.1743368870752935e-06,5.63637649767025e-06,0.7756075357406003,74686.15551944922,8521.68168796274,33530.8670763392
SVN-986,SVN,Slovenia,Šentilj,636194526.3190871,3.1730544996053803e-06,2.7756361634406606e-06,-0.1252478758918717,83.60863472965065,7609196.446948674,12706.817993164062
MNE-1496,MNE,Montenegro,Bar,630390667.7726128,3.1441074421974593e-06,4.267110456783215e-06,0.3571770479322023,635.8124816699375,991472.6211679826,36555.031385190785
MDA-1653,MDA,Moldova,Soroca,629603947.7199583,3.140183633519871e-06,4.291630463204276e-06,0.3666813677369989,968.5690183392575,650035.1919159044,72593.72716355324
NZL-5470,NZL,New Zealand,Chatham Islands Territory,628622086.673318,3.135286548614009e-06,4.525402798373137e-06,0.44337773540145653,596.8303813890069,1053267.5719528925,277.6528189480305
AZE-5563,AZE,Azerbaijan,Shirvan,625302755.2294219,3.118731204080199e-06,8.632916755747411e-08,-0.9723191381660174,9.304555984668523,67203932.81095384,74609.6630859375
DZA-2188,DZA,Algeria,Illizi,621505389.4547914,3.099791637549262e-06,1.5060457140504514e-05,3.8585385411296613,195857.14774683258,3173.258656141348,83655.65179960197
CAF-794,CAF,Central African Republic,Basse-Kotto,621346813.1933239,3.0990007298957622e-06,2.867993813174522e-06,-0.0745423886134452,16603.370694792757,37422.9320428408,329946.6042865687
COM-4936,COM,Comoros,Andjouân,616777591.4259603,3.0762114899874705e-06,2.8497473792656236e-06,-0.07361786127480108,396.4656983091249,1555689.6701440685,47550.598693847656
LVA-5798,LVA,Latvia,Smiltenes,615868533.2495948,3.0716775133221747e-06,2.7732188544124953e-06,-0.09716471133940141,906.5982307300685,679318.0400910843,12036.77547955513
LCA-5081,LCA,Saint Lucia,Gros Islet,615806722.2778704,3.071369227768242e-06,1.922822128533335e-07,-0.9373952792406363,19.978089881714407,30824104.102239896,29938.9853515625
LVA-5778,LVA,Latvia,Siguldas,615633517.5906916,3.0705053600528354e-06,3.604923521772682e-06,0.1740489264967937,365.75739496455697,1683174.492344436,15740.847146987917
NCL-1258,NCL,New Caledonia,Îles Loyauté,614704199.1135893,3.0658703340453077e-06,1.405506780909219e-05,3.5843647244360213,1990.2516394022762,308857.5268292208,6356.027963809669
LSO-1215,LSO,Lesotho,Thaba-Tseka,614669283.6348583,3.0656961912127145e-06,6.099366086959581e-06,0.9895533368382536,5216.260295977187,117837.15703545223,160338.9824914001
LVA-1065,LVA,Latvia,Ludzas,613859887.3359193,3.0616592835342225e-06,5.4849980580317006e-06,0.7915115792048879,932.2495102542813,658471.6651323123,11901.33606249094
MKD-2939,MKD,Macedonia,Kočani,613149806.1552037,3.0581177153623132e-06,1.4748199610188147e-06,-0.5177360395219175,347.45677419588185,1764679.3837138861,41994.52907927334
CPV-5059,CPV,Cape Verde,São Vicente,612716887.9485077,3.055958512466202e-06,9.208077743623529e-07,-0.6986844649212047,116.20258738916708,5272833.434392424,92581.94297522306
LBR-792,LBR,Liberia,River Cess,610591913.40748,3.0453600873776266e-06,5.685899400704875e-06,0.8670696527060051,5224.529472211878,116870.22087923592,103020.0509592928
LVA-5767,LVA,Latvia,Kekavas,606934456.7456408,3.027118325089751e-06,1.6406334402844396e-06,-0.45802137079137917,433.384522822964,1400452.5422186598,16078.005986213684
MNE-1510,MNE,Montenegro,Bijelo Polje,606148183.466275,3.023196744718027e-06,3.6363530382240615e-06,0.20281719824464273,822.7512183868913,736733.2553511204,34039.71409393102
AFG-1768,AFG,Afghanistan,Kapisa,602142578.4090457,3.0032185735381813e-06,2.554916103861253e-06,-0.14927400676960045,1769.9065730043105,340211.5047162883,607268.8451213837
AFG-1759,AFG,Afghanistan,Paktika,600447865.065654,2.9947660993697803e-06,1.6256983577136497e-05,4.428465208203614,19069.000870707154,31488.166010209377,605559.7040445767
SVN-229,SVN,Slovenia,Hoce-Slivnica,600244119.3037186,2.9937499063974433e-06,1.4457405100573407e-06,-0.5170803990781294,48.68431134464365,12329313.134461306,12079.33724975586
LVA-5794,LVA,Latvia,Priekulu,599604308.0319666,2.990558813184999e-06,9.035711482835578e-07,-0.6978587599415114,377.7964890519688,1587109.2649288394,15706.434120178224
VCT-5067,VCT,Saint Vincent and the Grenadines,Saint George,597286049.2222784,2.9789963723858127e-06,2.397647624729935e-07,-0.9195149196234264,23.39727112412429,25528021.881425004,14874.4375
VEN-65,VEN,Venezuela,Delta Amacuro,593883392.1870975,2.9620254369730813e-06,3.101197556093886e-05,9.469854571076965,34946.68105000307,16993.985532913586,199524.90557721187
AZE-1736,AZE,Azerbaijan,Qubadli,593589744.9925294,2.9605608557585714e-06,2.8138664937148947e-06,-0.04954951753764569,801.0050617232507,741056.1722487793,40731.841651916504
ETH-3136,ETH,Ethiopia,Harari People,589393371.4347997,2.9396312163974477e-06,1.1924141763160847e-06,-0.5943660654898739,325.16634730131346,1812590.3136238197,299563.01080322266
MKD-2948,MKD,Macedonia,Gjorče Petrov,588814733.7310889,2.9367452296537013e-06,9.007117726691821e-07,-0.6932959101885071,41.444359025618105,14207355.296944594,49766.8701210022
AFG-1753,AFG,Afghanistan,Uruzgan,585358596.3714148,2.919507558239239e-06,3.1021446325847234e-06,0.06255749324233073,17262.79272681157,33908.68474382303,590341.9747189283
TZA-3380,TZA,United Republic of Tanzania,Kaskazini-Pemba,584749660.9463294,2.9164704599766748e-06,2.6081636272782865e-06,-0.10571231114093094,331.9969438439661,1761310.3728483522,233994.38806152344
LIE-4897,LIE,Liechtenstein,Gamprin,580169201.9017538,2.893625173542445e-06,1.0057126996974052e-06,-0.6524385020931416,7.769272816392436,74674839.66808982,2192.868410689962
MKD-2908,MKD,Macedonia,Saraj,578804586.6669786,2.886819081487573e-06,3.447580912732716e-06,0.1942490386187219,258.27359362147297,2241052.1282918197,42724.47750874609
MDA-1615,MDA,Moldova,Edineţ,578562935.230578,2.8856138319202063e-06,4.220438857510938e-06,0.46257923039635696,830.5064017294912,696638.7423694114,63544.07661730051
VEN-42,VEN,Venezuela,Vargas,576869446.4340303,2.8771674652452095e-06,9.192176350419567e-06,2.194870114950419,1205.4824075216804,478538.25392607844,193808.7903186679
SYC-5218,SYC,Seychelles,Port Glaud,576833026.14156,2.8769858170729616e-06,3.906314574612764e-07,-0.8642219731695779,23.15042954791509,24916731.024263397,16108.611328125
UGA-5622,UGA,Uganda,Mitooma,576207748.2789375,2.8738672100221003e-06,2.0559668997330903e-06,-0.284599200490798,462.804054428234,1245036.085500173,210188.26611328125
AFG-1771,AFG,Afghanistan,Logar,576002145.4061476,2.8728417546092533e-06,6.846051998202149e-06,1.3830243998710285,4612.594702521817,124875.94999214503,580905.8687602282
LBR-1458,LBR,Liberia,River Gee,575910318.2168759,2.872383761552019e-06,3.892808333381501e-06,0.3552535651705959,5037.049114215854,114334.86256695575,93983.18465179203
AZE-2421,AZE,Azerbaijan,Culfa,575329448.8657755,2.8694866443466004e-06,3.39001338275543e-06,0.1814006485913986,1050.0105849531512,547927.2848391763,28849.14854991436
MNE-1509,MNE,Montenegro,Berane,573991368.2166414,2.8628128949681908e-06,5.379076409465284e-06,0.8789479462383978,855.6577535972157,670818.8709838265,32243.85075801611
MRT-2785,MRT,Mauritania,Dakhlet Nouadhibou,572143881.5857946,2.8535984557920365e-06,1.805721426255988e-05,5.327874976911555,17119.523753197485,33420.54894949591,134312.51082102465
MUS-5194,MUS,Mauritius,Rodrigues,570344791.333276,2.844625396162022e-06,3.310706444063249e-07,-0.883615380481027,42.7485056929201,13341864.986586774,23821.857391357426
BLZ-1325,BLZ,Belize,Corozal,568691861.8258169,2.836381321128055e-06,8.330359713618052e-06,1.936967484437174,2060.2628573790676,276028.78913677536,41606.25828740001
UGA-5623,UGA,Uganda,Sheema,567365558.244837,2.8297663105120094e-06,2.4211618600028904e-06,-0.14439512160111456,499.7757523875494,1135240.266328238,192918.95556640625
BMU-5139,BMU,Bermuda,Pembroke,563953129.9760084,2.812746640544656e-06,1.2955299335439042e-06,-0.539407526127899,3.1818119112538974,177242761.57912934,2632.8977728514456
MDA-1635,MDA,Moldova,Floreşti,563593299.8789401,2.810951968535763e-06,3.3047954941304186e-06,0.1756855083695723,755.8666218545634,745625.3306914527,64084.095771074295
MLT-5978,MLT,Malta,Xagħra,562117346.832656,2.8035905731433588e-06,4.84714235328022e-08,-0.9827109478833579,9.003346326522351,62434269.04247285,12765.306640625
SVN-218,SVN,Slovenia,Ribnica,561725863.57035,2.801638029266304e-06,2.931487676275353e-06,0.0463477600077602,161.14679142884458,3485802.345735092,10637.177003860474
UGA-5590,UGA,Uganda,Ngora,559460173.7060212,2.7903377789162828e-06,3.18396755763515e-06,0.14106886330863722,679.8762742748337,822885.2732105557,160004.5605416298
AZE-2418,AZE,Azerbaijan,Ordubad,557478247.3521345,2.780452814373327e-06,2.4441272107368944e-06,-0.1209607305320286,799.9789935503643,696866.1075436567,32552.887149527203
BLZ-1356,BLZ,Belize,Toledo,555613269.6938784,2.7711511377549638e-06,1.7776533287816207e-05,5.414855200650582,4304.126835676064,129088.49829621862,26227.41050797701
AFG-1773,AFG,Afghanistan,Samangan,554875487.8704015,2.7674714111338383e-06,3.508658735105155e-06,0.26782113122810935,13052.716039695677,42510.34697935085,559599.3520264253
SVN-940,SVN,Slovenia,Brezovica,552211345.4096229,2.7541838569769777e-06,6.719868719551498e-06,1.4398765908559565,97.72680482980202,5650561.750906899,10849.885559082031
LSO-3453,LSO,Lesotho,Mafeteng,550856488.5066557,2.7474264351281053e-06,2.9387548480606114e-06,0.06963913955482659,2272.5920814177225,242391.2733881446,212547.2588815689
SVN-953,SVN,Slovenia,Ig,548215875.867011,2.7342562372227288e-06,4.938151581987157e-06,0.8060310203417491,80.52422511134198,6808086.325686279,10733.199363708496
MKD-2935,MKD,Macedonia,Karpoš,548088857.0500005,2.7336227240248378e-06,5.364845171165105e-07,-0.8037459549916897,41.49024703140491,13210064.925261583,47169.5107421875
SMR-4883,SMR,San Marino,Borgo Maggiore,546737585.4891713,2.7268831842631775e-06,9.280791493377862e-07,-0.6596556997037042,12.898796228139117,42386713.90873255,7248.2158203125
GNQ-1471,GNQ,Equatorial Guinea,Wele-Nzás,543714010.9007543,2.711802942991411e-06,1.955049776357271e-06,-0.27905905500617223,5815.4917024290935,93494.07388435418,40118.16405254183
LSO-1204,LSO,Lesotho,Mohale's Hoek,539517208.4412729,2.690871164459677e-06,4.622363275607496e-06,0.7177943472948323,3586.633287214249,150424.41343656793,181693.8851917982
MKD-2905,MKD,Macedonia,Radoviš,537678223.4021459,2.6816991274305778e-06,2.6186207079409236e-06,-0.023521810796907516,457.94549249766703,1174109.6532463087,29513.9636300914
MDA-1618,MDA,Moldova,Bălţi,537076773.1737249,2.678699361989932e-06,3.4122374592403196e-07,-0.8726158856175087,50.35582791155932,10665632.866110368,71997.14485359192
CAF-807,CAF,Central African Republic,Nana-Grébizi,536014830.1546664,2.6734028639291206e-06,2.728915893593897e-06,0.02076493236907373,19610.40296741276,27333.18795362745,162293.35969589464
TZA-3383,TZA,United Republic of Tanzania,Kaskazini-Unguja,534962440.5390063,2.6681540139828175e-06,2.561579237349136e-06,-0.039943262673429625,376.93901204879273,1419228.107038595,209816.9568786621
SVN-979,SVN,Slovenia,Race-Fram,534006554.29572725,2.6633864798091167e-06,1.511769004547875e-06,-0.43238842127927957,51.19795862475889,10430231.373277573,10748.564575195312
VCT-5063,VCT,Saint Vincent and the Grenadines,Charlotte,533090127.6919617,2.6588157527149045e-06,1.030917367707562e-06,-0.6122644577177275,98.12562000348835,5432731.305779371,13275.74249649048
SVN-993,SVN,Slovenia,Šmarje pri Jelšah,530547807.1441176,2.646135791916672e-06,1.6863323665610652e-06,-0.3627188855113115,49.0894670394618,10807772.810359163,10289.444091796877
LVA-1077,LVA,Latvia,Valkas,528613306.2769001,2.6364873645453617e-06,3.763705939909809e-06,0.42754560121278096,948.0231336447534,557595.3661010385,10080.35862905532
VEN-38,VEN,Venezuela,Amazonas,527182405.1308146,2.629350667934112e-06,1.7489895378746747e-05,5.6517926239517555,179140.8977255647,2942.8366823216043,177115.6105550016
SVN-990,SVN,Slovenia,Škofljica,525289374.75343347,2.619909076866687e-06,2.919497248076915e-06,0.11435059859730878,40.09003186144208,13102742.76081701,10589.7001953125
UGA-5612,UGA,Uganda,Kween,521389215.8097959,2.6004568238633685e-06,2.6442256308660955e-06,0.016831199272788533,684.2099708128455,762031.0110219271,108147.95905721188
MNE-1516,MNE,Montenegro,Pljevlja,520971679.748975,2.598374340249118e-06,3.5675423145783665e-06,0.3729901266791027,1389.4898228784994,374937.38433414215,26042.726524487138
BTN-2438,BTN,Bhutan,Samchi,520806697.6119699,2.5975514829460108e-06,1.0289377887814391e-05,2.96118342807385,1589.0611462420563,327744.9070123052,108153.13355898856
LVA-5750,LVA,Latvia,Livanu,519110569.0513862,2.5890919503055647e-06,2.30412374847061e-06,-0.1100649213332584,677.3768210240481,766354.1959800198,11429.10698049274
AND-4882,AND,Andorra,Sant Julià de Lòria,519023533.18344975,2.588657854221808e-06,3.115313589658097e-07,-0.8796552590147294,8.69854752967037,59667838.959674925,7110.288652420044
FSM-4941,FSM,Federated States of Micronesia,Pohnpei,518190825.5113953,2.5845046798131e-06,2.1701309526752037e-06,-0.16033003552845648,274.78468534656025,1885806.7903524158,36235.24203491211
SOM-2315,SOM,Somalia,Jubbada Dhexe,517503261.72328264,2.5810754183507933e-06,5.76710864828304e-06,1.2343820747275944,18928.871413445086,27339.361677722773,398026.65938370675
MLT-5977,MLT,Malta,Żebbuġ,517439502.13013,2.58075741394243e-06,1.7276302740224755e-08,-0.9933057238751344,6.242808388320753,82885693.41615106,11756.16778933859
LVA-5759,LVA,Latvia,Engures,514433613.9601997,2.565765384636406e-06,3.2499295077089636e-06,0.26665108476763955,373.94965685877116,1375676.1225067386,12316.420634746552
SVN-1027,SVN,Slovenia,Izola,514104977.1421279,2.5641262907882523e-06,7.213351324127995e-08,-0.9718681901509988,10.16270109379271,50587434.619733006,10512.72998046875
UGA-3112,UGA,Uganda,Kapchorwa,513643214.9873735,2.561823227146117e-06,2.7664964928856124e-06,0.0798935943630672,516.7285304888487,994029.1365399228,169942.88770902157
MDA-1628,MDA,Moldova,Stîngă Nistrului,510674816.4460614,2.54701817938403e-06,4.399925899289856e-06,0.7274811522365865,603.9980749644224,845490.801400554,59720.62835860253
MDA-1632,MDA,Moldova,Călărași,508918268.4450698,2.5382573015271153e-06,4.255347378461447e-06,0.6764838520906697,678.6374348327967,749911.8709395357,57213.20810985565
LVA-5761,LVA,Latvia,Ikskiles,508141767.3087113,2.5343844602454924e-06,8.922536252312793e-07,-0.6479406975432404,92.86514340189389,5471824.504804978,14253.325378417969
UGA-5595,UGA,Uganda,Kibuku,507099005.6434853,2.529183630221058e-06,2.9736557803948526e-06,0.1757373979741228,447.71437416021234,1132639.5463506437,201455.5301513672
LBR-789,LBR,Liberia,Margibi,504998612.635512,2.5187078068538717e-06,4.2176879278932236e-06,0.6745443502482151,2261.572434107683,223295.35195045045,225803.31513023376
AFG-1752,AFG,Afghanistan,Uruzgan,504634002.48715687,2.516889294081475e-06,2.3691892389400535e-06,-0.05868357241168365,11503.011107007429,43869.73095937835,508930.14194253087
MDA-1648,MDA,Moldova,Teleneşti,504550611.9757534,2.516473379409961e-06,4.648418372748219e-06,0.8471955279885126,1023.9201184189928,492763.6471825715,54490.57920360565
MDA-1613,MDA,Moldova,Briceni,503825159.5995807,2.5128551465719914e-06,5.009922943244465e-06,0.9937173657140344,835.1800508612134,603253.3452877027,56495.45605480671
CPV-5048,CPV,Cape Verde,Santa Cruz,499220497.3463058,2.4898891453294894e-06,6.155237048226557e-07,-0.7527907192264968,81.89922083152692,6095546.359021428,75432.56033325195
NLD-5148,NLD,Netherlands,St. Eustatius,499171643.4428128,2.4896454838519243e-06,1.0632651212753341e-07,-0.9572925089868508,13.921936122336454,35855044.80529387,4595.24462890625
MKD-2894,MKD,Macedonia,Resen,498569729.237694,2.486643404302484e-06,4.09998943647735e-06,0.6488047419197276,737.853012931776,675703.3182756593,16154.93572500348
MDA-1617,MDA,Moldova,Rîşcani,496578105.6823288,2.4767100744443423e-06,7.112347433959717e-06,1.8716915667068519,1247.8945390972879,397932.7500235297,50263.9764084816
SVN-982,SVN,Slovenia,Rogaška Slatina,494812626.7910525,2.4679046532906356e-06,2.298652346229635e-06,-0.06858138009315884,69.48697431239194,7120940.747348244,9824.558837890623
AZE-2423,AZE,Azerbaijan,Şahbuz,493102935.68710893,2.459377476733976e-06,1.8735796068237589e-06,-0.23818949122366917,660.5892172576613,746459.2560777075,27124.543832540512
AND-4879,AND,Andorra,Canillo,491155878.1978538,2.449666422533279e-06,2.174648671082699e-07,-0.91122674291164,79.59763356641213,6170483.420063724,6728.51969909668
MDA-1651,MDA,Moldova,Ștefan Vodă,490586185.2763876,2.4468250483732233e-06,3.711539572574926e-06,0.5168798337431402,1082.5198884459085,453189.07348731015,48525.63711082935
CAF-802,CAF,Central African Republic,Sangha-Mbaéré,489747382.36006296,2.442641473605101e-06,5.816982353373759e-06,1.3814310926230444,18055.757486878083,27124.16705397068,147862.25355842058
LVA-5735,LVA,Latvia,Vecumnieku,489651431.1421557,2.4421629117327054e-06,1.0352552357588616e-05,3.2390916297404253,880.4564427247144,556133.622722835,8842.403999060392
GBR-2077,GBR,United Kingdom,Tower Hamlets,488414885.188464,2.4359955721219233e-06,5.717336619258904e-05,22.47022582754,20.962199365865818,23299792.00483053,6020.78946330182
LSO-1213,LSO,Lesotho,Mokhotlong,487453922.1333213,2.4312027170753433e-06,8.375541358981042e-06,2.4450197427619456,3863.0923402717776,126182.31178471592,133559.71220266074
SVN-223,SVN,Slovenia,Vojnik,487050006.11436105,2.4291881641541797e-06,2.703572389946706e-06,0.11295305560986213,74.68933210015294,6521011.668189274,9606.60791015625
SVN-985,SVN,Slovenia,Šenčur,485232861.84627914,2.420125059148184e-06,1.4645242044071351e-06,-0.39485598115222753,43.916178445498566,11049068.453177664,9771.932861328123
TLS-549,TLS,East Timor,Ermera,484450251.0700164,2.4162217457081456e-06,2.4079785966337153e-06,-0.0034115863285613113,808.1691905386833,599441.6227957257,132885.26724243164
SVN-217,SVN,Slovenia,Ravne na Koroškem,484256110.25832886,2.415253457943008e-06,2.1474153569432264e-06,-0.110894407425004,67.38969715420457,7185907.204037868,9640.706451416016
SVN-951,SVN,Slovenia,Hrastnik,479751875.4935158,2.3927883442136258e-06,8.920255143092589e-07,-0.6272024993491778,22.075357654846886,21732462.186775986,9567.676879882812
SVN-995,SVN,Slovenia,Šoštanj,473972528.1419265,2.363963537711683e-06,3.266259203124171e-06,0.38168764070105343,105.72957019436863,4482875.767588916,9218.402809143066
LVA-5766,LVA,Latvia,Keguma,469043697.0411905,2.339380726865333e-06,5.110968473464345e-06,1.1847527487810066,484.6141669409626,967870.3782061143,10537.430958271028
UGA-5626,UGA,Uganda,Bududa,468015699.2430173,2.3342535324237984e-06,1.8262018907913355e-06,-0.21765058275607352,197.32459529264773,2371806.203625623,230097.9974327087
SVN-1033,SVN,Slovenia,Piran,467660218.83246887,2.3324805547109305e-06,3.0328843806282264e-08,-0.986997171854219,28.6928096026883,16298864.604345078,9459.795776367188
UGA-5619,UGA,Uganda,Bukomansimbi,466598227.7295254,2.32718381682915e-06,1.9241337461790146e-06,-0.173192193816173,498.6817766136562,935663.2818989354,138994.48803710938
CAF-808,CAF,Central African Republic,Kémo,464487184.8160876,2.3166548764842843e-06,2.3585082431020314e-06,0.01806629336229104,16337.955987634814,28429.94467408464,156328.19051624974
TZA-3381,TZA,United Republic of Tanzania,Kusini-Pemba,462913061.2727195,2.308803850444941e-06,3.1887858447006853e-06,0.38114194676440727,414.6313983344431,1116444.7823590348,173340.66300201416
SVN-926,SVN,Slovenia,Cankova,462711325.49689305,2.307797682386688e-06,2.4888321227394924e-06,0.07844467551660839,87.98179879280663,5259171.0086146165,9045.141235351562
BTN-2439,BTN,Bhutan,Thimphu,461623990.50318,2.302374540483312e-06,2.0756611093956408e-06,-0.09846939631293872,1728.1692785080234,267117.3456466677,95862.97819872014
GNQ-1469,GNQ,Equatorial Guinea,Kié-Ntem,460447573.17497426,2.296507095633897e-06,3.0522082287401983e-06,0.3290654466267642,3253.61540284882,141518.7464295297,33974.31537146866
LBR-781,LBR,Liberia,Maryland,458561407.8540492,2.2870997444056674e-06,8.402085764130847e-06,2.673685760615674,2327.1947602353525,197044.70622290083,188446.09862864015
BIH-2891,BIH,Bosnia and Herzegovina,Bosnian Podrinje,455541067.8931329,2.2720356360129512e-06,2.1432116907968373e-06,-0.05669979078417042,465.55081822443657,978499.1241783662,23457.155822336674
LVA-5747,LVA,Latvia,Dagdas,449387998.8486563,2.2413468724190207e-06,5.432581418867452e-06,1.4238021725768064,1003.5317229684048,447806.47045156226,7546.198718070984
SVN-222,SVN,Slovenia,Videm,448915426.3837571,2.2389898917722145e-06,4.232536497065958e-06,0.8903776710290565,139.4879352784032,3218310.067374424,8727.888610839844
LSO-1205,LSO,Lesotho,Quthing,448841122.3408098,2.2386192963520105e-06,4.891824954180348e-06,1.1851973500594428,2835.796100746918,158276.9375494204,148632.23578453064
MDA-1621,MDA,Moldova,Glodeni,448636819.3039488,2.2376003239409375e-06,5.576964551316528e-06,1.492386371080868,730.6503508064095,614023.956614534,48159.683141708374
TZA-3337,TZA,United Republic of Tanzania,Zanzibar South and Central,447206405.5433271,2.230466058190965e-06,5.3438230502703475e-06,1.3958324900960353,816.2806001578825,547858.671952794,122453.91166687012
MKD-2960,MKD,Macedonia,Bogovinje,447161997.548831,2.230244570924217e-06,9.375823356786153e-07,-0.5796055966677773,102.25935571000171,4372822.3637252515,34515.2535533905
SVN-5885,SVN,Slovenia,Šmartno in Litiji,446725794.5232935,2.2280689848170383e-06,2.829022906359084e-06,0.26971962072861677,67.55802713996526,6612475.429422719,8575.071716308594
LBR-780,LBR,Liberia,Grand Kru,444602280.3639364,2.2174778434607793e-06,9.400711060328556e-06,3.2393709087334237,4063.2690663471662,109419.84719796786,65013.538761518896
SVN-261,SVN,Slovenia,Šempeter-Vrtojba,444439942.4235261,2.2166681742307464e-06,2.1001066581263474e-07,-0.9052584106840822,7.943585561208268,55949538.02649342,9064.9423828125
LVA-5749,LVA,Latvia,Ilukstes,444184578.6964264,2.2153945338742383e-06,3.3982602794324494e-06,0.533930064136088,764.986869916467,580643.4020820897,8263.331518650055
TLS-546,TLS,East Timor,Baucau,441317801.9170229,2.2010963301284737e-06,1.2856307713855526e-05,4.840865544083265,1752.5409064816502,251815.97775255336,121053.98628044128
SVN-247,SVN,Slovenia,Braslovce,441206843.9889196,2.2005429214799082e-06,2.7543450112512316e-06,0.25166611583239673,60.251644408577015,7322735.309878321,8754.450881958008
MKD-2906,MKD,Macedonia,Kriva Palanka,441017354.4616372,2.1995978322465093e-06,2.6317476308032413e-06,0.19646764159399344,505.85865628885233,871819.3293302273,20290.97024989128
MLT-5920,MLT,Malta,Attard,438549159.939947,2.1872875790001264e-06,4.4563724812311733e-07,-0.796260330648048,6.153762822873661,71265203.51253235,9963.788011745022
MKD-2918,MKD,Macedonia,Želino,436989484.1537959,2.1795086119288348e-06,1.543025058805133e-06,-0.29203075851139804,161.3897018262772,2707666.4694763445,31534.187965393063
MDA-1631,MDA,Moldova,Cantemir,435812394.52048194,2.1736378139214457e-06,3.8146290575242115e-06,0.7549515531487117,760.5827098247149,572998.0301825688,45065.157235622406
MLT-5964,MLT,Malta,Luqa,435702030.8596047,2.1730873692127093e-06,4.36672899043708e-07,-0.7990541451621842,7.760268864473936,56145223.63448302,9899.101556519594
LVA-5711,LVA,Latvia,Brocenu,433206347.87132454,2.160640015757205e-06,1.8377329353095718e-06,-0.14944973623219182,482.92173647323835,897052.9076512818,9321.623804330826
LVA-5714,LVA,Latvia,Aizputes,432243331.02483743,2.155836917315567e-06,2.56671641066949e-06,0.1905893205806808,607.5449393744547,711459.0263394957,8821.108821034431
LVA-5737,LVA,Latvia,Ozolnieku,431942700.1791327,2.1543375047644993e-06,8.125490253208061e-06,2.7716886213222645,325.6847819423415,1326260.003931049,10739.64517211914
SVN-956,SVN,Slovenia,Kidricevo,431095455.4304868,2.1501118259025445e-06,2.216540052015834e-06,0.03089524243019559,73.61133793910015,5856373.046596966,8453.794174194336
MDA-1642,MDA,Moldova,Nisporeni,430941493.6485988,2.1493439332147312e-06,8.428930996383525e-06,2.921629696451856,786.8760331099616,547661.226820435,45072.51864147186
VUT-561,VUT,Vanuatu,Sanma,430590177.2957128,2.147591723963955e-06,2.5413329544293352e-05,10.83340821289172,4260.35005630679,101069.20126394088,49780.578692846
MKD-2912,MKD,Macedonia,Studeničani,430104293.0492875,2.1451683500891002e-06,1.9890580607361073e-06,-0.07277297809587246,284.59814874976706,1511268.7659379567,27763.10305595398
KIR+00?,KIR,Kiribati,Kiribati,425076425.9131546,2.120091591676811e-06,3.748502712790693e-06,0.768085269290629,493.08069952915963,862082.8726799852,22640.639720916748
SVN-225,SVN,Slovenia,Komenda,423940426.6251602,2.1144257339820353e-06,7.988575862792234e-07,-0.6221869733042085,24.56495506488537,17257936.173926335,8613.81591796875
LVA-5765,LVA,Latvia,Kandavas,423050331.9843301,2.1099863389726165e-06,2.729974424201101e-06,0.29383511816022745,662.358793083112,638702.6735391226,8172.243878364563
UGA-5599,UGA,Uganda,Butambala,422852522.63067794,2.108999754156646e-06,2.6551388737312762e-06,0.25895646431358754,501.7861299710215,842694.7206673448,127267.3510131836
SVN-219,SVN,Slovenia,Ruše,422645295.85723126,2.107966199451722e-06,2.23140882328878e-06,0.058560058443615004,68.47593533900124,6172172.6583924275,8418.875259399414
LVA-5781,LVA,Latvia,Amatas,422566679.5438454,2.1075740963502155e-06,3.1178108087774702e-06,0.47933627300540893,751.8632710392352,562025.9637896239,7952.302040398121
MKD-2937,MKD,Macedonia,Aerodrom,422561924.7378407,2.107550381498918e-06,1.931277991130955e-07,-0.9083638517928381,17.085495983145098,24732201.228146937,36683.30078125
SVN-927,SVN,Slovenia,Gornja Radgona,417617719.69841874,2.0828908923045062e-06,2.6036811534983716e-06,0.2500324251827055,93.99986983220695,4442747.851075549,8145.542419433594
MKD-2944,MKD,Macedonia,Brod,416546944.0668955,2.0775503411128277e-06,5.662940629101384e-06,1.7257778148798373,846.1392525347986,492291.24262825097,5927.822756648064
MKD-2998,MKD,Macedonia,Gevgelija,414539845.188984,2.067539827249155e-06,3.550760101413055e-06,0.7173841367483174,418.87850149369643,989642.2082077713,19373.333092063665
SYR-143,SYR,Syria,As Suwayda',413760392.523388,2.0636522650563326e-06,1.152290556531418e-05,4.583743812090179,6657.006305707371,62154.12356882573,350364.5974532678
MKD-2959,MKD,Macedonia,Vrapcište,413700408.9520966,2.0633530937605814e-06,5.392307638799322e-07,-0.738662875728578,78.82614849194518,5248263.639246188,30719.154710769653
MKD-2922,MKD,Macedonia,Čaška,413003046.5692777,2.059874961278899e-06,5.460781285855055e-06,1.6510256149065774,797.8827067595836,517623.7598212828,7679.0063626766205
LVA-5732,LVA,Latvia,Jaunjelgavas,412900337.9665242,2.0593626965852667e-06,2.3057267524169395e-06,0.11963121223870932,644.6500233294555,640503.0993933695,7559.911901444197
MNE-1501,MNE,Montenegro,Rožaje,411104351.579961,2.050405117654045e-06,1.7808034411174314e-06,-0.1314870286926889,254.59133824826247,1614761.7370198048,23745.698078393936
TLS-547,TLS,East Timor,Bobonaro,408126743.4014196,2.0355541363297513e-06,6.317528543390472e-06,2.10359151379851,1446.514503156013,282144.9370268784,111949.64033126833
AFG-1755,AFG,Afghanistan,Zabul,405174223.48450786,2.0208282840629366e-06,3.2766628949889006e-06,0.6214454839285357,17030.40394593328,23791.22801613053,408623.62435569987
SVN-947,SVN,Slovenia,Dravograd,405094021.6578233,2.020428273128372e-06,3.406382736945163e-06,0.6859706341719423,100.42007582938732,4033994.3812238695,7786.479553222656
MKD-2955,MKD,Macedonia,Mavrovo and Rostusa,404894699.40381384,2.0194341426403028e-06,5.43852602726115e-06,1.6930940268993204,675.8198486563052,599116.3180673715,9341.679029464722
AZE-1737,AZE,Azerbaijan,Şuşa,404162148.32730985,2.0157805046517138e-06,1.5758833675243375e-06,-0.21822670479858697,376.10069215377416,1074611.5515311584,34203.10853385925
LVA-1089,LVA,Latvia,Preilu,403038865.81368,2.0101780725546896e-06,2.975411119689399e-06,0.48017290622816144,382.3862783431287,1054009.7504545364,9506.443747520449
SVN-1011,SVN,Slovenia,Gorenja vas-Poljane,401474767.3384546,2.0023770470831964e-06,5.3153441483976974e-06,1.654517118112397,139.8765871197327,2870207.056130108,7391.582702636719
MKD-2954,MKD,Macedonia,Kičevo,400750835.72169167,1.9987663991147726e-06,1.9274458777249337e-07,-0.9035682269534562,39.846379099043936,10057396.551028326,33714.6298828125
SVN-967,SVN,Slovenia,Medvode,400385045.3915693,1.9969420001221843e-06,3.857615139676164e-06,0.9317612326447802,73.1307658820276,5474919.352512439,7792.464599609375
SVN-976,SVN,Slovenia,Pesnica,400318739.7862612,1.9966112973409306e-06,1.7465126224062205e-06,-0.12526157458278908,55.17253133353725,7255761.70080351,7812.7432861328125
CPV-5046,CPV,Cape Verde,Santa Catarina,396892315.71854794,1.9795218225720755e-06,1.8501377677058615e-06,-0.06536126724690505,244.11260269782449,1625857.5400543425,59970.701744794846
SVN-233,SVN,Slovenia,Prevalje,396889151.86731267,1.979506042693465e-06,1.5258171499070697e-06,-0.22919298198709814,45.95157807574959,8637116.906258468,7813.249664306641
MKD-2920,MKD,Macedonia,Lipkovo,396364190.29669887,1.9768877685574177e-06,2.8413027199155033e-06,0.43726050871814026,241.82908425700748,1639026.1391200444,25575.82311820984
EST-1660,EST,Estonia,Hiiu,394436290.90225697,1.967272266387485e-06,6.864036248326428e-06,2.4891135129612243,1013.5192929118538,389174.9211492921,5042.689408251084
LVA-5716,LVA,Latvia,Grobinas,391292162.7708496,1.951590757820569e-06,2.826221807539918e-06,0.4481631439452447,509.1691267213074,768491.5330403025,8396.091890335083
MLT-5924,MLT,Malta,Mġarr,389461636.2039704,1.942460907877833e-06,7.536750227420897e-07,-0.6119999019359978,14.929469205733218,26086770.45627377,8687.0234375
MKD-3004,MKD,Macedonia,Berovo,389240176.1639614,1.941356363988562e-06,4.561004158682845e-06,1.3493904794028415,638.5993254252631,609521.7465266727,13181.10138937831
MKD-2914,MKD,Macedonia,Sveti Nikole,388978568.9896322,1.9400515841023893e-06,2.9343122545651647e-06,0.5124918732110897,439.93889883999736,884164.9829448268,17305.36522835493
MKD-2946,MKD,Macedonia,Negotino,387374284.30124354,1.9320501277261577e-06,2.698795433047548e-06,0.3968558032310361,490.26859942410783,790126.6464062175,19265.580054551363
SUR-68,SUR,Suriname,Para,385273024.9798077,1.9215699835738708e-06,2.0800150018698098e-06,0.08245602275762653,5634.631385665394,68375.90582410578,33522.46773219854
MKD-2938,MKD,Macedonia,Kisela Voda,384149409.2464048,1.9159658895252635e-06,2.0813688858699153e-07,-0.8913671220740973,21.721516549753307,17685202.06066218,32987.9580078125
PHL-2543,PHL,Philippines,Batanes,384056868.5138068,1.9155043376322195e-06,6.671222186330522e-07,-0.6517250284811723,86.00700249465287,4465413.947401364,14556.526821136476
MDA-1641,MDA,Moldova,Leova,382429028.9903844,1.9073854002463287e-06,5.9216964866123715e-06,2.1046145607739346,765.6993376416499,499450.6462135175,39898.813438892365
MDA-1625,MDA,Moldova,Taraclia,382023070.46856046,1.9053606602320136e-06,3.67036295295797e-06,0.9263350133990036,801.5458522259418,476607.8813927601,39074.42329788208
NZL-5479,NZL,New Zealand,Auckland Islands,381323059.9050031,1.9018693198061246e-06,3.135746577021197e-06,0.6487707879639455,411.4329713949275,926816.9699967423,0.0
SVN-942,SVN,Slovenia,Cerklje na Gorenjskem,381317586.3092207,1.9018420199520583e-06,1.8958697653705397e-06,-0.0031402474647548306,62.805398048516594,6071414.212113684,7403.4176025390625
MKD-3005,MKD,Macedonia,Delčevo,380062508.11483634,1.8955822497916806e-06,2.128101679741532e-06,0.12266385696289595,489.01770940780926,777195.7963957675,16543.59308719635
LVA-5774,LVA,Latvia,Salacgrivas,379265722.12179446,1.8916082366937181e-06,4.377714572369299e-06,1.3142818303757058,642.8456584350427,589979.4408584591,7023.81439781189
SVN-973,SVN,Slovenia,Mozirje,378885075.75041336,1.8897097423944076e-06,3.1822916135241177e-06,0.6840107991886148,83.4488021973312,4540329.708441646,7324.126556396484
VIR-4869,VIR,United States Virgin Islands,Saint John,378332452.32043344,1.8869535032434194e-06,1.6120838505258591e-07,-0.9145668482156607,33.73024435274835,11216415.996393658,3416.28604888916
CPV-5049,CPV,Cape Verde,São Salvador do Mundo,375699631.93401694,1.873822169621128e-06,1.5466866078440514e-07,-0.9174581967851956,20.652406353174527,18191566.905532405,56768.47265625
GNQ-1468,GNQ,Equatorial Guinea,Centro Sur,373990969.6098106,1.8653001241588727e-06,1.102117248369709e-05,4.908525036241507,8366.719051686934,44699.83601689182,27595.078979331767
GNB-5500,GNB,Guinea Bissau,Biombo,373834060.9952631,1.864517533984296e-06,3.151799320817443e-06,0.69041012667891,808.6314000557808,462304.65570527606,101270.4120619297
MLT-5947,MLT,Malta,Dingli,372306259.93495625,1.8568975438266362e-06,2.542205668663377e-07,-0.8630939182877866,3.7074978470164184,100419818.24333815,8458.756710297921
LBY-2968,LBY,Libya,Ghat,371502975.3143949,1.8528911184735554e-06,3.980494756349347e-06,1.1482615555028128,51357.90132764004,7233.608962024655,26783.095324397087
MKD-3003,MKD,Macedonia,Vinica,371486902.6130172,1.8528109550088956e-06,1.4864187404968986e-06,-0.19774937832782724,370.4589780511434,1002774.7324880109,17073.82620304823
MDA-1637,MDA,Moldova,Grigoriopol,369844969.3652942,1.8446217244132116e-06,4.835540882084655e-06,1.6214268313590843,722.4670849009735,511919.47300407157,39269.129695773125
MKD-2957,MKD,Macedonia,Tearce,368473788.2171172,1.837782884511255e-06,1.2683813037089766e-06,-0.30983071264901163,89.53946182676754,4115211.1113869026,27126.77423143387
MLT-5974,MLT,Malta,San Lawrenz,367680112.559629,1.8338243843795564e-06,3.118510999771487e-08,-0.9829944948582054,4.260046317435244,86308947.17149235,8353.65115778663
SVN-236,SVN,Slovenia,Trzin,366935997.11100274,1.8301130684615297e-06,8.707640867436577e-07,-0.5242020278694263,10.511885821132667,34906771.56836403,7530.87890625
LVA-5715,LVA,Latvia,Priekules,366138542.980234,1.826135722990633e-06,3.557678424976428e-06,0.9482004432562525,606.8049002108872,603387.5844657604,7421.367698073387
MLT-5981,MLT,Malta,Kerċem,365956850.2573371,1.8252295207394609e-06,3.9564678190506737e-08,-0.9783234504258523,7.3490608715883985,49796410.26952612,8299.5078125
MNE-1507,MNE,Montenegro,Kotor,365519755.0500796,1.8230494848278524e-06,1.4425038190340716e-06,-0.20874127058032932,274.07373678808165,1333654.801564243,21395.43999648094
BIH-4803,BIH,Bosnia and Herzegovina,Brčko Distrikt,364975489.6968428,1.8203349320352351e-06,1.363715131151871e-06,-0.2508438380473411,144.67207613155261,2522777.715341313,26822.142211914062
SVN-977,SVN,Slovenia,Pivka,364687045.748039,1.818896302289501e-06,8.79403434313356e-06,3.8348189679995706,267.10706277182555,1365321.612852935,6149.09274315834
SVN-1009,SVN,Slovenia,Bohinj,364328997.1418761,1.8171105155625451e-06,1.0512968913430596e-05,4.785541838756003,284.9430053326684,1278603.055079472,5419.660671710968
LVA-5740,LVA,Latvia,Auces,362975027.4085132,1.810357518519905e-06,2.3059260761011827e-06,0.2737407128214322,421.2786050499778,861603.2788217483,7312.939118385315
MDV-5224,MDV,Maldives,Haa Dhaalu,362802081.51551485,1.809494941554426e-06,4.007737544907706e-08,-0.9778516233846727,5.178747169589983,70055955.54961973,743.4423000045382
GMB-2154,GMB,Gambia,Lower River,362784414.4753042,1.8094068262388802e-06,4.244366023830064e-06,1.3457223451801643,1362.9595857023417,266174.00712461997,83772.8353241682
MNE-1511,MNE,Montenegro,Danilovgrad,362549531.42908394,1.808235334382447e-06,2.0560773897875477e-06,0.13706294235741412,554.6590221047402,653643.981221712,20131.644071274437
LVA-5784,LVA,Latvia,Burtnieku,361982128.82491934,1.8054053833034128e-06,2.087070572893042e-06,0.15601215782034328,780.4801367553474,463794.1592335332,6286.591367721558
GNB-770,GNB,Guinea Bissau,Bolama,360642128.8739171,1.7987220613034588e-06,5.699603647361901e-06,2.168696137096154,809.575914832034,445470.4274999844,27344.069943606853
LVA-5725,LVA,Latvia,Jekabpils,357988861.3811526,1.7854887466358777e-06,4.1711647547568974e-06,1.3361473224717786,939.9209471006251,380871.2450610247,4655.173916055588
SVN-968,SVN,Slovenia,Mengeš,357840729.5089119,1.784749930936743e-06,1.5132244131105627e-06,-0.15213644954935923,25.225384502526232,14185739.348118775,7266.1376953125
SVN-972,SVN,Slovenia,Moravce,356167081.4163848,1.7764025208427341e-06,2.432341868342857e-06,0.3692515293149563,48.583487515005885,7331031.583650231,6961.5540771484375
GRD-5070,GRD,Grenada,Saint Andrew,355343396.12833506,1.77229434606068e-06,9.703970337042393e-07,-0.4524628282761476,73.86397959583167,4810780.546522138,14229.730224609377
BRB-1997,BRB,Barbados,Saint Peter,354231364.8800717,1.766748030256268e-06,3.800722329761997e-07,-0.784874681353928,37.940010761243045,9336617.406601544,7201.17236328125
MKD-2947,MKD,Macedonia,Novaci,352003296.1423677,1.7556354173035817e-06,5.8758236777636815e-06,2.346835920403196,714.0288110007397,492981.9227448556,4275.591245859861
SVN-1044,SVN,Slovenia,Moravske Toplice,351588527.4002931,1.7535667358407748e-06,3.5959139251461748e-06,1.0506284999880875,137.9966531251098,2547804.7433624193,6445.622848510742
LBR-783,LBR,Liberia,Bomi,351105809.4463497,1.75115915402038e-06,4.473761897482411e-06,1.5547431752341714,2147.9117029726995,163463.80019272715,126177.17150700092
SMR-4889,SMR,San Marino,Montegiardino,350988914.07487607,1.7505761320528956e-06,7.128532772537011e-08,-0.9592789331351308,0.9932576150019533,353371480.6447125,4653.13427734375
MLT-5972,MLT,Malta,Qrendi,350662074.83980423,1.7489460037468683e-06,2.4021009473433207e-07,-0.8626543677050543,4.613088561749121,76014598.49425597,7967.003238453176
UGA-3113,UGA,Uganda,Bukwa,349347042.2359519,1.7423872077369063e-06,2.2787486493706274e-06,0.30783137023278107,485.1443635018694,720088.8405964253,92996.0414467752
LSO-1211,LSO,Lesotho,Butha-Buthe,348469820.3780863,1.738012016426542e-06,3.99862780959152e-06,1.3006905428726214,1765.9833611704446,197323.3882266763,133746.80693909526
LVA-5736,LVA,Latvia,Iecavas,348062297.7227591,1.735979475212051e-06,1.2335807582089915e-05,6.105963957657442,329.58724958098526,1056055.105788412,8252.862142324448
MDA-1644,MDA,Moldova,Rezina,347996787.8357046,1.7356527411184876e-06,2.8855168244607764e-06,0.6624966251032995,818.3068244238252,425264.4331552914,36692.555869579315
SVN-1020,SVN,Slovenia,Železniki,347833188.27981406,1.7348367795132291e-06,4.7186175156876494e-06,1.7199201512269227,165.03974046807417,2107572.3173904293,6153.611364364624
MLT-5979,MLT,Malta,Nadur,347715874.15986705,1.7342516690151572e-06,5.579586504674714e-08,-0.9678271233387756,7.286694241638417,47719289.79439145,7853.45068359375
AFG-1751,AFG,Afghanistan,Nimroz,346671314.6651727,1.7290418722193215e-06,1.1104725893378162e-05,5.4224736669474805,41901.068213937986,8273.567463605996,349622.65822434425
SVN-1007,SVN,Slovenia,Zrece,345696679.09518033,1.724180824767793e-06,2.9149179130813985e-06,0.6906103299658084,84.8100352849041,4076129.410085426,6737.834217071533
MLT-5961,MLT,Malta,Żejtun,345562534.3956147,1.7235117708464748e-06,1.9509185035047846e-07,-0.8868056176636019,5.188265959445179,66604629.96630349,7851.142248204824
HND-641,HND,Honduras,Islas de la Bahía,344397272.1023948,1.7176999623354608e-06,8.251324255826435e-07,-0.5196294791432858,105.7489892608686,3256742.9202827923,65013.620807647705
BWA-5504,BWA,Botswana,Selebi-Phikwe,343107375.911841,1.7112665355420213e-06,6.764266714631584e-10,-0.9996047216155904,23.387210819842277,14670726.601598013,30040.66015625
SVN-243,SVN,Slovenia,Prebold,342050010.36161065,1.7059928678537784e-06,1.359955989828459e-06,-0.20283606370561824,27.372573887162588,12496085.014571028,6830.724502563477
SVN-238,SVN,Slovenia,Žužemberk,340069028.50029737,1.6961126140184536e-06,5.476842363157186e-06,2.229055852713326,183.20803065799177,1856190.6226432282,5956.157173156738
GRL-2740,GRL,Greenland,Kommune Kujalleq,339903289.8584451,1.6952859836066352e-06,4.438983133528574e-05,25.184273193156837,49744.289435584426,6833.011260490462,1139.1521638259292
MHL-4969,MHL,Marshall Islands,Ratak Chain,339579054.452719,1.6936688420398519e-06,2.983576428162392e-07,-0.8238394452265545,38.56183978342418,8806090.59007312,1109.0323486328125
MRT-2786,MRT,Mauritania,Inchiri,339529339.5445735,1.6934208862551624e-06,1.8696440574231366e-05,10.04063421325619,44730.637962327106,7590.532015897712,26793.839156604023
SVN-987,SVN,Slovenia,Šentjernej,338225769.11451405,1.6869192584549603e-06,2.7630108248801163e-06,0.6379034212999275,82.92904920016765,4078495.6824734737,6349.222285747528
MLT-5934,MLT,Malta,Pembroke,337750105.4062515,1.6845468600652193e-06,1.3757196097829862e-07,-0.9183329569276735,5.285414039578928,63902298.45326535,7673.644732721074
MKD-2928,MKD,Macedonia,Dolneni,336793528.92597026,1.6797758832972572e-06,2.5188679774137717e-06,0.499526218027043,419.5395078860639,802769.518949416,14758.379961967468
SVN-264,SVN,Slovenia,Lendava,336086536.23574317,1.676249719138171e-06,1.327683074991974e-06,-0.20794434156589114,75.09838730568609,4475283.002652393,6470.559753417969
LVA-5752,LVA,Latvia,Riebinu,333369531.90096545,1.6626985135347613e-06,7.637856158589404e-06,3.593650680755073,621.2333434557393,536625.3041836555,5677.178712844849
SVN-1041,SVN,Slovenia,Gorišnica,333364956.1951015,1.6626756919550716e-06,2.4909668334374275e-06,0.4981675894403692,83.93961064104182,3971485.615065559,6443.89990234375
LCA-5076,LCA,Saint Lucia,Anse-la-Raye,329290515.6909317,1.6423542002724378e-06,2.926336016599123e-07,-0.8218206513483087,44.31911638534375,7429988.288300519,14401.155364990234
MLT-5962,MLT,Malta,Marsaskala,326797504.03254884,1.6299201702188176e-06,1.3369662493781717e-07,-0.9179735134390856,4.329118362431169,75488234.94144988,7424.802850821986
LVA-5793,LVA,Latvia,Pargaujas,326350018.89769983,1.627688313983187e-06,3.074535230120466e-06,0.8888967892118342,548.0509218907936,595473.898249786,6256.345142364502
AZE-5567,AZE,Azerbaijan,Kangarli,326171979.839764,1.6268003345829912e-06,1.4450329946525137e-06,-0.11173303574287197,359.2818972343318,907844.1812698046,27966.7520198822
SVN-1028,SVN,Slovenia,Kanal,325728329.31457984,1.624587603669802e-06,4.539671334873064e-06,1.7943530558883634,163.58240993261063,1991218.5512413394,5770.816093444824
AZE-5566,AZE,Azerbaijan,Yevlakh,324014164.60735196,1.6160381147755733e-06,1.4972831937603858e-07,-0.9073485222860402,25.658114418248125,12628136.24281417,37633.76271057129
AZE-1683,AZE,Azerbaijan,Mingəçevir,322280616.13895863,1.6073919483274819e-06,2.2246515710496685e-07,-0.8615986864084734,23.15551201483365,13918095.006169695,37999.103515625
LVA-5773,LVA,Latvia,Ropazu,321593377.0463971,1.6039643063017419e-06,4.367014617710945e-06,1.7226382785162873,351.65825772651516,914505.4039837178,7333.390720367432
BTN-2493,BTN,Bhutan,Tashigang,320282959.4503404,1.5974285278919725e-06,1.315521489129926e-05,7.2352447459163525,2280.0481415582603,140472.0161879777,66511.44435916841
LVA-5771,LVA,Latvia,Marupes,318624223.4836709,1.589155492829646e-06,4.092770744074264e-06,1.5754375594717214,62.733586202080346,5079005.406407083,8705.267589330673
MKD-2952,MKD,Macedonia,Debar,318384328.5152301,1.5879590037409267e-06,1.5070118809816191e-06,-0.05097557466446656,194.32528417095358,1638409.1749745659,22489.986988067627
MNE-1500,MNE,Montenegro,Cetinje,316452573.7448059,1.5783242726754249e-06,5.625620485582529e-06,2.564299544127591,920.4587051923902,343798.77332863334,15022.698447287084
SVN-1014,SVN,Slovenia,Kranjska Gora,314630836.2943422,1.569238258924665e-06,6.477902994781603e-06,3.1280557352843577,224.8877856754671,1399057.0245926217,5035.357285499573
SVN-1024,SVN,Slovenia,Brda,311582298.0610703,1.5540335101283027e-06,1.5783615147031264e-06,0.015654749023279013,57.70259934867132,5399796.570312477,5926.812591552734
LVA-5760,LVA,Latvia,Garkalnes,310239798.4809205,1.547337721093211e-06,6.206170091363092e-06,3.0108697711953694,211.50061368549663,1466850.582959773,8141.788145326078
SVN-981,SVN,Slovenia,Radlje ob Dravi,310098859.31923705,1.5466347794257658e-06,2.7047870699151805e-06,0.7488207984818582,84.00302855756749,3691519.9921241594,5914.506149291992
SVN-980,SVN,Slovenia,Radece,309109973.84660685,1.5417026598165664e-06,1.296884480569555e-06,-0.1587972737078499,37.69050785767507,8201268.473586288,6081.483093261719
SVN-948,SVN,Slovenia,Duplek,308645280.1963872,1.5393849751827504e-06,8.166947346595201e-07,-0.46946686642659674,27.821797868361035,11093649.722305644,6132.9857177734375
SVN-1035,SVN,Slovenia,Vipava,308000515.6175427,1.5361691770841317e-06,4.629348580233073e-06,2.0135668969873732,67.13424283614391,4587830.332268536,5693.127343177795
LVA-5754,LVA,Latvia,Ādaži,306801258.8933611,1.530187819515931e-06,2.901799663056311e-07,-0.8103631707136263,98.90209326592739,3102070.429070046,8012.129909515381
MDA-1652,MDA,Moldova,Camenca,305293090.6296447,1.5226657489897424e-06,2.3558380085927865e-06,0.5471800098976658,674.0231457227965,452941.5533679635,30651.32221508026
SVN-929,SVN,Slovenia,Puconci,304619448.2860121,1.5193059214823363e-06,3.0362577672188173e-06,0.9984505584342365,106.39502190355458,2863098.6942429026,5625.514251708984
LVA-5755,LVA,Latvia,Alojas,304096832.80438286,1.5166993485915858e-06,3.178281634139721e-06,1.095525152754294,698.2593688927278,435506.9854438296,4835.941561073065
MKD-2904,MKD,Macedonia,Probištip,302661903.5130676,1.5095425613888305e-06,1.5786278009125586e-06,0.045765678484856576,286.53777897244464,1056272.2465374228,15288.21967935562
MNG-3330,MNG,Mongolia,Govĭ-Sümber,302279648.8234229,1.5076360455154701e-06,2.1471306905401173e-07,-0.8575829559841812,577.5008767547761,523427.16866866295,38574.2319521904
SUR-37,SUR,Suriname,Nickerie,302256538.4353766,1.507520781209123e-06,4.158080508952037e-06,1.7582243381195743,5135.512190852487,58856.162190358365,25522.50759114884
SYC-5217,SYC,Seychelles,Pointe La Rue,301016834.74051195,1.5013376921939958e-06,4.0214251501432397e-08,-0.9732143862699771,1.6539865588573652,181994728.51125553,8406.181640625
LVA-5744,LVA,Latvia,Karsavas,300970586.5369122,1.5011070267851311e-06,1.5008221512189657e-06,-0.00018977698530631137,457.86832760565153,657329.9972740838,5343.035242676735
MKD-2910,MKD,Macedonia,Staro Nagoričane,299831190.5704816,1.4954242279735274e-06,3.6490750721865198e-06,1.4401604601066538,437.14806408556996,685880.1747130484,8491.346480369568
LVA-5742,LVA,Latvia,Vilakas,298950473.8524244,1.4910316058595366e-06,1.4753460377822012e-06,-0.010519943383958785,619.0831406305632,482892.2873718226,4960.862422525883
SMR-4886,SMR,San Marino,Serravalle,298017255.99338496,1.4863771314743673e-06,2.9480348200360084e-07,-0.8016630666867302,3.7629712691860973,79197324.31490073,3950.877801248505
SVN-227,SVN,Slovenia,Hajdina,298011916.2858386,1.4863504993950966e-06,4.0545040091022985e-07,-0.7272175028196668,15.083486570053243,19757495.384224463,6039.0546875
MDV-5223,MDV,Maldives,Haa Alifu,296436578.0955328,1.4784934152386651e-06,3.776397403860748e-08,-0.9744578003193126,4.882234474627636,60717398.89513228,607.4482552697077
LVA-5721,LVA,Latvia,Dundagas,295248689.7760367,1.472568758201746e-06,3.315139351894711e-06,1.2512628584780336,660.9100637372455,446730.50990704406,4124.250186935067
SVN-969,SVN,Slovenia,Metlika,294407833.7532715,1.4683749434545611e-06,1.2698742836888562e-06,-0.1351839056165749,94.34910071596065,3120409.537761156,5743.018371582031
LVA-5712,LVA,Latvia,Skrundas,294373013.6166823,1.4682012761460407e-06,2.3648142528403213e-06,0.6106880516054634,529.8771947417239,555549.5056928567,5120.904404550791
LVA-5788,LVA,Latvia,Kocenu,294338632.99898857,1.4680298009617075e-06,1.1546783406050055e-06,-0.21345034014392983,426.4953652030105,690133.2511758581,5478.058693766594
MLT-5986,MLT,Malta,Xewkija,293952184.4132955,1.4661023678056976e-06,1.386754565888883e-08,-0.9905412159727671,4.323918910147531,67982816.17248598,6678.560851614727
MKD-2897,MKD,Macedonia,Demir Hisar,293539454.2885098,1.4640438540565284e-06,1.957538441382803e-06,0.3370763696448811,419.2825532483808,700099.3769340517,8459.873436450958
BHS-5019,BHS,The Bahamas,North Andros,293308399.86397946,1.4628914576571888e-06,2.3048099547124453e-05,14.755167224802745,2499.744012125464,117335.37451884417,3452.1276281923056
MDA-1616,MDA,Moldova,Ocniţa,292727216.119585,1.459992772398266e-06,1.7558302260832501e-06,0.20262939603394403,521.7975703845973,560997.6602685727,29242.92996880412
MNE-1506,MNE,Montenegro,Herceg Novi,292455653.88108253,1.458638341092815e-06,8.412161913492433e-07,-0.42328665876216975,158.24487731876653,1848120.8291625357,17098.332636095583
MDA-1614,MDA,Moldova,Donduseni,291233156.16857177,1.4525410678423157e-06,3.3722085525637874e-06,1.3215925712675727,896.004710710375,325035.29578284785,25526.08486765623
SVN-1026,SVN,Slovenia,Hrpelje-Kozina,289375414.2808168,1.4432754800194337e-06,6.343749712688854e-06,3.3953838338633977,208.08519056644272,1390658.381276863,4728.164512634277
LIE-4900,LIE,Liechtenstein,Mauren,289250312.3797126,1.4426515275429723e-06,3.520955258707444e-07,-0.7559386177822096,2.7165835157533342,106475766.60255952,1093.2808406935844
LCA-5080,LCA,Saint Lucia,Dennery,288413407.8978008,1.438477421318836e-06,3.7165536388112766e-07,-0.7416328137146679,56.989278353573994,5060836.287633276,12808.353454589844
SUR-73,SUR,Suriname,Saramacca,286406442.51489365,1.4284675732686945e-06,6.784746056563437e-06,3.7496675343061687,3765.6721119171293,76057.19085538815,25366.998257006053
MDA-1646,MDA,Moldova,Şoldăneşti,286108091.5483973,1.426979531738095e-06,1.455662665371546e-06,0.020100592191756528,442.91677452765646,645963.5489161909,29962.28560268879
SYC-5201,SYC,Seychelles,Au Cap,285524115.7201231,1.4240669208102907e-06,2.731377897743155e-07,-0.8081987680614752,11.70249939616605,24398558.466379065,7973.53271484375
SVN-984,SVN,Slovenia,Semic,284705248.5889502,1.4199827768454244e-06,1.5123980086813403e-06,0.06508193855789002,120.93473353879311,2354205.7790835025,4943.187963499688
ASM-4998,ASM,American Samoa,Eastern,282282922.1066535,1.4079012929184316e-06,3.020176434687694e-07,-0.785483794220603,22.946956804910897,12301540.657724248,7080.7237548828125
SOM-2413,SOM,Somalia,Nugaal,281994951.75543183,1.4064650252661717e-06,1.3943857070051911e-05,8.914115757989114,29700.239289581477,9494.703022623546,216890.43705061983
LCA-5086,LCA,Saint Lucia,Vieux Fort,281210801.64994943,1.4025540343386595e-06,3.255185679106889e-07,-0.767910141113259,38.29320302861695,7343621.828651872,13052.5263671875
VUT-562,VUT,Vanuatu,Tafea,279444873.5649442,1.3937463728070119e-06,9.438497841257783e-06,5.772034012363815,1294.9715488457923,215792.28811166802,32306.65317583084
LVA-5733,LVA,Latvia,Viesites,276414262.94238317,1.3786310389356135e-06,3.254716798076999e-06,1.3608323809319116,740.7995319490797,373129.64036994433,3909.206562012434
KNA-5101,KNA,Saint Kitts and Nevis,Saint George Basseterre,276368556.9208651,1.3784030776891124e-06,5.435928336836066e-08,-0.9605635795158745,7.253086002174653,38103581.95642559,5657.689758300781
CPV-5052,CPV,Cape Verde,Ribeira Grande de Santiago,275436464.2821336,1.3737542154008934e-06,9.349164262527213e-07,-0.31944418020956467,122.16637754682232,2254601.2234550207,41618.639099121094
SVN-1023,SVN,Slovenia,Bovec,275394135.89909303,1.3735431003083995e-06,1.116463566647528e-05,7.128347529807037,323.21766714020924,852039.2413439122,3327.800219118595
BTN-2482,BTN,Bhutan,Geylegphug,273354766.9635629,1.3633716377925563e-06,1.635193730471641e-05,10.993749064042388,2254.1514877473464,121267.25663710207,56766.11832366139
BHS-5024,BHS,The Bahamas,Exuma,273040368.1961529,1.361803556989704e-06,1.2906971873734971e-06,-0.05221485085072697,165.55252274722875,1649267.3362219934,3213.580651283264
SVN-1029,SVN,Slovenia,Kobarid,271773355.12169456,1.3554842609715039e-06,6.042718833053831e-06,3.4579778659494638,184.0738969574441,1476436.146644549,4180.819382190704
LVA-5756,LVA,Latvia,Babites,271582138.73987174,1.3545305589579835e-06,1.2217844843048767e-05,8.01998464504761,345.60964375073354,785806.0203196958,6577.451272308826
LVA-1085,LVA,Latvia,Jekabpils,271245340.81303704,1.3528507611398792e-06,2.197912641941132e-08,-0.9837534729988309,7.558351544061661,35886838.450395346,7810.09228515625
SVN-966,SVN,Slovenia,Lukovica,270997443.9107947,1.351614361974911e-06,3.7001683184857592e-06,1.7375917440528372,76.26530178690523,3553351.754484567,5140.3580322265625
SVN-1025,SVN,Slovenia,Divaca,270937852.9648954,1.3513171489194712e-06,8.169362496361737e-06,5.045481257226738,141.0720853866412,1920563.180322504,4650.756537437439
LSO-1214,LSO,Lesotho,Qacha's Nek,270221019.5437229,1.3477419035842447e-06,2.775186238444348e-06,1.059137755577603,1864.2292341188397,144950.53215461862,77917.7956829071
SLB-1934,SLB,Solomon Islands,Temotu,269235862.53515005,1.3428283798905465e-06,4.753981233170284e-06,2.5402746206166564,642.3397190414267,419148.70675743796,7348.716558784246
LVA-5728,LVA,Latvia,Plavinu,269067368.29822904,1.3419880057997584e-06,1.0302875364514444e-06,-0.23226770135144081,353.3288407388651,761521.1023690216,5401.056734085083
BRB-1990,BRB,Barbados,Saint Andrew,267754146.40405908,1.3354382408019591e-06,3.574281120412673e-07,-0.7323514475468187,31.598509418232556,8473632.184990445,5443.17626953125
SVN-1010,SVN,Slovenia,Cerkno,267688151.8414802,1.335109089363087e-06,5.429842452939239e-06,3.066965385974222,109.1086487470151,2453409.101070949,4704.543426513672
TLS-552,TLS,East Timor,Viqueque,267435489.89648697,1.3338489242904978e-06,6.245608726349274e-06,3.682395894026337,1756.0538684629425,152293.44309953926,73357.86588305235
BHS-5010,BHS,The Bahamas,City of Freeport,266889165.51899183,1.3311241020033824e-06,9.496919784508233e-08,-0.9286548882240575,9.491649309844643,28118312.930312023,3141.183349609375
LVA-5724,LVA,Latvia,Neretas,266767670.80668536,1.3305181405755267e-06,2.851497871835715e-06,1.1431484358434045,654.8435700504192,407376.1780789048,3690.195723861456
SVN-1039,SVN,Slovenia,Beltinci,266035617.17051816,1.3268669835974364e-06,1.3996748360067126e-06,0.05487200549061644,63.56156721509961,4185479.1948446333,5138.504638671875
ATG-5093,ATG,Antigua and Barbuda,Saint George,265950025.4951076,1.3264400905017638e-06,2.5757137157810744e-07,-0.8058175612886718,14.612061487463311,18200719.024025757,6628.01953125
SVN-1000,SVN,Slovenia,Velike Lašče,264794599.9094438,1.320677343100019e-06,2.4468387463655364e-06,0.8527150171457358,117.71361907168567,2249481.4278727444,4807.184253692627
SVN-203,SVN,Slovenia,Destrnik,263695528.85247996,1.315195666948445e-06,3.9758214321062907e-07,-0.6977011457670701,15.82142298494027,16666991.907332253,5256.232696533203
MLT-5976,MLT,Malta,Għasri,263484019.97946092,1.3141407550410406e-06,4.441323212529227e-09,-0.9966203595805911,4.649149609583069,56673594.550787084,5986.32755314646
ATG-5097,ATG,Antigua and Barbuda,Saint Mary,263066537.5786536,1.312058539059001e-06,1.2879228593686236e-07,-0.9018395276561126,9.737754297560382,27015113.4994811,6556.1571044921875
MLT-5963,MLT,Malta,Marsaxlokk,262479096.2210344,1.3091286436167492e-06,1.233767993173418e-07,-0.9057565504208304,3.903141298836307,67248166.57272711,5963.495797412852
SVN-226,SVN,Slovenia,Oplotnica,262186845.9164361,1.3076710294662754e-06,5.423040658242924e-07,-0.5852901428537165,17.606150795266515,14891775.548516039,5231.0650634765625
MLT-5980,MLT,Malta,Qala,261750983.74350113,1.3054971433798277e-06,8.783447964511446e-09,-0.9932719516016927,0.878915934686678,297811171.0271949,5946.9531631142445
SVN-1021,SVN,Slovenia,Žiri,261134450.6829181,1.302422151500603e-06,1.3272610619767515e-06,0.019071320652470414,28.967357492259346,9014783.30402414,5069.005157470703
SVN-996,SVN,Slovenia,Starše,260077486.96157473,1.2971504879555977e-06,1.0153876700183046e-06,-0.21721675360996207,35.81693457697716,7261299.439309093,5169.973388671875
LCA-5082,LCA,Saint Lucia,Laborie,259896535.38570988,1.2962479822152063e-06,2.449112851874969e-07,-0.8110613952363044,28.941126571747372,8980180.323713576,12187.8876953125
MKD-2940,MKD,Macedonia,Kratovo,258188926.31624144,1.2877311899177413e-06,2.7299904525585287e-06,1.1200002562125695,408.1311742730616,632612.6073954331,9895.968031525612
PYF-4967,PYF,French Polynesia,Marquesas Islands,256702373.4710059,1.2803169274565926e-06,4.045865108587827e-06,2.160049689122771,536.0148154017695,478909.10119451606,5211.909485459328
MKD-2994,MKD,Macedonia,Valandovo,256526937.0338617,1.2794419287679118e-06,3.184411341408745e-06,1.4889065066636493,374.6514941119769,684708.1649624764,10683.089231833816
SVN-989,SVN,Slovenia,Škocjan,255605070.8876431,1.274844071662449e-06,1.2210652930851768e-06,-0.04218459321628443,47.49837861906754,5381343.075677833,4928.2115478515625
GBR-2071,GBR,United Kingdom,Islington,254609257.2851789,1.2698773976321815e-06,2.0179918199309206e-05,14.8912334662675,7.356383129673522,34610657.54693482,3138.6200134547303
AND-4878,AND,Andorra,Ordino,253094687.4610353,1.2623233989782307e-06,8.732695859705823e-07,-0.3082045483135005,35.64584980781668,7100256.799195032,3467.23446854949
MDV-5239,MDV,Maldives,Laamu,252097624.1347663,1.2573504918831097e-06,4.0506655780921224e-08,-0.9677841174418637,5.233830265677436,48166946.832032256,516.590303808429
LCA-5085,LCA,Saint Lucia,Soufrière,249346392.97231928,1.2436285781314048e-06,7.793043573590248e-07,-0.3733624563935667,99.8190217947914,2497984.737667809,9844.661254882812
LVA-5729,LVA,Latvia,Kokneses,249266966.7821152,1.2432324357256038e-06,1.1444595601044894e-06,-0.07944843842773963,355.542376163166,701089.3313817569,5102.279221773148
TLS-548,TLS,East Timor,Cova Lima,249208295.87467033,1.242939811411558e-06,8.417651538769663e-06,5.772372613288544,1217.0702505249958,204760.81456035242,68358.12536621094
ATG-5096,ATG,Antigua and Barbuda,Saint Paul,249173822.49006683,1.2427678735472608e-06,5.098332497250696e-07,-0.5897598734429457,35.71474440361071,6976777.424868697,6209.922180175781
LVA-5753,LVA,Latvia,Vilanu,248317337.69633332,1.2384961094622668e-06,1.5637153758304605e-06,0.2625920775071293,189.4779262846979,1310534.3855369566,5752.241448402405
WSM-4985,WSM,Samoa,A'ana,248307514.16535017,1.2384471140718655e-06,2.2061624196823963e-06,0.7813941302901493,300.48457925066805,826356.929146134,24371.71770775318
KNA-5105,KNA,Saint Kitts and Nevis,Saint John Figtree,248055343.9077352,1.237189401316584e-06,9.680263334635559e-08,-0.9217560114535892,12.674484655252199,19571237.068399712,5078.07470703125
LVA-5797,LVA,Latvia,Vecpiebalgas,246724004.5950306,1.2305492747170665e-06,1.969860332499874e-06,0.6007976055674757,600.0388959603274,411180.01892221195,3982.6429319381714
MLT-5975,MLT,Malta,Għarb,245415583.53657737,1.224023454146235e-06,9.206000888809194e-09,-0.9924789015622005,3.30907339025742,74164442.60774946,5575.814691953812
SVN-253,SVN,Slovenia,Dobrepolje,244626973.55362517,1.2200902193393936e-06,1.9181250171130424e-06,0.5721173620681863,99.59915298531212,2456114.9991877973,4448.540061950684
SYC-5210,SYC,Seychelles,Grand'Anse,244335739.5992186,1.2186376742902963e-06,3.377142237214826e-07,-0.7228756086847892,15.15574312391546,16121660.125900503,6823.30810546875
TLS-544,TLS,East Timor,Aileu,243836860.43581012,1.2161494875663842e-06,2.1010519523458515e-06,0.7276263928295776,737.3727426370775,330683.31162306404,66884.7343788147
SVN-944,SVN,Slovenia,Črna na Koroškem,243508597.9404654,1.214512260673013e-06,6.234679676448541e-06,4.1334843445661384,164.19201330908137,1483072.1241116363,4048.9826316833496
MNE-1503,MNE,Montenegro,Plav,243447743.05126935,1.2142087436322366e-06,2.8802878987037685e-06,1.372152163957863,430.99628856629687,564848.8154296987,12715.520877949892
SYC-5202,SYC,Seychelles,Anse Royale,242300222.5914623,1.2084854234718966e-06,1.9764849751429262e-07,-0.8364494153794078,10.567668529475593,22928446.507915415,6766.46435546875
SVN-209,SVN,Slovenia,Loška dolina,241936024.7729679,1.2066689672169105e-06,3.7703202493699025e-06,2.1245688352008067,153.94999385866174,1571523.445431796,4017.561861515045
LVA-5768,LVA,Latvia,Krimuldas,240795833.96034023,1.2009822040670459e-06,2.6410995296881684e-06,1.1991162906030262,255.06428314058257,944059.3994401871,4845.0381400585175
MKD-2899,MKD,Macedonia,Debarca,240594801.61099803,1.1999795443863079e-06,2.8778969986635244e-06,1.398288380936806,478.22746778683165,503096.99424927717,5139.22592061758
SVN-937,SVN,Slovenia,Borovnica,240294553.7067334,1.1984820417763182e-06,1.282452022181793e-06,0.07006361170086417,16.706858848114297,14382988.202109305,4700.253517150879
SMR-4885,SMR,San Marino,Acquaviva,239810401.6037949,1.1960673070604902e-06,2.3152771001291952e-07,-0.8064258519180392,3.4544913512226447,69419887.68300694,3179.217220314091
GRD-5075,GRD,Grenada,Saint Patrick,239791752.50683177,1.1959742936839451e-06,1.4266138750304877e-07,-0.8807153395717139,13.62884066216185,17594435.099133022,9602.46337890625
SVN-971,SVN,Slovenia,Mislinja,238002245.46034816,1.1870490308106955e-06,4.144484835420865e-06,2.4914184063571394,133.08219105266502,1788385.3848345703,4205.333385467529
SLB-1262,SLB,Solomon Islands,Central,237692539.6179664,1.1855043562244343e-06,2.211930809798699e-06,0.8658141559624486,295.2706420824819,804998.8916662042,13677.960594654083
LVA-5762,LVA,Latvia,Incukalna,236006488.01996884,1.177095082978173e-06,1.4042838805734068e-06,0.1930080253333677,65.62333727710869,3596380.4617765867,6246.105850219727
CPV-5045,CPV,Cape Verde,Tarrafal,235153152.17918193,1.1728390244657717e-06,8.764679227214513e-07,-0.252695464221373,116.39784375167461,2020253.508139396,35531.80294799805
LVA-5783,LVA,Latvia,Beverinas,234188017.6846677,1.1680253641404285e-06,4.992860656766481e-07,-0.5725383360625204,249.61687385551895,938189.8509802601,5017.123377799988
DJI-1568,DJI,Djibouti,Arta,233773121.4453004,1.1659560467780006e-06,5.673426312533241e-06,3.8659006728522654,1518.8148588175723,153918.11588365515,29692.77073636651
BTN-2487,BTN,Bhutan,Wangdi Phodrang,232496592.05466825,1.1595892876198239e-06,1.6680977903042364e-06,0.43852466395940803,3943.2088782583537,58961.26713869591,48281.32028216123
LVA-5748,LVA,Latvia,Aglonas,231378052.8515404,1.1540105130396577e-06,3.865887933306383e-06,2.349959025177036,351.3695983428473,658503.3364946226,3984.8366565704346
KHM-1798,KHM,Cambodia,Kep,230473211.12599143,1.1494975661501337e-06,8.472054991027633e-07,-0.262977561631382,74.95903723817912,3074655.4333892083,34816.135009765625
MLT-5967,MLT,Malta,Għaxaq,230053896.60936743,1.1474062123916823e-06,1.399575769208307e-07,-0.8780226432371325,3.1038716280795438,74118367.0510589,5226.798877930877
LVA-5739,LVA,Latvia,Tervetes,229561203.45305035,1.144948878711649e-06,1.9295725943816604e-06,0.6852914835402146,172.01024219343157,1334578.6886044885,5205.255002975464
SVN-1030,SVN,Slovenia,Komen,228914062.0227779,1.1417212259383882e-06,6.347622650689719e-06,4.55969575276361,146.68107255622672,1560624.4079993968,4050.888610839844
SUR-70,SUR,Suriname,Commewijne,228146300.89528605,1.1378919759221941e-06,3.835860953077883e-06,2.371023817941193,2075.603551993943,109918.05283630188,21392.459877776448
TLS-542,TLS,East Timor,Liquica,227927638.7732967,1.1368013867998924e-06,1.3184657638361121e-06,0.15980309238327628,495.3215302422393,460160.97596611164,62520.81637573242
MLT-5985,MLT,Malta,Sannat,227356611.51515236,1.1339533575637158e-06,8.380822418173708e-09,-0.9926092000501857,2.5092661927822726,90606812.52914801,5165.516861361336
LCA-5083,LCA,Saint Lucia,Micoud,227169181.61931553,1.133018540853194e-06,2.891112895961216e-07,-0.7448309280284038,33.66767119096988,6747398.1295221085,10500.891235351562
LVA-5782,LVA,Latvia,Apes,226150277.71085817,1.1279367026769021e-06,1.7014693360203672e-06,0.5084794492300102,510.7716090105835,442762.0363413194,3518.048762202263
MKD-2999,MKD,Macedonia,Novo Selo,225229805.05190033,1.1233457956642804e-06,1.5379267840418213e-06,0.36905910003640696,200.38211862883253,1124001.5156696348,11972.228541851044
SMR-4884,SMR,San Marino,San Marino,223044214.8432948,1.1124450466656464e-06,6.182153782955412e-07,-0.4442733327380707,9.374704854660191,23792131.944550652,2956.9443359375
TLS-553,TLS,East Timor,Lautém,222602806.3870829,1.1102434981923347e-06,1.251897465474262e-05,10.275881980057203,1902.1515033867292,117026.85406012331,61060.20865987241
MLT-5935,MLT,Malta,San Giljan,222292010.44616795,1.108693386680868e-06,1.359732758868018e-07,-0.8773571868288405,3.639014841795088,61085766.37090978,5050.4496898215975
MKD-2963,MKD,Macedonia,Jegunovce,222052880.20563993,1.107500711713843e-06,3.2233869735562952e-06,1.9105055549518748,199.56130417982786,1112705.09640258,12919.343399524689
BTN-2490,BTN,Bhutan,Mongar,221807625.4028432,1.106277490162305e-06,9.854435726764886e-06,7.9077431425628255,1943.672097651623,114117.82145292658,46061.59990759008
LVA-5730,LVA,Latvia,Aizkraukles,219771779.25901407,1.096123597759997e-06,2.1390806588274368e-07,-0.8048504143876847,84.64610564034017,2596360.1939682914,5889.954696655273
SUR-66,SUR,Suriname,Brokopondo,219589698.36705905,1.0952154594947202e-06,7.926180545795177e-07,-0.2762902973035154,7813.162528349137,28105.09797669046,13887.738955427893
TLS-543,TLS,East Timor,Ambeno,219363965.21907315,1.0940896032490356e-06,4.567592085054746e-06,3.174787943776005,607.3027328007281,361210.238932108,60171.79076099396
TTO-50,TTO,Trinidad and Tobago,Eastern Tobago,217499029.36553097,1.0847881351339367e-06,6.169634231332386e-07,-0.4312590605011888,84.17031905848079,2584034.7499979725,6231.332679748535
MKD-2995,MKD,Macedonia,Vasilevo,215719588.3596969,1.075913077181124e-06,1.4485408177668002e-06,0.3463362872788527,211.96238513834666,1017725.8017685446,11087.92653274536
LVA-5745,LVA,Latvia,Ciblas,215664786.84915265,1.0756397516927334e-06,1.8824671522015642e-06,0.7500907243704291,415.0864570842032,519565.9438375836,3160.4485234618187
AFG-1761,AFG,Afghanistan,Nuristan,215156359.64420977,1.0731039435968986e-06,7.46709845132903e-06,5.9584111547482825,8841.59786699788,24334.55613801457,216988.0668244362
LIE-4899,LIE,Liechtenstein,Schellenberg,214798388.32067883,1.0713185423212361e-06,2.6243826029901274e-07,-0.7550324670658782,1.9574272517267959,109735055.60995372,811.8745339662064
MWI-5509,MWI,Malawi,Likoma,213819066.94377345,1.0664341241551e-06,9.458317679852864e-08,-0.9113089363363501,75.76368451899954,2822184.115005036,11825.460083007812
SVN-959,SVN,Slovenia,Kungota,213504864.26422295,1.0648670213510186e-06,1.4583547255122898e-06,0.36951816167810825,44.35326812388825,4813734.664779556,4105.4034423828125
DJI-1570,DJI,Djibouti,Obock,213036732.89106625,1.062532190888714e-06,1.6858067639316064e-05,14.865935906577837,4635.603667879072,45956.632221869164,12056.515682518482
DMA-1434,DMA,Dominica,Saint George,212696424.9127716,1.0608348864997136e-06,3.0092051863920325e-07,-0.7163361400829228,50.4452855265206,4216378.6505074045,9263.327941894531
MLT-5984,MLT,Malta,Munxar,211842790.7039631,1.0565773398607185e-06,1.2491628036223029e-08,-0.9881772705461678,2.372701032398129,89283389.61013138,4813.044582458658
GRD-5071,GRD,Grenada,Saint David,211482385.22117004,1.0547797980845017e-06,2.642996177689847e-07,-0.7494267350882551,19.14591403463824,11045823.398066144,8468.814453125
LVA-5758,LVA,Latvia,Carnikavas,211478852.54008713,1.0547621786471409e-06,1.2240685430361247e-07,-0.8839483849709003,95.7920586356234,2207686.6866857563,5629.930833816528
SVN-242,SVN,Slovenia,Mirna Pec,211288616.4902053,1.0538133660920295e-06,7.826227373504112e-07,-0.25734217980865426,22.949365512672575,9206730.197988799,4056.592498779297
SVN-272,SVN,Slovenia,Markovci,210895756.48161304,1.0518539556186462e-06,6.152236225342052e-07,-0.4151054723444354,22.387090260866955,9420418.376132725,4193.9439697265625
LVA-5795,LVA,Latvia,Strencu,210205411.55439943,1.048410823075132e-06,1.6186536948317724e-06,0.5439116605874406,406.9619398332037,516523.5148047349,3636.17145576328
BRB-1993,BRB,Barbados,Saint John,209794592.47734663,1.0463618407795624e-06,6.776827900363113e-07,-0.3523437460874693,31.433539925215882,6674227.369124599,4264.916015625
LVA-5757,LVA,Latvia,Baldones,209483160.2977314,1.044808555993276e-06,2.1692516161887494e-06,1.0762192305426619,108.29369347485986,1934398.51921167,4966.673688650131
SUR-71,SUR,Suriname,Coronie,208937715.65999824,1.0420881214556537e-06,2.5052984608839025e-06,1.4041138261746475,3810.746873419529,54828.54742133802,17394.817893632688
BTN-2436,BTN,Bhutan,Paro,206859249.4775043,1.0317216593127018e-06,2.480713660415769e-06,1.4044408082586313,1414.2822238835902,146264.47676721343,42957.35085442662
BTN-2492,BTN,Bhutan,Samdrup Jongkhar,206769658.14758003,1.031274817724506e-06,1.8463105893701068e-05,16.903186984086027,2019.2989180098205,102396.75577668707,42938.74590346217
SVN-244,SVN,Slovenia,Polzela,205030466.34229505,1.0226005048294145e-06,1.3818999162097086e-06,0.35135853119907345,32.59474852573025,6290291.400175837,4031.54931640625
TLS-545,TLS,East Timor,Ainaro,204615923.3409208,1.0205329492605213e-06,4.403060586599215e-06,3.3144717569282554,909.8104823964586,224899.5008300613,56126.385723114014
LVA-5719,LVA,Latvia,Pavilostas,203413872.75391123,1.0145376571508387e-06,3.205543436818496e-06,2.1596101083332235,555.8752068715222,365934.4224016195,2672.8566091135144
KNA-5104,KNA,Saint Kitts and Nevis,Saint John Capesterre,202789231.71038225,1.0114222262695398e-06,1.3316570168122592e-07,-0.86833816953738,17.687973535729064,11464808.633999558,4151.40771484375
MKD-2919,MKD,Macedonia,Aračinovo,201709580.5290723,1.0060374077947867e-06,5.315874691394285e-07,-0.47160268095332825,39.540523870976,5101338.090189886,16640.310180664062
LVA-5796,LVA,Latvia,Rujienas,201041177.24780113,1.0027037103933653e-06,5.569214624675422e-07,-0.44458023173260286,288.66161398742037,696459.6867270421,3908.661925554275
LVA-5791,LVA,Latvia,Mazsalacas,200902165.94546163,1.0020103840283359e-06,1.0912292650107255e-06,0.08903987663651458,419.96331941898677,478380.2695516525,3125.543023553677
AFG-1769,AFG,Afghanistan,Parwan,200853317.80763096,1.0017667513073225e-06,1.338440891731062e-06,0.33608036999069313,3593.3142829899884,55896.39591460989,202563.2578020096
SVN-1003,SVN,Slovenia,Vodice,200819257.10780483,1.001596871730602e-06,1.6058715423162773e-06,0.603311259890003,30.1749120980974,6655172.895117297,3962.9091796875
SYC-5212,SYC,Seychelles,La Digue and Inner Islands,200650836.8444533,1.0007568665869799e-06,2.2089778127884748e-07,-0.7792692824260044,22.910248226302116,8758125.833577659,5603.365613461095
BRB-1994,BRB,Barbados,Saint Joseph,200191543.6750209,9.984661171422501e-07,4.21725862216841e-07,-0.5776262659529404,26.291107508321033,7614420.336292834,4069.695556640625
MKD-2950,MKD,Macedonia,Zajas,199699500.0742069,9.960120231553085e-07,6.682323558340425e-07,-0.3290920789117374,138.32876336125346,1443658.536530687,11929.900257825851
KNA-5109,KNA,Saint Kitts and Nevis,Saint Peter Basseterre,199333899.8431803,9.94188572292209e-07,9.973308684233891e-08,-0.8996839335897882,13.288126308224896,15000903.45467287,4080.671752929687
VCT-5066,VCT,Saint Vincent and the Grenadines,Saint David,199169373.2068814,9.933679868234317e-07,5.672307294174475e-07,-0.428982273496326,56.90290136982687,3500162.0025036586,4959.989267349243
SVN-930,SVN,Slovenia,Radenci,198389412.08564815,9.894778886807054e-07,8.89389587193572e-07,-0.1011526408342317,33.46857839007578,5927631.875289788,3864.7523193359375
MKD-2961,MKD,Macedonia,Brvenica,196916640.31755885,9.821323600848123e-07,2.2227296748760643e-06,1.2631671302268463,214.76451669945754,916895.5996261007,11538.951553344728
VUT-564,VUT,Vanuatu,Penama,196478636.7706949,9.79947793780445e-07,6.973042202243621e-06,6.115728252566396,950.6414437610773,206680.06645424085,22714.917234420776
LVA-5727,LVA,Latvia,Salas,195479715.7417063,9.749656212928541e-07,9.416895277401793e-07,-0.03413053017043721,285.56418276879504,684538.6345246772,3692.882048964501
MKD-2933,MKD,Macedonia,Ilinden,194940945.82394177,9.722784772809339e-07,8.811309784055581e-07,-0.09374628874875246,82.07576561948004,2375134.052696233,13779.993194580078
MKD-2901,MKD,Macedonia,Skopje,194810265.39205015,9.716267015814114e-07,1.6457052895845326e-06,0.6937629306666815,192.88104174848343,1010002.1423882728,10003.368301391602
LVA-5741,LVA,Latvia,Rugaju,194599814.76781544,9.705770677468728e-07,4.096543776077728e-06,3.220730029803372,519.262572170892,374761.8742368584,2292.3281742930412
SVN-957,SVN,Slovenia,Kozje,194152232.7277775,9.68344728191388e-07,2.8497223415172958e-06,1.9428800080729758,83.83535270613035,2315875.4208185063,3448.5286407470703
FJI-2618,FJI,Fiji,Eastern,193997437.65650156,9.675726794278272e-07,6.377594906949415e-06,5.591334214522052,857.5087258705796,226233.77675783655,18581.39918589592
MKD-2997,MKD,Macedonia,Bosilovo,193852434.1286836,9.66849466515161e-07,1.063993983213214e-06,0.10047532740354437,158.632589170668,1222021.4972354993,11350.26441669464
LVA-5769,LVA,Latvia,Lielvardes,193131942.09157896,9.632559736357237e-07,1.0602563550537197e-06,0.10070052413158348,186.31955754564197,1036562.9064155984,4425.326751708984
SVN-235,SVN,Slovenia,Lovrenc na Pohorju,192950953.2152798,9.62353281857405e-07,2.33647561836386e-06,1.4278772280532035,70.16677193719613,2749890.6945296493,3408.3975410461426
SVN-1015,SVN,Slovenia,Naklo,192546125.0062185,9.603341793389328e-07,4.7570145571766586e-07,-0.5046500833229476,12.815883906791594,15024022.25289989,3821.23193359375
LVA-5799,LVA,Latvia,Raunas,191866129.14885476,9.569426633392513e-07,5.929301740971294e-07,-0.3803911176578755,204.45780762557155,938414.2937706922,3548.3347306251526
VUT-563,VUT,Vanuatu,Malampa,190825999.81493685,9.517549622091342e-07,1.7905382480308373e-05,17.81301720639091,2672.815006605448,71395.13933562179,22061.41524195671
VCT-5064,VCT,Saint Vincent and the Grenadines,Grenadines,190205204.86078453,9.486587139059582e-07,1.7772466707277407e-07,-0.812656897082598,21.45801879134785,8864061.808794655,4736.751235961914
GRC-2992,GRC,Greece,Ayion Oros,189911677.4838836,9.471947302885233e-07,2.480620848025296e-06,1.6189132695762343,281.28081340306716,675167.5494188283,1422.3084310640115
LVA-5786,LVA,Latvia,Erglu,189259534.9028781,9.439421340063512e-07,1.3785995635431908e-06,0.4604704185541897,406.43086902316827,465662.3040414027,2980.5214014053345
SVN-266,SVN,Slovenia,Križevci,189226552.30545315,9.43777631523481e-07,1.0901143673016181e-06,0.15505425313155063,47.26435037727885,4003578.824102892,3588.298767089844
MUS-5190,MUS,Mauritius,Port Louis city,189193952.3577805,9.436150375268804e-07,7.635473641149215e-08,-0.9190827473334781,2.9403073201848406,64344958.4534881,9365.941007224004
MDV-5238,MDV,Maldives,Thaa,189179067.96493724,9.435408008151023e-07,2.8586075557726733e-08,-0.9697034028279096,3.6914627934269997,51247724.425609425,387.6596319763764
SUR-67,SUR,Suriname,Marowijne,189063546.2670139,9.429646301185097e-07,9.229450411709897e-06,8.787695229406388,4585.107238069351,41234.269222157345,14339.681964611636
SMR-4891,SMR,San Marino,Chiesanuova,188726901.1976612,9.41285594685338e-07,2.211723928076844e-07,-0.7650315759037829,3.554487112914236,53095396.10144448,2501.9924499164244
SLB-1261,SLB,Solomon Islands,Rennell and Bellona,188567596.26948467,9.404910527673425e-07,4.088900036818486e-06,3.347622473161361,564.9185890371797,333796.0547392683,3225.830144762993
MLT-5982,MLT,Malta,Victoria,188456472.06766117,9.399368148196329e-07,3.146102391520233e-09,-0.9966528575730658,2.7694234013365633,68048992.42806621,4281.710030822206
LVA-1080,LVA,Latvia,Cesu,188254733.7243647,9.389306339559851e-07,4.3576216142564854e-07,-0.5358952560854713,120.3765402840375,1563882.2421724657,4440.03111076355
TLS-551,TLS,East Timor,Manufahi,187265360.63246056,9.339960823193676e-07,4.842553256134806e-06,4.184768274519334,1232.5752469184474,151930.16499450346,51367.10619497299
SVN-965,SVN,Slovenia,Loški Potok,185617583.67567357,9.257777059096708e-07,3.009501876581579e-06,2.2507824042105624,141.8217976906053,1308808.5660894809,2876.710173085332
NLD-5147,NLD,Netherlands,Saba,184976650.2064185,9.225810156766784e-07,2.5696200474186347e-08,-0.9721474861962782,3.343484980744183,55324504.60275343,1702.7373046875
SVN-263,SVN,Slovenia,Črenšovci,184758129.11371207,9.214911299455285e-07,5.759909407128453e-07,-0.37493599016314627,29.57948394662404,6246157.960264173,3638.229614257813
SVN-234,SVN,Slovenia,Selnica ob Dravi,184440813.8642513,9.199085030312096e-07,1.9882401053331876e-06,1.161345502059929,60.74421539102417,3036351.9007853554,3434.81982421875
LVA-5746,LVA,Latvia,Zilupes,182759348.6509165,9.115221046257226e-07,5.260355182762369e-07,-0.4229042657256997,248.62541494576357,735079.1096348077,3347.845299720764
SVN-200,SVN,Slovenia,Sveta Ana,182383681.5177576,9.096484445454946e-07,1.2019757655768063e-06,0.321362964763132,39.11559938614464,4662684.05393171,3526.9048461914062
CPV-5061,CPV,Cape Verde,Ribeira Grande,182107303.9740754,9.082699966458489e-07,2.891763191510417e-07,-0.6816185493091909,38.25374605151369,4760509.042143063,27516.538818359375
MKD-2945,MKD,Macedonia,Mogila,182096595.4073682,9.082165870920585e-07,8.022056944095905e-07,-0.11672424198053377,207.6849262818458,876792.5466109558,6846.903919219971
MLT-5937,MLT,Malta,San Ġwann,181696660.74503165,9.06221891401705e-07,1.7499273026766404e-07,-0.8068985841900235,2.895963287837764,62741355.01237424,4128.127871350512
MKD-2927,MKD,Macedonia,Demir Kapija,179965144.63407093,8.975858614458806e-07,2.0215708617617265e-06,1.2522311776449655,216.6467547600208,830684.7006936152,4400.270698666573
MNE-1512,MNE,Montenegro,Kolašin,179563814.28101546,8.955842046728197e-07,3.717413255728712e-06,3.1508249434644506,815.0709280070013,220304.52579149412,7017.164944514632
MLT-5957,MLT,Malta,Marsa,178970784.5467726,8.926264369008673e-07,1.306997641150974e-07,-0.8535784302234233,2.14814043338574,83314285.12087178,4066.19626808525
SVN-259,SVN,Slovenia,Žirovnica,178499841.56065926,8.90277583367357e-07,1.1576225293928764e-06,0.30029392070540806,36.63461353471263,4872436.866067228,3430.502990722656
SVN-1032,SVN,Slovenia,Miren-Kostanjevica,178140705.42589483,8.884863725328683e-07,1.9375676318335866e-06,1.1807510972959903,51.923594815148434,3430823.810641154,3256.523468017578
AZE-4838,AZE,Azerbaijan,Stepanakert,175825580.32353476,8.769395612679306e-07,4.494984312542685e-08,-0.9487423704999285,9.910906754205522,17740614.92899489,20640.15234375
SYC-5204,SYC,Seychelles,Baie Sainte Anne,175803566.35694128,8.768297654226916e-07,1.1372936521546083e-07,-0.8702948169641167,13.136652781452339,13382675.882638736,4909.48193359375
LVA-5720,LVA,Latvia,Durbes,175658893.3607116,8.761082010541422e-07,1.0567954906651482e-06,0.20623855523050838,240.99286174950694,728896.665592092,3016.4024238586426
MLT-5987,MLT,Malta,Għajnsielem,174690773.77543804,8.712796524276996e-07,1.2605806213550304e-08,-0.9855318482665973,2.6779749420422383,65232415.37212365,3968.9549006193943
MKD-2953,MKD,Macedonia,Drugovo,174515368.26198024,8.704048079725718e-07,2.835294038888056e-06,2.257442988501279,421.68704523148847,413850.43774863565,2062.893942594528
SVN-946,SVN,Slovenia,Dol pri Ljubljani,174223157.84635574,8.689473927705055e-07,1.9041016947055925e-06,1.1912738452838396,26.44938732789881,6587039.453370823,3390.142578125
MKD-2942,MKD,Macedonia,Kruševo,174211917.91085678,8.688913329862181e-07,1.1452527789744173e-06,0.3180621505780201,243.778839608642,714631.0081323439,8529.00636100769
MKD-3006,MKD,Macedonia,Makedonska Kamenica,173395275.86669207,8.648182867627677e-07,1.2564949555907659e-06,0.45290053971238553,231.45739581158006,749145.5404079895,7598.114130854607
LVA-5800,LVA,Latvia,Varaklanu,172588976.1176172,8.60796823293669e-07,1.3057332856550078e-06,0.5168890617635848,210.88538559301108,818401.7855589939,3229.9569331407547
LVA-5780,LVA,Latvia,Stopinu,170929492.2378152,8.525200579742716e-07,6.340481954317672e-07,-0.256265949990232,23.78734014192044,7185733.72298091,4801.793212890625
SVN-1042,SVN,Slovenia,Juršinci,170128052.467561,8.485228339115605e-07,6.151230132402276e-07,-0.2750660457720334,24.010218289994413,7085652.0508377515,3296.0171508789062
LVA-5722,LVA,Latvia,Rojas,169793405.49969247,8.468537641172662e-07,8.443734926928453e-07,-0.0029288072268370824,203.65151656635155,833744.8616267594,3499.580840200186
SVN-974,SVN,Slovenia,Muta,169643628.94098222,8.461067454556931e-07,7.648805888583665e-07,-0.09599989248824636,22.341443072234444,7593226.113124821,3338.2100830078125
LVA-5770,LVA,Latvia,Malpils,169279706.5353877,8.442916628373939e-07,1.7360050464482222e-06,1.056167463047148,221.53771981463711,764112.3447376174,3530.024932861328
DMA-1432,DMA,Dominica,Saint Andrew,168770767.76176786,8.41753303265202e-07,1.075293664237741e-06,0.2774451375083704,164.68872107140982,1024786.4374912964,7350.283247232437
MKD-2934,MKD,Macedonia,Karbinci,168573495.6546546,8.407693979953091e-07,7.687240878632944e-07,-0.08568973883183217,219.57981583151886,767709.431835935,6501.905757904053
AZE-2415,AZE,Azerbaijan,Sədərək,166264265.3704727,8.292519874538463e-07,4.0840432817870326e-07,-0.5075027442108677,72.89974794644648,2280724.831759549,17672.647827148438
LVA-5717,LVA,Latvia,Nicas,166233429.4345035,8.290981915607211e-07,2.2955878588490784e-06,1.7687768254901024,315.8864064059015,526244.3272753565,2827.9762022793293
SVN-249,SVN,Slovenia,Dolenjske Toplice,165546174.04554904,8.256704682558427e-07,1.4622480330642047e-06,0.7709826005441092,85.4751049826279,1936776.4927483262,2754.7456092834473
SMR-4890,SMR,San Marino,Fiorentino,163851388.1375365,8.172176321674829e-07,3.985628999796767e-07,-0.5122928283833282,5.69804723290232,28755709.007009797,2172.21251144838
LVA-5734,LVA,Latvia,Aknistes,163714617.1902744,8.165354796941879e-07,1.1924722060272262e-06,0.46040464337671594,309.0530108799263,529729.8891350423,2939.3685491085052
MKD-2909,MKD,Macedonia,Sopište,163463567.02791262,8.152833534743701e-07,1.7726707182848382e-06,1.1743001506537754,272.0247837880649,600914.243002459,6606.490386724472
SVN-202,SVN,Slovenia,Grad,161588891.52183643,8.059333083171574e-07,6.366445262099294e-07,-0.21005309044828324,19.983639849295688,8086059.033311268,3102.8968505859375
MKD-2930,MKD,Macedonia,Gradsko,161290689.35971713,8.044460089564111e-07,1.714074262405364e-06,1.1307511546101052,299.3399446156872,538821.13717497,3900.8259394168854
MLT-5958,MLT,Malta,Paola,160688496.69826394,8.0144254059099e-07,1.5569933638275497e-07,-0.8057261394336005,2.6610836135269147,60384610.19467651,3650.824726803113
SVN-931,SVN,Slovenia,Rogašovci,160470889.3316989,8.003572121182327e-07,1.2386639539889024e-06,0.547638898274738,39.2126351068663,4092326.080467868,3028.5436401367188
MLT-5939,MLT,Malta,Birkirkara,158366453.3923422,7.898612244128027e-07,1.5090700161127424e-07,-0.8089449172245906,2.2489146889922265,70419057.76484063,3598.0681618208337
MLT-5969,MLT,Malta,Mqabba,157969940.54374596,7.878835952029615e-07,1.2321494483438967e-07,-0.8436127550001227,2.0268300238066272,77939412.13040632,3589.0594341153997
SVN-228,SVN,Slovenia,Miklavž na Dravskem polju,156563749.0739724,7.808701394345072e-07,2.5111495613539277e-07,-0.6784164953250154,8.769534065436636,17853143.383185785,3172.314453125
SVN-949,SVN,Slovenia,Gornji Grad,156210839.72796598,7.791099850446581e-07,3.5138823697794213e-06,3.510123650357283,71.67536414462955,2179421.6407852103,2653.5706329345703
LVA-5738,LVA,Latvia,Rundales,155716452.5580892,7.766442023806653e-07,1.7445077150632157e-06,1.2462122419967034,89.43168324803449,1741177.700147017,3156.3527069091797
WSM-4987,WSM,Samoa,Atua,155123700.29394934,7.736878185058111e-07,1.9697311732093114e-06,1.545899167720342,261.70523801736636,592742.0538814572,15225.600586652756
MDA-1630,MDA,Moldova,Basarabeasca,154803553.87989342,7.720910710054355e-07,1.610757232171647e-06,1.0862269914274236,488.3861914983926,316969.55518940574,13522.129601851106
LVA-5718,LVA,Latvia,Rucavas,154251418.9865312,7.693372684571667e-07,3.1159161850518357e-06,3.050130304099932,409.1793745497917,376977.50321909453,1806.9026408195496
SVN-5884,SVN,Slovenia,Apace,153743871.30215597,7.668058470175812e-07,9.946527592861174e-07,0.2971376824455958,32.00004423407048,4804489.336876126,2840.4754028320312
LVA-5713,LVA,Latvia,Vainodes,153410713.42974,7.651442041671392e-07,1.5773784644117962e-06,1.0615440276761627,330.47986943812026,464205.92482854676,2459.823857765645
MKD-4846,MKD,Macedonia,Rankovce,153082126.32108125,7.63505358247363e-07,1.6328723521883695e-06,1.138652118875302,208.31262261481024,734867.2605603194,3618.467483520508
SVN-241,SVN,Slovenia,Vransko,152728756.16093,7.617429055221225e-07,2.6949233293229724e-06,2.537838435759093,52.597451096256705,2903729.2297953106,2812.798141479492
MUS-5181,MUS,Mauritius,Beau Bassin-Rose Hill,152326709.97582865,7.597376784981396e-07,1.661850936277262e-07,-0.7812599028177156,7.979202686752828,19090467.551190715,7540.848751656516
SVN-970,SVN,Slovenia,Mežica,151971668.4797511,7.579668898948588e-07,5.73572045912622e-07,-0.24327559216711314,15.149838921087014,10031239.887852684,2945.239013671875
MDV-5229,MDV,Maldives,Lhaviyani,151950340.97715148,7.57860517825799e-07,2.0347435631223954e-08,-0.9731514768844298,2.628711258715484,57804119.97451626,311.3717278319872
TON-4946,TON,Tonga,Vava'u,149940084.4072246,7.478342548029567e-07,4.4848982242981586e-07,-0.4002817876429232,57.94286636508309,2587722.938359499,7438.833679199219
SVN-963,SVN,Slovenia,Ljubno,149918329.2324225,7.477257496957296e-07,3.5271136570797e-06,3.717122097928258,82.80234483185464,1810556.5674119396,2617.724769592285
WSM-4989,WSM,Samoa,Fa'asaleleaga,149546957.30773175,7.458735121993069e-07,8.737716947912325e-07,0.17147435925804744,133.0625488511897,1123884.6587477997,14678.235734462738
TLS-550,TLS,East Timor,Manatuto,149035477.56819773,7.433224794226252e-07,1.0562481749022315e-05,13.209824189935315,1793.493234307317,83097.87554105729,40880.60481238365
SVN-1050,SVN,Slovenia,Zavrc,148586792.85047385,7.410846402027325e-07,1.4690814598093004e-07,-0.8017660358731202,4.996322600011282,29739231.17977577,2997.603759765625
DMA-1435,DMA,Dominica,Saint John,148523961.310194,7.407712645081071e-07,3.0203078164329366e-07,-0.5922752459305363,52.36143552117466,2836514.3130984586,6468.496879577637
DMA-1440,DMA,Dominica,Saint Paul,148221242.94107983,7.392614403214885e-07,4.046290970323589e-07,-0.45265764591158086,63.65207363035117,2328616.0919414824,6455.312927246094
MKD-2921,MKD,Macedonia,Butel,147606299.2622376,7.361943755693855e-07,1.0119821400475023e-06,0.37461270233804456,56.9108164132786,2593642.273383336,10905.032836914062
MNE-1513,MNE,Montenegro,Mojkovac,147365033.63027158,7.349910502224366e-07,1.3347781110565871e-06,0.8160467541103145,275.3790737097589,535135.1925367786,7376.656977891922
MKD-2951,MKD,Macedonia,Centar župa,146884186.11250377,7.325927973033098e-07,3.5253527168262957e-07,-0.5187841417765509,48.249276066168896,3044277.512289869,7549.6124267578125
MKD-3007,MKD,Macedonia,Pehčevo,146789956.07600257,7.321228199159718e-07,7.994677637382305e-07,0.0919858553650712,151.37935469599287,969682.7970418625,5161.895827651024
BHS-5033,BHS,The Bahamas,Long Island,146589025.1740467,7.311206662095424e-07,1.3630060831670203e-06,0.8642696700579613,179.6520348075476,815960.8396925775,1725.296732135117
MLT-5950,MLT,Malta,Kalkara,146435601.57444727,7.303554577349092e-07,9.668884905419479e-08,-0.8676139843548768,2.604804645100851,56217498.63271519,3327.0005389132307
LVA-5776,LVA,Latvia,Saulkrastu,146254820.88370508,7.2945380429328e-07,1.073414554864526e-06,0.4715319168216374,63.45028179974549,2305030.280957582,3942.713635444641
SVN-1048,SVN,Slovenia,Sveti Jurij,144926057.38060296,7.22826524683026e-07,1.3384762404608844e-06,0.8517254067949886,52.478338397085906,2761635.787398532,2668.666931152344
SVN-250,SVN,Slovenia,Horjul,144868322.87554944,7.22538570726392e-07,6.374836955376667e-07,-0.11771672632398955,11.570836377916505,12520125.438126285,2797.5328369140625
SVN-1049,SVN,Slovenia,Turnišče,143203075.26520643,7.142330584901773e-07,4.870842216994513e-07,-0.31803181621262056,22.34433381944516,6408921.2246097,2823.078857421875
LVA-5790,LVA,Latvia,Lubanas,143179946.85169685,7.141177042808603e-07,8.085920053278845e-07,0.13229513913558955,170.5319398628014,839607.799963396,2174.093178629875
LIE-4896,LIE,Liechtenstein,Schaan,141075250.47279665,7.036204176191658e-07,2.896327301913184e-06,3.116320716947728,28.17214470340533,5007614.86063729,533.2228240966797
LVA-5792,LVA,Latvia,Nauksenu,140435770.51986265,7.00430976877189e-07,9.71865460890109e-07,0.38752495673890275,337.30884705295296,416341.79401709,2478.5470008850098
MKD-2996,MKD,Macedonia,Bogdanci,139435847.55022871,6.954438071566116e-07,9.326255351370279e-07,0.34105088799360583,80.06341534378119,1741567.5680522814,8487.933692932129
LVA-5731,LVA,Latvia,Skriveru,139267380.42166793,6.946035682702316e-07,2.0015439858967972e-07,-0.7118436936796576,76.71611772326585,1815360.1166842158,3418.299736022949
CPV-5055,CPV,Cape Verde,Boa Vista,138771151.0222789,6.921285973872251e-07,3.6213114717438e-06,4.232136752352375,498.2881162062098,278495.8069617104,20968.416316330433
BHS-5029,BHS,The Bahamas,South Eleuthera,138213246.49492294,6.893460184783503e-07,1.1263307398056017e-06,0.6339120116945673,178.3527432764954,774943.2049982809,1626.7170221805573
KNA-5102,KNA,Saint Kitts and Nevis,Saint George Gingerland,137902725.40305308,6.877972777913141e-07,8.157692432217219e-08,-0.8813939412727312,10.492535734529755,13142935.977738034,2823.0810546875
MKD-2925,MKD,Macedonia,Češinovo-Obleševo,137469704.63839245,6.856375633818258e-07,3.5195034637177235e-07,-0.4866816446931246,93.45307784029886,1471002.430474395,7149.0607833862305
MKD-2956,MKD,Macedonia,Oslomej,136899291.4100364,6.827925966523231e-07,4.2045767491741506e-07,-0.3842087963769891,104.03036270757973,1315955.1485449336,7909.659811496735
LVA-5785,LVA,Latvia,Cesvaines,134649025.28226605,6.715692730199375e-07,2.3604223401983912e-07,-0.6485213908635282,83.01859108240245,1621914.1222068723,2711.145037651062
MLT-5971,MLT,Malta,Safi,133073470.47079866,6.63711108453784e-07,3.534361109768016e-08,-0.9467485014978603,0.7243810073906829,183706459.87827188,3023.414410233539
MLT-5932,MLT,Malta,Għargħur,131748188.67883238,6.57101194065532e-07,5.455203889992441e-08,-0.9169807643136256,1.1729058933405356,112326308.04130615,2993.3041557006477
MKD-2932,MKD,Macedonia,Konče,130814719.22982234,6.524454648618201e-07,1.7979335722605874e-06,1.7556840672367424,230.58333895013845,567320.7779253722,3147.8732601702213
GBR-5988,GBR,United Kingdom,Isles of Scilly,130689481.7177824,6.518208360185055e-07,2.4658690775381394e-08,-0.9621695266355657,3.1990482159638516,40852613.93236192,1611.0357778862085
KNA-5110,KNA,Saint Kitts and Nevis,Saint Thomas Lowland,130069012.3556072,6.487262116228693e-07,9.944432941238433e-08,-0.8467083222001899,13.226580316213274,9833910.901079042,2662.712890625
LVA-5763,LVA,Latvia,Jaunpils,129486214.40168332,6.458194754068907e-07,1.5988778510656333e-06,1.4757349568287323,220.62368618243454,586909.849265281,2441.13494682312
CPV-5044,CPV,Cape Verde,Santa Catarina do Fogo,128986390.74510212,6.433265779723588e-07,1.9079502072613628e-07,-0.7034243147120001,25.84655457903556,4990467.505085745,19489.93231201172
LVA-5789,LVA,Latvia,Ligatnes,128592455.02909848,6.41361802350266e-07,7.623231000681993e-07,0.18860072002210226,104.77315455095307,1227341.637084733,2599.147108078003
ISL-709,ISL,Iceland,Höfuðborgarsvæði,127772204.3380158,6.372707578057567e-07,2.309184358673746e-05,35.23552988096775,482.40637090821707,264864.25562220823,888.6844195444137
LVA-5787,LVA,Latvia,Jaunpiebalgas,126527488.07923222,6.310626683578379e-07,4.997096094289141e-07,-0.20814582372735346,180.60488311184977,700576.229718401,2103.9347262978554
MHL-4968,MHL,Marshall Islands,Railik Chain,125695502.32158215,6.269130945361432e-07,3.20595993150499e-07,-0.4886117454801133,40.48621124960093,3104649.6681711883,410.5093536376953
SVN-1005,SVN,Slovenia,Vuzenica,124418060.7042671,6.205417855982042e-07,1.5183365806375397e-06,1.446791845248356,46.80578986578789,2658176.7140566716,2258.1793823242188
MKD-2917,MKD,Macedonia,Zelenikovo,122621568.98922668,6.115816863139583e-07,5.87428788065968e-07,-0.0394925139004102,97.45611430859847,1258223.4563645832,4507.008520364761
SVN-239,SVN,Slovenia,Dobrna,122103517.24512464,6.089978753101728e-07,1.184024056832692e-06,0.9442170569637025,35.23505454554003,3465398.8427152927,2316.6580810546875
MDV-5226,MDV,Maldives,Raa,121170638.16377726,6.043450905970073e-07,1.965065897747541e-08,-0.9674843739392947,2.538462414241806,47733871.29309487,248.2989555991396
SVN-214,SVN,Slovenia,Podvelka,121153573.62523852,6.042599802910332e-07,3.7217964382124194e-06,5.159263495192698,115.47083251733956,1049213.6497504304,1922.1970520019531
SMR-4888,SMR,San Marino,Faetano,120915419.437033,6.030721734375891e-07,2.8813763819003146e-07,-0.5222169901363385,3.8250436302629875,31611513.782581236,1603.0012922910394
SVN-1002,SVN,Slovenia,Vitanje,120698544.10533611,6.019904960282034e-07,1.525470952905646e-06,1.5340449109584902,43.042488104180464,2804172.0964921024,2107.741668701172
SVN-211,SVN,Slovenia,Majšperk,120124280.88553168,5.991263272587846e-07,2.909275160326688e-06,3.855862658611004,85.49383388572969,1405063.6803361601,2050.7291870117188
LVA-5777,LVA,Latvia,Sejas,119885524.82037184,5.979355185115814e-07,4.077607649356273e-06,5.819477223073333,253.61291687680193,472710.6422525351,2133.312446549535
MNP-4938,MNP,Northern Mariana Islands,Tinian,119694957.38718665,5.969850531643784e-07,3.680600106746278e-07,-0.383468633387571,47.62553147986783,2513251.8980451454,3136.0440098047256
CPV-5056,CPV,Cape Verde,Sal,119632742.06089357,5.966747508702345e-07,9.950208247741847e-07,0.667610072862934,130.4455207782561,917108.8539272794,18076.589565753937
MDV-5225,MDV,Maldives,Shaviyani,117764274.5618926,5.873556684830059e-07,1.84301911434293e-08,-0.9686217531686893,2.380798211151359,49464198.187943675,241.31874539676625
BTN-2434,BTN,Bhutan,Daga,116370679.47225577,5.804050378396007e-07,8.521390559691076e-06,13.681799784870279,1361.8847728935089,85448.25655478214,24166.074854686856
LVA-5751,LVA,Latvia,Varkavas,115943339.3598623,5.782736559895597e-07,9.891570863582005e-07,0.710534581876334,250.29540470373553,463226.0008812375,1671.8184781074524
MDV-5232,MDV,Maldives,Alifu Dhaalu,115802923.98978832,5.775733267610062e-07,1.7995032432820893e-08,-0.9688437266766873,2.324890459357886,49810056.00658367,237.29960919349705
VCT-5065,VCT,Saint Vincent and the Grenadines,Saint Andrew,115603220.17504558,5.765772932182089e-07,2.900012671597444e-07,-0.4970296774243731,28.710286519708546,4026543.5907680076,2878.91015625
KNA-5111,KNA,Saint Kitts and Nevis,Saint Thomas Middle Island,115095866.72683048,5.74046840541944e-07,2.260328784419821e-07,-0.6062466292322246,30.321440147368754,3795857.5241624303,2356.189552307129
STP-4862,STP,Sao Tome and Principe,Príncipe,114554065.68974556,5.713445786589946e-07,5.537767825046652e-07,-0.030748162860952943,71.74372093690437,1596712.0772909329,7416.275577545166
PLW-5252,PLW,Palau,Ngarchelong,114244537.0843342,5.698007880516788e-07,5.86815964643959e-08,-0.8970138376518466,7.750127464435299,14740988.146142503,894.0879516601562
BMU-5135,BMU,Bermuda,City of Saint George,113207039.12097308,5.646262110240807e-07,3.661558941559372e-08,-0.9351507445090392,0.40563745936620205,279084282.05288565,528.5236402276845
LCA-5078,LCA,Saint Lucia,Choiseul,112923891.19073586,5.632139954564753e-07,2.791098076197273e-07,-0.5044338211206673,32.83463942715403,3439169.5222134385,4602.474670410156
MLT-5960,MLT,Malta,Tarxien,112222559.16094431,5.597160641464983e-07,8.528924065378021e-08,-0.847620523838571,1.5237250661018575,73650136.53548604,2549.6840303337476
GRD-5073,GRD,Grenada,Saint John,110989589.6924748,5.535665624485837e-07,5.811550793743411e-07,0.04983775899274967,47.32808978084065,2345110.276083984,4444.579345703125
BTN-2481,BTN,Bhutan,Chirang,110179465.58897153,5.495260248055884e-07,7.787161585160107e-06,13.170687526427983,696.1825137606476,158262.3283566872,22880.3786739707
MLT-5931,MLT,Malta,Iklin,109886752.26096016,5.480661013008787e-07,1.0558140673955806e-07,-0.8073564365886666,1.583374502689788,69400354.79558873,2496.614758029132
MDV-5230,MDV,Maldives,Kaafu,109382886.12390102,5.455530417770179e-07,1.8470846912638916e-08,-0.9661428944608681,2.386493850622074,45834137.01040495,224.14387508857197
BTN-2485,BTN,Bhutan,Shemgang,109245914.3577822,5.448698877088481e-07,1.5793661844189675e-05,27.98611613609493,2142.6730600533306,50985.80665174513,22686.513096868992
KNA-5099,KNA,Saint Kitts and Nevis,Christ Church Nichola Town,109224802.9631986,5.447645934901694e-07,1.6564505173207461e-07,-0.6959327869110793,21.857091474455807,4997224.955152367,2235.9998400767963
MNE-1515,MNE,Montenegro,Plužine,108936334.40385026,5.433258409980175e-07,3.0675369321503056e-06,4.645851348641263,904.2104315335471,120476.75032801102,2494.057272349717
BHS-5027,BHS,The Bahamas,North Eleuthera,108648214.33049165,5.418888265985276e-07,1.393894516302543e-06,1.572288720275175,207.8846147407849,522637.11033145513,1278.7479070425034
MNE-1497,MNE,Montenegro,Ulcinj,108548916.6261637,5.413935739446873e-07,1.8409092089058456e-06,2.4003159577470834,265.5900785890783,408708.47737543273,5326.0933957099915
BHS-5028,BHS,The Bahamas,Central Eleuthera,108537391.06763402,5.413360896001352e-07,8.456666171164232e-07,0.5621840726360692,121.43655479596389,893778.5763932214,1277.4435596466064
MKD-2907,MKD,Macedonia,Rosoman,107336204.41386189,5.353451064040522e-07,1.391991902401297e-07,-0.7399823243456176,62.4046678163711,1720002.816611477,4598.975399017334
SVN-248,SVN,Slovenia,Sodražica,105191715.59356356,5.246493527955275e-07,4.847498724151649e-07,-0.0760498038695051,24.495209310583075,4294379.127763396,1852.880340576172
PYF-4966,PYF,French Polynesia,Austral Islands,104197751.06387088,5.196919011153984e-07,4.355613448951229e-07,-0.16188544797351812,56.2702618273239,1851737.4485233724,2115.559898376465
SYC-5211,SYC,Seychelles,Grand'Anse Praslin,103536520.75692604,5.163939793101511e-07,1.2554416433761515e-07,-0.7568829820492308,14.228041065794267,7276934.34944034,2891.3558959960938
MNE-1499,MNE,Montenegro,Budva,102859395.09664483,5.130167785731614e-07,9.388367535848466e-07,0.8300312831794816,126.07652678362236,815848.8952759326,5822.0402364730835
MLT-5955,MLT,Malta,Cospicua,102853804.18603644,5.129888936050755e-07,6.717359548066571e-08,-0.8690544837947713,1.4500086780942758,70933233.53155074,2336.8269620024657
SVN-268,SVN,Slovenia,Sveti Andraž v Slovenskih Goricah,101918911.5209486,5.083260660344448e-07,6.774590019132952e-07,0.3327252863467949,26.679730451023758,3820087.7519374546,1999.8687133789065
DMA-1439,DMA,Dominica,Saint Patrick,101845027.9828538,5.079575679048633e-07,2.969258920059838e-07,-0.4154513865583438,46.459270183341125,2192135.7692651036,4435.541847229004
SVN-994,SVN,Slovenia,Šmartno ob Paki,101597667.00476336,5.067238416904964e-07,7.371790303272955e-07,0.45479444556618986,20.605295668592778,4930658.052125,1990.49853515625
MKD-2941,MKD,Macedonia,Krivogaštani,101513385.3668553,5.063034824774966e-07,2.4152414700011744e-07,-0.5229656611914528,67.52716642401347,1503296.980202562,5587.626403808594
BTN-2484,BTN,Bhutan,Tashi Yangtse,101314227.48995449,5.053101718291195e-07,3.502555372376591e-06,5.931495876479305,1872.9395492487893,54093.698609007566,21039.38222643733
SYC-5203,SYC,Seychelles,Baie Lazare,101044782.3269833,5.039662995520201e-07,1.1604293005080285e-07,-0.7697406946576499,6.695674316277266,15091053.948269587,2821.771728515625
TUV+00?,TUV,Tuvalu,Tuvalu,100641147.5682237,5.019531494312707e-07,1.1200991904212535e-07,-0.7768518452986375,14.470987895316949,6954683.971561668,0.0
MLT-5940,MLT,Malta,Msida,100639829.76346296,5.019465768089789e-07,9.437783670121484e-08,-0.8119763316223764,1.6646350841863295,60457592.609647244,2286.5257099992277
BMU-5134,BMU,Bermuda,City of Hamilton,100236710.39094904,4.999359972049163e-07,1.5297637020364903e-07,-0.6940080909177935,0.3577367337149982,280196862.50841004,467.9697611706
MNE-1518,MNE,Montenegro,Tivat,100184759.28808932,4.996768882785282e-07,3.163606714948888e-07,-0.3668695132472405,52.296126331842885,1915720.461824861,6095.6435546875
MKD-2895,MKD,Macedonia,Vevčani,99999612.2544022,4.987534574660557e-07,7.90903525241128e-10,-0.9984142395137282,0.31808580877615905,314379357.69329834,7478.323299407959
MLT-5949,MLT,Malta,Valletta,99655339.13029855,4.970363766985572e-07,7.32712092940221e-08,-0.8525838092963975,1.451184060749129,68671743.18249786,2264.1581925931014
NZL-5478,NZL,New Zealand,Campbell Islands,99349588.06590702,4.95511426780739e-07,3.617830649257806e-07,-0.2698794712440252,45.733099916052396,2172378.1735389237,0.0
SVN-197,SVN,Slovenia,Kuzma,98922234.62870364,4.9337997847249e-07,6.539165757190525e-07,0.3253812563363143,20.18697736629214,4900299.476923289,1931.8762151087687
BRB-1995,BRB,Barbados,Saint Lucy,98359778.86272886,4.9057470001563e-07,3.181985315411517e-07,-0.3513759850823662,25.556186276908477,3848765.9229343906,1999.5567626953125
MKD-2931,MKD,Macedonia,Lozovo,98342954.67481507,4.90490788471356e-07,8.492787958241349e-07,0.731487758355184,131.34472130780117,748739.2998790735,2800.5588388442993
SVN-245,SVN,Slovenia,Kostel,97811655.17863446,4.878409035898435e-07,1.6348795324078913e-06,2.3512555433080915,119.41339295002125,819101.2143803008,1307.2429542541504
WSM-4994,WSM,Samoa,Palauli,97490915.5466937,4.862411973832847e-07,3.6278516731250635e-06,6.4610125440797885,509.6209588456719,191300.83614990566,9568.864964723589
SVN-232,SVN,Slovenia,Podlehnik,97267720.86898115,4.851280018949466e-07,3.6299085616390276e-07,-0.2517627208777208,11.224804251961887,8665426.913968729,1696.6452026367188
GNQ-1479,GNQ,Equatorial Guinea,Bioko Sur,96306517.2338271,4.803339469425894e-07,1.2386704701688753e-05,24.78769370878807,1238.0897479745133,77786.37808073475,7106.016362011433
BTN-2480,BTN,Bhutan,Bumthang,96225097.63001554,4.799278622789486e-07,6.813522423027212e-06,13.196972000485745,2782.1988013090295,34585.98917688465,19982.54992384836
LVA-5710,LVA,Latvia,Alsungas,95789672.8296422,4.777561576117327e-07,7.858610802881452e-07,0.6448999510892879,187.1656723711222,511790.81941749057,1499.660355091095
MLT-5938,MLT,Malta,Gżira,95783080.72938968,4.777232791563188e-07,7.42556774931719e-08,-0.8445634099633771,1.3652573053493677,70157530.27219942,2176.1809135153394
SVN-210,SVN,Slovenia,Luce,95711552.5319878,4.773665284154286e-07,4.803582729043613e-06,9.062671852986082,104.86027445749646,912753.2139998646,1324.4489822387695
SVN-997,SVN,Slovenia,Štore,95491586.14646484,4.7626943420843514e-07,3.5894393850214183e-07,-0.24634269444834211,11.894345516846201,8028317.826417451,1805.459228515625
SVN-254,SVN,Slovenia,Bloke,94643889.6783666,4.7204150237135796e-07,1.0409118876590229e-06,1.2051279017414256,54.56474789971986,1734524.4561984406,1495.951644897461
SVN-928,SVN,Slovenia,Gornji Petrovci,94498874.6538528,4.713182321183016e-07,1.865931660944193e-06,2.958963464150144,58.84236180975096,1605966.7176410495,1538.9815979003906
BTN-2440,BTN,Bhutan,Punakha,94289733.12136684,4.7027512744943796e-07,5.591579732477373e-07,0.1890018004574474,991.7578070413505,95073.34598419302,19580.64315661788
MLT-5948,MLT,Malta,Siġġiewi,94182922.21375272,4.697424022891433e-07,1.3550583151785523e-06,1.8846838364497174,20.782657971411304,4531803.503830505,1825.483154296875
GRD-5074,GRD,Grenada,Saint Mark,93429168.1331604,4.659830131745318e-07,2.415048588861735e-07,-0.48173033767709683,22.501896219394837,4152057.5520489654,3741.3720703125
IND-2443,IND,India,Lakshadweep,93229872.39224608,4.649890149219546e-07,1.314920715504021e-07,-0.71721467103374,16.98760572668899,5488111.384983107,4901.4840087890625
SVN-199,SVN,Slovenia,Benedikt,92647048.77495363,4.620821507085417e-07,3.384328854138174e-07,-0.2675915204799072,12.04056117916614,7694578.9649124835,1775.5377197265625
SVN-271,SVN,Slovenia,Dobrovnik,92338801.77640408,4.605447521845454e-07,6.370953550643474e-07,0.3833516765577132,25.455386285956322,3627475.958883688,1744.609130859375
MDV-5241,MDV,Maldives,Gaafu Dhaalu,92319873.96491414,4.6045034870427133e-07,1.4462716660176988e-08,-0.9685900625314418,1.868366171533603,49412088.150330625,189.1789020335865
MDV-5231,MDV,Maldives,Alifu Alifu,92025942.35479131,4.5898434895184856e-07,1.4354339707030585e-08,-0.9687258623528,1.854068110006252,49634607.19600048,188.5765868777282
MLT-5966,MLT,Malta,Gudja,91646297.99694528,4.5709085224906654e-07,5.4545892258572937e-08,-0.8806672853105991,1.0686367349234052,85760010.86422886,2082.1936711218814
SVN-213,SVN,Slovenia,Bistrica ob Sotli,91515033.5847274,4.5643616391618226e-07,2.269629369468503e-06,3.9725011927084877,65.49102460188652,1397367.565113514,1677.9635009765625
MDV-5227,MDV,Maldives,Noonu,91476101.18253446,4.562419864612558e-07,1.516049787561429e-08,-0.9667709278727207,1.9582400914699734,46713424.763899595,187.4498701179117
DMA-1436,DMA,Dominica,Saint Joseph,90273319.60085364,4.5024304847623986e-07,9.035316427331396e-07,1.0067642261018066,104.56468727584449,863325.1048005352,3931.572259426117
GRD-5069,GRD,Grenada,Carriacou and Petite Martinique,90116242.64716963,4.4945961870114406e-07,2.511096738102158e-07,-0.4413075983647279,30.783210549150006,2927447.821054453,3608.705932617187
MKD-3000,MKD,Macedonia,Dojran,90019019.95398831,4.489747152772689e-07,1.366693536038126e-06,2.0440323018950197,112.27604702233796,801765.1346068366,2906.183108329773
SVN-975,SVN,Slovenia,Nazarje,89756945.29976948,4.476676038099431e-07,1.6982104710902891e-06,2.793462954740104,38.60164637226351,2325210.2885503517,1590.325096130371
SVN-240,SVN,Slovenia,Tabor,89748900.84052978,4.476274816357787e-07,1.4353203035266962e-06,2.2065062187012328,25.601553866546126,3505603.656261107,1656.1010131835938
CPV-5053,CPV,Cape Verde,Praia,88946792.60880575,4.436269235854475e-07,2.402037633609721e-07,-0.4585455692823699,31.18722322052133,2852026.6770745516,13439.921508789062
PLW-5249,PLW,Palau,Koror,88407790.87562971,4.409386233816644e-07,1.8090269875465075e-07,-0.5897326993782843,23.53205583142016,3756908.9377047555,691.8872680664062
SVN-983,SVN,Slovenia,Rogatec,87933953.49707046,4.385753339097827e-07,5.766496245100046e-07,0.3148245692919531,17.847559862483273,4926945.429773474,1598.3153076171875
PLW-5258,PLW,Palau,Peleliu,87777286.03411451,4.377939464917702e-07,9.262757714978918e-08,-0.7884219782113172,11.963894925622139,7336848.624951458,686.952880859375
SVN-257,SVN,Slovenia,Ribnica na Pohorju,87531833.23692061,4.3656973743250174e-07,1.5997768545178067e-06,2.6644245291169524,48.896989467472906,1790127.248941333,1428.932527065277
TON-4949,TON,Tonga,Eua,87302167.87979983,4.35424269081757e-07,4.909531390565661e-07,0.1275281924269196,62.43710579901697,1398241.746835971,4331.23876953125
SVN-252,SVN,Slovenia,Dobje,86844890.96273103,4.331435758043944e-07,2.425275405317809e-07,-0.4400758684198858,7.84145376121536,11075100.817692101,1700.6842041015625
MLT-5929,MLT,Malta,Lija,86770032.57778256,4.3277021557357277e-07,8.605552316698502e-08,-0.8011519275814044,1.2270661483585215,70713410.75936054,1971.4054645450096
SVN-1046,SVN,Slovenia,Odranci,86215131.54260817,4.30002616743883e-07,6.536795636917323e-08,-0.8479824219113822,3.346821615494419,25760300.80105473,1744.9232177734375
MNE-1508,MNE,Montenegro,Andrijevica,86123072.58318102,4.295434677205027e-07,2.0173097303319858e-06,3.6964041637914464,316.5342911540482,272081.33522970305,3740.4366993904114
MNE-1520,MNE,Montenegro,Žabljak,85897291.15542895,4.2841737067688124e-07,2.23868243061829e-06,4.225470729819537,497.2114641188187,172758.06644494837,3099.729028224945
BTN-2486,BTN,Bhutan,Tongsa,85735531.10211734,4.2761058368990966e-07,7.606162803079646e-07,0.7787592480628138,1804.2726375673294,47518.057591181525,17804.237903535366
LVA-5723,LVA,Latvia,Mersraga,85406054.32781807,4.2596730051478623e-07,3.3776467786268913e-07,-0.20706430410386722,56.46190157039486,1512631.5613252341,1740.2534738779068
PHL-5553,PHL,Philippines,Makati,85203720.10226977,4.2495814765628114e-07,9.407712602258863e-06,21.137974419702388,26.880424849968605,3169731.154839589,7704.685791753733
KNA-5100,KNA,Saint Kitts and Nevis,Saint Anne Sandy Point,85175954.05487314,4.248196629979206e-07,9.374011193394715e-08,-0.7793414003663809,12.475948910912326,6827212.476028366,1743.682885921569
MLT-5954,MLT,Malta,Floriana,84720375.20649156,4.2254743892968463e-07,7.161478178499306e-08,-0.830516587755463,1.3085484693087592,64743780.75673811,1924.8374776241117
MLT-5952,MLT,Malta,Xgħajra,84172720.37540163,4.198159809335356e-07,2.3661521557074167e-08,-0.9436383495824562,0.7302277633191671,115269131.91139723,1912.3948209300816
MLT-5944,MLT,Malta,Ħamrun,84129377.63780464,4.195998066930041e-07,6.518092684542776e-08,-0.8446593020165123,1.0720747820686993,78473422.79189397,1911.4100787649747
NRU-4983,NRU,Nauru,Yaren,83388984.24459963,4.159070547270606e-07,1.2918218358541472e-08,-0.9689396507904415,1.6690079573410819,49963203.517284416,7526.2587890625
LVA-5743,LVA,Latvia,Baltinavas,83216366.71319368,4.150461154827269e-07,1.0017172137461718e-06,1.413508225660916,183.21095176443637,454210.6566871024,1258.4369743913412
BTN-2483,BTN,Bhutan,Lhuntshi,82910106.09294432,4.1351862412759577e-07,1.2299006265690022e-05,28.742327305420293,2980.685218247442,27815.787318089595,17217.497045978904
LCA-5084,LCA,Saint Lucia,Praslin,82630767.23425081,4.121254065096757e-07,4.0358047003836803e-07,-0.02073382600620388,55.14917252249352,1498313.817864601,2574.3621892929077
BHS-5014,BHS,The Bahamas,North Abaco,82559549.26477936,4.117702030473139e-07,4.0045820670266315e-07,-0.027471624369456826,51.59402319382912,1600176.6126013962,971.694302380085
MKD-2902,MKD,Macedonia,Plasnica,82228808.8149406,4.101206172223079e-07,2.3702774105391726e-07,-0.42205358350605626,35.643171600096,2307000.3348051985,5005.850862503052
ATG-5095,ATG,Antigua and Barbuda,Saint Philip,80108659.38746269,3.995462576477013e-07,4.774537192029678e-08,-0.8805010158238146,4.037639245315205,19840469.7696584,1996.471923828125
SVN-270,SVN,Slovenia,Velika Polana,79482153.73914294,3.9642152694948066e-07,1.216803179377179e-07,-0.693053203053666,6.230743167425867,12756448.404850513,1538.4202423095703
SYC-5220,SYC,Seychelles,Takamaka,78748644.6010256,3.927631105769425e-07,4.411152410987844e-09,-0.9887689238317006,0.3837375094753738,205214873.85657635,2199.130859375
BWA-5506,BWA,Botswana,Jwaneng,78149594.96070355,3.8977531819886496e-07,2.0481563327183224e-07,-0.47452898193175364,339.1177466997313,230449.73529474527,6582.630478356034
SYR-145,SYR,Syria,Quneitra,77890174.94896199,3.8848144690401603e-07,5.4072334191659616e-06,12.918897446090785,300.29997493676865,259374.56360215344,65955.95007324219
MLT-5970,MLT,Malta,Kirkop,76134005.52766305,3.7972245723372914e-07,4.60079985319728e-08,-0.8788378257447816,0.8770053711675797,86811333.23767892,1729.756115976908
KNA-5112,KNA,Saint Kitts and Nevis,Trinity Palmetto Point,75612907.41091943,3.771234522821525e-07,1.0150791516415834e-07,-0.7308363758607801,13.495681588430331,5602748.324748664,1547.9126012753975
ATG-5094,ATG,Antigua and Barbuda,Saint Peter,75327418.25287734,3.7569955971464614e-07,4.199471232611819e-07,0.11777379664789334,23.0780775588813,3264024.83312084,1877.3135986328125
BTN-2491,BTN,Bhutan,Pemagatsel,73666099.95404628,3.674136451314409e-07,7.792420867915487e-06,20.208849946571192,533.9458043028504,137965.5001694954,15297.843871116638
SVN-267,SVN,Slovenia,Veržej,73556192.52167906,3.668654758869951e-07,1.9588611775459366e-07,-0.4660546422881937,9.453218739968694,7781073.785025168,1408.616455078125
FSM-4943,FSM,Federated States of Micronesia,Yap,73011722.91790697,3.6414990438382113e-07,2.448126881129771e-07,-0.32771453413608553,31.627272823797515,2308505.1728826356,5105.4501953125
MLT-5922,MLT,Malta,Mtarfa,72753361.12455109,3.628613110102233e-07,6.48211276205216e-08,-0.8213611491397182,0.8795605495792577,82715580.13755055,1652.9482521098043
BHS-5030,BHS,The Bahamas,Cat Island,71393723.4352243,3.5608004473163286e-07,1.2819865751550484e-06,2.600276382017544,168.26390672466675,424296.1240169416,840.2768051121384
CPV-5062,CPV,Cape Verde,Paul,71088139.82813929,3.545559300161592e-07,1.956728728372207e-07,-0.4481184595380967,25.564401777193794,2780747.245631133,10741.466796875
BTN-2435,BTN,Bhutan,Ha,68941682.28776991,3.438503573101392e-07,1.0573219365545428e-05,29.749479070655173,1660.5047461714437,41518.509625898914,14316.749393660575
SVN-231,SVN,Slovenia,Žetale,68279873.76193817,3.405495516070194e-07,1.3074553765401644e-06,2.839251499144288,40.04054135130094,1705268.4968186556,1138.870361328125
SYC-5199,SYC,Seychelles,Anse Boileau,68164948.12222916,3.399763537829064e-07,3.1812396994244935e-07,-0.06427618743864472,13.839096829945092,4925534.444902038,1903.571060845126
TCA-5006,TCA,Turks and Caicos Islands,South Caicos and East Caicos,68020917.75054176,3.39257994538908e-07,3.121817649270246e-07,-0.07981014463250369,41.00355752602143,1658902.833184041,1071.069580078125
DMA-1437,DMA,Dominica,Saint Luke,67890354.91954742,3.3860680538020084e-07,2.170757756472254e-08,-0.9358914906026522,3.319091606377521,20454498.69147885,2956.752197265625
GBR-4809,GBR,United Kingdom,City,67747103.26922156,3.3789233005097677e-07,9.089440090381196e-06,25.90040371443146,3.230521631469425,20970948.657107837,835.1322981795633
FSM-4944,FSM,Federated States of Micronesia,Kosrae,67349223.15087105,3.3590788150952175e-07,5.172351747953829e-07,0.5398125595356749,66.81034067143429,1008065.8543875256,4709.491719245911
WSM-4990,WSM,Samoa,Gaga'emauga,67177857.16154496,3.3505318439878653e-07,1.6120135226878656e-06,3.8112168388443584,243.02437803814146,276424.35587676615,6593.5973643660545
GIN-5630,GIN,Guinea,Conakry,66949522.827570856,3.3391435459774614e-07,1.6028309557421672e-07,-0.5199874058505103,21.722543582567393,3082029.623883396,29598.0361328125
PYF-4965,PYF,French Polynesia,Tuamotu-Gambier,66675543.80558155,3.3254786945435683e-07,2.69423288772326e-06,7.101789652551215,348.0683937293805,191558.74249651373,1353.7346558570862
PLW-5244,PLW,Palau,Aimeliik,66384379.3997449,3.3109567128250154e-07,1.97902116482453e-07,-0.40228117233947014,26.059613001990332,2547404.6523513114,519.5300827026367
MLT-5943,MLT,Malta,Santa Venera,65851253.45777661,3.284366769041526e-07,5.1606838317398804e-08,-0.8428712688124683,0.865061638078644,76123192.33579282,1496.133135566432
MKD-2916,MKD,Macedonia,Vraneštica,65697066.690759934,3.276676620908807e-07,5.758191354857845e-07,0.7573267127168546,96.00228385616975,684328.1644131198,1638.5137367248535
MNE-1519,MNE,Montenegro,Šavnik,65588147.74965669,3.271244229999072e-07,1.98546225890259e-06,5.069440614353497,479.43148415566844,136804.00623910764,1423.2519902586937
MLT-5930,MLT,Malta,Balzan,65185116.595579505,3.25114283390054e-07,4.9105039092163846e-08,-0.8489606836705776,0.7115531646017886,91609622.21573351,1480.9985803374357
CPV-5042,CPV,Cape Verde,São Filipe,65076751.06844419,3.245738044810822e-07,1.8784304726126944e-06,4.787375464929669,254.68603707702178,255517.54550550322,9833.14182281494
MDV-5237,MDV,Maldives,Dhaalu,62585925.8663869,3.121506794962653e-07,1.03988545407079e-08,-0.9666864267042792,1.3433631558155323,46588984.963185236,128.24905656455124
SVN-1040,SVN,Slovenia,Dornava,60835900.96421964,3.0342233594642125e-07,8.404400318897645e-07,1.7698687022110677,31.466488089883196,1933355.2823067985,1085.1290283203125
MLT-5965,MLT,Malta,Santa Luċija,59869774.75560717,2.986037293935461e-07,5.049086299727487e-08,-0.8309101393347629,0.9518641787890515,62897392.39034363,1360.2346064406547
SVN-251,SVN,Slovenia,Solcava,59639620.69451939,2.974558236054181e-07,3.7569748315431684e-06,11.630362337524382,79.61384230335493,749111.1968603753,534.4257659912109
FSM-4942,FSM,Federated States of Micronesia,Chuuk,58992225.36953795,2.9422690451860794e-07,3.261766620736484e-07,0.10858883760923987,42.140610764384256,1399890.1368414925,4125.1165771484375
MDV-5233,MDV,Maldives,Faafu,58451911.39368108,2.915320594337063e-07,8.87690986266872e-09,-0.9695508278577941,1.146646187706556,50976414.53864041,119.77776771471306
NZL-5477,NZL,New Zealand,Antipodes Islands,58301922.20131115,2.907839802502917e-07,2.7948328789679203e-07,-0.03886284362629833,36.108196351378155,1614645.0970289442,0.0
SVN-255,SVN,Slovenia,Podcetrtek,56111646.30994999,2.798598611562916e-07,4.572697339025174e-07,0.6339239647058525,13.756817552546607,4078824.633358812,1042.647979736328
SVN-230,SVN,Slovenia,Trnovska vas,55166580.47875212,2.7514629437121423e-07,2.466404571295632e-07,-0.1036024755732029,9.53586562296142,5785167.562126343,997.9613037109376
CPV-5060,CPV,Cape Verde,Porto Novo,55166387.11843448,2.7514532997620523e-07,4.363308617698106e-06,14.858196168822667,572.0922431034804,96429.18215280879,8335.679017186165
SVN-1043,SVN,Slovenia,Kobilje,54979560.7940872,2.7421352361102827e-07,8.282326018325843e-08,-0.6979607019647098,3.2884932164385634,16718769.714729726,1073.7091232713042
SVN-198,SVN,Slovenia,Cerkvenjak,53842179.93265856,2.6854077524426366e-07,3.6894394387611755e-07,0.37388425850982054,14.593500512084905,3689462.9830637104,987.0498046875
ARE-344,ARE,United Arab Emirates,Neutral Zone,53724383.21687745,2.679532577734508e-07,4.1274091793091575e-07,0.5403467058418079,13.80176242114203,3892574.120431209,618.64501953125
BHS-5012,BHS,The Bahamas,East Grand Bahama,53541021.70862638,2.6703873236535463e-07,3.060519271881899e-06,10.460956411726016,375.68273160086915,142516.58967788052,630.1573373544961
TCA-5007,TCA,Turks and Caicos Islands,Grand Turk,53294908.12547173,2.6581122760048154e-07,4.5578365332583536e-08,-0.8285310754401671,6.018064281250966,8855822.343325552,839.1911893278833
CPV-5050,CPV,Cape Verde,São Lourenço dos Órgãos,52676368.86183234,2.6272622967535134e-07,2.5256868485183756e-07,-0.0386620888065321,33.8261427760492,1557267.9749678746,7959.435546875
MDV-5236,MDV,Maldives,Meemu,51650671.553576306,2.5761050905130657e-07,8.417312655535004e-09,-0.9673254298260845,1.0873095067136962,47503191.34952312,105.84088684432652
MDV-5228,MDV,Maldives,Baa,51256381.84928711,2.5564396789355477e-07,8.852487512511903e-09,-0.9653718114866771,1.1436121194315285,44819726.00532237,105.03292112538584
MLT-5953,MLT,Malta,Isla,49636051.35583817,2.4756248219949635e-07,3.8346384820418465e-08,-0.8451042157934201,0.7367925360959602,67367744.5469854,1127.7255519481191
KNA-5106,KNA,Saint Kitts and Nevis,Saint Mary Cayon,49279186.793069065,2.4578260095280315e-07,5.997708993627995e-08,-0.7559750376805673,7.932804596408219,6212076.220228781,1008.8208062553616
MLT-5951,MLT,Malta,Birgu,48384079.25680242,2.4131820385713084e-07,1.5549947215263018e-08,-0.9355624773982275,0.4147066640290622,116670609.50197731,1099.2808854639331
MDV-5242,MDV,Maldives,Gnaviyani,48007406.112832054,2.394395262437428e-07,4.364144351575411e-09,-0.9817735007246347,0.5636982080088878,85165085.55598445,98.37522505021656
MNP-4937,MNP,Northern Mariana Islands,Rota,47733618.025082,2.380739933951657e-07,3.854271357746729e-07,0.6189384244709333,51.325940873772694,930009.6055223733,1250.635199189186
ATG-5091,ATG,Antigua and Barbuda,Barbuda,47465794.84379091,2.3673821083914274e-07,6.159092908981369e-07,1.6016471473488947,81.29030858209374,583904.7196610896,1182.9448585510254
PHL-5544,PHL,Philippines,Navotas,46151365.74509007,2.3018242484366077e-07,5.7809100349505545e-06,24.1144718754133,17.24368171072043,2676421.8059300915,4173.312755586512
SVN-196,SVN,Slovenia,Šalovci,45461794.39491597,2.2674315055733746e-07,1.598489324130047e-06,6.049779983214225,50.86194568711502,893827.276576895,675.1779174804688
CPV-5051,CPV,Cape Verde,São Domingos,45389836.01593617,2.2638425426263463e-07,7.869951240180196e-07,2.476368648435261,104.4553842801477,434538.0214599694,6858.4354248046875
MDV-5240,MDV,Maldives,Gaafu Alifu,44211185.456322946,2.2050567105117302e-07,7.319070252068561e-09,-0.9668077913045148,0.9456483958639491,46752244.96725486,90.59613237133628
NRU-4976,NRU,Nauru,Baiti,44078856.85887604,2.1984567503708475e-07,1.2835789211768418e-08,-0.9416145475247434,1.658457516179668,26578224.90407453,3978.329833984375
SVN-215,SVN,Slovenia,Preddvor,43892378.7464443,2.1891560539760991e-07,2.3824053712515425e-06,9.88275715623128,65.9459192206667,665581.4228560928,364.712158203125
DMA-1433,DMA,Dominica,Saint David,42082632.75042228,2.0988939967238124e-07,8.517261326123275e-07,3.057975933714597,119.99110981385425,350714.58890334715,1832.777527809143
MLT-5983,MLT,Malta,"Fontana, Gozo",41845721.26812201,2.087077908816385e-07,1.0611168712635966e-10,-0.9994915777380513,0.40467754459111754,103405098.27497976,950.7301210455676
CPV-5057,CPV,Cape Verde,Ribeira Brava,40371497.97367132,2.013550227197608e-07,1.0482903419832771e-06,4.20617925405443,140.84606262213543,286635.6163748841,6100.161096811295
KNA-5103,KNA,Saint Kitts and Nevis,Saint James Windward,39866317.24543104,1.9883540660150966e-07,7.123155661394898e-08,-0.6417561749618081,9.28346297837075,4294336.858811666,816.1248779296875
CPV-5041,CPV,Cape Verde,Brava,38867120.74460531,1.9385186018327962e-07,1.8644796540231972e-07,-0.03819357097713583,25.5064929539693,1523812.8116925946,5872.848663330078
BHS-5016,BHS,The Bahamas,South Abaco,38106993.91695721,1.9006068664914919e-07,3.160392535043757e-06,15.62833377466336,444.5967806325288,85711.35819459219,448.5047362744808
SYC-5206,SYC,Seychelles,Bel Air,37999391.48247722,1.895240137059369e-07,1.286431031037539e-07,-0.32123058926266224,7.6178674736019385,4988192.773654286,1061.1691778311426
LCA-5079,LCA,Saint Lucia,Dauphin,37753714.52162704,1.8829868661834724e-07,2.8624008287762977e-07,0.5201384992015097,38.41796206554798,982709.9744961064,504.8909912109375
MLT-5941,MLT,Malta,Ta' Xbiex,37100772.8444321,1.85042104800848e-07,2.418287669938575e-08,-0.8693114914283285,0.4402404984960616,84273875.23677358,842.9254219628377
AUS-1932,AUS,Australia,Jervis Bay Territory,37095523.16157876,1.8501592172458724e-07,2.9636588075743453e-07,0.6018398740763602,45.603137126077115,813442.3528588021,315.5927489697933
CPV-5058,CPV,Cape Verde,Tarrafal de São Nicolau,36965232.638508596,1.8436609071633304e-07,4.3526241659172824e-07,1.3608593906860347,58.39628778038007,633006.5496205761,5585.472063064575
GRL-2738,GRL,Greenland,Pituffik,36340398.66099605,1.812496975663893e-07,2.0835348285479098e-06,10.495383752487307,643.9498279345805,56433.587035118995,121.7912418153137
TCA-5004,TCA,Turks and Caicos Islands,North Caicos,36188972.61894345,1.8049445201771662e-07,8.64341845678835e-07,3.788744673404114,83.36037824425209,434126.78038608556,569.8380584716797
BHS-5022,BHS,The Bahamas,South Andros,36008091.486911476,1.7959229761973941e-07,6.73845615186557e-06,36.520852737979176,903.7157908012955,39844.48634562894,423.8014578446746
NZL-5480,NZL,New Zealand,The Snares,35620359.75698805,1.7765846471270141e-07,1.2585779676671542e-07,-0.29157444329914095,16.258845961235586,2190829.5239351103,260.99991870750654
SVN-939,SVN,Slovenia,Krsko,35567653.39183541,1.7739558887490843e-07,1.7569271444460982e-07,-0.009599305377877232,4.518907524621659,7870852.235422382,694.6092945921151
PLW-5248,PLW,Palau,Kayangel,35234185.14870021,1.7573239803377106e-07,4.4044814963531287e-08,-0.7493642865155288,5.700685853332311,6180692.298296743,275.7458801269531
BHS-5031,BHS,The Bahamas,San Salvador,34376406.99921487,1.7145418326723516e-07,6.548895017321504e-07,2.8196181000227574,87.58613083293616,392486.8774576335,404.59715580940247
BHS-5020,BHS,The Bahamas,Central Andros,33995365.40165866,1.6955371775606832e-07,7.266975366876419e-06,41.85942805059097,1074.893939927078,31626.716031132284,400.1124420166016
SYC-5200,SYC,Seychelles,Anse Etoile,33249402.566939335,1.6583318790030316e-07,6.363660523258353e-08,-0.6162613404571281,5.545386747154954,5995867.210523749,928.5212159675234
VUT-560,VUT,Vanuatu,Torba,32868734.153918773,1.6393458366712758e-07,3.937719235776783e-06,23.020064270101784,536.097956863499,61311.06028872218,3799.9580421447754
SYC-5215,SYC,Seychelles,Mont Fleuri,31249484.0421066,1.558584864347299e-07,5.580052857639766e-08,-0.6419795299387454,3.535398564380466,8839027.191148581,872.6715874884815
BHS-5039,BHS,The Bahamas,Bimini,31067287.488845795,1.5494977130245475e-07,3.466658836751538e-08,-0.7762720907806452,6.735151100685494,4612708.315583864,365.6500854492187
MKD-2924,MKD,Macedonia,Zrnovci,30619091.33154236,1.5271436880399908e-07,1.256278526265643e-07,-0.17736717500498522,43.919461073291,697164.5503674664,908.5489807128906
BHS-5036,BHS,The Bahamas,Acklins,30233907.039888997,1.507932413826748e-07,3.2580883854040066e-06,20.606329007384417,457.8547361861202,66033.84141383822,355.84151646867394
SVN-237,SVN,Slovenia,Jezersko,29808556.951708738,1.4867178488568667e-07,2.5634081949989345e-06,16.242062419375216,59.61449287635012,500021.98313648993,271.64061403274536
BHS-5021,BHS,The Bahamas,Mangrove Cay,29073365.758456167,1.4500497917247578e-07,2.5946042163985207e-06,16.89320774504147,410.8386750949709,70765.89308865693,342.1823896821588
NZL-5471,NZL,New Zealand,Kermadec Islands,28907071.27051891,1.4417557644834068e-07,2.0508437970222357e-07,0.4224626996772023,26.493566950489686,1091097.7492966312,0.0
PLW-5255,PLW,Palau,Ngchesar,28829283.078549773,1.4378760364704683e-07,2.630753585683783e-07,0.8296108419342272,34.70893800222716,830601.1286401184,225.62054443359375
SYC-5209,SYC,Seychelles,Glacis,28552966.077637058,1.4240945770772793e-07,7.211618863403813e-09,-0.9493599724380352,0.7747129330449803,36856188.737434246,797.3687565817663
SYC-5205,SYC,Seychelles,Beau Vallon,28490309.031554203,1.420969523123177e-07,8.887818029467077e-08,-0.37452437333544164,7.106074183312234,4009289.559411058,795.6189989282068
VCT-5068,VCT,Saint Vincent and the Grenadines,Saint Patrick,28255919.94300045,1.4092792409637723e-07,4.6119017504217246e-07,2.272525143610116,45.18571345208074,625328.6223524109,703.667724609375
MLT-5942,MLT,Malta,Pietà,28142466.87740332,1.4036207081503912e-07,2.2866486233680314e-08,-0.8370892784574799,0.413629680712454,68037832.36476041,639.3937093218924
BHS-5038,BHS,The Bahamas,Inagua,27942715.513991695,1.393658001206923e-07,1.1575970851553052e-05,82.06177585554086,1637.032060421349,17069.131503019944,328.875068962574
SYC-5208,SYC,Seychelles,Cascade,27658266.837633353,1.3794709701167978e-07,1.2596254382433856e-07,-0.08687789338782903,5.674481737998394,4874148.532794376,772.3834286625365
NRU-4981,NRU,Nauru,Anibare,25348749.8674027,1.2642825660809252e-07,4.306516529960729e-08,-0.6593707256985877,5.563820683373122,4555996.914701925,2287.847168418312
BHS-5034,BHS,The Bahamas,Ragged Island,25115029.662527524,1.2526256448556093e-07,6.695919962233009e-08,-0.46544923539348015,8.642956476952408,2905837.8032447677,295.5942885409604
PLW-5251,PLW,Palau,Ngaraard,25018421.58276227,1.247807264792345e-07,2.651299745460304e-07,1.1247670375613037,34.97543761656845,715314.0400139161,195.79640197753903
WSM-4993,WSM,Samoa,Satupa'itea,24743648.148116957,1.2341027915989364e-07,1.007434947933774e-06,7.163298509587799,136.14955816240249,181738.73262667615,2428.6224673986435
SYR-5261,SYR,Syria,UNDOF,24693358.151504148,1.231594550904684e-07,1.909850274804611e-05,154.0713482291478,334.6030450287328,73798.9642305368,20909.875968933105
MEX+99?,MEX,Mexico,,24462008.416274443,1.2200558581309437e-07,2.7239341797425976e-07,1.2326307124294376,35.16347377530365,695665.2966822304,0.0
MLT-5921,MLT,Malta,Mdina,24223050.643725794,1.2081377103941477e-07,1.799559163256153e-08,-0.8510468510523476,0.2271397891425858,106643801.75381733,550.34500954214
PFA+00?,CHN,China,Paracel Islands,23504154.397243924,1.1722823725174334e-07,1.988206489217088e-08,-0.8303986705056831,2.5714510776503543,9140424.486986812,804.6002650413141
LIE-4901,LIE,Liechtenstein,Planken,23397443.27794594,1.1669600979105535e-07,3.853111100008003e-07,2.301836204088737,3.6272746458891247,6450419.546935275,88.43543243408203
PHL-5551,PHL,Philippines,San Juan,23155387.568405725,1.1548874388960915e-07,8.312761049611197e-07,6.197897188627333,1.9815257519982248,11685635.44786395,2093.8638053210307
KNA-5108,KNA,Saint Kitts and Nevis,Saint Paul Charlestown,21540706.508900546,1.0743543505192704e-07,2.7431255437069518e-08,-0.7446721798649477,3.612649582768213,5962578.438729963,440.9714186005097
DMA-1441,DMA,Dominica,Saint Peter,21300272.97313115,1.0623625982962016e-07,1.7677616770090207e-07,0.6639908820624199,26.980709883027988,789463.0299008525,927.6668090820312
MUS-5180,MUS,Mauritius,Agaléga,20701379.231199272,1.032492450031686e-07,6.854706158661532e-08,-0.336101086409768,8.85659496272128,2337397.0830024905,0.0
NRU-4982,NRU,Nauru,Meneng,20466832.0989735,1.0207942853589322e-07,2.7588138636806966e-08,-0.729738508213666,3.5644954850991337,5741859.453752202,1847.230498902996
SYC-5216,SYC,Seychelles,Plaisance,20244748.328495976,1.0097177375728293e-07,7.09070642026933e-08,-0.29775360415931207,3.566647091095061,5676128.8155033775,565.3538675495645
CPV-5054,CPV,Cape Verde,Maio,20218807.075364415,1.0084239035870082e-07,1.028045089204657e-06,9.194572793721523,138.6021987574462,145876.52473498866,3055.0756483078003
SVN-201,SVN,Slovenia,Hodoš,20081978.46885844,1.001599503068184e-07,1.7855645138331417e-07,0.7827130588258582,6.067886118305692,3309550.9832122293,365.8780822753906
SYC-5207,SYC,Seychelles,Bel Ombre,19955894.646087818,9.953110044310688e-08,5.100543547589216e-08,-0.48754273539809345,3.8158997844187885,5229669.48125116,557.287353515625
BHS-5017,BHS,The Bahamas,Moore's Island,19462144.766212277,9.706849629735395e-08,1.0200714750446842e-07,0.0508780026012321,14.671728995343091,1326506.5605007901,229.06199645996097
TCA-5008,TCA,Turks and Caicos Islands,Salt Cay,19201251.565505534,9.576727739311621e-08,2.431178668379216e-08,-0.74613680846335,3.2031357336684203,5994516.986489088,302.34635361232915
WSM-4992,WSM,Samoa,Vaisigano,17618462.240360964,8.787303029995843e-08,7.614983019269713e-07,7.665893270410313,116.09161645666475,151763.4328654358,1729.2758522033691
BHS-5037,BHS,The Bahamas,Mayaguana,17504144.711979467,8.730286546387692e-08,1.617227256725101e-06,17.524331912040815,212.82779533571804,82245.57645005036,206.0170850753784
CPV-5043,CPV,Cape Verde,Mosteiros,17097591.520616475,8.527515950317481e-08,2.7877048332256355e-07,2.2690702069245017,37.877178281733876,451395.5974609049,2583.457832336426
SYC-5213,SYC,Seychelles,English River,16860949.248787902,8.409489341417377e-08,4.89653939985031e-08,-0.41773641643916715,3.51904332317836,4791344.607135806,470.8580572938813
PLW-5246,PLW,Palau,Angaur,16595678.926531311,8.277184338021941e-08,7.012776616012674e-08,-0.15275819292813186,9.055740592443927,1832614.2138367654,129.87926562194164
DMA-1438,DMA,Dominica,Saint Mark,16197450.37722803,8.078565702060222e-08,2.3928982187322355e-08,-0.7037966506700576,3.6331188387391036,4458277.060612048,705.4293212890625
SVN-269,SVN,Slovenia,Razkrižje,15907688.078232387,7.93404519322092e-08,4.800131340195724e-08,-0.39499571488487406,2.5553600189938632,6225223.827559067,310.6650830428091
PLW-5250,PLW,Palau,Melekeok,15540029.176956056,7.750673334024868e-08,9.345756190214937e-08,0.20579926252184766,12.348961335567727,1258407.7927426456,121.61765639005722
BHS-5018,BHS,The Bahamas,Berry Islands,15500538.906754976,7.730977348855495e-08,9.613165661220123e-08,0.24346059074190274,13.184557135937167,1175658.6699833197,182.43541145324707
BHS-5035,BHS,The Bahamas,Crooked Island and Long Cay,15499176.215194836,7.730297699093103e-08,1.453457868299702e-06,17.802094367856206,206.97597213056665,74883.93969430176,182.41937309503555
NRU-4974,NRU,Nauru,Nibok,15423356.10257457,7.692482009149607e-08,2.7088048282962827e-08,-0.6478633521567719,3.49962366029791,4407147.053423921,1392.0324186148137
BTN-2437,BTN,Bhutan,Gasa,14651103.069325482,7.307316645316232e-08,1.1957116617743214e-05,162.6321128277281,4480.876784938648,3269.6955914011114,3042.515993570909
ASM-5001,ASM,American Samoa,Swain's Island,14135851.08623657,7.050331940837518e-08,8.61180084035022e-09,-0.8778525477578122,1.1126457936802108,12704718.039224802,354.5806307899279
NZL-5476,NZL,New Zealand,Three Kings Islands,13965918.69682396,6.96557724544991e-08,2.246631227745794e-08,-0.6774666120868374,2.880810623706184,4847912.799924593,102.33202779013476
MDA-1638,MDA,Moldova,Transnistria,13525271.92875229,6.745802294185223e-08,3.719472413856338e-08,-0.4486241588991623,3.738311587960632,3618016.211465871,1567.8782978092406
MKD-5883,MKD,Macedonia,Šuto Orizari,12431788.964140745,6.20042177021601e-08,6.70396503090679e-08,0.08121113036367489,3.562270631102811,3489849.663750028,763.4487223346157
BHS-5025,BHS,The Bahamas,Spanish Wells,12353660.70626537,6.161454880382466e-08,2.6981703862951305e-08,-0.5620887536017071,4.1331220411902825,2988941.6724572894,145.39785922663464
NRU-4970,NRU,Nauru,Buada,11699051.817558205,5.834965167902268e-08,1.967241925766942e-08,-0.6628528415921655,2.5415813653406305,4603060.117255094,1055.8959599186785
SLB-5130,SLB,Solomon Islands,Capital Territory (Honiara),10757538.737560963,5.365380443210031e-08,1.1298867225493621e-07,1.1058837010882439,21.75850105967551,494406.24186643277,451.0387704189827
KNA-5107,KNA,Saint Kitts and Nevis,Saint Paul Capesterre,10539583.141064528,5.256673914378578e-08,8.409488266159907e-08,0.5997736217111429,11.320220888108325,931040.4138965308,215.7614898681641
FJI-2658,FJI,Fiji,Rotuma,9855843.780963164,4.915655222237427e-08,1.6952296155507307e-07,2.4486340862187728,21.89992354649882,450040.0999134463,944.0092086791992
BWA-5505,BWA,Botswana,Sowa,9804088.934662782,4.889842213615683e-08,8.757327534121636e-09,-0.8209077685628177,30.54657928205378,320955.37913218053,816.2089513838291
WSM-4988,WSM,Samoa,Va'a-o-Fonoti,9632230.475474391,4.804126880543253e-08,3.171277493321686e-07,5.60115265932168,42.115240645968974,228711.27714656267,945.4164237976074
NZL-5472,NZL,New Zealand,Tokelau,9597738.565403838,4.78692385443698e-08,1.41750593243377e-08,-0.7038795737016185,1.8312764950456941,5241010.077598552,70.32520172272731
AZE-5565,AZE,Azerbaijan,Şuşa,9533490.1308406,4.7548796013116026e-08,3.209829185296318e-09,-0.9324939966006519,0.6655502895325108,14324222.047197994,855.0055333072081
SYC-5198,SYC,Seychelles,Anse aux Pins,9110561.350263257,4.5439415918339044e-08,4.4377081737469656e-08,-0.023379133719028222,1.8642271297735262,4887044.719368527,254.4210978246115
CPV-5047,CPV,Cape Verde,São Miguel,8598066.95875818,4.288332251024818e-08,3.969101303168992e-07,8.255582522134247,52.62407997951423,163386.5515958717,1299.173828125
WSM-4991,WSM,Samoa,Gaga'ifomauga,8493155.481804088,4.2360070862775716e-08,2.81276305166876e-06,65.40128296245369,398.12765184837633,21332.74451642117,833.6146755218506
TON-4947,TON,Tonga,Niuas,8025528.285943684,4.0027755011918347e-08,2.0289735419467258e-07,4.068916658809855,26.210691874657034,306192.92021449923,398.162841796875
SYC-5222,SYC,Seychelles,Roche Caïman,7882265.483226851,3.9313224059543056e-08,3.204862145659672e-08,-0.18478775976102868,1.6128899848179306,4887044.719368527,220.11976655309712
TON-4948,TON,Tonga,Ha'apai,7792958.816458508,3.886780224418478e-08,3.67842778473982e-07,8.463945920148262,47.507773159536875,164035.4472159494,386.62459564208984
ASM-5000,ASM,American Samoa,Rose Atoll,7707615.373899176,3.8442147223240945e-08,6.825544223750419e-09,-0.822446332560115,0.8816835643415742,8741929.288037809,193.33615673302364
SYC-5221,SYC,Seychelles,Les Mamelles,7511633.747837343,3.746467829716663e-08,2.816931194922265e-08,-0.24811013387633885,1.3962571297425521,5379835.553084961,209.769522547143
AUS+00?,AUS,Australia,Macquarie Island,7442901.019731491,3.712187011010429e-08,4.3529293496219637e-07,10.726050807006972,56.235619783377075,132352.07593340278,0.0
NRU-4980,NRU,Nauru,Ijuw,7133696.16354682,3.5579694219511176e-08,1.1087228404339656e-08,-0.6883832577105273,1.4324440755405796,4980087.0312194815,643.8505509541894
SYC-5219,SYC,Seychelles,Saint Louis,6957804.2915397,3.4702424024897334e-08,1.9329105998445474e-08,-0.44300415485161027,1.4237242937361014,4887044.719368527,194.3033078034398
TCA-5003,TCA,Turks and Caicos Islands,Middle Caicos,6885864.211087832,3.4343618995089076e-08,8.436197838856722e-07,23.56409104719874,92.19028999290127,74691.8597567927,108.42605382204056
SYC-5214,SYC,Seychelles,Mont Buxton,6616920.965805777,3.3002250059524413e-08,8.636944647399863e-09,-0.7382922488066158,0.6444430893420947,10267657.571688639,184.7838164538949
MKD-2923,MKD,Macedonia,Centar,6590348.020417832,3.286971606175673e-08,2.0485272792308238e-08,-0.376773661390326,1.6480462944914933,3998885.2512491415,404.71993133421216
PHL-5559,PHL,Philippines,Pateros,6514132.024495874,3.248958467301105e-08,2.834192499746073e-07,7.72338790498736,0.9521282253293923,6841654.150355941,589.0510460634725
NRU-4979,NRU,Nauru,Anabar,6260347.512475431,3.122382073685179e-08,1.0935177938573969e-08,-0.6497809146826234,1.4128313735975548,4431064.902341765,565.0266149081332
MDV-5235,MDV,Maldives,Vaavu,5943322.424621667,2.9642641019191594e-08,1.2163503312242873e-09,-0.9589661956761281,0.15713746414261648,37822440.73397776,12.178864229697997
AZE-5561,AZE,Azerbaijan,Naftalan,5878285.767210569,2.9318267183988123e-08,3.4017684613048175e-08,0.16028974016672404,2.1883481840580243,2686174.8098559007,527.1906498405203
NRU-4975,NRU,Nauru,Uaboe,5819578.288730432,2.9025460469932157e-08,1.0164983923838292e-08,-0.6497907781904674,1.3133588464603294,4431064.902341764,525.245062533919
AUS-2659,AUS,Australia,Lord Howe Island,5643983.458046835,2.8149671784933976e-08,6.483047554485052e-08,1.303063284011309,8.38243783564985,673310.5056912461,46.377082738757416
PLW-5256,PLW,Palau,Ngeremlengui,5512365.466524766,2.749321995620721e-08,5.351620283646529e-07,18.465236491654665,70.64586823742643,78028.13673403834,43.1402645111084
BHS-5026,BHS,The Bahamas,Harbour Island,5395922.469564553,2.691245423099752e-08,1.5389567892785222e-08,-0.4281618554483353,2.1943494298612567,2459007.8481282373,63.50794264809952
PLW-5254,PLW,Palau,Ngatpang,5294922.526976833,2.6408711572062553e-08,3.696741487931046e-07,12.998189490780696,48.7399443736446,108636.20373436422,41.438536643981934
NRU-4973,NRU,Nauru,Denigomodu,5154298.298482932,2.5707340650879382e-08,9.003594812622605e-09,-0.6497656083958021,1.1632188677170914,4431064.902341765,465.2003285784035
NRU-4977,NRU,Nauru,Ewa,4904420.109554661,2.4461059711746594e-08,8.566354011160375e-09,-0.6497962838851714,1.106826511830764,4431064.902341765,442.6476145400597
NRU-4972,NRU,Nauru,Aiwo,4815926.453205094,2.401969282968434e-08,9.02304270600178e-09,-0.6243481226016845,1.1657477019143103,4131191.0332713607,434.6606344261924
COL+99?,COL,Colombia,,3965309.0820308737,1.9777192831039063e-08,3.366801196322465e-08,0.7023655607172328,4.350694316961631,911419.8316741553,340.29625055250114
PLW-5257,PLW,Palau,Ngiwal,3307160.988960318,1.649464373366313e-08,1.5727239425310973e-07,8.534755451076522,20.74845379400252,159393.12981077534,25.882137298583984
NRU-4978,NRU,Nauru,Anetan,2873938.389069587,1.4333922660082932e-08,5.0197895736466605e-09,-0.6497965216719247,0.6485886468398927,4431064.902341765,259.3868273597527
PLW-5253,PLW,Palau,Ngardmau,2573810.1388518875,1.2837016831103326e-08,1.8435154967471647e-07,13.360933860275361,24.319566937114203,105832.89355058309,20.142868041992188
NRU-4971,NRU,Nauru,Boe,2553710.2600113275,1.2736767601727572e-08,4.943637902853978e-09,-0.6118608694576919,0.6387392161036329,3998048.335890806,230.48469127232525
PLW-5245,PLW,Palau,Airai,2284152.000127903,1.139233124768088e-08,6.457502441074838e-08,4.668288869663426,8.505582832084976,268547.38178688555,17.87597757577896
ATG-5092,ATG,Antigua and Barbuda,Redonda,2217209.6817707256,1.105845282576764e-08,1.619898246104114e-09,-0.8535149291111014,0.19647952319523446,11284685.781569034,55.25740803481632
BVT+00?,NOR,Norway,Bouvet Island,2167116.9787184685,1.080861276861248e-08,2.1786298855601366e-07,19.1564246235811,28.147383967705647,76991.77235102445,0.0
BHS-5032,BHS,The Bahamas,Rum Cay,1829612.802748055,9.125292494867463e-09,3.7730633642781784e-07,40.347314252122274,48.48330993890672,37736.96154519008,21.53384256362915
WSM-4986,WSM,Samoa,Aiga-i-le-Tai,1581308.3977776628,7.88686088807308e-09,1.481477132445834e-07,17.784116437075753,20.46443047013682,77271.06796767312,155.2075538635254
PLW-5259,PLW,Palau,Sonsorol,1339797.9497077106,6.682314507606866e-09,8.230380403815526e-09,0.2316661232341588,1.0632467865022268,1260100.6339414923,10.48537842652702
ASM-4999,ASM,American Samoa,Manu's,1151725.419063305,5.744292621335416e-09,1.8536951992848483e-07,31.270208387362878,24.10170120729824,47786.06328065136,28.889631271362305
GNQ-1467,GNQ,Equatorial Guinea,Annobón,530420.9890559404,2.6455032798646585e-09,5.342800072097928e-08,19.195779429807626,6.899344641912548,76879.9091197311,39.137332916259766
RUS+99?,RUS,Russia,,441833.33725915104,2.203667590441746e-09,9.216249513627812e-08,40.82232181297511,14.771463804981392,29911.276437623685,0.0
VEN-44,VEN,Venezuela,Dependencias Federales,376102.70482355193,1.875832517388827e-09,1.3243169184208302e-06,704.9888908761905,175.38017898463588,2144.499492479708,126.35789728164671
VEN+99?,VEN,Venezuela,,54237.9103625259,2.7051450209851127e-10,2.717491912959971e-09,9.04564225532856,0.350967715634758,154538.17529749585,18.222119167088863
SYC-5197,SYC,Seychelles,Outer Islands,23379.271197547703,1.166053755603454e-10,7.425955193215953e-07,6367.450131506061,95.81934218693878,243.99323418371944,0.6528884023427963
GRL-2742,GRL,Greenland,Nationalparken,0.0,0.0,0.0004902128580718537,,877716.9666847837,0.0,0.0
KIR+99?,KIR,Kiribati,,0.0,0.0,1.277975691980896e-07,,16.821321942088574,0.0,0.0
MNP-4940,MNP,Northern Mariana Islands,Northern Islands,0.0,0.0,9.733952071568868e-07,,125.77443393724327,0.0,0.0
BHS-5023,BHS,The Bahamas,Black Point,0.0,0.0,2.0643142307372906e-07,,26.962858925629234,0.0,0.0
PLW-5247,PLW,Palau,Hatobohei,0.0,0.0,9.148829774258124e-08,,11.822868519294689,0.0,0.0
