adm1_code,iso3,admin,name,type_en,pop,area_km2,ag_land_usd,urban_land_usd,total_land_usd,density
USA-3521,USA,United States of America,California,State,40333989.39854669,409740.6233076846,7888904405.70461,5000138099655.165,5008027004060.87,12222432.239285719
USA-3536,USA,United States of America,Texas,State,29613706.07209957,685339.0161474077,13195113387.199133,3671162268129.8643,3684357381517.0635,5375963.27468478
CHN-1756,CHN,China,Xinjiang,Autonomous Region,25395466.843221016,1630215.7302897521,2148351043985.1558,519451710506.24884,2667802754491.405,1636472.21954927
USA-3542,USA,United States of America,Florida,State,20952911.651296135,146721.15331031627,2824882588.931492,2597497877314.595,2600322759903.527,17722889.312380377
CHN-1180,CHN,China,Guangdong,Province,114858637.52893677,175489.80419773867,231266142911.0076,2349376607217.1978,2580642750128.2056,14705371.414172785
USA-3559,USA,United States of America,New York,State,18623058.877636593,136932.67849909462,2636421065.541393,2308669874087.568,2311306295153.1094,16879143.243870683
CHN-1812,CHN,China,Henan,Province,98619861.49044222,166146.73505172844,218953544043.93066,2017220477077.9497,2236174021121.8804,13459030.78038618
CHN-1809,CHN,China,Sichuan,Province,78074496.40205568,484816.53050076094,638906912803.1577,1596975198500.3442,2235882111303.502,4611810.799838213
CHN-1814,CHN,China,Shandong,Province,98411318.76195346,155914.78536078337,205469549630.11255,2012954838738.0093,2218424388368.122,14228441.409419492
CHN-1838,CHN,China,Inner Mongol,Autonomous Region,25900025.53659294,1144496.7068411482,1508254796770.2002,529772208961.3819,2038027005731.582,1780718.977651416
CHN-1818,CHN,China,Jiangsu,Province,88609485.27053241,100090.77697803434,131902864890.05128,1812463183882.874,1944366048772.9253,19426026.12825786
CHN-1811,CHN,China,Hebei,Province,77140996.79531358,188968.37871369044,249028644581.64844,1577880925870.0093,1826909570451.6577,9667805.708486512
DEU-1572,DEU,Germany,Nordrhein-Westfalen,State,18393634.00707662,34537.83656797201,11474300519.847715,1677659593106.7532,1689133893626.6008,48906766.07095264
CHN-1808,CHN,China,Hunan,Province,68572227.51961693,211351.81868015692,278526266108.948,1402610989519.8467,1681137255628.7947,7954212.393946297
USA-3546,USA,United States of America,Illinois,State,13048190.532009007,150153.2449222235,2890962057.497207,1617562645886.1729,1620453607943.6702,10791998.593057606
USA-3560,USA,United States of America,Pennsylvania,State,13041313.351243453,119356.39678704437,2298017699.248915,1616710093136.5732,1619008110835.8223,13564485.477258967
CHN-1662,CHN,China,Xizang,Autonomous Region,3288810.2058698153,1129769.940933308,1488847388091.2212,67270985704.50234,1556118373795.7236,1377376.328945526
CHN-1810,CHN,China,Yunnan,Province,48481146.7324019,385394.9162451629,507885892203.1788,991657871576.9126,1499543763780.0913,3890927.7226329064
USA-3550,USA,United States of America,Ohio,State,11902705.35273913,116043.73739545143,2234237708.243942,1475558738688.6365,1477792976396.8804,12734793.014817234
CHN-1179,CHN,China,Anhui,Province,62179324.25564564,140193.71166935776,184751809977.6196,1271847315984.256,1456599125961.8757,10389903.43159768
CHN-1839,CHN,China,Heilongjiang,Province,39373875.53412052,452256.3306275773,595998027745.6652,805373144810.6322,1401371172556.2974,3098621.462327952
CHN-1807,CHN,China,Hubei,Province,56103426.56264448,185599.00851699937,244588379501.91745,1147567834572.2847,1392156214074.2021,7500881.740683932
IND-3253,IND,India,Uttar Pradesh,State,231436467.23725125,240261.5559114073,528464809200.49243,858686235647.9745,1387151044848.4668,5773503.961490856
USA-3543,USA,United States of America,Georgia,State,10847702.666915482,152163.92947054285,2929674592.4264264,1344771796873.8647,1347701471466.2913,8856905.0244407
USA-3549,USA,United States of America,North Carolina,State,10676780.781545622,127661.68054397109,2457922736.469122,1323582892829.2397,1326040815565.709,10387148.35897037
CHN-1820,CHN,China,Zhejiang,Province,57753289.484449014,101337.392739786,133545695482.00706,1181314964409.3948,1314860659891.4019,12975078.836572193
CHN-1152,CHN,China,Guangxi,Autonomous Region,48093757.03383122,237306.69969305323,312730448220.8796,983734006944.0101,1296464455164.8896,5463244.218733878
USA-3562,USA,United States of America,Michigan,State,10169704.094898066,250044.9101910498,4814217291.188444,1260721432850.6562,1265535650141.8447,5061233.396732199
CAN-682,CAN,Canada,Ontario,Province,14343646.142596126,1077582.8430807332,2531118424.007011,1257710147928.4788,1260241266352.4858,1169507.545934515
CHN-1817,CHN,China,Jiangxi,Province,49785435.37837853,167798.18370061196,221129876515.14673,1018336450566.1897,1239466327081.3364,7386649.2458155025
DEU-1591,DEU,Germany,Bayern,State,13132147.621213034,70023.87844252426,23263617662.719975,1197766217722.1714,1221029835384.8914,17437335.128289346
IND-2447,IND,India,Maharashtra,State,124296987.6646861,306563.19783138775,674297896870.3384,461172406035.5549,1135470302905.8933,3703870.232755111
CHN-1813,CHN,China,Liaoning,Province,44941888.132118165,146514.30007043516,193081285910.01144,919264087867.7505,1112345373777.762,7592060.114562292
JPN-1860,JPN,Japan,Tokyo,Metropolis,13316329.284856796,2183.2560458434314,987734534.6563907,1100528501645.1523,1101516236179.8088,504529112.9626865
USA-3558,USA,United States of America,New Jersey,State,8736892.868835038,19667.39344392037,378664398.7993354,1083098189827.0065,1083476854225.8058,55090007.596341275
CHN-1151,CHN,China,Qinghai,Province,6356519.557370821,714464.5992099552,941544569276.3182,130019462817.00652,1071564032093.3247,1499814.0331630777
CHN-1804,CHN,China,Shaanxi,Province,38861739.12937806,205731.12103224092,271119128859.89258,794897648018.298,1066016776878.1906,5181601.944953826
USA-3552,USA,United States of America,Virginia,State,8528585.717796963,103725.17010077804,1997063275.749503,1057274696097.0847,1059271759372.8342,10212292.333130516
CHN-1150,CHN,China,Gansu,Province,25568531.83079553,405549.5196602602,534446280796.8007,522991669207.51294,1057437950004.3137,2607420.0528955334
IND-3250,IND,India,Rajasthan,State,80744461.8949509,343082.1702990134,754622823361.7743,299581819847.4337,1054204643209.208,3072746.8066627174
DEU-1573,DEU,Germany,Baden-Württemberg,State,10941716.287753582,36123.536271300145,12001108123.862293,997979805846.9513,1009980913970.8136,27959082.03409297
CHN-1805,CHN,China,Shanxi,Province,39257260.07302695,156093.79958106088,205705460362.58542,802987833246.5449,1008693293609.1304,6462097.125679275
IND-3261,IND,India,Madhya Pradesh,State,84750233.5822907,309518.75728330534,680798766957.1627,314444218380.0769,995242985337.2396,3215452.8987924457
KOR-2498,KOR,South Korea,Gyeonggi,Province,14426469.793248177,10209.270473799324,11168565323.480333,971203937190.1935,982372502513.6738,96223574.93954113
USA-3520,USA,United States of America,Arizona,State,7644211.0040507205,295071.91506870417,5681140698.214824,947640222381.1387,953321363079.3535,3230810.234370775
CHN-1153,CHN,China,Guizhou,Province,34726009.1975228,175156.7686074875,230827257832.9737,710303338311.1082,941130596144.0818,5373075.808752108
USA-3519,USA,United States of America,Washington,State,7443296.603867187,174112.55955403447,3352260576.6206627,922733195773.8661,926085456350.4867,5318889.451298218
CHN-1178,CHN,China,Fujian,Province,35430693.958702266,120723.8221602128,159093759526.9515,724717316475.8795,883811076002.831,7320933.517412361
USA-3551,USA,United States of America,Tennessee,State,7009616.661797004,109298.32007867,2104365419.8701491,868970609088.6149,871074974508.485,7969701.399632753
AUS-2654,AUS,Australia,New South Wales,State,7887547.200376572,801945.3284355043,50117077160.799,808439297528.6783,858556374689.4773,1070592.1516675134
USA-3513,USA,United States of America,Massachusetts,State,6902163.559084719,21161.538996796906,407431796.4268837,855649825282.9541,856057257079.381,40453449.8747448
USA-3547,USA,United States of America,Indiana,State,6811963.60769742,94331.92706234119,1816211311.9105814,844467886172.9357,846284097484.8462,8971343.253971288
CHN-1828,CHN,China,Jilin,Province,27835889.471154302,191022.37235105553,251735463865.24588,569369348022.5874,821104811887.8333,4298474.580657128
USA-3531,USA,United States of America,Missouri,State,6292794.579297711,180475.8135946031,3474774918.57197,780107358544.199,783582133462.771,4341757.03578157
CHN-1154,CHN,China,Chongqing,Municipality,32116719.911876827,82362.6612982678,108540180356.42416,656931616853.8107,765471797210.2349,9293917.718833275
USA-3557,USA,United States of America,Maryland,State,6106897.534974031,25460.266446787205,490196960.5089578,757062008758.6504,757552205719.1593,29754292.136041403
DEU-1576,DEU,Germany,Niedersachsen,State,8008915.080405146,47595.598258631966,15812403210.79993,730482796920.3739,746295200131.1738,15679920.569037607
USA-3553,USA,United States of America,Wisconsin,State,5933619.418580632,169395.45123592782,3261440153.9530444,735581006642.6946,738842446796.6476,4361642.779696692
USA-3522,USA,United States of America,Colorado,State,5893862.93937506,269201.2968359016,5183043066.333688,730652461528.5559,735835504594.8896,2733402.525335666
USA-3514,USA,United States of America,Minnesota,State,5798835.818130089,224778.9721948734,4327761816.104588,718872106137.9073,723199867954.012,3217382.2172610955
AUS-2656,AUS,Australia,Victoria,State,6556069.859100783,227965.430994491,14246558574.553186,671968658544.1078,686215217118.661,3010172.2621937534
CAN-683,CAN,Canada,Québec,Province,7776733.689181666,1505504.9922057232,3536258439.5944614,681896135848.9543,685432394288.5488,455284.0394665967
IND-2446,IND,India,Karnataka,State,70426833.98081931,191841.34091989763,421962628359.0003,261300881756.03125,683263510115.0315,3561607.247106997
IND-3258,IND,India,Bihar,State,124612901.76102984,94689.3940940624,208273073040.78394,462344525059.9066,670617598100.6906,7082288.407448394
JPN-1852,JPN,Japan,Ōsaka,Urban Prefecture,8068139.1412546635,1855.0118292556801,839232415.9322891,666791642820.5905,667630875236.5227,359906532.51219875
JPN-1857,JPN,Japan,Kanagawa,Prefecture,8017456.499329597,2384.2006412058654,1078644584.7029276,662602974097.8485,663681618682.5514,278366512.95709693
IND-3264,IND,India,Gujarat,,69489599.28805427,184427.89595639013,405656462508.6345,257823510450.393,663479972959.0276,3597503.346868492
USA-3545,USA,United States of America,South Carolina,State,5283329.909946313,80163.58283854095,1543422364.9265668,654965689476.8292,656509111841.7557,8189617.88626693
JPN-1858,JPN,Japan,Saitama,Prefecture,7835479.53434819,3884.608655752583,1757449443.5579026,647563481432.8041,649320930876.3619,167152212.33799314
AUS-2657,AUS,Australia,Queensland,State,5097165.485111045,1730161.6896319913,108125384393.8546,522437302685.66406,630562687079.5187,364453.0397697342
CHN-1819,CHN,China,Shanghai,Municipality,30259484.206944764,6746.0078370037545,8890107431.844698,618942779330.3231,627832886762.1678,93067322.47157015
BRA-1311,BRA,Brazil,São Paulo,State,45000030.45774847,248638.35451139035,11859379841.61126,613149489473.0283,625008869314.6395,2513726.6957178456
JPN-1840,JPN,Japan,Aichi,Prefecture,7515880.064777434,4939.558858846315,2234723169.615949,621150172040.3073,623384895209.9232,126202544.1995687
USA-3541,USA,United States of America,Alabama,State,5002408.638441673,133834.52666919422,2576771076.6700435,620140343072.9712,622717114149.6412,4652888.381253393
KOR-2497,KOR,South Korea,Seoul,Capital Metropolitan City,9215001.4296875,577.7898720907513,632080807.9531095,620362832902.7759,620994913710.729,1074776391.3957837
IND-3263,IND,India,Tamil Nadu,State,81530957.2320726,130683.52296473866,287443585251.2093,302499911056.00464,589943496307.2139,4514291.34234768
USA-3535,USA,United States of America,Louisiana,State,4710695.525264112,119547.44600745599,2301696048.3089733,583977149867.4735,586278845915.7825,4904151.995678914
DEU-1574,DEU,Germany,Hessen,State,6219903.517165065,21012.452787522376,6980842516.543898,567309363650.2593,574290206166.8032,27330945.700343393
USA-3548,USA,United States of America,Kentucky,State,4584984.667579536,104577.84109344652,2013480100.364981,568392982309.9835,570406462410.3485,5454372.135112795
IND-3257,IND,India,West Bengal,State,100911274.62433313,86363.02011016625,189958883648.145,374405656878.522,564364540526.667,6534793.94081811
IND-2441,IND,India,Andhra Pradesh,State,52893708.63556118,160581.12986667006,353204555902.73724,196248672907.58698,549453228810.3242,3421655.0180368843
USA-3525,USA,United States of America,Oregon,State,4384780.512048123,251887.18580564213,4849687379.790242,543574003560.0665,548423690939.85675,2177259.193181126
JPN-1855,JPN,Japan,Chiba,Prefecture,6433237.859603882,5111.355871545501,2312446459.432025,531675168952.7528,533987615412.1848,104470834.90798402
IND-2444,IND,India,Odisha,State,46551792.99793619,155187.70533980566,341341505017.56934,172718605538.87497,514060110556.44434,3312505.391009141
USA-3533,USA,United States of America,Oklahoma,State,4071882.2994019557,180638.21894779764,3477901775.4991255,504784528536.73846,508262430312.2376,2813703.729326071
PAK-1113,PAK,Pakistan,Punjab,Province,123682204.22090444,203843.54037262252,189710028385.01813,316334171057.2618,506044199442.2799,2482512.806229914
CHN-1155,CHN,China,Beijing,Municipality,23113336.48273786,16252.019774729966,21417437582.75647,472771863009.46387,494189300592.22034,30407869.756633464
JPN-1847,JPN,Japan,Hokkaidō,Circuit,5070140.645065554,78782.73550226493,35642374030.49319,419021951761.85046,454664325792.3436,5771116.259085374
SAU-1097,SAU,Saudi Arabia,Ar Riyad,Region,10009013.385732088,376922.6588883888,19596404294.067112,422445937945.2842,442042342239.3513,1172766.698460135
USA-3537,USA,United States of America,Connecticut,State,3535296.638103485,12704.52507848847,244605436.1293121,438264889671.46375,438509495107.5931,34516008.461432785
JPN-1849,JPN,Japan,Hyōgo,Prefecture,5137040.373609066,8381.856892188393,3792065311.223639,424550882177.9963,428342947489.2199,51103586.35309332
AUS-2651,AUS,Australia,Western Australia,State,2618893.9013790563,2528102.1339911306,157992178802.00412,268425239449.84344,426417418251.84753,168670.96171413758
CAN-633,CAN,Canada,British Columbia,Province,4707868.838804659,945604.2471575246,2221115849.3921676,412805388170.93195,415026504020.3241,438900.8459594899
IDN-1223,IDN,Indonesia,Jawa Barat,Province,49351157.323362745,37096.818011274874,26950418946.711338,384719408732.7354,411669827679.4468,11097173.5514978
USA-3526,USA,United States of America,Utah,State,3282923.350784637,219761.2757413472,4231154046.68411,406978589752.3276,411209743799.01166,1871165.6201113153
SAU-888,SAU,Saudi Arabia,Makkah,Region,9523884.21718156,138261.8314811074,7188304242.924944,401970308756.3884,409158612999.31335,2959302.7129488178
JPN-1829,JPN,Japan,Fukuoka,Prefecture,4900512.862947464,5051.345503159836,2285296957.931813,405003057748.46014,407288354706.39197,80629676.67755362
CAN-632,CAN,Canada,Alberta,Province,4621238.909732747,663753.7267347026,1559081324.95726,405209318118.3875,406768399443.3448,612830.3059696824
IND-3260,IND,India,Chhattisgarh,State,29564849.457128726,134510.57266212188,295861332653.43695,109692865566.49759,405554198219.9346,3015035.845833838
EGY-1550,EGY,Egypt,Al Wadi at Jadid,Governorate,667697.5342485043,452985.2434177858,399172752497.395,4666515140.1366825,403839267637.5317,891506.453037087
ESP-5833,ESP,Spain,Madrid,Autonomous Community,7266019.223542511,8000.803539694713,2643228855.173664,399317607603.96985,401960836459.1435,50240058.3222521
USA-3523,USA,United States of America,Nevada,State,3170791.1802544584,287086.71575794386,5527398378.220884,393077749631.4845,398605148009.7054,1388448.5980388862
IND-20011,IND,India,Telangana,State,39317508.856538534,114817.23366203127,252545053452.11102,145877631464.48013,398422684916.5912,3470059.9571085554
USA-3529,USA,United States of America,Iowa,State,3170555.8897388205,145446.37892803922,2800338834.4962063,393048581054.5777,395848919889.0739,2721614.128908107
BGD-1806,BGD,Bangladesh,Dhaka,Division,58588462.01564026,30548.63464967723,135673937227.9886,257136589698.458,392810526926.4466,12858529.732378626
DEU-1580,DEU,Germany,Rheinland-Pfalz,State,4212916.026836753,20096.493789642354,6676538893.33201,384254627696.55206,390931166589.8841,19452705.067954108
USA-3528,USA,United States of America,Arkansas,State,3092195.085694275,137538.73004295977,2648089624.67982,383334321501.6444,385982411126.3242,2806354.3338357415
USA-3544,USA,United States of America,Mississippi,State,3074729.3693082123,123807.03060028599,2383707578.895274,381169125466.1917,383552833045.087,3097989.114070562
DEU-1601,DEU,Germany,Sachsen,State,4120676.7912244797,18166.86284082666,6035469052.274208,375841606189.9684,381877075242.2426,21020529.443534113
NLD-3485,NLD,Netherlands,Zuid-Holland,Province,3619359.8742980957,3194.876644722933,3386562355.548599,377271791890.14557,380658354245.69415,119146495.02178375
USA-3530,USA,United States of America,Kansas,State,2894729.3703777073,212825.66655798,4097619916.2353835,358854822665.71704,362952442581.95245,1705397.889511947
PAK-1108,PAK,Pakistan,Baluchistan,Province,8139121.6740744095,347994.3152684122,323866095078.1939,20816918037.003704,344683013115.19763,990484.6084894792
ESP-5809,ESP,Spain,Barcelona,Autonomous Community,6086611.353554726,7753.034476301292,2561373284.72607,334501053374.81616,337062426659.54224,43474903.6251343
CHN-1816,CHN,China,Tianjin,Municipality,15570064.054139258,11475.353838122273,15122592636.15819,318477957327.78406,333600549963.94226,29071046.929785106
IDN-1233,IDN,Indonesia,Jawa Timur,Province,37750174.29592653,47248.41390673528,34325438612.204502,294283366842.36774,328608805454.57227,6954917.1767590055
DEU-1599,DEU,Germany,Berlin,State,3542920.8291015625,889.2498417211949,295430198.73451024,323145231348.69336,323440661547.42786,363723046.5190633
BRA-601,BRA,Brazil,Minas Gerais,State,21441252.852694765,586372.3989704204,27968384128.396687,292148540935.66956,320116925064.0662,545927.6828618507
IND-3256,IND,India,Jharkhand,State,38078508.740762234,77947.9991369189,171449711691.04218,141280636193.66696,312730347884.7091,4012038.1709270724
IND-2477,IND,India,Assam,State,35363960.57632336,79529.71095381731,174928749485.31836,131208994621.21922,306137744106.5376,3849350.644368756
NLD-3486,NLD,Netherlands,Noord-Holland,Province,2869787.1219246387,3485.91096394085,3695058106.4765925,299138457471.4994,302833515577.97595,86873565.82269682
MEX-2731,MEX,Mexico,México,State,17084231.278879523,21825.725455899297,4005230404.6699386,295532245891.538,299537476296.20795,13724055.903729223
IDN-1224,IDN,Indonesia,Jawa Tengah,Province,32495278.164925456,34058.43006338642,24743064448.184135,253318561919.47235,278061626367.6565,8164252.605013025
USA-3524,USA,United States of America,New Mexico,State,2187574.7578333225,315074.91393928573,6066266646.048749,271190032416.69022,277256299062.73895,879969.4510625674
ARG-1295,ARG,Argentina,Buenos Aires,Federal District,15579229.534887627,306085.03258889547,18508843916.32638,258683507261.54752,277192351177.8739,905605.7032039607
ITA-5422,ITA,Italy,Roma,Province,4223932.32109642,5355.731798135401,2716340120.7508945,270725920432.3661,273442260553.11697,51056003.33614838
NLD-3483,NLD,Netherlands,Noord-Brabant,Province,2550920.6376571655,5201.1126565274935,5513168202.802676,265900720945.88507,271413889148.68774,52183812.7863003
IDN-558,IDN,Indonesia,Papua,Province,5391042.681537028,312592.4325661453,227094868747.73904,42026142149.092415,269121010896.83145,860932.5846040269
PAK-1114,PAK,Pakistan,Sind,Province,51553206.206958175,140650.21203522672,130898215703.9956,131854383203.70633,262752598907.70193,1868127.9971472344
BGD-2476,BGD,Bangladesh,Chittagong,Division,30037096.255801782,29222.51451102329,129784314254.269,131828626830.98523,261612941085.2542,8952444.56073651
DEU-1579,DEU,Germany,Schleswig-Holstein,State,2791634.345478058,15436.021183277218,5128217731.272278,254621361843.76056,259749579575.03284,16827495.666851986
USA-3532,USA,United States of America,Nebraska,State,2031040.634443252,200968.87184564664,3869336180.8113217,251784755479.54166,255654091660.35297,1272107.9106057135
ISR-3055,ISR,Israel,HaMerkaz,District,2685380.0098876953,1251.2146047215936,2450063718.4973273,245071245591.36682,247521309309.86414,197824824.27540067
ARE-349,ARE,United Arab Emirates,Abu Dhabi,Emirate,2831440.4999440024,59354.08992754262,10784376317.007168,234851251846.7076,245635628163.71478,4138478.552422893
CHE-176,CHE,Switzerland,Zürich,Canton,1458893.2305297852,1738.61155320812,541049012.5260508,242951313289.13702,243492362301.6631,140049893.17617625
SWE-194,SWE,Sweden,Stockholm,County,2248623.373987496,6318.317093605202,390674794.4656585,240874750449.01334,241265425243.479,38185077.08131092
RUS-2365,RUS,Russia,Moskva,Federal City,12349721.146932304,2854.3421808827793,33304597.50215084,241135472572.9293,241168777170.43143,84491894.06430723
KOR-2505,KOR,South Korea,South Gyeongsang,Province,3414585.484392643,10131.726183893548,11083734730.589474,229873206254.98294,240956940985.57242,23782417.389903683
DEU-3487,DEU,Germany,Brandenburg,State,2529747.449372369,30037.684127690205,9979241575.339212,230734996409.30502,240714237984.64423,8013741.570800463
JPN-1856,JPN,Japan,Ibaraki,Prefecture,2875111.745512724,6335.67773010512,2866346210.9230857,237613711231.19714,240480057442.12024,37956485.11278213
AUS-2655,AUS,Australia,South Australia,State,1740251.4691907875,983849.8165034201,61485085603.69444,178368209981.51135,239853295585.2058,243790.55782887572
ARE-350,ARE,United Arab Emirates,Dubay,Emirate,2816978.742784516,3870.5313368759,703258470.2182244,233651734578.77432,234354993048.99255,60548532.656540185
USA-3518,USA,United States of America,Idaho,State,1844960.3836542657,216254.19680870234,4163630816.4523835,228716693890.84784,232880324707.30023,1076882.336361339
NLD-896,NLD,Netherlands,Gelderland,Province,2170563.6159973145,5133.716314558951,5441728225.616283,226253385476.80862,231695113702.4249,45132044.605844244
IND-2442,IND,India,Kerala,State,39897996.06358215,37724.611488907874,82976777275.17732,148031381824.60428,231008159099.78162,6123539.7790035475
BRA-624,BRA,Brazil,Bahia,State,14729867.156724593,560047.9555701328,26712779078.98061,200702320315.78714,227415099394.76776,406063.6185400544
IND-3249,IND,India,Punjab,State,31127721.986167908,50378.231323205946,110808915321.82188,115491507175.48201,226300422497.3039,4492027.936539767
BRA-627,BRA,Brazil,Rio de Janeiro,State,16427598.33732515,43977.8278956171,2097623943.2088025,223834815917.65247,225932439860.86127,5137416.981964634
CHN-1775,CHN,China,Hainan,Province,8860699.530435443,33840.60010210446,44596237913.56646,181241225285.6552,225837463199.22168,6673565.554919857
USA-3554,USA,United States of America,West Virginia,State,1804877.1681754475,62736.98065518542,1207900840.0386128,223747643820.15118,224955544660.1898,3585692.8770064497
SAU-1098,SAU,Saudi Arabia,Ash Sharqiyah,Region,4645059.471709316,553430.7555204824,28773151675.027836,196051941356.68954,224825093031.71738,406238.8849717562
TUR-2265,TUR,Turkey,Istanbul,Province,12686114.338693276,4807.2872669552235,3112289197.785171,220809101550.02145,223921390747.8066,46579573.533501565
KOR-2509,KOR,South Korea,North Gyeongsang,Metropolitan City,2971983.538668871,18623.112634027126,20372998297.326942,200076814035.99756,220449812333.3245,11837431.081769368
SGP-4875,SGP,Singapore,South East,,1593845.71875,78.54855508773548,71698979.94189993,218989584295.4173,219061283275.3592,2788864582.3042426
JPN-1821,JPN,Japan,Hiroshima,Prefecture,2582637.8806214333,8302.04821093114,3755958785.4713106,213442198390.5517,217198157176.023,26161996.613081887
CHN-1803,CHN,China,Ningxia,Autonomous Region,7213309.682381783,52134.74064425969,68704848327.701546,147544680948.6279,216249529276.32944,4147896.903370126
JPN-1850,JPN,Japan,Kyōto,Urban Prefecture,2559228.837646961,4610.985961889486,2086072351.451844,211507557211.39886,213593629562.8507,46322767.26241094
DNK-3419,DNK,Denmark,Hovedstaden,Region,1583893.1031723022,2529.7722734956205,1170963992.9550524,206882466399.3385,208053430392.29355,82241960.10528919
DEU-1600,DEU,Germany,Sachsen-Anhalt,State,2201118.822940115,20665.238807457215,6865489676.069386,200761203982.4549,207626693658.5243,10047147.075968005
JPN-1866,JPN,Japan,Miyagi,Prefecture,2459438.2578366194,7502.183936904986,3394089380.369866,203260361236.61435,206654450616.98422,27545905.612951312
ITA-5450,ITA,Italy,Milano,Province,3207719.30002594,1547.7238970514284,784980405.2677536,205593436156.84894,206378416562.1167,133343173.77620685
IND-2430,IND,India,Haryana,State,29537916.370524406,43945.382596015086,96659609735.52127,109592937188.62906,206252546924.15033,4693383.803713955
JPN-1845,JPN,Japan,Shizuoka,Prefecture,2448219.0798740126,7668.5572444361,3469358912.6843886,202333151879.6845,205802510792.3689,26837187.78283729
SGP-4872,SGP,Singapore,South West,,1490488.9052734375,200.2253255896034,182765317.41767052,204788670523.73648,204971435841.15414,1023703845.8425521
CHL-2698,CHL,Chile,Región Metropolitana de Santiago,Region,7713183.302972852,16080.374069974569,1149370448.2006514,201123126556.63654,202272497004.8372,12578842.76352267
PRI-5260,PRI,Puerto Rico,Puerto Rico,,3113922.169590831,9005.955771246154,0.0,198445755943.899,198445755943.899,22034946.76017491
DEU-1577,DEU,Germany,Thüringen,State,2101917.1023750007,16067.87830559248,5338135874.0251665,191713143218.89236,197051279092.91754,12263677.58986158
KOR-2507,KOR,South Korea,Busan,Metropolitan City,2830314.405029297,282.0985846086486,308605446.1921356,190539510569.4577,190848116015.64984,676529860.2274476
FRA-5330,FRA,France,Nord,Metropolitan department,2417380.142665863,5566.192310021034,1445806103.1092746,189167670020.8065,190613476123.91577,34244859.95224183
JPN-1867,JPN,Japan,Niigata,Prefecture,2214576.199147625,12453.135062505002,5633966565.394164,183023727792.50192,188657694357.8961,15149413.654552205
FRA-5333,FRA,France,Paris,Metropolitan department,2382883.03125,129.37585448177796,33605091.16222488,186468161543.09125,186501766634.25348,1441550027.8726387
POL-3148,POL,Poland,Masovian,Voivodeship|Province,5474554.159151942,34985.300607122546,19898615449.881233,165924631911.56033,185823247361.44156,5311466.362636038
SGP-4871,SGP,Singapore,Central Singapore,,1343741.84375,108.62089966640883,99148962.03697304,184626067819.13162,184725216781.1686,1700641564.8230462
IND-3299,IND,India,Arunachal Pradesh,State,1623444.736312654,80591.99128935179,177265277161.19284,6023379401.042175,183288656562.23502,2274278.791600624
SWE-3428,SWE,Sweden,Västra Götaland,County,1689993.1877739197,29475.40927544217,1822526361.0351593,181033734717.30136,182856261078.33652,6203688.619539735
JPN-1841,JPN,Japan,Gifu,Prefecture,2146405.1846510987,10685.663857164862,4834338710.5445595,177389731904.09982,182224070614.64438,17053135.214660626
JPN-1844,JPN,Japan,Nagano,Prefecture,2091338.5321555077,13696.475807343088,6196470718.015229,172838746473.7152,179035217191.73044,13071626.57825777
BGD-3255,BGD,Bangladesh,Rajshahi,Division,21552799.748077393,18843.88425862335,83690285976.9204,94592232583.18265,178282518560.10303,9461028.104039498
AUT-2331,AUT,Austria,Wien,State,1897433.926612854,409.9117796828755,73037215.69265604,177704821855.97763,177777859071.6703,433697853.74113065
IDN-1185,IDN,Indonesia,Kalimantan Timur,Province,4429841.950102534,195722.82750638714,142190421753.39328,34533053898.94327,176723475652.33655,902927.2563854076
ZAF-1208,ZAF,South Africa,Gauteng,Province,15483491.996969923,18213.92632128516,2829406309.3886347,172523693029.7773,175353099339.16595,9627418.945592463
BRA-594,BRA,Brazil,Pará,State,8507372.626925567,1230349.4250384935,58684353820.28351,115917503386.00146,174601857206.28497,141912.41419145805
CHE-3424,CHE,Switzerland,Bern,Canton,1033860.5498565435,5921.96488228789,1842891959.3129327,172170089687.96393,174012981647.27686,29384331.907765172
DNK-3416,DNK,Denmark,Midtjylland,Region,1282885.189813869,13191.00405589886,6105763329.850314,167565886639.89203,173671649969.74234,13165915.894937387
BGD-2432,BGD,Bangladesh,Khulna,Division,17186461.510234445,21822.381650344734,96918519342.90503,75428982937.7287,172347502280.63373,7897740.266947953
USA-3538,USA,United States of America,New Hampshire,State,1386427.0450489926,24266.428191339262,467211502.5451529,171873072654.4888,172340284157.03397,7102004.580078355
EGY-1556,EGY,Egypt,Al Bahr al Ahmar,Governorate,380440.8749199287,191410.07058013533,168671465217.52087,2658888211.619407,171330353429.1403,895095.8165882473
DEU-1578,DEU,Germany,Hamburg,State,1834861.2204589844,773.6993772937809,257041553.53263813,167355321267.03564,167612362820.56827,216637582.68338928
JPN-1864,JPN,Japan,Fukushima,Prefecture,1946213.8626500368,13985.736260747042,6327336055.537782,160844913063.16498,167172249118.70276,11953053.168026302
USA-3561,USA,United States of America,Maine,State,1331690.2003491288,84257.90775673244,1622252083.1633458,165087436353.197,166709688436.36035,1978564.30185379
AUT-2330,AUT,Austria,Niederösterreich,State,1726196.3171810508,19098.894678285236,3403000741.2531896,161667505113.44272,165070505854.69592,8642935.030286083
JPN-1859,JPN,Japan,Tochigi,Prefecture,1961264.6661415696,6481.89789590676,2932498189.6158404,162088787246.56543,165021285436.18127,25458791.250073567
BRA-612,BRA,Brazil,Rio Grande do Sul,State,11108464.014678761,272281.8191013748,12987109422.57366,151358765097.39096,164345874519.96463,603587.3972869855
RUS-2364,RUS,Russia,Moskovskaya,Region,8374577.026456417,44001.70594622751,513413954.2771543,163518476639.82193,164031890594.0991,3727852.9790312005
BRA-613,BRA,Brazil,Paraná,State,11258584.70706049,198666.00210948405,9475833224.768152,153404239843.89404,162880073068.6622,819868.882139681
IDN-381,IDN,Indonesia,Sumatera Utara,Province,14040545.40788246,73123.88190616416,53123673620.25514,109453772121.54095,162577445741.79608,2223315.3041631836
ETH-3131,ETH,Ethiopia,Oromiya,Administrative State,43929326.08745953,325607.6042252904,90574580715.04245,71590308081.87093,162164888796.9134,498037.78134343034
BEL-3480,BEL,Belgium,Antwerp,Province,1827778.3123779297,2768.939117330196,1757821611.8339908,160304542589.46194,162062364201.29593,58528684.573446326
USA-3517,USA,United States of America,Hawaii,State,1292625.0677591756,16847.94534760378,324380407.30946773,160244596338.01752,160568976745.327,9530478.253133941
THA-416,THA,Thailand,Bangkok Metropolis,Province,11673051.369110107,1563.7440448796567,1703289897.1808372,158519171089.344,160222460986.52484,102460796.90033628
KOR-2506,KOR,South Korea,South Jeolla,Metropolitan City,2192446.0497766137,11469.742635045088,12547475374.637281,147597594292.72763,160145069667.3649,13962394.341617707
MEX-2734,MEX,Mexico,Veracruz,State,8492659.969565252,70966.63244569428,13023059167.625698,146910612097.69513,159933671265.32083,2253646.0552458465
IND-3254,IND,India,Uttarakhand,State,11529752.149630442,52639.401251516865,115782448146.08835,42778217233.894775,158560665379.98312,3012204.9569363976
FIN-3193,FIN,Finland,Uusimaa,Province,1585813.96751225,9037.1492340518,517306349.8422212,155935222255.81055,156452528605.65277,17312155.034039132
JPN-3503,JPN,Japan,Gunma,Prefecture,1832956.3127831742,6336.244500749973,2866602625.6208563,151484738874.86804,154351341500.4889,24360067.147380363
MYS-1148,MYS,Malaysia,Selangor,State,7240247.979658879,7729.72147894917,6106980666.886975,147930015695.90814,154036996362.7951,19927884.437012848
FRA-5344,FRA,France,Seine-Saint-Denis,Metropolitan department,1962324.8466796875,233.843110286876,60740229.081582494,153558148558.69867,153618888787.78024,656931429.7920618
JPN-1822,JPN,Japan,Okayama,Prefecture,1819283.5016274452,6934.871933809174,3137429764.8155427,150354748916.47888,153492178681.29443,22133383.304885995
MEX-2719,MEX,Mexico,Jalisco,State,8012016.559493421,80000.07229533723,14680782207.24029,138596183187.62177,153276965394.86206,1915960.335998293
ITA-5397,ITA,Italy,Napoli,Province,2366867.0965636373,1148.318547986529,582408503.7985245,151700411973.44403,152282820477.24255,132613742.71473406
MYS-1187,MYS,Malaysia,Sarawak,State,2653569.6836724044,122557.41878486212,96828299588.936,54216734849.23084,151045034438.16684,1232443.0127180796
FRA-5274,FRA,France,Bouches-du-Rhône,Metropolitan department,1908097.9159346418,5182.269463047287,1346082995.3973107,149314719087.1107,150660802082.508,29072359.73675444
IND-2429,IND,India,Himachal Pradesh,Union Territory,7694447.941955821,55397.679707615294,121849390868.13321,28548294992.31091,150397685860.44412,2714873.378347822
PAK-1123,PAK,Pakistan,K.P.,Province,31384929.246078864,74956.23280381087,69759135005.46135,80271253567.06041,150030388572.52176,2001573.2242735394
ITA-5434,ITA,Italy,Turin,Province,2276891.2648666753,6971.934703873869,3536051966.2282968,145933560612.88416,149469612579.11246,21438756.805347234
DNK-3417,DNK,Denmark,Syddanmark,Region,1094867.6128774844,11879.124944459152,5498529540.983181,143007701516.7163,148506231057.6995,12501445.329688875
IND-2431,IND,India,Jammu and Kashmir,Union Territory,14791789.37864939,42553.27451101783,93597612859.9337,54881177939.12533,148478790799.05902,3489244.776230208
QAT-1100,QAT,Qatar,Ar Rayyān,Municipality,1410935.67776486,6388.5943120307675,1037571752.1679325,146976776860.65024,148014348612.81818,23168531.508423217
IDN-1228,IDN,Indonesia,Kalimantan Barat,Province,4823255.261893038,148150.37080099722,107629569710.91148,37599926995.91883,145229496706.83032,980284.3956557466
KOR-2502,KOR,South Korea,South Chungcheong,Province,2024280.3489837646,7516.271608808898,8222523898.004121,136276516229.2085,144499040127.21262,19224829.49629748
EGY-1540,EGY,Egypt,Matruh,Governorate,611574.9789803477,158911.60279442152,140033660727.26102,4274276528.44737,144307937255.70837,908101.9555406197
POL-3146,POL,Poland,Silesian,Voivodeship|Province,4524471.247716352,12248.716627614518,6966711667.409446,137129198935.18185,144095910602.5913,11764163.951489381
USA-3515,USA,United States of America,Montana,State,1095192.5743055963,379493.2417895167,7306539153.771758,135769215961.61642,143075755115.38818,377017.9264344954
FRA-5338,FRA,France,Rhône,Metropolitan department,1817419.8986968994,3276.927530452097,851174655.687838,142218876385.24515,143070051040.93298,43659815.39457313
JPN-1830,JPN,Japan,Kumamoto,Prefecture,1686042.744846886,7253.89986224758,3281762310.2530923,139343061890.6461,142624824200.89917,19661813.219007917
IND-20012,IND,India,Ladakh,Union Territory,320348.08947032865,64254.768663984054,141330908864.8165,1188570229.7827907,142519479094.59927,2218037.385519123
DEU-3488,DEU,Germany,Mecklenburg-Vorpommern,State,1471700.7138745189,23207.348564686698,7710039717.629819,134231920666.88588,141941960384.5157,6116250.6345296465
CHE-3422,CHE,Switzerland,Vaud,Canton,844800.9027023315,3312.1547990782574,1030729423.1813931,140685750323.7894,141716479746.9708,42786792.38857109
ISR-3056,ISR,Israel,HaZafon,District,1448566.143655777,4659.217273304417,9123438261.383804,132198015863.70287,141321454125.08667,30331587.010291636
AUT-2326,AUT,Austria,Oberösterreich,State,1482298.9375562072,11885.725198196154,2117773428.311544,138825212799.8744,140942986228.18594,11858173.050271789
BGD-5492,BGD,Bangladesh,Rangpur,Division,16530291.92288208,15392.686129655449,68362673346.09239,72549146120.87233,140911819466.96472,9154465.846963834
SWE-3429,SWE,Sweden,Skåne,County,1307923.5627221093,11481.826533757041,709945410.2589808,140106060188.46106,140816005598.72003,12264251.265660146
KOR-2495,KOR,South Korea,Incheon,Metropolitan City,2082117.6373291016,367.2132714349195,401717774.0755415,140170178570.89136,140571896344.9669,382807232.9621131
BEL-3478,BEL,Belgium,East Flanders,Province,1544616.9958343506,2979.184971552572,1891293201.7427402,135469996178.58267,137361289380.32541,46107002.65070852
NLD-3484,NLD,Netherlands,Utrecht,Province,1287026.5846557617,1395.3862129760307,1479106377.4313443,134155995166.82437,135635101544.25572,97202552.44243667
GRC-2884,GRC,Greece,Attiki,Region,3547067.714310169,3797.8183807693467,1546379534.1103065,133535868629.40466,135082248163.51497,35568380.21731585
KOR-2504,KOR,South Korea,Daegu,Metropolitan City,1996197.4563598633,465.5436764453954,509287610.183046,134385948663.13719,134895236273.32024,289758497.64150405
NZL-3398,NZL,New Zealand,Auckland,Unitary Authority,1424923.066137731,4628.068912503952,3414219841.2721853,131166087370.2899,134580307211.56209,29079149.372205287
NOR-921,NOR,Norway,Oslo,County,817530.8113898635,783.029780752993,30735951.427611437,134512752545.0462,134543488496.47382,171824229.17183477
BRA-592,BRA,Brazil,Amazonas,State,4372039.621546332,1565707.6637256413,74680038570.612,59571378833.264725,134251417403.87672,85744.8810619104
ISR-3053,ISR,Israel,HaDarom,District,1159153.3298729714,14521.049693627743,28434368392.59911,105785828946.87961,134220197339.47871,9243147.029403696
ESP-5849,ESP,Spain,Valencia,Autonomous Community,2368496.911968369,10770.510457660901,3558258103.126138,130165155280.6501,133723413383.77625,12415698.764644977
BRA-621,BRA,Brazil,Ceará,State,9279067.801116426,150227.4513265224,7165444814.093554,126432262982.17972,133597707796.27327,889302.8978165645
BRA-1313,BRA,Brazil,Pernambuco,State,9460278.162688442,97630.16494936231,4656695916.48061,128901351104.00726,133558047020.48787,1367999.8091753733
ZAF-1216,ZAF,South Africa,KwaZulu-Natal,Province,10642972.715846825,94006.31770593005,14603225232.591341,118588555999.66634,133191781232.25768,1416838.6176863913
JPN-1843,JPN,Japan,Mie,Prefecture,1576807.3034025505,5819.450330995904,2632797960.452519,130315294994.2544,132948092954.70691,22845472.577812176
ARE-348,ARE,United Arab Emirates,Sharjah,Emirate,1573224.332250774,2583.657010124895,469439081.70902437,130489658487.2972,130959097569.00623,50687493.36920523
KOR-2496,KOR,South Korea,Gangwon,Province,1632202.3823304996,19170.955614444778,20972318310.39813,109881447279.11847,130853765589.5166,6825625.608924886
IDN-1931,IDN,Indonesia,Kalimantan Tengah,Province,2548567.571944164,152033.2059810453,110450405578.06107,19867485639.077866,130317891217.13893,857167.2903706726
BEL-2,BEL,Belgium,Hainaut,Province,1445219.845336914,3981.3206370702633,2527484774.1075177,126752410113.9698,129279894888.07732,32471610.973591562
ISR-3058,ISR,Israel,Jerusalem,District,1398243.8155212402,635.2639580187036,1243941022.8567116,127605535249.57028,128849476272.42699,202828249.0231145
JPN-1853,JPN,Japan,Shiga,Prefecture,1525264.405791968,4008.7814456296223,1813626891.4846764,126055530410.15611,127869157301.6408,31897263.304549538
MEX-2727,MEX,Mexico,Distrito Federal,Federal District,7323135.865871936,1375.1440970240315,252352159.3512182,126679553447.95284,126931905607.30405,92304439.86342897
USA-3539,USA,United States of America,Rhode Island,State,1021784.110748291,2832.3710880033673,54532803.15327977,126668889885.68268,126723422688.83595,44741108.68649189
CHE-162,CHE,Switzerland,Aargau,Canton,748341.1784667969,1424.7677438061364,443382065.09835774,124622191872.68816,125065573937.78651,87779621.96398783
USA-3555,USA,United States of America,Delaware,State,1006979.0800005198,5171.620245342643,99571327.36501491,124833534657.68816,124933105985.05318,24157440.03971734
KOR-2499,KOR,South Korea,North Jeolla,Province,1718444.8763137944,8248.01739555078,9023026797.832462,115687375611.55627,124710402409.38873,15120045.997558292
IDN-1230,IDN,Indonesia,Sumatera Selatan,Province,8008571.917522332,84701.36558895334,61534584645.15897,62431221880.26613,123965806525.42511,1463563.2573743605
FRA-5295,FRA,France,Gironde,Metropolitan department,1548897.4559188485,10154.513408938941,2637612328.6860356,121206142826.26001,123843755154.94604,12195932.01245146
MYS-1186,MYS,Malaysia,Sabah,State,3190335.1816775836,73841.956371603,58339928701.77728,65183725036.30854,123523653738.08582,1672811.2283004008
KOR-2494,KOR,South Korea,North Chungcheong,Province,1706848.0831247568,7660.611783548895,8380426725.09871,114906668247.56589,123287094972.6646,16093635.65941596
POL-3144,POL,Poland,Greater Poland,Voivodeship|Province,3493158.521131672,29607.271154797516,16839749637.873196,105871825353.77248,122711574991.64568,4144643.1976140323
NLD-899,NLD,Netherlands,Overijssel,Province,1141832.8506247997,3344.525975601308,3545190323.649599,119021412778.90825,122566603102.55785,36646928.14368761
CAN-630,CAN,Canada,Manitoba,Province,1376918.8129664324,652597.482843282,1532876588.4605646,120733929624.68027,122266806213.14084,187354.08797539384
IDN-492,IDN,Indonesia,Riau,Province,7421450.209074388,88265.26172469222,64123714901.87092,57854285314.25542,121978000216.12634,1381947.9808102464
HKG-5158,HKG,Hong Kong S.A.R.,Kowloon City,,1046391.0,13.042915005312034,0.0,121005031386.58293,121005031386.58293,9277453033.87324
PER-587,PER,Peru,Lima Province,Captial District,10066121.189302623,2714.835396769908,94004729.43235153,120422415571.7363,120516420301.16866,44391796.439871915
AUT-2323,AUT,Austria,Steiermark,State,1243075.0676553622,16439.755766956652,2929200982.7449226,116420619634.24312,119349820616.98804,7259829.300924111
TUR-3008,TUR,Turkey,Ankara,Province,5877068.773657432,25685.672863318625,16629179358.566267,102293755283.3576,118922934641.92387,4629932.619431441
BRA-1294,BRA,Brazil,Goiás,State,7466510.809137731,341246.90330492955,16276558192.398079,101735204269.83076,118011762462.22885,345825.1527539183
GBR-2317,GBR,United Kingdom,Essex,Administrative County,1459015.8439655304,3386.553542940798,813560027.2205557,117049373535.96947,117862933563.19002,34803209.832271196
MEX-2724,MEX,Mexico,Puebla,State,6414110.140291579,34590.80925949012,6347745977.479114,110954736225.0636,117302482202.54271,3391145.934822567
MEX-2735,MEX,Mexico,Chiapas,State,5965217.998706625,73384.4177793129,13466746015.503504,103189557880.18437,116656303895.68788,1589660.4132842673
USA-3563,USA,United States of America,Alaska,State,703431.9291635301,1505329.4893862102,28982726547.810234,87203295334.11426,116186021881.9245,77183.11685324035
MEX-2728,MEX,Mexico,Guanajuato,State,6381022.56489823,30419.04332319887,5582186830.180127,110382369502.35419,115964556332.53432,3812235.483556275
JPN-3501,JPN,Japan,Kagoshima,Prefecture,1347397.4276555404,7702.48901259195,3484710103.0742173,111355707752.32832,114840417855.40254,14909520.50274432
FRA-5342,FRA,France,Seien-et-Marne,Metropolitan department,1446651.898601532,5896.220449227975,1531530180.0521693,113205103392.56717,114736633572.61934,19459352.74310214
HKG-5167,HKG,Hong Kong S.A.R.,Yuen Long,,988187.3359375,172.4057078108307,0.0,114274338751.9015,114274338751.9015,662822247.6096158
BRA-593,BRA,Brazil,Maranhão,State,7229925.345022345,326134.28140153724,15555726831.09347,98511600750.82225,114067327581.91573,349755.711333749
GBR-3409,GBR,United Kingdom,Kent,Administrative County,1408172.3569641113,3549.82507596323,852783146.2900757,112970460804.13425,113823243950.42432,32064465.57638868
NGA-2839,NGA,Nigeria,Borno,State,6104817.024313875,71047.41632812443,79620532208.83485,34117277423.250896,113737809632.08575,1600871.8615016285
EGY-1544,EGY,Egypt,Al Jizah,Governorate,11534139.607460324,37551.35689708197,33090434424.58353,80611705668.85966,113702140093.44319,3027910.2937630126
USA-3534,USA,United States of America,South Dakota,State,883278.1219396545,199304.1757639704,3837285103.8473625,109498531039.46773,113335816143.3151,568657.5091007381
FRA-5298,FRA,France,Haute-Garonne,Metropolitan department,1417675.8875815868,6373.081061356827,1655393666.0670307,110937638547.30064,112593032213.36768,17666970.046258386
GBR-2035,GBR,United Kingdom,Hampshire,Administrative County,1391143.4905414581,3642.39922875449,875022461.0712547,111604322009.24509,112479344470.31635,30880564.54173432
FRA-5306,FRA,France,Hauts-de-Seine,Metropolitan department,1431060.2421875,167.16233865828698,43420046.59218421,111985006783.20445,112028426829.79663,670177431.8843731
JPN-1851,JPN,Japan,Nara,Prefecture,1331728.1753771342,3851.0456054305278,1742265066.0980902,110060721847.2062,111802986913.30429,29031852.221029535
NGA-2851,NGA,Nigeria,Niger,State,5836485.885249354,70500.96891904183,79008146343.39597,32617686546.685665,111625832890.08163,1583323.3869206053
FRA-5334,FRA,France,Pas-de-Calais,Metropolitan department,1399211.8238601685,6760.415115672958,1756002827.3179119,109492766947.81584,111248769775.13376,16455908.087244673
POL-3170,POL,Poland,Lesser Poland,Voivodeship|Province,3372257.1728806645,15616.33049037021,8882111909.104729,102207506557.57898,111089618466.68372,7113682.5988145545
NLD-898,NLD,Netherlands,Limburg,Province,1037016.2799682617,2094.663943305566,2220339264.0027256,108095631202.94904,110315970466.95177,52665235.7861583
CAN-631,CAN,Canada,Saskatchewan,Province,1235582.8959028416,650866.8765153887,1528811592.8183637,108341012552.51646,109869824145.33482,168805.37036015093
JPN-3502,JPN,Japan,Okinawa,Prefecture,1306738.0181794167,3296.644289899712,1491446420.0436037,107995409427.51736,109486855847.56097,33211607.38603427
IDN-1226,IDN,Indonesia,Banten,Province,13148874.278860956,9514.974860948065,6912521680.216319,102502705355.3963,109415227035.61263,11499266.01326938
SAU-845,SAU,Saudi Arabia,Al Madinah,Region,2400659.404745012,144288.83349798294,7501651199.9695835,101323554564.36394,108825205764.33353,754217.7944480702
MEX-2709,MEX,Mexico,Chihuahua,State,3644378.562938183,247982.51272289347,45507174631.655716,63042425731.825775,108549600363.48149,437730.86727603077
LUX-908,LUX,Luxembourg,Luxembourg,District,491088.08586120605,998.6988759826925,249051970.36292005,108291623443.70224,108540675414.06516,108682084.28417835
ESP-5844,ESP,Spain,Sevilla,Autonomous Community,1883243.7278939337,14006.697178566545,4627398481.212967,103497163552.94025,108124562034.15321,7719490.230688257
JPN-1865,JPN,Japan,Iwate,Prefecture,1220816.5389977675,15473.604797089836,7000467885.0235405,100894425761.51213,107894893646.53568,6972835.034976968
BEL-3475,BEL,Belgium,Flemish Brabant,Province,1211310.989654541,2123.6822367176233,1348189459.6402643,106237530457.14516,107585719916.78542,50659989.54865799
FRA-5316,FRA,France,Loire-Atlantique,Metropolitan department,1352158.3086690903,6747.7085697690645,1752702330.210722,105810680014.98907,107563382345.1998,15940727.31995316
BEL-3479,BEL,Belgium,West Flanders,Province,1192544.5401992798,3281.5300469389085,2083232672.1411073,104591626752.31343,106674859424.45454,32507658.89648442
JPN-1826,JPN,Japan,Yamaguchi,Prefecture,1254756.1086390615,6021.425634811518,2724174316.929906,103699362687.05739,106423537003.98729,17674142.878843103
RUS-2371,RUS,Russia,Krasnodar,Territory,5399630.8025528435,75037.14168807639,875536863.9300076,105430925103.6292,106306461967.5592,1416717.9023085258
BGD-2488,BGD,Bangladesh,Sylhet,Division,12089089.969789505,11968.81886631125,53156443755.44082,53057330068.8398,106213773824.28061,8874206.804419234
AUS-2650,AUS,Australia,Northern Territory,Territory,212615.20327734065,1348476.3635791284,84272196079.56606,21792134007.545982,106064330087.11203,78654.94194173036
JPN-1863,JPN,Japan,Aomori,Prefecture,1202547.4985159962,9656.571071890256,4368763229.685748,99384580268.9737,103753343498.65944,10744325.57128686
BEL-3474,BEL,Belgium,Brussels,Capital Region,1181174.4990234375,164.5374185394238,104454239.69554313,103594421983.23755,103698876222.93309,630244944.544857
MEX-2714,MEX,Mexico,Nuevo León,State,5254666.4242293,64983.96997404451,11925183100.195702,90898053556.74109,102823236656.9368,1582286.1653113193
ISR-3057,ISR,Israel,Tel Aviv,District,1116309.30078125,177.9498283094991,348452149.1426674,101875827555.27023,102224279704.4129,574455624.2370709
FRA-5311,FRA,France,Isère,Metropolitan department,1264410.7057375163,7925.330530414221,2058587021.760275,98944151535.04073,101002738556.801,12744293.524313368
IDN-1236,IDN,Indonesia,Sulawesi Selatan,Province,8592540.299743965,46805.589810198035,34003731911.706615,66983576534.38006,100987308446.08667,2157590.7675899747
BEL-3481,BEL,Belgium,Liege,Province,1118824.5616927147,3747.6569573651177,2379146710.7981324,98126046460.56284,100505193171.36096,26818141.12517481
GBR-2042,GBR,United Kingdom,Hertfordshire,Administrative County,1246279.740158081,1633.1581032657932,392337559.144157,99982644766.61882,100374982325.76297,61460664.54009881
ZAF-1926,ZAF,South Africa,Eastern Cape,Province,6647165.829874295,169346.29037273244,26306764066.14346,74065565918.572,100372329984.71547,592704.6276821017
NGA-2869,NGA,Nigeria,Kano,State,13908576.870825171,20086.668706930333,22510477303.80658,77729238038.5283,100239715342.33488,4990360.363127313
FRA-5349,FRA,France,Val-d'Oise,Metropolitan department,1275200.5126800537,1343.5714746263566,348989709.6226942,99788488180.0184,100137477889.6411,74530815.65123957
KEN-890,KEN,Kenya,Rift Valley,Province,14341474.847881634,180852.49481952976,46051760014.53835,54062379540.9522,100114139555.49055,553567.9209479145
FRA-5289,FRA,France,Essonne,Metropolitan department,1272473.0986175537,1838.5405762968373,477556835.61963844,99575059371.58278,100052616207.20242,54419585.565376535
MEX-2720,MEX,Mexico,Michoacán,State,5154958.738927566,58881.158355860396,10805258509.532566,89173256245.76718,99978514755.29974,1697971.2618943232
JPN-1832,JPN,Japan,Ehime,Prefecture,1171982.9064552858,5631.592284754689,2547808442.050044,96858568484.16295,99406376926.213,17651557.83654944
DNK-3420,DNK,Denmark,Sjaælland,Region,734194.3018097878,7176.07760379685,3321614586.7098856,95897840372.2652,99219454958.97508,13826418.89302845
ZAF-1189,ZAF,South Africa,Western Cape,Province,7093771.593781393,129675.31511762158,20144154988.53678,79041838437.24646,99185993425.78323,764879.5249567499
PRT-746,PRT,Portugal,Lisboa,District,2188857.232956767,2741.0934077387324,639051507.3389364,97784359357.25934,98423410864.59828,35906624.19118098
IRN-3245,IRN,Iran,Razavi Khorasan,Province,9864072.605750581,136917.42147004523,36788719145.66846,61511608611.517494,98300327757.18594,717953.396300938
POL-3141,POL,Poland,Lower Silesian,Voivodeship|Province,2872919.3022756875,19658.520672550523,11181191425.777971,87073406141.17763,98254597566.9556,4998066.701130259
USA-3516,USA,United States of America,North Dakota,State,760355.0471698061,182744.74457859492,3518459578.1289306,94259960329.03793,97778419907.16687,535054.6202170771
IDN-1227,IDN,Indonesia,Jakarta Raya,Special district,12444941.35546875,816.0437234754033,592846540.6335418,97015161136.31166,97608007676.9452,119611247.37440278
NGA-2864,NGA,Nigeria,Kaduna,State,8483861.225774787,44510.27571314726,49881220517.23196,47412763708.94193,97293984226.17389,2185876.9164495557
BRA-614,BRA,Brazil,Santa Catarina,State,6806577.59274682,95096.84434918365,4535863346.955537,92743261140.00769,97279124486.96323,1022947.9763783383
RUS-2337,RUS,Russia,City of St. Petersburg,Federal City,4965637.5523456335,2023.991211384374,23616023.718011107,96956955024.70377,96980571048.42178,47915509.96018841
ETH-3134,ETH,Ethiopia,Somali,Administrative State,6480386.637471508,310559.4426983935,86388619136.92197,10560892168.993765,96949511305.91573,312176.9876437805
KOR-2503,KOR,South Korea,Daejeon,Metropolitan City,1425909.7167358398,366.1063400480163,400506831.9680749,95993624969.82687,96394131801.79495,263295445.22269806
ESP-5803,ESP,Spain,Alicante,Autonomous Community,1714242.338153839,5808.011510979809,1918795223.6093035,94209377688.83148,96128172912.44078,16550961.156105561
FRA-5357,FRA,France,Yvelines,Metropolitan department,1214733.1634750366,2261.467138872806,587411071.9237828,95056726154.02884,95644137225.95262,42292959.10690305
DEU-1581,DEU,Germany,Saarland,State,1032607.2073783875,2654.141450079835,881769666.1591632,94182769250.65652,95064538916.81569,35817435.01800034
JPN-3500,JPN,Japan,Nagasaki,Prefecture,1119802.186946988,3990.783183635922,1805484234.5714767,92546091086.91673,94351575321.4882,23642370.6776088
GBR-5690,GBR,United Kingdom,Birmingham,Metropolitan Borough,1175009.94921875,273.73405023755856,65759799.31770836,94265034217.02065,94330794016.33835,344607453.60131085
NGA-2858,NGA,Nigeria,Bauchi,State,7044661.414390251,49036.04400673299,54953102069.1938,39369675924.830154,94322777994.02396,1923539.712564757
MEX-2723,MEX,Mexico,Oaxaca,State,4466168.719785395,92157.35901678406,16911761173.479773,77258195042.14058,94169956215.62035,1021838.7030651534
JPN-1868,JPN,Japan,Yamagata,Prefecture,1085526.9806205682,9244.537489887716,4182353669.91061,89713415455.7359,93895769125.64651,10156892.027140988
COL-1399,COL,Colombia,Bogota,Federal District,9067003.063202105,1669.977311991009,99241148.61003412,93525708384.41257,93624949533.0226,56063605.691384785
JPN-1831,JPN,Japan,Miyazaki,Prefecture,1083511.7930188887,7856.431459043407,3554355745.8741455,89546870205.5871,93101225951.46124,11850319.885918941
GBR-2755,GBR,United Kingdom,Surrey,Administrative County,1149483.7833251953,1683.0276191131013,404317834.7121554,92217200576.98624,92621518411.6984,55032678.82229218
MYS-1143,MYS,Malaysia,Johor,State,3785500.7569584846,19192.826564641167,15163576215.829283,77343923573.7509,92507499789.58018,4819899.741083797
GBR-2123,GBR,United Kingdom,Lancashire,Administrative County,1144404.551209569,2814.001790780394,676014521.6892002,91809719781.19038,92485734302.87958,32866267.03859735
NZL-3400,NZL,New Zealand,Canterbury,Regional Council,632303.8927538061,45860.775488464096,33832419648.247734,58204424935.25021,92036844583.49796,2006875.0169008605
BRA-602,BRA,Brazil,Mato Grosso,State,3564933.375416033,903196.7692517306,43080053273.84716,48574124437.40524,91654177711.25241,101477.5305132955
SAU-886,SAU,Saudi Arabia,`Asir,Region,2076040.5949799875,77378.07297136747,4022926098.1939206,87622514084.05518,91645440182.2491,1184385.1450805843
FRA-5307,FRA,France,Hérault,Metropolitan department,1140418.8133227825,6181.294566245945,1605577549.4686081,89241392347.27829,90846969896.7469,14697078.245200105
IRN-3212,IRN,Iran,Fars,Province,9146812.541432697,125717.36787471136,33779345891.985634,57038829252.2828,90818175144.26843,722399.5910793877
CHE-167,CHE,Switzerland,Sankt Gallen,Canton,541285.8065395355,2032.5780132882871,632530207.7640961,90141001967.49458,90773532175.25868,44659310.2856633
JPN-1835,JPN,Japan,Ōita,Prefecture,1058085.8207954317,6550.506847642368,2963537806.405109,87445539837.78273,90409077644.18784,13801844.612486362
FRA-5343,FRA,France,Seine-Maritime,Metropolitan department,1131465.9108276367,6209.676403287235,1612949668.6707914,88540799306.474,90153748975.14479,14518268.444297649
JPN-1842,JPN,Japan,Ishikawa,Prefecture,1066357.013391275,4114.067987077731,1861259945.4367397,88129112840.49251,89990372785.92924,21873817.61035272
IRL-5575,IRL,Ireland,Dublin,County,498865.00390625,110.90235593555221,17542367.892520733,88415989715.4281,88433532083.32062,797399941.0320127
IRN-3216,IRN,Iran,Tehran,Province,13426857.973791838,14417.008241566647,3873745659.4288845,83728867940.89761,87602613600.32649,6076337.901212646
FRA-5273,FRA,France,Bas-Rhin,Metropolitan department,1101099.0058305264,4637.1201133247905,1204481661.3011377,86164492592.16814,87368974253.46927,18841214.399949234
IDN-1229,IDN,Indonesia,Lampung,Province,8123168.982385747,32924.65119484666,23919386916.30558,63324569015.9348,87243955932.24039,2649806.5360186943
ESP-5836,ESP,Spain,Murcia,Autonomous Community,1511102.8220471432,11309.677525857276,3736382955.879419,83045467563.36314,86781850519.24257,7673238.279414557
NGA-2848,NGA,Nigeria,Taraba,State,3335284.098975554,60455.63057307123,67750661882.17164,18639512443.519207,86390174325.69084,1428984.753062383
JPN-1846,JPN,Japan,Toyama,Prefecture,1017223.5421989516,4368.564975322087,1976397821.6073196,84068475387.3917,86044873208.99901,19696370.248597495
ITA-5445,ITA,Italy,Brescia,Province,1303603.3119726933,4871.076374458917,2470530767.016958,83552287225.30286,86022817992.31981,17659919.775303315
RUS-2386,RUS,Russia,Sverdlovsk,Region,4263772.665547594,194573.77431805545,2270295860.650106,83252635781.63878,85522931642.28888,439539.87088974705
RUS-2603,RUS,Russia,Krasnoyarsk,Territory,2985179.4694327875,2329230.7126441197,27177572434.664635,58287361594.02996,85464934028.6946,36692.34377030674
FRA-5350,FRA,France,Val-de-Marne,Metropolitan department,1090719.9111328125,235.4817372461038,61165858.7987063,85352295484.13422,85413461342.93292,362717985.44473386
POL-3147,POL,Poland,Łódź,Voivodeship|Province,2460835.649409294,18545.185204783258,10547958783.629278,74583835953.19734,85131794736.82661,4590506.58145323
JPN-1862,JPN,Japan,Akita,Prefecture,959343.677566437,11722.253563982524,5303305900.005659,79284991941.1027,84588297841.10837,7216044.029367533
ZAF-1210,ZAF,South Africa,Limpopo,Province,5834553.531454364,125667.53606690343,19521574489.817745,65011091982.57244,84532666472.39018,672669.0847776813
FRA-5308,FRA,France,Ille-et-Vilaine,Metropolitan department,1056794.712715149,6732.778171771543,1748824192.456156,82697541014.03844,84446365206.4946,12542573.518989842
ETH-3109,ETH,Ethiopia,Amhara,Administrative State,24975854.080933996,156171.52257512958,43442382773.97537,40702401960.414894,84144784734.39026,538797.2361856858
MEX-2712,MEX,Mexico,Sonora,State,2950485.6021113284,179178.96378288142,32881062078.350082,51039091091.00962,83920153169.35971,468359.40669379715
RUS-2378,RUS,Russia,Bashkortostan,Republic,4208439.625285719,142993.9620659604,1668460209.0600622,82172226057.91327,83840686266.97333,586323.2618752057
RUS-2367,RUS,Russia,Rostov,Region,4206346.486365008,101463.27403510561,1183878206.9024818,82131356305.73012,83315234512.6326,821136.8626228845
CHE-159,CHE,Switzerland,Genève,Canton,494581.1257324219,278.1912527869058,86572013.36089534,82363213092.07588,82449785105.43678,296378064.6568109
POL-3140,POL,Poland,Pomeranian,Voivodeship|Province,2334145.6598363197,18649.696636543547,10607401828.411667,70744073065.54121,81351474893.95288,4362080.331888455
MEX-2708,MEX,Mexico,Coahuila,State,3073075.474538276,150977.22408014417,27705771774.702465,53159716814.84196,80865488589.54442,535613.8257424716
HKG-5161,HKG,Hong Kong S.A.R.,Kwun Tong,,698262.5,12.836044969491283,0.0,80747326504.69458,80747326504.69458,6290670272.394251
PRT-754,PRT,Portugal,Porto,District,1776578.116240263,2310.3603173128377,538631496.1418343,79366324275.98442,79904955772.12625,34585495.24650038
BEL-3,BEL,Belgium,Limburg,Province,893671.4009475708,2364.5496639312046,1501100719.5855992,78379081414.85934,79880182134.44495,33782408.27542585
ISR-3054,ISR,Israel,Haifa,District,856217.8301849365,856.799236206726,1677739945.4455814,78139544261.27394,79817284206.71953,93157510.92413607
GBR-2777,GBR,United Kingdom,Staffordshire,Administrative County,984299.147983551,2606.8277775442843,626244602.5928087,78965282741.77196,79591527344.36476,30531946.92414339
USA-3540,USA,United States of America,Vermont,State,637069.1267147651,24636.6392598604,474339328.2069592,78976408237.84514,79450747566.0521,3224902.0139487274
KOR-2508,KOR,South Korea,Ulsan,Metropolitan City,1160381.878238678,1035.8021336668228,1133129328.069716,78118033374.80351,79251162702.87323,76511874.35028517
MEX-2729,MEX,Mexico,Guerrero,State,3870550.942199388,64694.69739786292,11872098802.049425,66954877519.12564,78826976321.17506,1218445.707171342
IND-2428,IND,India,Delhi,Union Territory,20361771.848632812,1482.3900749292898,3260575688.5927854,75547183330.88684,78807759019.47963,53162632.664846174
USA-3527,USA,United States of America,Wyoming,State,594827.8367138569,253484.42407290314,4880439663.764031,73739825230.27054,78620264894.03458,310158.16921130853
RUS-2394,RUS,Russia,Tatarstan,Republic,3960270.281322203,67917.15484580061,792460525.8543582,77326575591.57693,78119036117.43129,1150210.6690834307
USA-3556,USA,United States of America,District of Columbia,Federal District,628698.078125,162.24228416356712,3123717.2921671085,77938663159.5153,77941786876.80746,480403658.507601
IDN-1933,IDN,Indonesia,Papua Barat,Province,1103381.7900233641,95321.76172751737,69250182387.9989,8601467784.896341,77851650172.89525,816724.8355673343
ITA-5403,ITA,Italy,Bari,Province,1181533.4996274263,3884.1502453168664,1969977874.928661,75728425526.78009,77698403401.70876,20003964.443803377
POL-3151,POL,Poland,Lublin,Voivodeship|Province,2098460.589609511,24679.974713794512,14037247575.98935,63600850551.41939,77638098127.40874,3145793.260639528
VNM-501,VNM,Vietnam,Hồ Chí Minh city,City|Municipality|Thanh Pho,10219491.395300865,1908.3449726265583,5022688648.644535,72467026773.78645,77489715422.43098,40605716.75139936
NGA-2856,NGA,Nigeria,Oyo,State,8208834.004578749,27507.69641093356,30826982053.260048,45875751220.751015,76702733274.01106,2788409.910017904
FRA-5328,FRA,France,Moselle,Metropolitan department,953625.6418788433,6111.8969154166125,1587551663.634614,74624233715.83537,76211785379.46999,12469416.031417975
IRN-3248,IRN,Iran,Kerman,Province,4329013.978629519,183148.86920942017,49210774194.036514,26995402829.051346,76206177023.08786,416088.7116149786
ITA-5410,ITA,Italy,Palermo,Province,1143014.431265248,5070.949305772921,2571903069.223976,73259609872.5934,75831512941.81738,14954105.901924223
BGD-2475,BGD,Bangladesh,Barisal,Division,7979968.672683716,9104.036942719376,40433248518.38668,35022969707.69864,75456218226.08533,8288215.294032687
CAN-685,CAN,Canada,Nova Scotia,Province,857899.1826000032,55107.868276964466,129442057.84197511,75224144344.3947,75353586402.23668,1367383.4383053987
EGY-1533,EGY,Egypt,Al Qahirah,Governorate,10367622.657562345,3134.237395668154,2761904910.5651317,72458958760.70801,75220863671.27313,23999733.962474026
GBR-2059,GBR,United Kingdom,Derbyshire,Administrative County,927466.6941555887,2581.0922905681405,620062103.7132357,74405905854.54465,75025967958.25789,29067526.26878888
ESP-5834,ESP,Spain,Málaga,Autonomous Community,1320036.1020607352,7348.400038685858,2427694034.1363354,72545040414.68404,74972734448.82037,10202592.952768536
MEX-2716,MEX,Mexico,Tamaulipas,State,3475940.181328889,79586.4721445895,14604882604.155018,60128687770.85177,74733570375.00679,939023.5345428284
ITA-5443,ITA,Italy,Bergamo,Province,1143798.7082847687,2735.0312881802015,1387163416.6183202,73309876804.4103,74697040221.02861,27311219.635344476
NGA-2870,NGA,Nigeria,Katsina,State,8559374.00273192,23938.496617508925,26827095754.796036,47834773140.213326,74661868895.00937,3118903.8346042465
POL-3152,POL,Poland,Subcarpathian,Voivodeship|Province,2124795.758507867,18008.50603539078,10242711373.248919,64399025723.08767,74641737096.3366,4144804.5134698423
IDN-1136,IDN,Indonesia,Aceh,Autonomous Province,4361749.771122461,55919.56172399075,40624929483.70918,34002237921.014095,74627167404.72328,1334544.9267479961
DNK-3418,DNK,Denmark,Nordjylland,Region,543237.3533243239,7920.084997862861,3665995730.44809,70955725023.92491,74621720754.373,9421833.32306519
AUT-2329,AUT,Austria,Tirol,State,762782.0118047409,12721.79729094522,2266742989.078902,71438609598.74301,73705352587.82191,5793627.339140354
CZE-1596,CZE,Czech Republic,Středočeský,Region,1481827.7664733957,10906.437823279737,5353100096.488047,68330125629.95874,73683225726.4468,6755938.732733645
POL-3145,POL,Poland,Kuyavian-Pomeranian,Voivodeship|Province,2095256.433746621,17795.88187400204,10121776970.816868,63503737916.00073,73625514886.8176,4137222.049915769
GBR-2764,GBR,United Kingdom,Nottinghamshire,Administrative County,907927.0899429321,2080.993787574036,499922219.15215015,72838343417.3774,73338265636.52954,35241943.572558776
GRC-2991,GRC,Greece,Kentriki Makedonia,Region,1738140.9986793473,19236.14068371718,7832489941.907382,65435505254.84315,73267995196.75053,3808871.8730763756
JPN-1827,JPN,Japan,Saga,Prefecture,871273.313961029,2447.187327484375,1107140612.6329992,72006413646.39018,73113554259.02318,29876566.226820655
GBR-2319,GBR,United Kingdom,Norfolk,Administrative County,891319.6692495346,5413.865401297718,1300586105.4313745,71506015056.27675,72806601161.70813,13448173.488808237
FRA-5266,FRA,France,Alpes-Maritimes,Metropolitan department,916453.0171300173,4160.171712728278,1080595372.4265735,71715357826.52715,72795953198.95372,17498304.93203692
ZAF-1188,ZAF,South Africa,Northern Cape,Province,1293388.5851842568,372579.0231162614,57877550405.980896,14411489041.503986,72289039447.48488,194023.3748074632
IDN-1235,IDN,Indonesia,Nusa Tenggara Timur,Province,4933425.647106128,46450.85662447515,33746022262.145092,38458765729.55422,72204787991.69931,1554433.938117178
FRA-5351,FRA,France,Var,Metropolitan department,901355.9447499514,6021.633026509758,1564105818.7548103,70533963987.85555,72098069806.61035,11973175.63013295
NLD-895,NLD,Netherlands,Friesland,Province,649619.6139907986,3925.357311595097,4160870287.584529,67714503207.51052,71875373495.09505,18310530.173338022
ARG-5493,ARG,Argentina,Ciudad de Buenos Aires,Federal District,4323327.1640625,376.48745325146905,22766051.15169383,71786183734.8476,71808949785.99928,190733978.42566508
NGA-2873,NGA,Nigeria,Yobe,State,3619124.1244945377,45946.776075703245,51491059823.093056,20225776021.26209,71716835844.35515,1560867.6379424839
TUR-2230,TUR,Turkey,Izmir,Province,3630795.195458403,12898.008545714085,8350308696.0708275,63196074354.78028,71546383050.8511,5547087.583115725
ITA-5396,ITA,Italy,Caserta,Province,1086510.600097822,2658.947885467366,1348575151.3537912,69638090743.52136,70986665894.87515,26697276.122957088
ETH-3129,ETH,Ethiopia,"Southern Nations, Nationalities and Peoples",Administrative State,23954685.707225062,114153.81625168749,31754276957.440647,39038234421.588135,70792511379.02878,620150.1947420201
ARG-1299,ARG,Argentina,Córdoba,Province,3646060.9708663975,168125.72889775463,10166498009.285667,60540595895.390396,70707093904.67606,420560.8170042579
NOR-917,NOR,Norway,Akershus,County,428173.32449234277,4597.3957703316255,180459717.57872888,70449665800.25635,70630125517.83508,15363072.714694802
IDN-539,IDN,Indonesia,Sumatera Barat,Province,5128519.622746848,41654.653950711276,30261635235.41985,39979630548.67133,70241265784.09119,1686276.5410848355
NGA-2846,NGA,Nigeria,Benue,State,6213989.713536799,31470.673034322677,35268161257.133606,34727398072.309906,69995559329.44351,2224151.9669155045
GHA-2155,GHA,Ghana,Northern,Region,3402057.5743111284,69420.30471744423,55283044265.61409,14517705561.023407,69800749826.6375,1005480.3145958774
JPN-1861,JPN,Japan,Yamanashi,Prefecture,818776.8062883802,4510.089777001474,2040425554.1287816,67667837925.20526,69708263479.33405,15456070.039847292
ITA-5400,ITA,Italy,Salerno,Province,1048078.150802454,4875.391984793539,2472719574.436617,67174826794.42996,69647546368.86658,14285527.519858688
JPN-1833,JPN,Japan,Kagawa,Prefecture,829611.087972641,1853.4067589190163,838506260.4247416,68563237515.68703,69401743776.11177,37445500.531459026
CHE-163,CHE,Switzerland,Lucerne,Canton,413241.6562976837,1462.5599922774227,455142862.7755608,68817649573.19177,69272792435.96733,47364069.03083635
RUS-2379,RUS,Russia,Chelyabinsk,Region,3478372.5730402786,88572.66483947115,1033469978.4519767,67917243167.31905,68950713145.77103,778464.9278729177
MYS-1137,MYS,Malaysia,Perak,State,2564035.7788363993,20785.228068999524,16421676553.276405,52387411877.8469,68809088431.1233,3310480.3181712385
FRA-5302,FRA,France,Haute-Savoie,Metropolitan department,857216.1975015551,4693.820924821017,1219209571.2881684,67079888646.16008,68299098217.44825,14550852.985524284
ITA-5362,ITA,Italy,Bologna,Province,1035657.255979538,3677.965236222961,1865404189.4625306,66378730188.730865,68244134378.1934,18554861.178697772
NGA-2879,NGA,Nigeria,Kebbi,State,4917738.7384268325,36311.82162571838,40693479266.8526,27483191742.807888,68176671009.66049,1877533.7605583896
ARG-1310,ARG,Argentina,Santa Fe,Province,3621710.604436232,132678.53684478506,8023019971.724608,60136273064.33169,68159293036.0563,513717.55113483756
ITA-5413,ITA,Italy,Catania,Province,1021057.5183165222,3560.6694983334437,1805913697.624739,65442984273.21273,67248897970.83747,18886588.04258947
FRA-5292,FRA,France,Finistère,Metropolitan department,830991.0674057007,6754.680150699376,1754513182.8898897,65027688965.74307,66782202148.632965,9886804.505720137
IRL-78,IRL,Ireland,Cork,County,370355.0844054222,7197.378760738911,1138470549.3187976,65639624101.59369,66778094650.91248,9278113.167418854
FRA-4601,FRA,France,La Réunion,Overseas department,844053.6171555631,2582.421459877326,670778244.7202028,66049874950.10684,66720653194.82704,25836469.46536624
NGA-2850,NGA,Nigeria,Lagos,State,11220038.850706518,3545.1800482917283,3972968150.136556,62704119819.58301,66677087969.71957,18807814.289107382
IDN-1930,IDN,Indonesia,Jambi,Province,3802343.794752176,50932.42912282129,37001834022.97534,29641360726.978107,66643194749.953445,1308462.9164111994
NOR-913,NOR,Norway,Hordaland,County,401194.8120652026,14789.488707012808,580525821.2539779,66010745681.78905,66591271503.04302,4502608.090262586
TUR-3011,TUR,Turkey,Konya,Province,2327359.5277122604,40261.72839517666,26065873622.699806,40509028420.98778,66574902043.687584,1653553.0067224645
FRA-5331,FRA,France,Oise,Metropolitan department,828356.4791231155,5955.271267340329,1546868499.043903,64821524069.256775,66368392568.300674,11144478.494586077
GBR-2748,GBR,United Kingdom,West Sussex,Administrative County,819336.3561286926,1970.8803374845722,473469396.1519441,65731162274.049416,66204631670.20136,33591400.96485924
RUS-2417,RUS,Russia,Dagestan,Republic,3344834.2354525668,50104.8687315785,584625941.8999404,65309829626.74571,65894455568.64565,1315130.7894179912
IND-2489,IND,India,Meghalaya,State,4052406.917424217,23121.15784985597,50855902540.3301,15035426710.301617,65891329250.631714,2849828.2689178637
COL-1314,COL,Colombia,Antioquia,Department,6021277.511299521,63351.06559519182,3764741275.3415303,62109193158.752525,65873934434.094055,1039823.6212003625
NGA-2871,NGA,Nigeria,Sokoto,State,5442420.868031852,31392.05308604608,35180054434.28865,30415421440.02284,65595475874.31149,2089556.7325435304
KEN-889,KEN,Kenya,Eastern,National Capital Area,6752561.313199188,157336.66862016596,40063757550.11367,25454811060.917328,65518568611.031,416422.7524684823
POL-3142,POL,Poland,West Pomeranian,Voivodeship|Province,1717642.9899053164,23651.697927874346,13452393823.585129,52058902436.66172,65511296260.24685,2769834.8110153866
VNM-475,VNM,Vietnam,Nghệ An,Province,2905406.9083276317,17048.662146922175,44871405887.40851,20602414745.54557,65473820632.95408,3840408.125207301
MEX-2706,MEX,Mexico,Baja California,State,3010584.1093426906,72907.81834012711,13379285437.45616,52078707479.17983,65457992916.635994,897818.5660591784
FRA-5293,FRA,France,Gard,Metropolitan department,813730.4896968603,5875.458044341156,1526137191.4472759,63676993967.15107,65203131158.59834,11097540.083942492
NGA-2872,NGA,Nigeria,Zamfara,State,4772980.85998556,34367.103360553396,38514096661.95154,26674200305.666958,65188296967.6185,1896822.5597517686
IDN-557,IDN,Indonesia,Sulawesi Tengah,Province,2683942.0616123565,60730.43457777937,44119974230.39225,20922804226.26706,65042778456.65931,1071007.9535715652
FRA-5321,FRA,France,Maine-et-Loire,Metropolitan department,804559.3427352905,7319.280033131872,1901166749.7036092,62959322604.04251,64860489353.74612,8861594.18141469
RUS-2357,RUS,Russia,Nizhegorod,Region,3256420.3418232026,75075.23291558205,875981314.1465708,63583497042.49741,64459478356.64398,858598.4465625981
TUR-2264,TUR,Turkey,Bursa,Province,3292456.277894267,10906.820387615511,7061192183.769491,57307091297.22737,64368283480.996864,5901654.303768111
ITA-5386,ITA,Italy,Firenze,Province,973457.7804459333,3542.0238463386904,1796456925.9827123,62392158202.20941,64188615128.19212,18122016.652864277
CAN-684,CAN,Canada,New Brunswick,Province,727723.7603208725,72782.70110850992,170958211.61932045,63809825559.359146,63980783770.97847,879065.8054252631
JPN-1854,JPN,Japan,Wakayama,Prefecture,746604.4388084393,4428.588673637994,2003553353.7480836,61703150078.89261,63706703432.64069,14385328.628930207
CHE-165,CHE,Switzerland,Valais,Canton,371580.63864425756,5298.737082172257,1648945942.3264794,61879788227.30957,63528734169.63605,11989410.53017712
JPN-1848,JPN,Japan,Fukui,Prefecture,744180.4017621111,4220.630811441217,1909470407.0244806,61502815452.025,63412285859.049484,15024362.161019273
PAK-1111,PAK,Pakistan,Northern Areas,Centrally Administered Area,1046228.4265187806,65243.78002767414,60720096101.010925,2675872443.6075683,63395968544.61849,971678.3502998773
IRL-5573,IRL,Ireland,South Dublin,County,356672.1144542694,244.20708609663313,38628309.65247603,63214532501.65258,63253160811.30505,259014436.56829712
ZAF-1209,ZAF,South Africa,Mpumalanga,Province,4616768.216162031,75532.00964369254,11733370437.373528,51442006923.93189,63175377361.30542,836405.3552834472
ITA-5466,ITA,Italy,Treviso,Province,964361.401922822,2511.709758787136,1273898366.5780947,61809140942.20954,63083039308.787636,25115576.785133574
RUS-2392,RUS,Russia,Samara,Region,3196667.8843171936,53291.52817122916,621808032.6544453,62416795632.26481,63038603664.91925,1182901.0318933264
ITA-5463,ITA,Italy,Padova,Province,960352.8479919434,2069.6029730827804,1049668990.4762037,61552219341.66216,62601888332.13837,30248259.761093028
IRN-3247,IRN,Iran,Sistan and Baluchestan,Province,2459081.954267741,174611.86053245145,46916941815.44584,15334648553.415932,62251590368.86177,356514.10035398125
NGA-2881,NGA,Nigeria,Adamawa,State,4376559.584964693,33614.48459962959,37670661257.9341,24458767056.398384,62129428314.33248,1848293.348963533
GBR-2751,GBR,United Kingdom,Oxfordshire,Administrative County,766495.872177124,2617.1000555652668,628712337.0255886,61492040698.05735,62120753035.08294,23736483.785930566
CHE-168,CHE,Switzerland,Ticino,Canton,367228.2350453511,2920.8414617891945,908954266.2535262,61154977015.50163,62063931281.75516,21248647.724870764
ESP-5853,ESP,Spain,Zaragoza,Autonomous Community,1021056.3468275899,17287.098174784183,5711145948.167236,56114051601.044044,61825197549.21128,3576377.997285431
MEX-2730,MEX,Mexico,Hidalgo,State,3347008.5685676504,21304.46752164586,3909574563.5311956,57898359202.72635,61807933766.257545,2901172.42796419
NLD-897,NLD,Netherlands,Groningen,Province,568531.557138443,2396.0265815136167,2539783010.7933636,59262114505.62412,61801897516.41749,25793494.109475207
ITA-5464,ITA,Italy,Verona,Province,937511.4461691976,3086.2198621901016,1565280553.4518907,60088237662.42369,61653518215.87558,19977033.70754793
MYS-1147,MYS,Malaysia,Pahang,State,1626616.9066077764,35889.287331223604,28354861747.22176,33234423075.25147,61589284822.47323,1716091.0511836964
MEX-2711,MEX,Mexico,Sinaloa,State,2946447.4213894387,57716.03592860511,10591447345.260622,50969236463.161575,61560683808.422195,1066613.1659591612
MEX-2715,MEX,Mexico,San Luis Potosí,State,2876426.2377938,64201.66587571485,11781622778.837358,49757972268.11493,61539595046.952286,958535.7982156421
NGA-2868,NGA,Nigeria,Jigawa,State,6180901.659877777,24022.57408832562,26921318645.918232,34542482733.88383,61463801379.80206,2558585.1521911616
CHE-3423,CHE,Switzerland,Basel-Landschaft,Canton,368010.786529541,549.3366607240072,170951387.77874202,61285296292.3491,61456247680.12784,111873559.64761314
EGY-1535,EGY,Egypt,Ash Sharqiyah,Governorate,8168787.347860336,4917.7000656833325,4333500703.829686,57091374282.59512,61424874986.42481,12490569.608964063
JPN-1836,JPN,Japan,Tokushima,Prefecture,718160.2776493542,4248.251280247487,1921966280.312129,59352381380.45262,61274347660.76475,14423428.281105619
QAT-1099,QAT,Qatar,Ad Dawhah,Municipality,587443.1098632812,119.56790714379656,19419026.605683174,61193785257.08459,61213204283.69027,511953464.3194275
FRA-5296,FRA,France,Haute-Rhin,Metropolitan department,770865.0656663179,3410.325145105706,885824390.1318276,60322638462.53055,61208462852.66238,17947984.502446957
CZE-1595,CZE,Czech Republic,Prague,Region,1316588.3276367188,516.7636576205464,253638046.6558417,60710595297.08808,60964233343.74392,117973143.90190583
NGA-2865,NGA,Nigeria,Kogi,State,5086892.318439629,29030.608835668816,32533660550.967342,28428520586.153732,60962181137.12108,2099927.751505478
GBR-2318,GBR,United Kingdom,Suffolk,Administrative County,748604.5309944153,3765.4871917160785,904592182.9810976,60056709967.54075,60961302150.52184,16189485.993906518
PAN-1340,PAN,Panama,Panama,Province,2238639.325083539,11686.034627054805,1435544909.9234946,59385599892.368355,60821144802.29185,5204600.768637326
ZAF-1201,ZAF,South Africa,North West,Province,3980310.9622860653,105088.38452681199,16324746953.442213,44350327868.860825,60675074822.30304,577371.8484255751
IDN-1234,IDN,Indonesia,Kalimantan Selatan,Province,4175457.223622309,38634.153249536954,28067275619.434937,32549985074.0146,60617260693.44954,1569007.0985100744
GBR-2081,GBR,United Kingdom,Lincolnshire,Administrative County,737492.1011924744,5947.383665467628,1428754500.82719,59165216600.85846,60593971101.685646,10188340.707446406
VNM-462,VNM,Vietnam,Ha Noi,Province,7318835.022506714,3303.226699971166,8693962301.275919,51898298360.796814,60592260662.07273,18343355.199508905
EGY-1541,EGY,Egypt,Al Buhayrah,Governorate,7182608.407106951,11768.271423281614,10370256789.657082,50199003528.08992,60569260317.747,5146827.273028438
ITA-5451,ITA,Italy,Varese,Province,932925.5410842896,1123.3865342825359,569763391.670459,59794311699.423195,60364075091.09365,53734020.52539813
KAZ-3251,KAZ,Kazakhstan,South Kazakhstan,Region,3360883.1148315454,115482.8976375064,1467183751.2137403,58734464939.66608,60201648690.879814,521303.5862665053
IND-2478,IND,India,Manipur,State,3379488.483149551,21668.844072220356,47661480858.98358,12538733755.543118,60200214614.5267,2778192.247536817
GBR-2048,GBR,United Kingdom,Devon,Administrative County,728316.004882887,6587.897654914058,1582626740.5782487,58429065359.60553,60011692100.18378,9109384.396009816
IRN-3211,IRN,Iran,Esfahan,Province,4856187.446329327,110486.739675605,29686986444.859997,30282816589.228104,59969803034.088104,542778.2846173457
SAU-887,SAU,Saudi Arabia,Jizan,Region,1402074.0093253553,14965.120229093216,778044353.1400201,59176708743.58934,59954753096.72936,4006299.460272509
GBR-2749,GBR,United Kingdom,Northamptonshire,Administrative County,739190.8750228882,2327.0329075444456,559028797.7437372,59301500530.50298,59860529328.24672,25723971.987750415
ESP-5808,ESP,Spain,Baleares,Autonomous Community,1057841.8881922893,5116.803728365006,1690440615.617296,58135669480.14003,59826110095.757324,11692086.167798705
NZL-5468,NZL,New Zealand,Waikato,Regional Council,455160.3352023212,24211.369601763592,17861215993.43081,41898121879.98326,59759337873.41407,2468234.505373092
GBR-2054,GBR,United Kingdom,Leicestershire,Kingdom,738161.8187789917,2055.528841828891,493804713.0531325,59218944615.03466,59712749328.08779,29049823.14670848
NGA-2849,NGA,Nigeria,Kwara,State,3482593.928542033,35692.618340175,39999558253.41658,19462765671.662636,59462323925.079216,1665955.7827437231
JPN-1834,JPN,Japan,Kōchi,Prefecture,677738.8964416366,7088.714552771976,3207030244.310764,56011754910.24774,59218785154.5585,8353952.569778896
BRA-622,BRA,Brazil,Piauí,State,3452316.423015921,252011.35495949432,12020262878.33582,47039658212.210785,59059921090.5466,234354.20638105486
ESP-5805,ESP,Spain,Asturias,Autonomous Community,1009233.9404980168,10677.470458960406,3527520439.3364525,55464329261.14835,58991849700.4848,5524889.994050936
FRA-5315,FRA,France,Loire,Metropolitan department,736492.6180272102,4892.86993366849,1270912109.7167127,57632885321.08559,58903797430.8023,12038700.850287765
SAU-846,SAU,Saudi Arabia,Al Quassim,Region,1321409.887341097,54377.75206159183,2827127499.1643157,55772154332.78711,58599281831.95142,1077633.3998797524
ITA-5465,ITA,Italy,Vicenza,Province,891059.448801009,2745.1553640849856,1392298183.369573,57110974110.96594,58503272294.33552,21311461.296412203
POL-3139,POL,Poland,Warmian-Masurian,Voivodeship|Province,1466936.8634889424,24548.130007594453,13962258164.372189,44460416690.73681,58422674855.10899,2379923.6372397724
EGY-1545,EGY,Egypt,Al Minya,Governorate,5907040.004175361,19383.334710314797,17080686802.326113,41284099759.18542,58364786561.51153,3011080.778089894
NER-800,NER,Niger,Agadez,Department,683289.582390321,622340.3281536255,57623255786.494286,736089220.1329887,58359345006.62727,93774.00493998067
RUS-2306,RUS,Russia,Stavropol',Territory,2922229.540942152,66719.28007989723,778483667.2970365,57058227707.16547,57836711374.4625,866866.5385058451
GBR-5674,GBR,United Kingdom,Leeds,Metropolitan Borough,718581.5700683594,550.1161739762291,132155751.79889981,57648121477.824005,57780277229.6229,105032863.8985256
ESP-5812,ESP,Spain,Cádiz,Autonomous Community,1003803.8881193697,7428.526668180116,2454165502.6702466,55165910628.01563,57620076130.68588,7756595.446779488
HKG-5168,HKG,Hong Kong S.A.R.,North,,497095.464761734,131.69538311505428,0.0,57484298236.14848,57484298236.14848,436494407.59762955
CZE-10370,CZE,Czech Republic,Jihomoravský,Region,1166963.8074094877,7091.315231534239,3480560827.0306687,53811100972.737015,57291661799.767685,8079130.588497668
RUS-2403,RUS,Russia,Novosibirsk,Region,2825860.9601313802,177890.4020867283,2075633496.4583445,55176575239.18563,57252208735.643974,321839.7848565846
FRA-5325,FRA,France,Meurthe-et-Moselle,Metropolitan department,712949.4779113829,5225.332791806998,1357268599.5002987,55790559870.45412,57147828469.954414,10936686.857449291
JPN-1824,JPN,Japan,Shimane,Prefecture,650061.07451538,6877.521303869059,3111483564.925705,53724320344.63185,56835803909.557556,8263995.32598811
BRA-626,BRA,Brazil,Paraíba,State,3956615.2326175384,56515.82560457179,2695652664.786968,53910999286.95543,56606651951.7424,1001607.095821374
HUN-3160,HUN,Hungary,Budapest,Capital City,1804810.1606445312,538.420772218402,337252463.9492113,56240021983.144226,56577274447.09344,105080036.59291166
ESP-5851,ESP,Spain,Bizkaia,Autonomous Community,1015173.0785331726,2202.6348594077176,727685411.7105367,55790725643.88073,56518411055.59126,25659455.453632884
NGA-2866,NGA,Nigeria,Plateau,State,4568922.519863337,27570.11213649269,30896929329.938866,25533803308.87729,56430732638.816154,2046808.2378280433
MEX-2710,MEX,Mexico,Durango,State,1976998.0417045914,121025.2328974582,22209293501.496918,34199178286.144688,56408471787.6416,466088.520857755
NOR-914,NOR,Norway,Rogaland,County,340090.3451193832,9180.898785143985,360374108.4414991,55956898258.34272,56317272366.78422,6134178.546648795
DEU-1575,DEU,Germany,Bremen,State,614511.0863342285,385.6634434314201,128126677.55672467,56048762232.76134,56176888910.31806,145662986.38649067
FRA-5327,FRA,France,Morbihan,Metropolitan department,694533.3064289093,6734.25232534221,1749207100.5755095,54349435990.69836,56098643091.273865,8330344.688773321
BRA-600,BRA,Brazil,Mato Grosso do Sul,State,2870132.019581496,356041.22745162173,16982207607.993397,39107084253.61889,56089291861.61229,157535.94678648165
AUS-2660,AUS,Australia,Tasmania,State,501860.89489933767,68115.1557567332,4256814518.1914186,51438559925.215294,55695374443.406715,817664.9355734786
EGY-1537,EGY,Egypt,Ad Daqahliyah,Governorate,7480094.716033936,3622.244063389954,3191938708.844805,52278125126.39506,55470063835.23986,15313728.965940252
TUR-2271,TUR,Turkey,Antalya,Province,2393968.9831783376,21198.960570814506,13724433828.271631,41668404225.39312,55392838053.66475,2612997.833956368
GBR-2040,GBR,United Kingdom,Buckinghamshire,Administrative County,682380.5242462158,1557.4341563551616,374146210.46807367,54743896857.951454,55118043068.419525,35390287.82918914
FRA-5275,FRA,France,Calvados,Metropolitan department,685384.2020645142,5661.966243585271,1470683169.8639863,53633489530.79189,55104172700.655876,9732338.613478348
RUS-2602,RUS,Russia,Irkutsk,Region,2357817.842570091,773571.6474048701,9026070009.562386,46037761739.28052,55063831748.8429,71181.29514385333
NLD-894,NLD,Netherlands,Drenthe,Province,500227.57580947876,2637.0202109039487,2795235738.3872037,52142301520.957375,54937537259.34458,20833187.78983209
AUT-2325,AUT,Austria,Kärnten,State,566765.6731441021,9646.225660539716,1718744127.6606607,53080632515.066154,54799376642.726814,5680913.817608195
FRA-5317,FRA,France,Loiret,Metropolitan department,677226.8990764618,6712.5034000153655,1743557865.4750607,52995154677.01009,54738712542.48515,8154738.892550855
GBR-2750,GBR,United Kingdom,Warwickshire,Administrative County,676156.645652771,1965.1095782054888,472083072.5587558,54244586933.84081,54716670006.39957,27844080.86615001
KWT-1664,KWT,Kuwait,Al Farwaniyah,Province,1035959.6839752197,217.7324937839697,39838695.51209564,54438772752.19518,54478611447.707275,250208916.91875806
ESP-5827,ESP,Spain,La Coruña,Autonomous Community,940393.885602951,7935.778170675853,2621746396.4610834,51681095941.45705,54302842337.91813,6842787.332258987
RUS-2612,RUS,Russia,Sakha (Yakutia),Autonomous Province,943731.6282747352,3073336.2544029513,35859830551.22067,18426907738.121395,54286738289.34207,17663.78091937363
THA-441,THA,Thailand,Nakhon Ratchasima,Province,2329080.900812924,20760.160884467758,22612762244.65751,31628745742.856567,54241507987.51408,2612769.153831377
CZE-1612,CZE,Czech Republic,Moravskoslezský,Region,1116362.0871985257,5618.491713968231,2757669279.6948614,51477751593.45264,54235420873.1475,9653021.421801133
AUT-2327,AUT,Austria,Salzburg,State,564885.0628945827,7205.524717436461,1283865185.268197,52904503320.429085,54188368505.69728,7520391.731440218
GBR-2140,GBR,United Kingdom,North Yorkshire,Administrative County,651425.7586674392,7982.083465464111,1917555402.298641,52260554450.16729,54178109852.46593,6787464.71229937
THA-390,THA,Thailand,Chiang Mai,Province,2137950.321342098,22759.550897681944,24790574413.58831,29033206661.471455,53823781075.05977,2364887.6604389288
HKG-5163,HKG,Hong Kong S.A.R.,Sha Tin,,463914.732421875,63.82913862248081,0.0,53647266420.87633,53647266420.87633,840482381.2236376
FRA-5336,FRA,France,Pyrénées-Atlantiques,Metropolitan department,658591.5573897772,7911.724867623372,2055052981.0365217,51536880033.02953,53591933014.066055,6773735.678470921
ITA-5454,ITA,Italy,Monza e Brianza,Province,832877.779296875,403.78063719387745,204790976.4962359,53381916722.87081,53586707699.36705,132712425.41934249
VNM-478,VNM,Vietnam,Gia Lai,Region,1605966.4523772523,16028.667998695,42186821546.80406,11388004490.687176,53574826037.49124,3342437.8146614004
GBR-2053,GBR,United Kingdom,Cambridgeshire,Administrative County,657248.4902000427,3060.4656906913497,735223146.2031716,52727682398.7624,53462905544.96557,17468879.232195694
RUS-2401,RUS,Russia,Kemerovo,Region,2670797.02116984,95174.15011371131,1110496416.0835528,52148861839.373436,53259358255.456985,559598.9897658582
CHE-3421,CHE,Switzerland,Fribourg,Canton,316321.9765739441,1645.7145734110113,512139841.2432913,52677494159.697754,53189634000.94105,32320084.45467969
CHL-2699,CHL,Chile,Valparaíso,Region,1990319.3177361717,16822.34768122403,1202404198.435804,51898059245.5109,53100463443.94671,3156542.977839762
NGA-2860,NGA,Nigeria,Delta,State,6233002.860331144,16288.730136499018,18254250886.259865,34833654623.70008,53087905509.959946,3259180.1242383574
NGA-2844,NGA,Nigeria,Rivers,State,7779367.5266599655,8437.087781580984,9455170281.768776,43475642108.09692,52930812389.86569,6273587.9678079225
VNM-456,VNM,Vietnam,Thanh Hóa,Province,3380537.6649532095,11002.425034630744,28957948443.11747,23971595454.212482,52929543897.329956,4810716.158549708
FRA-5335,FRA,France,Puy-de-Dôme,Metropolitan department,644203.2118885517,7935.415373619137,2061206537.4080396,50410946322.44665,52472152859.85469,6612401.54287267
FIN-3186,FIN,Finland,Pirkanmaa,Region,524818.2756877388,15050.787862606978,861540285.5269694,51606087561.24267,52467627846.76964,3486038.626397968
GBR-2776,GBR,United Kingdom,Worcestershire,Administrative County,646868.8544616699,1785.9869472811647,429052005.53358626,51894977349.16816,52324029354.701744,29296983.068300366
IDN-555,IDN,Indonesia,Nusa Tenggara Barat,Province,4864451.95508945,19644.62403986877,14271597304.226736,37921077872.775055,52192675177.00179,2656842.6594001874
RUS-3200,RUS,Russia,Perm',Territory,2571132.7086752993,161309.56885973626,1882167562.1447256,50202858297.58522,52085025859.72994,322888.6310211362
IND-3300,IND,India,Mizoram,State,1337381.1253190637,21242.982149227584,46724780690.59245,4962013021.697375,51686793712.289825,2433123.2474424127
FRA-5353,FRA,France,Vendée,Metropolitan department,637042.4027271271,6569.524353405521,1706419375.3382587,49850590273.92028,51557009649.25854,7847906.008984095
ESP-5821,ESP,Spain,Granada,Autonomous Community,858374.12282776,12681.99958600912,4189757576.3144975,47173547249.387054,51363304825.70155,4050095.1350263366
KEN-893,KEN,Kenya,North-Eastern,Province,5069567.088992753,126580.86250711772,32232187388.003746,19110507320.93495,51342694708.9387,405611.82545309066
BRA-628,BRA,Brazil,Rio Grande do Norte,State,3582931.1167499768,52811.7232274859,2518976957.821314,48819353291.659836,51338330249.48115,972101.0243945625
NGA-2852,NGA,Nigeria,Ogun,State,5892349.760806084,16208.131442812497,18163926547.693916,32929886459.101734,51093813006.795654,3152356.7776502226
FRA-5262,FRA,France,Ain,Metropolitan department,633612.4076957703,5666.625508740566,1471893403.6508071,49582182274.36206,51054075678.01287,9009608.204964982
ZAF-1206,ZAF,South Africa,Free State,Province,2773224.2712308858,129715.7470988504,20150435814.58011,30900451459.28296,51050887273.86307,393559.6750251111
RUS-2369,RUS,Russia,Volgograd,Region,2543146.861760806,113148.45246358014,1320221413.0210974,49656418394.95176,50976639807.972855,450528.8291448887
IRN-3219,IRN,Iran,Khuzestan,Province,5399010.592718239,63839.883061737135,17153314041.66407,33667820558.732693,50821134600.39676,796071.8623379928
BRA-625,BRA,Brazil,Espírito Santo,State,3568746.8274769336,45807.566212733174,2184897532.8208027,48626084761.88694,50810982294.70774,1109226.8482184447
NZL-5469,NZL,New Zealand,Wellington,Regional Council,483982.59834039956,8327.33053916111,6143239802.419729,44551250020.59633,50694489823.01606,6087723.9812463345
SWE-184,SWE,Sweden,Östergötland,County,466029.9696328668,11940.31503706618,738294715.800555,49921589331.34984,50659884047.15039,4242759.4154666355
CHE-174,CHE,Switzerland,Thurgau,Canton,301603.6804199219,943.0892410094849,293485627.4425345,50226437903.37417,50519923530.8167,53568550.391625784
MEX-2725,MEX,Mexico,Tabasco,State,2662465.9175762422,24057.185248939233,4414724724.936224,46056771263.9036,50471495988.83983,2097980.10309894
COL-1408,COL,Colombia,Valle del Cauca,Department,4754698.316188339,20876.539511167906,1240622699.0119839,49044488578.63763,50285111277.64961,2408689.967547044
TUR-3017,TUR,Turkey,Sanliurfa,Province,2143537.7262805495,19934.773699777797,12905985725.584944,37309504458.34758,50215490183.932526,2518989.72821007
GHA-2158,GHA,Ghana,Ashanti,Region,7028729.835469976,24894.57483523486,19824860870.195835,29993916325.76811,49818777195.96394,2001190.1197626516
VNM-477,VNM,Vietnam,Đắk Lắk,Region,2177800.3910755217,13056.254045758385,34363545339.07571,15442913266.760103,49806458605.83581,3814758.691986125
GBR-2039,GBR,United Kingdom,Gloucestershire,Administrative County,611843.1302757263,2644.175665101482,635216776.8202031,49085042768.56383,49720259545.38403,18803690.012583107
ITA-5461,ITA,Italy,Venezia,Province,755238.7746047974,2128.394628548738,1079487162.5816748,48405773780.96413,49485260943.5458,23250040.326068524
POL-3150,POL,Poland,Podlachian,Voivodeship|Province,1235246.0290222764,21079.082518829564,11989165443.760971,37438252819.74881,49427418263.50978,2344856.244068363
ESP-5829,ESP,Spain,Las Palmas,Autonomous Community,874757.4453043193,4048.777472900785,1337596329.1003163,48073923223.44819,49411519552.54851,12204059.097658226
FRA-5283,FRA,France,Côtes-d'Armor,Metropolitan department,604240.9990997314,7117.432661419455,1848737342.7294767,47283776313.59557,49132513656.32505,6903123.077321307
MYS-1140,MYS,Malaysia,Kedah,State,2051020.6288575009,9130.750478353846,7213884329.12288,41905679843.00123,49119564172.12411,5379575.7849884555
RUS-2393,RUS,Russia,Saratov,Region,2453601.4755639588,102087.36601611399,1191160141.202796,47907992761.659966,49099152902.86276,480952.2942840224
OMN-2426,OMN,Oman,Muscat,Province,1486867.908609517,4621.633379484931,240409685.2370481,48830783869.54733,49071193554.78438,10617716.622137873
NOR-911,NOR,Norway,Sør-Trøndelag,County,293740.7183364774,18813.02008192561,738459871.7161038,48330744245.3766,49069204117.092705,2608257.680234731
FRA-5310,FRA,France,Indre-et-Loire,Metropolitan department,604240.4143009186,6145.042344229167,1596161115.230652,47283730551.232056,48879891666.46271,7954362.057792165
FRA-5290,FRA,France,Eure,Metropolitan department,604096.6468811035,6045.652605781485,1570344851.1796622,47272480294.24876,48842825145.42842,8078999.626726783
ITA-5407,ITA,Italy,Lecce,Province,738365.4138958454,2776.8679920151244,1408382312.8271146,47324303775.8925,48732686088.71962,17549514.859492894
MAC+00?,MAC,Macau S.A.R,Macau,,132200.58203125,30.077035496423136,0.0,48644212782.74608,48644212782.74608,1617320722.6001716
NGA-2861,NGA,Nigeria,Edo,State,4734632.521225986,19769.45453151936,22154985678.977283,26459887426.678047,48614873105.655334,2459090.261096804
FRA-5278,FRA,France,Charente-Maritime,Metropolitan department,598413.9045152664,6775.840205070764,1760009460.0661557,46827787664.52919,48587797124.595345,7170741.288768028
NLD-902,NLD,Netherlands,Flevoland,Province,440085.56105722487,2396.0829467878457,2539842757.862528,45873268746.79405,48413111504.65658,20205106.65941615
ITA-5358,ITA,Italy,Modena,Province,728680.2920992374,2682.2824451639913,1360410060.772905,46703551994.48004,48063962055.252945,17919053.283113282
ECU-1280,ECU,Ecuador,Guayas,Province,4293341.182050746,14981.390984653024,1478117330.1507156,46489664396.966125,47967781727.116844,3201824.3016456324
BEL-3476,BEL,Belgium,Namur,Province,515508.40878486633,3721.857745073469,2362768447.8559413,45212452249.62065,47575220697.47659,12782654.243153365
MLI-2688,MLI,Mali,Timbuktu,Region,1042135.0965128833,504050.04243197694,45183412553.983574,1947761371.9312422,47131173925.91482,93504.94982306307
ESP-5817,ESP,Spain,Córdoba,Autonomous Community,771365.3910510279,13743.094031061339,4540311797.688808,42391820481.975494,46932132279.66431,3414961.1560243308
RUS-2377,RUS,Russia,Voronezh,Region,2371377.456904195,52276.678741650525,609966722.2454212,46302521078.496284,46912487800.74171,897388.4517909323
ESP-5842,ESP,Spain,Santa Cruz de Tenerife,Autonomous Community,833145.9557800889,3386.4467338540726,1118781842.2264676,45787086382.74517,46905868224.97164,13851057.439072328
RUS-2399,RUS,Russia,Altay,Territory,2292303.0394386034,171593.52890377314,2002161286.894616,44758547186.52457,46760708473.41918,272508.57752125274
FRA-5340,FRA,France,Sarthe,Metropolitan department,576751.7595901489,6253.925706877199,1624443327.1046774,45132656058.6997,46757099385.804375,7476439.851913719
IRL-5574,IRL,Ireland,Fingal,County,262682.2698364258,419.85936525676584,66412723.032994695,46556308192.44115,46622720915.474144,111043660.74331085
VNM-455,VNM,Vietnam,Son La,Region,1142472.8327337578,14618.642909007973,38475691162.1716,8101343418.725338,46577034580.89694,3186139.4296864783
SAU-848,SAU,Saudi Arabia,Tabuk,Region,974267.7588329916,99208.00504238972,5157875575.196434,41120482242.21145,46278357817.40788,466478.0608947232
NOR-918,NOR,Norway,Buskerud,County,277417.1551410565,15169.114554524294,595427121.1745994,45644940375.76321,46240367496.937805,3048323.4423954096
ITA-5432,ITA,Italy,Perugia,Province,668359.6931750774,6380.164777186559,3235915877.5103765,42837403480.87509,46073319358.38547,7221336.903888283
MAR-1455,MAR,Morocco,Souss - Massa - Draâ,Region,3890326.1960377414,71933.18262263294,21259311476.262875,24673249125.698597,45932560601.96147,638544.8123841155
TUR-3016,TUR,Turkey,Gaziantep,Province,2352865.6682011187,7321.203933980942,4739825738.132536,40952977436.02823,45692803174.16077,6241159.730857965
CHL-2702,CHL,Chile,Bío-Bío,Region,1685507.9578475896,24209.57354887482,1730417979.0551913,43950029060.989876,45680447040.04507,1886875.3283829791
NZL-3407,NZL,New Zealand,Otago,Regional Council,231748.24661451037,32919.60366044287,24285456009.66233,21332738226.87363,45618194236.535965,1385745.5486729352
FRA-5345,FRA,France,Somme,Metropolitan department,560443.7688379288,6237.167924283653,1620090530.2556162,43856504013.40479,45476594543.66041,7291224.9751370065
NOR-924,NOR,Norway,Østfold,County,274872.48108960316,4179.526029556211,164057245.57671794,45226251433.12993,45390308678.70665,10860156.955052214
FRA-5323,FRA,France,Marne,Metropolitan department,551087.5792642236,8100.7786486594305,2104159281.216938,43124352478.487755,45228511759.7047,5583230.170989724
NGA-2847,NGA,Nigeria,Cross River,State,3877435.833940356,21009.358365927263,23544505640.22959,21669372482.505356,45213878122.73495,2152082.7687942293
HKG-5164,HKG,Hong Kong S.A.R.,Kwai Tsing,,389504.65625,12.498956095088804,0.0,45042458464.141464,45042458464.141464,3603697630.5437164
RUS-2336,RUS,Russia,Leningrad,Region,2254705.7441674997,83043.18656994155,968951768.4780704,44024438176.709915,44993389945.18799,541807.1223374016
BRA-623,BRA,Brazil,Alagoas,State,3203265.301289931,27619.04343522792,1317353984.2796967,43646203439.27781,44963557423.5575,1627991.11884544
GBR-2047,GBR,United Kingdom,Somerset,Administrative County,549776.168721199,3437.344240401005,825761600.4968473,44105728118.01631,44931489718.51316,13071571.124709753
MYS-4831,MYS,Malaysia,Kuala Lumpur,Federal Territory,2183171.9765625,239.05522471411533,188869112.50596488,44605746331.76768,44794615444.27364,187381871.69028935
FRA-5339,FRA,France,Saône-et-Loire,Metropolitan department,541775.2432317734,8691.933355939016,2257710404.868893,42395632622.38488,44653343027.25378,5137331.500217162
MEX-2737,MEX,Mexico,Yucatán,State,2174097.891117585,38384.76584368954,7043973477.258554,37608717773.81932,44652691251.07787,1163292.005815864
IRL-715,IRL,Ireland,Meath,County,249365.91766357422,2344.723411104906,370884823.2918614,44196193837.770706,44567078661.06257,19007392.705675755
JPN-1825,JPN,Japan,Tottori,Prefecture,518106.7181854248,3704.079861395079,1675775777.7383254,42818947929.23969,44494723706.97802,12012355.395118244
GBR-2757,GBR,United Kingdom,Wiltshire,Unitary Single-Tier County,543398.1157455444,3178.320940597804,763535800.6780566,43594049572.32587,44357585373.00392,13956295.22695741
MYS-1144,MYS,Malaysia,Kelantan,State,1584986.7099972647,15084.096556012242,11917413362.938705,32383850601.032585,44301263963.97129,2936951.762372114
NGA-2867,NGA,Nigeria,Nassarawa,State,2682022.80194515,26155.209636061143,29311294046.768463,14988707380.583858,44300001427.352325,1693735.284242352
MEX-2713,MEX,Mexico,Zacatecas,State,1766818.2280450473,74725.87572788751,13712916442.831268,30563374523.135464,44276290965.966736,592516.1871263683
FIN-3191,FIN,Finland,Finland Proper,Region,444578.40573203936,9719.7992690299,556382743.1459373,43715993129.20288,44272375872.348816,4554865.244327982
FRA-5282,FRA,France,Côte-d'Or,Metropolitan department,535649.3995257821,8815.279901743113,2289749396.479001,41916265906.19432,44206015302.673325,5014703.536972448
SGP-4873,SGP,Singapore,North West,,320051.83306884766,95.5984518748099,87262095.09255387,43974154494.514656,44061416589.60721,460900942.69839686
ITA-5367,ITA,Italy,Genova,Province,672697.7823052406,1854.8396116562494,940744504.1318146,43115446092.215096,44056190596.34691,23752021.64084022
NGA-2853,NGA,Nigeria,Ondo,State,4915162.991876674,14522.452589930463,16274840999.814302,27468796969.094975,43743637968.90928,3012138.459259982
IND-2479,IND,India,Nagaland,State,2101804.1362133026,16271.534136778753,35789883863.74558,7798210469.330263,43588094333.07584,2678794.388204191
GHA-2159,GHA,Ghana,Brong Ahafo,Region,2781132.5663233045,39807.13522201427,31700517989.9896,11868013060.369995,43568531050.3596,1094490.49290704
ESP-5848,ESP,Spain,Toledo,Autonomous Community,698714.7148081735,15357.125526898677,5073540066.798283,38399167375.015625,43472707441.8139,2830784.144185678
ESP-5846,ESP,Spain,Tarragona,Autonomous Community,751495.9352456331,6265.389969008103,2069899538.5693176,41299857563.55994,43369757102.12926,6922116.151853079
BRA-599,BRA,Brazil,Distrito Federal,Federal District,3154186.2300510406,5792.13392320428,276269187.9285855,42977474836.92295,43253744024.85154,7467669.877516063
ROU-128,ROU,Romania,Bucharest,City,1717666.6478271484,284.49913438926745,145021492.50024924,43097209452.16486,43242230944.665115,151994244.33221194
FRA-5263,FRA,France,Aisne,Metropolitan department,527746.4631347656,7468.1178811162035,1939827050.4988189,41297836046.10514,43237663096.60396,5789633.182670323
FRA-5287,FRA,France,Doubs,Metropolitan department,535046.8481323719,5207.117816713338,1352537300.1323295,41869114346.88951,43221651647.02184,8300494.278868222
ARG-1275,ARG,Argentina,Mendoza,Province,2051665.2492412666,150800.10384283165,9118824141.726562,34066637327.081146,43185461468.80771,286375.54198117054
IRQ-3063,IRQ,Iraq,Baghdad,Province,5240301.036376953,658.210801732461,103284467.00016865,42897551648.0914,43000836115.09157,65329885.200774714
AUS-2653,AUS,Australia,Australian Capital Territory,Territory,416759.54854381864,2349.284552193133,146817084.65666988,42716041895.387726,42862858980.044395,18245069.0956234
NGA-2857,NGA,Nigeria,Anambra,State,6691392.888722897,4706.974101022071,5274953015.683757,37395405402.537056,42670358418.22081,9065348.035153916
ESP-5840,ESP,Spain,Pontevedra,Autonomous Community,749233.5995059013,4416.783120877255,1459174510.9382124,41175526693.05252,42634701203.99073,9652885.377700567
HKG-5165,HKG,Hong Kong S.A.R.,Tsuen Wan,,367829.5695800781,69.82141000094254,0.0,42535943650.07979,42535943650.07979,609210608.1716995
ITA-5391,ITA,Italy,Cosenza,Province,609589.2803126434,6714.613155675427,3405542659.25581,39070611565.932045,42476154225.18785,6325927.23369112
NGA-2842,NGA,Nigeria,Akwa Ibom,State,6263189.09787941,6654.152264898214,7457092349.185021,35002352921.568245,42459445270.753265,6380894.7526996145
IDN-554,IDN,Indonesia,Maluku,Province,1249491.9980523568,44948.11534392283,32654297708.65122,9740477200.104536,42394774908.75575,943193.6041004154
IDN-556,IDN,Indonesia,Sulawesi Tenggara,Province,2181998.215884734,34782.47773794118,25269076899.190372,17009875938.079794,42278952837.270164,1215524.4705627088
IRL-5576,IRL,Ireland,Dún Laoghaire–Rathdown,County,237823.62832641602,136.4948636299061,21590552.274892375,42150504267.77542,42172094820.050316,308964701.66376567
IRQ-3471,IRQ,Iraq,Al-Anbar,Province,2487486.735195716,138194.16903282673,21685014973.194416,20362778770.96461,42047793744.15903,304266.0485492045
POL-3149,POL,Poland,Świętokrzyskie,Voivodeship|Province,1175523.1534234583,11190.611722805072,6364892553.637135,35628151784.60464,41993044338.241776,3752524.4712641747
GBR-2110,GBR,United Kingdom,Cornwall,Unitary Single-Tier County,512218.1359195709,3521.0675804752495,845874662.926284,41092639378.19463,41938514041.12092,11910738.173182221
IRL-721,IRL,Ireland,Kildare,County,234878.62354421616,1720.3682445357827,272125261.91774184,41628548406.97946,41900673668.8972,24355642.346911322
GBR-5684,GBR,United Kingdom,Manchester,Metropolitan Borough,521912.615234375,122.09698110269905,29331655.918010686,41870377834.73605,41899709490.65406,343167448.631765
CAN-686,CAN,Canada,Newfoundland and Labrador,Province,466561.99671215314,403323.6839467984,947361044.0544463,40910083257.00657,41857444301.06101,103781.2703966632
ESP-5807,ESP,Spain,Badajoz,Autonomous Community,628567.154465355,21990.095374736702,7264877125.672161,34544077660.33514,41808954786.00729,1901263.0037994045
EGY-1543,EGY,Egypt,Al Iskandariyah,Governorate,5676690.0463974625,2305.9021879507563,2031971983.0368514,39674191813.800766,41706163796.837616,18086701.16831871
CRI-1331,CRI,Costa Rica,San José,Province,1576697.6727962494,5006.973609597395,4213180150.9483414,37468094815.145004,41681274966.093346,8324644.429161449
FIN-3180,FIN,Finland,Northern Ostrobothnia,Province,401491.01015905105,36840.08117165417,2108807481.7876048,39479151518.0534,41587958999.841,1128878.0501341561
DOM-1394,DOM,Dominican Republic,Santo Domingo,Province,2769033.1328125,1260.0506970684073,1323541847.6242752,40203119675.74928,41526661523.37356,32956341.851949394
GBR-2062,GBR,United Kingdom,Brent,London Borough,517150.8359375,45.48154741397605,10926143.196311543,41488364653.781906,41499290796.97822,912442367.43418
IND-3301,IND,India,Tripura,State,4784231.869216442,10745.45397479607,23635051654.52758,17750677338.30023,41385728992.827805,3851463.985597987
KWT-3506,KWT,Kuwait,Hawalli,Province,785490.125,59.41509614358458,10871229.566840256,41276817115.0097,41287688344.57654,694902323.221009
PRT-5498,PRT,Portugal,Setúbal,District,896562.9613004792,5120.844945570162,1193860695.1797473,40052788036.699814,41246648731.87956,8054656.833060409
TUR-2309,TUR,Turkey,Diyarbakir,Province,1801018.2328051105,15096.7446535514,9773793971.070107,31347756077.52142,41121550048.59152,2723868.6877384507
KWT-1665,KWT,Kuwait,Al Ahmadi,Province,764647.677999825,4812.923126599754,880624548.1851345,40181564806.0701,41062189354.25523,8531652.859218832
FRA-2000,FRA,France,Guyane française,Overseas department,246889.54697956727,83183.78420001,21606803390.457207,19319890790.164677,40926694180.62189,492003.2741263166
GBR-2139,GBR,United Kingdom,Cumbria,Administrative County,488864.7077613068,6827.192116129488,1640113033.327395,39219113366.021545,40859226399.34894,5984777.592945941
GBR-5673,GBR,United Kingdom,Bradford,Metropolitan Borough,508314.9545288086,304.46618175231265,73142654.31606092,40779507112.71886,40852649767.03492,134177955.4363417
GBR-2029,GBR,United Kingdom,Durham,Unitary Single-Tier County,501863.8204274513,2236.8483441728954,537363539.8639758,40261965642.36163,40799329182.22561,18239649.23170136
EGY-1551,EGY,Egypt,Qina,Governorate,5338742.86048162,3593.5455909876423,3166649478.3725967,37312290535.52538,40478940013.89798,11264345.752400162
IRQ-3051,IRQ,Iraq,Ninawa,Province,4215502.471980571,37867.294848598474,5942022456.759146,34508463112.92629,40450485569.68544,1068216.9331454786
TUR-2266,TUR,Turkey,Kocaeli,Province,2175332.0296310484,3989.1831424343445,2582639836.7178655,37862902557.229576,40445542393.94744,10138803.095730046
IRN-3217,IRN,Iran,Yazd,Province,980293.5848198461,127571.70805639295,34277593663.612976,6113036442.844742,40390630106.45772,316611.1884980256
ITA-5441,ITA,Italy,Cuneo,Province,573233.8894946973,6920.919479478102,3510177873.570488,36740473227.13593,40250651100.70642,5815795.317379082
NGA-2859,NGA,Nigeria,Gombe,State,3555659.490906656,18171.74750511282,20364487300.137196,19871098640.75107,40235585940.88826,2214183.634764215
POL-3143,POL,Poland,Lubusz,Voivodeship|Province,1064654.2725343835,13962.055028338735,7941208424.043996,32267900389.29904,40209108813.34304,2879884.711221289
KAZ-3207,KAZ,Kazakhstan,Almaty,Region,2139263.5427472694,221865.32335136776,2818748092.0394583,37385560656.278015,40204308748.317474,181210.4214440306
GBR-5687,GBR,United Kingdom,Sheffield,Metropolitan Borough,499020.7490711212,379.3067832733993,91121794.77217932,40033880579.02742,40125002373.7996,105785090.44189182
MEX-2733,MEX,Mexico,Querétaro,State,2194927.43033316,11700.039749229274,2147069751.8919687,37969038376.1794,40116108128.071365,3428715.5418180493
GBR-2677,GBR,United Kingdom,East Sussex,Administrative County,494385.87727355957,1671.9812945042402,401664149.1774308,39662048537.19735,40063712686.37478,23961818.722531874
GBR-2023,GBR,United Kingdom,Edinburgh,Unitary District (city),494096.7134218216,291.3512864124125,69992030.98339139,39638850401.38878,39708842432.37217,136291975.6467581
VNM-487,VNM,Vietnam,Quàng Nam,Province,1485940.850678728,10990.595977451161,28926814831.49468,10536895746.094831,39463710577.58951,3590679.764641987
CMR-1480,CMR,Cameroon,Centre,Province,5852616.017080445,68693.13576960462,21904432532.841084,17397674511.980762,39302107044.821846,572140.2379509987
FRA-5352,FRA,France,Vaucluse,Metropolitan department,490446.45347976685,3473.383127308191,902203561.1054882,38378991883.511635,39281195444.61713,11309203.161546806
ITA-5452,ITA,Italy,Como,Province,602512.9021087363,1300.2061706716827,659443437.3791784,38617062868.42759,39276506305.80677,30207906.4011184
RUS-2391,RUS,Russia,Orenburg,Region,1927544.6975811666,125108.75598647796,1459774791.554877,37636428873.71071,39096203665.26559,312497.74132108863
ARE-338,ARE,United Arab Emirates,Ras Al Khaymah,Emirate,464898.43692435324,2567.421518434394,466489164.48687935,38560577167.49523,39027066331.98211,15200879.969168717
NLD-903,NLD,Netherlands,Zeeland,Province,354937.09762728214,1897.2440878970538,2011074642.8885994,36997634797.53476,39008709440.423355,20560722.62355101
ESP-5804,ESP,Spain,Almería,Autonomous Community,656059.1778010055,8752.886611542981,2891694858.261255,36054952962.042946,38946647820.3042,4449577.556384977
TUR-3018,TUR,Turkey,Adana,Province,1666083.7141520306,15351.515037710915,9938735042.926926,28999143331.615795,38937878374.542725,2536419.2575711277
THA-426,THA,Thailand,Ubon Ratchathani,Province,1700137.4149423428,14524.115723725752,15820223046.54805,23087739891.886204,38907962938.43425,2678852.446409282
TUR-2285,TUR,Turkey,Mersin,Province,1666279.6832075156,15291.980517937138,9900191758.014267,29002554285.507427,38902746043.5217,2543996.5737524764
HKG-5162,HKG,Hong Kong S.A.R.,Sai Kung,,336208.6824760437,111.45990441556665,0.0,38879292898.596565,38879292898.596565,348818645.61483175
URY-21,URY,Uruguay,Montevideo,Department,1233436.4245605469,539.767475202984,31434707.798589606,38844844463.1562,38876279170.95479,72024123.26962651
EGY-1534,EGY,Egypt,Al Qalyubiyah,Governorate,5434494.315063477,1011.0666475490676,890956742.0240351,37981494163.780876,38872450905.80491,38446971.81935121
NGA-2843,NGA,Nigeria,Imo,State,5893247.3547338545,5289.431068114951,5927693623.371709,32934902737.38251,38862596360.75422,7347216.715805332
RUS-2397,RUS,Russia,Omsk,Region,1905518.415490047,141487.3118359795,1650880544.0072484,37206352932.89596,38857233476.903206,274634.05002668244
CZE-10368,CZE,Czech Republic,Ústecký,Region,785233.4598480463,5316.507919310984,2609449530.358647,36208729633.915565,38818179164.274216,7301442.930852443
VNM-497,VNM,Vietnam,Đông Nam Bộ,Region,3292464.8936691284,5874.137651486543,15460498455.941658,23347066147.63468,38807564603.57634,6606512.633178672
EGY-1552,EGY,Egypt,Suhaj,Governorate,5217331.512316138,2645.354781134374,2331099223.7856455,36463750792.09754,38794850015.88319,14665272.988165043
CHE-3426,CHE,Switzerland,Solothurn,Canton,231391.42971038818,773.0425572750307,240567774.60295728,38533904027.76435,38774471802.36731,50158262.87629886
FRA-5337,FRA,France,Pyrénées-Orientales,Metropolitan department,478903.04658905044,4234.421695751283,1099881640.782259,37475683650.32211,38575565291.10437,9109996.137090024
RUS-2396,RUS,Russia,Khanty-Mansiy,Autonomous Province,1656318.8551466637,533705.2831360518,6227298099.949715,32340586893.8551,38567884993.80481,72264.38675513936
EGY-1530,EGY,Egypt,Al Gharbiyah,Governorate,5259739.7646484375,1926.7135257811062,1697829129.172484,36760140611.47608,38457969740.64857,19960398.484801926
GBR-5671,GBR,United Kingdom,Kirklees,Metropolitan Borough,477747.1081161499,432.9393720882053,104006082.54817955,38327205249.27866,38431211331.82684,88768113.5269837
ESP-5826,ESP,Spain,Jaén,Autonomous Community,616315.7059342922,13601.512152414649,4493537332.455169,33870776507.861446,38364313840.31661,2820591.8143818937
GBR-2051,GBR,United Kingdom,Dorset,Administrative County,470513.89397239685,2560.1072564329443,615020817.7197388,37746921500.01061,38361942317.730354,14984505.911358152
RUS-2611,RUS,Russia,Primor'ye,Territory,1859550.7119901027,165297.68849846855,1928701127.828614,36308806844.63429,38237507972.462906,231325.12208612746
NZL-3334,NZL,New Zealand,Manawatu-Wanganui,Regional Council,236960.16927053116,22172.75781978276,16357290938.234417,21812502726.945763,38169793665.180176,1721472.5374001379
GBR-2063,GBR,United Kingdom,Bromley,London Borough,475004.6706542969,156.79969862968764,37668374.48982677,38107193528.22771,38144861902.71754,243271270.51949185
FRA-5288,FRA,France,Drôme,Metropolitan department,464772.77100113034,6539.388474422782,1698591647.633385,36369944729.68591,38068536377.3193,5821421.45648864
ITA-5449,ITA,Italy,Pavia,Province,567714.6499657035,3037.592829870459,1540617712.9995582,36386726744.47787,37927344457.477425,12485986.958000185
SWE-195,SWE,Sweden,Uppsala,County,349967.99535046145,7006.3691405550735,433218495.271032,37488916338.93183,37922134834.202866,5412523.101972688
NGA-2855,NGA,Nigeria,Osun,State,4935613.039403796,9224.4914678836,10337588022.015232,27583083759.677357,37920671781.69259,4110868.540961731
HUN-3164,HUN,Hungary,Pest,County,1088237.5969096948,6291.923371615683,3941093601.0401087,33910772283.78897,37851865884.82908,6015945.148917034
CIV-3458,CIV,Ivory Coast,Lagunes,Department,6242554.39365676,13592.795640428229,8743047950.613148,29027715527.608017,37770763478.22116,2778734.005672966
FRA-5322,FRA,France,Manche,Metropolitan department,461710.0975418091,6039.833231052473,1568833281.5049424,36130280809.184166,37699114090.68911,6241747.519926116
ESP-5820,ESP,Spain,Gerona,Autonomous Community,649840.9063094854,5871.581757874344,1939796953.0091681,35713216280.78281,37653013233.79198,6412754.652235872
CMR-1481,CMR,Cameroon,Est,Province,989926.062846723,108808.50910130341,34696168982.62386,2942686036.8203745,37638855019.44424,345918.30483038357
ITA-5460,ITA,Italy,Trento,Province,535676.4023710984,6124.983794258853,3106492230.4523773,34333288523.94358,37439780754.39596,6112633.439045094
TUR-2277,TUR,Turkey,Manisa,Province,1666016.7038662573,12932.535931727403,8372662095.098107,28997976979.129826,37370639074.227936,2889660.5639847103
ITA-5408,ITA,Italy,Taranto,Province,562662.4221754074,2407.06603761315,1220824771.9838827,36062912602.87087,37283737374.85475,15489287.286785599
GBR-2067,GBR,United Kingdom,Enfield,London Borough,464047.322265625,80.09621462228999,19241709.225062992,37228141549.584694,37247383258.80975,465033003.5502598
JOR-851,JOR,Jordan,Amman,Province,4258291.62639077,7871.518712106936,1256371667.223315,35985143533.26321,37241515200.48652,4731172.79683354
TUR-2287,TUR,Turkey,Kayseri,Province,1483983.99749099,17541.78876059536,11356741679.389797,25829593242.839,37186334922.2288,2119871.321547411
CHE-170,CHE,Switzerland,Graubünden,Canton,209711.64829500858,7019.994327623824,2184594363.1807275,34923542929.046265,37108137292.22699,5286063.71463944
GBR-2004,GBR,United Kingdom,Glasgow,Unitary District (city),461306.1845703125,161.14092575719377,38711278.083477765,37008234102.150734,37046945380.234215,229904012.31811428
LTU-1075,LTU,Lithuania,Vilniaus,County,837644.003760159,9803.381371987536,3997913903.7753067,32966848094.600887,36964761998.37619,3770613.4848533347
ITA-5404,ITA,Italy,Foggia,Province,521682.7257468002,6926.759544756761,3513139859.7606378,33436387083.211544,36949526942.97218,5334316.386215728
TUR-2289,TUR,Turkey,Hatay,Province,1910188.4006616324,5580.238498859823,3612706093.194686,33247925509.775387,36860631602.97007,6605565.624211507
PAK-1112,PAK,Pakistan,F.A.T.A.,Territory,4411608.060096972,27421.19288791421,25519941773.02826,11283291622.35645,36803233395.384705,1342145.6005149067
AUT-2320,AUT,Austria,Vorarlberg,State,387480.99952596426,2602.4499548906974,463699039.90498924,36289665230.27024,36753364270.17523,14122601.743447885
GBR-5668,GBR,United Kingdom,Liverpool,Metropolitan Borough,457209.33984375,111.07959565983167,26684922.509799153,36679565218.46341,36706250140.973206,330449979.7909044
SWE-179,SWE,Sweden,Jönköping,County,335123.06379740685,11195.93067920965,692267870.0913734,35898712650.47076,36590980520.56213,3268239.28880785
ITA-5459,ITA,Italy,Bozen,Province,511964.0097534554,7392.392098994933,3749301123.296129,32813482137.604824,36562783260.900955,4946001.615075588
IDN-1232,IDN,Indonesia,Bali,Province,4167264.010971196,5585.2710077686115,4057636251.835275,32486114476.085064,36543750727.92034,6542878.703126716
THA-422,THA,Thailand,Samut Prakan,Province,2615051.6314697266,899.730027769303,980020401.3615456,35512207037.26071,36492227438.62225,40559085.850560404
FRA-5341,FRA,France,Savoie,Metropolitan department,445090.8155039102,6165.711629004367,1601529916.093153,34829769232.60566,36431299148.698814,5908693.325409658
BEL-3482,BEL,Belgium,Walloon Brabant,Province,407109.42010498047,1099.723000385944,698143503.7738348,35705363682.14434,36403507185.918175,33102433.22467793
MEX-2732,MEX,Mexico,Morelos,State,2045924.730364576,5079.88846420729,932208359.822273,35391509317.55226,36323717677.374535,7150495.120770886
FRA-5313,FRA,France,Landes,Metropolitan department,432614.4262455702,9400.993572777288,2441887223.0379524,33853452167.44185,36295339390.4798,3860798.2347292732
BRA-596,BRA,Brazil,Tocantins,State,1685201.7465206566,278973.0794262802,13306264518.206831,22961775359.427067,36268039877.633896,130005.5186407973
CUB-1428,CUB,Cuba,Ciudad de la Habana,Province,1929692.3385314941,701.5659049728375,0.0,36261713544.647675,36261713544.647675,51686824.128164575
VNM-480,VNM,Vietnam,Lâm Đồng,Province,1423816.6247681752,9938.83696609527,26158626624.84354,10096369131.978703,36254995756.82224,3647810.6925891107
ITA-5378,ITA,Italy,Cagliari,Province,529275.8814391824,4517.375257781117,2291139309.378845,33923057774.77055,36214197084.1494,8016645.732889012
EGY-1549,EGY,Egypt,Asyut,Governorate,4852763.8137771785,2602.141332890529,2293019327.517391,33915799665.16757,36208818992.68496,13915008.587355714
GBR-5705,GBR,United Kingdom,Barnet,London Borough,450283.1640625,93.9568373690359,22571480.47366527,36123913585.51618,36146485065.989845,384713726.83625644
RUS-283,RUS,Russia,Crimea,Autonomous Republic,1832674.150227511,26345.38175854499,307399141.34523356,35784026378.36701,36091425519.71224,1369933.6699877644
ESP-5837,ESP,Spain,Navarra,Autonomous Community,594777.8523757309,10093.494588846273,3334592083.709097,32687123686.236206,36021715769.945305,3568805.179699683
ITA-5359,ITA,Italy,Reggio Emilia,Province,543646.8714191318,2312.625119112858,1172925873.0785604,34844142487.803116,36017068360.881676,15574105.834627498
TUR-3048,TUR,Turkey,Van,Province,1334658.097229749,19472.98209912896,12607016903.770058,23230490239.781162,35837507143.55122,1840370.7742921542
GBR-2771,GBR,United Kingdom,Southwark,London Borough,446550.0703125,30.926229312837293,7429483.586352054,35824426580.905655,35831856064.492004,1158623500.5254395
ITA-5455,ITA,Italy,Udine,Province,522319.9478197396,4620.511796111093,2343448485.3309736,33477228772.685284,35820677258.01626,7752534.532682104
FRA-5354,FRA,France,Vienne,Metropolitan department,433034.3822555542,6983.900717312759,1814052716.5080774,33886315058.35329,35700367774.86137,5111809.176548264
THA-438,THA,Thailand,Khon Kaen,Province,1770480.5805814192,10696.341355220293,11650864619.948984,24042994859.615936,35693859479.56492,3337015.7415689356
GBR-2044,GBR,United Kingdom,Bristol,Unitary Authority,442661.337890625,122.0539340942189,29321314.63004733,35512453482.25009,35541774796.88014,291197289.6297128
FRA-5291,FRA,France,Eure-et-Loir,Metropolitan department,434096.84665107727,5861.449639958639,1522498539.4886286,33969456270.045185,35491954809.53381,6055149.662564406
BRA-595,BRA,Brazil,Rondônia,State,1769825.3489576138,237946.68604932862,11349416052.310373,24114817215.261063,35464233267.571434,149042.77027930264
ESP-5823,ESP,Spain,Gipuzkoa,Autonomous Community,632952.4088315964,1965.1891992118262,649240388.3511094,34785077474.45463,35434317862.80574,18030995.62984434
NGA-2862,NGA,Nigeria,Enugu,State,4778053.23319459,7699.954094873158,8629088497.546251,26702547685.00322,35331636182.54947,4588551.535141521
SAU-1096,SAU,Saudi Arabia,Najran,Region,726400.5549662113,89375.06088629176,4646655714.729149,30658862361.410572,35305518076.139725,395026.50656716747
SVK-1058,SVK,Slovakia,Prešov,Region,840503.3405700345,8698.504140077031,3021012119.497675,32183766140.966145,35204778260.46382,4047222.1077947384
ECU-1287,ECU,Ecuador,Pichincha,Province,3163536.695196555,9377.586191402244,925226013.9724758,34255781926.216553,35181007940.189026,3751605.9273808026
FRA-5286,FRA,France,Dordogne,Metropolitan department,418561.97791290283,9285.201826032153,2411810573.7219734,32753803476.588066,35165614050.31004,3787275.1405057367
HKG-5169,HKG,Hong Kong S.A.R.,Tai Po,,303570.0348892212,133.2563321302983,0.0,35104947959.02897,35104947959.02897,263439248.23552313
MEX-2736,MEX,Mexico,Quintana Roo,State,1563088.0765024223,43875.39606781635,8051556897.974971,27039140493.615574,35090697391.590546,799780.7549669143
PRT-749,PRT,Portugal,Braga,District,769807.8105650535,2698.661786463585,629159107.6643529,34390165996.63492,35019325104.29927,12976552.037737839
SDN-878,SDN,Sudan,Northern,State,951472.1410360707,363154.56861356756,33807722706.16311,1109485712.9220998,34917208419.085205,96149.71540187499
CIV-3431,CIV,Ivory Coast,Savanes,Department,1947214.7372315004,40107.494223591035,25797617683.064713,9054497870.448168,34852115553.51288,868967.6637293644
KAZ-4829,KAZ,Kazakhstan,Almaty City,City,1991469.08984375,295.06292951865555,3748706.9049321814,34802719237.59512,34806467944.50005,117962863.04511659
VNM-450,VNM,Vietnam,Điện Biên,Province,539863.8772006109,11765.748901701743,30966986734.082287,3828207151.4132395,34795193885.49553,2957329.2933748495
CRI-1333,CRI,Costa Rica,Alajuela,Province,1124109.7186661183,9570.615051763163,8053312941.607116,26712952171.047497,34766265112.65461,3632605.1068420867
UKR-327,UKR,Ukraine,Donets'k,Region,4046534.0898297164,26598.99077812343,5214068758.305766,29505950673.350395,34720019431.65616,1305313.4128762486
GBR-2770,GBR,United Kingdom,Newham,London Borough,431834.6015625,40.766509595272474,9793438.14750863,34643879840.718,34653673278.86551,850052497.0841299
RUS-2614,RUS,Russia,Khabarovsk,Territory,1304025.2512054464,787076.2715257232,9183642592.75693,25461849822.784653,34645492415.54158,44017.960735091605
COL-1398,COL,Colombia,Cundinamarca,Department,3222606.078197466,22645.6886909439,1345757298.9869652,33241029500.754395,34586786799.74136,1527301.1685254136
ESP-5814,ESP,Spain,Castellón,Autonomous Community,585631.3652233835,6688.217554334432,2209589267.0763373,32184461464.28366,34394050731.36,5142483.845949397
MAR-1456,MAR,Morocco,Marrakech - Tensift - Al Haouz,Region,3925819.5353132263,32086.003289518376,9482777114.683691,24898355185.735134,34381132300.41882,1071530.5359221916
KEN-1193,KEN,Kenya,Coast,Province,3558890.0207856665,82273.95062445135,20950002560.849728,13415779415.2281,34365781976.07783,417699.4263098448
GBR-2124,GBR,United Kingdom,East Riding of Yorkshire,Unitary Authority,419803.42906951904,2447.252859219265,587909530.298784,33678680450.299404,34266589980.598186,14002063.518491542
POL-3167,POL,Poland,Opole,Voivodeship|Province,957359.3526444435,9200.888379578106,5233196127.668313,29015969808.07405,34249165935.742363,3722375.984014797
AGO-1880,AGO,Angola,Luanda,Province,9980383.623781562,2802.478218148477,205555509.5340117,34020822468.974854,34226377978.508865,12212897.055493021
GBR-2766,GBR,United Kingdom,Haringey,London Borough,425010.328125,29.303972479788396,7039764.865971833,34096403311.24695,34103443076.11292,1163782251.694197
SWE-187,SWE,Sweden,Halland,County,314694.67089030147,5906.272330177932,365197202.74657184,33710403082.716187,34075600285.462757,5769391.992196912
NOR-923,NOR,Norway,Vestfold,County,205980.55707381107,2151.8450455567818,84465503.64454545,33891091707.79304,33975557211.437588,15789035.2196092
MAR-1452,MAR,Morocco,Meknès - Tafilalet,Region,2577522.6588487593,58938.230243472615,17418750970.312878,16347178998.429544,33765929968.742424,572903.696450607
ITA-5426,ITA,Italy,Latina,Province,508575.2377974689,2188.52696138742,1109985304.4604232,32596284432.438538,33706269736.89896,15401350.009200169
SVK-1057,SVK,Slovakia,Košický,Region,816640.688124828,6817.92700189444,2367883002.742486,31270039819.21373,33637922821.956215,4933746.403064968
ARG-1303,ARG,Argentina,Salta,Province,1452045.4968690283,155443.1278112621,9399586011.082205,24110320795.535156,33509906806.617363,215576.63743941672
ESP-5816,ESP,Spain,Ciudad Real,Autonomous Community,490514.2002129918,19728.974426856592,6517869640.13373,26957120659.712578,33474990299.846306,1696742.5460432237
KWT-1663,KWT,Kuwait,Al Asimah,Province,635571.9460449219,110.96066110922668,20302564.4676503,33398748304.222225,33419050868.689877,301179269.6133368
CZE-1593,CZE,Czech Republic,Jihočeský,Region,617667.1128140911,9979.607597009139,4898193090.7297535,28481900778.877384,33380093869.60714,3344830.2997014695
BRA-629,BRA,Brazil,Sergipe,State,2370337.9710906744,21606.345039588497,1030564465.0719194,32297122959.00296,33327687424.07488,1542495.38101006
MAR-3457,MAR,Morocco,Guelmim - Es-Semara,Region,501389.1464335505,101451.81366996924,29983321021.07003,3179913121.8035145,33163234142.873543,326886.55769877275
IRN-3238,IRN,Iran,East Azarbaijan,Province,3305991.7368105217,46443.22950204929,12478959273.583158,20615913721.99007,33094872995.573227,712587.67640422
GHA-2162,GHA,Ghana,Western,Region,3066886.842280172,25118.68743135501,20003333532.080864,13087421124.616304,33090754656.697166,1317375.9475740292
VNM-486,VNM,Vietnam,Kon Tum,Province,592909.917201981,10955.436547675217,28834276600.010574,4204359804.4493995,33038636404.459972,3015729.794124077
MYS-1139,MYS,Malaysia,Pulau Pinang,State,1576656.6013183594,1018.1502689031656,804404663.8822361,32213652962.625572,33018057626.50781,32429454.310391285
NOR-919,NOR,Norway,Hedmark,County,193824.19098479731,27497.973049972617,1079366819.4956405,31890939247.73033,32970306067.22597,1199008.5962812013
KOR-2500,KOR,South Korea,Gwangju,Metropolitan City,484379.5207519531,133.02144127835362,145520550.18559185,32608899085.538273,32754419635.723866,246234135.79757944
THA-399,THA,Thailand,Kanchanaburi,Province,810275.4737796765,19956.616065339203,21737510455.955097,11003480786.307182,32740991242.26228,1640608.364417406
RUS-2398,RUS,Russia,Tyumen',Region,1580594.8297030812,159802.83362310653,1864586905.2303746,30862031350.518105,32726618255.748478,204793.729333573
ITA-5411,ITA,Italy,Messina,Province,481894.82625423,3295.4099219760315,1671378351.7876158,30886247806.97415,32557626158.76177,9879689.304097012
KOR-2510,KOR,South Korea,Jeju,Province,452117.2278164029,1867.8498829855378,2043358875.2611127,30436970237.328003,32480329112.589115,17389153.918875504
PHL-2565,PHL,Philippines,Bulacan,Province,4176298.7981442213,2616.821189354449,3802725914.2692585,28648753587.52481,32451479501.794067,12401106.974297933
NOR-920,NOR,Norway,Oppland,County,190622.8757258132,24913.885783146226,977934686.6826234,31364209586.595814,32342144273.27844,1298157.3631182532
NZL-3399,NZL,New Zealand,Bay of Plenty,Regional Council,251837.7226610303,12398.172353444243,9146381967.277039,23182001554.10963,32328383521.38667,2607512.0267549567
CHL-2700,CHL,Chile,La Araucanía,Region,1145890.3622780133,33905.041470444616,2423417051.218401,29879369295.378216,32302786346.59662,952742.8649440025
FRA-5346,FRA,France,Tarn,Metropolitan department,393376.4551669359,5842.489335693866,1517573642.5220857,30782956371.48337,32300530014.00546,5528556.09280618
GBR-2065,GBR,United Kingdom,Croydon,London Borough,401920.1796875,83.68945828793414,20104922.92517565,32243998883.536175,32264103806.46135,385521718.8221781
SWE-183,SWE,Sweden,Orebro,County,295504.1429197965,9847.94856822282,608919309.6517334,31654694826.12048,32263614135.772213,3276176.140874644
ITA-5425,ITA,Italy,Frosinone,Province,476624.5147728883,3191.3542376252267,1618602999.9126978,30548455953.722786,32167058953.635483,10079438.557586094
RUS-2370,RUS,Russia,Belgorod,Region,1624318.660761498,27729.059222662803,323543954.43873173,31715764527.124218,32039308481.56295,1155441.597361421
SWE-181,SWE,Sweden,Dalarna,County,281259.66910767613,30251.30536970044,1870501643.4814692,30128812762.24797,31999314405.72944,1057782.9291882326
TUR-2238,TUR,Turkey,Balikesir,Province,1287120.1362834405,14542.396532063847,9414903067.633219,22403064744.012253,31817967811.64547,2187945.277210089
MYS-1149,MYS,Malaysia,Terengganu,State,1049369.6897118478,13095.876845403896,10346591003.132353,21440325677.5188,31786916680.651154,2427246.1520441854
GRC-2900,GRC,Greece,Thessalia,Region,691346.7816379843,14132.845657527745,5754551980.211697,26027017369.226013,31781569349.43771,2248773.5392843205
EGY-1542,EGY,Egypt,Al Fayyum,Governorate,3750491.431219496,6003.021082901652,5289890749.822295,26212055832.191925,31501946582.01422,5247682.149866326
BHR-4929,BHR,Bahrain,Al Manāmah,Governorate,459056.34375,35.38606724191252,31954740.578170385,31450719416.121326,31482674156.699497,889691243.208013
MAR-1454,MAR,Morocco,Oriental,Region,2249300.2923259726,58229.4046682342,17209262899.065025,14265525221.918179,31474788120.983204,540530.8245947703
ITA-5360,ITA,Italy,Parma,Province,463246.5803038664,3485.251921856086,1767663128.6051013,29691019482.849194,31458682611.454296,9026229.184230918
SAU-847,SAU,Saudi Arabia,Ha'il,Region,594262.0788788096,121297.60008895997,6306325064.811737,25081752978.284294,31388078043.09603,258769.1596542383
PHL-2563,PHL,Philippines,Cavite,Province,4298443.36256218,1305.3986899862034,1896986101.7092571,29486646108.438442,31383632210.147697,24041415.431847405
IRL-713,IRL,Ireland,Galway,County,171641.8031923771,6016.566635963799,951691463.0675406,30420814823.576397,31372506286.643936,5214353.664615957
CHL-2705,CHL,Chile,Maule,Region,1119327.0362881613,28926.301480384507,2067553649.7236032,29186724123.473244,31254277773.196846,1080479.569584483
THA-386,THA,Thailand,Songkhla,Province,1698097.7806077003,7460.969181168679,8126773349.560666,23060041809.026012,31186815158.586678,4179995.1723834365
FRA-5285,FRA,France,Deux-Sèvres,Metropolitan department,376806.3798761368,6107.767632752336,1586479091.6239908,29486295379.06987,31072774470.69386,5087419.224017135
FRA-5267,FRA,France,Ardèche,Metropolitan department,377694.75149178505,5661.859629837411,1470655477.179518,29555813278.08739,31026468755.26691,5479907.801274451
SWE-188,SWE,Sweden,Värmland,County,276771.4695436891,22229.79341381091,1374514739.335316,29648032404.609135,31022547143.94445,1395539.1562330395
EGY-1532,EGY,Egypt,Al Minufiyah,Governorate,4246957.798828125,1448.4234069992053,1276357600.0648732,29681842228.24603,30958199828.3109,21373722.40652273
IDN-540,IDN,Indonesia,Yogyakarta,Special region,3679203.6586914062,3040.8838113652173,2209167715.1300917,28681415653.630436,30890583368.76053,10158422.776071828
CZE-10369,CZE,Czech Republic,Plzeňský,Region,585609.654295763,7856.341493483289,3856051177.1350846,27003665441.752003,30859716618.88709,3928000.9205919495
SWE-192,SWE,Sweden,Västerbotten,County,253681.06261132951,58727.63909432661,3631253068.2973394,27174565272.701073,30805818340.998413,524554.0058492563
FRA-5271,FRA,France,Aude,Metropolitan department,372052.37360683084,6360.228978101147,1652055365.9556103,29114279297.132023,30766334663.08763,4837299.847068234
TUR-2283,TUR,Turkey,K. Maras,Province,1228079.1359989513,14439.443761242812,9348250342.56915,21375422246.13016,30723672588.69931,2127760.1198991686
GBR-5682,GBR,United Kingdom,Tameside,Metropolitan Borough,382298.9914550781,125.57854671636248,30168040.926990207,30669891378.031544,30700059418.958534,244468981.53949106
TUR-2296,TUR,Turkey,Samsun,Province,1409499.5850457177,9468.841963507004,6130229570.662407,24533149292.19935,30663378862.861755,3238345.1937458324
NZL-3408,NZL,New Zealand,Southland,Regional Council,88974.87784858623,30454.716417960306,22467058944.08591,8190257340.195572,30657316284.281483,1006652.4955787044
SDN-881,SDN,Sudan,North Darfur,State,2983574.8457183447,291351.61531228886,27123256794.13901,3479065252.6659417,30602322046.804955,105035.70407187712
SWE-185,SWE,Sweden,Södermanland,County,281291.95574603975,6990.274747758705,432223345.21689266,30132271338.747993,30564494683.964886,4372431.097041613
GBR-2765,GBR,United Kingdom,Hackney,London Borough,379670.546875,19.645150216135942,4719402.407768416,30459024722.43995,30463744124.847717,1550700492.9809957
SWE-186,SWE,Sweden,Västmanland,County,279610.700137116,7033.528961378266,434897843.9426211,29952173582.082603,30387071426.025223,4320316.528570983
RUS-2387,RUS,Russia,Udmurt,Republic,1530370.8754833576,41980.40586371501,489829330.7761545,29881379496.831306,30371208827.60746,723461.5340834105
ESP-5850,ESP,Spain,Valladolid,Autonomous Community,500484.50523841754,8130.967827034968,2686231285.9300137,27505057325.90457,30191288611.834587,3713123.6101378254
GBR-2064,GBR,United Kingdom,Camden,London Borough,376078.8125,23.856075714880028,5731003.322959337,30170878256.971348,30176609260.294308,1264944394.9187293
ITA-5395,ITA,Italy,Reggio Calabria,Province,445630.9009821963,3148.1855547407426,1596708545.5787597,28561971800.294796,30158680345.873554,9579702.282941567
SWE-178,SWE,Sweden,Gävleborg,County,269522.4531421396,19476.618318534718,1204280150.1970768,28871510628.253296,30075790778.45037,1544199.8342098773
FRA-5303,FRA,France,Haute-Vienne,Metropolitan department,365854.65087890625,5508.544103997673,1430832109.495755,28629287819.29868,30060119928.794434,5456999.0475303875
IDN-538,IDN,Indonesia,Maluku Utara,Province,927491.2881302056,31363.717016294497,22785385880.22114,7230304603.318715,30015690483.539856,957019.5544088638
TUR-2295,TUR,Turkey,Sivas,Province,678005.9364975214,28116.605518063407,18202991161.724293,11801082481.731703,30004073643.455994,1067130.0141185247
CZE-10372,CZE,Czech Republic,Olomoucký,Region,597777.2822238207,4955.1043489701315,2432065354.277499,27564739787.741257,29996805142.018757,6053718.151920108
GBR-2079,GBR,United Kingdom,Wandsworth,London Borough,372693.9140625,37.06115870869104,8903292.655956425,29899325180.127846,29908228472.783802,806996583.8863577
EST-1654,EST,Estonia,Harju,County,608704.388280265,4504.243685204415,640457310.2172333,29192728790.72507,29833186100.942303,6623350.818904105
IRN-3237,IRN,Iran,West Azarbaijan,Province,3174587.0182538177,37185.64196120741,9991512575.056322,19796483863.69256,29787996438.74888,801061.7772801701
FRA-5355,FRA,France,Vosges,Metropolitan department,360440.33093094826,5993.724347234215,1556856601.23251,28205600095.87224,29762456697.104748,4965603.183075734
THA-376,THA,Thailand,Nakhon Si Thammarat,Province,1360984.1112911291,10296.132158666403,11214941437.071852,18482063204.017612,29697004641.089462,2884287.43759792
CMR-1483,CMR,Cameroon,Nord,Province,2831400.9358860496,66696.66807978583,21267811546.978577,8416713440.912916,29684524987.891495,445067.5849711324
KAZ-3203,KAZ,Kazakhstan,Qaraghandy,Region,1385657.0035541595,430221.97487601946,5465871604.075309,24215606408.476295,29681478012.551605,68991.07843365081
CHE-161,CHE,Switzerland,Neuchâtel,Canton,176449.9142036438,845.9542003202477,263257588.43657345,29384424773.81527,29647682362.251842,35046439.09921873
RUS-2416,RUS,Russia,Chechnya,Republic,1507563.0444663847,16170.558757982633,188678832.70145628,29436043359.666183,29624722192.36764,1832015.9887946562
SRB-836,SRB,Republic of Serbia,Grad Beograd,City,1906008.0160799026,3358.4992896870217,2220862999.9347186,27399473253.386475,29620336253.321194,8819515.414005496
ITA-5427,ITA,Italy,Ancona,Province,445272.5044339895,2012.194219931312,1020552203.9481874,28539000969.3209,29559553173.26909,14690208.768355437
ESP-5824,ESP,Spain,Huelva,Autonomous Community,475852.59714588895,10133.480395990297,3347802211.756376,26151364979.70763,29499167191.464005,2911059.777955113
ETH-3111,ETH,Ethiopia,Afar,Administrative State,2029420.6709315553,94138.97496808511,26186729290.199768,3307286134.3343525,29494015424.53412,313302.91661379515
GTM-1951,GTM,Guatemala,Guatemala,Department,3258971.3314208984,2207.530865565456,1222071555.4031425,28191861028.20618,29413932583.60932,13324358.468743304
GBR-2046,GBR,United Kingdom,South Gloucestershire,Unitary Authority,364677.8984222412,552.9221175195662,132829830.46812832,29256241273.37831,29389071103.84644,53152279.8105584
NGA-2841,NGA,Nigeria,Abia,State,4311001.607868195,4705.395518140995,5273183949.11353,24092390851.673435,29365574800.786964,6240830.274006105
GBR-2007,GBR,United Kingdom,North Lanarkshire,Unitary District,364318.52164554596,480.1369185031968,115344464.37479022,29227410313.96856,29342754778.34335,61113306.741372734
ARG-1305,ARG,Argentina,Tucumán,Province,1680814.6707684307,22833.246576681027,1380717617.6379788,27908891971.670734,29289609589.308712,1282761.49828038
CHE-173,CHE,Switzerland,Schwyz,Canton,174081.04281425476,908.8276123396954,282823544.6298909,28989933660.263294,29272757204.893185,32209361.607679468
THA-389,THA,Thailand,Chiang Rai,Province,1249913.398271829,11273.887351555799,12279949836.251894,16973731166.114128,29253681002.36602,2594817.5718049025
IRQ-3052,IRQ,Iraq,Sala ad-Din,Province,3073942.238040688,25513.72697087983,4003537596.8294315,25163553582.938587,29167091179.76802,1143192.1025516174
CIV-3449,CIV,Ivory Coast,Zanzan,Region,1033980.6739989351,37841.52518452872,24340119425.369843,4807983234.616855,29148102659.9867,770267.649568832
UKR-326,UKR,Ukraine,Dnipropetrovs'k,Region,3139592.2801911132,31816.353891668095,6236802674.71601,22892839377.426067,29129642052.14208,915555.6337890244
ESP-5830,ESP,Spain,León,Autonomous Community,435234.72072118614,15643.53176761917,5168160217.889145,23919133995.881752,29087294213.770897,1859381.54157613
PRT-739,PRT,Portugal,Aveiro,District,634414.7707858086,2766.7984900158935,645044324.4859604,28341657461.264908,28986701785.75087,10476621.947839923
IRN-3215,IRN,Iran,Semnan,Province,748683.50312123,90493.91967006944,24315060562.699974,4668733540.246349,28983794102.946323,320284.4368839138
SVK-1052,SVK,Slovakia,Banskobystrický,Region,670203.6231416261,9430.027257647549,3275071917.399166,25662808977.522465,28937880894.92163,3068695.3604989457
GBR-5706,GBR,United Kingdom,Cheshire East,Unitary Authority,357217.49870300293,1125.9372635097134,270486658.230761,28657731588.18438,28928218246.415142,25692566.70326515
SWE-190,SWE,Sweden,Norrbotten,County,208676.49052861048,104864.51217600124,6483992673.075026,22353631187.03153,28837623860.106552,274998.8843862298
GHA-2161,GHA,Ghana,Eastern,Region,3165791.204453796,19237.518927548936,15319849354.75274,13509478769.842442,28829328124.595184,1498599.0778317247
MAR-1450,MAR,Morocco,Grand Casablanca,Region,4504464.047729492,816.1149453103347,241196638.18859947,28568237733.015087,28809434371.203686,35300706.76533028
IRQ-3222,IRQ,Iraq,Al-Basrah,Province,3189980.3543405337,17086.65967948223,2681187445.060977,26113451509.138912,28794638954.19989,1685211.7086862025
FRA-5277,FRA,France,Charente,Metropolitan department,348120.87648391724,5976.992730063058,1552510600.7938626,27241563677.875385,28794074278.669247,4817485.24368131
MEX-2707,MEX,Mexico,Baja California Sur,State,898396.698710744,72126.5707915288,13235919003.128815,15540950584.048923,28776869587.17774,398977.3709102715
HKG-5153,HKG,Hong Kong S.A.R.,Central and Western,,248204.140625,11.295536516704031,0.0,28702416043.91472,28702416043.91472,2541040525.296793
ESP-5831,ESP,Spain,Lérida,Autonomous Community,449644.0459697023,12081.084045631404,3991232854.6451955,24711025278.90807,28702258133.553265,2375801.544393045
PHL-2566,PHL,Philippines,Laguna,Province,3659597.1652297974,2443.761033117804,3551237450.5080314,25104261568.36784,28655499018.87587,11725982.463316618
CIV-3448,CIV,Ivory Coast,Bas-Sassandra,Department,2538147.4702728055,26179.8755352885,16839207562.668863,11802319705.706026,28641527268.37489,1094028.3971086214
TUR-2299,TUR,Turkey,Erzurum,Province,759613.5705471693,23804.611443394413,15411360074.529902,13221510192.931238,28632870267.46114,1202828.718105648
VNM-502,VNM,Vietnam,Kiên Giang,Province,1654953.4804329872,6400.377973400582,16845542213.359789,11735374446.428368,28580916659.788155,4465504.50279155
KEN-1197,KEN,Kenya,Nyanza,Province,6460515.12340638,16577.657282892556,4221287052.5056815,24353898349.809387,28575185402.315067,1723716.7420395073
IDN-1225,IDN,Indonesia,Bengkulu,Province,1707220.6142914891,20999.768834300143,15256094678.968699,13308723461.194914,28564818140.163612,1360244.4086673486
EGY-1547,EGY,Egypt,Kafr ash Shaykh,Governorate,3644949.108121872,3459.600392126565,3048616331.619791,25474424160.068726,28523040491.688515,8244605.520510946
SVK-1053,SVK,Slovakia,Žilinský,Region,684250.7745733187,6635.429025390366,2304501001.662272,26200689334.21173,28505190335.874004,4295907.653717542
IRL-729,IRL,Ireland,Donegal,County,156489.43074644747,4790.897478254025,757816958.8004206,27735294701.19191,28493111659.99233,5947343.225214712
FRA-5356,FRA,France,Yonne,Metropolitan department,338556.2392168045,7491.096828066298,1945795780.9869225,26493100449.242016,28438896230.22894,3796359.449483977
IDN-513,IDN,Indonesia,Sulawesi Utara,Province,2260838.94603201,14866.051163385207,10800018125.940289,17624482782.81043,28424500908.750717,1912041.106030881
PNG-1248,PNG,Papua New Guinea,Western,Province,181603.7655448392,99796.0503915309,27394509346.462917,936403767.6629786,28330913114.125896,283888.1198501837
MEX-2721,MEX,Mexico,Nayarit,State,1346431.657616361,27164.66421990998,4984976984.43399,23291300920.677242,28276277905.111233,1040921.3114582329
AUT-2322,AUT,Austria,Burgenland,State,294074.83055752516,3982.9201402363988,709668303.736289,27541678602.65864,28251346906.39493,7093124.117903636
NOR-910,NOR,Norway,Møre og Romsdal,County,167828.2367176998,14615.816989283265,573708755.528391,27613684721.313614,28187393476.842007,1928554.0792902517
ISL-5131,ISL,Iceland,Reykjavík,Region,202949.58982801437,355.0090941759293,2524920.6921688495,28175930326.777393,28178455247.469563,79373896.92193453
VNM-496,VNM,Vietnam,Bình Thuận,Province,1159499.8621022403,7579.051300214065,19947763889.191284,8222083105.799319,28169846994.990604,3716803.8424802544
ARG-1309,ARG,Argentina,Entre Ríos,Province,1410436.2644564786,78186.33394022117,4727897470.350945,23419425128.914703,28147322599.265648,360003.10004029877
GBR-2021,GBR,United Kingdom,Fife,Unitary District,346663.18723487854,1323.2967791724493,317898816.60915226,27811013198.828327,28128912015.43748,21256691.96673211
QAT-1105,QAT,Qatar,Al Khawr,Municipality,267060.7917073369,1484.056168715944,241025597.194442,27819648343.699593,28060673940.894035,18908094.270564627
ITA-5439,ITA,Italy,Alessandria,Province,408789.631000638,3494.004658573048,1772102374.4088082,26200691844.21214,27972794218.62095,8005940.733360397
THA-380,THA,Thailand,Surat Thani,Province,981168.8318713382,13447.220829809788,14647227888.46011,13324199903.593979,27971427792.05409,2080089.8673461992
FIN-3177,FIN,Finland,Central Finland,Province,272566.03248750675,19394.22451668983,1110168177.2550693,26801784904.19024,27911953081.44531,1439188.9223219776
GBR-2034,GBR,United Kingdom,Northumberland,Unitary Single-Tier County,331885.7546674423,5097.824534093229,1224662836.1649992,26625495418.714825,27850158254.879826,5463145.714142091
KAZ-3206,KAZ,Kazakhstan,East Kazakhstan,Region,1389711.9053283364,279877.6503305904,3555781412.602506,24286469475.697575,27842250888.30008,99480.07943975848
PHL-2562,PHL,Philippines,Pangasinan,Province,2948990.573435724,5193.917604342531,7547724372.976776,20229611997.071476,27777336370.048252,5348051.025457965
IRN-3228,IRN,Iran,Hormozgan,Province,1548196.0259338561,67322.35739052483,18089029662.351536,9654432992.07181,27743462654.423347,412098.7994150076
ITA-5399,ITA,Italy,Avellino,Province,410734.00056682527,2743.9111717689443,1391667149.2488635,26325312979.318317,27716980128.56718,10101267.27633774
GBR-2066,GBR,United Kingdom,Ealing,London Borough,345293.7265625,53.8388410734675,12933836.25974435,27701148378.34195,27714082214.601692,514760007.12540525
BEL-3477,BEL,Belgium,Luxembourg,Province,283579.2244992256,4436.605732493661,2816516040.729518,24871198855.66469,27687714896.394207,6240742.713198432
EGY-1546,EGY,Egypt,Bani Suwayf,Governorate,3348794.4927813616,4796.882872838282,4227036018.461364,23404609722.5131,27631645740.974464,5760333.631958166
THA-436,THA,Thailand,Buri Ram,Province,1220540.0319059938,10144.577148607266,11049861916.32411,16574843031.2827,27624704947.60681,2723100.681569499
FRA-5319,FRA,France,Lot-et-Garonne,Metropolitan department,335110.478972435,5378.834350218142,1397140288.7317438,26223458771.71964,27620599060.45138,5135052.924493057
FRA-5264,FRA,France,Allier,Metropolitan department,328483.6826258898,7365.029102589751,1913049968.9942346,25704890921.155632,27617940890.149868,3749875.3237022
ITA-5381,ITA,Italy,Pisa,Province,411569.24405887723,2433.145249900847,1234051724.5880654,26378846522.467564,27612898247.05563,11348643.591327269
CZE-10371,CZE,Czech Republic,Zlínský,Region,556935.7681303024,3932.230589740464,1930018241.5584497,25681453583.99476,27611471825.553207,7021834.349591291
GBR-5691,GBR,United Kingdom,Sandwell,Metropolitan Borough,343748.32421875,98.97637845082104,23777337.084922522,27577168658.07701,27600945995.161934,278863971.65841115
SDN-883,SDN,Sudan,North Kordufan,State,4231400.616327948,243308.84398571638,22650735087.348385,4934120850.194866,27584855937.54325,113373.83173446273
CHL-2703,CHL,Chile,Libertador General Bernardo O'Higgins,Region,1010144.8448852636,16639.486618850562,1189333911.6188395,26339771984.945385,27529105896.564224,1654444.426511153
SAU-862,SAU,Saudi Arabia,Al Jawf,Region,507293.98255508713,117534.15176380235,6110661436.795527,21411129550.488415,27521790987.283943,234159.94903840352
CZE-1598,CZE,Czech Republic,Královéhradecký,Region,545071.0372276306,4760.285100936824,2336444130.1580353,25134346442.741325,27470790572.89936,5770828.845417916
ESP-5802,ESP,Spain,Albacete,Autonomous Community,410136.50124824233,14919.6309298267,4929004791.406763,22539814640.02557,27468819431.432335,1841119.2314762843
VNM-484,VNM,Vietnam,Bình Phước,Province,1203412.377860725,7193.01712428207,18931737174.28668,8533469390.310276,27465206564.596954,3818315.1923662685
COL-1412,COL,Colombia,Atlántico,Department,2641317.293071419,3342.745625380208,198648157.06890556,27245063135.035706,27443711292.10461,8209931.106852658
VNM-476,VNM,Vietnam,Quảng Bình,Province,780534.6375015508,8314.393237486565,21883154845.32824,5534817955.784125,27417972801.112366,3297651.6767928093
GBR-2779,GBR,United Kingdom,Shropshire,Unitary Single-Tier County,332207.4390773773,3188.966359196415,766093175.5829694,26651302512.458817,27417395688.041786,8597580.720466012
GTM-1944,GTM,Guatemala,Petén,Department,856930.4241978228,36060.309109990514,19962700739.441837,7412910692.679767,27375611432.121605,759161.8626623804
BGR-2243,BGR,Bulgaria,Grad Sofiya,Province,1371738.2661816776,1244.32319986266,399855597.5982444,26961043793.9599,27360899391.558144,21988579.329372026
RUS-2368,RUS,Russia,Tula,Region,1381526.0356064797,25521.28446191176,297783535.70733774,26975097615.910576,27272881151.617912,1068632.7795264479
GBR-5689,GBR,United Kingdom,Doncaster,Metropolitan Borough,337999.46284484863,642.7807404879287,154416786.8889206,27115966934.227753,27270383721.116673,42425639.10738207
NPL-1126,NPL,Nepal,Karnali,Administrative Zone,230605.9639671836,21185.56079084587,26764986176.756927,482303601.7768639,27247289778.53379,1286125.4912028173
THA-413,THA,Thailand,Pathum Thani,Province,1881733.3205566406,1477.9592052728005,1609849764.7550209,25553798810.06877,27163648574.82379,18379159.91044553
VNM-485,VNM,Vietnam,Bình Định,Province,1508276.3988876939,6254.66772922965,16462038601.651014,10695278458.840261,27157317060.491276,4341928.0185865415
THA-404,THA,Thailand,Tak,Province,682249.344616594,16377.318284162,17838802243.67212,9264895455.789932,27103697699.46205,1654953.3464018467
EGY-1558,EGY,Egypt,Shamal Sina',Governorate,438056.0500346409,27266.177127592156,24027085059.06958,3061558692.164218,27088643751.2338,993488.8790780024
GBR-5707,GBR,United Kingdom,Cheshire West and Chester,Unitary Authority,334409.19721984863,940.4771101449095,225933112.7141662,26827938299.0542,27053871411.768364,28766113.624604728
FRA-5314,FRA,France,Loir-et-Cher,Metropolitan department,323984.344745636,6364.797577911327,1653242049.6201918,25352803449.093685,27006045498.71388,4243032.895882949
RUS-2610,RUS,Russia,Chita,Region,1123823.9841441282,432409.10031309765,5045369521.092574,21943315503.338467,26988685024.43104,62414.70173705675
GRC-3001,GRC,Greece,Anatoliki Makedonia kai Thraki,Region,560932.4239617623,14078.317605987733,5732349480.122868,21117329723.91219,26849679204.035057,1907165.32724162
GHA-2173,GHA,Ghana,Volta,Region,2558808.5111989556,20002.529664086982,15929067689.126827,10919282740.283749,26848350429.410576,1342247.7496741198
RUS-2358,RUS,Russia,Tver',Region,1323813.696580347,84689.65120998773,988162794.5791185,25848230702.983356,26836393497.562473,316879.254007337
RUS-2373,RUS,Russia,Penza,Region,1342344.7873836248,43397.61299363929,506365369.5718636,26210061005.463528,26716426375.035393,615619.7203507753
ITA-5365,ITA,Italy,Forlì-Cesena,Province,397968.6231941283,2355.2140119710243,1194526267.3345375,25507137337.24439,26701663604.578926,11337255.75207194
BOL-1940,BOL,Bolivia,Santa Cruz,Department,3286327.6969049494,362074.689482314,4218709202.8157196,22453742770.680584,26672451973.496304,73665.60753426858
EGY-1557,EGY,Egypt,Janub Sina',Governorate,155123.48363478784,28961.59901577894,25521098896.354053,1084152700.6494317,26605251597.003487,918638.904658142
ITA-5364,ITA,Italy,Ravenna,Province,399700.84808683395,1860.913155588277,943824906.9002006,25618161412.164192,26561986319.064392,14273630.25474853
NZL-3397,NZL,New Zealand,Hawke's Bay,Regional Council,171219.63372356724,14637.154469332983,10798124261.70736,15760997888.375593,26559122150.082954,1814500.3665656645
CHL-2704,CHL,Chile,Los Lagos,Region,888356.756204506,47390.42917260758,3387306699.552876,23164118015.540806,26551424715.09368,560269.767095522
SVK-1054,SVK,Slovakia,Nitriansky,Region,636708.7541410029,6166.938415900774,2141793047.9328423,24380254847.389854,26522047895.322697,4300683.111564485
QAT-1101,QAT,Qatar,Al Wakrah,Municipality,251860.19381428324,1638.9681857760033,266184861.52121088,26236206291.815956,26502391153.337166,16170168.148071198
ITA-5417,ITA,Italy,Agrigento,Province,388923.90489274263,3003.870933787665,1523514515.3918335,24927431153.278236,26450945668.67007,8805619.899027197
CZE-1594,CZE,Czech Republic,Vysočina,Region,499007.09718704224,6958.045867542801,3415149529.886636,23010243438.871204,26425392968.75784,3797818.1621400886
IRL-718,IRL,Ireland,Wexford,County,146139.81550598145,2338.4631763836937,369894588.777485,25900987889.741074,26270882478.51856,11234251.085854193
GBR-2768,GBR,United Kingdom,Lambeth,London Borough,326016.34375,29.18325371144935,7010764.301471481,26154622621.991425,26161633386.292896,896460471.6447024
MEX-2722,MEX,Mexico,Campeche,State,904829.649930531,57142.42860718119,10486184888.406643,15652231243.427767,26138416131.83441,457425.7127137497
ARG-1306,ARG,Argentina,Chaco,Province,1209764.9889543792,99244.12051005222,6001253705.8640995,20087402243.10479,26088655948.968887,262873.56686612405
PER-585,PER,Peru,Loreto,Department,1098374.2549493702,373774.469781074,12942430300.671543,13140004823.642782,26082435124.314323,69781.21095213176
MYS-1146,MYS,Malaysia,Negeri Sembilan,State,1017336.4238069654,6693.545786579222,5288334750.855632,20785834071.51117,26074168822.366802,3895419.5061526825
VNM-5483,VNM,Vietnam,Lào Cai,Province,734838.7338761985,7926.610362732521,20862525624.142334,5210785560.884958,26073311185.02729,3289339.3256230527
PHL-2550,PHL,Philippines,Isabela,Province,1684240.5222362261,9982.826042607108,14506895405.883282,11553625359.639189,26060520765.52247,2610535.398923622
THA-448,THA,Thailand,Udon Thani,Province,1043082.4837768078,10868.379476553211,11838255129.895823,14164982700.553215,26003237830.449036,2392558.8802403207
RWA-3493,RWA,Rwanda,Eastern,Province,3694518.2024228573,9460.999820366178,20347285156.280502,5623515029.7348385,25970800186.015343,2745037.5942412997
FRA-5270,FRA,France,Aube,Metropolitan department,311330.2472586632,6155.450564706586,1598864627.4074893,24362580150.913128,25961444778.320618,4217635.168280834
BLR-4825,BLR,Belarus,City of Minsk,Region,2113074.4621009827,606.6075150000056,55526654.95625966,25891184791.564297,25946711446.520557,42773475.11350946
CIV-3450,CIV,Ivory Coast,Vallée du Bandama,Region,1660094.7447978295,28312.416661030507,18210883398.327168,7719397375.188978,25930280773.516144,915862.5024477985
ESP-5811,ESP,Spain,Cáceres,Autonomous Community,350733.5184525391,20115.03618963452,6645413028.268563,19275213178.793118,25920626207.06168,1288619.416972207
FRA-5324,FRA,France,Mayenne,Metropolitan department,313677.2130126953,5241.765325772663,1361536913.7398798,24546237671.496243,25907774585.236122,4942566.668876422
TUR-2274,TUR,Turkey,Denizli,Province,1074787.698088903,11113.137614475412,7194764163.311242,18707296784.183933,25902060947.495174,2330760.388835324
VNM-512,VNM,Vietnam,Hà Giang,Province,708223.0153111387,7926.14616373411,20861303870.699707,5022051903.283893,25883355773.9836,3265566.296570743
NOR-75,NOR,Norway,Nordland,County,148357.32552698487,37315.64805826667,1464736047.5942452,24410030715.453495,25874766763.04774,693402.5833517746
IRN-3214,IRN,Iran,Mazandaran,Province,3077207.007421476,24753.21063071357,6651008352.84227,19189229502.10034,25840237854.94261,1043914.5951790297
NGA-2854,NGA,Nigeria,Ekiti,State,3576203.613386184,5216.403983968884,5845854541.729165,19985911177.025253,25831765718.754417,4952025.532942026
RUS-2376,RUS,Russia,Vladimir,Region,1305112.0507915644,29470.104888897884,343858556.3582851,25483070215.429367,25826928771.78765,876377.2259771391
ITA-5446,ITA,Italy,Mantova,Province,384292.15647888184,2312.9391360389095,1173085137.359704,24630566938.316544,25803652075.676247,11156217.504221505
OMN-2424,OMN,Oman,Al Batnah North,Region,771229.1440265775,7824.5315202451275,407019121.91034406,25328224133.289867,25735243255.20021,3289045.8922189856
COL-1413,COL,Colombia,Bolívar,Department,2342446.0242578983,26464.063166356704,1572670482.8022692,24162220112.187855,25734890594.990124,972446.6886742635
COL-1317,COL,Colombia,Santander,Department,2309407.4878114536,30768.05071742544,1828442022.3940892,23821429169.072556,25649871191.466644,833652.7857105967
FRA-5279,FRA,France,Cher,Metropolitan department,303105.6168203354,7320.057947338537,1901368811.1928732,23718976710.41952,25620345521.612396,3500019.4951909594
TUR-2278,TUR,Turkey,Mugla,Province,993478.7264741436,12856.790040659185,8323623395.00446,17292067464.087757,25615690859.092216,1992386.1848940067
ITA-5390,ITA,Italy,Potenza,Province,346337.77355772676,6625.934146036818,3360566106.8762317,22197943858.762794,25558509965.639027,3857344.398891496
THA-437,THA,Thailand,Chaiyaphum,Province,823989.8077180088,13171.79799411234,14347226788.515097,11189720423.15996,25536947211.675056,1938759.4027094718
GBR-2116,GBR,United Kingdom,Cardiff,Unitary Authority (wales),317820.17626953125,108.94395336586392,26171871.94651026,25497086055.16617,25523257927.11268,234278793.25618488
UKR-328,UKR,Ukraine,Kharkiv,Region,2655680.9465502137,31389.26153846874,6153081870.633491,19364322472.90533,25517404343.538822,812934.2040196221
KWT-1666,KWT,Kuwait,Mubarak Al-Kabeer,Province,484056.14453125,70.18554736049809,12841907.985580197,25436725829.25611,25449567737.24169,362604107.17499435
PHL-2514,PHL,Philippines,Cebu,Province,2765708.5173187256,4446.028015251333,6460902264.9095125,18972325888.844734,25433228153.754246,5720438.12286156
HRV-1589,HRV,Croatia,Grad Zagreb,City,818544.4345321655,704.3450766640349,214726831.08765393,25211836421.506695,25426563252.59435,36099582.56969907
NOR-916,NOR,Norway,Vest-Agder,County,152612.13113393262,7505.022859032891,294591628.2220109,25110096823.985405,25404688452.207417,3385024.7933130353
NGA-2863,NGA,Nigeria,Ebonyi,State,3300099.825637102,6186.55364114264,6933069756.842003,18442882207.159523,25375951964.001526,4101791.309986064
IRN-3244,IRN,Iran,South Khorasan,Province,485553.49829533556,83092.06683613211,22326236334.62418,3027874787.7102776,25354111122.334457,305132.75319454883
FRA-4603,FRA,France,Guadeloupe,Overseas department,318261.82572369697,1657.317564746052,430484560.4393046,24904998169.765064,25335482730.20437,15287041.704699775
ITA-5438,ITA,Italy,Novara,Province,384269.9043273926,1325.6019342383956,672323755.9002408,24629140723.657883,25301464479.558125,19086773.959857486
TUR-2269,TUR,Turkey,Eskisehir,Province,942127.1296220969,13727.531431697545,8887350685.449816,16398263446.456043,25285614131.90586,1841963.6667900926
ITA-5383,ITA,Italy,Lucca,Province,380568.40333756804,1759.214786923874,892245147.2277299,24391899170.93541,25284144318.16314,14372403.248368815
RUS-2354,RUS,Russia,Arkhangel'sk,Region,1053537.1064065904,403860.4634487336,4712262696.560187,20570923424.418777,25283186120.978966,62603.76642238077
GBR-5672,GBR,United Kingdom,Calderdale,Metropolitan Borough,313086.39405822754,423.09588838171175,101641358.42063902,25117318937.09099,25218960295.511627,59605779.65427875
IRL-725,IRL,Ireland,Kerry,County,137934.89948490635,4798.791751920043,759065663.1379012,24446795342.950085,25205861006.087986,5252543.204443676
FIN-3178,FIN,Finland,Northern Savonia,Province,244143.84362080973,19942.774407970293,1141568382.6312747,24006992810.841625,25148561193.4729,1261036.2369351212
LTU-1069,LTU,Lithuania,Kauno,County,553771.6624854207,8181.724821717157,3336586651.119437,21794588386.35547,25131175037.474907,3071623.109441176
GRC-2990,GRC,Greece,Kriti,Region,577603.5832107961,8314.861023301055,3385609743.876042,21744946084.997593,25130555828.873634,3022366.3099658927
PHL-2518,PHL,Philippines,Negros Occidental,Province,2095235.0728788376,7399.728513403642,10753176216.606108,14372983402.796389,25126159619.402496,3395551.5494777597
IRL-5569,IRL,Ireland,Cork,City,141592.751953125,60.77674170832763,9613573.61042687,25095092264.317917,25104705837.928345,413064358.70497644
PHL-2572,PHL,Philippines,Quezon,Province,1895857.6098738275,8318.051379395314,12087669446.169884,13005285332.180725,25092954778.35061,3016686.6774240527
BEN-2169,BEN,Benin,Borgou,Department,1637723.2107193656,25623.665561843238,21174455619.79562,3898628512.1325593,25073084131.92818,978512.7764571303
GRC-2886,GRC,Greece,Dytiki Ellada,Region,547679.004753828,10936.428579843143,4453048470.607101,20618380454.04032,25071428924.647423,2292469.4969303235
VNM-498,VNM,Vietnam,An Giang,Province,2196339.2187461853,3605.318812357941,9489056817.987822,15574373206.320534,25063430024.308357,6951792.98385444
TUR-2229,TUR,Turkey,Aydin,Province,1142936.5335092694,7944.242746028397,5143187729.388021,19893466380.25596,25036654109.643982,3151546.9642667547
THA-402,THA,Thailand,Phetchabun,Province,846119.8702640533,12433.793150646523,13543363651.154537,11490245029.796875,25033608680.951412,2013352.5125958633
GBR-2010,GBR,United Kingdom,South Lanarkshire,Unitary District,306711.4231580198,1750.7242252119086,420580755.70311034,24605887650.538773,25026468406.241882,14294923.235675605
RUS-2167,RUS,Russia,Tomsk,Region,1092887.4651689916,314785.318352971,3672929755.075731,21339262016.294025,25012191771.369755,79457.9362920713
PHL-2589,PHL,Philippines,Bukidnon,Province,1761379.589462757,8886.691908445833,12914009466.848804,12082787240.950554,24996796707.79936,2812834.850732546
CZE-10373,CZE,Czech Republic,Pardubický,Region,495257.04074788094,4384.790407419838,2152143746.0485635,22837320624.62461,24989464370.673176,5699124.028456776
GRC-2989,GRC,Greece,Stereá Elláda,Region,495945.71179672354,15478.96997860517,6302661155.474726,18670785773.449364,24973446928.924088,1613379.1178251563
VNM-454,VNM,Vietnam,Lạng Sơn,Province,690307.4189757109,7625.143564733121,20069076910.21785,4895011334.52283,24964088244.74068,3273917.144354045
RUS-2395,RUS,Russia,Ul'yanovsk,Region,1255547.9397828367,37256.99181603479,434716315.68370956,24515302183.378254,24950018499.061962,669673.4567905692
RUS-2384,RUS,Russia,Kirov,Region,1205426.8267024094,120280.74650497007,1403441352.0691955,23536658362.620224,24940099714.68942,207349.0599233925
VNM-474,VNM,Vietnam,Ha Tinh,Region,1182174.2554194331,6290.323618751341,16555883495.591461,8382868589.54188,24938752085.13334,3964621.4720640713
ITA-5406,ITA,Italy,Brindisi,Province,373683.7766957788,1853.205565876905,939915742.6708462,23950640471.04512,24890556213.715965,13431082.159489512
GBR-5688,GBR,United Kingdom,Barnsley,Metropolitan Borough,308927.0933532715,342.1592939625699,82197762.70486115,24783639529.923203,24865837292.628063,72673277.421914
NGA-2845,NGA,Nigeria,Bayelsa,State,2466503.886454314,9884.413083280504,11077140745.387327,13784262005.648905,24861402751.036232,2515212.844866765
ETH-3110,ETH,Ethiopia,Tigray,Administrative State,6836341.993198484,49213.225317154414,13689690261.815928,11140981959.789824,24830672221.60575,504552.8323247378
BEN-2170,BEN,Benin,Alibori,Department,1145954.416233072,26689.548568760027,22055262168.38961,2727964366.3156447,24783226534.705254,928574.2121436212
NOR-922,NOR,Norway,Telemark,County,146950.60433391717,15204.48363248759,596815449.2931978,24178575292.48137,24775390741.774567,1629479.26023852
RUS-2360,RUS,Russia,Yaroslavl',Region,1246007.285232842,35937.859437753854,419324617.6578219,24329015366.356518,24748339984.01434,688642.5727965152
GRC-2885,GRC,Greece,Peloponnisos,Region,489305.5947541222,15523.841234136047,6320931642.44012,18420806390.89982,24741738033.33994,1593789.6851801253
GBR-2753,GBR,United Kingdom,Hillingdon,London Borough,308003.408203125,113.20907624676057,27196492.83115988,24709536997.98958,24736733490.82074,218504861.19065538
ARG-1304,ARG,Argentina,Santiago del Estero,Province,997411.8747845897,134964.59919660023,8161257280.798022,16561409624.000008,24722666904.79803,183178.900629972
PHL-2557,PHL,Philippines,Nueva Ecija,Province,2455442.096833866,5407.53689492654,7858152771.90457,16843946992.46311,24702099764.36768,4568087.142880835
PHL-2564,PHL,Philippines,Batangas,Province,2908619.947418213,3258.0984604236037,4734620575.94774,19952675845.504997,24687296421.452736,7577210.057133449
CHL-2697,CHL,Chile,Coquimbo,Region,841395.1499287625,37405.914819693906,2673647571.541535,21939582734.671886,24613230306.21342,658003.6987427121
RUS-2389,RUS,Russia,Chuvash,Republic,1249377.1045303326,18384.71386302249,214513697.58716473,24394813043.81967,24609326741.406837,1338575.4559337485
ITA-5414,ITA,Italy,Siracusa,Province,366686.3259260822,2164.415002293559,1097756110.7021844,23502150496.230717,24599906606.9329,11365614.533656988
IRL-76,IRL,Ireland,Clare,County,135505.2628865242,3235.975758011146,511861779.30519825,24016180401.407394,24528042180.712593,7579797.877035922
TUN-98,TUN,Tunisia,Tataouine,Governorate,159692.75165476417,39699.54671044269,23407118418.754555,1114996015.2717397,24522114434.026295,617692.5548516633
THA-396,THA,Thailand,Phitsanulok,Province,961785.6186915785,10507.314893606777,11444969759.2009,13060977307.449627,24505947066.650528,2332274.926067104
PER-567,PER,Peru,Piura,Department,1943595.3287053476,36218.85525274797,1254125274.9374847,23251502736.264576,24505628011.20206,676598.634611534
GBR-2108,GBR,United Kingdom,Halton,Metropolitan Borough,304844.10986328125,167.61902058048196,40267526.62168782,24456082662.30062,24496350188.92231,146143021.86046025
THA-391,THA,Thailand,Lampang,Province,798436.1820913078,12521.523192283546,13638922572.123024,10842704084.022505,24481626656.14553,1955163.6234825216
ARG-1297,ARG,Argentina,Río Negro,Province,735618.0101389549,202572.02915686124,12249452505.94356,12214483806.23516,24463936312.17872,120766.60540945226
ITA-5421,ITA,Italy,Chieti,Province,361198.3658794686,2581.0402116970354,1309061645.458967,23150408819.99811,24459470465.457077,9476594.109076263
ESP-5810,ESP,Spain,Burgos,Autonomous Community,357257.82207156345,14493.842810107464,4788336989.898045,19633768425.108654,24422105415.0067,1684998.6394205708
MAR-1445,MAR,Morocco,Tanger - Tétouan,Region,3304323.405609686,11697.539212160546,3457119795.765506,20956698865.38575,24413818661.151257,2087090.1322366248
SVK-1051,SVK,Slovakia,Bratislavský,Region,617669.2225614606,2095.2753079019744,727694325.015293,23651210949.272865,24378905274.28816,11635179.96052703
GBR-2745,GBR,United Kingdom,Highland,Unitary District,226585.15260588774,25810.46598459632,6200511269.864334,18177767071.38883,24378278341.253162,944511.3604613768
RUS-2359,RUS,Russia,Vologda,Region,1160802.8425440239,145875.06875536105,1702077096.0941062,22665349174.332024,24367426270.42613,167043.1176371295
CMR-1462,CMR,Cameroon,Extrême-Nord,Province,4464836.132712549,34791.44018809396,11094074331.91729,13272315415.801552,24366389747.71884,700355.8811013895
PER-580,PER,Peru,La Libertad,Department,1965452.7674661689,24447.82420279303,846537916.121047,23512986333.003563,24359524249.12461,996388.2285418949
SWE-191,SWE,Sweden,Västernorrland,County,213085.68655517988,22878.094180329426,1414600535.1191158,22825948607.933067,24240549143.052185,1059552.8172925434
GBR-5677,GBR,United Kingdom,Wigan,Metropolitan Borough,301032.009765625,203.54239454473523,48897486.47013986,24150257382.79282,24199154869.26296,118889997.94558468
FRA-5272,FRA,France,Aveyron,Metropolitan department,279766.34095191956,8818.111398288273,2290484871.4245133,21892604284.30527,24183089155.729786,2742434.0727226567
GBR-5696,GBR,United Kingdom,Coventry,Metropolitan Borough,300605.7497558594,109.59060118282514,26327217.730623346,24116060723.919746,24142387941.65037,220296153.8770528
NGA-3470,NGA,Nigeria,Federal Capital Territory,State,2851217.041074494,7321.369523297682,8204821062.743545,15934263450.78245,24139084513.525993,3297072.2809048025
SWE-180,SWE,Sweden,Kalmar,County,218882.18803673983,11028.803763397585,681934062.4465117,23446875555.504612,24128809617.951122,2187799.3421217506
GBR-5692,GBR,United Kingdom,Dudley,Metropolitan Borough,300175.97265625,90.50840564434824,21743055.299743798,24081581906.929893,24103324962.229637,266310347.53770143
LBN-3025,LBN,Lebanon,Mount Lebanon,Province,1577185.7905615866,2012.95776967877,5449174054.534623,18643990185.902607,24093164240.43723,11969036.113600159
ESP-5813,ESP,Spain,Cantabria,Autonomous Community,405961.66556350887,5347.672895978935,1766712960.336105,22310378776.111816,24077091736.44792,4502349.377904576
MEX-2717,MEX,Mexico,Aguascalientes,State,1331334.2554208962,5547.953266213778,1018102749.9143782,23030137915.73306,24048240665.647438,4334614.859158548
SVK-1055,SVK,Slovakia,Trenciansky,Region,586629.9621108472,4514.976633898265,1568062612.9051523,22462684680.176086,24030747293.081238,5322452.194471914
ITA-5428,ITA,Italy,Pesaro e Urbino,Province,353548.31032180786,2585.081615425181,1311111379.7445292,22660091226.162033,23971202605.906563,9272899.72698363
RUS-2342,RUS,Russia,Bryansk,Region,1206179.8554936987,35233.00389221353,411100330.325138,23551361686.79153,23962462017.11667,680114.0796970865
GBR-5681,GBR,United Kingdom,Oldham,Metropolitan Borough,297188.7347984314,184.2098722778633,44253187.438026994,23841931103.063183,23886184290.50121,129668317.96328019
FRA-5332,FRA,France,Orne,Metropolitan department,284681.6842021942,6174.883291362203,1603912235.0419152,22277245497.16042,23881157732.202335,3867467.060569182
ARG-1274,ARG,Argentina,Chubut,Province,617337.1280273533,225210.16201383516,13618371672.172634,10250502637.712027,23868874309.88466,105984.89027514815
GBR-5675,GBR,United Kingdom,Wakefield,Metropolitan Borough,296553.9475097656,319.2872317860048,76703151.35706653,23791005367.901203,23867708519.25827,74753094.21472599
GBR-5676,GBR,United Kingdom,Salford,Metropolitan Borough,296921.4992675781,128.73156296306274,30925497.719261914,23820492164.204296,23851417661.923557,185280261.59961486
MMR-3269,MMR,Myanmar,Yangon,Division,8070867.661113024,9717.31832921992,0.0,23777650416.219017,23777650416.219017,2446935.4209298426
FRA-1442,FRA,France,Martinique,Overseas department,299994.16478061676,1097.4589733001983,285062533.440112,23475495711.156418,23760558244.59653,21650520.72347226
LKA-2471,LKA,Sri Lanka,Gampaha,District,2778209.4848632812,1422.9679785971646,1908722926.8587978,21834161891.141853,23742884818.000652,16685466.697154785
ITA-5453,ITA,Italy,Lecco,Province,363825.0078514349,831.4549740906426,421700449.13500154,23318759070.77161,23740459519.906612,28552910.57206244
THA-430,THA,Thailand,Chon Buri,Province,1400486.8603527546,4333.051497427714,4719725624.982898,19018507603.94289,23738233228.92579,5478410.1326785125
GBR-2078,GBR,United Kingdom,Waltham Forest,London Borough,295623.71484375,36.998927864467326,8888342.788287526,23716377562.281296,23725265905.069584,641241983.8752848
TUR-3041,TUR,Turkey,Mardin,Province,986188.1227920696,10095.670819527477,6536045276.926238,17165170322.392765,23701215599.319004,2347661.2919544782
IRL-714,IRL,Ireland,Mayo,County,128545.12576523423,5552.309693711739,878255998.0682656,22782605371.45883,23660861369.527096,4261444.817518766
TZA-3359,TZA,United Republic of Tanzania,Tabora,Region,3201580.7270983155,76666.24675717989,17026689479.442951,6622579004.116236,23649268483.55919,308470.4088679599
CHE-3425,CHE,Switzerland,Basel-Stadt,Canton,141796.9140625,39.939638137145764,12429056.815409174,23613617344.23919,23626046401.0546,591543827.210624
MAR-3456,MAR,Morocco,Laâyoune - Boujdour - Sakia El Hamra,Region,290444.9016744541,73547.96132014647,21736547183.67995,1842061322.1589396,23578608505.83889,320588.19962668594
ITA-5447,ITA,Italy,Cremona,Province,353787.80490112305,1778.1958454577446,901872031.6149995,22675441233.097477,23577313264.712475,13259120.655882077
CMR-1482,CMR,Cameroon,Adamaoua,Province,1285312.2181134038,61895.74383582245,19736923198.106476,3820760417.520769,23557683615.627243,380602.64172789734
SAU-861,SAU,Saudi Arabia,Al Hudud ash Shamaliyah,Region,404511.4850582457,124376.61359063667,6466404571.795197,17073034786.69206,23539439358.48726,189259.36861380632
GHA-2172,GHA,Ghana,Greater Accra,Region,4913643.859572033,3209.596535184119,2555970735.81785,20968144491.041363,23524115226.859215,7329306.026157506
SGP-4874,SGP,Singapore,North East,,170716.796875,27.510525133572603,25111557.908862628,23455971892.4498,23481083450.35866,853530906.3113233
EGY-1548,EGY,Egypt,Aswan,Governorate,1385603.7878066376,15554.450669141055,13706655961.548702,9683937295.511877,23390593257.060577,1503787.8067571928
ARG-1308,ARG,Argentina,Corrientes,Province,1083880.2721998203,89089.61140140587,5387214454.910969,17997164085.44928,23384378540.36025,262481.5415907318
ARE-341,ARE,United Arab Emirates,Fujayrah,Emirate,278057.4660285711,1705.344935036224,309853652.0766128,23063223113.26153,23373076765.338146,13705776.635060443
NZL-3404,NZL,New Zealand,Northland,Regional Council,155574.14022375783,12263.618060461255,9047118549.744581,14320809139.863228,23367927689.60781,1905467.666589162
UKR-322,UKR,Ukraine,Odessa,Region,2312542.453923839,33171.63044520324,6502470842.188884,16862273259.23179,23364744101.420673,704359.2306991746
MEX-2726,MEX,Mexico,Tlaxcala,State,1309223.691956669,3872.5437434871637,710648998.8692129,22647657465.08565,23358306463.954865,6031773.431414124
MAR-3469,MAR,Morocco,Oued el Dahab,Region,162318.55572724086,75510.70244060243,22316620569.9215,1029457675.6213353,23346078245.542835,309175.7524558472
TUR-2242,TUR,Turkey,Tekirdag,Province,1080708.039413374,6993.869961075819,4527906222.74523,18810343723.051468,23338249945.7967,3336957.9468427426
ARG-1312,ARG,Argentina,Misiones,Province,1291360.400102487,29432.18696351753,1779752998.75426,21442243770.086166,23221996768.840427,789000.0426276544
BOL-1936,BOL,Bolivia,La Paz,Department,3170411.182276206,133486.27349871883,1555313825.6191988,21661746401.968204,23217060227.587402,173928.44686618834
THA-447,THA,Thailand,Sakon Nakhon,Province,939317.1877451539,9556.575783063126,10409388311.491327,12755857683.053001,23165245994.544327,2424011.122854223
IRL-726,IRL,Ireland,Limerick,County,128283.20888519287,2688.1893266079355,425213745.31942374,22736184716.590874,23161398461.910297,8615984.83137208
UKR-4826,UKR,Ukraine,Kiev City,Municipality,3126499.6982398108,1641.9499308314132,321863333.40480167,22797372721.600075,23119236055.004875,14080353.865174368
VNM-483,VNM,Vietnam,Bình Dương,Province,2292998.6040649414,2556.8758704156453,6729596375.153336,16259790708.316076,22989387083.469414,8991201.86062543
PHL-5549,PHL,Philippines,Quezon City,Highly Urbanized City,3315363.5,164.07720548950581,238434572.37127757,22742872709.869213,22981307282.24049,140063985.20549124
IRQ-3050,IRQ,Iraq,Arbil,Province,2529077.2615094837,14474.822129930115,2271345721.882807,20703242369.950836,22974588091.83364,1587210.390953838
PHL-2534,PHL,Philippines,Palawan,Province,833163.813839592,11866.606359848483,17244377148.352406,5715372858.69951,22959750007.051914,1934820.2266772648
SVK-1056,SVK,Slovakia,Trnavský,Region,561200.2751159668,4098.849155876159,1423540504.9522724,21488954940.177505,22912495445.129776,5589982.596037269
ITA-5405,ITA,Italy,Barletta-Andria Trani,Province,344710.8778962395,1604.3665221721021,813708624.1105093,22093670685.82303,22907379309.933537,14278145.918253109
GBR-5661,GBR,United Kingdom,Newcastle upon Tyne,Metropolitan Borough,285007.1298828125,97.89360719633339,23517220.302445885,22864663289.3289,22888180509.631344,233806692.44036826
VNM-458,VNM,Vietnam,Yên Bái,Province,750913.1300942004,6663.146311677132,17537138108.659733,5324770069.119685,22861908177.77942,3431098.0291268756
GBR-2060,GBR,United Kingdom,Barking and Dagenham,London Borough,284844.97265625,42.177031686924494,10132291.313929591,22851654245.004967,22861786536.318897,542043515.6750585
RUS-2606,RUS,Russia,Buryat,Republic,958560.4470568837,352911.20034691074,4117784321.822159,18716449030.76993,22834233352.59209,64702.489833550484
IDN-1231,IDN,Indonesia,Bangka-Belitung,Province,1371597.624752218,16539.065116228343,12015443851.109285,10692357704.124088,22707801555.233376,1372979.7540341134
IDN-1237,IDN,Indonesia,Sulawesi Barat,Province,1357717.0763246268,16636.616126102752,12086313557.076817,10584151196.44365,22670464753.520466,1362684.8501932218
VNM-507,VNM,Vietnam,Cà Mau,Province,1268268.3490104675,5148.516655963092,13550692634.818253,8993366973.85435,22544059608.6726,4378748.504690516
RUS-2363,RUS,Russia,Lipetsk,Region,1139778.3201357685,24303.410425617963,283573324.73167247,22254833172.69792,22538406497.429596,927376.2859912082
THA-442,THA,Thailand,Roi Et,Province,1036724.1928367615,7718.243062597997,8407005913.50356,14078637581.570168,22485643495.073727,2913311.1399454884
ITA-5387,ITA,Italy,Arezzo,Province,324651.5441697147,3232.7658285146426,1639606285.7449355,20808001036.418274,22447607322.163208,6943777.716333138
THA-411,THA,Thailand,Nakhon Sawan,Province,866535.675110817,9759.378378891388,10630288665.182465,11767490144.12875,22397778809.311214,2295000.556362841
GBR-5686,GBR,United Kingdom,Rotherham,Metropolitan Borough,278083.72814941406,278.32750335467927,66863295.77675323,22309234204.042503,22376097499.819256,80394848.62300824
UKR-291,UKR,Ukraine,L'viv,Region,2479676.8291444397,21876.432164161164,4288328923.522996,18080960294.01414,22369289217.537136,1022529.1331638342
ITA-5409,ITA,Italy,Trapani,Province,328761.6584379766,2484.5082799668453,1260102218.6288946,21071431977.960583,22331534196.589478,8988311.44039797
VNM-503,VNM,Vietnam,Long An,Province,1575233.7293548584,4225.152754738993,11120435290.485376,11170076907.410454,22290512197.89583,5275670.133557766
ROU-308,ROU,Romania,Iasi,County,771926.1722874343,5546.145575135245,2827109863.2914104,19368056060.68172,22195165923.97313,4001908.2844632855
GBR-2073,GBR,United Kingdom,Merton,London Borough,276439.7265625,36.90546752637481,8865890.583047457,22177344371.155277,22186210261.738323,601163235.3900614
GBR-2013,GBR,United Kingdom,Aberdeenshire,Unitary District,257211.81517326995,6342.927909173328,1523777060.3691547,20634787453.885994,22158564514.25515,3493428.402711118
RUS-2374,RUS,Russia,Ryazan',Region,1110387.283478241,39595.867579962185,462006427.0259476,21680956124.82776,22142962551.853706,559224.0782990025
FRA-5268,FRA,France,Ardennes,Metropolitan department,265502.2325909734,5192.427603019866,1348721549.7178564,20776392524.334072,22125114074.05193,4261034.676956146
ROU-280,ROU,Romania,Timis,County,700940.5240461025,8855.883998919922,4514226441.108257,17586986751.20635,22101213192.314606,2495652.968694046
GBR-2761,GBR,United Kingdom,Leicester,Unitary Authority,273982.77734375,65.38031848416938,15706473.56116504,21980235910.644844,21995942384.20601,336430639.89558136
ITA-5363,ITA,Italy,Ferrara,Province,321858.8013170473,2681.2986176689437,1359911079.457667,20629004825.815395,21988915905.273064,8200845.575488229
FRA-5347,FRA,France,Tarn-et-Garonne,Metropolitan department,268421.130405426,3703.5176839950464,961980501.6174386,21004805544.215965,21966786045.833405,5931330.135337025
BLR-2339,BLR,Belarus,Gomel,Region,1482037.7617513489,40674.733241673624,3723217768.1615033,18159186647.605583,21882404415.767086,537985.1979790563
IRQ-3243,IRQ,Iraq,Diyala,Province,2286073.0322028697,19801.738198249215,3107229431.817126,18713989003.584644,21821218435.40177,1101984.9983336872
GBR-5697,GBR,United Kingdom,Central Bedfordshire,Unitary Authority,269604.18466186523,693.5770925705298,166619718.58895788,21628963830.561863,21795583549.15082,31424889.579862285
SDN-149,SDN,Sudan,Red Sea,State,2685283.6491945386,200302.94756512344,18647119143.679764,3131236024.084193,21778355167.763958,108727.0828138127
KEN-891,KEN,Kenya,Western,Province,5194936.727700233,8329.226960879576,2120930438.321095,19583107319.373535,21704037757.69463,2605768.561672458
TUR-2284,TUR,Turkey,Malatya,Province,804691.3546353213,11831.40597031204,7659778779.838854,14006114898.40924,21665893678.248093,1831218.8536690604
GBR-2038,GBR,United Kingdom,Milton Keynes,Unitary Authority,269033.8892059326,337.8669819961358,81166610.11980005,21583211945.053967,21664378555.173767,64121029.013191774
ESP-5841,ESP,Spain,Salamanca,Autonomous Community,318134.81894800626,12578.55002447437,4155580900.840955,17483690985.323845,21639271886.1648,1720331.1863498397
TUR-2272,TUR,Turkey,Afyonkarahisar,Province,693937.0432589613,14758.212834783752,9554624850.49362,12078372538.937145,21632997389.430763,1465827.7144806976
KAZ-3252,KAZ,Kazakhstan,Zhambyl,Region,1135856.5629184372,140092.93021675348,1779848575.6663713,19850118314.681828,21629966890.348198,154397.2765569401
PHL-2545,PHL,Philippines,Cagayan,Province,1282138.795682259,8821.137719894985,12818747087.972736,8795270692.515806,21614017780.48854,2450252.8434332
SWE-182,SWE,Sweden,Kronoberg,County,195853.97876433656,9380.385700607265,580008917.1375057,20980071098.188393,21560080015.325897,2298421.483237107
IRQ-3225,IRQ,Iraq,Dhi-Qar,Province,2366637.2888271995,13727.388493867089,2154060675.0321994,19373494886.079075,21527555561.111275,1568219.2990115362
NPL-1130,NPL,Nepal,Bagmati,District,4825000.595559359,9045.147126025005,11427275406.34179,10091305210.75748,21518580617.09927,2379019.414198944
ESP-5828,ESP,Spain,La Rioja,Autonomous Community,359389.64549062494,5331.760960759994,1761456127.5562863,19750926748.166145,21512382875.72243,4034761.316954471
FRA-5312,FRA,France,Jura,Metropolitan department,258024.12877452374,4947.93808427252,1285215939.6592944,20191207161.815353,21476423101.474648,4340479.354367721
ITA-5456,ITA,Italy,Pordenone,Province,317748.1639140174,2185.1471392669755,1108271113.6135325,20365540354.81977,21473811468.433304,9827169.567920657
GBR-2778,GBR,United Kingdom,Stoke-on-Trent,Unitary Authority,267240.638671875,104.0088123688811,24986290.973721012,21439348633.03263,21464334924.00635,206370349.1573409
CHE-177,CHE,Switzerland,Zug,Canton,128425.12567138672,238.29671539019714,74156991.71684612,21386796708.800587,21460953700.517433,90059796.52458222
TUR-2267,TUR,Turkey,Sakarya,Province,1073833.9977955818,4256.573716634785,2755751354.59907,18690697083.18061,21446448437.779682,5038429.935787669
KEN-1195,KEN,Kenya,Central,Province,4807467.211119369,12988.944058245963,3307467420.947144,18122481805.740387,21429949226.68753,1649860.7685574593
THA-443,THA,Thailand,Surin,Province,888681.6652798653,8562.387803486272,9326480691.758583,12068231046.703732,21394711738.462315,2498685.2066839603
VNM-457,VNM,Vietnam,Tuyên Quang,Province,748274.4392277896,6110.983749524185,16083868038.04195,5306058953.833472,21389926991.875423,3500242.8199127335
GBR-2082,GBR,United Kingdom,Belfast,District,265867.0703277588,109.58065444581942,26324828.201703597,21329154275.06688,21355479103.26858,194883660.9095768
THA-425,THA,Thailand,Si Sa Ket,Province,858723.5888417959,8851.082965026502,9640938517.274591,11661402592.49502,21302341109.76961,2406749.681812052
ITA-5423,ITA,Italy,Viterbo,Province,303402.82693076134,3628.6894062212273,1840412289.370818,19446099827.96579,21286512117.33661,5866170.8772434
TZA-3379,TZA,United Republic of Tanzania,Morogoro,Region,2904287.5763926944,68769.92280993755,15273006971.616344,6007617975.251274,21280624946.86762,309446.68944418937
VNM-4835,VNM,Vietnam,Đắk Nông,Region,606051.9200696349,6450.730841046654,16978068973.657501,4297550535.458712,21275619509.11621,3298171.9487871495
CZE-1597,CZE,Czech Republic,Liberecký,Region,425870.0508749336,3198.353812968301,1569816688.2919924,19637743830.091457,21207560518.38345,6630773.753795962
KWT-1667,KWT,Kuwait,Al Jahrah,Province,360471.13522622944,12202.541042045248,2232709085.3523393,18942441986.74427,21175151072.09661,1735306.6872821988
MMR-3267,MMR,Myanmar,Mandalay,Division,7181664.382756141,36818.21232032793,0.0,21157961234.150326,21157961234.150326,574660.1994162729
ITA-5374,ITA,Italy,Sassari,Province,295323.78794190567,4319.788299109178,2190926415.3417325,18928287254.231373,21119213669.573105,4888946.449974941
THA-400,THA,Thailand,Kamphaeng Phet,Province,851014.1828848273,8747.896321261262,9528543673.358267,11556709431.87689,21085253105.235157,2410322.7028409853
VNM-470,VNM,Vietnam,Bắc Giang,Province,1519122.9015910625,3904.074697583559,10275370516.487085,10772191660.42761,21047562176.914696,5391178.142657505
ROU-296,ROU,Romania,Cluj,County,702807.7350891978,6640.128145299213,3384760013.739187,17633836112.52885,21018596126.268036,3165390.13500031
PHL-2579,PHL,Philippines,Cotabato,Province,1699808.8651123047,6439.4429097295615,9357703356.233871,11660421745.716991,21018125101.950863,3263966.3704749835
IRQ-3472,IRQ,Iraq,Babil,Province,2439520.0138810873,6673.308382015706,1047155557.9915944,19970119095.365803,21017274653.3574,3149453.531924
PHL-2538,PHL,Philippines,Camarines Sur,Province,1978186.3197293282,5108.09904463818,7423014109.149576,13570047346.545485,20993061455.69506,4109760.0638207775
TZA-3335,TZA,United Republic of Tanzania,Mbeya,Region,3853283.344083555,58549.292795204,13003122884.342371,7970648109.9937315,20973770994.3361,358224.1559722844
RUS-2361,RUS,Russia,Kaluga,Region,1054753.045515086,29404.356662850525,343091402.9946647,20594665341.18423,20937756744.178894,712063.0790957472
LVA-1094,LVA,Latvia,Riga,Republican City,613662.2313842773,318.0670026476733,69002302.86863448,20845024459.868717,20914026762.73735,65753525.47935969
RUS-2362,RUS,Russia,Kursk,Region,1052334.1703685652,30127.000869337964,351523249.2517529,20547435400.150616,20898958649.40237,693695.2914776353
ITA-5393,ITA,Italy,Catanzaro,Province,307307.1796699278,2363.917172809703,1198940369.0585413,19696342826.350075,20895283195.408615,8839261.982505467
CHL-2695,CHL,Chile,Antofagasta,Region,463885.45975342975,122879.7727685483,8783028235.98456,12095925944.585445,20878954180.570007,169913.67830649245
VNM-479,VNM,Vietnam,Khánh Hòa,Province,1127565.0014951825,4890.935682538596,12872749679.07196,7995631092.767348,20868380771.83931,4266746.104706036
MAR-1451,MAR,Morocco,Rabat - Salé - Zemmour - Zaer,Region,2844100.8127826825,9531.10083783713,2816845217.126485,18037872496.105778,20854717713.23226,2188070.1996606695
NOR-925,NOR,Norway,Nord-Trøndelag,County,121483.1083088615,21823.686722265185,856636352.2239348,19988270850.088165,20844907202.3121,955150.5878722817
VNM-488,VNM,Vietnam,Quảng Ngãi,Province,1232627.7259483337,4592.612822338412,12087575685.34884,8740637176.864092,20828212862.212933,4535155.404545483
RUS-2388,RUS,Russia,Astrakhan',Region,1036982.5205512102,46087.29135501431,537748661.9590907,20247685528.113903,20785434190.072994,451001.42748596426
RUS-2375,RUS,Russia,Tambov,Region,1043798.6505353478,34458.173824735524,402059577.01155376,20380774421.805386,20782833998.81694,603132.1945418405
COL-1316,COL,Colombia,Córdoba,Department,1867512.2316775545,25158.797849516603,1495102944.396844,19263300471.690296,20758403416.08714,825095.2028888768
VNM-444,VNM,Vietnam,Tây Ninh,Province,1354635.7474101782,4228.776178467263,11129971998.727472,9605803378.966646,20735775377.69412,4903493.2336404435
BLR-2338,BLR,Belarus,Brest,Region,1443280.1221196514,32942.58473670662,3015444897.748156,17684295096.083355,20699739993.831512,628358.1012016524
ARG-1271,ARG,Argentina,Santa Cruz,Province,361008.00790959504,242800.17833607597,14682033177.736237,5994315535.722166,20676348713.458405,85157.88108210896
ITA-5366,ITA,Italy,Rimini,Province,315415.4620666504,848.2931578605853,430240502.27037245,20216029707.698704,20646270209.969078,24338602.779774204
PHL-2529,PHL,Philippines,Iloilo,Province,2043330.4898490906,4558.700741586215,6624636607.174878,14016926118.30726,20641562725.48214,4527948.618601325
ROU-310,ROU,Romania,Prahova,County,725997.1872510612,4646.338589695492,2368439392.216874,18215672336.784027,20584111729.0009,4430179.017657411
FIN-3192,FIN,Finland,Satakunta,Region,203802.30317941727,8404.854489208696,481112404.38354313,20040154831.265244,20521267235.64879,2441596.967799598
LUX-906,LUX,Luxembourg,Diekirch,District,91760.80067443848,1146.9830204526463,286030542.4249776,20234508552.784027,20520539095.209003,17890883.06391036
UKR-329,UKR,Ukraine,Luhans'k,Region,2104548.110140638,26310.24136873854,5157466638.059488,15345649226.969833,20503115865.02932,779282.6974742556
RUS-2383,RUS,Russia,Komi,Republic,800017.1375736437,417455.8643432552,4870894467.377653,15620798902.263687,20491693369.641342,49087.08948640363
THA-408,THA,Thailand,Lop Buri,Province,989012.2313634083,6480.44630091458,7058750279.314544,13430712686.472301,20489462965.786846,3161736.401225203
FRA-5299,FRA,France,Haute-Loire,Metropolitan department,244998.85861206055,5005.755782711943,1300233958.551842,19171938423.50783,20472172382.059673,4089726.560924746
LKA-2461,LKA,Sri Lanka,Kuruṇægala,District,1768622.4480438232,4891.770694905223,6561661976.052703,13899739765.951023,20461401742.003727,4182821.1128772385
GBR-5683,GBR,United Kingdom,Stockport,Metropolitan Borough,254425.19482421875,120.71272451482196,28999112.577699114,20411231165.93472,20440230278.512417,169329541.36084154
GBR-2061,GBR,United Kingdom,Bexley,London Borough,254496.6513671875,65.40311693325063,15711950.488259193,20416963758.643795,20432675709.132053,312411344.7067869
RUS-2355,RUS,Russia,Ivanovo,Region,1030064.4833311986,23668.229549498814,276162004.6867614,20112606836.49996,20388768841.18672,861440.3877800172
PRT-748,PRT,Portugal,Santarém,District,420964.4582642801,6743.975627765655,1572273231.6284044,18806041455.679264,20378314687.307667,3021706.455077923
GBR-5665,GBR,United Kingdom,Gateshead,Metropolitan Borough,252306.55487060547,164.99948384733705,39638228.91565717,20241263526.210743,20280901755.1264,122914940.59394124
GBR-2070,GBR,United Kingdom,Hounslow,London Borough,252633.91015625,53.12151209122517,12761510.566699974,20267525565.287876,20280287075.854576,381771645.3746157
NPL-1129,NPL,Nepal,Seti,District,2000756.2018797584,12726.534430911148,16078192193.455639,4184505490.8524656,20262697684.308105,1592161.463461142
ITA-5361,ITA,Italy,Piacenza,Province,295458.320523262,2605.095678602557,1321262187.2974536,18936909896.392075,20258172083.68953,7776363.935529828
GBR-2119,GBR,United Kingdom,Swansea,Unitary Authority (wales),251333.40829467773,367.17245750982954,88206736.0632772,20163192957.24322,20251399693.3065,55155007.62407908
LBN-3022,LBN,Lebanon,Beqaa,Province,810956.3288452197,3935.679270455641,10654074164.188274,9586354332.29608,20240428496.484352,5142804.356143858
RUS-2609,RUS,Russia,Amur,Region,820174.0255726492,360963.1976036885,4211735400.820847,16014373838.524263,20226109239.34511,56033.71582925724
CYP-3464,CYP,Cyprus,Nicosia,District,353470.57241007686,1967.945620476195,0.0,20208036617.103073,20208036617.103073,10268595.029680353
OMN-2411,OMN,Oman,Dhofar,Province,411439.2194762086,128174.3257488501,6667415344.00682,13512228951.451727,20179644295.458546,157439.0516787219
ITA-5418,ITA,Italy,Pescara,Province,304497.7874884885,1223.797207063125,620690052.9197139,19516279504.696705,20136969557.616417,16454498.704030568
FRA-5280,FRA,France,Corrèze,Metropolitan department,237361.7441368103,5911.07729354721,1535389212.40199,18574309972.16626,20109699184.56825,3402036.2424495574
GBR-5680,GBR,United Kingdom,Rochdale,Metropolitan Borough,249924.2200012207,191.1061072326114,45909886.801070936,20050140993.054092,20096050879.855164,105156507.9256968
FRA-5301,FRA,France,Haute-Saône,Metropolitan department,239150.3336634636,5302.949535116191,1377429376.3706677,18714272780.418457,20091702156.789124,3788778.683210475
PRT-740,PRT,Portugal,Leiria,District,431232.07447335124,3509.4625341646342,818187120.5394541,19264733899.3952,20082921019.934654,5722506.1742153745
NPL-1132,NPL,Nepal,Narayani,Administrative Zone,4207124.358328052,8930.259214689113,11282130635.84743,8799040563.554329,20081171199.401756,2248666.104380357
BRA-576,BRA,Brazil,Acre,State,933163.1913002505,154028.14147571422,7346727497.644579,12714847712.78082,20061575210.4254,130246.1681236901
FIN-3176,FIN,Finland,Lapland,Province,146721.9940007066,98274.61017913475,5625455390.553749,14427371187.938004,20052826578.491753,204048.90481823843
ITA-5420,ITA,Italy,L'Aquila,Province,272452.0429049617,5095.43120328335,2584319889.734451,17462360777.12016,20046680666.85461,3934246.164276951
GBR-2076,GBR,United Kingdom,Sutton,London Borough,249745.017578125,45.329086676197754,10889517.180982322,20035764499.854076,20046654017.035057,442247031.36499614
VNM-429,VNM,Vietnam,Quảng Ninh,Province,850965.0770767927,5316.408132904088,13992576375.720232,6034244429.467099,20026820805.187332,3766983.3286948344
BEN-2181,BEN,Benin,Atakora,Department,1026182.6921637768,21249.755714399584,17560017251.243153,2442845699.530234,20002862950.773388,941322.0189264925
CRI-1330,CRI,Costa Rica,Puntarenas,Province,447203.17965203524,11131.391037630703,9366647286.155958,10627180737.268759,19993828023.424717,1796166.171490492
PHL-2558,PHL,Philippines,Pampanga,Province,2487783.6265402194,2011.2303326299075,2922690222.996427,17065804804.842974,19988495027.8394,9938441.511918835
FIN-3184,FIN,Finland,Päijät-Häme,Province,199712.76259039156,6033.0484700488405,345344997.8122021,19638024799.78729,19983369797.59949,3312317.1306856275
GBR-2763,GBR,United Kingdom,Nottingham,Unitary Authority,248616.951171875,81.95184216867663,19687491.16177455,19945265505.820087,19964952996.98186,243618111.18155438
IRQ-3242,IRQ,Iraq,As-Sulaymaniyah,Province,2108686.7563316524,17218.50076250673,2701875552.811669,17261889805.842915,19963765358.654583,1159436.9123080485
MMR-3277,MMR,Myanmar,Shan,State,6774406.507432754,154582.96973811474,0.0,19958135416.741722,19958135416.741722,129109.53548475364
IRQ-3046,IRQ,Iraq,Dihok,Province,2308289.8006473035,6554.997895492359,1028590630.9060293,18895857366.715496,19924447997.621525,3039581.1433170508
PER-573,PER,Peru,Puno,Department,1456188.0657037247,71765.50619381825,2484974595.6430097,17420581483.275932,19905556078.91894,277369.40954836557
ITA-5419,ITA,Italy,Teramo,Province,294207.5956943012,1991.5408080977327,1010077129.1482368,18856746767.63244,19866823896.780674,9975604.725748472
IRL-719,IRL,Ireland,Wicklow,County,110052.92286935449,1983.007809268215,313669193.32299757,19505152737.469345,19818821930.792343,9994323.692606153
ITA-5429,ITA,Italy,Macerata,Province,287017.93742889166,2774.9673980516104,1407418362.4593706,18395937572.898014,19803355935.357384,7136428.323180275
COD-1897,COD,Democratic Republic of the Congo,Katanga,Province,20367858.96016974,486681.4990085453,0.0,19792460758.496437,19792460758.496437,40668.20045310355
KEN-1196,KEN,Kenya,Nairobi,National Capital Area,5195029.028640747,762.4568629008363,194149826.3918634,19583455261.864178,19777605088.256042,25939310.209643006
PAK-1109,PAK,Pakistan,Azad Kashmir,Centrally Administered Area,3378834.316215366,11963.272895307644,11133798188.541208,8641831371.72102,19775629560.26223,1653028.3755391743
FIN-3183,FIN,Finland,Southern Ostrobothnia,Province,192606.6351788799,13996.70757093438,801202405.2946545,18939269725.110714,19740472130.40537,1410365.4041753728
ROU-122,ROU,Romania,Dolj,County,643616.7954616025,7045.661860640155,3591478058.0107946,16148702587.913996,19740180645.92479,2801749.6491282415
CUB-1369,CUB,Cuba,Santiago de Cuba,Province,1049760.1115818098,6170.445422132356,0.0,19726512717.434258,19726512717.434258,3196934.9646426747
VNM-505,VNM,Vietnam,Hau Giang,Region,1986560.2192382812,2137.175551916431,5624961701.760341,14086817731.60213,19711779433.362473,9223285.104345633
GHA-2160,GHA,Ghana,Central,Region,2771699.6093741953,9861.217757674114,7853006984.47335,11827759511.285156,19680766495.758507,1995774.4549797317
VNM-482,VNM,Vietnam,Phú Yên,Province,881028.6599925933,5099.999180792773,13422996555.07673,6247427100.091691,19670423655.168423,3856946.4342758465
PER-578,PER,Peru,Cajamarca,Department,1544579.2879984677,34148.158650357014,1182424694.461832,18478018037.425816,19660442731.88765,575739.4690938073
IRN-3220,IRN,Iran,Lorestan,Province,1897092.8533745585,29118.43915700598,7823913630.609028,11830127145.298248,19654040775.907276,674968.8975405969
ARE-346,ARE,United Arab Emirates,Ajman,Emirate,236324.9794921875,150.2638390674991,27302276.714551013,19601760050.223686,19629062326.938236,130630645.7278839
ROU-311,ROU,Romania,Suceava,County,602176.666621048,8834.883694709375,4503521679.330649,15108946757.162258,19612468436.49291,2219889.8269863487
VNM-511,VNM,Vietnam,Cao Bằng,Province,448702.667956233,6206.938477253003,16336417094.245335,3181777545.916361,19518194640.161697,3144576.784785507
GBR-2674,GBR,United Kingdom,Brighton and Hove,Unitary Authority,242874.62255859375,88.13889863595422,21173822.845035773,19484587871.919,19505761694.764034,221307073.22915322
ESP-5801,ESP,Spain,Álava,Autonomous Community,336233.626344122,2893.7744939140784,956017505.5830853,18478344625.447083,19434362131.030167,6715921.4278454445
KAZ-3195,KAZ,Kazakhstan,Aqtöbe,Region,892316.7547027355,301728.09810493235,3833386344.4763927,15594040421.364466,19427426765.84086,64387.19790387092
ITA-5380,ITA,Italy,Livorno,Province,292654.93907535076,1217.9098184770648,617704065.1172004,18757231822.712193,19374935887.82939,15908350.186433982
GBR-5664,GBR,United Kingdom,Sunderland,Metropolitan Borough,241018.15869140625,141.24467027429753,33931552.04430345,19335653277.723053,19369584829.767357,137134978.55991006
THA-439,THA,Thailand,Kalasin,Province,874129.7981972694,6843.634098724956,7454348336.947676,11870617771.922842,19324966108.870518,2823787.161921905
PER-590,PER,Peru,Junín,Department,1487087.4572770388,44105.87937637419,1527223809.6221461,17790235226.061165,19317459035.68331,437979.22881979594
GBR-2675,GBR,United Kingdom,Havering,London Borough,240309.49584960938,120.60878589165338,28974143.148448378,19278800885.0478,19307775028.196247,160085974.5453455
AGO-1892,AGO,Angola,Moxico,Province,1378883.0930643375,199093.2515438914,14603044726.936586,4700293964.936621,19303338691.873207,96956.268191831
GBR-2115,GBR,United Kingdom,"Rhondda, Cynon, Taff",Unitary Authority (wales),239191.8153181076,439.8498601877504,105666205.97900273,19189135096.58723,19294801302.566235,43866789.668479666
PER-570,PER,Peru,Arequipa,Department,1430285.921456506,62904.82266585125,2178161829.527147,17110710509.136215,19288872338.66336,306635.8272898302
NER-92,NER,Niger,Zinder,Department,5333902.644696021,146096.22227665587,13527228760.290363,5746067756.901304,19273296517.191666,131921.9362201898
CMR-1476,CMR,Cameroon,Littoral,Province,4319323.482619387,20114.975031089634,6414135976.352472,12839759834.44984,19253895810.802315,957192.1307902974
LAO-3282,LAO,Laos,Savannakhét,Province,1034203.9376857243,21112.73903288653,14002442677.713034,5226214597.833461,19228657275.546494,910760.9034334545
IRN-3233,IRN,Iran,Hamadan,Province,2197392.4271464585,20495.08014104276,5506879541.561819,13702772510.590252,19209652052.15207,937281.13869062
MAR-1457,MAR,Morocco,Doukkala - Abda,Region,2363964.9058043957,14071.647615126174,4158769690.5274115,14992751791.540163,19151521482.067574,1361000.6451185462
VNM-490,VNM,Vietnam,Thừa Thiên - Huế,Province,953567.4729875322,4695.921467102368,12359479960.941423,6761804176.220944,19121284137.16237,4071891.8046474936
AZE-1689,AZE,Azerbaijan,Bakı,Municipality,2243488.7954641283,2364.7793497187777,838202043.2229533,18230236664.107296,19068438707.33025,8063517.09287291
GBR-5678,GBR,United Kingdom,Bolton,Metropolitan Borough,237309.1356201172,114.83497889784813,27587087.395310223,19038097340.46546,19065684427.86077,166026803.07731602
NPL-1134,NPL,Nepal,Bhojpur,District,3380675.8426243067,9493.172762644028,11993292992.060938,7070554929.662476,19063847921.72341,2008164.0141155263
MYS-1145,MYS,Malaysia,Melaka,State,865989.3258666992,1685.3894456454177,1331566834.4276712,17693567254.582535,19025134089.010204,11288271.763043202
RUS-2382,RUS,Russia,Yamal-Nenets,Autonomous Province,563416.3554532434,686468.5058493499,8009746497.227826,11001031319.74629,19010777816.974117,27693.590681851558
THA-445,THA,Thailand,Loei,Province,560821.4476336241,10424.402378149456,11354658272.234262,7615913628.484734,18970571900.718994,1819823.4500697255
FRA-5309,FRA,France,Indre,Metropolitan department,219272.61870384216,6949.032151907983,1804995684.0052423,17158778483.976288,18963774167.98153,2728980.634054871
BLR-2341,BLR,Belarus,Vitebsk,Region,1248434.473778809,39911.46534299192,3653350989.0641685,15296880559.820873,18950231548.88504,474806.7099523953
GBR-2036,GBR,United Kingdom,Southampton,Unitary Authority,236033.2578125,57.18104589192857,13736742.284588322,18935740194.23726,18949476936.521847,331394374.49843276
UZB-372,UZB,Uzbekistan,Tashkent,Region,4723823.96122339,14929.042291949972,0.0,18948673474.45925,18948673474.45925,1269249.0987634715
CIV-3441,CIV,Ivory Coast,Dix-Huit Montagnes,Department,1774295.8893277645,16617.00780601086,10688257212.63392,8250429726.258385,18938686938.892303,1139717.039312073
RUS-2343,RUS,Russia,Smolensk,Region,939510.3862284864,50319.435230041025,587129513.7970316,18344485537.364277,18931615051.16131,376228.6870791231
THA-417,THA,Thailand,Nonthaburi,Province,1345557.5439453125,592.3657386057251,645227447.1049032,18272571564.592125,18917799011.69703,31936011.451682884
HUN-3168,HUN,Hungary,Borsod-Abaúj-Zemplén,County,471532.80639957637,6743.439525364952,4223911321.3472366,14693520668.243265,18917431989.5905,2805309.0590393776
MAR-1449,MAR,Morocco,Chaouia - Ouardigha,Region,2205882.022312224,16504.970193342753,4877919889.7325945,13990157620.675087,18868077510.40768,1143175.4974036901
RUS-2324,RUS,Russia,Kaliningrad,Region,957835.3503358822,13450.593514066999,156942151.5581908,18702291096.481415,18859233248.039604,1402111.6040950983
PRT-745,PRT,Portugal,Faro,District,395830.88832226396,4965.379722785842,1157615930.7077982,17683231800.423206,18840847731.131004,3794442.476306784
GBR-5694,GBR,United Kingdom,Walsall,Metropolitan Borough,234431.4931640625,96.86553337032205,23270243.616777357,18807238814.74429,18830509058.361065,194398444.96980193
KAZ-4830,KAZ,Kazakhstan,Astana,City,1076587.535882771,619.8485592694292,7875033.905262778,18814338589.087612,18822213622.992874,30365826.203060407
GBR-2678,GBR,United Kingdom,Medway,Unitary Authority,233899.0922241211,196.90040916386894,47301866.10307969,18764527012.3003,18811828878.40338,95539816.08411679
MAR-1446,MAR,Morocco,Fès - Boulemane,Region,2035682.541808553,19815.671759869925,5856372854.576212,12910717498.710875,18767090353.287086,947083.2268878013
ITA-5415,ITA,Italy,Ragusa,Province,279540.10695028305,1614.0385589677749,818614123.972659,17916658459.204018,18735272583.176678,11607698.266612934
NPL-1131,NPL,Nepal,Janakpur,Administrative Zone,3084639.7249003723,9704.763426020725,12260608133.553684,6451406650.155657,18712014783.709343,1928126.8344510165
CUB-1367,CUB,Cuba,Holguín,Province,994819.2954304013,9221.562732210705,0.0,18694095218.846043,18694095218.846043,2027215.534038282
BLR-2345,BLR,Belarus,Minsk,Municipality,1227858.8747285767,39458.29884901119,3611869769.450518,15044770827.408976,18656640596.859493,472819.1823030663
FRA-5305,FRA,France,Hautes-Pyrénées,Metropolitan department,222909.7331942618,4541.382602776801,1179614055.3440866,17443394238.696953,18623008294.04104,4100735.3757540956
MAR-1447,MAR,Morocco,Taza - Al Hoceima - Taounate,Region,1891782.0914930701,22203.432283936385,6562057531.120494,11998071236.926897,18560128768.04739,835912.5981380441
THA-403,THA,Thailand,Suphan Buri,Province,931984.9013370872,5415.67338636651,5898958845.36469,12656285777.91497,18555244623.27966,3426211.903766369
ESP-5832,ESP,Spain,Lugo,Autonomous Community,278003.7443264425,9854.649969047096,3255684885.472823,15278213100.468166,18533897985.94099,1880726.159138572
SAU-885,SAU,Saudi Arabia,Al Bahah,Region,426304.3159409389,10308.006301086536,535918587.48321515,17992835023.531178,18528753611.014393,1797510.8929707708
ESP-5838,ESP,Spain,Orense,Autonomous Community,292663.77002714574,7385.964921041163,2440104360.2354727,16083882093.36734,18523986453.602814,2507998.162952496
THA-393,THA,Thailand,Nan,Province,423416.1930106082,11721.877100559466,12767917426.611128,5749960470.444169,18517877897.055298,1579770.6918605613
PER-571,PER,Peru,Cusco,Department,1332563.3466222568,74209.81795102525,2569612089.930121,15941641679.532215,18511253769.462337,249444.80771639722
IRN-3231,IRN,Iran,Markazi,Province,1751074.4251673194,28176.386703653072,7570790961.815047,10919567302.02252,18490358263.837566,656235.9630534276
BRA-670,BRA,Brazil,Roraima,State,568786.4170733913,224757.4539895631,10720325206.196564,7750019226.657923,18470344432.854485,82179.00721420425
AGO-1891,AGO,Angola,Huíla,Province,3712943.2100445144,78767.06918189683,5777388361.249251,12656565774.217049,18433954135.4663,234031.23065169228
ESP-5822,ESP,Spain,Guadalajara,Autonomous Community,261737.73714699142,12238.943327336137,4043384892.423499,14384284406.869053,18427669299.292553,1505658.520219933
ECU-1282,ECU,Ecuador,Manabi,Province,1524895.944551915,19258.99115327729,1900160580.1517491,16512058486.96403,18412219067.11578,956032.3757655699
IRL-723,IRL,Ireland,Laoighis,County,102314.05593585968,1703.8835693293095,269517740.78240436,18133560074.437943,18403077815.22035,10800666.281713283
PHL-2567,PHL,Philippines,Rizal,Province,2427925.5334892273,1193.5598178329215,1734463504.0285006,16655187691.24013,18389651195.26863,15407398.037793927
LBY-2978,LBY,Libya,Tajura' wa an Nawahi al Arba,Municipality|Governarate,1325715.9806437492,2618.32746677634,0.0,18388742050.3769,18388742050.3769,7023087.174430839
TUR-2276,TUR,Turkey,Kütahya,Province,606858.401035564,12062.553050866662,7809425872.255148,10562718790.263407,18372144662.518555,1523072.6517881358
GBR-5666,GBR,United Kingdom,Knowsley,Metropolitan Borough,228370.9047241211,137.81938216598417,33108686.717857793,18321028823.88744,18354137510.605297,133175299.59973486
TUR-2291,TUR,Turkey,Çorum,Province,588057.6943326634,12518.576535802957,8104660354.259071,10235481699.004417,18340142053.26349,1465034.1435235017
CIV-3443,CIV,Ivory Coast,Worodougou,Region,822946.6610238701,22557.282147274895,14509112375.864506,3826680564.4287724,18335792940.293278,812854.7056591386
FIN-3185,FIN,Finland,Tavastia Proper,Region,182681.03416547272,5891.457229030202,337240002.95552844,17963272015.57093,18300512018.52646,3106279.364696147
COL-1406,COL,Colombia,Nariño,Department,1591509.1739790626,30932.892598661372,1838238022.3250034,16416341966.483938,18254579988.80894,590134.9164351643
ROU-302,ROU,Romania,Arges,County,590534.1445146054,6678.2844095058,3404209909.0626006,14816829416.22911,18221039325.29171,2728401.2192346994
CRI-1329,CRI,Costa Rica,Limón,Province,432629.6072776811,9367.113032220279,7882073638.932836,10280859434.879015,18162933073.81185,1939010.7721916437
ROU-277,ROU,Romania,Bihor,County,568858.6198451072,7617.935462449436,3883190621.674771,14272978472.945885,18156169094.620655,2383345.0918712304
PRT-752,PRT,Portugal,Coimbra,District,385624.29935759306,3959.7259262912944,923160376.3306375,17227265669.738186,18150426046.068825,4583758.165067913
IDN-1796,IDN,Indonesia,Kepulauan Riau,Province,1691415.5285495222,6809.006902625898,4946666546.468871,13185514126.87721,18132180673.34608,2662969.9356529354
GBR-2767,GBR,United Kingdom,Harrow,London Borough,225370.46875,54.940837910407936,13198571.650840426,18080319202.701206,18093517774.352047,329327299.37350357
NPL-1127,NPL,Nepal,Lumbini,Administrative Zone,3180605.9996652966,9054.12661092876,11438619726.735104,6652116463.431855,18090736190.166958,1998065.298571215
MMR-3275,MMR,Myanmar,Ayeyarwady,Division,6139618.963880796,33333.446626769786,0.0,18087982549.303013,18087982549.303013,542637.6321606275
NZL-3406,NZL,New Zealand,West Coast,Regional Council,16946.203237076625,22401.292527853937,16525885604.707048,1559920831.6656113,18085806436.372658,807355.4869159728
ITA-5384,ITA,Italy,Pistoia,Province,274619.7583194971,954.1117598536001,483909977.3205362,17601296893.09543,18085206870.415966,18955019.35034422
GHA-2157,GHA,Ghana,Upper West,Region,776205.3798427545,18517.92786919461,14746801101.881187,3312325236.5066776,18059126338.387863,975223.9271020176
OMN-5497,OMN,Oman,Al Batnah South,Region,541099.105542995,4308.510533781392,224121555.34983796,17770437657.427734,17994559212.777573,4176515.0790949864
IRL-722,IRL,Ireland,Kilkenny,County,99628.2992401123,2054.822305135573,325028702.28828233,17657551866.746616,17982580569.034897,8751404.208573861
IDN-1837,IDN,Indonesia,Gorontalo,Province,1194587.8619064093,11906.963994196356,8650274746.730795,9312469267.957197,17962744014.687992,1508591.4447581533
ROU-312,ROU,Romania,Bacau,County,579029.0516510233,6735.369189675944,3433308486.2413826,14528160251.268822,17961468737.510204,2666738.5605293564
NPL-1095,NPL,Nepal,Gandaki,District,1338619.7495631427,11963.267772884732,15113911769.02224,2799672287.3820486,17913584056.40429,1497382.1865800086
TZA-3389,TZA,United Republic of Tanzania,Ruvuma,Region,1785528.260418649,63978.68478282533,14208928246.488216,3693426146.846495,17902354393.334713,279817.4806828865
ARG-1273,ARG,Argentina,San Juan,Province,757166.0402511578,87851.00314932178,5312316291.4255,12572275569.397747,17884591860.823246,203578.68686399076
IRQ-3061,IRQ,Iraq,An-Najaf,Province,1624169.275176376,29237.762927607244,4587902161.901389,13295588341.866005,17883490503.767395,611657.2785697371
NPL-1133,NPL,Nepal,Sagarmatha,Administrative Zone,2076638.6185610145,10666.576016179175,13475723510.21839,4343210678.902636,17818934189.121025,1670539.277280083
IRL-712,IRL,Ireland,Louth,County,99575.18910980225,787.0650599875906,124496767.64012802,17648138929.983143,17772635697.623272,22580897.820446365
ROU-133,ROU,Romania,Constanta,County,560652.676094533,7247.694302016591,3694462716.451938,14067086790.168814,17761549506.62075,2450648.2705374034
CRI-1334,CRI,Costa Rica,Guanacaste,Province,383138.1521557495,10281.10978503077,8651167562.174433,9104761718.086317,17755929280.26075,1727044.0304132602
VNM-453,VNM,Vietnam,Lai Chau,Province,319156.38784215227,5886.128034335634,15492056670.359325,2263157099.326597,17755213769.68592,3016450.485975531
GBR-5701,GBR,United Kingdom,Wokingham,Unitary Authority,220713.22076416016,191.598730088085,46028230.792573445,17706692033.81277,17752720264.605343,92655730.31952645
GBR-2774,GBR,United Kingdom,Warrington,Unitary Authority,220697.4298095703,176.7641773901088,42464489.97355481,17705425206.34827,17747889696.321827,100404335.07719843
PHL-2516,PHL,Philippines,Negros Oriental,Province,1455135.1616590023,5339.600787469808,7759429023.644174,9981998582.437687,17741427606.08186,3322613.1151442705
RWA-3492,RWA,Rwanda,Western,Province,3062614.363907337,6058.7540435483215,13030250349.489367,4661678996.308674,17691929345.798042,2920060.6624124865
CMR-803,CMR,Cameroon,Sud,Province,858441.8404402062,47451.2701337301,15130960809.941935,2551831810.5712056,17682792620.51314,372651.6186116495
UKR-331,UKR,Ukraine,Zaporizhzhya,Region,1696334.9007134398,27080.58622939099,5308473535.447221,12369097305.205145,17677570840.652367,652776.5200838458
PHL-2583,PHL,Philippines,Leyte,Province,1449981.4749933481,5318.668381075063,7729010359.744196,9946645101.643341,17675655461.387535,3323323.4702658327
GTM-1948,GTM,Guatemala,Alta Verapaz,Department,1403582.7398694158,9913.2442219534,5487893272.246793,12141748275.746643,17629641547.993435,1778392.7393770514
IND-3259,IND,India,Sikkim,State,629855.1232659034,6942.258031267481,15269771528.771528,2336917475.699078,17606689004.470608,2536161.710666936
GBR-2012,GBR,United Kingdom,Aberdeen,Unitary District (city),218597.71574401855,225.27706895000884,54118860.37625838,17536975893.755814,17591094754.132072,78086486.28163618
BRN-1182,BRN,Brunei,Brunei and Muara,District,309520.13178637624,566.3060253830222,0.0,17589354016.367157,17589354016.367157,31059803.759761453
ITA-5388,ITA,Italy,Siena,Province,244011.8747626543,3800.6539851790753,1927629928.8601336,15639535477.784199,17567165406.644333,4622142.787833031
GBR-2769,GBR,United Kingdom,Lewisham,London Borough,218365.7578125,32.63616675171101,7840266.032776191,17518367096.131554,17526207362.16433,537017949.9173409
VNM-489,VNM,Vietnam,Quảng Trị,Province,615857.537668705,4995.1270347707305,13146977205.881744,4367082758.3061285,17514059964.187874,3506229.139373979
THA-374,THA,Thailand,Mae Hong Son,Province,199198.4664519581,13593.121893668476,14806148914.48874,2705100387.7009535,17511249302.189693,1288243.3806722676
VNM-4834,VNM,Vietnam,Tiền Giang,Province,1650564.2081298828,2202.090106514884,5795814247.390345,11704249853.119081,17500064100.509426,7947024.53307223
JOR-860,JOR,Jordan,Zarqa,Province,1990241.3499000221,4195.683867373124,669672337.4977002,16818744915.948965,17488417253.446667,4168192.315308063
DOM-1390,DOM,Dominican Republic,Santiago,Province,1002693.215127863,2789.4367694971647,2929990280.804498,14557931737.31479,17487922018.11929,6269338.028863703
VNM-471,VNM,Vietnam,Thái Bình,Province,1878835.3603515625,1577.6760904828557,4152381201.8115654,13322934292.477575,17475315494.28914,11076618.071166135
GBR-2068,GBR,United Kingdom,Greenwich,London Borough (royal),217617.08984375,46.07771702668158,11069362.478153931,17458305296.87757,17469374659.355724,379128476.55277663
FRA-5329,FRA,France,Nièvre,Metropolitan department,199577.86070680618,6882.872103614229,1787810758.2467659,15617601150.64452,17405411908.891285,2528800.7167460835
CIV-3452,CIV,Ivory Coast,N'zi-Comoé,Department,1048821.4259581417,19462.57704372466,12518561217.06738,4876992345.138244,17395553562.205624,893794.9749986726
MMR-3302,MMR,Myanmar,Sagaing,Division,5903397.065236101,96688.82214473661,0.0,17392047246.87055,17392047246.87055,179876.50341666004
ITA-5385,ITA,Italy,Prato,Province,268344.87604755163,360.3049565885436,182740817.90794837,17199118744.976753,17381859562.8847,48242077.28769664
PRT-755,PRT,Portugal,Viseu,District,361460.50454068184,5152.807147910316,1201312281.2970543,16147779461.028202,17349091742.325256,3366920.446335946
CIV-3446,CIV,Ivory Coast,Haut-Sassandra,Department,1625937.4629921913,15205.978037383513,9780666070.002512,7560566903.410005,17341232973.412518,1140422.0715549854
GBR-5693,GBR,United Kingdom,Wolverhampton,Metropolitan Borough,215887.51953125,64.73976776688055,15552592.498194715,17319550723.099743,17335103315.59794,267765917.51177394
MAR-1448,MAR,Morocco,Gharb - Chrarda - Béni Hssen,Region,2313749.631668955,8936.374953024084,2641078451.8136644,14674276191.750906,17315354643.56457,1937626.2449355964
TUR-2282,TUR,Turkey,Elazig,Province,647138.0698810741,9304.228405636053,6023656992.507486,11263809545.955399,17287466538.462883,1858022.5876646545
TUR-2307,TUR,Turkey,Agri,Province,620456.581148237,10013.468261518625,6482826461.591472,10799402920.110527,17282229381.702,1725898.452998243
NPL-1124,NPL,Nepal,Bheri,District,1698785.9481880367,10854.868043283592,13713604090.88354,3552946191.6935062,17266550282.577045,1590673.4392096694
HUN-3161,HUN,Hungary,Bács-Kiskun,County,389420.64578025043,8144.425112165024,5101451463.713809,12134808500.6072,17236259964.32101,2116326.1650691405
URY-17,URY,Uruguay,Canelones,Department,537778.7910447121,4570.828718414882,266193632.92821708,16936368245.45599,17202561878.38421,3763554.2563821743
VNM-452,VNM,Vietnam,Thái Nguyên,Province,1141669.3580002785,3448.388960590645,9076023641.905298,8095645931.1723,17171669573.077599,4979620.8517430145
FIN-3190,FIN,Finland,North Karelia,Province,161986.00458561187,21390.41398945679,1224434464.444349,15928301897.23563,17152736361.67998,801888.9382007503
HUN-3169,HUN,Hungary,Szabolcs-Szatmár-Bereg,County,442111.5496675968,5370.947785232847,3364218967.349917,13776719465.845694,17140938433.19561,3191417.812759931
RWA-3491,RWA,Rwanda,Southern,Province,3039542.285150528,5818.41466457667,12513364822.476398,4626560430.220393,17139925252.696793,2945806.7602240657
LKA-2455,LKA,Sri Lanka,Anurādhapura,District,944754.8752421215,7228.691656702507,9696331684.10672,7424901183.971419,17121232868.07814,2368510.607615028
VNM-460,VNM,Vietnam,Hải Dương,Province,1771571.418247223,1726.864244759295,4545038535.650512,12562319241.917301,17107357777.567814,9906602.577177329
GBR-2760,GBR,United Kingdom,Peterborough,Unitary Authority,211573.26388549805,311.10270232436534,74736961.85875532,16973440074.131893,17048177035.990648,54799193.02730996
VNM-468,VNM,Vietnam,Nam Định,Province,1831090.6505584717,1537.5620684412434,4046802679.0340123,12984373690.090504,17031176369.124516,11076740.717459595
MLI-2690,MLI,Mali,Gao,Region,802795.1947673084,173173.12285022472,15523364734.284948,1500432597.6276636,17023797331.912613,98305.07789962467
FRA-5294,FRA,France,Gers,Metropolitan department,196512.64947509766,6293.415260483287,1634700651.0404592,15377738641.397434,17012439292.437893,2703212.5782736707
KAZ-3202,KAZ,Kazakhstan,Aqmola,Region,865350.1406285386,146487.72939338084,1861093033.8169909,15122774508.577192,16983867542.394184,115940.54746241165
SWE-189,SWE,Sweden,Jämtland,County,126962.53395627788,54019.51511159553,3340139890.2116885,13600351680.442364,16940491570.654053,313599.4748501121
VNM-508,VNM,Vietnam,Sóc Trăng,Province,1274909.4931640625,2998.286301832212,7891371208.881539,9040459725.594269,16931830934.475807,5647169.49282962
THA-440,THA,Thailand,Maha Sarakham,Province,785331.7760855928,5736.7983222834455,6248740423.02835,10664747223.21906,16913487646.24741,2948245.1179345716
ITA-5398,ITA,Italy,Benevento,Province,247374.81765258312,2085.1855548565313,1057572222.6865356,15855077711.898674,16912649934.585209,8110860.875280168
IRN-5490,IRN,Iran,Alborz,Province,2508928.4794405997,4657.9506778697005,1251557599.0453088,15645487703.696466,16897045302.741776,3627570.678886962
IRN-3240,IRN,Iran,Gilan,Province,2088264.3730623256,14414.056412283673,3872952524.287342,13022258242.330877,16895210766.61822,1172134.358529366
CRI-1328,CRI,Costa Rica,Heredia,Province,613418.350111723,2694.8751940875395,2267636213.470205,14577060206.206024,16844696419.67623,6250640.644373029
TZA-3387,TZA,United Republic of Tanzania,Lindi,Region,1010391.1103773965,66416.72339093479,14750388511.924847,2090028496.5157318,16840417008.440578,253556.877675467
THA-431,THA,Thailand,Chachoengsao,Province,793804.6650457382,5549.755203957671,6045005895.741303,10779808426.346165,16824814322.087467,3031631.793432846
ROU-299,ROU,Romania,Mures,County,537209.4486450106,6544.299631774744,3335912082.847475,13478883203.107912,16814795285.955387,2569380.4122772715
KHM-1781,KHM,Cambodia,Siemréab,Province,1846904.942871809,14064.184469973068,9207204423.004854,7581643269.819415,16788847692.824268,1193730.6232486025
GBR-2120,GBR,United Kingdom,York,Unitary Authority,208192.86325073242,301.72540253623396,72484230.23229396,16702247832.980839,16774732063.213133,55596021.82053156
TZA-3363,TZA,United Republic of Tanzania,Kigoma,Region,2995822.8842910025,47471.88768369422,10542958926.283379,6196961883.743649,16739920810.027027,352628.08425831574
NOR-912,NOR,Norway,Aust-Agder,County,99506.46381196997,9199.349716553985,361098355.39295805,16372335032.384655,16733433387.777613,1818980.0261279605
PHL-2588,PHL,Philippines,Agusan del Sur,Province,814329.0690901005,7667.899143288313,11142877816.33976,5586169468.977518,16729047285.317278,2181698.920748085
UKR-323,UKR,Ukraine,Vinnytsya,Region,1572746.4210967761,26666.59330527884,5227320547.7350645,11467932134.614157,16695252682.34922,626073.6979494219
ITA-5416,ITA,Italy,Caltanissetta,Province,243359.16451360658,2116.700043312168,1073555859.022991,15597701099.409685,16671256958.432676,7876060.196203257
GBR-2072,GBR,United Kingdom,Kensington and Chelsea,London Borough (royal),207595.328125,11.17712885307894,2685108.9577229004,16654310648.184668,16656995757.142391,1490275004.9762487
RUS-2304,RUS,Russia,Kabardin-Balkar,Republic,844969.7275175552,12535.367808273555,146263255.3980796,16498524309.22114,16644787564.619219,1327826.0214776767
RUS-2380,RUS,Russia,Kurgan,Region,808860.5389836851,72163.86755369615,842011367.5127285,15793471447.075935,16635482814.588663,230523.71468602936
ESP-5818,ESP,Spain,Cuenca,Autonomous Community,199085.7830300515,17164.11037213654,5670514415.699304,10941129680.739286,16611644096.438591,967812.7054813864
RUS-2372,RUS,Russia,Mordovia,Republic,834908.9507556348,25916.97701014571,302400494.78876656,16302081804.157852,16604482298.946619,640679.747967769
IRN-3239,IRN,Iran,Kermanshah,Province,1649204.1625115979,23447.8999678397,6300280835.052876,10284312070.630758,16584592905.683636,707295.4477130348
GBR-2075,GBR,United Kingdom,Richmond upon Thames,London Borough,206509.4296875,58.43505635719458,14037996.280817995,16567194574.456776,16581232570.737595,283754882.84604174
ITA-5448,ITA,Italy,Lodi,Province,252343.82098388672,797.1365572537318,404294705.89610213,16173557720.155405,16577852426.051508,20796753.42348489
GBR-2008,GBR,United Kingdom,Renfrewshire,Unitary District,205829.34932470322,270.50536266854886,64984163.81889701,16512635207.779083,16577619371.59798,61283884.38609476
GBR-5670,GBR,United Kingdom,Blackpool,Unitary Authority,206129.26904296875,103.11023824446175,24770424.31759029,16536696231.707823,16561466656.025414,160619031.99913284
GBR-5667,GBR,United Kingdom,Sefton,Metropolitan Borough,205587.41162109375,136.43596540456772,32776345.13110763,16493225784.119055,16526002129.250162,121126435.24928574
LBN-3023,LBN,Lebanon,North Lebanon,Province,941645.4551881626,1989.3291189313393,5385210153.981902,11131236871.514511,16516447025.496414,8302521.1204715045
NPL-373,NPL,Nepal,Rapti,Administrative Zone,1463404.989594698,10639.676807103926,13441740130.39793,3060655870.288751,16502396000.686682,1551024.180515363
IND-2474,IND,India,Andaman and Nicobar,Union Territory,234748.4091071859,7106.62270539701,15631298140.149967,870974354.8494471,16502272494.999414,2322097.7360268515
CHE-171,CHE,Switzerland,Schaffhausen,Canton,98462.80758666992,329.2784139262501,102470135.07543151,16397134425.409666,16499604560.485098,50108369.88597918
MLI-2793,MLI,Mali,Kayes,Region,2907744.101965624,122994.09434597711,11025280108.547626,5434604074.098108,16459884182.645735,133826.6220843481
THA-421,THA,Thailand,Ratchaburi,Province,771139.3072875142,5420.375058863595,5904080087.098822,10472014550.463394,16376094637.562216,3021210.6099159005
IRN-3213,IRN,Iran,Golestan,Province,1731930.9422261897,20741.732018005252,5573153113.8428335,10800189994.372784,16373343108.215618,789391.3147659235
ESP-5825,ESP,Spain,Huesca,Autonomous Community,204231.34234023094,15528.561598731974,5130177474.483546,11223913467.887514,16354090942.37106,1053161.9969042398
ITA-5433,ITA,Italy,Terni,Province,237644.56684231758,2119.4626712033187,1074957018.9881053,15231433461.37642,16306390480.364525,7693643.630489902
THA-397,THA,Thailand,Sukhothai,Province,632742.146133095,7066.747869928737,7697372400.673246,8592591375.356663,16289963776.02991,2305157.0645882096
MLI-4860,MLI,Mali,Koulikoro,Region,4328160.057794247,91470.56466782745,8199487971.454809,8089376320.129631,16288864291.58444,178077.66193132132
SEN-779,SEN,Senegal,Tambacounda,Region,779826.964233879,39702.69597131437,13972570691.727005,2300315458.132635,16272886149.85964,409868.54297292494
VNM-469,VNM,Vietnam,Phú Thọ,Province,1022199.2873324305,3425.4142636751044,9015555146.397951,7248476490.456879,16264031636.85483,4748048.085549003
IRN-3241,IRN,Iran,Kordestan,Province,1329964.7448506122,29629.482694418366,7961227326.464644,8293559275.372202,16254786601.836845,548601.7683629333
GBR-2775,GBR,United Kingdom,Herefordshire,Unitary Authority,195773.5045852661,2132.6960340820765,512342776.08210754,15705906252.782282,16218249028.86439,7604575.977863066
FRA-5326,FRA,France,Meuse,Metropolitan department,186619.76392398216,6214.071478303561,1614091279.6551597,14603588942.532429,16217680222.187588,2609831.6182573116
KAZ-3196,KAZ,Kazakhstan,Qostanay,Region,780706.9388017487,200812.40237917527,2551275555.4310946,13643558183.517387,16194833738.948483,80646.58132205048
ARG-1276,ARG,Argentina,Neuquén,Province,629066.7266423135,94693.81867717388,5726098708.29832,10445265395.50395,16171364103.802269,170775.28744440005
LAO-3284,LAO,Laos,Vientiane,Province,553037.9727044611,20138.070244822164,13356020448.301268,2794705203.4746604,16150725651.775928,801999.6680629591
AGO-1888,AGO,Angola,Cuando Cubango,Province,478092.62811968534,197794.57879359566,14507789985.195421,1629707337.7248187,16137497322.92024,81587.15684397085
VNM-459,VNM,Vietnam,Hòa Bình,Province,697096.4824390411,4236.044868069398,11149102902.876797,4943152990.964981,16092255893.841778,3798887.0267032646
ROU-305,ROU,Romania,Brasov,County,534794.0665511191,5239.579255689824,2670839773.782272,13418279925.900932,16089119699.683205,3070689.2508995878
PHL-2520,PHL,Philippines,Zamboanga del Norte,Province,927280.656316936,6680.366711696218,9707810267.944141,6360999610.7335005,16068809878.677643,2405378.4129161374
PER-566,PER,Peru,Lambayeque,Department,1302670.1850198768,13577.952787205479,470154389.29562217,15584025606.614235,16054179995.909857,1182371.1753540437
NZL-3405,NZL,New Zealand,Taranaki,Regional Council,115147.76683916617,7392.333719468605,5453473778.258822,10599507022.268919,16052980800.52774,2171571.4427570114
COL-1404,COL,Colombia,Cauca,Department,1377843.3204421864,30706.269380874204,1824770564.8491373,14212388778.170002,16037159343.019138,522276.3841513124
BRA-681,BRA,Brazil,Amapá,State,689406.3056504567,139180.6851708795,6638543821.209033,9393529738.739956,16032073559.94899,115188.92539051351
ETH-3132,ETH,Ethiopia,Benshangul-Gumaz,Administrative State,1287624.4239318902,50073.455334245504,13928981273.774633,2098402989.827348,16027384263.601982,320077.4573397728
THA-418,THA,Thailand,Nakhon Pathom,Province,1011206.12890625,2103.9250422847576,2291675725.758035,13732104167.627182,16023779893.385218,7616136.303023511
MAR-1453,MAR,Morocco,Tadla - Azilal,Region,1757379.7196489498,16469.699452677127,4867495887.422802,11145663742.930065,16013159630.352867,972280.014967119
THA-423,THA,Thailand,Samut Sakhon,Province,1106507.2406311035,842.8053607475645,918015874.1142669,15026286190.546562,15944302064.66083,18918130.813167002
TUR-3026,TUR,Turkey,Yozgat,Province,402829.81625266187,13765.223993966853,8911753253.441534,7011484165.250916,15923237418.69245,1156772.8520561256
ARG-1301,ARG,Argentina,Jujuy,Province,760619.8440834419,53617.778147722594,3242246373.4426217,12629623853.9665,15871870227.40912,296018.7977890553
SLE-762,SLE,Sierra Leone,Northern,Province,2710160.9044229956,35759.79099916203,11099237229.2968,4770872318.014462,15870109547.311264,443797.603506216
IRL-716,IRL,Ireland,Offaly,County,87618.55181527138,2026.2713838966488,320512560.50014347,15529012689.845015,15849525250.345158,7822015.045124662
IRQ-3224,IRQ,Iraq,Al-Qādisiyyah,Province,1771816.7063463926,8545.303261072959,1340903385.8934867,14504242818.07961,15845146203.973097,1854252.0633707223
IRQ-3223,IRQ,Iraq,Al-Muthannia,Province,927256.3448571791,52541.23602154055,8244613342.308278,7590599598.84144,15835212941.14972,301386.3803024674
LAO-3289,LAO,Laos,Louangphrabang,Province,508988.91990240663,19801.678999585267,13132918219.766302,2572109065.144359,15705027284.910662,793115.9415946291
GTM-1943,GTM,Guatemala,Huehuetenango,Department,1347558.006519109,7292.890509636181,4037286267.439344,11657104093.232302,15694390360.671646,2152012.338582962
FIN-3182,FIN,Finland,Ostrobothnia,Province,155327.3559292648,7316.339159070812,418803386.6172773,15273548010.952427,15692351397.569704,2144836.5167864445
UKR-321,UKR,Ukraine,Kiev,Region,1422181.0020472063,27022.79626796533,5297145254.802037,10370060294.425138,15667205549.227177,579777.362559631
RUS-2333,RUS,Russia,Murmansk,Region,716188.7929101292,143809.07329840297,1677970964.8824725,13984001822.803785,15661972787.686258,108908.09897083307
BLR-2340,BLR,Belarus,Mogilev,Region,1062512.7188154159,28730.82855459227,2629915990.668666,13018809152.084982,15648725142.753647,544666.684882375
THA-433,THA,Thailand,Sa Kaeo,Province,582907.6860781908,7083.5224453430665,7715643910.59604,7915843107.076689,15631487017.67273,2206739.2513098293
FRA-5265,FRA,France,Alpes-de-Haute-Provence,Metropolitan department,176355.50762232393,6965.497021644973,1809272397.3896835,13800378303.53884,15609650700.928522,2240995.9623013586
JOR-854,JOR,Jordan,Irbid,Province,1812216.9492454529,1798.7013893907497,287090400.9857671,15314330899.23973,15601421300.225498,8673713.931754932
IRQ-3049,IRQ,Iraq,At-Ta'mim,Province,1703144.0239682589,10517.060558967738,1650305633.669925,13942082377.5478,15592388011.217726,1482580.4152969655
THA-434,THA,Thailand,Rayong,Province,854549.7152709961,3660.6955737195635,3987369805.044401,11604721699.234688,15592091504.279089,4259324.816905291
TUR-2281,TUR,Turkey,Adiyaman,Province,628185.005667299,7170.978643725456,4642568278.336001,10933920584.770565,15576488863.106567,2172156.6381648425
UKR-330,UKR,Ukraine,Poltava,Region,1372784.5879413974,28378.863633596207,5562968441.263279,10009878438.621788,15572846879.885067,548748.078180594
KAZ-3197,KAZ,Kazakhstan,Qyzylorda,Region,725395.6595049896,223031.48773674757,2833563943.325456,12676943670.716515,15510507614.041971,69544.02614374166
LKA-2470,LKA,Sri Lanka,Kŏḷamba,District,1855343.2969970703,679.6734396816976,911691827.6519405,14581285583.751596,15492977411.403538,22794737.158861406
GRC-2949,GRC,Greece,Ipeiros,Region,316460.61514682695,8718.918310321982,3550132071.331501,11913740174.77581,15463872246.107311,1773599.8544452752
IRL-79,IRL,Ireland,Cavan,County,85440.20128273964,1892.141550050746,299296105.08007234,15142934258.259705,15442230363.339777,8161244.787910094
CUB-1366,CUB,Cuba,Granma,Province,821082.7518477142,8540.995574418655,0.0,15429333966.579828,15429333966.579828,1806502.9810801686
TUR-2297,TUR,Turkey,Tokat,Province,534280.0932018589,9413.049328465353,6094108821.950404,9299451684.44036,15393560506.390762,1635342.5940136272
IRN-3230,IRN,Iran,Ardebil,Province,1596149.0292353146,20182.315145964836,5422841853.45041,9953464283.579792,15376306137.030201,761870.2822656336
UZB-358,UZB,Uzbekistan,Samarkand,Region,3831494.8971897494,16512.34792854494,0.0,15369274198.588629,15369274198.588629,930774.60971009
RUS-2366,RUS,Russia,Orel,Region,771282.5062520572,24738.921000730257,288654882.40516746,15059738549.52359,15348393431.928757,620414.828580264
TUR-2302,TUR,Turkey,Trabzon,Province,695319.9997435939,5006.4871543328745,3241253335.6154766,12102443690.331635,15343697025.947111,3064763.0869616587
UZB-364,UZB,Uzbekistan,Ferghana,Region,3824004.972236067,7286.365992561922,0.0,15339229865.129011,15339229865.129011,2105196.1815790785
BLR-2344,BLR,Belarus,Grodno,Region,1060733.3972733784,25174.94140032594,2304422959.0197906,12997007391.818241,15301430350.838032,607804.0106436921
FIN-3187,FIN,Finland,Kymenlaakso,Province,152304.6552497279,5479.442996480871,313655399.7578696,14976321783.959484,15289977183.717354,2790425.448998597
VNM-500,VNM,Vietnam,Ðong Tháp,Province,1160638.3706054688,2663.961971245022,7011442766.019987,8230156337.919616,15241599103.939602,5721402.658318102
CIV-3437,CIV,Ivory Coast,Denguélé,Region,329493.0033012293,21286.480890063325,13691717880.912016,1532133893.4401574,15223851774.352173,715188.7553878749
ROU-298,ROU,Romania,Maramures,County,475517.3647763021,6440.509526424403,3283005784.847742,11930994581.416628,15214000366.26437,2362235.519386115
IRL-5572,IRL,Ireland,South Tipperary,County,83891.95013475418,2122.6643882762,335759860.9819665,14868531049.96629,15204290910.948256,7162833.180282233
FIN-3189,FIN,Finland,Southern Savonia,Province,143230.43008301617,19174.98343126778,1097618334.0802124,14084041007.551495,15181659341.631706,791743.0226758715
BGR-2235,BGR,Bulgaria,Plovdiv,Province,681344.4761348991,5566.304640763692,1788697718.3999357,13391591320.82762,15180289039.227554,2727175.3917415543
ARG-1307,ARG,Argentina,Formosa,Province,637554.0120327981,75904.02414531638,4589887076.947186,10586191539.959534,15176078616.90672,199937.73436639528
IRL-717,IRL,Ireland,Westmeath,County,83898.75107002258,1862.0955832208936,294543479.2285346,14869736408.967299,15164279888.195833,8143663.5287894085
NER-95,NER,Niger,Tahoua,Department,5037003.917670628,104838.3824211236,9707114665.72909,5426226860.644586,15133341526.373676,144349.2466870082
ITA-5462,ITA,Italy,Rovigo,Province,221835.81225126982,1801.4908032412332,913686855.5874244,14218197615.675209,15131884471.262634,8399645.69568572
ROU-4844,ROU,Romania,Ilfov,County,570395.6396218538,1471.8150087464815,750247657.9089873,14311543152.148548,15061790810.057535,10233480.920190774
EGY-1531,EGY,Egypt,Al Isma`iliyah,Governorate,1431773.8707986176,5707.203706897205,5029215070.134986,10006618420.200972,15035833490.335957,2634535.976377542
FRA-5300,FRA,France,Haute-Marne,Metropolitan department,170986.97385510802,6337.174138623665,1646066922.5518966,13380273494.101496,15026340416.653393,2371142.103397663
TZA-3385,TZA,United Republic of Tanzania,Dodoma,Region,2720474.841146618,42303.87051956317,9395201898.907442,5627395058.856744,15022596957.764187,355111.6428180508
FRA-5318,FRA,France,Lot,Metropolitan department,174867.94912719727,5106.557998107951,1326417110.3563712,13683972129.112152,15010389239.468523,2939433.811391171
DOM-1985,DOM,Dominican Republic,Distrito Nacional,National District,1027367.765625,77.81366160080772,81734518.84527779,14916177326.660324,14997911845.505602,192741371.3345925
TKM-352,TKM,Turkmenistan,Ahal,Province,1829070.1611039704,100503.86918487445,0.0,14993100001.27675,14993100001.27675,149179.33133198388
KAZ-3236,KAZ,Kazakhstan,Mangghystau,Region,738142.2125034183,164736.11329141253,2092934569.5666704,12899701185.514923,14992635755.081593,91010.01265314627
GBR-2113,GBR,United Kingdom,Caerphilly,Unitary Authority (wales),185835.73373413086,294.9667035573456,70860571.4725789,14908649761.510841,14979510332.98342,50783733.05301286
BOL-1291,BOL,Bolivia,Cochabamba,Department,2095746.924966652,56147.92786994595,654206954.8209735,14319132693.299107,14973339648.12008,266676.6204231518
TUR-2270,TUR,Turkey,Kastamonu,Province,369808.30333382636,13130.514636992384,8500835626.566293,6436725779.44706,14937561406.013351,1137621.9302120882
COL-1402,COL,Colombia,Tolima,Department,1307362.4148907065,24011.70313199089,1426934954.0209556,13485381566.048351,14912316520.069307,621043.6818286983
CZE-1590,CZE,Czech Republic,Karlovarský,Region,288397.5483069867,3284.671807241962,1612183304.3184192,13298604030.134628,14910787334.453047,4539505.987045073
ARG-1296,ARG,Argentina,La Pampa,Province,377636.4171881326,142685.3533806019,8628128309.738348,6270420026.173374,14898548335.911722,104415.4006204899
GBR-2752,GBR,United Kingdom,Luton,Unitary Authority,185304.6064453125,68.73195842238093,16511646.207866218,14866040137.577576,14882551783.785442,216530303.01169613
KAZ-3205,KAZ,Kazakhstan,Pavlodar,Region,760262.563923799,124099.38726463016,1576654277.4305322,13286274285.66826,14862928563.098793,119766.33318426472
NOR-915,NOR,Norway,Sogn og Fjordane,County,85973.20717858034,18035.165290730445,707927052.0615072,14145635346.826706,14853562398.888214,823588.9252715925
SVN-962,SVN,Slovenia,Ljubljana,Statistical Region,304724.36614990234,276.42632798101965,83646166.38875476,14720393322.865517,14804039489.25427,53555099.46314073
COL-1421,COL,Colombia,Norte de Santander,Department,1309040.4345797999,21866.4629375867,1299450526.892265,13502690259.89256,14802140786.784824,676933.4770344192
THA-398,THA,Thailand,Uttaradit,Province,479548.3594084233,7610.712487277256,8289879492.986347,6512231123.37535,14802110616.361698,1944904.7170164718
TZA-3378,TZA,United Republic of Tanzania,Dar-Es-Salaam,Region,6977618.477973938,1639.1180284801721,364029215.87491083,14433441968.163326,14797471184.038237,9027703.269031085
OMN-2404,OMN,Oman,Ad Dakhliyah,Region,400526.42354747374,31513.191620315127,1639263839.4651449,13153837747.819613,14793101587.284758,469425.6857737099
IRQ-3227,IRQ,Iraq,Wasit,Province,1467706.8267289028,17661.94234451222,2771459077.303515,12014773381.681433,14786232458.984947,837180.428435676
GBR-5669,GBR,United Kingdom,Merseyside,Metropolitan Borough,183818.21435546875,138.67275042706265,33313693.459050283,14746794507.953598,14780108201.41265,106582642.63090754
GBR-5662,GBR,United Kingdom,North Tyneside,Metropolitan Borough,183837.5927734375,73.60462824235687,17682219.5772552,14748349139.24341,14766031358.820665,200612810.7895712
SDN-882,SDN,Sudan,South Kordufan,State,1539609.1250567536,138898.98473415524,12930742900.984297,1795296208.9619453,14726039109.946241,106019.77500505884
GBR-2033,GBR,United Kingdom,Stockton-on-Tees,Unitary Authority,182954.03982543945,146.1493178354617,35109807.50454428,14677466208.481024,14712576015.985569,100668112.81698442
CRI-1327,CRI,Costa Rica,Cartago,Province,508436.6992134154,3099.3229609354266,2607963811.784812,12082312787.233618,14690276599.018429,4739834.081242266
THA-415,THA,Thailand,Saraburi,Province,839234.1463670731,3018.9399815930838,3288345038.1027875,11396737410.410582,14685082448.513369,4864317.455149971
BHS-5009,BHS,The Bahamas,New Providence,Capital,172625.60217285156,193.13372830544503,0.0,14667053076.30487,14667053076.30487,75942473.66834144
TZA-3390,TZA,United Republic of Tanzania,Singida,Region,1832759.679221787,48939.27980961169,10868849799.117016,3791125948.651517,14659975747.768532,299554.3825900215
UKR-324,UKR,Ukraine,Zhytomyr,Region,1209431.5583341548,29758.654323525898,5833441993.789212,8818763690.31221,14652205684.101421,492367.88481117657
MEX-2718,MEX,Mexico,Colima,State,784625.4079581499,5878.217757456084,1078709458.478514,13572873441.727629,14651582900.206142,2492521.2887225375
GBR-2759,GBR,United Kingdom,Portsmouth,Unitary Authority,182341.02978515625,47.35690811029145,11376665.675816715,14628287550.495111,14639664216.170929,309134713.3997011
MMR-3268,MMR,Myanmar,Bago,Division,4965018.566648063,36318.45211525415,0.0,14627482539.035183,14627482539.035183,402756.2213448926
TUR-2239,TUR,Turkey,Çanakkale,Province,481653.5748936683,9587.939815552949,6207334794.007376,8383456927.094173,14590791721.10155,1521785.9104031182
PER-577,PER,Peru,Áncash,Department,1111700.3561070452,35843.4526680435,1241126469.0263286,13299426835.496357,14540553304.522686,405668.32216714503
VNM-451,VNM,Vietnam,Đông Bắc,Region,288669.7062060833,4745.679363040846,12490440779.187325,2046974210.2856817,14537414989.473007,3063294.8156358376
ITA-5401,ITA,Italy,Campobasso,Province,203137.23911261559,2974.450409648096,1508592903.7230687,13019743654.078571,14528336557.80164,4884376.794676658
DZA-2209,DZA,Algeria,Blida,Province,1954779.0158065557,1940.9183326855257,0.0,14522697120.658712,14522697120.658712,7482384.434261372
TUN-97,TUN,Tunisia,Kebili,Governorate,170563.6013830601,22539.3595759307,13289357244.422203,1190897732.8141353,14480254977.236338,642443.0529383583
THA-432,THA,Thailand,Chanthaburi,Province,597204.4633236723,5831.975521770053,6352411073.515131,8109992280.80516,14462403354.32029,2479846.374583347
GBR-5679,GBR,United Kingdom,Bury,Metropolitan Borough,179754.25732421875,98.15633924481614,23580337.06401633,14420764035.733345,14444344372.797361,147156510.5619014
LTU-935,LTU,Lithuania,Klaipedos,County,310957.9927047342,5377.709168548409,2193081900.9891076,12238259765.82078,14431341666.809887,2683548.182786036
ROU-130,ROU,Romania,Dâmbovita,County,496001.29859018326,3882.965586012921,1979315212.3978546,12444947848.831968,14424263061.229822,3714754.288111227
ROU-276,ROU,Romania,Arad,County,415748.92537579313,7815.17124120868,3983730214.0764036,10431371267.00273,14415101481.079132,1844502.3194206706
VNM-504,VNM,Vietnam,Bến Tre,Province,1245965.995727539,2117.028773040998,5571936174.92118,8835219648.321537,14407155823.242718,6805366.089827684
LAO-3280,LAO,Laos,Champasak,Province,866625.0863930993,15115.759251441763,10025111006.143383,4379376747.966541,14404487754.109924,952945.036666683
MOZ-1906,MOZ,Mozambique,Zambezia,Province,5878416.325633666,102775.61966464685,9156913929.885864,5244495979.695367,14401409909.58123,140124.76846719594
NER-796,NER,Niger,Diffa,Department,900253.5157053033,145029.01266778965,13428414511.096598,969818544.5463991,14398233055.642998,99278.2946721445
ROU-315,ROU,Romania,Galati,County,486959.9096945226,4238.43454577848,2160513089.127342,12218094383.715391,14378607472.842733,3392433.531187584
COL-1425,COL,Colombia,Meta,Department,896078.1100827955,86262.11403705322,5126268014.001019,9243003385.912832,14369271399.91385,166576.85196239964
PNG-1239,PNG,Papua New Guinea,East Sepik,Province,527103.2533263383,42432.48365162461,11647926600.5773,2717903292.816514,14365829893.393814,338557.3658930472
TUR-3044,TUR,Turkey,Sirnak,Province,586118.4394508004,6410.568346015161,4150270517.8680077,10201727854.705961,14351998372.573969,2238802.8015480465
CIV-3459,CIV,Ivory Coast,Cavally,Department,1078811.6418030588,14437.439187141077,9286332733.628817,5016446068.607983,14302778802.2368,990672.8344854803
CUB-1364,CUB,Cuba,Camagüey,Province,756668.2365826294,15543.473502090586,0.0,14218891942.211645,14218891942.211645,914782.139288185
VNM-4600,VNM,Vietnam,Hải Phòng,Province,1640474.640625,976.2314784596923,2569402721.018665,11632704124.449211,14202106845.467876,14547888.650216546
TUR-3042,TUR,Turkey,Batman,Province,662783.6572619583,4116.772398986198,2665242486.1682863,11536129974.461897,14201372460.630184,3449637.5034304624
KHM-1778,KHM,Cambodia,Batdâmbâng,Province,1503320.2441971004,12233.127051663849,8008491479.7392025,6171209761.384735,14179701241.123938,1159123.1891272913
NCL-1259,NCL,New Caledonia,Sud,Province,146612.05081382394,7312.97187883118,0.0,14179145181.402672,14179145181.402672,1938903.282596637
TZA-3392,TZA,United Republic of Tanzania,Manyara,Region,2005359.712895628,45149.929783645355,10027278847.7517,4148155009.153802,14175433856.905502,313963.5858756145
GBR-2011,GBR,United Kingdom,West Dunbartonshire,Unitary District,175973.41864931583,199.49368978073463,47924856.23818197,14117446700.16889,14165371556.407072,71006614.65521222
LKA-2448,LKA,Sri Lanka,Mahanuvara,District,1465216.075012207,1950.247007167945,2615997852.10137,11515245758.688467,14131243610.789837,7245873.757965947
CUB-1431,CUB,Cuba,Villa Clara,Province,751794.683340624,8303.181128223747,0.0,14127310819.10853,14127310819.10853,1701433.5350445025
TZA-3357,TZA,United Republic of Tanzania,Mwanza,Region,3948903.4388251603,26803.80381294871,5952815791.7584,8168441539.485449,14121257331.243849,526837.8111476095
THA-412,THA,Thailand,Phra Nakhon Si Ayutthaya,Province,838573.9962768555,2486.516429572045,2708408916.1088824,11387772621.18908,14096181537.297962,5669048.2192888865
GBR-2018,GBR,United Kingdom,Perthshire and Kinross,Unitary District,159092.3301270457,5433.840373135386,1305384741.6926727,12763163369.861444,14068548111.554117,2589061.7216339777
RUS-2385,RUS,Russia,Mariy-El,Republic,706434.070165723,23419.466612685555,273259427.1543591,13793535200.051369,14066794627.205729,600645.3887206042
PHL-2591,PHL,Philippines,Davao del Norte,Province,1310347.297510147,3489.6301918142813,5071079069.37356,8988776583.018543,14059855652.392103,4029038.860728762
COL-1416,COL,Colombia,Magdalena,Department,1230373.9048179155,23025.13670638,1368306621.4354124,12691248720.627722,14059555342.063133,610617.670650676
ITA-5467,ITA,Italy,Belluno,Province,190052.2223309656,3694.848084409252,1873966895.6639383,12181081255.442976,14055048151.106915,3803958.3306316356
GRC-2892,GRC,Greece,Dytiki Makedonia,Region,267175.5728104599,9713.835295867724,3955238137.587094,10058314378.343365,14013552515.930458,1442638.472765936
BHR-4927,BHR,Bahrain,Ash Shamālīyah,Governorate,202568.67012023926,143.48084959714132,129567756.01730677,13878319062.98209,14007886818.999397,97628964.82931398
GTM-3467,GTM,Guatemala,Quiché,Department,1160995.0150008202,7053.649813367218,3904844517.9871774,10043233520.275509,13948078038.262686,1977427.0636217277
PHL-2556,PHL,Philippines,Tarlac,Province,1392243.6143603325,3025.94140269146,4397253367.515621,9550572449.303156,13947825816.818777,4609417.02453746
FRA-4602,FRA,France,Mayotte,Overseas department,176872.68658447266,394.9005794608804,102574549.36977777,13840849199.086761,13943423748.45654,35308694.070523135
IRL-727,IRL,Ireland,Roscommon,County,76357.57598018646,2503.528363148295,396004351.80321366,13533181521.444069,13929185873.247282,5563821.875670996
PAN-1332,PAN,Panama,Chiriquí,Province,493647.82039794326,6693.300939396866,822223654.1976535,13095263547.55606,13917487201.753714,2079315.9201665628
LTU-1072,LTU,Lithuania,Šiauliai,County,264748.01674467325,8554.511673429388,3488612741.0014014,10419590675.978312,13908203416.979713,1625832.5370200942
PNG-1246,PNG,Papua New Guinea,Southern Highlands,Province,1341025.9033589913,25365.30011821898,6962900319.583754,6914733869.48553,13877634189.069283,547110.9793454199
ROU-314,ROU,Romania,Buzau,County,431294.61160541046,5988.42227501223,3052557393.21776,10821421161.936054,13873978555.153814,2316800.305323405
FRA-5297,FRA,France,Haute-Corse,Metropolitan department,161625.4090220183,4693.0747620528555,1219015757.1646109,12647701328.07412,13866717085.238731,2954718.982395482
GBR-2025,GBR,United Kingdom,West Lothian,Unitary District,171487.37770199776,417.2943886810165,100247649.98090208,13757554595.698572,13857802245.679474,33208695.399622303
BEN-2171,BEN,Benin,Collines,Department,835711.8843704611,14344.266434714888,11853574668.594189,1989426637.5473688,13843001306.141558,965054.6696929579
CHL-20010,CHL,Chile,Ñuble,Region,493632.62105075177,13534.392947261797,967392376.5843484,12871590394.825598,13838982771.409946,1022504.8751972117
CHL-2696,CHL,Chile,Atacama,Region,312946.0262171692,79310.80081412432,5668866301.3811865,8160143583.2613125,13829009884.642498,174364.7743143165
IRL-1444,IRL,Ireland,Waterford,County,76314.49645090103,1794.2006815539687,283803965.77978647,13525546351.230843,13809350317.01063,7696658.717713931
FIN-3188,FIN,Finland,South Karelia,Province,136033.46881543193,7308.469477092372,418352908.6675112,13376354117.52633,13794707026.193842,1887496.0167011574
DZA-2195,DZA,Algeria,Alger,Province,1855053.5703125,194.81511638976622,0.0,13781803941.213894,13781803941.213894,70742990.56773739
GBR-2676,GBR,United Kingdom,Thurrock,Unitary Authority,171138.63580322266,153.9554039212389,36985082.62655405,13729576818.112263,13766561900.738817,89419153.53475717
TUR-2275,TUR,Turkey,Isparta,Province,464506.9147483967,8772.961195402364,5679708917.901363,8085009465.548516,13764718383.449879,1568993.41931018
FRA-5269,FRA,France,Ariège,Metropolitan department,159348.82238175068,4981.442981826547,1293918762.4633954,12469551196.55819,13763469959.021585,2762948.408570348
RUS-2353,RUS,Russia,Karelia,Republic,600174.7233480002,174026.44405073635,2030548654.1378229,11718759785.665016,13749308439.80284,79007.00675004491
THA-472,THA,Thailand,Nakhon Phanom,Province,552327.5833034515,5721.8673224021395,6232477006.175756,7500567581.389684,13733044587.565441,2400098.396863923
IRL-724,IRL,Ireland,North Tipperary,County,75476.52218389511,2177.5750394227352,344445545.2084599,13377028568.677965,13721474113.886425,6301263.499752423
ITA-5440,ITA,Italy,Asti,Province,201915.76482391357,1526.6745464672092,774304516.7687119,12941455290.071953,13715759806.840664,8984075.773438107
HKG-5156,HKG,Hong Kong S.A.R.,Southern,,118377.1640625,47.10729270282887,0.0,13689177805.273066,13689177805.273066,290595723.5035714
PHL-5543,PHL,Philippines,Manila,Highly Urbanized City,1982548.09375,49.16463078701197,71445315.53008872,13599968431.018229,13671413746.548317,278074166.88990885
THA-395,THA,Thailand,Phrae,Province,476710.73806207813,6595.521183608276,7184094248.331243,6473696436.131671,13657790684.462914,2070767.4654137054
BHR-4928,BHR,Bahrain,Al Wusţá,Governorate,198232.015625,81.90626536065274,73963954.32794593,13581207595.966381,13655171550.294327,166717057.48232278
ITA-5370,ITA,Italy,La Spezia,Province,206202.40937805176,828.7821694805544,420344846.07813483,13216200646.830938,13636545492.909073,16453714.85423713
MLI-2794,MLI,Mali,Sikasso,Region,3893666.5861041937,70918.38368459362,6357175514.20527,7277303486.822339,13634479001.027609,192255.9186016753
SDN-877,SDN,Sudan,River Nile,State,1582821.5240429668,126563.86334509509,11782409933.398914,1845685008.8316782,13628094942.230593,107677.61493714503
GBR-2756,GBR,United Kingdom,Swindon,Unitary Authority,168975.1929321289,255.37341118952622,61348978.16449173,13556014869.631899,13617363847.79639,53323342.412065834
THA-410,THA,Thailand,Prachin Buri,Province,632205.2550363906,4619.477345984849,5031711627.894495,8585300434.117422,13617012062.011917,2947738.6817033603
PHL-2522,PHL,Philippines,Zamboanga del Sur,Province,1135363.43019104,3993.6523705631944,5803516657.502296,7788414746.158394,13591931403.66069,3403383.705563718
HUN-3173,HUN,Hungary,Hajdú-Bihar,County,325258.1993699521,5513.975006809327,3453807418.1998615,10135430684.982075,13589238103.181936,2464508.469189703
ROU-309,ROU,Romania,Neamt,County,426543.8796642497,5635.424041116096,2872618952.141433,10702222661.005566,13574841613.147,2408841.200609724
GBR-2057,GBR,United Kingdom,North Lincolnshire,Unitary Authority,166611.9334564209,863.6777436993683,207483413.3771526,13366422657.677069,13573906071.054222,15716401.36622424
DZA-2145,DZA,Algeria,Oran,Province,1825332.0019510165,2511.9909162050244,0.0,13560992620.97027,13560992620.97027,5398503.845490596
ROU-287,ROU,Romania,Botosani,County,428931.98398786783,5447.65095216079,2776902901.29953,10762141523.817965,13539044425.117495,2485299.543603704
GBR-2104,GBR,United Kingdom,Carmarthenshire,Unitary Authority (wales),161603.229444772,2367.8535097194977,568835230.6837746,12964599970.682007,13533435201.365782,5715486.682691358
THA-420,THA,Thailand,Prachuap Khiri Khan,Province,440154.6857467247,6928.80336550712,7547117963.879508,5977267959.284293,13524385923.163801,1951907.885060027
GBR-2055,GBR,United Kingdom,Kingston upon Hull,Unitary Authority,168333.015625,56.926911015906434,13675690.842751462,13504496271.112667,13518171961.955418,237465404.6866901
UKR-285,UKR,Ukraine,Chernihiv,Region,999117.5914600473,31771.885450982183,6228085745.970665,7285225755.193715,13513311501.16438,425322.93281784555
LKA-2463,LKA,Sri Lanka,Ratnapura,District,1154642.589630127,3305.201819738832,4433490131.9778,9074424864.557001,13507914996.534801,4086865.411928812
GBR-5663,GBR,United Kingdom,South Tyneside,Metropolitan Borough,168132.625,80.63353873143444,19370791.907890506,13488419956.920645,13507790748.828535,167520748.3305283
PHL-5528,PHL,Philippines,Davao,Highly Urbanized City,1535019.57854788,2046.5744136953886,2974051719.7354894,10529993131.091515,13504044850.827003,6598364.936285645
ARG-1298,ARG,Argentina,San Luis,Province,528590.417577808,77379.63352432444,4679116607.207199,8776918192.113895,13456034799.321095,173896.3366257242
COL-1315,COL,Colombia,Boyacá,Department,1172390.6836232415,22898.070574998867,1360755507.574672,12093154532.411266,13453910039.985939,587556.4928459744
MOZ-1199,MOZ,Mozambique,Niassa,Province,2145898.681557465,129469.80305046798,11535263391.46187,1914487913.8938103,13449751305.35568,103883.30706051124
ITA-5379,ITA,Italy,Grosseto,Province,174082.1717082467,4488.131435332345,2276307317.935702,11157507408.723577,13433814726.659279,2993186.5677780686
RUS-2305,RUS,Russia,North Ossetia,Republic,680920.2376498543,7971.947883468278,93017059.18276438,13295362813.188301,13388379872.371065,1679436.4524302827
GBR-2126,GBR,United Kingdom,Flintshire,Unitary Authority (wales),165469.66395568848,453.85142973990736,109029837.22284585,13274784222.067913,13383814059.290758,29489416.981589634
GBR-2032,GBR,United Kingdom,Redcar and Cleveland,Unitary Authority,165589.4614906311,297.3243698811678,71426959.41071853,13284394965.141188,13355821924.551907,44920037.76848111
GBR-2015,GBR,United Kingdom,Falkirk,Unitary District,165623.3369064331,262.51034579490516,63063501.3923694,13287112616.367725,13350176117.760096,50855809.42470877
LUX-907,LUX,Luxembourg,Grevenmacher,District,60005.81059265137,462.79365878751787,115409835.10077935,13232099967.8458,13347509802.946579,28841168.303636614
MLI-2689,MLI,Mali,Kidal,Region,113979.07776376372,146463.64095390978,13129107343.091063,213028085.91655722,13342135429.00762,91095.20521346467
GBR-2074,GBR,United Kingdom,Redbridge,London Borough,166076.9609375,53.573542998763486,12870103.055428812,13323504550.613573,13336374653.669003,248935834.87612188
GBR-2045,GBR,United Kingdom,North Somerset,Unitary Authority,164963.48956298828,364.57618201800136,87583026.46204951,13234176441.274748,13321759467.736797,36540399.8527776
LAO-3278,LAO,Laos,Xaignabouri,Province,457138.53524160036,16596.619467147997,11007250758.443317,2310089914.62365,13317340673.066967,802412.846750378
THA-419,THA,Thailand,Phetchaburi,Province,456229.08027099073,6513.3638316114775,7094605314.324752,6195557043.704214,13290162358.028965,2040445.260178385
PNG-1253,PNG,Papua New Guinea,Morobe,Province,749049.2584381616,34344.51288069609,9427738627.11695,3862323810.6451664,13290062437.762115,386963.19507946837
TZA-3391,TZA,United Republic of Tanzania,Arusha,Region,2277727.404195348,38614.37098701095,8575806590.90075,4711556874.530456,13287363465.431206,344104.1023276228
CYP-3489,CYP,Cyprus,Limassol,District,231694.86455202103,1272.300824951312,0.0,13246076681.682196,13246076681.682196,10411120.091971247
GBR-2058,GBR,United Kingdom,Derby,Unitary Authority,164344.0712890625,76.31894674201935,18334286.938503258,13184483683.502708,13202817970.441212,172995285.36564645
ITA-5389,ITA,Italy,Matera,Province,178795.40861652046,3435.3930557084605,1742375522.0563388,11459594493.271608,13201970015.327948,3842928.5386691755
ARG-1300,ARG,Argentina,Catamarca,Province,424816.0204783414,101404.68588538129,6131902261.151986,7053808269.025121,13185710530.177107,130030.58404106734
CUB-1321,CUB,Cuba,Pinar del Río,Province,701570.4337050207,11082.718458211613,0.0,13183524435.6962,13183524435.6962,1189556.9201190001
IRQ-3062,IRQ,Iraq,Karbala',Province,1515487.6188010573,4950.451092194122,776809953.7745045,12405911024.628578,13182720978.403082,2662933.2828254006
VNM-499,VNM,Vietnam,Can Tho,Province,1242007.7707519531,1661.424068325869,4372802574.09631,8807151637.479593,13179954211.575903,7932926.013800113
DZA-2215,DZA,Algeria,Sétif,Province,1770213.5733315945,6192.11364877241,0.0,13151499661.339622,13151499661.339622,2123911.2211622465
CHE-160,CHE,Switzerland,Jura,Canton,77355.00495910645,848.096023443402,263924115.28879058,12882025669.197128,13145949784.485918,15500544.067063672
CUB-1430,CUB,Cuba,Matanzas,Province,699143.8379658684,11761.791887195957,0.0,13137925187.65816,13137925187.65816,1117000.310297981
GBR-2141,GBR,United Kingdom,Plymouth,Unitary Authority,163033.951171875,61.77144353356424,14839504.719296288,13079379452.038797,13094218956.758093,211978516.41014662
UKR-290,UKR,Ukraine,Khmel'nyts'kyy,Region,1242205.6021801787,20457.969476759168,4010274690.379381,9057740874.148985,13068015564.528366,638773.8323382485
NOR-900,NOR,Norway,Troms,County,73251.88370751112,25720.74725244455,1009606093.7462425,12052527402.429737,13062133496.17598,507844.24604672124
ROU-297,ROU,Romania,Hunedoara,County,378884.3119369801,6971.93132904996,3553894422.626454,9506417656.967045,13060312079.593498,1873270.3268569312
GBR-5698,GBR,United Kingdom,Bedford,Unitary Authority,161173.63259887695,434.046252419671,104271991.11309041,12930135614.525066,13034407605.638157,30029996.87930824
LAO-3293,LAO,Laos,Khammouan,Province,478120.8959357345,15999.119644329949,10610975457.265137,2416121535.4295783,13027096992.694715,814238.3632534111
HUN-3175,HUN,Hungary,Jász-Nagykun-Szolnok,County,312123.96395871416,5245.643095508697,3285731439.5011225,9726152355.123816,13011883794.624939,2480512.6002121023
SLV-1349,SLV,El Salvador,San Salvador,Department,1631388.4121704102,873.1315010976348,496718102.17278266,12503204786.975168,12999922889.147951,14888848.784868525
UZB-361,UZB,Uzbekistan,Kashkadarya,Region,3239267.8120004786,29156.03229412895,0.0,12993673890.003893,12993673890.003893,445659.88125278574
PER-582,PER,Peru,San Martín,Department,932981.0919785928,52695.42233372285,1824647978.5473883,11161383284.1806,12986031262.727987,246435.66153596374
ITA-5368,ITA,Italy,Savona,Province,189975.85536324792,1575.3641859560041,798999110.5596774,12176186641.596361,12975185752.156038,8236308.701077962
CMR-799,CMR,Cameroon,Sud-Ouest,Province,1708868.5212755478,24720.360790026247,7882672250.234015,5079837500.0437355,12962509750.277752,524365.7186228303
MCO+00?,MCO,Monaco,Monaco,,59184.56591796875,18.839638032277335,0.0,12951360300.804398,12951360300.804398,687452714.2514764
COL-1405,COL,Colombia,Huila,Department,1145714.8660907894,19035.592276155377,1131221381.5082803,11817994734.39805,12949216115.90633,680263.3681184143
LAO-3288,LAO,Laos,Houaphan,Province,295308.0778660327,17265.794671426516,11451062782.295904,1492300823.0419195,12943363605.337824,749653.5115616795
TUR-2293,TUR,Turkey,Ordu,Province,525053.5756127834,5867.328424156872,3798571181.6899853,9138858850.032005,12937430031.72199,2204995.0329107554
RUS-2356,RUS,Russia,Kostroma,Region,626316.5388863777,60209.13937518642,702523042.3569301,12229193905.493452,12931716947.850382,214779.96666366304
MNG-3331,MNG,Mongolia,Ulaanbaatar,Municipality,1662384.8186023626,3994.999222655107,20072745.91831017,12886803257.855623,12906876003.773933,3230758.0763922962
IRQ-3226,IRQ,Iraq,Maysan,Province,1266798.3544948958,16141.520823504561,2532879087.4286437,10370119476.424854,12902998563.853498,799366.9682639029
UKR-319,UKR,Ukraine,Cherkasy,Region,1197552.9736291454,21268.228989196894,4169105859.7708263,8732149089.620691,12901254949.391518,606597.5195181816
NPL-1135,NPL,Nepal,Mechi,Administrative Zone,1418060.1247847378,7844.89456667752,9910924554.140913,2965818810.3806176,12876743364.52153,1641417.0075933991
PHL-2580,PHL,Philippines,Sultan Kudarat,Province,927760.0440055728,4481.223903038683,6512048409.364909,6364288134.95757,12876336544.32248,2873397.2733634524
IMN+00?,IMN,Isle of Man,Isle of Man,,70599.79843485355,577.278397680155,0.0,12861869820.130783,12861869820.130783,22280185.560064886
DZA-2212,DZA,Algeria,Djelfa,Province,1730808.8178831516,35150.89552504275,0.0,12858748755.040762,12858748755.040762,365815.6801689371
PER-591,PER,Peru,Lima,Department,980323.674863918,32501.53104940105,1125408058.282756,11727749224.272263,12853157282.55502,395463.1325834689
PHL-2513,PHL,Philippines,Bohol,Province,1047497.8335037231,3887.419397936985,5649140470.241599,7185670558.066694,12834811028.308292,3301627.5617494727
KHM-1784,KHM,Cambodia,Kâmpóng Cham,Province,1637676.1781345606,9325.068830806722,6104713370.84167,6722748034.228023,12827461405.069693,1375588.924629951
SDN-5856,SDN,Sudan,Southern Darfur,State,4707352.4272528095,78657.18311942722,7322557570.738325,5489115275.660147,12811672846.398472,162879.883798358
GTM-1947,GTM,Guatemala,San Marcos,Department,1247010.1042833328,3626.433658866068,2007564873.1287725,10787310468.729084,12794875341.857857,3528225.398685116
TKM-360,TKM,Turkmenistan,Mary,Province,1559937.1469545122,85249.81226759333,0.0,12786985506.274343,12786985506.274343,149994.29519137088
UKR-289,UKR,Ukraine,Ivano-Frankivs'k,Region,1379570.7525228905,13905.38103360594,2725803148.8658395,10059360843.306335,12785163992.172174,919440.0326947912
PHL-2599,PHL,Philippines,South Cotabato,Province,1077260.8379779905,3712.6680921727216,5395194452.957135,7389840092.484724,12785034545.44186,3443624.430741888
THA-493,THA,Thailand,Narathiwat,Province,585283.5099730901,4428.830346239633,4824051614.954939,7948106619.209456,12772158234.164394,2883867.1241965257
GBR-2002,GBR,United Kingdom,East Dunbartonshire,Unitary District,158527.50905132294,188.07620459592434,45182005.89196291,12717850665.858469,12763032671.750431,67860964.65085201
GBR-2138,GBR,United Kingdom,Dumfries and Galloway,Unitary District,139701.86980364472,6404.729091287332,1538623709.2602487,11207565983.571665,12746189692.831913,1990121.5978316993
UKR-284,UKR,Ukraine,Mykolayiv,Region,1112870.0383511977,23547.36920731585,4615874457.354836,8114669919.615529,12730544376.970366,540635.5276841354
VNM-506,VNM,Vietnam,Bạc Liêu,Province,908581.2705078125,2380.8017694564705,6266176290.790527,6442804314.735876,12708980605.526403,5338109.526198741
FRA-5276,FRA,France,Cantal,Metropolitan department,143075.8500971794,5793.80686142236,1504928477.839312,11196139457.521246,12701067935.360558,2192180.0707458323
GBR-2121,GBR,United Kingdom,Telford and Wrekin,Unitary Authority,157234.9737548828,295.0362188771402,70877271.30760208,12614157174.5594,12685034445.867002,42994838.03766256
SEN-767,SEN,Senegal,Matam,Region,696648.1405325402,30200.218981815357,10628363749.754728,2054956496.8181164,12683320246.572845,419974.446351198
HUN-3158,HUN,Hungary,Veszprém,County,310592.06227740645,4791.582613428661,3001320019.539519,9678416484.553366,12679736504.092884,2646252.2984696664
FRA-5304,FRA,France,Hautes-Alpes,Metropolitan department,143313.044167839,5542.324046853822,1439606374.7068539,11214700646.511549,12654307021.218403,2283213.1276051598
SRB-1059,SRB,Republic of Serbia,Južno-Backi,District,683266.4398877658,4266.296196327077,2821158664.013889,9822173037.417393,12643331701.431282,2963538.1885383693
TUR-3010,TUR,Turkey,Zinguldak,Province,604236.7460328192,3264.4151284522163,2113417271.9832501,10517087380.181866,12630504652.165115,3869147.812139236
UZB-363,UZB,Uzbekistan,Andijon,Region,3148636.655825615,4309.2938153959485,0.0,12630125163.576448,12630125163.576448,2930903.6943483423
COL-1414,COL,Colombia,Cesar,Department,1096292.3411404192,22128.80574340613,1315040679.6399446,11308203723.640713,12623244403.280657,570443.997279071
MLI-2809,MLI,Mali,Mopti,Region,2814035.5896836817,82006.62759042613,7351133765.808902,5259461886.62678,12610595652.43568,153775.32308020318
VNM-481,VNM,Vietnam,Ninh Thuận,Province,549184.8851761073,3306.8508302945747,8703500869.248531,3894302978.337617,12597803847.586147,3809607.537230197
THA-375,THA,Thailand,Chumphon,Province,464201.1635682583,5755.708862747073,6269338507.879509,6303817343.10478,12573155850.98429,2184466.9615522213
VNM-464,VNM,Vietnam,Vĩnh Phúc,Province,1268338.3911554813,1359.0271434280519,3576905802.8858027,8993863646.907995,12570769449.793798,9249829.564172577
PHL-2584,PHL,Philippines,Samar,Province,646871.76470083,5578.640327150369,8106797753.2219515,4437438671.264688,12544236424.486639,2248618.9624801236
PRY-607,PRY,Paraguay,Central,Department,1195149.212186724,2610.2580395577866,149303110.113217,12388887924.285494,12538191034.39871,4803429.716290751
IRL-5568,IRL,Ireland,Galway,City,70654.98138427734,67.52123938802002,10680408.111365438,12522486160.584663,12533166568.69603,185618135.60133985
IND-3265,IND,India,Goa,State,1348130.9915924072,3420.6957981499736,7523955904.825738,5001897670.448576,12525853575.274315,3661785.295859607
TZA-3360,TZA,United Republic of Tanzania,Kagera,Region,2837799.7085151263,29965.84360010044,6655068371.671402,5870085551.312206,12525153922.983608,417981.02166366595
ITA-5458,ITA,Italy,Trieste,Province,193980.93948364258,176.15290395910054,89341889.85667107,12432885850.408836,12522227740.265507,71087262.59303075
THA-394,THA,Thailand,Phayao,Province,440486.3048126226,5994.4281268682425,6529360672.10225,5981771321.5827465,12511131993.684998,2087126.8666326262
ROU-303,ROU,Romania,Sibiu,County,385079.0787126869,5570.498838019388,2839523772.8742666,9661847793.296276,12501371566.170544,2244210.4252579743
UKR-286,UKR,Ukraine,Rivne,Region,1163866.9639133594,20293.10445435693,3977957014.501547,8486522160.749864,12464479175.251411,614222.3927978298
MWI-1900,MWI,Malawi,Mzimba,District,1258326.3242815062,10967.879787370328,11002630105.145346,1459126220.3460076,12461756325.491354,1136204.6783044839
CHL-2693,CHL,Chile,Tarapacá,Region,364504.340595033,41296.43044610665,2951728396.6394506,9504539143.479525,12456267540.118975,301630.6108193748
HUN-3171,HUN,Hungary,Békés,County,291535.6210171357,5372.205504790762,3365006769.458881,9084595206.965153,12449601976.424034,2317409.854355325
ROU-126,ROU,Romania,Olt,County,389031.5714731789,5225.637844635687,2663733234.6254106,9761018030.182795,12424751264.808205,2377652.5726065533
PHL-2536,PHL,Philippines,Albay,Province,1295397.6369915009,2411.461177700227,3504299777.531656,8886224260.70718,12390524038.238836,5138181.013577621
TUR-3040,TUR,Turkey,Kars,Province,320588.73559037864,10510.966134562419,6804911906.0870695,5580030952.177312,12384942858.264381,1178287.771048934
GAB-2168,GAB,Gabon,Estuaire,Province,838513.7563198184,19691.3261631224,494421998.7702125,11886792585.251299,12381214584.021511,628764.8927987822
PHL-2571,PHL,Philippines,Mindoro Oriental,Province,912990.3927776814,4201.258375428835,6105206638.412011,6262970648.098256,12368177286.510267,2943922.0779292844
GBR-2090,GBR,United Kingdom,Lisburn,District,152741.73126220703,451.73420402352787,108521210.9189623,12253687326.964432,12362208537.883394,27366111.372074734
NER-4859,NER,Niger,Tillabéri,Department,3601073.6152522564,91433.34016699229,8465925329.774799,3879338332.3943734,12345263662.169172,135019.27895909734
ARG-1302,ARG,Argentina,La Rioja,Province,413897.3251401657,90437.89768021187,5468744806.3883705,6872510060.504955,12341254866.893326,136461.0985378272
IRN-3246,IRN,Iran,North Khorasan,Province,894440.5245017332,25137.375008957602,6754230537.902787,5577663270.377413,12331893808.280201,490580.0149731537
TUR-3021,TUR,Turkey,Aksaray,Province,419136.2397654727,7757.975415926244,5022596267.470999,7295306825.935589,12317903093.406588,1587772.8960212131
UKR-325,UKR,Ukraine,Sumy,Region,1059136.7633560356,23421.70503880022,4591241131.204932,7722865148.834136,12314106280.039068,525756.1846859404
ESP-5852,ESP,Spain,Zamora,Autonomous Community,159774.2929201573,10655.149529682305,3520146264.4739585,8780693587.869068,12300839852.343027,1154450.2325449572
IRN-3210,IRN,Iran,Bushehr,Province,950953.066923223,23662.642222624996,6357980523.048623,5930071198.624606,12288051721.67323,519301.75869895157
PHL-2596,PHL,Philippines,Davao del Sur,Province,969843.4965674877,3877.185640800326,5634268925.474908,6652974007.504412,12287242932.97932,3169113.906664267
ITA-5444,ITA,Italy,Sondrio,Province,165875.7420513751,3238.441395237939,1642484840.941418,10631529941.891596,12274014782.833014,3790099.3980875174
NPL-1128,NPL,Nepal,Mahakali,Administrative Zone,1500487.261359036,7207.194396816197,9105279785.057018,3138212031.137019,12243491816.194038,1698787.5089927702
GBR-5685,GBR,United Kingdom,Trafford,Metropolitan Borough,152313.68310546875,77.39308587333782,18592330.00495224,12219347214.211945,12237939544.216896,158127039.4650707
COL-1318,COL,Colombia,La Guajira,Department,1067772.5396262258,20500.30206188454,1218264169.7380292,11014023317.942715,12232287487.680744,596688.1585820039
TZA-5584,TZA,United Republic of Tanzania,Katavi,Region,800044.2912046753,47609.49064627074,10573518957.774973,1654918921.9093003,12228437879.684273,256848.74409892745
PHL-2592,PHL,Philippines,Compostela Valley,Province,891828.622042656,4194.946028823226,6096033629.528313,6117804225.730959,12213837855.259272,2911560.189651718
THA-387,THA,Thailand,Trang,Province,521939.0362303257,4700.604184394336,5120078087.038219,7087893367.911202,12207971454.94942,2597106.8773412146
VNM-509,VNM,Vietnam,Trà Vinh,Province,973911.86328125,2013.4406892384707,5299296426.808086,6906067468.69645,12205363895.504536,6061943.597713267
MOZ-1200,MOZ,Mozambique,Nampula,Province,5864105.2759787645,78196.99700138983,6967052822.971952,5231728213.987269,12198781036.95922,156000.6330772831
LAO-3292,LAO,Laos,Bolikhamxai,Province,386417.5500776842,15435.244868532818,10237001042.424461,1952710647.7607756,12189711690.185238,789732.316785974
NZL-3401,NZL,New Zealand,Marlborough District,Unitary Authority,45869.11903466098,10782.50898674418,7954474494.054153,4222314185.1484537,12176788679.202606,1129309.3930338966
LBY-2984,LBY,Libya,Benghazi,Municipality|Governarate,877670.2826926336,9827.491491798326,0.0,12173989504.055923,12173989504.055923,1238768.7655813186
TUR-2310,TUR,Turkey,Mus,Province,410321.5432519205,7751.400755155755,5018339761.762312,7141881973.720827,12160221735.483139,1568777.3242010365
KAZ-3201,KAZ,Kazakhstan,West Kazakhstan,Region,582069.724314028,153942.40983517107,1955803040.566365,10172193630.981697,12127996671.548061,78782.68687968265
GBR-2117,GBR,United Kingdom,Vale of Glamorgan,Unitary Authority (wales),150208.22332763672,286.7442845137199,68885279.66746482,12050436952.531303,12119322232.198769,42265261.721786454
GBR-2111,GBR,United Kingdom,Powys,Unitary Authority (wales),135800.3182895952,5091.185369986104,1223067893.5594192,10894564474.762417,12117632368.321836,2380120.048222662
SWE-262,SWE,Sweden,Blekinge,County,111334.46661734581,3020.433649518382,186759745.9483386,11926257715.302174,12113017461.250513,4010357.076766766
UKR-4827,UKR,Ukraine,Kherson,,954940.9096237792,26177.36795389362,5131420118.966661,6963104412.2772455,12094524531.243908,462022.177040338
RUS-2335,RUS,Russia,Pskov,Region,585928.6525557318,55879.02417882272,651999056.5787995,11440596985.717558,12092596042.296358,216406.71468417058
PHL-5545,PHL,Philippines,Caloocan,Highly Urbanized City,1747342.3125,53.84580180479471,78247924.13432433,11986493726.481579,12064741650.615904,224060952.68770975
SEN-766,SEN,Senegal,Louga,Region,1085293.2107738853,25179.452655345172,8861405342.851242,3201372694.0080957,12062778036.859337,479072.28969485214
RUS-2334,RUS,Russia,Novgorod,Region,584701.0095355458,55161.92428442027,643631901.6133349,11416626543.28397,12060258444.897305,218633.7514752646
PHL-2570,PHL,Philippines,Mindoro Occidental,Province,493433.1448571384,5927.780862984537,8614163624.737986,3384873846.9601765,11999037471.698162,2024203.9557543378
PHL-2597,PHL,Philippines,Davao Oriental,Province,602670.7988589406,5393.846502056953,7838258095.128984,4134226990.31466,11972485085.443645,2219656.24733257
ZWE-533,ZWE,Zimbabwe,Mashonaland West,Province,2014076.8934475617,57322.0619977501,3999937311.6898093,7938730635.442252,11938667947.132061,208273.52560346932
TUR-4842,TUR,Turkey,Osmaniye,Province,574728.3629201576,2910.639847709902,1884379371.0726416,10003477035.095558,11887856406.1682,4084275.976473555
ROU-127,ROU,Romania,Teleorman,County,353262.76550717093,5884.852127070515,2999763217.006215,8863558837.783072,11863322054.789288,2015908.2672982747
MOZ-1190,MOZ,Mozambique,Tete,Province,3241221.5313403867,100679.31402411312,8970141129.257305,2891692651.3510175,11861833780.608322,117817.98371974766
CHL-2692,CHL,Chile,Magallanes y Antártica Chilena,Region,120823.72827595685,121847.70214528561,8709259337.968119,3150508037.8063803,11859767375.774498,97332.7126155687
THA-449,THA,Thailand,Nong Bua Lam Phu,Province,532669.2418365479,4244.772400809606,4623568652.302982,7233608763.528985,11857177415.831966,2793359.9958316837
TZA-3395,TZA,United Republic of Tanzania,Tanga,Region,2719199.984696582,27976.769092133567,6213317856.5341,5624757974.77893,11838075831.31303,423139.49092290393
ESP-5847,ESP,Spain,Teruel,Autonomous Community,126271.96016298234,14809.106713760659,4892490859.318341,6939510547.44975,11832001406.768091,798967.9347623152
LKA-2472,LKA,Sri Lanka,Kaḷutara,District,1220231.8209648132,1669.8429145894074,2239872929.8685217,9589895675.19228,11829768605.060802,7084360.152505476
ITA-5435,ITA,Italy,Biella,Province,177216.19044476002,919.4579990138427,466334153.0537738,11358377129.778818,11824711282.832592,12860523.586194357
VNM-495,VNM,Vietnam,Bà Rịa - Vũng Tàu,Province,1003714.9174938202,1783.1309909378292,4693130390.834387,7117402714.651648,11810533105.486034,6623480.36431936
MMR-3276,MMR,Myanmar,Magway,Division,3991924.7919220533,45913.94838248279,0.0,11760642867.122734,11760642867.122734,256145.31708646702
LTU-1071,LTU,Lithuania,Panevezio,County,217904.50456888974,7740.614622304579,3156697638.092995,8575987733.458098,11732685371.551094,1515730.461214716
LBN-3060,LBN,Lebanon,South Lebanon,Province,768309.0414886475,968.0552775046882,2620572463.5622478,9082218667.563654,11702791131.125902,12088969.92049013
CMR-1477,CMR,Cameroon,Nord-Ouest,Province,2102625.792159956,17066.700905314494,5442121608.663766,6250333021.291018,11692454629.954784,685103.3890395189
FRA-5348,FRA,France,Territoire de Belfort,Metropolitan department,147200.55584716797,658.4997290284913,171043843.6363688,11518910776.138224,11689954619.774593,17752406.120229103
IRN-3234,IRN,Iran,Zanjan,Province,917561.0386534482,22206.25495707706,5966659816.711096,5721841043.011431,11688500859.722527,526360.7430571016
PHL-2576,PHL,Philippines,Maguindanao,Province,697170.7295575552,4737.934014225343,6885095752.5443945,4782481667.356877,11667577419.901272,2462587.5718973964
GBR-2133,GBR,United Kingdom,Newport,Unitary Authority (wales),144611.76733398438,173.23879926392624,41617579.77770737,11601461932.28875,11643079512.066458,67208267.20998241
NZL-3403,NZL,New Zealand,Tasman District,Unitary Authority,49166.043004061095,9644.983342241774,7115298868.357865,4525800476.935199,11641099345.293064,1206958.9891678689
UKR-293,UKR,Ukraine,Transcarpathia,Region,1242921.8657579757,12972.745999225323,2542983310.4656224,9062963624.61307,11605946935.078691,894640.7287841564
MLI-2810,MLI,Mali,Ségou,Region,3250192.8710666616,61432.774645131976,5506878618.111603,6074644397.614989,11581523015.726593,188523.52156690892
LKA-2468,LKA,Sri Lanka,Mŏṇarāgala,District,490819.70947625116,5743.337317698505,7703925724.162948,3857389824.077667,11561315548.240616,2012996.087242446
GBR-5700,GBR,United Kingdom,West Berkshire,Unitary Authority,142167.57121276855,644.1226702621944,154739161.9554408,11405376587.519789,11560115749.47523,17947071.70416717
PER-579,PER,Peru,Huánuco,Department,860494.5118479915,36451.535951064456,1262182148.704269,10294216188.563108,11556398337.267378,317034.60597055877
GHA-2156,GHA,Ghana,Upper East,Region,1102957.26546444,8599.089821326945,6847908046.087164,4706683669.116496,11554591715.20366,1343699.386247444
IRL-3412,IRL,Ireland,Monaghan,Administrative County,64009.773283958435,1274.194313507381,201550140.4415055,11344727355.188301,11546277495.629807,9061630.06162476
PHL-2594,PHL,Philippines,Surigao del Sur,Province,591161.3489265442,5154.468730037329,7490397851.310176,4055273972.1092343,11545671823.41941,2239934.400249198
ALB-1529,ALB,Albania,Tiranë,County,998820.1259217858,1630.667133524707,1111955185.4457757,10431094834.819164,11543050020.26494,7078728.566334993
ROU-304,ROU,Romania,Vâlcea,County,344221.2498204708,5641.123142369842,2875524030.1182165,8636702191.408949,11512226221.527164,2040768.4659567396
PNG-1241,PNG,Papua New Guinea,Sandaun,Province,252352.65871546045,37164.664018132135,10201884060.62687,1301206391.244029,11503090451.8709,309516.8692029261
ITA-5430,ITA,Italy,Fermo,Province,171822.8176422119,886.7693713079768,449755012.3730089,11012697865.716717,11462452878.089725,12926081.176194336
ITA-5412,ITA,Italy,Enna,Province,158537.97655383404,2556.9098717820957,1296823129.2470224,10161228060.320963,11458051189.567986,4481210.431395472
ROU-294,ROU,Romania,Alba,County,328573.8280439377,6297.394712739643,3210053985.1032085,8244099695.143052,11454153680.246262,1818871.8037753745
KHM-1788,KHM,Cambodia,Kâmpóng Thum,Province,660029.7707172818,13353.076756152868,8741673406.834192,2709457402.4248843,11451130809.259077,857564.9656160774
UKR-320,UKR,Ukraine,Kirovohrad,Region,912126.165027902,24485.339105800118,4799740062.810078,6650913852.629395,11450653915.439472,467653.47483903245
CIV-3447,CIV,Ivory Coast,Sud-Bandama,Department,958629.8097327352,10783.93578285749,6936355856.438493,4457603676.06608,11393959532.504574,1056567.8210562787
VNM-510,VNM,Vietnam,Vĩnh Long,Province,1089367.015625,1393.3969110147934,3667365674.6546264,7724766882.633362,11392132557.287989,8175798.630837528
ROU-316,ROU,Romania,Vaslui,County,349166.6244523823,5151.070314356275,2625722944.870428,8760784385.471764,11386507330.342192,2210512.890613716
GUM+00?,GUM,Guam,Guam,,154581.23627245426,564.1890240955997,0.0,11383640520.582155,11383640520.582155,20176997.48560376
GBR-2069,GBR,United Kingdom,Hammersmith and Fulham,London Borough,141577.25,14.331138025712045,3442804.283016072,11358018138.038012,11361460942.321028,792781488.9464462
LKA-2451,LKA,Sri Lanka,Ampāra,District,649746.8620202541,4656.952746349785,6246684823.5186205,5106410532.001253,11353095355.519875,2437880.7288561524
THA-401,THA,Thailand,Phichit,Province,494736.4436035156,4244.78595234586,4623583413.155225,6718484179.316861,11342067592.472086,2671999.888758572
TUR-2311,TUR,Turkey,Bitlis,Province,316876.8310386874,8985.822747127326,5817517763.36214,5515423122.922731,11332940886.28487,1261202.3634572465
ITA-5436,ITA,Italy,Vercelli,Province,160255.10360431392,2081.793544557227,1055851850.1934228,10271284464.141327,11327136314.33475,5441046.901095996
GBR-2127,GBR,United Kingdom,Wrexham,Unitary Authority (wales),139183.6652789116,656.1372202086881,157625446.62732702,11165993086.858866,11323618533.486193,17258003.638148516
GBR-2043,GBR,United Kingdom,Bath and North East Somerset,Unitary Authority,139915.9341430664,309.18201771633954,74275551.10526383,11224739269.886087,11299014820.991352,36544864.1044761
ZWE-532,ZWE,Zimbabwe,Masvingo,Province,1874973.0678248715,55900.02430045389,3900707426.270338,7390435877.893156,11291143304.163494,201988.16450374626
UKR-318,UKR,Ukraine,Volyn,Region,1014419.6641370654,19847.976649334352,3890700809.8965845,7396803266.116679,11287504076.013264,568697.9723644434
UZB-365,UZB,Uzbekistan,Namangan,Region,2810447.858538159,7638.9794671162535,0.0,11273548554.218536,11273548554.218536,1475792.493322979
TUN-114,TUN,Tunisia,Sfax,Governorate,1013807.7780395001,7070.782474946898,4168980666.4921203,7078540641.65232,11247521308.14444,1590703.9069574699
AGO-1874,AGO,Angola,Lunda Norte,Province,1032641.0039593228,105281.82012968967,7722186042.796199,3520034659.4064937,11242220702.202692,106782.16512930863
TUR-3043,TUR,Turkey,Siirt,Province,405224.6304884888,6465.649596293627,4185930708.4749956,7053167281.58381,11239097990.058805,1738278.2383538869
ZWE-527,ZWE,Zimbabwe,Midlands,Province,1965543.0395332724,48990.76773622643,3418579042.117376,7747428508.806004,11166007550.92338,227920.64845855904
AGO-1887,AGO,Angola,Benguela,Province,2418844.9377731318,39715.39921968461,2913035708.924265,8245283679.464235,11158319388.3885,280956.99924018316
AGO-1879,AGO,Angola,Cuanza Sul,Province,2084180.3316558823,55248.41754204725,4052347863.1374936,7104489339.231214,11156837202.368708,201939.48892522953
LAO-3291,LAO,Laos,Phôngsali,Province,202175.20761477016,15277.325285446806,10132265228.354774,1021666020.4569895,11153931248.811764,730097.1237050905
AGO-1876,AGO,Angola,Malanje,Province,1437162.1885436312,85140.388064545,6244857047.307769,4898953939.912837,11143810987.220606,130887.4817292643
HND-639,HND,Honduras,Francisco Morazán,Department,2088524.2628894448,8587.83682714803,1699588425.9999075,9427292974.53308,11126881400.532986,1295655.893851928
MWI-1901,MWI,Malawi,Nkhata Bay,District,420690.87753336877,10602.366967675809,10635959205.048647,487823451.0589355,11123782656.107582,1049179.1776328296
VEN-31,VEN,Venezuela,Zulia,State,3730845.273772835,44976.46066223966,0.0,11104814411.532137,11104814411.532137,246902.80755807162
COG-4855,COG,Republic of the Congo,Brazzaville,Region,2815348.609949338,6013.142974017173,182880960.62137625,10917587701.777891,11100468662.399267,1846034.3800845013
GBR-2679,GBR,United Kingdom,Southend-on-Sea,Unitary Authority,138178.587890625,44.174524624826304,10612153.92006488,11085360872.24606,11095973026.166124,251184888.1318834
GBR-2006,GBR,United Kingdom,North Ayshire,Unitary District,136852.22145462036,468.6122372227786,112575862.04876193,10978953281.776365,11091529143.825127,23668884.981661726
GRC-3013,GRC,Greece,Notio Aigaio,Region,240059.90333336592,5037.9576436902735,2051334164.2048285,9037495276.8406,11088829441.045427,2201056.5045010834
HUN-3162,HUN,Hungary,Fejér,County,276056.04417823255,3950.097367990688,2474236023.0741167,8602233260.709938,11076469283.784054,2804100.3175115064
RUS-3468,RUS,Russia,Kamchatka,Region,288652.19167312,463781.0334591452,5411418698.129351,5636101562.147369,11047520260.27672,23820.552077944998
GBR-2112,GBR,United Kingdom,Bridgend,Unitary Authority (wales),136840.06048583984,287.994961965329,69185732.96568485,10977977669.49413,11047163402.459814,38358877.27713013
EGY-1536,EGY,Egypt,As Suways,Governorate,439955.7250371607,9031.00839615153,7958167582.059802,3074835455.5277,11033003037.587502,1221680.0775303342
GBR-2118,GBR,United Kingdom,Neath Port Talbot,Unitary Authority (wales),136136.0900001526,440.89166162376466,105916480.4819436,10921501720.532843,11027418201.014786,25011627.93689903
IRN-3235,IRN,Iran,Qazvin,Province,1092041.5581636233,15639.95511628972,4202342624.089829,6809888328.894872,11012230952.984701,704108.8590794589
AGO-1886,AGO,Angola,Bié,Province,1672269.619561165,72138.306482751,5291183442.552973,5700380866.301227,10991564308.854198,152367.92828623435
ROU-307,ROU,Romania,Harghita,County,304084.79655618966,6576.42242247308,3352286456.2189307,7629656304.370325,10981942760.589256,1669896.1920483615
TUR-2241,TUR,Turkey,Kirklareli,Province,374559.21368003084,6889.069448443552,4460057249.868196,6519418100.916249,10979475350.784445,1593753.0363066725
TUR-2240,TUR,Turkey,Edirne,Province,430818.5354446769,5370.259674217778,3476763556.082487,7498643887.552556,10975407443.635044,2043738.684802742
TGO-86,TGO,Togo,Plateaux,Region,1786993.3618743867,17212.459836417813,7897718192.2898245,3069049989.5920997,10966768181.881924,637141.2503562467
TUR-2268,TUR,Turkey,Bolu,Province,310725.37458617985,8575.280948955298,5551728611.864362,5408353492.597914,10960082104.462276,1278101.810273343
TZA-5586,TZA,United Republic of Tanzania,Geita,Region,2745078.5845085448,23752.335388791897,5275119836.731393,5678288741.727904,10953408578.459297,461150.80471741414
TZA-3386,TZA,United Republic of Tanzania,Iringa,Region,1141041.8867106293,38604.00039928174,8573503402.934031,2360284086.478678,10933787489.412708,283229.3901234169
ITA-5376,ITA,Italy,Nuoro,Province,138897.47941349074,3937.574435822556,1997073756.0442474,8902403045.651102,10899476801.695349,2768068.763992383
COL-1403,COL,Colombia,Caquetá,Intendancy,536927.668523889,90055.58371574931,5351701189.307034,5538383543.035144,10890084732.342178,120926.25779558046
ROU-301,ROU,Romania,Satu Mare,County,338774.49089482427,4684.286328803818,2387782993.2943015,8500039987.161703,10887822980.456005,2324329.0901127146
PRT-736,PRT,Portugal,Madeira,Autonomous region,239475.02147853374,811.3601568576548,189158432.0953068,10698236141.108276,10887394573.203583,13418695.114842407
CYM+00?,CYM,Cayman Islands,Cayman Islands,,52202.29794216156,309.20203545066664,0.0,10882109923.566109,10882109923.566109,35194172.986944504
TZA-3394,TZA,United Republic of Tanzania,Mara,Region,2190687.978657078,28552.32923982294,6341143129.401413,4531512852.144516,10872655981.545929,380797.5135836362
PHL-2540,PHL,Philippines,Masbate,Province,751816.4509439468,3928.508638554262,5708850748.012435,5157342730.293017,10866193478.305452,2765984.36660288
THA-392,THA,Thailand,Lamphun,Province,473525.53615152836,4065.3155998370066,4428097432.394648,6430441630.627372,10858539063.022018,2671019.948231664
ROU-278,ROU,Romania,Caras-Severin,County,261756.1367722149,8399.39835907783,4281536000.9881387,6567606739.13771,10849142740.125849,1291657.1254654692
GBR-2122,GBR,United Kingdom,Blackburn with Darwen,Unitary Authority,134775.02694702148,139.6505639864155,33548595.99812927,10812310598.057468,10845859194.055597,77664270.6227139
ZWE-529,ZWE,Zimbabwe,Manicaland,Province,2132656.918358572,34772.3251581376,2426415170.126016,8406128319.996966,10832543490.122982,311527.72904482903
ITA-5437,ITA,Italy,Verbano-Cusio-Ossola,Province,150461.66278462263,2270.3697127810883,1151494617.7685802,9643590155.009354,10795084772.777933,4754769.547887643
THA-388,THA,Thailand,Yala,Province,417553.937450625,4701.600380963655,5121163182.490819,5670351475.101139,10791514657.591957,2295285.388627626
BEN-2182,BEN,Benin,Donga,Department,710047.1809106022,11004.979205079815,9094110411.811573,1690279631.0992565,10784390042.91083,979955.5130402098
ITA-5431,ITA,Italy,Ascoli Piceno,Province,158680.42347478867,1192.1185409270172,604623148.3321203,10170357958.921747,10774981107.253868,9038514.826616999
ECU-1281,ECU,Ecuador,Los Rios,Province,929832.3836889267,7125.563158644514,703033410.0929189,10068520909.507887,10771554319.600805,1511677.6147767473
LKA-2462,LKA,Sri Lanka,Puttalama,District,815216.5875058174,3234.5465243524895,4338715418.676911,6406849823.573388,10745565242.2503,3322124.186914087
HUN-3157,HUN,Hungary,Somogy,County,227397.59464148432,5837.97873879402,3656754745.9754205,7085978348.539474,10742733094.514894,1840145.9777727923
SDN-874,SDN,Sudan,Khartoum,Region,7520047.041163238,21109.716086145632,1965200191.6728175,8768921750.654203,10734121942.32702,508492.00901246874
ROU-123,ROU,Romania,Gorj,County,314738.53039819375,5549.369595015258,2828753285.426432,7896964398.998166,10725717684.424599,1932781.2827711124
PNG-1240,PNG,Papua New Guinea,Madang,Province,505282.16045676917,29561.861263286406,8114877106.846558,2605387159.0442595,10720264265.890818,362638.3389872875
HUN-3156,HUN,Hungary,Gyor-Moson-Sopron,County,266067.70887997746,3801.0214566544205,2380858833.693993,8290984903.958514,10671843737.652508,2807625.228994535
ESP-5806,ESP,Spain,Ávila,Autonomous Community,145307.39350508712,8096.5436688943055,2674858562.220323,7985638209.381286,10660496771.601608,1316672.5466519278
AGO-1889,AGO,Angola,Cunene,Province,1458537.801998634,77029.22274361427,5649921211.710067,4971818468.765741,10621739680.475807,137892.3388053575
ITA-5373,ITA,Italy,Oristrano,Province,141186.69324206654,3049.985376001948,1546903010.9801145,9049126400.500408,10596029411.480522,3474124.6613353444
DZA-2216,DZA,Algeria,Batna,Province,1425703.6245098934,12055.273222031587,0.0,10592021786.175898,10592021786.175898,878621.462250932
THA-405,THA,Thailand,Uthai Thani,Province,255507.20678508002,6537.002015997946,7120352929.981551,3469768901.566328,10590121831.547878,1620027.3161352512
ITA-5424,ITA,Italy,Rieti,Province,144020.67770971358,2675.419014163384,1356929040.1214516,9230765923.857075,10587694963.978527,3957396.919110014
TUR-3020,TUR,Turkey,Nigde,Province,360520.49575006624,6655.64357431029,4308934842.113969,6275066157.502426,10584000999.616394,1590229.5370005884
NPL-1125,NPL,Nepal,Dhawalagiri,Administrative Zone,354638.44177897274,7789.729185932952,9841230828.88905,741712811.1347265,10582943640.023777,1358576.5804458184
TUR-2300,TUR,Turkey,Erzincan,Province,187027.0795449689,11313.807838546345,7324680212.844238,3255313667.9440312,10579993880.788269,935139.9662934031
KAZ-3198,KAZ,Kazakhstan,Atyrau,Region,522908.3031204161,112380.31608291199,1427766163.528982,9138294414.569592,10566060578.098574,94020.56290981725
CIV-3444,CIV,Ivory Coast,Marahoué,Department,1081663.4195809066,8605.151441915274,5534935834.33164,5029706761.084678,10564642595.416317,1227711.4083032238
CHL-2691,CHL,Chile,Aisén del General Carlos Ibáñez del Campo,Region,120134.49330011565,103812.85698686061,7420189943.6389675,3132536068.5391717,10552726012.178139,101651.43623312261
FRA-5284,FRA,France,Creuse,Metropolitan department,116019.39088773727,5594.799127395571,1453236660.4538665,9078885634.95164,10532122295.405506,1882484.4387770365
HKG-5155,HKG,Hong Kong S.A.R.,Eastern,,91072.75604317489,17.092202585932874,0.0,10531686246.792057,10531686246.792057,616169050.9952055
THA-446,THA,Thailand,Nong Khai,Province,499563.4886369705,3440.27301699523,3747277115.1897645,6784035092.554429,10531312207.744194,3061185.0151771824
ECU-1266,ECU,Ecuador,Azuay,Province,893923.2881767713,8630.91130215286,851556413.137781,9679685797.55871,10531242210.696491,1220177.3187113649
ROU-317,ROU,Romania,Vrancea,County,323145.4696773961,4726.944095193396,2409527498.6398935,8107899171.135558,10517426669.775452,2224994.9349877276
TUR-2308,TUR,Turkey,Bingöl,Province,290681.2441077959,8426.057257861894,5455119598.078966,5059473896.835161,10514593494.914127,1247866.3713213596
THA-383,THA,Thailand,Phatthalung,Province,515523.09485236555,3193.9127689668335,3478932098.684185,7000765360.260741,10479697458.944927,3281147.0497157313
EGY-1539,EGY,Egypt,Dumyat,Governorate,1412996.5743141174,670.5615908357339,590902065.4036216,9875384539.826714,10466286605.230335,15608240.537884073
RUS-2280,RUS,Russia,Karachay-Cherkess,Republic,527198.1003869057,14505.199717664225,169247345.8580607,10293848870.257732,10463096216.115793,721334.1711782144
SEN-759,SEN,Senegal,Dakar,Region,3470679.3704071045,571.7541423816419,201217448.26818028,10237729358.09272,10438946806.3609,18257754.570657708
VNM-461,VNM,Vietnam,Đồng Bằng Sông Hồng,Region,1139763.6865234375,895.1477053773227,2355993430.5120564,8082132700.367314,10438126130.879372,11660786.335233347
GBR-2026,GBR,United Kingdom,Scottish Borders,Unitary District,116118.21961081028,4670.201304980365,1121933863.625236,9315570435.901703,10437504299.52694,2234915.289068213
IRN-3218,IRN,Iran,Chahar Mahall and Bakhtiari,Province,1016908.4994987891,15223.393117646578,4090415433.1574926,6341364273.660001,10431779706.817493,685246.6875288949
GBR-2754,GBR,United Kingdom,Kingston upon Thames,London Borough (royal),129849.1796875,40.139644566928716,9642844.831012564,10417135084.20302,10426777929.034033,259762587.37539282
PER-586,PER,Peru,Ayacucho,Department,742893.9900465254,44181.13387120179,1529829595.0164478,8887344699.386223,10417174294.40267,235783.31703235907
LKA-2467,LKA,Sri Lanka,Badulla,District,838013.3909801245,2840.8729136687316,3810654451.941626,6586011654.37502,10396666106.316647,3659673.0731225456
ESP-5839,ESP,Spain,Palencia,Autonomous Community,140919.07698526327,8019.805432872491,2649506518.6734915,7744470108.91338,10393976627.586872,1296038.5030019379
LKA-2464,LKA,Sri Lanka,Gālla,District,1042469.7359924316,1634.4820636050767,2192441035.40413,8192849785.549837,10385290820.953968,6353872.6133511495
CMR-798,CMR,Cameroon,Ouest,Province,1979546.6514340204,14079.930885248215,4489719281.085021,5884464011.037331,10374183292.122353,736806.407408687
UKR-292,UKR,Ukraine,Ternopil',Region,1046481.2516093412,13983.765265007678,2741168422.5149345,7630585460.326758,10371753882.841694,741699.65572831
TKM-353,TKM,Turkmenistan,Tashauz,Province,1265245.9487943137,73182.0626547596,0.0,10371367616.119081,10371367616.119081,141720.07784266176
NZL-3396,NZL,New Zealand,Gisborne District,Unitary Authority,45301.46915301564,8401.986890970795,6198315299.877635,4170061249.0138435,10368376548.89148,1234038.6486479605
PER-589,PER,Peru,Ica,Department,806080.1052268716,20906.407883697742,723911740.2284089,9643249032.099545,10367160772.327953,495884.36377977626
HTI-1388,HTI,Haiti,Ouest,Department,2870910.0009856224,4968.285356103921,2490145083.0803375,7866768239.159559,10356913322.239897,2084605.1665522053
TUR-3047,TUR,Turkey,Hakkari,Province,316821.17944320105,7469.416424101157,4835780089.591576,5514454474.960788,10350234564.552364,1385681.8226328671
TUR-3012,TUR,Turkey,Karaman,Province,260123.24364787713,8987.601840909501,5818669567.706801,4527594359.367991,10346263927.074793,1151170.702731954
GBR-2030,GBR,United Kingdom,Hartlepool,Unitary Authority,127952.0326385498,114.458935600712,27496749.59578188,10264936686.561438,10292433436.157219,89922498.24917291
TUR-2292,TUR,Turkey,Giresun,Province,339224.75400555134,6763.972651329443,4379068245.318369,5904401549.261793,10283469794.580162,1520329.889648352
TKM-359,TKM,Turkmenistan,Chardzhou,Province,1253028.9358393878,93301.7499005739,0.0,10271223345.633831,10271223345.633831,110086.07401875379
GBR-2050,GBR,United Kingdom,Bournemouth,Unitary Authority,127851.20703125,23.312258600978662,5600360.8097438505,10256847964.139652,10262448324.949396,440216818.9966189
UZB-362,UZB,Uzbekistan,Surkhandarya,Region,2557280.6285711653,19416.16144910165,0.0,10258018929.394093,10258018929.394093,528323.7346519238
CHL-2701,CHL,Chile,Los Ríos,Region,348085.52634021547,16260.419033917404,1162239449.8795145,9076414577.062332,10238654026.941847,629667.292434787
TZA-3382,TZA,United Republic of Tanzania,Pwani,Region,1550544.5896415897,31634.295730983762,7025612353.481816,3207354403.839489,10232966757.321304,323476.98979430005
ITA-5375,ITA,Italy,Olbia-Tempio,Province,132787.00906034396,3387.3053981295293,1717986243.705982,8510762606.156337,10228748849.862318,3019730.330637041
TUR-2290,TUR,Turkey,Amasya,Province,354525.992628634,6226.439478930892,4031063519.782838,6170728389.991922,10201791909.774761,1638463.1930167666
THA-473,THA,Thailand,Mukdahan,Province,422822.7196035385,4091.188988056681,4456279717.66359,5741901145.630333,10198180863.293922,2492718.105437136
COD-1884,COD,Democratic Republic of the Congo,Kinshasa City,Neutral City,10467088.91740486,11063.63363918642,0.0,10171390476.463814,10171390476.463814,919353.5151451183
BGR-2254,BGR,Bulgaria,Burgas,Province,392317.35565404594,7648.68033060249,2457856322.8336163,7710862682.544998,10168719005.378614,1329473.6563500254
FRA-5281,FRA,France,Corse-du-Sud,Metropolitan department,116154.96558059799,3973.245603937976,1032041730.3914376,9089494785.043343,10121536515.43478,2547422.8186153634
PHL-2574,PHL,Philippines,Lanao del Sur,Province,653459.4878997505,3877.9654469815773,5635402128.303444,4482629417.365651,10118031545.669094,2609108.2254341603
GBR-2056,GBR,United Kingdom,North East Lincolnshire,Unitary Authority,125492.25774383545,177.21858481457676,42573653.37874886,10067601536.530933,10110175189.909681,57049181.385168634
DOM-1984,DOM,Dominican Republic,San Cristóbal,Province,608445.5507628918,1201.6040284393434,1262150181.42801,8833917154.56013,10096067335.98814,8402158.362518994
THA-377,THA,Thailand,Phuket,Province,698224.5324707031,557.0413853257223,606750808.768029,9481837320.99334,10088588129.761368,18111020.8245339
KHM-1780,KHM,Cambodia,Pouthisat,Province,441977.247936992,12623.553179373568,8264086333.28939,1814340169.5727575,10078426502.862146,798382.7025286298
LBY-2975,LBY,Libya,Az Zawiyah,Municipality|Governarate,725506.1749018133,3385.455827457628,0.0,10063351502.896418,10063351502.896418,2972524.8284966345
TZA-5585,TZA,United Republic of Tanzania,Simiyu,Region,2228662.199334626,24526.60297202234,5447075740.030245,4610063823.678111,10057139563.708355,410050.24524515687
SEN-5517,SEN,Senegal,Saint-Louis,Region,1133242.320703946,19001.56846358134,6687222419.427334,3342811864.2786183,10030034283.705952,527852.966607975
COD-1559,COD,Democratic Republic of the Congo,Orientale,Province,10305585.273158383,500467.3999802751,0.0,10014449359.21857,10014449359.21857,20010.193190631937
IRN-3232,IRN,Iran,Qom,Province,1105579.0260624592,11602.863744189655,3117605422.2131224,6894306951.93894,10011912374.152061,862882.8705469982
PNG-1244,PNG,Papua New Guinea,Gulf,Province,105963.26117521385,34420.689283046275,9448649426.27157,546378521.9466019,9995027948.218172,290378.49492285354
PRT-741,PRT,Portugal,Viana do Castelo,District,212192.16080015898,2177.528765532851,507663487.8472183,9479409708.438452,9987073196.28567,4586425.380167957
ESP-5843,ESP,Spain,Segovia,Autonomous Community,139970.88498425484,6896.80762110116,2278501255.809091,7692360453.028473,9970861708.837564,1445721.3042061906
MWI-1910,MWI,Malawi,Mangochi,District,1132289.01891483,8625.078589119938,8652406042.339434,1312976264.286492,9965382306.625925,1155396.1165289215
CUB-1368,CUB,Cuba,Las Tunas,Province,530108.3654675186,6515.006702587532,0.0,9961503868.97068,9961503868.97068,1529008.99779801
KHM-1791,KHM,Cambodia,Preah Vihéar,Province,261388.9664770048,13556.870479812207,8875088215.05595,1073015644.9816742,9948103860.037624,733805.3332331775
ROU-313,ROU,Romania,Braila,County,298859.58662620443,4773.948350614083,2433487597.1112094,7498552887.377875,9932040484.489084,2080466.6818842948
COD-1872,COD,Democratic Republic of the Congo,Kasaï-Occidental,Province,10208722.598938845,153084.62452448055,0.0,9920323084.964497,9920323084.964497,64802.870410921554
CAN-687,CAN,Canada,Prince Edward Island,Province,112920.76215060847,5732.882971099714,13465884.1350348,9901358905.312006,9914824789.44704,1729465.7573561321
THA-428,THA,Thailand,Yasothon,Province,399947.36907196045,4089.081358478243,4453984006.815188,5431255583.473402,9885239590.28859,2417471.9756535715
MWI-1909,MWI,Malawi,Lilongwe,District,3039485.5835358053,6327.3098517490835,6347357119.978854,3524517468.7361984,9871874588.715054,1560200.910025946
VNM-466,VNM,Vietnam,Ninh Bình,Province,920743.3722949922,1268.487445815152,3338608892.22498,6529046508.377952,9867655400.602932,7779072.180144288
NOR-1062,NOR,Norway,Finnmark,County,48344.72087918129,48439.497094100785,1901375996.7475111,7954417602.224787,9855793598.972298,203466.05952217014
TJK-366,TJK,Tajikistan,Gorno-Badakhshan,Region,269813.5080572581,63548.5667468462,9408899827.451784,441071535.5163894,9849971362.968174,154999.1111869885
KAZ-3204,KAZ,Kazakhstan,North Kazakhstan,Region,490718.6279197624,98589.79013739269,1252560691.5337408,8575750795.855617,9828311487.389357,99688.9381110643
HND-647,HND,Honduras,Cortés,Department,2002042.023318559,3971.2664102619437,785939295.6916339,9036924797.339605,9822864093.031239,2473484.042180722
RWA-3494,RWA,Rwanda,Northern,Province,1872867.875366211,3239.5776290187005,6967192797.282956,2850737246.0426674,9817930043.325623,3030620.3979744017
ZWE-528,ZWE,Zimbabwe,Mashonaland East,Province,1912839.1772010624,32623.692684646147,2276483452.7330832,7539689783.505077,9816173236.238161,300890.93013244314
GBR-5702,GBR,United Kingdom,Bracknell Forest,Unitary Authority,121717.26611328125,113.75580208661485,27327834.11471383,9764753279.407871,9792081113.522585,86079838.86454242
TUN-102,TUN,Tunisia,Manubah,Governorate,1261572.558792621,1633.3825016573162,963053253.9394835,8808467268.889845,9771520522.829329,5982383.4973832695
TUR-3014,TUR,Turkey,Usak,Province,394438.37431839854,4447.792622901817,2879548519.889779,6865426301.92531,9744974821.81509,2190968.7901450093
ITA-5382,ITA,Italy,Massa-Carrara,Province,142732.8472149372,1172.8768178630578,594864059.1317971,9148224569.1299,9743088628.261698,8307000.769282215
LAO-3286,LAO,Laos,Xiangkhoang,Province,299058.6875506211,12400.307659027565,8224162526.286865,1511254039.491892,9735416565.778757,785094.7600232534
TUR-2273,TUR,Turkey,Burdur,Province,289469.77557354793,7234.932974802887,4683972996.363166,5038387591.646541,9722360588.009706,1343807.9691781234
DZA-2214,DZA,Algeria,M'Sila,Province,1308384.6410600543,17652.529497175852,0.0,9720420418.773972,9720420418.773972,550653.1185986177
COL-1401,COL,Colombia,Risaralda,Department,920613.546685338,3535.1063860776785,210079511.67596725,9496085255.71902,9706164767.394989,2745649.9769344456
PNG-1249,PNG,Papua New Guinea,Central,Province,309891.5168637261,29371.866087905106,8062722491.635378,1597894091.4985614,9660616583.13394,328907.14380289364
LAO-3290,LAO,Laos,Oudômxai,Province,384855.43801245023,11630.207456909515,7713414777.287718,1944816718.3516047,9658231495.639322,830443.6125858924
CUB-5489,CUB,Cuba,Mayabeque,Province,513447.483561486,3768.4003964642793,0.0,9648421770.330273,9648421770.330273,2560349.4202428577
ROU-295,ROU,Romania,Bistrita-Nasaud,County,276787.9141674042,5257.759588740269,2680107074.5028415,6944762376.209834,9624869450.712675,1830602.8049142398
IRL-728,IRL,Ireland,Sligo,County,52668.530101805925,1833.9710545433566,290094783.5745684,9334670059.72444,9624764843.299007,5248046.21068324
LBN-3059,LBN,Lebanon,An Nabatiyah,Province,568149.6797027588,1069.8790142448354,2896214244.397381,6716125085.510857,9612339329.908237,8984510.586641446
PHL-2547,PHL,Philippines,Ilocos Norte,Province,655784.8654913902,3498.600308240094,5084114310.11726,4498581142.287834,9582695452.405094,2739008.3485202375
GBR-5704,GBR,United Kingdom,Slough,Unitary Authority,119238.21923828125,51.55046220246027,12384093.415586952,9565872037.038094,9578256130.45368,185803496.63667136
MWI-1899,MWI,Malawi,Kasungu,District,966709.9340902129,8409.395799185317,8436039889.199332,1120974571.604392,9557014460.803724,1136468.6226006376
PYF-4963,PYF,French Polynesia,Windward Islands,,193218.27809157223,1157.7073233986855,0.0,9516587101.611227,9516587101.611227,8220201.176298469
DZA-2200,DZA,Algeria,Chlef,Province,1280703.8545455933,4308.919657348703,0.0,9514770739.009396,9514770739.009396,2208156.9153377702
PHL-2595,PHL,Philippines,Misamis Oriental,Province,763363.0744867325,2943.473098933547,4277411646.162315,5236550753.625105,9513962399.78742,3232223.3225893704
PRY-616,PRY,Paraguay,Alto Paraná,Department,839431.8308236168,14016.882683648915,801746090.6337909,8701530123.693699,9503276214.32749,677987.8542761385
CIV-3451,CIV,Ivory Coast,Agnéby,Department,773207.4196661711,9143.630684226871,5881292092.4907465,3595394386.1044908,9476686478.595238,1036424.8957411306
CIV-3461,CIV,Ivory Coast,Lacs,Department,818774.6131297499,8804.017514922183,5662848859.587331,3807280650.258839,9470129509.84617,1075660.0033785684
ITA-5394,ITA,Italy,Vibo Valentia,Province,138412.50495507196,1156.5139745478198,586565090.9492948,8871319413.939993,9457884504.889288,8177924.965054732
DZA-2196,DZA,Algeria,Boumerdès,Province,1272418.8925170898,1231.769664154411,0.0,9453219027.422974,9453219027.422974,7674502.224336275
VNM-463,VNM,Vietnam,Bắc Ninh,Province,1033613.0610351562,801.3337289517657,2109078747.246842,7329412244.743603,9438490991.990444,11778477.12005964
AGO-1890,AGO,Angola,Huambo,Province,2055998.608778283,33129.62113659606,2429983615.6803164,7008424355.456034,9438407971.13635,284893.32649537537
IRL-77,IRL,Ireland,Carlow,County,52322.60315036774,906.9155353545237,143454535.60857424,9273359938.66733,9416814474.275904,10383342.336940741
HUN-3174,HUN,Hungary,Heves,County,234837.49448084645,3347.849844130576,2097004178.0019398,7317814438.363288,9414818616.365227,2812198.5915441257
THA-494,THA,Thailand,Pattani,Province,532148.4470496178,2001.4694920687998,2180077216.932779,7226536408.981632,9406613625.914412,4699853.614151947
PRT-735,PRT,Portugal,Azores,Autonomous region,196443.1881227704,2607.8327259137113,607983452.7630264,8775844770.256922,9383828223.019949,3598324.4361396376
KHM-1793,KHM,Cambodia,Krâchéh,Province,383287.3603248857,11924.550500857515,7806479952.552152,1573415051.5052881,9379895004.05744,786603.6546520488
CUB-1365,CUB,Cuba,Guantánamo,Province,498710.0814983323,6151.6583636306905,0.0,9371484643.444511,9371484643.444511,1523407.850287949
RUS-2279,RUS,Russia,Adygey,Republic,474387.47488545114,8005.608066104485,93409807.76142326,9262690758.616604,9356100566.378027,1168693.30713197
LKA-2469,LKA,Sri Lanka,Kægalla,District,902833.0767669678,1669.1161175746065,2238898028.0111446,7095434547.397982,9334332575.409126,5592380.58821986
PHL-2573,PHL,Philippines,Lanao del Norte,Province,892623.091796875,2205.312130194677,3204727025.5452394,6123254163.420158,9327981188.965397,4229778.207469414
SLE-760,SLE,Sierra Leone,Southern,Province,1765713.3071913235,19934.843663712007,6187439936.594389,3108299852.2637,9295739788.85809,466306.129391895
KHM-1794,KHM,Cambodia,Môndól Kiri,Province,121730.58598799258,13423.562764976366,8787817503.819355,499710546.31104314,9287528050.130398,691882.4914621501
MWI-1194,MWI,Malawi,Chitipa,District,416424.08564708754,8772.700040092655,8800495212.910759,482875777.4722867,9283370990.383045,1058211.3771081355
CIV-3445,CIV,Ivory Coast,Fromager,Region,1069839.6260306165,6673.781850403149,4292655924.029491,4974726428.677203,9267382352.706694,1388625.304278843
THA-427,THA,Thailand,Amnat Charoen,Province,365981.9416656494,3932.65080200509,4283593854.2045016,4970007600.585944,9253601454.790445,2353018.846746431
ITA-5442,ITA,Italy,Aoste,Province,118111.43775093072,3304.0463840111483,1675758624.9625154,7570156259.135033,9245914884.097548,2798361.103173408
DZA-2198,DZA,Algeria,Tipaza,Province,1243564.5754871666,1973.192958848391,0.0,9238850802.953295,9238850802.953295,4682183.139526982
TZA-3336,TZA,United Republic of Tanzania,Rukwa,Region,1432470.3789232457,28222.849365555874,6267969448.072793,2963113869.0897655,9231083317.16256,327078.3611391303
PER-583,PER,Peru,Ucayali,Department,471281.06756495475,103654.68013257933,3589178987.3719206,5638001321.67198,9227180309.0439,89018.46300853846
PHL-2548,PHL,Philippines,Ilocos Sur,Province,770029.1266841888,2711.4884351208,3940294958.028419,5282278824.349203,9222573782.377623,3401295.636345484
RUS-2616,RUS,Russia,Sakhalin,Region,420429.2903964182,85963.16783395808,1003022245.8592424,8209125891.755437,9212148137.61468,107163.89786156297
TZA-3358,TZA,United Republic of Tanzania,Shinyanga,Region,2291453.3476106673,20122.436952588818,4468961245.051578,4739949456.952192,9208910702.003769,457643.90882183943
ETH-3133,ETH,Ethiopia,Addis Ababa,Administrative State,5555410.435546875,550.8945911559383,153242878.74311957,9053486133.846622,9206729012.589743,16712324.209376112
PRT-751,PRT,Portugal,Castelo Branco,District,172031.84604419768,6400.1378038184575,1492111760.6426845,7685299708.540103,9177411469.182787,1433939.6666908248
TJK-367,TJK,Tajikistan,Khatlon,Region,3420370.1431321735,24147.722473280803,3575273423.825582,5591372803.861136,9166646227.686718,379607.0721712789
GBR-2080,GBR,United Kingdom,Westminster,London Borough (city),114072.5703125,17.797706589325966,4275586.514041015,9151458462.867386,9155734049.381428,514433362.7160989
ITA-5392,ITA,Italy,Crotene,Province,128817.61317513883,1737.7494348527612,881358269.5358509,8256350775.451704,9137709044.987555,5258358.231468387
GBR-2758,GBR,United Kingdom,Isle of Wight,Unitary Authority,112665.69371032715,403.48043300871507,96929089.67754957,9038591953.83814,9135521043.51569,22641794.48652065
BGR-2260,BGR,Bulgaria,Varna,Province,399936.4872418344,3924.7881639910515,1261206507.2260747,7860614093.200113,9121820600.426188,2324156.1631571883
COL-1422,COL,Colombia,Casanare,Intendancy,632119.8535444171,43768.60242502105,2601021191.4414315,6520286435.826358,9121307627.26779,208398.4208290243
PHL-2582,PHL,Philippines,Eastern Samar,Province,453283.96655202657,4125.673958589758,5995368479.88663,3109456791.9075403,9104825271.79417,2206869.8019235604
HRV-1588,HRV,Croatia,Zagrebacka,County,268733.22772169113,2679.341348496295,816824730.1303356,8277202669.168651,9094027399.298986,3394127.965219047
DZA-2147,DZA,Algeria,Tlemcen,Province,1223526.9998077974,9555.91016232377,0.0,9089985053.796638,9089985053.796638,951242.2050215435
LAO-3281,LAO,Laos,Saravan,Province,486051.1346450865,10001.555361649622,6633256131.349301,2456195961.5624576,9089452092.911758,908803.8574244892
COL-1417,COL,Colombia,Sucre,Department,817684.7220450136,10885.182884040525,646869897.2649765,8434379290.632292,9081249187.897268,834276.2160856185
GTM-1950,GTM,Guatemala,Escuintla,Department,742247.9595513344,4799.226241395722,2656813532.7302594,6420845474.2734585,9077659007.003717,1891483.8664417143
ROU-129,ROU,Romania,Calarasi,County,263852.4070831211,4767.064103048908,2429978398.8889155,6620203324.611244,9050181723.50016,1898481.2303471786
THA-382,THA,Thailand,Krabi,Province,312928.644500494,4389.447602536686,4781154422.353539,4249547763.286504,9030702185.640043,2057366.4395540685
COL-1397,COL,Colombia,Caldas,Department,832330.1916474104,7364.702126123463,437659537.59926766,8585446617.911081,9023106155.51035,1225182.7705976502
ZMB-523,ZMB,Zambia,Western,Province,1153992.3844778328,128754.20376043745,6871185242.297487,2142827872.5622926,9014013114.85978,70009.46649968358
GBR-2001,GBR,United Kingdom,East Ayrshire,Unitary District,108449.24554768205,1284.27076898302,308523502.8840218,8700327898.635626,9008851401.519648,7014760.141783433
VEN-47,VEN,Venezuela,Miranda,State,3023225.527213186,9063.87433146871,0.0,8998593064.128502,8998593064.128502,992797.6420509759
GNQ-1478,GNQ,Equatorial Guinea,Bioko Norte,Province,662383.9864114225,635.8067209199287,0.0,8977166889.703838,8977166889.703838,14119333.11543964
PHL-2560,PHL,Philippines,Zambales,Province,569266.8401177824,3487.365359028911,5067787847.810752,3905081081.68175,8972868929.492502,2572964.9766295436
PHL-2553,PHL,Philippines,Nueva Vizcaya,Province,508235.5479373932,3774.963750868416,5485721584.360802,3486416006.3808284,8972137590.74163,2376748.012130613
TUR-5519,TUR,Turkey,Düzce,Province,419399.90711319447,2571.4274975333983,1664769667.1827564,7299896107.460581,8964665774.643337,3486260.368313924
PHL-2528,PHL,Philippines,Capiz,Province,749598.950756073,2630.101515141621,3822024687.6154323,5142131027.411289,8964155715.026722,3408292.6698531015
ROU-131,ROU,Romania,Giurgiu,County,289193.3818153441,3345.372391006029,1705280749.462708,7256022444.193131,8961303193.65584,2678716.192477745
VNM-491,VNM,Vietnam,Đà Nẵng,City|Municipality|Thanh Pho,991605.500063628,723.1632242884639,1903337064.237198,7031534108.9466505,8934871173.18385,12355262.094494732
BWA-2630,BWA,Botswana,Central,District,668282.56671428,146168.7901573736,1308046600.804275,7625820631.485359,8933867232.289635,61120.21056390306
RUS-2303,RUS,Russia,Ingush,Republic,455294.1995833516,3252.558762111067,37951007.11810968,8889883477.532328,8927834484.650436,2744864.9317732365
ROU-132,ROU,Romania,Ialomita,County,263004.0623691976,4561.520047462448,2325203719.0654006,6598917884.930704,8924121603.996105,1956392.0603528975
RUS-2321,RUS,Russia,Chukchi Autonomous Okrug,Autonomous Province,28234.302193871787,716794.5625493996,8363592339.182973,551291136.1547108,8914883475.337685,12437.152764706268
HUN-3155,HUN,Hungary,Baranya,County,198915.37355177104,4318.663171441939,2705095848.24248,6198438608.824022,8903534457.066502,2061641.3236260193
HRV-1603,HRV,Croatia,Osjecko-Baranjska,County,253569.0610729605,3581.6962077711955,1091916877.2442803,7810133964.175531,8902050841.419811,2485428.781510017
GTM-1945,GTM,Guatemala,Quezaltenango,Department,905975.477273941,1915.1098469811395,1060189601.8648076,7837176873.579272,8897366475.44408,4645877.879782895
KHM-1795,KHM,Cambodia,Rôtânôkiri,Province,230473.2337360382,12137.092637005027,7945621962.541446,946104913.6136472,8891726876.155092,732607.6468300923
TGO-87,TGO,Togo,Maritime,Region,3523253.516474724,6180.9844777326125,2836066083.5220394,6050968850.116614,8887034933.638653,1437802.4998533418
MOZ-1198,MOZ,Mozambique,Cabo Delgado,Province,2156058.1371553596,77842.59636552795,6935477084.193894,1923551787.7481868,8859028871.942081,113806.95513215488
GBR-5703,GBR,United Kingdom,Royal Borough of Windsor and Maidenhead,Unitary Authority,109832.2099609375,194.47785460259712,46719889.90520741,8811276055.136877,8857995945.042084,45547581.564712465
BIH-4802,BIH,Bosnia and Herzegovina,Banja Luka,,502860.72963376343,8888.018085784302,2967777727.611961,5881469330.261591,8849247057.873552,995637.8320187308
GBR-2083,GBR,United Kingdom,Derry,London Borough (city),109137.57684230804,381.67243177208053,91690100.28767698,8755549195.343546,8847239295.631224,23180189.50059888
ZWE-526,ZWE,Zimbabwe,Matabeleland North,Province,893945.1854411331,76134.33511247663,5312658985.104963,3523594383.6880126,8836253368.792976,116061.34545916486
VNM-467,VNM,Vietnam,Hà Nam,Province,896671.5017089844,935.721145404497,2462781123.29512,6358351429.457148,8821132552.752268,9427095.450471023
GBR-2086,GBR,United Kingdom,Newry and Mourne,District,107202.95442521572,917.0028686673658,220293838.36244032,8600344340.724676,8820638179.087116,9618986.46173889
ZMB-516,ZMB,Zambia,Central,Province,2004341.930354685,95367.99300196547,5089473795.526572,3721826774.8385053,8811300570.365078,92392.63921789234
ZMB-522,ZMB,Zambia,Southern,Province,2300724.419404141,85023.26206992268,4537409781.77177,4272174131.560392,8809583913.33216,103613.80754936462
HUN-3163,HUN,Hungary,Komárom-Esztergom,County,236639.6022594571,2281.264749552178,1428923617.744214,7373970250.921915,8802893868.66613,3858777.842595506
JOR-850,JOR,Jordan,Mafraq,Province,533654.2120186975,26738.5981372553,4267742776.1492047,4509701331.305919,8777444107.455124,328268.67221678974
FIN-3179,FIN,Finland,Kainuu,Province,74759.87935731548,24475.372271590764,1401024279.1099138,7351239579.311198,8752263858.421112,357594.7185318241
TUR-2263,TUR,Turkey,Bilecik,Province,304943.57529997826,5288.444745912185,3423795696.363893,5307717957.425822,8731513653.789715,1651055.0971604502
NER-91,NER,Niger,Maradi,Department,4695759.2945302725,39441.565099930885,3651942982.894645,5058613340.702945,8710556323.59759,220847.12666772073
KHM-1779,KHM,Cambodia,Kaôh Kong,Province,101733.19545618352,12664.827419114434,8291106766.895732,417620191.8915607,8708726958.787292,687630.9222851009
CUB-1322,CUB,Cuba,Sancti Spíritus,Province,462675.44888451695,6692.686405359925,0.0,8694341712.710184,8694341712.710184,1299080.994702995
PRT-756,PRT,Portugal,Vila Real,District,171722.83568950742,4201.008633753138,979412409.7210326,7671495071.529891,8650907481.250923,2059245.3468781116
TUN-108,TUN,Tunisia,Tunis,Governorate,1213711.8425292969,279.2686912497515,164658689.28961992,8474297387.234695,8638956076.524315,30934209.051019076
ROU-4847,ROU,Romania,Tulcea,County,187066.04711296503,7679.365045994996,3914503932.7277894,4693590938.622735,8608094871.350525,1120938.3614130816
KHM-1789,KHM,Cambodia,Phnom Penh,Municipality,2032823.6704101562,396.76589505001346,259745221.03299454,8344849559.78836,8604594780.821354,21686830.66808633
DZA-2197,DZA,Algeria,Tizi Ouzou,Province,1157535.0473937988,2826.153261739331,0.0,8599709104.668962,8599709104.668962,3042902.5987700145
THA-5499,THA,Thailand,Bueng Kan,Province,313019.8334636688,3987.3066065555468,4343127049.562089,4250786102.637363,8593913152.199451,2155317.862456367
LKA-2465,LKA,Sri Lanka,Hambantŏṭa,District,640717.8288789988,2651.9102371464774,3557186068.6585364,5035450666.519275,8592636735.17781,3240168.7714828937
GBR-2028,GBR,United Kingdom,Darlington,Unitary Authority,106578.72085571289,173.16607177392092,41600108.27519068,8550265276.434436,8591865384.709627,49616332.44141983
GNQ-1470,GNQ,Equatorial Guinea,Litoral,Province,633495.5288255038,7192.963017468051,0.0,8585647000.553252,8585647000.553252,1193617.564792573
GBR-2016,GBR,United Kingdom,Stirling,Unitary District,99977.48761653248,2288.4638028477093,549763247.5408306,8020682120.496385,8570445368.037215,3745064.8585187844
DOM-1975,DOM,Dominican Republic,La Vega,Province,424342.664350003,2290.828984242213,2406258758.833554,6160958753.520505,8567217512.354059,3739789.2078740317
CHE-166,CHE,Switzerland,Appenzell Ausserrhoden,Canton,50990.87515258789,239.24435746595984,74451894.16838768,8491574177.491346,8566026071.659734,35804506.16428237
TCD-5577,TCD,Chad,Borkou,Préfecture,257318.99088682607,248526.0354585179,8118599343.680831,446925117.6234718,8565524461.304303,34465.30036783207
CHE-164,CHE,Switzerland,Nidwalden,Canton,50872.39111328125,271.6507858732383,84536646.02506383,8471842882.321174,8556379528.346237,31497716.82360949
GBR-5708,GBR,United Kingdom,Halton,Unitary Authority,106206.4811706543,88.36909116147993,21229122.557548232,8520402391.722428,8541631514.279977,96658587.31840475
QAT-1107,QAT,Qatar,Umm Salal,Municipality,81376.69239807129,228.6639398577178,37137315.839417845,8476987398.317371,8514124714.156789,37234225.560246
GTM-1959,GTM,Guatemala,Izabal,Department,429129.0661250502,8636.51011954216,4781103412.72187,3712198041.977454,8493301454.699325,983418.2253177946
GBR-2088,GBR,United Kingdom,Craigavon,District,104337.12924516201,382.6484190261267,91924564.0889725,8370433854.57315,8462358418.662122,22115231.62750693
GBR-2130,GBR,United Kingdom,Gwynedd,Unitary Authority (wales),97731.5817706585,2587.4011415270243,621577694.3846245,7840504589.616512,8462082284.001137,3270494.917926415
TUR-2288,TUR,Turkey,Nevsehir,Province,288994.6640552357,5296.579651819053,3429062321.4630375,5030118002.969209,8459180324.432246,1597102.4473363736
COD-1461,COD,Democratic Republic of the Congo,Équateur,Province,8697439.4025997,404409.1212636327,0.0,8451734097.923106,8451734097.923106,20898.970012136433
TUR-2286,TUR,Turkey,Kirsehir,Province,248325.0431103421,6371.650314994113,4125074568.29818,4322239907.165535,8447314475.463715,1325765.548618548
HUN-4924,HUN,Hungary,Debrecen,Urban county,255817.27736854553,755.2508181199934,473069042.75102186,7971569318.812555,8444638361.563578,11181236.959907409
MWI-1902,MWI,Malawi,Nkhotakota,District,418267.3392732782,7927.181809761795,7952298066.713005,485013171.91824514,8437311238.63125,1064351.9274707772
PRT-744,PRT,Portugal,Évora,District,150657.30005817115,7230.07100811693,1685600265.5218747,6730419575.507158,8416019841.029033,1164030.0394810345
ZMB-521,ZMB,Zambia,North-Western,Province,922460.7439753283,125397.65417455825,6692057312.444065,1712900899.6270828,8404958212.071148,67026.43895053356
PRT-743,PRT,Portugal,Beja,District,134439.01647860627,10252.376101671549,2390212746.15512,6005888781.162091,8396101527.317211,818942.0134468448
GAB-2627,GAB,Gabon,Haut-Ogooué,Province,530614.8284304985,33773.9849713977,848018107.9558998,7522009460.994891,8370027568.950791,247824.69631697732
GBR-2019,GBR,United Kingdom,Angus,Unitary District,97699.48919347674,2116.091328140668,508353787.02689517,7837929966.407438,8346283753.434334,3944198.2689697556
OMN-2414,OMN,Oman,Al Dhahira,Region,207790.3763551162,28934.14581043999,1505106163.9307196,6824121294.982689,8329227458.913408,287868.4414422238
KOR-5129,KOR,South Korea,Sejong,Special self-governing city,116487.97735595703,418.62315504085393,457958290.4570929,7842083604.98394,8300041895.441033,19827001.43433543
TUR-3019,TUR,Turkey,Kinkkale,Province,302528.625915994,4665.225442826053,3020316853.279345,5265684377.282222,8286001230.561567,1776120.2180064758
TUN-110,TUN,Tunisia,Kassérine,Governorate,475007.73143070936,8403.864668733484,4954974849.233955,3316567109.529852,8271541958.763807,984254.5405970205
SEN-768,SEN,Senegal,Thiès,Region,2006703.857126236,6648.153787167642,2339684912.777405,5919328407.65103,8259013320.428434,1242301.7855528698
HTI-1384,HTI,Haiti,L'Artibonite,Department,2107714.1874637604,4954.835312396793,2483403811.634773,5775485480.72683,8258889292.361603,1666834.268274912
GBR-2142,GBR,United Kingdom,Torbay,Unitary Authority,102576.09375,107.54760610724283,25836424.03484174,8229154990.237398,8254991414.27224,76756626.32639766
AGO-1881,AGO,Angola,Uíge,Province,1083655.604808959,62069.57937758188,4552664828.185531,3693931650.1690073,8246596478.354538,132860.51816444274
TUN-96,TUN,Tunisia,Médenine,Governorate,490699.1820679214,8163.3452145525125,4813162969.438681,3426126903.2777143,8239289872.716394,1009303.1295587621
RUS-2605,RUS,Russia,Tuva,Republic,320427.549135167,169382.28606201752,1976360402.4325411,6256533857.469904,8232894259.902445,48605.402910243276
TJK-369,TJK,Tajikistan,Leninabad,Region,2672786.0318253087,25845.766322333697,3826683098.2877088,4369276570.518367,8195959668.806076,317110.33701190085
TUN-118,TUN,Tunisia,Kairouan,Governorate,611462.2611932829,6648.40299235038,3919942896.894908,4269310771.183135,8189253668.078043,1231762.5266549813
ECU-1267,ECU,Ecuador,El Oro,Province,699052.5701247975,6206.536539684861,612358974.47171,7569563657.509095,8181922631.980805,1318275.1087768904
IRL-731,IRL,Ireland,Longford,County,45107.522804260254,1110.1058947747008,175594881.11425167,7994600224.752199,8170195105.866451,7359833.998111159
KHM-1786,KHM,Cambodia,Kândal,Province,1403423.487822771,3672.7771929756705,2404406063.364277,5761128249.845464,8165534313.209741,2223258.82681548
PHL-2586,PHL,Philippines,Northern Samar,Province,530530.7404851913,3112.850148425299,4523547873.583969,3639357524.303855,8162905397.887824,2622325.203163796
MOZ-1207,MOZ,Mozambique,Gaza,Province,1524259.0206075944,76303.80613295558,6798376770.308254,1359885020.5168505,8158261790.825105,106918.15001482023
BGR-3002,BGR,Bulgaria,Blagoevgrad,Province,304917.1327682622,6704.805181880982,2154547856.277799,5993041364.208032,8147589220.48583,1215186.571341971
ITA-5369,ITA,Italy,Imperia,Province,117362.99435961246,1232.5182337648453,625113215.9190766,7522186024.149459,8147299240.068536,6610286.985517308
PRY-620,PRY,Paraguay,Itapúa,Department,700060.5357408375,15471.873011421336,884969502.9665707,7256810638.430537,8141780141.397108,526231.060414395
MOZ-1905,MOZ,Mozambique,Sofala,Province,2409334.18978771,67235.1035780142,5990390119.171582,2149514898.5934005,8139905017.764982,121066.29698755639
DZA-2166,DZA,Algeria,Skikda,Province,1094685.7461289763,4097.0186897170015,0.0,8132780945.969935,8132780945.969935,1985048.5345312646
LKA-2453,LKA,Sri Lanka,Pŏḷŏnnaruva,District,445758.93164587766,3442.3384617761285,4617440759.613897,3503253707.4710507,8120694467.084948,2359063.3394297166
CUB-1363,CUB,Cuba,Ciego de Ávila,Province,431467.5858767452,6896.037464921425,0.0,8107900772.809051,8107900772.809051,1175733.2836505165
DZA-2205,DZA,Algeria,Tiaret,Province,1091076.3633089662,20278.02695885834,0.0,8105965652.239206,8105965652.239206,399741.3391690044
PAN-1341,PAN,Panama,Veraguas,Province,253862.22136497125,11104.566178632707,1364115712.761871,6734340872.532223,8098456585.294094,729290.6769178485
ETH-3130,ETH,Ethiopia,Gambela Peoples,Administrative State,610738.6847592518,25484.176552722383,7088957924.133343,995302557.393728,8084260481.527071,317226.6706284241
SDN-5857,SDN,Sudan,Eastern Darfur,State,2354835.6526157567,57015.494202369046,5307833590.824689,2745909628.0126657,8053743218.837355,141255.34350805846
KHM-1792,KHM,Cambodia,Stœng Trêng,Province,147633.63212033547,11364.163654906632,7439619274.803761,606043931.8678169,8045663206.671577,707985.5105041323
DZA-2217,DZA,Algeria,Constantine,Province,1079425.8767910004,2119.8131958678573,0.0,8019410350.775157,8019410350.775157,3783074.077662767
TUR-3009,TUR,Turkey,Çankiri,Province,174918.31560697872,7680.886678553105,4972688194.315788,3044553681.501696,8017241875.817484,1043791.1938218753
TUR-2301,TUR,Turkey,Rize,Province,319570.3916623723,3778.1313854535047,2446002671.7329073,5562306091.608605,8008308763.341513,2119648.0339924023
LKA-2466,LKA,Sri Lanka,Mātara,District,795791.0481567383,1306.8234820955013,1752930479.9200075,6254183016.667208,8007113496.587215,6127157.650815816
IRN-3209,IRN,Iran,Kohgiluyeh and Buyer Ahmad,Province,705955.8524210015,13370.089013243105,3592446047.9881225,4402287151.233573,7994733199.221695,597956.6172897497
RUS-2615,RUS,Russia,Maga Buryatdan,Region,131261.13962319994,464035.93460705644,5414392896.59472,2562949928.7410164,7977342825.335736,17191.217813962867
UKR-288,UKR,Ukraine,Chernivtsi,Region,866436.1036316231,8154.010496122022,1598390395.2361395,6317757460.543324,7916147855.779464,970828.75470228
LTU-1074,LTU,Lithuania,Utenos,County,128036.01524187624,7050.628905711702,2875314777.9244356,5039066532.046127,7914381309.970563,1122507.1430945878
ARM-1675,ARM,Armenia,Erevan,City,901279.9489440918,216.8966995346855,61813563.09935869,7848420717.587402,7910234280.686761,36470053.70601215
SRB-1505,SRB,Republic of Serbia,Zlatiborski,District,267249.4565933198,6132.699599287673,4055348670.6384583,3841796191.902147,7897144862.540606,1287711.0210090638
UZB-354,UZB,Uzbekistan,Bukhoro,Region,1968248.4580492047,40173.97383120398,0.0,7895234380.944911,7895234380.944911,196526.0995618142
THA-379,THA,Thailand,Ranong,Province,304832.2925669849,3444.5075942721905,3751889578.922749,4139599905.0303707,7891489483.953119,2291035.5886791293
PNG-1247,PNG,Papua New Guinea,Western Highlands,Province,1061294.681605935,8766.182154728182,2406360352.221688,5472355352.736907,7878715704.958595,898762.490431377
IRN-3221,IRN,Iran,Ilam,Province,452612.6663966379,18802.52518862997,5052102288.8617525,2822458258.445356,7874560547.307108,418803.35052383895
HUN-3172,HUN,Hungary,Csongrád,County,183334.4836022742,3424.2841443787825,2144880592.5442917,5712919626.060915,7857800218.6052065,2294727.8576470856
PHL-2523,PHL,Philippines,Misamis Occidental,Province,713820.7703561783,2035.9708363938798,2958642757.765737,4896698331.230149,7855341088.995886,3858277.8046611412
MOZ-1192,MOZ,Mozambique,Manica,Province,2411240.4174037743,63742.65683019435,5679226495.163808,2151215561.2404537,7830442056.404262,122844.61372960922
PAN-1336,PAN,Panama,Coclé,Province,271471.90620297194,4868.415675302333,598049686.2376137,7201482535.909011,7799532222.146625,1602067.847598545
GBR-2014,GBR,United Kingdom,Moray,Unitary District,90236.98346016277,2235.0882971405235,536940719.4675432,7239251326.48335,7776192045.950893,3479143.108529279
SRB-830,SRB,Republic of Serbia,Nišavski,District,414778.0301886797,2740.939369257415,1812491325.7955368,5962566499.390122,7775057825.185659,2836639.844132016
CYP-3463,CYP,Cyprus,Larnaca,District,135910.97238892317,935.9675917360296,0.0,7770077967.099096,7770077967.099096,8301652.7876645615
SLE-790,SLE,Sierra Leone,Eastern,Province,1719770.6204003096,15267.14572479394,4738665061.48493,3027423955.8293805,7766089017.31431,508679.8251163695
TUR-2298,TUR,Turkey,Artvin,Province,153653.51367020607,7833.335706204008,5071385325.488327,2674427598.373426,7745812923.861753,988826.882234482
PHL-2521,PHL,Philippines,Zamboanga Sibugay,Province,619309.0079231262,2403.6813016554156,3492994176.535393,4248362490.3486586,7741356666.884052,3220625.2391082705
PHL-2559,PHL,Philippines,Benguet,Province,589579.0203952789,2539.8017271172216,3690802368.960135,4044419446.995545,7735221815.95568,3045600.659833975
DZA-2208,DZA,Algeria,Béjaïa,Province,1041054.6100466549,3541.526405394065,0.0,7734337572.441588,7734337572.441588,2183899.450999855
AGO-1875,AGO,Angola,Lunda Sul,Province,596077.9233739257,77679.00421443279,5697581229.352632,2031891956.5835083,7729473185.93614,99505.30731056927
ZWE-525,ZWE,Zimbabwe,Harare,City,1944490.8647460938,929.1681585102917,64837416.110489964,7664448784.710375,7729286200.820865,8318500.940898582
ZWE-524,ZWE,Zimbabwe,Mashonaland Central,Province,1469119.4405957982,27709.164563048525,1933547352.4284792,5790714122.248731,7724261474.67721,278761.9762805074
HRV-1587,HRV,Croatia,Sisacko-Moslavacka,County,200402.48256395757,5064.181938878478,1543867879.2744548,6172559968.297973,7716427847.572428,1523726.4262431536
THA-378,THA,Thailand,Phangnga,Province,242130.46817427874,4055.4495231565606,4417350923.853405,3288113784.201356,7705464708.054761,1900027.2754121742
ESP-5845,ESP,Spain,Soria,Autonomous Community,78427.51987159811,10267.243127259853,3391993461.9582305,4310130298.577806,7702123760.536037,750164.7389732748
BOL-1939,BOL,Bolivia,Potosí,Department,925867.7747420361,117801.96776356296,1372568312.423338,6325965871.662555,7698534184.085893,65351.49055860769
LKA-2450,LKA,Sri Lanka,Nuvara Ĕliya,District,683487.5909333229,1732.993694000077,2324581329.7223115,5371581514.040906,7696162843.763218,4440964.13645858
HUN-3165,HUN,Hungary,Tolna,County,176054.89620554447,3520.8777567006446,2205384264.4644547,5486079061.802294,7691463326.266748,2184530.068284532
LTU-1070,LTU,Lithuania,Marijampoles,County,146198.53441262245,4732.899946141888,1930122452.8432138,5753882143.247839,7684004596.091053,1623529.9041879838
TUN-113,TUN,Tunisia,Sidi Bou Zid,Governorate,466037.38225102425,7497.60628258346,4420638839.875362,3253934939.3949924,7674573779.270355,1023603.199476876
PHL-2598,PHL,Philippines,Sarangani,Province,480147.09014701843,3012.2749302681896,4377393451.5794325,3293733599.1144676,7671127050.6939,2546622.479114455
TJK-368,TJK,Tajikistan,Tadzhikistan Territories,Region,2098765.066863256,28560.576969999205,4228633649.5273547,3430908768.7822022,7659542418.309557,268185.8432466314
LTU-1067,LTU,Lithuania,Alytaus,County,135237.68432227708,5645.22129661067,2302175938.610109,5322499982.93386,7624675921.543968,1350642.5206256735
GEO-3036,GEO,Georgia,Tbilisi,Independent City,899410.0541992188,234.85634716908774,25100718.596044533,7574556578.706087,7599657297.302132,32358747.757541608
COL-1415,COL,Colombia,Chocó,Department,466722.37977713766,46828.54156404132,2782863107.887064,4814219305.2375555,7597082413.1246195,162231.88165565813
DOM-1987,DOM,Dominican Republic,La Altagracia,Province,291785.31387776136,3190.1514074799807,3350896037.6599903,4236381195.460412,7587277233.120402,2378343.9291722756
GTM-1949,GTM,Guatemala,Chimaltenango,Department,761161.7016334534,1732.8038071369153,959266426.0455873,6584459551.869518,7543725977.915106,4353479.572727559
PHL-2541,PHL,Philippines,Sorsogon,Province,671014.6452007294,2020.315911088819,2935893251.4617968,4603055038.235849,7538948289.697646,3731569.032505735
EST-1659,EST,Estonia,Tartu,County,146130.30239883624,3710.499135345678,527594966.40755457,7008233172.243379,7535828138.650933,2030947.2833090634
TGO-89,TGO,Togo,Centre,Region,853451.2065269649,13227.931543286722,6069468082.344814,1465749382.3936567,7535217464.738471,569644.4255158436
COD-1896,COD,Democratic Republic of the Congo,Kasaï-Oriental,Province,7751334.198647039,168858.37510379576,0.0,7532356653.329575,7532356653.329575,44607.539594642556
LAO-3272,LAO,Laos,Louang Namtha,Province,220805.93200063764,9661.952881734334,6408024139.857533,1115813954.153236,7523838094.010769,778707.8022533504
KHM-1787,KHM,Cambodia,Kâmpóng Spœ,Province,746467.6097164154,6811.43126678209,4459145158.427356,3064289340.492312,7523434498.919668,1104530.6344952593
GBR-2134,GBR,United Kingdom,Torfaen,Unitary Authority (wales),93364.70373535156,131.93793490225744,31695772.279830426,7490172315.669844,7521868087.949674,57010654.99867071
PNG-1256,PNG,Papua New Guinea,Northern,Province,230346.61623664852,23053.780733131913,6328376817.392411,1187736601.5252519,7516113418.917664,326025.1975987533
PHL-2561,PHL,Philippines,La Union,Province,756582.0411987305,1594.364815639783,2316907408.8429456,5190033930.685354,7506941339.528299,4708421.351179862
PHL-2542,PHL,Philippines,Abra,Province,256134.16540668905,3952.9552878435616,5744376257.797995,1757040131.6455693,7501416389.443563,1897672.966985614
ZMB-520,ZMB,Zambia,Lusaka,Province,3413230.8037997675,21747.592727271087,1160596965.6816552,6337967390.642546,7498564356.324201,344799.74176273483
GBR-2106,GBR,United Kingdom,Pembrokeshire,Unitary Authority (wales),88458.75574398041,1555.5922465812798,373703723.9853483,7096593218.249427,7470296942.234776,4802220.478182649
UZB-355,UZB,Uzbekistan,Khorezm,Region,1858999.6798437908,7097.457229488624,0.0,7457004793.498159,7457004793.498159,1050658.6446925923
SDN-876,SDN,Sudan,Gedarif,State,1706652.1525357952,58668.95619105584,5461761943.239793,1990080527.3230062,7451842470.562799,127015.08522319411
HRV-1492,HRV,Croatia,Splitsko-Dalmatinska,County,200299.70711058006,4201.083345798686,1280743408.1189098,6169394400.481021,7450137808.599931,1773384.909406874
IRL-5570,IRL,Ireland,Limerick,City,42006.96484375,29.237413634285012,4624730.122924376,7445075005.300082,7449699735.423007,254800230.57467633
FRA-5320,FRA,France,Lozère,Metropolitan department,77975.93104260729,5180.503727052088,1345624349.3901036,6101864134.9334345,7447488484.323538,1437599.2908630632
CUB-1429,CUB,Cuba,Artemisa,Province,396174.5271400809,2024.6651346084457,0.0,7444693089.144168,7444693089.144168,3676999.698315007
DZA-2201,DZA,Algeria,Mascara,Province,999506.5718779564,5773.934120098091,0.0,7425663512.917467,7425663512.917467,1286066.546389919
SRB-834,SRB,Republic of Serbia,Raški,District,343189.4575730562,3759.1666302378985,2485810881.461473,4933457931.072505,7419268812.5339775,1973647.2315047258
SDN-875,SDN,Sudan,Gezira,State,4354408.16115586,25065.2768695568,2333441468.7231927,5077556593.273568,7410998061.996761,295667.9114523502
MDG-5866,MDG,Madagascar,Atsimo-Andrefana,Autonomous Province,1769245.1400140673,69058.24901455588,5807535676.083598,1602073606.6767247,7409609282.760323,107295.0645070446
GRC-2988,GRC,Greece,Voreio Aigaio,Region,155435.65255188942,3809.466734519616,1551122461.2436056,5851660174.334041,7402782635.577646,1943259.5561203023
JAM-1380,JAM,Jamaica,Saint Catherine,Parish,532850.0676387548,1154.7479896533232,1347278474.6860046,6054620050.67711,7401898525.363114,6409968.747886975
DZA-2211,DZA,Algeria,Biskra,Province,996013.729211069,20810.618588442652,0.0,7399714034.36713,7399714034.36713,355573.95869417465
BGR-2233,BGR,Bulgaria,Stara Zagora,Province,296966.6833257894,4861.063940510542,1562072962.3225338,5836778015.080333,7398850977.402866,1522064.1135252765
GBR-2129,GBR,United Kingdom,Conwy,Unitary Authority (wales),88714.2242602706,1131.6086767627003,271849115.68550783,7117088149.756583,7388937265.442091,6529586.965151523
SEN-774,SEN,Senegal,Kolda,Region,837911.970798701,13945.64679005881,4907891790.440087,2471653260.766917,7379545051.207005,529164.7753811986
MOZ-1925,MOZ,Mozambique,Inhambane,Province,1471397.3509565368,68082.09477166634,6065853789.300265,1312723880.7459152,7378577670.046181,108377.65340200602
PHL-5555,PHL,Philippines,Paranaque,Highly Urbanized City,1064636.34375,50.432939281211986,73288402.70692864,7303238045.603993,7376526448.310922,146264059.82763994
ROU-300,ROU,Romania,Salaj,County,215183.40081563592,3857.702589413766,1966437572.2612581,5399070947.387832,7365508519.64909,1909299.2134389463
ITA-5457,ITA,Italy,Gorizia,Province,111801.93556213379,359.54856728087634,182357189.54477328,7165759204.996464,7348116394.541237,20437062.091811784
HUN-3138,HUN,Hungary,Vas,County,168636.46509289742,3303.2396850623836,2069061559.813332,5254911962.927629,7323973522.740961,2217209.231246761
GBR-2003,GBR,United Kingdom,East Renfrewshire,Unitary District,90807.31713485718,149.95657043263117,36024433.09286408,7285006278.086894,7321030711.179758,48821006.57582571
SEN-5515,SEN,Senegal,Kédougou,Region,190470.37567016855,19180.42240224323,6750166490.108395,561845088.1611413,7312011578.269536,381222.6563589322
HND-642,HND,Honduras,Olancho,Department,571389.2683453858,23893.70632100572,4728718946.900195,2579167563.8681307,7307886510.768326,305849.8506924281
LBY-2966,LBY,Libya,Al Marqab,Municipality|Governarate,526595.6434458783,8028.774880542043,0.0,7304303179.234789,7304303179.234789,909765.5978544084
CIV-3460,CIV,Ivory Coast,Comoe,Department,632186.7856359482,6783.561943759191,4363267786.785666,2939652106.5799813,7302919893.365648,1076561.2452443603
TUR-5520,TUR,Turkey,Karabük,Province,271606.2154600993,3965.379187873502,2567228901.9161263,4727462074.673651,7294690976.589777,1839594.8107302373
PRT-753,PRT,Portugal,Guarda,District,134462.83963410556,5474.375305026506,1276281859.10755,6006953049.7508745,7283234908.858424,1330423.0168821353
UZB-356,UZB,Uzbekistan,Karakalpakstan,Automonous Region,1813804.5501346504,165297.88713561237,0.0,7275713584.823959,7275713584.823959,44015.76880928234
BGR-2244,BGR,Bulgaria,Sofia,Province,251724.46141143236,7107.013069140459,2283794884.008711,4947557705.024857,7231352589.033567,1017495.3273173235
CHE-169,CHE,Switzerland,Glarus,Canton,41905.71451917291,672.6374237312364,209322095.6839507,6978611020.804826,7187933116.488776,10686192.68404078
KHM-1777,KHM,Cambodia,Bântéay Méanchey,Province,772593.4619437456,6133.509138857965,4015339289.1285,3171537356.949314,7186876646.077814,1171739.779524643
SEN-763,SEN,Senegal,Diourbel,Region,1853059.535324812,4885.203834210591,1719249895.9345493,5466111957.458981,7185361853.39353,1470841.7698101283
DZA-2199,DZA,Algeria,Aïn Defla,Province,964759.4948761463,4625.70447853683,0.0,7167516033.81877,7167516033.81877,1549497.1775814672
PAN-1337,PAN,Panama,Colón,Province,245183.62485817075,5099.851139638945,626479860.6643634,6504119034.64821,7130598895.3125725,1398197.4571550728
TZA-3393,TZA,United Republic of Tanzania,Kilimanjaro,Region,2041686.3818927426,13064.508798268032,2901476776.528491,4223297963.805397,7124774740.333888,545353.434281312
TZA-3388,TZA,United Republic of Tanzania,Mtwara,Region,1536127.3302597553,17752.57525688596,3942642285.813107,3177531810.746367,7120174096.559474,401078.37840584083
ROU-306,ROU,Romania,Covasna,County,208807.74081810564,3685.647328040728,1878733576.78021,5239102099.732241,7117835676.512451,1931230.8104900143
ZMB-5511,ZMB,Zambia,Muchinga,Province,1080333.9602906576,95723.4993322541,5108445990.444321,2006052858.6884227,7114498849.132744,74323.4304926367
PNG-1243,PNG,Papua New Guinea,Eastern Highlands,Province,778726.130530037,11283.822664356703,3097465122.415131,4015346710.5608788,7112811832.976009,630354.8047989032
DZA-2220,DZA,Algeria,Mila,Province,954502.0287089348,3550.738423553717,0.0,7091309939.335833,7091309939.335833,1997136.6779078518
BEN-2174,BEN,Benin,Atlantique,Department,1887503.2989325523,3137.7810301611266,2592946938.3460035,4493234344.972394,7086181283.3183975,2258341.552582628
PRY-617,PRY,Paraguay,Caaguazú,Department,614093.2416735562,12496.41918660441,714777704.5654075,6365675740.382975,7080453444.948382,566598.5863004904
COL-1283,COL,Colombia,Amazonas,Commissiary,56099.54125232436,109254.80422784206,6492646447.878109,578664118.5727434,7071310566.450852,64723.1086671869
TUN-107,TUN,Tunisia,Nabeul,Governorate,764666.6922807693,2917.1601930378365,1719977172.1059055,5339004469.9542465,7058981642.060152,2419812.823069259
SDN-884,SDN,Sudan,Kassala,State,2008277.0045352394,50668.01551088025,4716917716.340727,2341797040.631765,7058714756.972492,139313.02984338772
CUB-1319,CUB,Cuba,Cienfuegos,Province,375525.8440415859,4190.722850106309,0.0,7056674431.122422,7056674431.122422,1683880.0091357534
KGZ-1122,KGZ,Kyrgyzstan,Osh,Region,1574778.7660313768,29021.194260632998,3118872378.430897,3934817980.374768,7053690358.805665,243053.06995494448
ITA-5371,ITA,Italy,Carbonia-Iglesias,Province,98215.48997624777,1494.032218939898,757748858.7859883,6294958560.707616,7052707419.493605,4720585.895060487
GBR-2009,GBR,United Kingdom,South Ayrshire,Unitary District,84090.3930946663,1257.688268953594,302137523.99034387,6746141841.319607,7048279365.309951,5604154.494638144
PNG-1238,PNG,Papua New Guinea,Enga,Province,687101.0623574555,12691.064274670687,3483759903.57362,3542900234.620387,7026660138.194007,553669.8882077278
ROU-124,ROU,Romania,Mehedinti,County,179499.1082507521,4932.515869715385,2514316308.0016565,4503732243.12495,7018048551.126607,1422813.1721209367
ZWE-530,ZWE,Zimbabwe,Matabeleland South,Province,815052.3469867399,54499.39077283576,3802971125.239447,3212628602.9909244,7015599728.230371,128728.03950181349
TUN-119,TUN,Tunisia,Sousse,Governorate,779021.5245821066,2668.0338432664475,1573090609.071243,5439231816.844024,7012322425.915267,2628273.417000644
PAK-1110,PAK,Pakistan,F.C.T.,Capital Territory,2426052.123901367,866.2975514792437,806232725.2586889,6204960466.142284,7011193191.400973,8093285.245270557
TTO-58,TTO,Trinidad and Tobago,Couva-Tabaquite-Talparo,Region,240568.2522610128,718.7551365673562,195233345.18784666,6815890696.543085,7011124041.730932,9754537.651326967
PER-588,PER,Peru,Huancavelica,Department,520891.6536539793,22119.8274376022,765927980.6930903,6231499701.278098,6997427681.971189,316341.87480486574
TUN-111,TUN,Tunisia,Gabès,Governorate,393723.40872874786,7183.602057832039,4235499847.575171,2749029165.712065,6984529013.287236,972287.8518406014
TGO-88,TGO,Togo,Kara,Region,967030.389665775,11588.556006798552,5317261476.109266,1660814567.4508731,6978076043.56014,602152.3336873357
LKA-2449,LKA,Sri Lanka,Mātale,District,530944.3415133134,2090.4965528877015,2804124027.407676,4172732391.47331,6976856418.880986,3337415.892527316
MWI-1903,MWI,Malawi,Rumphi,District,243256.13445277396,6667.885419283357,6689011757.436182,282074210.155879,6971085967.592061,1045471.7694206106
PHL-2593,PHL,Philippines,Surigao del Norte,Province,471332.88044810295,2568.0841845309246,3731902018.475292,3233269505.4425282,6965171523.91782,2712205.2952442635
GBR-2098,GBR,United Kingdom,North Down,District,86490.52642822266,92.34592707694705,22184487.560526915,6938692254.159542,6960876741.720069,75378275.599745
LAO-3294,LAO,Laos,Attapu,Province,168685.2463632496,9182.243987930438,6089870428.156971,852428872.9314879,6942299301.088459,756056.9410063308
CAN-634,CAN,Canada,Nunavut,Territory,23304.089203089763,2079893.5404284347,4885431216.685737,2043398811.4023268,6928830028.088063,3331.3387889366695
GBR-2105,GBR,United Kingdom,Ceredigion,Principality,80733.10269612074,1869.7586662094661,449176690.133269,6476803616.136243,6925980306.269512,3704210.83289345
COD-1898,COD,Democratic Republic of the Congo,Nord-Kivu,Province,7113122.281431154,59658.55129614071,0.0,6912174416.610331,6912174416.610331,115862.25723616384
DZA-2210,DZA,Algeria,Bouira,Province,929025.1005963832,4532.586423533892,0.0,6902033449.486305,6902033449.486305,1522758.2674761317
PNG-1257,PNG,Papua New Guinea,West New Britain,Province,235986.7477005301,20585.832269898558,5650912759.672824,1216818819.8209357,6867731579.493759,333614.47278165363
SLV-1346,SLV,El Salvador,La Libertad,Department,765209.2680664062,1706.9849006565537,971091180.6821948,5864678277.809327,6835769458.491522,4004586.9508642377
PHL-2537,PHL,Philippines,Camarines Norte,Province,560867.7735875845,2050.655662149263,2979982529.727879,3847464804.9211435,6827447334.649023,3329397.2560431096
DOM-1393,DOM,Dominican Republic,San Juan,Province,229580.57408691943,3325.0477221998626,3492589477.485424,3333241190.1727247,6825830667.658149,2052851.9401646832
SRB-1060,SRB,Republic of Serbia,Južno-Banatski,District,287130.1141604553,4063.0350584768767,2686748887.075032,4127586986.418737,6814335873.493769,1677154.091810441
NIC-659,NIC,Nicaragua,Managua,Department,1687864.7479149401,4231.840003000551,625646172.3375933,6178887579.67685,6804533752.014443,1607937.3859100875
TUR-2294,TUR,Turkey,Sinop,Province,158836.30230224133,6224.7699772522365,4029982666.538248,2764637009.2939053,6794619675.832153,1091545.5029924596
DZA-2213,DZA,Algeria,Médéa,Province,913202.0730264336,9050.254788834305,0.0,6784478966.30837,6784478966.30837,749645.0790179607
CHE-3427,CHE,Switzerland,Obwalden,Canton,39814.65468597412,483.0403448425736,150320237.49357477,6630384212.968228,6780704450.461803,14037553.017795408
DZA-2191,DZA,Algeria,El Oued,Province,912224.6469274415,46350.02917693981,0.0,6777217345.90079,6777217345.90079,146218.1894218226
BIH-2887,BIH,Bosnia and Herzegovina,Tuzla,Canton,491700.4311761148,3053.0808881299154,1019447234.7982572,5750938252.316747,6770385487.115004,2217558.5040794727
ZMB-518,ZMB,Zambia,Eastern,Province,2201530.536191834,50187.99876070047,2678367201.6379843,4087982779.35212,6766349980.990105,134820.07946267165
CAN-635,CAN,Canada,Northwest Territories,Territory,40927.6975401814,1348387.8820502847,3167208380.2002115,3588709594.192265,6755917974.392477,5010.366871674787
JOR-857,JOR,Jordan,Balqa,Province,777315.5094499588,1140.3783939496957,182015587.64871824,6568786882.709731,6750802470.358449,5919791.628967183
NIC-657,NIC,Nicaragua,Atlántico Norte,Autonomous Region,535013.4729625061,32411.981081499343,4791871121.57839,1958562205.3731055,6750433326.951496,208269.69230846004
KHM-1790,KHM,Cambodia,Prey Vêng,Province,870123.44251436,4836.1099697985355,3165988984.226699,3571903127.614827,6737892111.841526,1393246.256582171
TUN-112,TUN,Tunisia,Gafsa,Governorate,350119.0923675522,7269.363084462217,4286065122.808364,2444578033.850496,6730643156.658859,925891.729227993
LKA-2454,LKA,Sri Lanka,Trikuṇāmalaya,District,391705.97595337033,2719.6403893372158,3648037090.0944138,3078447373.8539867,6726484463.9484005,2473299.2237946815
KGZ-1120,KGZ,Kyrgyzstan,Jalal-Abad,Region,1232845.942484275,33904.437005671,3643668524.9262104,3080448178.5999312,6724116703.526142,198325.5673114831
RUS-2402,RUS,Russia,Khakass,Republic,308784.2859045434,59526.53853245203,694558423.9330568,6029192385.706807,6723750809.639864,112953.83496848692
URY-20,URY,Uruguay,Maldonado,Department,204581.26914240047,4813.783971485204,280342739.2364953,6442916247.380162,6723258986.616657,1396668.1983326143
LKA-2452,LKA,Sri Lanka,Maḍakalapuva,District,408178.5725772381,2613.377121798359,3505499002.0382767,3207906776.9020996,6713405778.940376,2568862.2292371793
PHL-2526,PHL,Philippines,Antique,Province,449079.74760460854,2499.0669869259086,3631607245.974011,3080616510.4827285,6712223756.456739,2685891.8914828356
GBR-2097,GBR,United Kingdom,Newtownabbey,District,83192.4800415039,139.7944210832712,33583155.13979049,6674106872.818667,6707690027.958458,47982530.175241366
GBR-2022,GBR,United Kingdom,East Lothian,Unitary District,80839.7100470066,733.6035866830052,176235381.00999588,6485356178.25346,6661591559.263455,9080642.02546214
GBR-2052,GBR,United Kingdom,Poole,Unitary Authority,82889.1015625,40.634306847464266,9761678.75857776,6649768370.218732,6659530048.977309,163889347.83547044
LTU-936,LTU,Lithuania,Telšiai,County,127512.76315234043,4020.8426246037984,1639738578.3367605,5018473091.308207,6658211669.644967,1655924.4644152287
ECU-1335,ECU,Ecuador,Esmeraldas,Province,469588.59995633364,15867.199105821526,1565514310.6065814,5084854776.480491,6650369087.087072,419126.84417296527
GRC-2883,GRC,Greece,Ionioi Nisoi,Region,152406.79794061184,2239.044291959519,911684530.936232,5737633388.254545,6649317919.190777,2969712.543458249
DZA-2202,DZA,Algeria,Mostaganem,Province,894654.2472393513,2229.1704682427153,0.0,6646681059.755031,6646681059.755031,2981683.6147998576
AGO-1893,AGO,Angola,Namibe,Province,699559.8920114762,58005.17776836023,4254550060.219062,2384638085.035853,6639188145.254915,114458.54319709296
BEN-2178,BEN,Benin,Zou,Department,1022517.261384964,5087.3669010772255,4204013060.0552487,2434120077.978317,6638133138.0335655,1304826.8912210702
JOR-853,JOR,Jordan,Ma`an,Province,164026.46160308318,32882.874295647554,5248429574.127165,1386122953.0310657,6634552527.158231,201763.156940219
BHR-4930,BHR,Bahrain,Al Muḩarraq,Governorate,96392.3359375,32.09915721681837,28986556.61927972,6604000473.383766,6632987030.003046,206640535.3012723
PHL-4931,PHL,Philippines,Kalinga,Province,314635.40338134766,3073.475145703043,4466328701.010973,2158349432.609831,6624678133.620804,2155435.726520391
ECU-1289,ECU,Ecuador,Napo,Province,580434.9067873359,3390.198157239491,334489010.6662397,6285133856.503421,6619622867.169661,1952576.9763734892
TZA-5587,TZA,United Republic of Tanzania,Njombe,Region,846538.4137934372,21919.477264708312,4868063179.354033,1751093601.3309276,6619156780.684961,301976.0325827754
GTM-1952,GTM,Guatemala,Suchitepéquez,Department,614355.0700836182,2307.201840569606,1277248615.5982525,5314502950.911159,6591751566.509411,2857032.900460078
PRT-750,PRT,Portugal,Bragança,District,114644.73576844996,6297.387967002328,1468156926.4473965,5121604950.75175,6589761877.199146,1046427.8065332528
DZA-2203,DZA,Algeria,Relizane,Province,886946.4770207405,4904.782911270604,0.0,6589417496.224127,6589417496.224127,1343467.7161923791
HRV-1586,HRV,Croatia,Primorsko-Goranska,County,180226.18404892087,3392.569506658596,1034259659.8526108,5551113512.500704,6585373172.353314,1941116.654921352
GBR-5695,GBR,United Kingdom,Solihull,Metropolitan Borough,81567.32360839844,145.6987595767416,35001568.79383709,6543728890.167069,6578730458.960907,45152961.343475245
PHL-2525,PHL,Philippines,Aklan,Province,564249.8111915588,1846.074597508073,2682688347.2882433,3870665051.5086384,6553353398.796882,3549885.4746405897
OMN-5496,OMN,Oman,Ash Sharqiyah North,Region,174191.40788715333,15989.181926048515,831730662.8219872,5720685032.757391,6552415695.579378,409803.06096240086
ZMB-517,ZMB,Zambia,Copperbelt,Province,2633287.669082638,31148.425704402798,1662288273.0812757,4889704897.262482,6551993170.343758,210347.4901916998
TTO-61,TTO,Trinidad and Tobago,Tunapuna/Piarco,Region,226025.9844354391,520.09435415378,141271700.76264155,6403872456.200118,6545144156.96276,12584532.219374007
CIV-3440,CIV,Ivory Coast,Bafing,Region,206469.67065089568,8681.23764335477,5583875384.749583,960078597.1241397,6543953981.873723,753804.2673999283
ITA-5372,ITA,Italy,Medio Campidano,Province,89821.82914098725,1536.7815077411244,779430603.2573538,5756980822.742071,6536411425.999425,4253312.128675421
GIN-5657,GIN,Guinea,Siguiri,Prefecture,1136165.1502062324,17704.75159541765,4183654665.936677,2345004786.0521765,6528659451.988853,368751.8244355715
VEN-33,VEN,Venezuela,Carabobo,State,2192100.4837551815,5046.238341581309,0.0,6524759741.35327,6524759741.35327,1292994.7615808898
BFA-2799,BFA,Burkina Faso,Houet,Province,1758797.0232593417,11436.859600174948,3742196615.0063257,2780825125.029788,6523021740.036114,570350.7753069148
TCD-5579,TCD,Chad,Ennedi,Préfecture,161126.971594912,191070.5247699338,6241700327.822818,279853774.0420488,6521554101.864866,34131.65955197646
EST-1655,EST,Estonia,Ida-Viru,County,124306.07364096574,3907.74706745229,555641601.7301235,5961569465.751562,6517211067.481686,1667766.8628462874
ECU-1268,ECU,Ecuador,Loja,Province,496951.1666419059,11467.486237771807,1131422987.2699575,5381145354.9162445,6512568342.186202,567915.9501177329
SRB-281,SRB,Republic of Serbia,Sremski,District,295058.1926739812,3426.9334656322612,2266116226.503651,4241555644.131346,6507671870.634997,1898978.1785665182
GBR-2024,GBR,United Kingdom,Midlothian,Unitary District,80082.55675411224,344.7777033406438,82826789.58363022,6424613644.87349,6507440434.457121,18874307.62315771
RUS-2390,RUS,Russia,Kalmyk,Republic,289024.6503382796,73389.29958429563,856309765.5179517,5643374033.741551,6499683799.259503,88564.46152335746
SDN-879,SDN,Sudan,White Nile,State,2485601.176331766,38561.69396037613,3589884774.0493903,2898391738.679307,6488276512.728697,168257.04076682142
GBR-2746,GBR,United Kingdom,Argyll and Bute,Unitary District,58039.08294475824,7591.050712985237,1823616649.3106735,4656178565.423871,6479795214.734545,853609.7912835992
COD-1871,COD,Democratic Republic of the Congo,Bandundu,Province,6656986.629568695,295847.0257042968,0.0,6468924735.448768,6468924735.448768,21865.775801020045
IRL-5571,IRL,Ireland,Waterford,City,36410.95001220703,42.30878048108815,6692339.274690026,6453269234.362364,6459961573.6370535,152686073.6750526
COL-1427,COL,Colombia,Vichada,Commissiary,57749.94385969918,98572.61004122756,5857839487.841541,595687943.5233109,6453527431.364852,65469.78342833463
PHL-4932,PHL,Philippines,Zamboanga,Highly Urbanized City,671137.4079731703,1268.6056099867192,1843518941.114178,4603897171.56667,6447416112.680848,5082285.670129068
PER-584,PER,Peru,Amazonas,Department,420553.2211381085,40724.69570088825,1410145898.764894,5031137000.39153,6441282899.156424,158166.50777370774
OMN-4836,OMN,Oman,Al Buraymi,Province,186447.36995651014,5651.946806942923,294004876.9046064,6123187656.868639,6417192533.773246,1135395.0688089076
PHL-2546,PHL,Philippines,Apayao,Province,137332.52243349142,3761.5876037149155,5466283564.819909,942079526.6130407,6408363091.43295,1703632.5526764547
TUR-3045,TUR,Turkey,Tunceli,Province,71379.87299787812,7902.546748556808,5116193294.6235895,1242407659.6364326,6358600954.260022,804626.8065951339
HRV-1592,HRV,Croatia,Istarska,County,178714.94474421442,2776.103773073014,846323749.1284165,5504566108.9186535,6350889858.04707,2287699.011704068
ZMB-515,ZMB,Zambia,Northern,Province,1430306.7171951602,69098.40483443481,3687552916.3153806,2655911027.7887073,6343463944.104088,91803.3340900347
GBR-2132,GBR,United Kingdom,Monmouthshire,Unitary Authority (wales),76627.7559928894,807.5840785864575,194007895.2323747,6147452662.376115,6341460557.60849,7852384.322271644
CHE-175,CHE,Switzerland,Uri,Canton,35996.77253994346,1070.6287701423284,333175422.5368055,5994587526.856755,6327762949.39356,5910324.031879279
BGR-2248,BGR,Bulgaria,Pleven,Province,248953.8329318124,4434.622983650627,1425038786.9054005,4893101955.252886,6318140742.158286,1424730.0763676483
BFA-2836,BFA,Burkina Faso,Komoé,Province,828102.8594594453,15296.540810836035,5005103257.780755,1309309264.9351606,6314412522.715916,412800.03111832973
HUN-4922,HUN,Hungary,Miskolc,Urban county,193313.95872068405,442.30760941613323,277049732.8408572,6023891889.1155405,6300941621.956398,14245609.81501977
FIN-3181,FIN,Finland,Central Ostrobothnia,Province,60965.44963964354,5328.504175014452,305015328.78415257,5994814735.045399,6299830063.829552,1182288.6605531215
EGY-5494,EGY,Egypt,Luxor,Governorate,899359.8125,12.295001005035985,10834413.404085193,6285594848.250167,6296429261.654252,512112952.1726154
FRO-1443,FRO,Faroe Islands,Eysturoyar,Region,42984.051305328496,1328.5256794695033,0.0,6295663723.718301,6295663723.718301,4738834.8008690635
COL-1400,COL,Colombia,Quindío,Department,596731.3894559443,1885.863852240279,112070561.36309747,6155256100.064909,6267326661.428006,3323318.729495157
TUR-4840,TUR,Turkey,Iğdir,Province,211253.85598515347,3992.5084407495324,2584792670.4161787,3676994617.397101,6261787287.81328,1568384.23280521
PHL-2549,PHL,Philippines,Aurora,Province,210077.20372654498,3306.051294459915,4804304926.332231,1441096610.8537042,6245401537.185935,1889081.8625989286
BGR-2234,BGR,Bulgaria,Pazardzhik,Province,247121.79287837446,4311.225481076739,1385385759.3485253,4857093838.1574,6242479597.505925,1447959.4316989542
GBR-2125,GBR,United Kingdom,Denbighshire,Unitary Authority (wales),75190.17910039425,828.7135772865917,199083886.30107355,6032123226.186442,6231207112.487516,7519132.403851754
SRB-838,SRB,Republic of Serbia,Macvanski,District,285310.1211295128,3220.640008995378,2129701278.7975924,4101424006.0157366,6231125284.813329,1934747.5245322492
THA-385,THA,Thailand,Satun,Province,255061.0628400892,2539.660712746108,2766295704.499667,3463710299.911098,6230006004.410765,2453085.9469312048
DOM-1979,DOM,Dominican Republic,Duarte,Province,321708.1249765754,1464.5700504817014,1538366476.1263914,4670825385.161596,6209191861.287988,4239600.461067579
ARE-339,ARE,United Arab Emirates,Umm Al Qaywayn,Emirate,73171.81897389889,750.5569043210805,136372878.65769142,6069169839.966859,6205542718.62455,8267917.70603696
DZA-2223,DZA,Algeria,Tébessa,Province,835194.8451529685,13465.52501794872,0.0,6204937578.525922,6204937578.525922,460801.75635596237
HUN-3166,HUN,Hungary,Nógrád,County,150566.58162790537,2367.752740377678,1483097396.9016144,4691832994.58833,6174930391.489944,2607928.7276022695
PRY-606,PRY,Paraguay,San Pedro,Department,478319.600409257,21063.379871897392,1204795877.1551917,4958249447.880222,6163045325.035414,292595.27020438464
GBR-2020,GBR,United Kingdom,Dundee,Unitary District (city),76553.94140625,83.24098860405554,19997185.95790271,6141530895.892431,6161528081.850334,74020361.66531233
BFA-2815,BFA,Burkina Faso,Kadiogo,Province,3310358.6650032997,2833.7381206538153,927213026.4467775,5233991430.93947,6161204457.386248,2174232.125572952
TUN-105,TUN,Tunisia,Bizerte,Governorate,575578.2939206436,3600.7550446636424,2123029271.3946671,4018764142.694749,6141793414.0894165,1705695.982622206
SLV-1358,SLV,El Salvador,Santa Ana,Department,644451.6222038269,2103.827079512369,1196851783.4042015,4939173618.986767,6136025402.390968,2916601.588669157
IRL-730,IRL,Ireland,Leitrim,County,33175.04617668688,1617.8008496330854,255901305.6277044,5879756083.507567,6135657389.135272,3792591.2763161357
TGO-90,TGO,Togo,Savanes,Region,1256599.7391622066,8653.406386842567,3970505418.5251536,2158131920.7319446,6128637339.257098,708234.0832363588
BGR-2249,BGR,Bulgaria,Veliko Tarnovo,Province,232847.70875187218,4739.024125726409,1522856219.3761075,4576541624.41437,6099397843.790477,1287057.7743377802
ECU-1284,ECU,Ecuador,Chimborazo,Province,508075.5815353468,5753.765847850708,567687007.3045777,5501604059.006856,6069291066.311434,1054838.035958413
SDN-5858,SDN,Sudan,Western Darfur,State,1496755.0175107569,46341.37035618134,4314130494.920211,1745325202.9684987,6059455697.88871,130756.93815947886
DOM-1981,DOM,Dominican Republic,Monte Plata,Province,225432.3171800375,2652.0494140075843,2785680282.2084494,3273013355.808122,6058693638.016571,2284532.7111990396
HRV-1493,HRV,Croatia,Zadarska,County,136353.63287210464,6068.246998303164,1849967425.5895042,4199803141.3096013,6049770566.899105,996955.2275295937
LBY-2970,LBY,Libya,Misratah,Municipality|Governarate,435718.23022675107,49723.09812244801,0.0,6043760699.32852,6043760699.32852,121548.35333158777
PRY-4837,PRY,Paraguay,Asunción,Capital District,582129.5986328125,164.33645405668102,9399815.391353797,6034341387.110797,6043741202.502151,36776631.43697632
QAT-5487,QAT,Qatar,Al Daayen,Municipality,57574.97457122803,277.78810326485143,45115572.37139686,5997569076.7976055,6042684649.169003,21752856.145202618
GTM-1962,GTM,Guatemala,Jutiapa,Department,485545.9632167816,3323.3106582890796,1839758387.352321,4200234652.523289,6039993039.87561,1817462.663266378
PHL-2554,PHL,Philippines,Quirino,Province,255692.00217863917,2948.543986160671,4284780584.607696,1754006961.3725288,6038787545.980225,2048057.4732220261
LAO-3295,LAO,Laos,Xékong,Province,138616.17940202495,8039.73778315631,5332134654.680971,700478768.150763,6032613422.831734,750349.5245168802
DZA-2221,DZA,Algeria,Oum el Bouaghi,Province,811104.7019902617,6335.25079685569,0.0,6025963970.810501,6025963970.810501,951180.0186034159
DOM-1974,DOM,Dominican Republic,Azua,Province,226233.74541722238,2596.5776313334472,2727413399.85018,3284649155.6652164,6012062555.515396,2315379.476032827
MDG-5862,MDG,Madagascar,Analamanga,Autonomous Province,5116255.5214550495,16391.43435887489,1378457189.1083386,4632833376.539346,6011290565.647684,366733.6508835155
DOM-1396,DOM,Dominican Republic,San Pedro de Macorís,Province,328621.7693157196,1177.9992719615216,1237356033.8004074,4771203407.8975935,6008559441.698001,5100647.8396994
GTM-1955,GTM,Guatemala,Totonicapán,Department,610502.7405548096,1303.7029976280241,721719625.7352976,5281178221.213805,6002897846.949102,4604498.001362934
SEN-5516,SEN,Senegal,Kaffrine,Region,719474.3032890856,11024.735776283325,3879935511.25669,2122288581.302163,6002224092.558853,544432.466623915
PRT-747,PRT,Portugal,Portalegre,District,102874.623727998,5969.251940446074,1391656132.3515208,4595790453.529357,5987446585.8808775,1003048.0612338578
ECU-5508,ECU,Ecuador,Santo Domingo de los Tsáchilas,Province,516597.6368204355,3941.041143465129,388837139.28568274,5593883585.225855,5982720724.511538,1518055.891000234
THA-407,THA,Thailand,Chai Nat,Province,241281.72856140137,2480.7379128588705,2702114734.416892,3276587963.2613363,5978702697.678228,2410050.117220246
AFG-1767,AFG,Afghanistan,Kabul,Province,6009210.138451368,4419.581720425597,0.0,5958483324.21141,5958483324.21141,1348200.735077169
PHL-2587,PHL,Philippines,Agusan del Norte,Province,377997.90584659576,2307.9971083222895,3353947319.587712,2593006244.1920033,5946953563.779715,2576672.8833133704
TUR-3031,TUR,Turkey,Gümüshane,Province,106311.64947745577,6318.890024699076,4090916992.0106177,1850415279.1544046,5941332271.165022,940249.3551781613
PRY-605,PRY,Paraguay,Presidente Hayes,Department,165991.3380092674,73738.74013220632,4217752831.6065793,1720662208.559207,5938415040.165787,80533.17739791582
LBN-3024,LBN,Lebanon,Beirut,Province,495805.84375,28.191566907609587,76315935.31847319,5860945070.838314,5937261006.156787,210604150.72403005
SRB-839,SRB,Republic of Serbia,Šumadijski,District,301889.5299425125,2391.366834169564,1581330726.371281,4339758296.583433,5921089022.954714,2476027.07303202
DZA-2207,DZA,Algeria,Bordj Bou Arréridj,Province,793387.1841291785,4046.400939606787,0.0,5894334695.303773,5894334695.303773,1456685.7766389707
THA-435,THA,Thailand,Trat,Province,223756.26260399818,2609.22434083993,2842067072.155025,3038593436.4940085,5880660508.649034,2253796.4316077176
MWI-1916,MWI,Malawi,Chikwawa,District,607111.0714762664,5132.238739724575,5148499578.698035,703992013.8038862,5852491592.501922,1140338.922116472
GBR-2128,GBR,United Kingdom,Anglesey,Unitary Authority (wales),70696.93667602539,712.8120651999237,171240583.0334537,5671653384.07139,5842893967.104844,8196962.779335219
CYP-3465,CYP,Cyprus,Paphos,District,102194.13735719025,1365.0672831296486,0.0,5842474680.951653,5842474680.951653,4279990.263598426
PRY-598,PRY,Paraguay,Boquerón,Department,75260.17406833658,88386.46988117337,5055582492.305247,780145150.2351555,5835727642.540402,66025.12409858596
KGZ-1117,KGZ,Kyrgyzstan,Ysyk-Köl,Region,508992.8348925999,42443.63861756257,4561366115.245855,1271793982.633255,5833160097.87911,137433.08273917477
DOM-1965,DOM,Dominican Republic,Puerto Plata,Province,269866.03780555725,1813.8821088557695,1905279591.7760177,3918138965.458074,5823418557.234092,3210472.460587647
GBR-2099,GBR,United Kingdom,Down,District,70214.09967803955,652.0947326075587,156654309.95958734,5632917843.009255,5789572152.9688425,8878421.897103563
NER-93,NER,Niger,Dosso,Department,2652042.6283820607,31450.86245237772,2912074004.8712406,2856973149.2994666,5769047154.170708,183430.49138655848
GBR-2114,GBR,United Kingdom,Merthyr Tydfil,Unitary Authority (wales),71573.2523803711,104.74704686838858,25163638.850227024,5741955707.817656,5767119346.667883,55057584.142816834
THA-409,THA,Thailand,Nakhon Nayok,Province,248022.6217700243,2196.7441570185706,2392777860.029338,3368128792.650676,5760906652.680014,2622475.0088780196
DZA-2194,DZA,Algeria,Ouargla,Province,774841.2825420143,211205.42361996567,0.0,5756551084.265367,5756551084.265367,27255.697252469552
JAM-1382,JAM,Jamaica,Saint Andrew,Parish,461384.5071411133,438.98320997910815,512174634.5113604,5242577711.188763,5754752345.700123,13109276.653141243
KHM-1802,KHM,Cambodia,Takêv,Province,865033.8814086914,3361.2053978908666,2200433681.1822147,3551010207.8941584,5751443889.076373,1711125.3875426252
ECU-1279,ECU,Ecuador,Cotopaxi,Province,476185.95234546065,5986.561097735867,590655414.8165715,5156293007.329998,5746948422.146569,959974.9051788814
SWE-193,SWE,Sweden,Gotland,County,51842.14128111862,3100.924348467304,191736654.64133433,5553381232.397249,5745117887.038584,1852711.3987409037
ITA-5402,ITA,Italy,Isernia,Province,77248.05538862944,1550.6516465912712,786465312.2493455,4951085696.199941,5737551008.449286,3700090.230492381
RUS-5482,RUS,Russia,Sevastopol,Federal City,293372.9048643112,749.6482807379152,8746931.053106615,5728276226.878315,5737023157.931421,7652953.131946345
GBR-2103,GBR,United Kingdom,Castlereagh,District,71178.33056640625,93.89241478881712,22556004.079906296,5710273151.996579,5732829156.076486,61057425.873759545
SDN-148,SDN,Sudan,Blue Nile,State,1370086.6997023262,44383.879124740866,4131898667.285666,1597620732.362247,5729519399.647913,129090.10011371701
AGO-1882,AGO,Angola,Zaire,Province,894809.9525962295,36334.619869788614,2665063104.7521396,3050200442.016036,5715263546.768175,157295.2618535658
ZMB-514,ZMB,Zambia,Luapula,Province,1655228.050696949,49465.628479025596,2639816693.1966915,3073563439.576153,5713380132.772844,115502.02248406548
MDG-5880,MDG,Madagascar,Sofia,Autonomous Province,1575464.0369013771,50971.507356578884,4286509601.115075,1426602393.701075,5713111994.816151,112084.42306501184
COL-1407,COL,Colombia,Putumayo,Intendancy,407221.2208003998,25391.348752556925,1508922664.318971,4200467660.4876246,5709390324.806596,224855.73257433425
PAN-3454,PAN,Panama,Ngöbe Buglé,Indigenous Territory,186548.61036932468,6133.108615613142,753408075.2052597,4948676194.391709,5702084269.596969,929721.7165013336
PNG-1250,PNG,Papua New Guinea,East New Britain,Province,279696.5319387652,15432.572879656806,4236317573.0209694,1442199645.6073554,5678517218.6283245,367956.6111826847
LAO-3271,LAO,Laos,Bokeo,Province,209846.98681618273,6950.4864113945505,4609718682.458866,1060434355.2048713,5670153037.663737,815792.2628793506
GBR-2094,GBR,United Kingdom,Ballymena,District,68687.16081237793,644.7385965269153,154887127.42604044,5510419353.090432,5665306480.516473,8786982.059139015
MMR-3296,MMR,Myanmar,Kachin,State,1922671.4038054827,87971.16008190671,0.0,5664398231.335048,5664398231.335048,64389.263777596374
PHL-5531,PHL,Philippines,Cagayan de Oro,Highly Urbanized City,701064.8812484741,587.1391120387088,853221888.3405778,4809194936.1189575,5662416824.459536,9644080.437424894
OMN-2406,OMN,Oman,Ash Sharqiyah South,Region,144751.3086223742,17437.391990576067,907064142.8240281,4753831746.078521,5660895888.902549,324641.2016178765
KHM-1797,KHM,Cambodia,Kâmpôt,Province,613703.6635305882,4776.99744253958,3127290606.542899,2519286262.2562985,5646576868.799198,1182034.7271941025
CIV-3462,CIV,Ivory Coast,Sud-Comoé,Region,438576.5805771351,5601.137552230899,3602718343.7881746,2039369689.9141707,5642088033.702345,1007311.1008414952
COG-2838,COG,Republic of the Congo,Likouala,Region,927240.5073279776,67077.25821391905,2040056834.0077827,3595728615.496888,5635785449.504671,84019.31741949468
BIH-2889,BIH,Bosnia and Herzegovina,Zenica-Doboj,Canton,383381.64938253164,3424.6229760950014,1143508000.977034,4484039575.471885,5627547576.448919,1643260.4744320933
GBR-2131,GBR,United Kingdom,Blaenau Gwent,Unitary Authority (wales),69852.97631835938,95.95160942000324,23050689.434488177,5603946764.186093,5626997453.620582,58644117.46331281
PER-569,PER,Peru,Apurímac,Department,409321.87724804785,20824.387131958192,721071664.331252,4896774862.68994,5617846527.021193,269772.4783650296
GBR-2089,GBR,United Kingdom,Dungannon,District,67617.3376045227,763.4518536909005,183405903.07956362,5424592912.759703,5607998815.839266,7345582.8140667295
GBR-2136,GBR,United Kingdom,Fermanagh,District,64243.60012123734,1885.7859183271453,453026956.04632676,5153935222.148154,5606962178.194481,2973276.0880770283
KGZ-1118,KGZ,Kyrgyzstan,Naryn,Region,288093.6161268547,45414.85743450471,4880679380.413767,719844568.1509447,5600523948.564712,123319.20135699068
GBR-2137,GBR,United Kingdom,Ards,District,68577.67044067383,394.43385225282896,94755807.49178484,5501635500.969023,5596391308.460808,14188415.310949441
PHL-5546,PHL,Philippines,Malabon,Highly Urbanized City,805838.1875,16.64760117473009,24192048.220605653,5527923355.331691,5552115403.552297,333508434.3550964
BFA-2878,BFA,Burkina Faso,Tapoa,Province,564243.9092295021,14240.557878092319,4659580457.417135,892123206.1916344,5551703663.608769,389851.5571605178
BOL-1293,BOL,Bolivia,El Beni,Department,453538.506790171,210209.86579804347,2449257904.8615904,3098789258.799717,5548047163.661307,26392.89617829605
OMN-2405,OMN,Oman,Al Wusta,Region,65793.59268314135,65081.189780984,3385415299.177772,2160751930.75893,5546167229.936703,85219.20463656353
DZA-2193,DZA,Algeria,Laghouat,Province,744293.4286109377,27118.88399668641,0.0,5529601016.385648,5529601016.385648,203902.23347912458
SYR-137,SYR,Syria,Aleppo,Province,4681513.0878017545,18921.26947938475,0.0,5528597086.840646,5528597086.840646,292189.54324730724
TTO-56,TTO,Trinidad and Tobago,San Juan-Laventille,Region,192630.3606212139,214.45331210836127,58251322.848953485,5457692236.984554,5515943559.833508,25720952.992539246
KHM-1785,KHM,Cambodia,Kâmpóng Chhnang,Province,496252.0491717011,5289.736377282376,3462958287.6579857,2037141122.6429665,5500099410.300952,1039768.1506250506
DZA-2146,DZA,Algeria,Sidi Bel Abbès,Province,735373.6484555602,7638.651077709369,0.0,5463333031.855456,5463333031.855456,715222.2265784873
SDN-880,SDN,Sudan,Sennar,Region,1785979.041064132,36194.50283587647,3369512106.1930923,2082581448.4502563,5452093554.643349,150633.1936472729
HUN-3159,HUN,Hungary,Zala,County,112760.10824340582,3081.657614963584,1930268439.3326938,3513738510.961259,5444006950.293953,1766583.9721646965
ECU-1410,ECU,Ecuador,Imbabura,Province,459459.8901798725,4595.353031022167,453393877.796308,4975177884.215193,5428571762.0115,1181317.6757834419
SVN-256,SVN,Slovenia,Maribor,Commune|Municipality,111338.37072753906,155.05971894374636,46920823.879890084,5378449481.227732,5425370305.107622,34988908.41583349
GTM-1954,GTM,Guatemala,Sololá,Department,554568.1613311768,1129.5425381553353,625305778.5191696,4797313920.555375,5422619699.074545,4800721.987797173
HUN-4916,HUN,Hungary,Szeged,Urban county,168957.99609279633,250.55746766008997,156942539.5329354,5264931249.6630945,5421873789.19603,21639242.445375547
SRB-279,SRB,Republic of Serbia,Branicevski,District,183683.08760593832,4195.720011544768,2774488998.803332,2640502979.7877665,5414991978.591099,1290598.9826993777
PHL-2555,PHL,Philippines,Bataan,Province,530579.928863287,1218.344813906003,1770480694.364467,3639694948.8492584,5410175643.213725,4440594.798338532
HRV-1610,HRV,Croatia,Varaždinska,County,162654.6180419922,1190.0688748770233,362804719.937416,5009894943.114676,5372699663.052093,4514612.369479274
PHL-2551,PHL,Philippines,Ifugao,Province,242008.77369308472,2552.6597767007497,3709487496.762201,1660142163.8301113,5369629660.592312,2103543.0219112188
GIN-5635,GIN,Guinea,Dubréka,Prefecture,2182961.6067513693,3644.8691698013527,861287085.9433516,4505555741.320633,5366842827.263985,1472437.7137400738
BGR-2232,BGR,Bulgaria,Haskovo,Province,207107.28600476682,4027.9537395378557,1294358129.6232038,4070622469.0848975,5364980598.708101,1331936.9947192215
DZA-2165,DZA,Algeria,Jijel,Province,721253.0965862274,2406.9092128907214,0.0,5358426801.372796,5358426801.372796,2226268.765217477
UGA-3091,UGA,Uganda,Wakiso,District,2583593.846483946,2488.2764562532634,1157556778.0586445,4193703890.524432,5351260668.5830765,2150589.2784279957
GBR-2031,GBR,United Kingdom,Middlesbrough,Unitary Authority,66525.998046875,47.989941912022076,11528740.931806993,5337040325.8114395,5348569066.743246,111451876.23999527
MMR-3270,MMR,Myanmar,Mon,State,1810709.7485409677,10668.548526144757,0.0,5334547066.542967,5334547066.542967,500025.570814054
UZB-370,UZB,Uzbekistan,Jizzakh,Region,1326256.4119839636,20873.241905197712,0.0,5320011901.4561205,5320011901.4561205,254872.33490698767
PHL-5523,PHL,Philippines,Mandaue,Highly Urbanized City,765845.1875,44.38688867850295,64502371.24270899,5253577658.913848,5318080030.156557,119811957.730936
VEN-34,VEN,Venezuela,Lara,State,1786264.9972887486,18868.231331062303,0.0,5316795479.07065,5316795479.07065,281785.57840329956
SRB-125,SRB,Republic of Serbia,Borski,District,195361.80087976158,3759.0370255281264,2485725178.2113833,2808388208.643318,5294113386.854702,1408369.577341661
ESP-5835,ESP,Spain,Melilla,Autonomous City,96169.6484375,18.09584971296882,5978333.536487557,5285181989.850908,5291160323.387396,292396345.42252856
RUS-2400,RUS,Russia,Gorno-Altay,Republic,213393.37796002557,92934.42081645403,1084363150.3319817,4166629547.8344812,5250992698.166463,56502.12969570447
GTM-1957,GTM,Guatemala,Santa Rosa,Department,405651.1649980545,3093.881676865328,1712748325.3157637,3509101525.1640806,5221849850.479844,1687798.822277696
GEO-3037,GEO,Georgia,Kvemo Kartli,Region,538230.7056371286,6418.388562752174,685977479.8324809,4532814496.803823,5218791976.636305,813100.0368102539
MYS-1141,MYS,Malaysia,Perlis,State,224371.25177764893,798.8613264098049,631152194.7064512,4584268783.393514,5215420978.099965,6528568.608445223
HRV-1605,HRV,Croatia,Vukovarsko-Srijemska,County,145441.9374876544,2348.3477045816812,715917918.0822386,4479730338.477613,5195648256.559852,2212469.7490167324
NZL-3402,NZL,New Zealand,Nelson City,Unitary Authority,53308.48256012797,390.9112501008299,288383118.64044166,4907117617.242263,5195500735.882705,13290742.424380472
HKG-5160,HKG,Hong Kong S.A.R.,Wong Tai Sin,,44916.640976493676,8.429791305381034,0.0,5194176508.724267,5194176508.724267,616169050.9952056
MWI-1907,MWI,Malawi,Dedza,District,922871.5690063834,4105.809857931206,4118818588.884951,1070140613.2610024,5188959202.145953,1263808.939452572
HRV-1602,HRV,Croatia,Brodsko-Posavska,County,150108.0094000697,1842.5447028592234,561718677.8051718,4623449160.356891,5185167838.162063,2814134.0777869998
BGR-2262,BGR,Bulgaria,Ruse,Province,216598.42275807261,2837.1076797013106,911687081.6543058,4257167497.3668804,5168854579.021186,1821874.6563631876
SEN-764,SEN,Senegal,Fatick,Region,906616.0550692528,7067.296544482168,2487193832.845049,2674314972.0603466,5161508804.9053955,730337.091760395
GIN-5641,GIN,Guinea,Kankan,Prefecture,554935.1334411688,16980.854940598765,4012596992.449023,1145366537.2783458,5157963529.727368,303751.6984728151
PHL-5556,PHL,Philippines,Las Pinas,Highly Urbanized City,742840.1875,35.78564210311025,52003166.71917239,5095766973.391569,5147770140.110742,143850154.35180166
GBR-2085,GBR,United Kingdom,Armagh,District,61806.986099243164,661.795222416699,158984682.31399095,4958458150.392575,5117442832.706566,7732668.141693491
SRB-829,SRB,Republic of Serbia,Moravicki,District,214602.21805858612,3052.714187800034,2018657562.2865942,3084975343.339346,5103632905.62594,1671834.5025624293
NIC-644,NIC,Nicaragua,Atlántico Sur,Autonomous Region,353363.4551859256,25688.864640204192,3797908196.540152,1293582952.6964238,5091491149.236576,198198.37196184104
PER-575,PER,Peru,Tacna,Department,379132.6891641095,15928.889771127031,551558659.8267186,4535617383.572684,5087176043.399403,319367.897982476
HUN-4913,HUN,Hungary,Pécs,Urban county,157601.64279174805,252.0614306974205,157884582.01383457,4911053831.845798,5068938413.8596325,20109932.724870097
COL-1424,COL,Colombia,Guainía,Commissiary,78866.0601105594,71308.03020469926,4237596985.192732,813499685.3880867,5051096670.580818,70834.8927334126
GTM-1960,GTM,Guatemala,Chiquimula,Department,431942.8128557205,2374.0893932658996,1314277033.5631952,3736538469.901698,5050815503.464893,2127474.86164233
LAO-3283,LAO,Laos,Vientiane [prefecture],Municipality|Prefecture,537919.839339722,3504.89195481482,2324523057.497495,2718307689.9826913,5042830747.480186,1438797.7753644115
BOL-1292,BOL,Bolivia,Chuquisaca,Department,647999.8861094485,51654.25045414512,601848922.5718011,4427441235.344553,5029290157.916354,97364.49786220383
VEN-41,VEN,Venezuela,Aragua,State,1689489.1224181359,6796.675971517611,0.0,5028743294.889601,5028743294.889601,739882.7479731605
BFA-2806,BFA,Burkina Faso,Soum,Province,523027.98653793335,12785.128340695868,4183356766.7685323,826956918.179843,5010313684.948376,391886.0688320376
LKA-2459,LKA,Sri Lanka,Yāpanaya,District,468024.5617657602,988.1100414201696,1325418645.1738837,3678241006.051137,5003659651.22502,5063868.842010216
SEN-765,SEN,Senegal,Kaolack,Region,1116181.1895518303,4859.364905098124,1710156401.0272183,3292485336.058353,5002641737.085571,1029484.6826253223
TUR-4839,TUR,Turkey,Ardahan,Province,96130.978828107,5134.8264492418875,3324341567.9211087,1673214863.0740523,4997556430.995161,973266.8631347817
SRB-833,SRB,Republic of Serbia,Pomoravski,District,225642.42811104655,2643.46094122192,1748032108.9123902,3243681884.703376,4991713993.615767,1888325.2314325415
BWA-2647,BWA,Botswana,Kweneng,District,408453.8146077966,36940.42988210103,330575382.6621065,4660895976.621731,4991471359.283837,135122.17846989338
MDG-5878,MDG,Madagascar,Menabe,Autonomous Province,879076.4083459848,49696.14919849474,4179256838.287324,796014684.5745045,4975271522.861829,100113.82376911661
PHL-5529,PHL,Philippines,General Santos,Highly Urbanized City,598286.284614563,591.832945864111,860042898.349876,4104149911.4801707,4964192809.830047,8387827.755317056
GBR-5699,GBR,United Kingdom,Reading,Unitary Authority,61448.23645019531,45.57391696725625,10948333.359652571,4929677502.22417,4940625835.583822,108409067.38680243
DOM-1967,DOM,Dominican Republic,Espaillat,Province,277845.97051239014,860.5898966314498,903953106.3983341,4033998247.1024847,4937951353.500819,5737868.144663463
GBR-2092,GBR,United Kingdom,Antrim,District,59729.76493066549,557.4623358501585,133920538.20441188,4791813327.7998085,4925733866.00422,8835994.020102227
ALB-1524,ALB,Albania,Elbasan,County,259735.9287633896,3243.9574800371533,2212061105.012926,2712530549.422379,4924591654.435305,1518081.4436503968
BGR-2251,BGR,Bulgaria,Vratsa,Province,178310.3711583987,4409.8004492167165,1417062218.3249304,3504629012.866015,4921691231.190946,1116080.2598369622
PNG-1252,PNG,Papua New Guinea,Milne Bay,Province,222945.4096415937,13738.181766728663,3771198833.375809,1149573748.8989925,4920772582.274801,358182.2300671551
PER-581,PER,Peru,Pasco,Department,342168.3288304452,23820.208837218852,824805912.5164884,4093407571.2991724,4918213483.81566,206472.3075026529
COL-1420,COL,Colombia,Arauca,Intendancy,338591.86389592756,23790.18692500675,1413770989.0622735,3492559085.215715,4906330074.277988,206233.35536387746
LTU-1073,LTU,Lithuania,Taurages,County,84960.51062601805,3831.3576027127415,1562464750.579732,3343759682.245194,4906224432.824926,1280544.6375851578
BOL-1937,BOL,Bolivia,Oruro,Department,622038.0926300526,55061.18081120863,641544733.596996,4250058002.016697,4891602735.613693,88839.4085187858
CUW-5151,CUW,Curaçao,Curaçao,,178009.55031776428,463.24296354857086,0.0,4876584573.081708,4876584573.081708,10527055.901131675
TUN-109,TUN,Tunisia,Le Kef,Governorate,254568.128141284,5254.628558256296,3098164163.101677,1777428502.8687418,4875592665.970419,927866.2824434432
CAN-636,CAN,Canada,Yukon,Territory,42424.19750460891,484485.9215470871,1138001825.1719444,3719928893.1713195,4857930718.343264,10026.980150074643
GBR-2005,GBR,United Kingdom,Inverclyde,Unitary District,59956.10292004049,172.0104538890526,41322491.36881405,4809971266.230228,4851293757.599043,28203482.10189682
PNG-1242,PNG,Papua New Guinea,Chimbu,Province,609450.0541570112,6224.377729010967,1708622467.5658815,3142508224.9967117,4851130692.562593,779376.0121517275
GBR-2762,GBR,United Kingdom,Rutland,Unitary Authority,59146.89448547363,405.6110960060809,97440944.05225688,4745052615.26573,4842493559.3179865,11938760.075847106
MMR-3273,MMR,Myanmar,Rakhine,State,1639377.122164566,34603.06174069693,0.0,4829782589.422433,4829782589.422433,139576.74108768496
TUN-101,TUN,Tunisia,Tozeur,Governorate,121849.53866964392,6735.110803840077,3971066402.817371,850769672.8344245,4821836075.651795,715925.2781561645
TUN-106,TUN,Tunisia,Jendouba,Governorate,413360.28662610054,3275.725677071654,1931389781.092947,2886136456.9387846,4817526238.031732,1470674.5048133503
MWI-1904,MWI,Malawi,Machinga,District,754569.6342674494,3922.28592114496,3934713180.0871325,874981566.538554,4809694746.625687,1226247.8675245792
MRT-2787,MRT,Mauritania,Nouakchott,District,1342842.6887333319,1524.830585215377,8331992.342803885,4786077037.732089,4794409030.074893,3144224.070897489
MWI-1914,MWI,Malawi,Salima,District,531392.3833591938,4162.117384858842,4175304518.9763517,616190367.2279019,4791494886.204254,1151215.7018048055
GTM-1942,GTM,Guatemala,Baja Verapaz,Department,368427.4035701752,2879.5566130547018,1594099672.1175044,3187095897.497409,4781195569.614913,1660392.9743693797
LBY-2976,LBY,Libya,Mizdah,Municipality|Governarate,344557.8763286222,88766.11175790985,0.0,4779293605.6756525,4779293605.6756525,53841.421135017496
BDI-2637,BDI,Burundi,Bururi,Province,953062.5096511841,3366.3929492529364,4298630783.599188,479059926.60278744,4777690710.201975,1419231.439176532
HKG-5166,HKG,Hong Kong S.A.R.,Tuen Mun,,41182.68896484375,64.22495874713431,0.0,4762380955.851876,4762380955.851876,74151561.14933856
GEO-3030,GEO,Georgia,Imereti,Region,486007.3792238068,6225.91540634541,665406545.3250973,4093005603.4085493,4758412148.733646,764291.1665461927
PHL-5558,PHL,Philippines,Taguig,Highly Urbanized City,677198.9321289062,72.67106472490103,105604518.24952275,4645478274.906229,4751082793.155752,65377916.38448053
ABW-5150,ABW,Aruba,Aruba,,85572.37512207031,169.76715310496655,0.0,4735594558.984058,4735594558.984058,27894645.532849655
PRY-597,PRY,Paraguay,Alto Paraguay,Department,18348.105417757062,79376.56347924694,4540228444.065443,190196018.47677374,4730424462.542217,59594.72488096553
GTM-1953,GTM,Guatemala,Sacatepéquez,Department,502675.5885734558,683.0510250117015,378131622.7902182,4348415157.477301,4726546780.267519,6919756.514802898
SRB-843,SRB,Republic of Serbia,Jablanicki,District,201240.05266845226,2766.2711294186997,1829242369.643654,2892889953.285587,4722132322.929241,1707038.862789109
BIH-2225,BIH,Bosnia and Herzegovina,Una-Sana,Canton,265214.959825702,4831.593446317579,1613306282.734899,3101959568.9595356,4715265851.694435,975923.5548446644
SRB-832,SRB,Republic of Serbia,Pomoravski,District,207869.5911643207,2599.398262836965,1718894936.7225192,2988191684.006235,4707086620.728754,1810837.0264091324
PAN-1958,PAN,Panama,Bocas del Toro,Province,155426.4044237584,4678.77568152659,574753783.3526074,4123080552.72562,4697834336.078227,1004073.4277188982
BGR-2259,BGR,Bulgaria,Dobrich,Province,162713.5421544565,4658.600592696874,1497012612.2939312,3198078703.5328083,4695091315.826739,1007832.9795404807
VIR-4870,VIR,United States Virgin Islands,Saint Croix,,42346.78553771973,213.47704020415856,0.0,4689643370.3443575,4689643370.3443575,21967905.14736115
GBR-2100,GBR,United Kingdom,Coleraine,District,56870.224467754364,491.6894711807494,118119762.31461108,4562407032.337803,4680526794.652414,9519273.990985686
PER-572,PER,Peru,Madre de Dios,Department,151662.28168891976,82561.55783925395,2858802016.2941375,1814357086.37302,4673159102.667157,56602.11877016328
BIH-2890,BIH,Bosnia and Herzegovina,Sarajevo,Canton,359257.47611409426,1408.408392343092,470278415.0341606,4201882753.8414354,4672161168.875596,3317334.0873826924
SRB-841,SRB,Republic of Serbia,Pcinjski,District,165688.8398977518,3454.7450227883432,2284507076.9790936,2381829928.7639356,4666337005.743029,1350703.7349971498
COL-1423,COL,Colombia,Guaviare,Commissiary,135261.9117600303,55037.78635652045,3270710982.571817,1395220231.713377,4665931214.285194,84776.86918693471
PHL-5533,PHL,Philippines,Puerto Princesa,Highly Urbanized City,218174.51511722803,2178.4197623612145,3165647433.683024,1496642894.7681162,4662290328.45114,2140216.687805673
BGR-2231,BGR,Bulgaria,Sliven,Province,178507.01938892156,3572.705536196712,1148066922.947485,3508494066.197136,4656560989.144621,1303371.0564631969
VEN-39,VEN,Venezuela,Bolívar,State,1562437.4172332482,251203.3571775379,0.0,4650575479.497968,4650575479.497968,18513.189997740257
DOM-1970,DOM,Dominican Republic,Barahona,Province,202701.00882524252,1617.686922251947,1699198566.3246145,2942981367.622424,4642179933.947039,2869640.515783339
CHL-2694,CHL,Chile,Arica y Parinacota,Region,133347.56834181305,16275.78285809807,1163337603.7786567,3477070206.965442,4640407810.744099,285111.18950172333
MWI-1912,MWI,Malawi,Ntcheu,District,782473.4910316467,3712.5795842395555,3724342415.5997176,907338236.0826547,4631680651.682372,1247564.0041076925
HRV-1583,HRV,Croatia,Karlovacka,County,117501.45544965565,3294.220513259696,1004276959.0531284,3619140695.494232,4623417654.54736,1403493.6750401077
MWI-1873,MWI,Malawi,Chitipa,District,281487.40364175197,4271.460991267934,4284994566.5521092,326406309.2579117,4611400875.81002,1079583.984317548
BEN-2177,BEN,Benin,Ouémé,Department,1460082.4212745428,1371.87525675439,1133667299.470948,3475751531.386149,4609418830.857097,3359940.2045942224
PHL-2585,PHL,Philippines,Southern Leyte,Province,303957.5725154877,1733.198205076001,2518658040.457627,2085101190.539311,4603759230.996938,2656222.0163360154
TUR-5521,TUR,Turkey,Bartın,Province,186059.43397951126,2105.477154401533,1363108431.0003617,3238471241.474969,4601579672.47533,2185528.189111744
MOZ-1927,MOZ,Mozambique,Maputo,Province,2748832.393145201,24020.238357723483,2140111204.7264707,2452402081.8060036,4592513286.5324745,191193.49350901818
SRB-1061,SRB,Republic of Serbia,Srednje-Banatski,District,175684.06148056313,3117.792765439781,2061691844.1791956,2525514427.522323,4587206271.701519,1471299.286645971
IND-3262,IND,India,Puducherry,Union Territory,923016.6491699219,526.274786606164,1157562239.3513837,3424618865.719343,4582181105.070726,8706822.408537285
SLV-1348,SLV,El Salvador,Sonsonate,Department,504801.35371398926,1250.819506121999,711582035.9940736,3868873074.702825,4580455110.696898,3661963.287491411
GAB-2187,GAB,Gabon,Wouleu-Ntem,Province,255808.8022651486,37883.616972548465,951205290.5451703,3626352163.0855746,4577557453.630745,120832.11212244522
SLV-1352,SLV,El Salvador,San Miguel,Department,439596.33430957794,2097.506080979075,1193255813.7348588,3369132053.698881,4562387867.43374,2175148.815446631
AGO-1885,AGO,Angola,Cabinda,Province,1194218.7732291967,6701.70190427254,491554846.26314896,4070815953.039829,4562370799.302978,680777.9373765233
PHL-5522,PHL,Philippines,Cebu,Highly Urbanized City,638253.6533203125,126.20924343697665,183405409.04764915,4378319781.24657,4561725190.294219,36144144.961713076
ALB-1498,ALB,Albania,Shkodër,County,201644.4279214146,3593.7291501960995,2450571107.6733656,2105856796.407646,4556427904.081012,1267882.9465577228
GBR-2087,GBR,United Kingdom,Banbridge,District,55374.15592956543,461.97583790101106,110981583.63431962,4442385110.789687,4553366694.424006,9856287.53900257
GBR-2084,GBR,United Kingdom,Omagh,District,53257.88740158081,1162.3211901031898,279227257.7619513,4272607718.4063187,4551834976.16827,3916159.3326575784
TUN-116,TUN,Tunisia,Mahdia,Governorate,405591.4858033061,2911.074956576088,1716389275.9642901,2831893657.1179,4548282933.08219,1562406.6713939006
RUS-2613,RUS,Russia,Yevrey,Autonomous Region,211225.6136013554,35907.198432473495,418966863.6202321,4124302690.66617,4543269554.286402,126528.09889444319
BEN-2176,BEN,Benin,Kouffo,Department,944858.7762031555,2740.524274077133,2264668553.231169,2249252706.8882804,4513921260.11945,1647101.3604283817
GIN-5647,GIN,Guinea,Kouroussa,Prefecture,356564.90551843867,15957.209768859635,3770708374.247885,735937385.3591678,4506645759.607053,282420.6628154839
ALB-1521,ALB,Albania,Korçë,County,196046.49277524836,3589.7260290411054,2447841371.3373904,2047395226.7281818,4495236598.065573,1252250.6067869333
HUN-4905,HUN,Hungary,Gyôr,Urban county,139230.93872070312,238.56113696969504,149428356.77394608,4338600937.169916,4488029293.943862,18812910.396692093
VEN-40,VEN,Venezuela,Anzoátegui,State,1507818.9393658962,46551.622148600225,0.0,4488004261.543392,4488004261.543392,96409.19165430937
GTM-1946,GTM,Guatemala,Retalhuleu,Department,389600.86036992073,1994.2322228856456,1103991120.7912686,3370257727.0692263,4474248847.860495,2243594.701015449
ECU-1286,ECU,Ecuador,Orellana,Province,219223.74834893644,21252.60222716212,2096857340.8803256,2373824500.8794994,4470681841.759825,210359.26772515516
SDN-5859,SDN,Sudan,Central Darfur,State,847383.9859587066,37391.64572650944,3480959622.9920373,988111354.2183306,4469070977.210368,119520.57445928207
SEN-775,SEN,Senegal,Ziguinchor,Region,680339.9531754628,6988.283325640187,2459386708.9497814,2006850984.7081795,4466237693.657961,639103.6947902817
COD-1894,COD,Democratic Republic of the Congo,Sud-Kivu,Province,4592091.600429362,63440.43835955854,0.0,4462363618.024671,4462363618.024671,70339.41967319853
LBY-2974,LBY,Libya,An Nuqat al Khams,Municipality|Governarate,321697.2409680254,6268.861211395303,0.0,4462198290.471253,4462198290.471253,711803.6498176152
DOM-1988,DOM,Dominican Republic,La Romana,Province,269340.8572525978,522.7433547676342,549083229.1209829,3910513958.6021395,4459597187.723123,8531140.84961533
URY-8,URY,Uruguay,Paysandú,Department,115610.68467764836,14055.741460837271,818571229.3016243,3640948957.85348,4459520187.155104,317273.9196705073
DZA-2163,DZA,Algeria,Annaba,Province,600087.7715666816,1459.7883287136644,0.0,4458249695.645583,4458249695.645583,3054038.4574619127
HND-643,HND,Honduras,Yoro,Department,637950.4232082963,7768.855812003905,1537506788.6250083,2879614879.1163616,4417121667.74137,568567.8527996794
GTM-1961,GTM,Guatemala,Jalapa,Department,381335.55670166016,1987.9173766072356,1100495272.0428019,3298758389.187683,4399253661.230485,2212996.2306273812
BFA-2184,BFA,Burkina Faso,Gourma,Province,469092.46852365136,11162.308779951918,3652362238.612467,741679741.9951434,4394041980.607611,393649.9220035497
TUR-5518,TUR,Turkey,Yalova,Province,226680.0775642097,687.699631772059,445224097.58978826,3945496858.2127724,4390720955.802561,6384649.275569024
ECU-1411,ECU,Ecuador,Sucumbios,Province,240220.0041869087,18089.105737165675,1784735523.1849706,2601178639.7914057,4385914162.976377,242461.63556693276
EST-2346,EST,Estonia,Pärnu,County,76842.25047524972,4865.168013391641,691777052.3488721,3685261714.854074,4377038767.202946,899668.5736556081
KGZ-1116,KGZ,Kyrgyzstan,Chuy,Region,904619.82089127,19669.189148003334,2113823786.4681969,2260326601.695777,4374150388.163974,222385.90290886516
DZA-2218,DZA,Algeria,Guelma,Province,588245.4229063839,3783.7899067057424,0.0,4370268987.135788,4370268987.135788,1154997.791867532
URY-10,URY,Uruguay,Salto,Department,112135.35588596831,14309.218569972283,833333102.1919719,3531499776.9447536,4364832879.136725,305036.4251403828
ECU-1285,ECU,Ecuador,Morona Santiago,Province,189472.9935928285,23444.454002612667,2313113234.4574933,2051673862.1298318,4364787096.587325,186175.67703222734
TUN-103,TUN,Tunisia,Béja,Governorate,312903.03784018755,3692.780534401661,2177288115.9994364,2184730595.1147914,4362018711.114227,1181228.7977793412
DZA-2143,DZA,Algeria,Adrar,Province,586579.0815612095,475449.48314755614,0.0,4357889188.468052,4357889188.468052,9165.830110105677
BOL-1941,BOL,Bolivia,Tarija,Department,574315.73223856,36673.45997228241,427300409.49664056,3923996299.268834,4351296708.765474,118649.74594854587
BEN-2179,BEN,Benin,Plateau,Department,758873.9396286011,3079.0396522625956,2544405222.237662,1806512577.2082596,4350917799.445921,1413076.248059586
BFA-2825,BFA,Burkina Faso,Sanmatenga,Province,835499.4811038971,9256.9613800805,3028923214.3106513,1321004026.2050614,4349927240.515713,469908.7596796137
GBR-2093,GBR,United Kingdom,Magherafelt,District,52450.09000015259,562.4790537249557,135125716.58976045,4207802267.4084945,4342927983.998255,7721048.375468724
MWI-1911,MWI,Malawi,Mchinji,District,770452.9964461029,3436.2493444412758,3447136658.944033,893399547.4509048,4340536206.3949375,1263161.0140330768
DOM-1977,DOM,Dominican Republic,Peravia,Province,242186.32878775895,773.6671682757183,812650535.1953262,3516261992.2121153,4328912527.407441,5595316.312898921
HRV-1582,HRV,Croatia,Krapinsko-Zagorska,County,127529.41536331177,1274.1665246788652,388442752.2629863,3928010042.4943423,4316452794.757329,3387667.711522422
JAM-1370,JAM,Jamaica,Clarendon,Parish,255735.09653571248,1201.9125953998087,1402306808.7109625,2905843382.9395566,4308150191.650519,3584412.2177764853
BIH-2228,BIH,Bosnia and Herzegovina,Herzegovina-Neretva,Canton,231992.8053188473,4771.004228599367,1593075076.053947,2713392573.5618525,4306467649.615799,902633.3751290883
TUN-104,TUN,Tunisia,Ben Arous (Tunis Sud),Governorate,552995.8868331909,749.1103065988788,441680449.98501587,3861090775.2009726,4302771225.185988,5743841.97798785
PHL-5552,PHL,Philippines,Pasig,Highly Urbanized City,619450.75,33.95660509391406,49345237.14365419,4249334818.7259154,4298680055.86957,126593340.05801451
VEN-43,VEN,Venezuela,Distrito Capital,Capital District,1440391.0991630554,369.3043479187935,0.0,4287306136.406246,4287306136.406246,11609140.700799396
BGR-2237,BGR,Bulgaria,Kardzhali,Province,150134.35429021716,4073.947928134668,1309138078.8915727,2950839092.842173,4259977171.7337456,1045663.137300887
PHL-2552,PHL,Philippines,Mountain Province,Province,188537.73040783405,2039.9807105051166,2964469847.617268,1293339208.1058407,4257809055.723109,2087181.0374465939
SWZ-536,SWZ,Swaziland,Manzini,District,407155.5353319645,4229.3352584518125,1532957811.389916,2721018372.2306223,4253976183.620538,1005826.1933998928
UGA-2631,UGA,Uganda,Kalangala,District,72208.56766092777,8856.777782813004,4120210649.6204,117209348.34279154,4237419997.9631915,478438.1071619642
URY-4,URY,Uruguay,Colonia,Department,122113.80086085014,6191.356566153906,360569121.8440633,3845752814.4870386,4206321936.331102,679386.1557458456
TUN-115,TUN,Tunisia,Siliana,Governorate,219060.48652935028,4539.944861956786,2676781872.939772,1529509430.1572034,4206291303.0969753,926507.1341161618
TKM-351,TKM,Turkmenistan,Balkan,Province,513052.04779048567,118612.08139063488,0.0,4205547070.8350363,4205547070.8350363,35456.31289433801
TCD-1472,TCD,Chad,Batha,Prefecture,699364.2585937846,90886.04723770928,2968974264.979859,1214692520.192382,4183666785.172241,46032.00284670767
DZA-2164,DZA,Algeria,El Tarf,Province,560244.0273096152,2733.248421533682,0.0,4162237396.9052014,4162237396.9052014,1522817.08611385
DZA-2222,DZA,Algeria,Souk Ahras,Province,558963.2920284271,4032.334617174079,0.0,4152722392.6873145,4152722392.6873145,1029855.601516921
HUN-4923,HUN,Hungary,Nyíregyháza,Urban county,126122.85231018066,342.77577554710695,214705637.0226212,3930137441.1413536,4144843078.163975,12091995.332950119
ITA-5377,ITA,Italy,Ogliastra,Province,49551.698700407986,1870.9131198868577,948896726.2619855,3175933755.532587,4124830481.794573,2204715.140403751
BGR-2258,BGR,Bulgaria,Shumen,Province,154931.651202783,3359.6622502019063,1079606774.936784,3045128313.563807,4124735088.5005913,1227723.1403998144
HRV-1607,HRV,Croatia,Bjelovarsko-bilogorska,County,107195.4368236661,2672.63588962769,814780502.1211565,3301706913.290391,4116487415.4115477,1540235.0284179535
ECU-1288,ECU,Ecuador,Pastaza,Province,114118.99765689671,29129.86414993726,2874056025.175925,1235716817.607575,4109772842.7834997,141084.5179925891
TUN-117,TUN,Tunisia,Monastir,Governorate,503580.7536315918,1005.4274364117922,592806745.0544752,3516067747.9002748,4108874492.95475,4086694.2199415783
THA-406,THA,Thailand,Ang Thong,Province,223624.25646972656,971.6999689344252,1058412817.3637985,3036800802.9895577,4095213620.3533564,4214483.638240932
SLV-1354,SLV,El Salvador,Usulután,Department,381112.0061196089,2058.0457362186116,1170807113.2403052,2920899415.3322773,4091706528.5725822,1988151.4081852015
BMU-5138,BMU,Bermuda,Paget,,19070.220703125,5.848018006862377,0.0,4084742964.8638425,4084742964.8638425,698483308.3739802
MMR-3266,MMR,Myanmar,Kayin,State,1383001.84070687,29390.467514898755,0.0,4074473238.0831027,4074473238.0831027,138632.47449254256
HTI-1385,HTI,Haiti,Centre,Department,848624.5591659546,3479.109377437869,1743757954.4584417,2325371651.053351,4069129605.5117927,1169589.4449022566
URY-5,URY,Uruguay,San José,Department,119982.6147774756,4914.246185496982,286193407.3247717,3778634971.7816696,4064828379.1064415,827151.9630218447
SOM-2407,SOM,Somalia,Banaadir,Region,3126188.2910461426,203.508545087822,0.0,4064583613.2747717,4064583613.2747717,19972545.18978917
MWI-1920,MWI,Malawi,Zomba,District,887022.3529044986,3017.9412299256137,3027503188.918546,1028570688.0486549,4056073876.967201,1343987.0322018084
MLI-2792,MLI,Mali,Bamako,District,2157192.484375,213.45304130575872,19134085.932592995,4031815267.4690876,4050949353.4016805,18978175.84898656
SRB-273,SRB,Republic of Serbia,Zapadno-Backi,District,172305.12829361483,2356.3811795651773,1558195885.736368,2476941185.0701847,4035137070.806553,1712429.6806474903
SRB-837,SRB,Republic of Serbia,Kolubarski,District,164443.98282051086,2522.1714434982796,1667827429.8159113,2363934711.165479,4031762140.9813905,1598528.1854548682
TCD-5578,TCD,Chad,Tibesti,Préfecture,52883.51222214103,119856.28955746726,3915345094.2957244,91850857.3299116,4007195951.625636,33433.338929654696
SEN-5514,SEN,Senegal,Sédhiou,Region,525413.5732644498,6969.800633054044,2452882094.529644,1549852749.295855,4002734843.825499,574296.8923447629
ALB-1495,ALB,Albania,Fier,County,264081.24915504456,1821.8736733461326,1242339308.038602,2757910541.1913633,4000249849.229965,2195679.046112419
LKA-2456,LKA,Sri Lanka,Vavuniyāva,District,165056.3908428268,2008.2867918165255,2693850529.951442,1297190862.8435247,3991041392.7949667,1987286.5813079465
AGO-1877,AGO,Angola,Bengo,Province,438832.81021627015,33991.60152017621,2493207948.9892125,1495879686.864411,3989087635.8536234,117355.09530158037
GBR-2017,GBR,United Kingdom,Clackmannanshire,Unitary District,49246.56158208847,157.7725449554862,37902083.738259554,3950799578.925052,3988701662.663312,25281341.971055105
DJI-1567,DJI,Djibouti,Djibouti,City,649456.1530862451,179.28284472727242,5400143.383801018,3980143552.2578616,3985543695.6416626,22230480.008862685
RWA-3495,RWA,Rwanda,Kigali City,Province,1587915.9672851562,727.3049607419938,1564177329.3281782,2417005092.0653067,3981182421.393485,5473883.22132699
PNG-1245,PNG,Papua New Guinea,North Solomons,Province,269587.2679721862,9403.854500847889,2581404564.665187,1390073232.709453,3971477797.37464,422324.46248679794
GIN-5636,GIN,Guinea,Faranah,Prefecture,381056.93561166525,13449.843374389462,3178214598.839425,786488071.3913217,3964702670.2307467,294776.86541541
URY-14,URY,Uruguay,Rivera,Department,108277.19097336382,9371.164150844923,545753162.8849053,3409993866.336735,3955747029.22164,422119.06285570527
MDG-5876,MDG,Madagascar,Melaky,Autonomous Province,497524.3958078064,41630.58004884846,3500973197.2610793,450514564.19155866,3951487761.452638,94917.91266938977
UGA-3105,UGA,Uganda,Hoima,District,769540.1132152677,5779.631212716012,2688708992.9840865,1249121788.6656063,3937830781.6496925,681329.0739011001
GIN-5627,GIN,Guinea,Beyla,Prefecture,459534.15948632173,12640.683723492944,2987009174.085706,948462292.7875273,3935471466.873234,311333.75005333667
PRY-603,PRY,Paraguay,Concepción,Department,276475.08284405293,18633.83867682874,1065829517.8624588,2865934044.2901793,3931763562.152638,211001.26658506514
DOM-1392,DOM,Dominican Republic,Valverde,Province,214296.40744400024,767.2717166929533,805932831.0395031,3111332982.0664325,3917265813.1059356,5105447.950029868
NAM-3340,NAM,Namibia,Khomas,Region,412968.85282952036,36646.95183393657,448868041.2449545,3454246952.573845,3903114993.8187995,106505.85651722216
UGA-3093,UGA,Uganda,Mubende,District,974391.572227478,4977.18987188541,2315409872.3262544,1581637815.442902,3897047687.7691565,782981.5193071819
SRB-831,SRB,Republic of Serbia,Podunavski,District,205825.94672441483,1393.3329816505832,921364394.8172066,2958813643.2539206,3880178038.071127,2784817.4766340163
BIH-2226,BIH,Bosnia and Herzegovina,Central Bosnia,Canton,233878.41546967626,3416.8946933026173,1140927467.8005085,2735446708.270299,3876374176.0708075,1134472.825185045
BGR-2255,BGR,Bulgaria,Yambol,Province,124893.81204745546,4390.192071497351,1410761186.8953354,2454744916.884947,3865506103.780282,880486.7852767736
AZE-1690,AZE,Azerbaijan,Abşeron,District,389314.98592340946,1961.1911078437286,695149166.4289069,3163512269.201719,3858661435.6306257,1967509.1428866968
SRB-844,SRB,Republic of Serbia,Zajecarski,District,106107.37281123921,3523.3597571146515,2329879700.7529244,1525327332.7297375,3855207033.482662,1094184.897156164
UGA-3108,UGA,Uganda,Kibale,District,1148634.7356700897,4267.703206919512,1985353661.767508,1864470286.7390466,3849823948.5065546,902083.3365976758
HND-662,HND,Honduras,El Paraíso,Department,511530.16882774234,7625.982004782537,1509231138.5376253,2308972345.9472036,3818203484.484829,500683.5161806429
COD-1883,COD,Democratic Republic of the Congo,Bas-Congo,Province,3927350.5935408603,54367.698999251814,0.0,3816401746.473375,3816401746.473375,70196.12410902095
URY-15,URY,Uruguay,Tacuarembó,Department,91649.47766358283,15945.794235523415,928643175.8816394,2886334175.0587525,3814977350.940392,239246.61854983272
COL-1426,COL,Colombia,Vaupés,Commissiary,71349.45973292366,51750.092567608095,3075334371.436459,735966307.4835405,3811300678.9199996,73648.19056006105
MDV-5243,MDV,Maldives,Addu,City,8328.8564453125,11.889060080392783,31272563.113950595,3778473706.939429,3809746270.0533795,320441333.8222037
BHR-4926,BHR,Bahrain,Al Janūbīyah,Governorate,50282.976506352425,395.2294793452462,356904749.96791714,3444970986.763998,3801875736.731915,9619413.367217097
PRY-604,PRY,Paraguay,Cordillera,Department,339690.17619362473,4576.937095285076,261794402.22484064,3521220178.143006,3783014580.3678465,826538.4692013601
DOM-1964,DOM,Dominican Republic,Monte Cristi,Province,120985.53813230991,1927.3486363386587,2024463445.0746288,1756568388.7746894,3781031833.8493185,1961778.872052988
BFA-2805,BFA,Burkina Faso,Oudalan,Province,319212.24185279757,10000.80379342008,3272312104.1467156,504704869.64797056,3777016973.7946863,377671.3404056315
LKA-2458,LKA,Sri Lanka,Mulativ,District,46371.95376295736,2542.8030777584654,3410833276.648667,364440749.0455247,3775274025.6941915,1484689.891527965
HRV-1604,HRV,Croatia,Brodsko-Posavska,County,98794.0776040554,2393.134490497915,729571629.7826772,3042938194.7855697,3772509824.568247,1576388.5563252817
BFA-2874,BFA,Burkina Faso,Gnagna,Province,591653.757265091,8647.90278071258,2829636250.18107,935460779.0227288,3765097029.203799,435376.891331514
PRY-619,PRY,Paraguay,Canindeyú,Department,280824.6292848238,14892.032272086606,851803423.429205,2911021337.848773,3762824761.277978,252673.69104020533
SRB-274,SRB,Republic of Serbia,Severno-Backi,District,185100.15759555995,1661.2832240315456,1098550908.1372302,2660873812.9381275,3759424721.0753574,2262964.355922474
UGA-5598,UGA,Uganda,Buvuma,District,119131.49070549011,7651.419563456892,3559472885.4150105,193374897.81356528,3752847783.2285757,490477.3228162969
IND-2445,IND,India,Dadra and Nagar Haveli and Daman and Diu,Union Territory,669048.0361328125,574.2391131343263,1263061675.459597,2482332825.3866673,3745394500.8462644,6522360.485692203
TUR-4841,TUR,Turkey,Kilis,Province,164505.1422472,1352.275034913218,875477322.2155716,2863306422.2960696,3738783744.5116415,2764810.15176885
NIC-666,NIC,Nicaragua,Matagalpa,Department,671385.6279392242,8607.088960989837,1272494295.5296655,2457789537.207797,3730283832.7374625,433396.68610889674
HKG-5154,HKG,Hong Kong S.A.R.,Wan Chai,,32175.25382259077,6.038534249790569,0.0,3720757918.0955,3720757918.0955,616169050.9952055
GEO-3033,GEO,Georgia,Kakheti,Region,299623.916525546,11196.079745981155,1196602308.0501032,2523341047.2344584,3719943355.2845616,332254.0960482029
GIN-5629,GIN,Guinea,Boke,Prefecture,561142.1301834881,10834.114107553627,2560114542.8715563,1158177559.571282,3718292102.442838,343202.22821452626
HRV-1608,HRV,Croatia,Koprivničko-Križevačka,County,103975.00279260427,1674.1478146171307,510381156.7870558,3202514917.6306934,3712896074.4177494,2217782.7083129277
PHL-2524,PHL,Philippines,Sulu,Province,291127.8646430969,1179.8405344701514,1714526844.0147994,1997091410.3005557,3711618254.3153553,3145864.3315574736
PAN-1338,PAN,Panama,Herrera,Province,128721.73873054981,2367.9345285556797,290883645.9914636,3414671397.956054,3705555043.947518,1564889.146748377
DZA-2219,DZA,Algeria,Khenchela,Province,498759.59277763497,9856.18061170339,0.0,3705449282.687342,3705449282.687342,375951.84470213857
TCD-1473,TCD,Chad,Wadi Fira,Prefecture,1099513.3104733955,54881.57165221926,1792816156.1578107,1909692378.0026114,3702508534.1604223,67463.6024934374
BGR-2247,BGR,Bulgaria,Lovech,Province,120452.79101893865,4134.3980599571,1328563356.4942238,2367458176.11841,3696021532.6126337,893968.4759456823
BWA-2629,BWA,Botswana,North-West,District,219053.60405994236,133166.99647345237,1191695141.5474734,2499636495.76352,3691331637.310993,27719.568174287706
LBY-2981,LBY,Libya,Al Marj,Municipality|Governarate,265410.7485665481,14849.202985203621,0.0,3681459576.596306,3681459576.596306,247923.04208277503
MWI-1908,MWI,Malawi,Dowa,District,780000.7869873047,2766.953690563723,2775720427.7891407,904470945.4310702,3680191373.220211,1330051.6686531282
JOR-859,JOR,Jordan,Karak,Province,369550.372847639,3475.1784217722793,554672594.6220698,3122924490.957087,3677597085.579157,1058246.9845400478
TCD-5580,TCD,Chad,Chari-Baguirmi,Prefecture,1246807.3458789447,46080.94196954594,1505326009.5664873,2165520383.047968,3670846392.614455,79660.8366868987
HND-646,HND,Honduras,Comayagua,Department,589193.1208132505,5102.60568176003,1009838651.3057146,2659531549.229602,3669370200.5353165,719116.9432613591
PHL-2539,PHL,Philippines,Catanduanes,Province,219787.18319797516,1487.0400015975415,2160944573.757816,1507705544.424391,3668650118.182207,2467082.334194736
BGR-2250,BGR,Bulgaria,Montana,Province,123595.631438151,3840.2426757756893,1234038335.2283814,2429229623.5357623,3663267958.764144,953915.7464896933
VEN-28,VEN,Venezuela,Táchira,State,1230712.87810608,10238.949775653628,0.0,3663201527.365926,3663201527.365926,357771.21752040985
PHL-5525,PHL,Philippines,Bacolod,Highly Urbanized City,501681.24462890625,151.2602000774994,219809089.3532385,3441454515.4774046,3661263604.830643,24205069.16528449
IND-2427,IND,India,Chandigarh,Union Territory,914588.8505859375,118.74014183187168,261173645.36154738,3393349659.4128785,3654523304.774426,30777488.12148964
GBR-2135,GBR,United Kingdom,Strabane,District,42853.65893891454,867.287052360337,208350486.41032106,3437929720.414022,3646280206.824343,4204236.875093346
HTI-1387,HTI,Haiti,Nord,Department,954872.4893035889,2049.8433937844006,1027398203.2545253,2616508552.5919695,3643906755.8464947,1777651.2912623778
ECU-1278,ECU,Ecuador,Cañar,Province,299647.4210743811,4041.7807131710592,398776463.60922515,3244677618.7748404,3643454082.3840656,901447.7382484023
UGA-3125,UGA,Uganda,Kaabong,District,195559.49463066994,7148.481728555946,3325504068.0560465,317433258.5509696,3642937326.607016,509609.93745771534
HRV-1609,HRV,Croatia,Medimurska,County,110033.43440532684,810.2947725468839,247026684.1076765,3389119554.284471,3636146238.3921475,4487436.376965839
GIN-5634,GIN,Guinea,Dinguiraye,Prefecture,273378.79509951174,12967.395001625506,3064211452.570494,564244188.2653828,3628455640.835877,279813.7667882437
UGA-3080,UGA,Uganda,Arua,County,1013164.8944070339,4233.230519720616,1969316821.2369092,1644574887.4963331,3613891708.733242,853695.9402276423
DOM-1982,DOM,Dominican Republic,María Trinidad Sánchez,Province,151129.7829632759,1347.2365043751881,1415120753.7412295,2194227537.057793,3609348290.7990227,2679075.4845771794
SWZ-535,SWZ,Swaziland,Lubombo,District,241818.1614637263,5468.693789918181,1982173639.841306,1616069543.412575,3598243183.253881,657971.230696337
KHM-1801,KHM,Cambodia,Svay Rieng,Province,436452.8577079773,2744.9120503735176,1796973470.08751,1791662253.115109,3588635723.202619,1307377.3065750105
MDG-5870,MDG,Madagascar,Boeny,Autonomous Province,1142785.262267258,30279.445183903845,2546385995.40041,1034806350.669391,3581192346.0698013,118271.3991065304
MLT-5933,MLT,Malta,Swieqi,,82143.125,2.9032395749645548,2142079.0560350684,3575874884.211281,3578016963.267316,1232422220.3780751
ALB-1494,ALB,Albania,Durrës,County,290003.9606513977,805.631756167902,549361908.6406345,3028632220.677517,3577994129.3181515,4441227.771776738
MNE-1517,MNE,Montenegro,Podgorica,Municipality,216097.58564910293,1437.3166966321005,112808724.77863906,3459963820.6155868,3572772545.3942256,2485723.956150996
DZA-2192,DZA,Algeria,Ghardaïa,Province,480694.67843561154,75483.79177158022,0.0,3571239084.307654,3571239084.307654,47311.33665243658
FJI-2617,FJI,Fiji,Central,Division,341749.64192947745,4567.37891838717,0.0,3568006595.793334,3568006595.793334,781193.4721311159
DOM-1976,DOM,Dominican Republic,Monseñor Nouel,Province,174178.05284399592,975.7570921292154,1024923320.5884885,2528861435.5667634,3553784756.155252,3642079.350302728
MWI-1921,MWI,Malawi,Blantyre,District,1331734.792175293,2001.2433794812005,2007584061.976846,1544248988.7665226,3551833050.7433686,1774813.1422496652
GUY-677,GUY,Guyana,East Berbice-Corentyne,Region,230741.93703469634,2116.033284136913,80728177.49639682,3461483342.950979,3542211520.4473763,1673986.6745017539
HND-640,HND,Honduras,Gracias a Dios,Department,81392.38877223432,16033.21958256244,3173077805.5651193,367393335.3263452,3540471140.891464,220820.97252270175
ECU-5507,ECU,Ecuador,Santa Elena,Province,288191.9465613961,4174.993511900637,411919712.2302495,3120634095.7855287,3532553808.015778,846121.9874824686
BFA-2823,BFA,Burkina Faso,Yatenga,Province,744966.4692191482,7195.032113934968,2354249834.562748,1177862736.5824625,3532112571.1452103,490909.91050677816
URY-12,URY,Uruguay,Cerro Largo,Department,86396.76241623866,13810.358482795866,804280738.3627648,2720909429.421757,3525190167.784522,255256.96325522594
GTM-1963,GTM,Guatemala,Zacapa,Department,242373.04634462297,2577.9983513867883,1427159413.3742692,2096657670.3672476,3523817083.741517,1366881.0462372648
UZB-357,UZB,Uzbekistan,Navoi,Region,877077.5370524155,110062.75081952034,0.0,3518220830.7959476,3518220830.7959476,31965.590579914602
SLV-1343,SLV,El Salvador,Ahuachapán,Department,366555.8887786865,1226.3974295362364,697688495.8829353,2809339154.9681244,3507027650.85106,2859617.5810456863
MDG-5882,MDG,Madagascar,Vatovavy-Fitovinany,Autonomous Province,1888842.7314834893,21360.936863998235,1796373419.286829,1710370721.8598378,3506744141.1466665,164166.2144068662
BFA-2800,BFA,Burkina Faso,Kénédougou,Province,463040.4098598063,8426.833165582448,2757301186.680939,732110862.4894308,3489412049.17037,414083.43806094426
SVN-1031,SVN,Slovenia,Koper,Commune|Municipality,70029.03562164307,312.4140001547609,94535978.64569509,3382909484.384455,3477445463.0301504,11130888.696753424
UZB-4828,UZB,Uzbekistan,Tashkent,Region,866834.12109375,242.6941113524544,0.0,3477131419.7897105,3477131419.7897105,14327217.913993882
GIN-5654,GIN,Guinea,Mandiana,Prefecture,410098.0939322971,11071.110180521811,2616117007.5849633,846427997.591328,3462545005.1762915,312754.9946407536
SYR-144,SYR,Syria,Rif Dimashq,Province,2930745.638693738,18146.728159805018,0.0,3461041653.941279,3461041653.941279,190725.3816479977
HTI-1362,HTI,Haiti,Sud,Department,773931.5256505013,2667.62275820896,1337034252.0093172,2120700385.3069081,3457734637.316225,1296185.761902011
DOM-1395,DOM,Dominican Republic,Sánchez Ramírez,Province,151463.23776388168,1195.7683023998782,1256020406.140021,2199068910.4225063,3455089316.5625277,2889430.426971719
BDI-2641,BDI,Burundi,Makamba,Province,622502.4079589844,2448.0894892447145,3126026283.357171,312902831.5005644,3438929114.8577356,1404739.9533252828
EGY-1538,EGY,Egypt,Bur Sa`id,Governorate,439466.9050731659,400.52992151579105,352948873.1745879,3071419109.583948,3424367982.758536,8549593.423130883
ARM-1672,ARM,Armenia,Gegharkunik,Province,220247.44135969377,5271.866767483035,1502433507.6666858,1917933028.2319028,3420366535.8985887,648796.0881324749
SWZ-534,SWZ,Swaziland,Hhohho,District,316754.7208561748,3575.1625096074404,1295847446.7444596,2116870188.7786157,3412717635.523075,954562.9398250201
HKG-5159,HKG,Hong Kong S.A.R.,Sham Shui Po,,29438.70252591989,5.524948286417263,0.0,3404302142.4393125,3404302142.4393125,616169050.9952055
TCD-1474,TCD,Chad,Guéra,Prefecture,794379.1952619161,61878.03308192599,2021369543.1963534,1379719444.9445786,3401088988.140932,54964.40043008347
NCL-559,NCL,New Caledonia,Nord,Province,35144.198167965194,9511.705393657898,0.0,3398865818.610994,3398865818.610994,357335.0601120646
BFA-2826,BFA,Burkina Faso,Boulgou,Province,765900.9663131163,6671.70303244047,2183013989.604651,1210962164.6170218,3393976154.221673,508712.11409123166
GBR-2091,GBR,United Kingdom,Mid Ulster,Province,40449.65424537659,611.1120601333364,146808942.47582206,3245068728.177398,3391877670.65322,5550336.659880609
GRL-2739,GRL,Greenland,Kommuneqarfik Sermersooq,,11346.352056741714,544727.6081808523,0.0,3385555077.230201,3385555077.230201,6215.133997956241
TUR-3032,TUR,Turkey,Bayburt,Province,62776.23701244593,3541.521059241119,2292818615.640157,1092656437.0566118,3385475052.6967688,955938.1395919786
KHM-1782,KHM,Cambodia,Otdar Mean Chey,Province,238406.33504872024,3667.4205515792537,2400899305.2964463,978670717.5053021,3379570022.8017483,921511.4479702766
MDG-5860,MDG,Madagascar,Alaotra-Mangoro,Autonomous Province,1151640.6757796658,27684.207498134027,2328136392.1582537,1042825038.3817812,3370961430.540035,121764.77982139256
GEO-3015,GEO,Georgia,Abkhazia,Autonomous Republic,289898.8260942707,8637.77601572305,923178733.211876,2441439308.021288,3364618041.233164,389523.64996599406
HUN-4915,HUN,Hungary,Kecskemét,Urban county,102681.97171020508,243.09673536495944,152269335.08164507,3199691841.3802733,3351961176.4619184,13788589.844407586
JAM-1379,JAM,Jamaica,Saint Ann,Parish,166438.89414668083,1250.963319826948,1459535732.9269555,1891196655.3342066,3350732388.261162,2678521.69216655
HUN-4908,HUN,Hungary,Székesfehérvár,Urban county,101462.71829795837,295.331643144328,184987893.24605048,3161698461.1328516,3346686354.378902,11331959.95778679
BGR-2236,BGR,Bulgaria,Smolyan,Province,110149.8479283452,3654.9423136608116,1174493204.962552,2164957373.508755,3339450578.4713073,913680.7894312548
HND-637,HND,Honduras,Atlántida,Department,540930.3646196052,4519.4076206335085,894419984.8002177,2441680528.544553,3336100513.3447704,738172.077710736
NIC-656,NIC,Nicaragua,Jinotega,Department,529462.7217299305,9454.258741994767,1397742067.2861588,1938242172.0936582,3335984239.379817,352855.1873201593
SRB-275,SRB,Republic of Serbia,Severno-Banatski,District,128297.23057561181,2253.58744335478,1490221833.7317314,1844313616.723356,3334535450.4550877,1479656.5628228586
BGR-2252,BGR,Bulgaria,Kyustendil,Province,117632.81542923069,3174.862898811048,1020222641.38184,2312032525.8712626,3332255167.2531023,1049574.508713745
HRV-1606,HRV,Croatia,Viroviticko-Podravska,County,87440.7198471129,2087.064495671082,636263048.154685,2693245512.840359,3329508560.995044,1595306.9816007111
PHL-5526,PHL,Philippines,Iloilo,Highly Urbanized City,452819.96875,133.55657768755583,194082446.69513476,3106273839.8876033,3300356286.582738,24711297.21745071
UGA-5615,UGA,Uganda,Napak,District,298806.13267752156,6045.844939700488,2812552749.6971745,485023775.2453435,3297576524.942518,545428.5642175071
BGR-2261,BGR,Bulgaria,Silistra,Province,117745.76487521827,3059.5465155028865,983166431.7365947,2314252508.3816667,3297418940.1182613,1077747.6084805583
FJI-2620,FJI,Fiji,Western,Division,315471.9654114768,6579.305067713438,0.0,3293656862.435902,3293656862.435902,500608.6248529246
URY-11,URY,Uruguay,Soriano,Department,87779.66201178497,9028.688400491279,525808231.7153846,2764461345.537983,3290269577.2533674,364423.87103251164
CHE-3473,CHE,Switzerland,Appenzell Innerrhoden,Canton,19432.136486053467,166.36935423935392,51773482.5008517,3236057979.0928426,3287831461.593694,19762242.130624153
MDG-5865,MDG,Madagascar,Anosy,Autonomous Province,784549.9478421211,30573.92999537718,2571151046.2538667,710419792.1083279,3281570838.3621945,107332.32001441662
MUS-5184,MUS,Mauritius,Flacq,District,158837.24487304688,302.16670913387145,446111655.6431628,2825760910.1668487,3271872565.8100114,10828037.857606763
PHL-5532,PHL,Philippines,Butuan,Highly Urbanized City,358925.8752441406,556.7436893630157,809051708.9052227,2462175110.8003354,3271226819.705558,5875642.386621839
GIN-5652,GIN,Guinea,Mali,Prefecture,402003.3325313628,10317.535828624725,2438046457.628169,829720695.643459,3267767153.271628,316719.7291630055
PHL-5542,PHL,Philippines,Mandaluyong City,Province,473918.84375,11.160187421925254,16217819.578236608,3251008807.394618,3267226626.9728546,292757325.97053665
MLT-5959,MLT,Malta,Fgura,,74924.96875,1.504706352997978,1110208.055867808,3261652316.65389,3262762524.709758,2168371601.6809707
BFA-2837,BFA,Burkina Faso,Poni,Province,387718.4901994467,8085.838733387983,2645726134.218582,613019754.2563474,3258745888.47493,403018.90699587436
GEO-3029,GEO,Georgia,Samegrelo-Zemo Svaneti,Region,289406.87922725687,7576.623022845066,809765989.7086996,2437296281.8670707,3247062271.5757704,428563.26120294153
ARM-1554,ARM,Armenia,Armavir,Province,331896.2787050344,1247.048413470464,355397320.28833646,2890180385.0518584,3245577705.3401947,2602607.6215501036
MUS-5189,MUS,Mauritius,Port Louis,City,178622.8203125,39.55998969681287,58405416.50487656,3177752067.572344,3236157484.0772204,81803799.97262587
SLV-1347,SLV,El Salvador,La Paz,Department,336304.53816469014,1150.946925587034,654765257.994354,2577488279.3656845,3232253537.3600388,2808342.822334267
DZA-2204,DZA,Algeria,Saïda,Province,434759.1381670423,9259.541114332811,0.0,3229968826.6468415,3229968826.6468415,348826.0148925938
LKA-2457,LKA,Sri Lanka,Mannārama,District,71046.11944059469,1980.3404194258728,2656364175.7207866,558356913.7082846,3214721089.4290714,1623317.4144680954
PNG-1255,PNG,Papua New Guinea,New Ireland,Province,123713.15527206287,9337.663393814102,2563234778.4544525,637902327.4031823,3201137105.8576345,342819.9294459772
ISL-705,ISL,Iceland,Suðurland,Region,21659.64865383684,24966.235800076363,177566621.2819336,3007055850.1259108,3184622471.4078445,127557.17349261373
UZB-371,UZB,Uzbekistan,Sirdaryo,Region,793664.5069700778,4836.047560182438,0.0,3183626171.1473427,3183626171.1473427,658311.5925822784
UGA-3088,UGA,Uganda,Kampala,District,1871208.2890625,308.7965145661623,143653450.3948077,3037355694.472829,3181009144.8676367,10301311.688497309
TCD-1465,TCD,Chad,Kanem,Prefecture,552602.1436966821,67978.73637536194,2220661201.564065,959788382.5809239,3180449584.144989,46785.947396599506
BWA-2649,BWA,Botswana,Southern,District,257485.9446611551,27008.609100622856,241696734.90821436,2938190709.909741,3179887444.8179555,117736.06826516005
BGR-2245,BGR,Bulgaria,Pernik,Province,122453.38997676969,2402.188556542882,771928499.7066154,2406779260.501639,3178707760.2082543,1323254.892523051
LBY-2982,LBY,Libya,Al Jabal al Akhdar,Municipality|Governarate,228937.9850490354,8442.593507659329,0.0,3175553145.6711373,3175553145.6711373,376134.7911385521
HND-650,HND,Honduras,Santa Bárbara,Department,480550.1399445534,5084.56307180342,1006267902.1549916,2169133027.9029584,3175400930.05795,624517.954682718
MDG-5868,MDG,Madagascar,Atsinanana,Autonomous Province,1432325.8536176793,22187.62942483021,1865895114.5034666,1296988978.1488104,3162884092.652277,142551.6909486819
JAM-1372,JAM,Jamaica,Manchester,Parish,194042.18714618683,816.7303469585526,952903339.8970798,2204844830.3267035,3157748170.2237835,3866328.9321659463
MDG-5881,MDG,Madagascar,Vakinankaratra,Autonomous Province,1869428.4167411476,17351.234897172977,1459172758.1769304,1692790816.9970367,3151963575.1739674,181656.44081548997
AGO-1878,AGO,Angola,Cuanza Norte,Province,412303.6760813603,23730.058002691894,1740546682.0140517,1405447996.3922353,3145994678.406287,132574.25152729973
TTO-59,TTO,Trinidad and Tobago,Penal-Debe,Region,108647.14116001129,239.05350911370348,64933402.05686037,3078240921.9777846,3143174324.034645,13148413.238893827
ISL-702,ISL,Iceland,Norðurland eystra,Region,21479.808369374834,22343.08803978657,158910084.96433198,2982088234.6247244,3140998319.5890565,140580.31342828923
MDA-1627,MDA,Moldova,Chişinău,City,427268.6248474121,176.23133330917668,21644949.655437343,3113258646.175031,3134903595.8304687,17788571.06148461
DOM-1971,DOM,Dominican Republic,Independencia,Province,63815.51227505505,2087.359069297733,2192536447.6693144,926526536.1983696,3119062983.867684,1494262.7886811325
ISL-704,ISL,Iceland,Suðurnes,Independent Town,22406.568317542784,881.8126647991054,6271690.163701668,3110752321.8562202,3117024012.019922,3534791.6132844863
ALB-1504,ALB,Albania,Vlorë,County,129078.13956560194,2591.691531104963,1767279647.5997663,1348016804.9960296,3115296452.5957956,1202032.1150131607
ARG-1272,ARG,Argentina,Tierra del Fuego,National Territory,110832.01155751199,21078.43102578447,1274604597.8056428,1840297262.6050577,3114901860.410701,147776.7418552337
VEN-46,VEN,Venezuela,Monagas,State,1043860.0907732627,27871.13809818255,0.0,3107036537.0365086,3107036537.0365086,111478.63880158936
MRT-2796,MRT,Mauritania,Hodh ech Chargui,Region,587766.0143214464,185127.79036978338,1011576857.624067,2094879354.3022537,3106456211.9263206,16780.06422332018
HND-638,HND,Honduras,Colón,Department,321966.1191142576,8314.878675101514,1645568243.1135676,1453307958.4932706,3098876201.606838,372690.4892654979
BDI-2635,BDI,Burundi,Ruyigi,Province,601759.8989372253,2189.6075811030937,2795964313.7384415,302476542.8270561,3098440856.5654974,1415066.7376683753
TUN-120,TUN,Tunisia,Zaghouan,Governorate,200775.07162094116,2874.3794868542795,1694753381.441992,1401838233.129155,3096591614.571147,1077307.860264497
JAM-1373,JAM,Jamaica,Saint Elizabeth,Parish,153919.99832725525,1154.7024589986381,1347225352.7307858,1748948090.0360622,3096173442.766848,2681360.3960381798
GIN-5639,GIN,Guinea,Gaoual,Prefecture,233598.39211299806,11054.353460184853,2612157373.8761425,482138839.95618135,3094296213.832324,279916.5256455062
KGZ-1119,KGZ,Kyrgyzstan,Batken,Region,508642.184606835,16883.276199137257,1814425117.106137,1270917830.9610248,3085342948.0671616,182745.5116930933
DOM-1986,DOM,Dominican Republic,El Seybo,Province,78582.42888209224,1850.680737571086,1943932421.5020154,1140924879.273279,3084857300.7752943,1666877.0783360482
GIN-5643,GIN,Guinea,Kindia,Prefecture,511686.03622353077,8564.80672151706,2023874405.1396215,1056101926.4518406,3079976331.591462,359608.38717512996
DOM-1973,DOM,Dominican Republic,Pedernales,Province,60991.64147462696,2087.52820824013,2192714109.1466227,885527237.7814692,3078241346.928092,1474586.7072728914
BGR-2257,BGR,Bulgaria,Targovishte,Province,111785.60355383158,2722.6832525167224,874917496.616608,2197107587.6875243,3072025084.3041325,1128307.92251155
VIR-4868,VIR,United States Virgin Islands,Saint Thomas,,27717.296752929688,81.88534862428503,0.0,3069518389.9014597,3069518389.9014597,37485562.94222239
SOM-2316,SOM,Somalia,Shabeellaha Hoose,Region,2353984.0240724087,25671.821947176493,0.0,3060584967.8214707,3060584967.8214707,119219.62430711265
TCD-1475,TCD,Chad,Ouaddaï,Prefecture,1176759.5812200224,31018.670168945846,1013286816.453036,2043857751.962883,3057144568.415919,98558.20870994529
AZE-1679,AZE,Azerbaijan,Gəncə,Municipality,372860.58203125,73.15204522939305,25928928.11944884,3029806374.290477,3055735302.4099255,41772383.708857775
ECU-1290,ECU,Ecuador,Tungurahua,Province,166325.77546252683,12575.948857845522,1240787852.670884,1801028419.1121666,3041816271.7830505,241875.68716816223
TCD-1489,TCD,Chad,Salamat,Prefecture,430855.15619660355,69970.47657030876,2285725373.24992,748331830.068998,3034057203.3189178,43361.96281684878
LIE-4902,LIE,Liechtenstein,Eschen,,11467.28857421875,7.590739336322463,0.0,3033911030.7071776,3033911030.7071776,399685840.37520605
ARM-1673,ARM,Armenia,Kotayk,Province,276843.6319371648,2123.2674065517235,605111668.7956244,2410777360.5452394,3015889029.3408637,1420400.0023900878
BDI-2643,BDI,Burundi,Kirundo,Province,1019419.466340065,1948.7136837679457,2488360912.033406,512414463.6652035,3000775375.6986094,1539874.944530817
THA-414,THA,Thailand,Sing Buri,Province,151938.05477905273,850.9054500101979,926838801.5316296,2063307505.3741417,2990146306.9057713,3514075.866913222
BFA-2802,BFA,Burkina Faso,Kossi,Province,354636.7543619871,7419.475908504452,2427688946.1423154,560714388.1567819,2988403334.299097,402778.2246551524
HTI-1361,HTI,Haiti,Nord-Ouest,Department,706294.1756272316,2099.6041341752493,1052338691.5987535,1935362859.3094707,2987701550.908224,1422983.267310926
MDG-5879,MDG,Madagascar,Sava,Autonomous Province,1069611.6417227872,23941.230529652395,2013366287.3640451,968546721.9000604,2981913009.264106,124551.36779919727
PER-568,PER,Peru,Tumbes,Department,235672.0563662164,4550.104325323563,157553318.51792032,2819377769.9138093,2976931088.43173,654255.5676940521
BFA-2804,BFA,Burkina Faso,Mou Houn,Province,421745.850180164,7024.058881969798,2298306553.6023903,666820241.9314162,2965126795.5338063,422138.6587668067
AFG-1742,AFG,Afghanistan,Hirat,Province,2985221.2862581983,55431.230782094324,0.0,2960021507.5577955,2960021507.5577955,53399.88785733325
HND-661,HND,Honduras,Choluteca,Department,458906.7643928528,4481.58922266336,886935479.3568056,2071437997.057857,2958373476.4146624,660117.0543373749
SRB-121,SRB,Republic of Serbia,Pirotski,District,82605.2898344621,2670.2060861254554,1765717776.7124538,1187477392.7040503,2953195169.416504,1105980.2405370418
DOM-1980,DOM,Dominican Republic,Hato Mayor,Province,103184.42792844772,1380.195422913394,1449740398.8390384,1498117106.4817328,2947857505.320771,2135826.170976765
PHL-2535,PHL,Philippines,Romblon,Province,167415.19440460205,1236.9524119971438,1797520981.164095,1148441929.8342016,2945962910.9982967,2381629.9498877563
UGA-5603,UGA,Uganda,Lamwo,District,166014.3610779792,5731.941651452218,2666523606.4910316,269475433.5644279,2935999040.0554595,512217.1889714907
GBR-2102,GBR,United Kingdom,Limavady,District,34761.09662226401,610.9413497894187,146767932.31304643,2788704865.603524,2935472797.9165707,4804835.683373501
BGR-2256,BGR,Bulgaria,Razgrad,Province,106317.55578200659,2581.9018383232765,829678256.112807,2089634989.540938,2919313245.6537447,1130683.2825021683
GIN-5644,GIN,Guinea,Kissidougou,Prefecture,378295.137060374,9034.514646860654,2134866967.9496963,780787816.6178724,2915654784.567569,322724.008818859
MDG-5863,MDG,Madagascar,Analanjirofo,Autonomous Province,1160291.766786065,22172.3546005685,1864610559.9699872,1050658709.5090058,2915269269.478993,131482.1687636299
MDG-5869,MDG,Madagascar,Betsiboka,Autonomous Province,359284.1787150302,30677.07625176076,2579825253.497028,325336318.2963423,2905161571.7933702,94701.38379392083
JAM-1374,JAM,Jamaica,Saint James,Parish,187127.49600982666,663.469802228344,774089750.4526398,2126275209.8254473,2900364960.278087,4371510.128323639
SWZ-537,SWZ,Swaziland,Shiselweni,District,224755.54737091064,3838.6304878281126,1391343611.1729884,1502040180.193974,2893383791.3669624,753754.1840876775
BWA-5501,BWA,Botswana,Gaborone,City,252382.98638916016,285.1600129719978,2551862.0305451597,2879960484.5373864,2882512346.5679317,10108403.055974714
BFA-2824,BFA,Burkina Faso,Namentenga,Province,480634.8836545944,6463.426507820011,2114864888.1320717,759929396.4891956,2874794284.6212673,444778.6760077017
DOM-1969,DOM,Dominican Republic,Bahoruco,Province,103873.91429567337,1300.8828664826967,1366431459.188977,1508127641.4254646,2874559100.614442,2209698.6398065356
HTI-1389,HTI,Haiti,Sud-Est,Department,677086.9421520233,2027.9147675316156,1016407397.1859906,1855330208.8336272,2871737606.019618,1416103.7002137455
SVN-1013,SVN,Slovenia,Kranj,Commune|Municipality,58492.34948730469,147.96191727238013,44773040.40378702,2825604009.6513696,2870377050.0551567,19399431.30617277
NOR-901,NOR,Norway,Svalbard,Territory,2620.8331153690815,62081.61586937383,2436864569.919376,431219804.0709526,2868084373.9903283,46198.6102298799
HUN-4907,HUN,Hungary,Érd,Urban county,89470.96362304688,111.14627030182783,69619070.1625671,2788021184.020976,2857640254.183543,25710626.60423387
BEN-2180,BEN,Benin,Mono,Department,600658.9020690918,1726.924234849094,1427066727.8772907,1429878935.7966015,2856945663.673892,1654354.9543292755
PHL-5554,PHL,Philippines,Pasay,Highly Urbanized City,412705.375,17.739562699781068,25778870.585690793,2831094029.449211,2856872900.034902,161045283.26789927
URY-18,URY,Uruguay,Florida,Department,71423.39583586459,10425.335886947818,607145488.3144151,2249350389.715532,2856495878.029947,273995.57280511095
MDG-5873,MDG,Madagascar,Haute Matsiatra,Autonomous Province,1159901.7023796588,21466.952501836582,1805288930.5798998,1050305501.3094896,2855594431.8893895,133022.81409739377
DZA-2206,DZA,Algeria,Tissemsilt,Province,382806.30529785156,3023.312329990905,0.0,2843994120.442954,2843994120.442954,940688.1625265325
BRN-1181,BRN,Brunei,Belait,District,50008.13642700296,2769.8333594264877,0.0,2841853323.842691,2841853323.842691,1026001.5513825407
BDI-2639,BDI,Burundi,Gitega,Province,988236.1110839844,1835.8973119177952,2344302884.275045,496740050.1519974,2841042934.4270425,1547495.5576133302
TCD-5583,TCD,Chad,Moyen-Chari,Prefecture,845347.6243177876,41805.42191963824,1365657607.3927095,1468244085.4010525,2833901692.793762,67787.89837933742
RUS-2381,RUS,Russia,Nenets,Autonomous Province,38640.048039793066,177790.2440871251,2074464848.254304,754469362.7864362,2828934211.04074,15911.639165388833
MUS-5196,MUS,Mauritius,Vacoas-Phoenix,City,156923.03125,23.701083904647522,34991709.74707022,2791706491.544578,2826698201.2916484,119264511.81151947
PAN-1339,PAN,Panama,Los Santos,Province,88879.57020610571,3724.1873817288592,457489508.6366491,2357756578.169863,2815246086.8065124,755935.6708575727
BFA-2876,BFA,Burkina Faso,Séno,Province,376085.82922551036,6743.3050099419315,2206442508.201629,594627412.5139623,2801069920.7155914,415385.32167621946
PRY-608,PRY,Paraguay,Guairá,Department,249020.05807876587,3770.5169847177035,215668299.46377012,2581335919.380498,2797004218.844268,741809.2081751166
ARM-1671,ARM,Armenia,Ararat,Province,256474.14531496726,1974.1457350900646,562613364.9110924,2233398177.751291,2796011542.662383,1416314.658519789
PAN-1418,PAN,Panama,Darién,Province,51549.18409867585,11616.522734346487,1427005876.2015204,1367473173.2624073,2794479049.4639277,240560.71798503972
JOR-849,JOR,Jordan,Aqaba,Province,207352.48915340094,6491.771514748439,1036150468.4823673,1752254128.8438766,2788404597.326244,429529.07245601
GIN-5651,GIN,Guinea,Macenta,Prefecture,322253.57471061125,8960.513460793602,2117380396.2965586,665120009.0775858,2782500405.3741446,310529.12509410013
BFA-2820,BFA,Burkina Faso,Sissili,Province,320347.6687991321,6937.400575000257,2269951530.0783944,506500087.48052734,2776451617.558922,400214.9778642152
UGA-3075,UGA,Uganda,Mukono,District,968359.2975234985,2585.681621130451,1202870074.5527508,1571846193.617661,2774716268.170412,1073108.2456150637
EST-1658,EST,Estonia,Lääne-Viru,County,47427.82625552267,3503.308531339889,498134584.99441856,2274581382.4716787,2772715967.4660974,791456.4026153967
URY-6,URY,Uruguay,Artigas,Department,65363.887855379726,12182.284593306707,709465786.8480241,2058517169.3417695,2767982956.1897936,227213.78202825782
NAM-3338,NAM,Namibia,Karas,Region,95624.44798686657,160193.59242838452,1962121826.0977943,799843513.105205,2761965339.202999,17241.422065228682
LVA-4850,LVA,Latvia,Daugavpils,Republican City,80474.8984375,95.72892282870727,20767687.53542035,2733590468.083869,2754358155.6192894,28772476.219624925
TTO-54,TTO,Trinidad and Tobago,Sangre Grande,Region,88539.6870598793,898.8916933811057,244163308.65959042,2508547256.898656,2752710565.558246,3062338.417217047
ARM-1674,ARM,Armenia,Lori,Province,193385.54648363264,3736.404966932714,1064841026.5519879,1684017414.6582,2748858441.210188,735696.0676205229
ALB-1526,ALB,Albania,Dibër,County,105238.25225901604,2412.0240079945393,1644764003.620972,1099046926.5437884,2743810930.1647606,1137555.397902562
TCD-1485,TCD,Chad,Logone Oriental,Prefecture,1148299.2626856598,22921.093692854443,748763307.1035537,1994426378.2242622,2743189685.327816,119679.70298829999
GBR-2095,GBR,United Kingdom,Larne,District,33108.26563024521,346.9478501489864,83348129.25066368,2656106694.7359524,2739454823.986616,7895869.142322799
MWI-1915,MWI,Malawi,Balaka,District,460944.60670781136,2195.524636174228,2202480873.8672953,534500748.1731587,2736981622.040454,1246618.4969847263
GBR-2101,GBR,United Kingdom,Ballymoney,District,32769.81668806076,414.354034038757,99541281.40516196,2628954668.3748617,2728495949.7800236,6584938.785765052
VEN-26,VEN,Venezuela,Barinas,State,915617.608036045,36839.502317477054,0.0,2725324387.1164503,2725324387.1164503,73978.3171778498
ARM-1555,ARM,Armenia,Shirak,Province,218368.68525338173,2886.8990764148907,822739666.4139422,1901572663.8796856,2724312330.2936277,943681.1811505471
LBY-2983,LBY,Libya,Ajdabiya,Municipality|Governarate,196306.97803880819,197302.41053786033,0.0,2722934953.3010526,2722934953.3010526,13800.819492666811
BGR-2246,BGR,Bulgaria,Gabrovo,Province,104526.33846120536,2072.129006845016,665865895.953817,2054429229.2138982,2720295125.167715,1312802.0100010973
MMR-3279,MMR,Myanmar,Tanintharyi,Division,922316.709118072,38459.09765719953,0.0,2717244936.143919,2717244936.143919,70652.85203422478
GUY-671,GUY,Guyana,Mahaica-Berbice,Region,88711.05945267435,36317.21633502996,1385527679.7619803,1330802101.1576767,2716329780.9196568,74794.54801439743
BIH-2224,BIH,Bosnia and Herzegovina,West Bosnia,Canton,81833.95531387627,5261.812839900292,1756959853.4115422,957131607.2008594,2714091460.6124015,515809.197931075
UGA-3361,UGA,Uganda,Rakai,District,542258.9571855292,3916.5616943933014,1822001138.4331362,880197753.0313048,2702198891.4644413,689941.6126478324
GEO-3039,GEO,Georgia,Shida Kartli,Region,247224.02917241585,5742.937116431411,613787322.386226,2082045211.5686107,2695832533.954837,469417.0385814695
HUN-4903,HUN,Hungary,Szombathely,Urban county,83524.98498535156,145.89909258014475,91387314.53074166,2602737448.0429664,2694124762.573708,18465671.821048383
ESP-5815,ESP,Spain,Ceuta,Autonomous City,48757.03466796875,42.72962857532019,14116605.496033601,2679533571.0638022,2693650176.559836,63039400.677487664
PER-574,PER,Peru,Moquegua,Department,180801.86597475456,15178.601120735333,525578933.1515204,2162958008.4626083,2688536941.6141286,177126.79318921856
URY-22,URY,Uruguay,Rocha,Department,65305.14285725611,10830.364818946135,630733360.337556,2056667102.107122,2687400462.444678,248135.72833146533
DZA-2148,DZA,Algeria,Béchar,Province,361595.9557156216,165100.9674409358,0.0,2686415447.705402,2686415447.705402,16271.34891663464
KGZ-1115,KGZ,Kyrgyzstan,Bishkek,Region,1070198.208984375,111.68280216645032,12002414.638573414,2674048727.421493,2686051142.0600667,24050714.075537052
GTM-1956,GTM,Guatemala,El Progreso,Department,187255.53243212774,1919.2487765772353,1062480880.4186453,1619861425.6565561,2682342306.0752015,1397600.1125080085
SRB-835,SRB,Republic of Serbia,Toplicki,District,80695.90164482594,2299.668295061683,1520693556.2881696,1160029328.377507,2680722884.6656766,1165699.8056729625
VEN-35,VEN,Venezuela,Portuguesa,State,899311.9828175325,17693.72485941908,0.0,2676790897.0817723,2676790897.0817723,151284.75876897166
GUY-674,GUY,Guyana,Upper Demerara-Berbice,Region,37335.43232132867,55360.38928915041,2112038296.5181153,560088810.6556883,2672127107.1738033,48267.85254737162
VEN-49,VEN,Venezuela,Sucre,State,897399.5674775771,10856.851959122256,0.0,2671098616.681601,2671098616.681601,246028.8329194047
PER-3505,PER,Peru,Callao,Departamento,222885.37109375,56.75766719104318,1965308.5243597445,2666408865.7342815,2668374174.2586412,47013457.499531135
URY-13,URY,Uruguay,Durazno,Department,62239.768025163154,12004.583582218784,699116924.3920894,1960128678.0725403,2659245602.4646297,221519.1875879402
TTO-57,TTO,Trinidad and Tobago,Princes Town,Region,87535.78225839138,586.4025161664459,159282791.91785213,2480104162.9643307,2639386954.8821826,4500981.633122823
VEN-27,VEN,Venezuela,Mérida,State,886327.1070958711,11595.781520970813,0.0,2638141576.494955,2638141576.494955,227508.73425166833
BHS-5011,BHS,The Bahamas,West Grand Bahama,District,31034.39057391882,577.4420795104462,0.0,2636822394.8766537,2636822394.8766537,4566384.2114037555
UGA-3102,UGA,Uganda,Masindi,District,404948.517488122,4246.47489134269,1975478159.1797774,657314684.1804072,2632792843.3601847,619994.9159543302
HRV-1490,HRV,Croatia,Dubrovacko-Neretvanska,County,70980.06554794312,1445.2152604826126,440588716.24791986,2186243930.4292197,2626832646.6771398,1817606.4967650147
BDI-2644,BDI,Burundi,Muyinga,Province,960710.0659790039,1677.456673441851,2141986097.080922,482903995.31391215,2624890092.394834,1564803.5111446506
TTO-52,TTO,Trinidad and Tobago,Siparia,Region,87589.04379272461,517.2099698922588,140488223.94343805,2481613193.3244615,2622101417.2678995,5069703.930521904
PRY-618,PRY,Paraguay,Caazapá,Department,202943.43936926126,9055.536729965237,517964039.20178384,2103706800.5212338,2621670839.7230177,289510.2651450547
UGA-5614,UGA,Uganda,Namayingo,District,294742.5610370636,4591.076685168227,2135788377.5927904,478427763.17432654,2614216140.767117,569412.4319928074
SLV-1350,SLV,El Salvador,La Unión,Department,200515.5303955078,1890.9243379992545,1075732976.467523,1536781014.7483718,2612513991.2158947,1381606.8357236008
NAM-3349,NAM,Namibia,Otjozondjupa,Region,159474.95925184613,104366.54757779301,1278327539.9008834,1333916318.9504104,2612243858.8512936,25029.512995092344
HKG-5170,HKG,Hong Kong S.A.R.,Islands,,22506.49063873291,151.7260180439731,0.0,2602658667.8800855,2602658667.8800855,17153674.11227905
MWI-1918,MWI,Malawi,Thyolo,District,846605.041015625,1614.0813951549092,1619195404.6520743,981703704.186872,2600899108.8389463,1611380.3905095684
BFA-2183,BFA,Burkina Faso,Kompienga,Province,184216.07801745832,7048.540400108809,2306317026.539264,291263114.16883665,2597580140.708101,368527.3820191201
ECU-1277,ECU,Ecuador,Bolivar,Province,201584.6947017908,4097.553018526831,404279157.6630199,2182823215.5019913,2587102373.1650114,631377.4004796494
MWI-1923,MWI,Malawi,Mulanje,District,671370.847362997,1799.9035775785403,1805606340.783264,778506169.7112775,2584112510.494541,1435694.9687110565
TCD-5581,TCD,Chad,Barh El Gazel,Prefecture,423422.0473386049,56579.697466484206,1848288827.6457036,735421616.7993904,2583710444.445094,45664.97454277821
DOM-1966,DOM,Dominican Republic,Dajabón,Province,96997.13981819153,1114.7217102987972,1170890056.6210032,1408284925.9211783,2579174982.5421815,2313738.898878037
UGA-3371,UGA,Uganda,Mbarara,District,388124.4485462867,4172.661174006281,1941139704.3020096,630005761.9704221,2571145466.272432,616188.4128741295
NAM-3350,NAM,Namibia,Omusati,Region,268073.3397569213,26619.666528446378,326049424.993448,2242279316.168915,2568328741.162363,96482.37848576311
MDG-5874,MDG,Madagascar,Ihorombe,Autonomous Province,551691.0578046888,24512.463052280717,2061404766.5007513,499563154.22826463,2560967920.729016,104476.15628290505
ALB-1525,ALB,Albania,Gjirokastër,County,56349.93010117859,2889.244478864008,1970181598.8337846,588485803.9663218,2558667402.8001065,885583.5570571453
AZE-1700,AZE,Azerbaijan,Cəlilabad,District,243115.43794476986,1625.5070964175288,576165116.484383,1975517764.7385361,2551682881.222919,1569776.5250281577
SLV-1357,SLV,El Salvador,Chalatenango,Department,194926.8598022461,1857.4538162117724,1056691842.2968848,1493948607.460684,2550640449.757569,1373191.8540830975
TCD-1486,TCD,Chad,Mayo-Kebbi Est,Prefecture,1127984.169158049,18072.883004545638,590386821.3582603,1959142058.427001,2549528879.785261,141069.2958696192
BFA-2801,BFA,Burkina Faso,Banwa,Province,383093.81512248516,5933.15575772579,1941357695.1252515,605707703.7587402,2547065398.8839917,429293.53330516565
UGA-5625,UGA,Uganda,Nwoya,District,265345.7096156031,4549.239679101728,2116325624.6401389,430710630.56730956,2547036255.2074485,559881.7461537605
SLV-1345,SLV,El Salvador,Cuscatlán,Department,274914.58398008347,758.6071506182158,431566039.79593056,2106986488.8006907,2538552528.596621,3346333.509416389
PHL-2569,PHL,Philippines,Marinduque,Province,180486.0389404297,890.487146780287,1294042773.4080145,1238105869.6974528,2532148643.1054673,2843554.3985793577
DZA-2144,DZA,Algeria,Aïn Témouchent,Province,340354.2334008217,1957.080620103363,0.0,2528603696.6048856,2528603696.6048856,1292028.376670215
UGA-3367,UGA,Uganda,Kasese,District,740617.1101510152,2849.930697609885,1325799867.5047333,1202173809.3455296,2527973676.8502626,887029.8772424066
HND-651,HND,Honduras,Copán,Department,415612.2135543823,3283.1609527225646,649758777.2397385,1876012728.5046403,2525771505.744379,769310.8995006414
HND-652,HND,Honduras,Lempira,Department,371218.36304077506,4295.121082217773,850032228.8994619,1675625382.0438466,2525657610.9433084,588029.432138661
GBR-2772,GBR,United Kingdom,Eilean Siar,Island Area,22817.681289561093,2891.306635800797,694585653.3785771,1830545782.9898906,2525131436.368468,873353.0387616911
DZA-2149,DZA,Algeria,Naâma,Province,338796.5351597043,30773.524927058454,0.0,2517031043.339116,2517031043.339116,81792.0939932997
GIN-5653,GIN,Guinea,Mamou,Prefecture,308362.46122939885,7947.033348265569,1877893794.140031,636449240.9316661,2514343035.071697,316387.6285507786
UGA-3086,UGA,Uganda,Yumbe,District,772492.0631512403,2705.141320329726,1258443234.104799,1253913410.2078118,2512356644.3126106,928733.9723923861
LIE-4895,LIE,Liechtenstein,Vaduz,,9478.0361328125,14.223600608244675,0.0,2507612692.1084404,2507612692.1084404,176299430.86667582
AZE-1717,AZE,Azerbaijan,Sumqayıt,Municipality,302819.833984375,123.21756845039096,43674779.91059256,2460666285.154668,2504341065.0652604,20324545.408259228
VEN-23,VEN,Venezuela,Falcón,State,841309.4195147827,28102.45516831268,0.0,2504146991.048429,2504146991.048429,89107.76571123277
MDG-5867,MDG,Madagascar,Atsimo-Atsinanana,Autonomous Province,1262872.9944291785,16149.855844393871,1358141356.2940998,1143547294.3809826,2501688650.675082,154904.70470939207
HRV-1491,HRV,Croatia,Šibensko-Kninska,County,63723.76073765755,1761.7621722470494,537091293.6148121,1962743821.9640355,2499835115.578848,1418940.169654352
DOM-1983,DOM,Dominican Republic,Samaná,Province,102250.16395556927,963.6056930913433,1012159639.5943642,1484552687.2390409,2496712326.833405,2591010.3528173463
GNB-777,GNB,Guinea Bissau,Gabú,Region,282231.7725382224,8829.77045441907,1990221734.9377031,505226855.7557863,2495448590.6934896,282617.6063778173
DZA-2190,DZA,Algeria,El Bayadh,Province,335237.0231576604,68374.86781469327,0.0,2490586256.3401604,2490586256.3401604,36425.46356491751
THA-424,THA,Thailand,Samut Songkhram,Province,149814.57275390625,414.8775691195302,451900536.00020164,2034470777.1010091,2486371313.1012106,5993024.203207436
PHL-5530,PHL,Philippines,Iligan,Highly Urbanized City,219519.88785552979,673.3328303654652,978477327.1385341,1505871940.3718715,2484349267.5104055,3689630.38110287
NAM-3354,NAM,Namibia,Kavango,Region,233173.16469958052,43183.78282790068,528934032.4768041,1950359423.1549027,2479293455.6317067,57412.6047621251
BFA-2808,BFA,Burkina Faso,Sourou,Province,284123.1964980513,6189.801229231263,2025333353.5052664,449225756.5693261,2474559110.0745926,399780.0605273908
BFA-2834,BFA,Burkina Faso,Tuy,Province,371987.3356688842,5758.247692403776,1884126917.3708992,588147304.9709566,2472274222.341856,429344.8900441111
BDI-2632,BDI,Burundi,Cankuzo,Province,344977.8248972893,1799.26117766935,2297521294.3518047,173404209.90368283,2470925504.2554874,1373300.071675069
GIN-5660,GIN,Guinea,Télimélé,Prefecture,322147.9502401352,7633.872403531606,1803893476.1709006,664902003.8969607,2468795480.0678616,323400.1499587208
BFA-2877,BFA,Burkina Faso,Yagha,Province,235833.5134959221,6380.588250943462,2087759803.7545645,372875181.7183453,2460634985.47291,385643.9075361225
GAB-2622,GAB,Gabon,Ngounié,Province,107229.4651104873,37434.99529536751,939941019.9477509,1520087656.5102544,2460028676.4580054,65714.67839245136
EST-2350,EST,Estonia,Viljandi,County,40480.73194943741,3643.7596058711874,518105289.0011564,1941407112.882283,2459512401.8834395,674993.0478180912
MDG-5872,MDG,Madagascar,Diana,Autonomous Province,919580.4580187649,19335.38770311186,1626032450.8526404,832691608.239118,2458724059.0917583,127161.87008218346
AZE-1685,AZE,Azerbaijan,Şəmkir,District,228750.7391246762,1681.6523563547269,596065946.3872826,1858792484.1717772,2454858430.55906,1459789.4869783856
SVN-941,SVN,Slovenia,Celje,Commune|Municipality,50128.26525878906,96.54759510852922,29215148.44069655,2421558179.037487,2450773327.4781837,25384095.012654305
BDI-2638,BDI,Burundi,Cibitoke,Province,712643.602959156,1636.21163519563,2089319283.1502197,358212592.21759707,2447531875.367817,1495852.8730149162
HUN-4918,HUN,Hungary,Szolnok,Urban county,71981.21327972412,325.0690895510684,203614639.44477013,2243019850.785515,2446634490.230285,7526506.114774467
BRB-1996,BRB,Barbados,Saint Michael,Parish,49655.4453125,40.11125278136419,0.0,2442590633.7783985,2442590633.7783985,60895396.28922369
UGA-3098,UGA,Uganda,Gulu,County,547440.6168999672,3337.8767778275956,1552794456.8976045,888608651.8780355,2441403108.77564,731423.9773598199
ALB-1523,ALB,Albania,Berat,County,114402.88470005989,1820.0464413609052,1241093314.8869562,1194757002.500222,2435850317.3871784,1338345.144405116
PRY-615,PRY,Paraguay,Amambay,Department,167394.82375463098,12219.67418666247,698948277.5227795,1735210707.964422,2434158985.4872017,199199.99079386564
NAM-3352,NAM,Namibia,Ohangwena,Region,274511.46057961136,10930.919016976974,133886720.79444332,2296130494.24132,2430017215.0357633,222306.7622458521
HUN-4904,HUN,Hungary,Sopron,Urban county,73971.05298137665,192.81138279535014,120771926.49396813,2305025612.3908834,2425797538.8848515,12581194.656228315
DOM-1972,DOM,Dominican Republic,La Estrelleta,Province,64778.57385131717,1410.5473786553766,1481621722.0867593,940509062.9318998,2422130785.018659,1717156.6312984028
BDI-2634,BDI,Burundi,Rutana,Province,542598.8265991211,1680.5334950582726,2145914967.0362039,272739040.1081554,2418654007.144359,1439217.9711124962
HKG-5157,HKG,Hong Kong S.A.R.,Yau Tsim Mong,,20887.369956708226,3.9200653883597925,0.0,2415422970.184805,2415422970.184805,616169050.9952055
UGA-3370,UGA,Uganda,Isingiro,County,698834.9998950958,2752.712805361851,1280573691.0332744,1134352855.76452,2414926546.7977943,877289.6838689083
ALB-1528,ALB,Albania,Lezhë,County,124858.20425891876,1626.978050992401,1109439592.675798,1303946261.923832,2413385854.59963,1483354.8941410407
SVN-260,SVN,Slovenia,Nova Goriška,Statistical Region,48015.99059295654,307.2135838694222,92962340.96410604,2319520018.191225,2412482359.155331,7852785.4425236955
SLB-1263,SLB,Solomon Islands,Guadalcanal,Province,150286.7438587714,5316.585906611331,1310340128.851337,1096023455.933748,2406363584.7850847,452614.44600992923
URY-19,URY,Uruguay,Lavalleja,Department,57555.285177610815,10143.064169278703,590706689.4382919,1812599381.888243,2403306071.3265347,236940.83279150145
MWI-1919,MWI,Malawi,Nsanje,District,345167.4061720371,1995.591488901063,2001914264.107652,400248173.33613014,2402162437.443782,1203734.5572999062
TCD-1464,TCD,Chad,Hadjer-Lamis,Prefecture,809803.6157646216,30293.412077785113,989594812.3053274,1406509387.3568645,2396104199.662192,79096.54394525313
UGA-3096,UGA,Uganda,Kitgum,District,256281.43144806975,4255.800889312928,1979816653.0539129,415997443.8689774,2395814096.92289,562952.5814845344
MWI-1913,MWI,Malawi,Ntchisi,District,397022.8467261996,1924.119396154339,1930215721.218955,460378547.7232157,2390594268.9421706,1242435.512952136
UGA-3128,UGA,Uganda,Nakapiripirit,District,229772.2831054777,4333.517094518386,2015970561.866776,372967646.94864774,2388938208.815424,551270.055410021
BFA-2812,BFA,Burkina Faso,Boulkiemdé,Province,638280.1259651184,4213.124954029765,1378555170.9778526,1009181495.9987321,2387736666.9765844,566737.6811819371
SXM-5146,SXM,Sint Maarten,Sint Maarten,,41211.0927734375,23.358327273333543,0.0,2379150274.899593,2379150274.899593,101854479.8631917
LBY-2987,LBY,Libya,Al Butnan,Municipality|Governarate,170477.0748500235,79153.22345969416,0.0,2364653516.055251,2364653516.055251,29874.38050781802
BFA-2819,BFA,Burkina Faso,Sanguié,Province,409639.2279483825,5242.028745742957,1715217543.4404278,647678522.4287342,2362896065.869162,450759.84518170875
JAM-1376,JAM,Jamaica,Westmoreland,Parish,131131.93621826172,742.5058373740139,866303419.4353033,1490013980.5358148,2356317399.971118,3173466.498666996
ZWE-531,ZWE,Zimbabwe,Bulawayo,City,589107.4897193909,457.29902092517324,31910356.198798545,2322039288.2808146,2353949644.4796133,5147506.4165177485
MYS-4832,MYS,Malaysia,Putrajaya,Federal Territory,113065.333984375,52.13957546404263,41193641.996773526,2310108255.678794,2351301897.6755676,45096299.24580249
NAM-3347,NAM,Namibia,Kunene,Region,110784.9709873856,116007.99333479401,1420917105.8184893,926652569.0791842,2347569674.8976736,20236.275168752294
PHL-5539,PHL,Philippines,Baguio,Highly Urbanized City,327989.521484375,67.06158341062046,97452902.82917903,2249956584.636965,2347409487.4661436,35003788.57881825
EST-2348,EST,Estonia,Rapla,County,40202.58885025047,2929.916069749015,416604050.8326854,1928067705.091062,2344671755.9237475,800252.1915669068
HRV-1584,HRV,Croatia,Licko-Senjska,County,38689.362105198205,3762.035243167967,1146895084.482639,1191663918.9003813,2338559003.3830204,621620.7058745538
URY-9,URY,Uruguay,Río Negro,Department,56476.86787630629,9486.83357030188,552489460.5851226,1778636583.724182,2331126044.309304,245722.24515530586
MLT-5927,MLT,Malta,Mosta,,53365.83203125,6.297612997728482,4646528.320217287,2323134631.602885,2327781159.923102,369629121.5040875
BGR-2253,BGR,Bulgaria,Vidin,Province,65370.761348379776,3245.2034470269195,1042826143.3862628,1284839829.149114,2327665972.5353765,717263.496890421
PHL-5547,PHL,Philippines,Valenzuela,Highly Urbanized City,329509.875,44.798455319479295,65100453.80847864,2260385970.880694,2325486424.6891727,51909968.95105004
BDI-2642,BDI,Burundi,Ngozi,Province,923524.4809570312,1455.8180705498773,1858970259.1833334,464212541.7619013,2323182800.945235,1595791.9797408099
NAM-3355,NAM,Namibia,Oshikoto,Region,221091.3191247189,38494.008865983946,471491611.025049,1849301733.2771096,2320793344.3021584,60289.728523260594
UGA-3107,UGA,Uganda,Kyenjojo,District,638348.1870727539,2759.89025962916,1283912673.2494383,1036170325.0220451,2320082998.2714834,840643.2068002687
LKA-2460,LKA,Sri Lanka,Kilinŏchchi,District,75475.9840760231,1286.508160017172,1725680168.1767626,593171560.3836945,2318851728.560457,1802438.414793658
UGA-5604,UGA,Uganda,Apac,District,477811.66091251373,3305.404590022313,1537688257.1833665,775586543.5404074,2313274800.723774,699846.1875761352
COD-1895,COD,Democratic Republic of the Congo,Maniema,Province,2369670.3162532393,127361.25385443248,0.0,2302726410.111847,2302726410.111847,18080.274341078235
MUS-5187,MUS,Mauritius,Pamplemousses,District,112863.12939453125,196.22536762709862,289702409.25028694,2007867987.7447796,2297570396.9950666,11708834.717850076
ECU-1409,ECU,Ecuador,Carchi,Province,178706.98150348663,3659.5280242055296,361062053.4696418,1935096057.6404824,2296158111.110124,627446.5165787634
COM-4935,COM,Comoros,Andjazîdja,,371306.86899513006,1024.6669428429927,1042992840.2242934,1250871849.4032693,2293864689.6275625,2238644.1815553387
BFA-2827,BFA,Burkina Faso,Koulpélogo,Province,422716.2438451648,4963.811714772245,1624183564.889202,668354526.4731327,2292538091.3623347,461850.3325860988
HTI-1359,HTI,Haiti,Grand'Anse,Department,489840.47343063354,1882.3340329586983,943441147.3826065,1342243914.7573571,2285685062.1399636,1214282.3867171272
ALB-1502,ALB,Albania,Kukës,County,67997.94173899293,2310.24457277808,1575360402.8284197,710130843.8267151,2285491246.6551347,989285.4088200803
UGA-3120,UGA,Uganda,Mayuge,District,308499.64706134796,3817.0270876133204,1775697216.519629,500758341.6670862,2276455558.186715,596394.9183316168
PHL-5541,PHL,Philippines,Dagupan,Independent Component City,309850.427734375,96.57376766968828,140339573.23875794,2125525251.4728534,2265864824.7116113,23462529.00126626
PRY-611,PRY,Paraguay,Paraguarí,Department,169068.06236070022,8947.966065540997,511811147.60559314,1752555459.0212805,2264366606.6268735,253059.36455738771
AZE-1728,AZE,Azerbaijan,Quba,District,165372.94527263008,2561.390650556427,907891417.8795946,1343794511.5909603,2251685929.470555,879087.2758832813
AFG-1764,AFG,Afghanistan,Nangarhar,Province,2269997.671831779,7338.394149526613,0.0,2250835461.2298675,2250835461.2298675,306720.43711021775
LVA-4848,LVA,Latvia,Liepāja,Republican City,65840.68823242188,59.368524359481015,12879565.82926217,2236492139.272608,2249371705.10187,37888287.25945334
NLD-5149,NLD,Caribbean Netherlands,Bonaire,Special Municipality,18817.343388915062,269.13037433800145,285277616.57815725,1961466420.9993575,2246744037.5775146,8348162.273039549
MDG-5864,MDG,Madagascar,Androy,Autonomous Province,1014734.186180234,15788.927258266056,1327788637.098832,918854499.4160689,2246643136.5149007,142292.32295301787
UGA-5609,UGA,Uganda,Kiryandongo,District,361468.64264443517,3557.4789369245846,1654954314.2157893,586737909.6848197,2241692223.900609,630135.0657717558
ECU-1269,ECU,Ecuador,Zamora Chinchipe,Province,113052.13986904733,10264.424560707605,1012724642.3745842,1224164542.022359,2236889184.396943,217926.40894452026
GEO-3027,GEO,Georgia,Ajaria,Autonomous Republic,227915.40044304729,2955.7546958547473,315901902.3921549,1919433841.943609,2235335744.335764,756265.649335067
BIH-4801,BIH,Bosnia and Herzegovina,Doboj,,123672.07932376862,2329.5451218827925,777853067.0688627,1446471157.296722,2224324224.3655844,954831.998518163
NIC-658,NIC,Nicaragua,León,Department,391525.8336813785,5328.240610492614,787740874.1551589,1433286709.6400838,2221027583.795243,416840.7071222524
SVN-212,SVN,Slovenia,Novo Mesto,Commune|Municipality,43815.697295844555,320.0949838273532,96860232.06612572,2116615438.5998828,2213475670.6660085,6915058.912200484
VEN-45,VEN,Venezuela,Guárico,State,742964.8434643163,64845.42868797146,0.0,2211425587.3765883,2211425587.3765883,34103.02980673791
UGA-3106,UGA,Uganda,Kabarole,District,704368.4253668487,2278.4011522043675,1059921895.0301201,1143334742.7435427,2203256637.7736626,967018.7515670793
BMU-5137,BMU,Bermuda,Hamilton,,10233.7802734375,6.386701806182162,0.0,2192022977.953062,2192022977.953062,343216740.7332593
AZE-1714,AZE,Azerbaijan,Sabirabad,District,200292.8772880882,1587.8163206969418,562805525.3566056,1627548380.2188802,2190353905.5754857,1379475.621345214
NIC-663,NIC,Nicaragua,Chinandega,Department,404350.3015179038,4799.323315359971,709544373.1181967,1480234159.1492696,2189778532.2674665,456268.1837373199
LIE-4893,LIE,Liechtenstein,Triesen,,8276.46802520752,25.62216268887456,0.0,2189712718.4385915,2189712718.4385915,85461666.3326937
GUY-676,GUY,Guyana,Pomeroon-Supenaam,Region,23868.708462568,47967.85305465069,1830007771.87509,358067275.601091,2188075047.476181,45615.44676563417
LBY-2986,LBY,Libya,Al Qubbah,Municipality|Governarate,157539.47540536523,21194.648894282112,0.0,2185198653.6167703,2185198653.6167703,103101.43208865766
BFA-2821,BFA,Burkina Faso,Ziro,Province,296405.9106270522,5243.928993641214,1715839313.8827636,468645894.0847895,2184485207.967553,416574.1394699392
SYR-4843,SYR,Syria,Damascus,Province,1849381.64453125,116.06118840537697,0.0,2184013112.9939938,2184013112.9939938,18817773.13330363
TCD-5582,TCD,Chad,Sila,Prefecture,549584.9733269,37382.46999575594,1221173048.5813403,954548002.8570739,2175721051.438414,58201.639744121385
HUN-4920,HUN,Hungary,Eger,Urban county,65589.42243003845,202.22112243718425,126665937.35512759,2043844078.3211093,2170510015.676237,10733349.659605715
SLE-761,SLE,Sierra Leone,Western,Province,1115182.6395646334,649.8015322849991,201687458.37918282,1963128453.3498733,2164815911.7290564,3331503.242407839
TTO-51,TTO,Trinidad and Tobago,Diego Martin,Region,75164.1694946289,126.49138619500793,34358483.449926555,2129585923.1499076,2163944406.599834,17107444.796784393
EST-2352,EST,Estonia,Saare,Municipality,36260.46314304508,2981.630668705364,423957337.03594786,1739008107.6162937,2162965444.6522417,725430.3718278462
MLT-5945,MLT,Malta,Qormi,,49548.890625,4.928196635074353,3636140.429831443,2156974591.926826,2160610732.3566575,438418125.80679625
NAM-3339,NAM,Namibia,Hardap,Region,96843.5613355849,110222.57313024251,1350054725.592061,810040695.1464154,2160095420.7384763,19597.57751423602
LBY-2985,LBY,Libya,Surt,Municipality|Governarate,154766.66006301576,46273.393743574015,0.0,2146737484.8383472,2146737484.8383472,46392.479806745636
UGA-3101,UGA,Uganda,Pader,District,270593.67648887634,3663.444999762378,1704250176.8092787,439229159.5627788,2143479336.3720574,585099.3631707559
AZE-1708,AZE,Azerbaijan,Masallı,District,228416.69944024086,807.8020806922711,286327498.01225066,1856078130.2981265,2142405628.3103771,2652141.755409166
JOR-856,JOR,Jordan,Jarash,Province,245345.6337738037,410.01867877253784,65443006.60174256,2073319213.7178354,2138762220.319578,5216255.578214959
LBR-788,LBR,Liberia,Montserrado,County,1520766.8255500793,1777.8931943197035,160685444.78223184,1974456297.67771,2135141742.4599419,1200939.2629892689
SYR-139,SYR,Syria,Homs (Hims),Province,1807327.0778835004,50090.73149962161,0.0,2134349094.0547092,2134349094.0547092,42609.66111207285
PHL-5538,PHL,Philippines,Angeles,Highly Urbanized City,295991.38671875,70.38113459811012,102276825.60073239,2030454407.5972977,2132731233.19803,30302598.06660318
COG-2880,COG,Republic of the Congo,Sangha,Region,98336.73987422418,57566.1203289547,1750789467.420853,381338203.76265264,2132127671.1835055,37037.89067249482
HUN-4912,HUN,Hungary,Kaposvár,Urban county,64215.46144104004,198.64991553142693,124429028.24911979,2001029826.7669969,2125458855.0161166,10699520.557711305
SLV-1351,SLV,El Salvador,Morazán,Department,180205.79314422607,1303.5180662403484,741561860.0369788,1381124150.8599036,2122686010.8968825,1628428.531887714
LBY-2971,LBY,Libya,Sabha,Municipality|Governarate,152967.88870876376,17232.320023140826,0.0,2121787086.0169601,2121787086.0169601,123128.34738257347
COG-3342,COG,Republic of the Congo,Cuvette,Region,193639.60654773656,44946.73471383741,1366989286.0986326,750911407.4014163,2117900693.5000489,47120.234806468085
PNG-1254,PNG,Papua New Guinea,National Capital District,Province,396734.79302978516,237.78671671502087,65273629.64724282,2045684206.1700313,2110957835.817274,8877526.318457829
CYP-3466,CYP,Cyprus,Famagusta,District,36850.22116088867,194.75507245905925,0.0,2106740070.2982974,2106740070.2982974,10817382.282770423
SUR-72,SUR,Suriname,Paramaribo,District,220376.09765625,146.49460542721536,1663211.2824463353,2103345326.269968,2105008537.5524144,14369188.07633685
GUY-678,GUY,Guyana,Demerara-Mahaica,Region,132206.21602982143,3184.078820200459,121474875.69625059,1983296233.4583874,2104771109.154638,661029.8387720592
ARM-1732,ARM,Armenia,Syunik,Province,97442.25570512936,4404.0941767174845,1255126306.0806038,848535262.9230927,2103661569.0036964,477660.44153297925
MDG-5861,MDG,Madagascar,Amoron'i Mania,Autonomous Province,738555.422639668,17057.032068625744,1434431421.0133913,668771174.1684241,2103202595.1818154,123304.13560342604
UGA-5601,UGA,Uganda,Amuru,District,221398.13992002606,3745.8597995129144,1742589891.7649186,359374691.18881315,2101964582.9537318,561143.4211251197
MDG-5871,MDG,Madagascar,Bongolava,Autonomous Province,641714.7307274118,18040.59469008956,1517145290.7584734,581080716.2120415,2098226006.9705148,116305.81158852576
NAM-3348,NAM,Namibia,Erongo,Region,156906.23256927961,64065.5638395623,784703303.0803883,1312430397.5438547,2097133700.624243,32734.180032755812
TCD-1488,TCD,Chad,Mandoul,Prefecture,882279.1583305188,17265.72853401856,564019508.4021738,1532388710.427639,2096408218.8298128,121420.2004102678
HUN-4917,HUN,Hungary,Hódmezôvásárhely,Urban county,52440.4139631954,737.6093304485431,462018883.67113984,1634105402.5549483,2096124286.226088,2841781.1430766834
URY-16,URY,Uruguay,Treinta y Tres,Department,48136.21401331201,9590.89288075443,558549614.5737796,1515962808.588614,2074512423.1623936,216300.23908672933
BFA-2828,BFA,Burkina Faso,Ganzourgou,Province,437646.9713973999,4224.219319155298,1382185301.7191427,691961424.69001,2074146726.4091525,491013.02979313873
UGA-3090,UGA,Uganda,Nakasongola,District,231167.76654052734,3646.6499563327325,1696437051.2576876,375232803.4161376,2071669854.6738253,568102.1977654274
AZE-1691,AZE,Azerbaijan,Ağdam,District,208121.6258220896,1067.5734457622361,378404117.7604544,1691163557.9934156,2069567675.75387,1938571.7057398525
VEN-29,VEN,Venezuela,Trujillo,State,694769.586811509,8543.631371621419,0.0,2067973007.231295,2067973007.231295,242048.48234677908
UGA-3368,UGA,Uganda,Kamwenge,District,560422.7371912003,2488.299508501942,1157567502.0626597,909681301.6858577,2067248803.7485175,830787.7716027384
PHL-5550,PHL,Philippines,Marikina,Highly Urbanized City,296055.375,24.729640040939934,35936747.76740553,2030893357.1530228,2066830104.9204283,83577039.59696905
PHL-2519,PHL,Philippines,Basilan,Province,74059.20196723938,1071.1011858222125,1556508428.1266713,508034489.5319686,2064542917.65864,1927495.688536493
JOR-858,JOR,Jordan,Madaba,Province,220274.80647307262,1263.181835702587,201616222.60859427,1861455537.373262,2063071759.981856,1633234.1881993315
BDI-4854,BDI,Burundi,Bujumbura Rural,Province,616297.3987255096,1372.021483061563,1751968314.9754333,309783863.7121389,2061752178.6875722,1502711.2943500907
AZE-1687,AZE,Azerbaijan,Tovuz,District,175217.5744034052,1781.2294118484253,631361286.4717051,1423790417.6490812,2055151704.1207862,1153782.7134732213
ARM-1553,ARM,Armenia,Aragatsotn,Province,146513.7999217622,2720.5338063095664,775327095.6221364,1275854349.2125826,2051181444.834719,753962.8583469685
MUS-5191,MUS,Mauritius,Quatre Bornes,City,113667.8359375,17.511036250097355,25852872.396003794,2022183951.8317542,2048036824.227758,116956917.62481341
BDI-2633,BDI,Burundi,Karuzi,Province,616995.6440429688,1360.444449343101,1737185313.0279067,310134838.95997983,2047320151.9878864,1504890.664941481
PHL-5536,PHL,Philippines,Naga,Independent Component City,270007.2861328125,132.42181494419285,192433426.23157063,1852207560.1229818,2044640986.3545525,15440363.713608934
GBR-2096,GBR,United Kingdom,Carrickfergus,District,25180.414276123047,81.69997971179778,19626985.628737483,2020095757.4152405,2039722743.043978,24966012.84650545
PHL-2530,PHL,Philippines,Guimaras,Province,175730.33227539062,572.3715766819482,831761924.006945,1205482469.1778836,2037244393.1848288,3559303.914067123
EST-2347,EST,Estonia,Põlva,County,35723.18911409378,2255.0349316047154,320642866.5228655,1713241092.7639973,2033883959.2868629,901930.1345542889
UGA-3095,UGA,Uganda,Nakaseke,District,255686.34274321795,3466.6422319662215,1612696693.1798234,415031492.5759208,2027728185.7557442,584925.7148770298
TCD-1487,TCD,Chad,Tandjilé,Prefecture,840835.5580013143,17289.425394729726,564793613.6884148,1460407292.0020697,2025200905.6904845,117135.2349458542
PHL-5527,PHL,Philippines,Cotabato,Independent Component City,266961.0458984375,132.99080975977935,193260281.0962125,1831310830.7314467,2024571111.8276591,15223391.116157815
GAB-2186,GAB,Gabon,Ogooué-Ivindo,Province,66375.18820068426,42835.16061796238,1075531711.5227656,940936375.8221092,2016468087.3448749,47075.067730673916
GEO-3038,GEO,Georgia,Samtskhe-Javakheti,Region,156500.73043173552,6531.65752328478,698083315.3283744,1318001318.4525058,2016084633.7808802,308663.55539826106
SLV-1353,SLV,El Salvador,San Vicente,Department,175107.0986778736,1181.7969016190123,672315582.9195414,1342046993.8913748,2014362576.8109162,1704491.3335373648
UGA-3123,UGA,Uganda,Kotido,County,230396.62973439693,3524.813321900828,1639758131.3378065,373981089.86665815,2013739221.2044647,571303.7932228746
COG-3343,COG,Republic of the Congo,Kouilou,Region,412503.4325729222,13582.310907302157,413086147.61344624,1599639343.5910382,2012725491.2044845,148187.26393035208
BFA-2811,BFA,Burkina Faso,Bam,Province,393072.7465939522,4225.70693422349,1382672056.6734953,621485342.1046257,2004157398.778121,474277.42386645236
BFA-2803,BFA,Burkina Faso,Balé,Province,294094.7384865172,4688.130376910743,1533979277.5733075,464991711.4408149,1998970989.0141225,426389.80324846477
BRN-1184,BRN,Brunei,Tutong,District,35026.14606976509,1081.5806440052033,0.0,1990459488.0286968,1990459488.0286968,1840324.620324031
UGA-3064,UGA,Uganda,Jinja,District,821540.1684780121,1405.7449315725432,653958514.0043454,1333528567.3702526,1987487081.374598,1413831.9383099508
HUN-4909,HUN,Hungary,Veszprém,Urban county,59206.51032400131,227.51242203843753,142507735.34493563,1844944978.0235972,1987452713.368533,8735578.899655681
MWI-5510,MWI,Malawi,Neno,District,227853.52220916748,1716.0803082658024,1721517488.2126832,264213695.79423174,1985731184.0069149,1157131.8512556152
OMN-2425,OMN,Oman,Musandam,Province,57485.32189718634,1677.5254511090272,87262085.19015075,1887896909.3212538,1975158994.5114045,1177424.159618925
BIH-4805,BIH,Bosnia and Herzegovina,Vlasenica,,105759.0282670036,2205.736417017593,736512386.4765146,1236959747.4904637,1973472133.9669783,894699.8919459913
NIC-4800,NIC,Nicaragua,Rio San Juan,Department,147834.67689442914,9675.563536632932,1430460340.563776,541189008.205154,1971649348.76893,203776.17709852365
VEN-36,VEN,Venezuela,Yaracuy,State,661119.0553581677,6161.720459469766,0.0,1967812620.1828957,1967812620.1828957,319360.90465750074
UGA-5597,UGA,Uganda,Buikwe,District,470843.1017460823,2577.7955232151257,1199201428.3010943,764275139.5721,1963476567.8731942,761688.2526913037
GIN-5632,GIN,Guinea,Dabola,Prefecture,264021.68239966035,5997.138644374013,1417131267.6478493,544931437.7723773,1962062705.4202266,327166.4741752904
BIH-4804,BIH,Bosnia and Herzegovina,Bijeljina,,130933.45830726624,1284.313434167353,428842152.2556294,1531400393.703692,1960242545.9593215,1526296.0690200888
HUN-4925,HUN,Hungary,Dunaújváros,Urban county,60185.75866699219,131.4952438434419,82365126.44392262,1875459516.0828779,1957824642.5268004,14888938.833846983
UGA-3084,UGA,Uganda,Nebbi,District,568770.3891677856,2204.9064229948967,1025731834.7841182,923231256.7682297,1948963091.552348,883921.000558879
UGA-3374,UGA,Uganda,Mbarara,County,668889.2117614746,1845.4195806793634,858497028.5794132,1085744686.0354826,1944241714.6148958,1053549.9541514306
KGZ-1121,KGZ,Kyrgyzstan,Talas,Region,280928.0494811118,11541.747441821042,1240377531.3943942,701940338.626503,1942317870.0208972,168286.29111940096
SLB-1260,SLB,Solomon Islands,Malaita,Province,116385.82094222307,4414.414509600474,1087988528.5254292,848788032.8996606,1936776561.4250898,438739.1707808557
GIN-5655,GIN,Guinea,Nzérékoré,Prefecture,502669.036217615,3797.298857562544,897306409.3996848,1037491156.5599225,1934797565.9596071,509519.4343490621
TCD-4857,TCD,Chad,Ville de N'Djamena,Capital,1110200.08203125,119.9922258145178,3919785.7236456303,1928253723.2770064,1932173509.000652,16102489.106147403
UGA-3092,UGA,Uganda,Luweero,County,579822.3834075928,2116.291398385845,984507748.8847171,941170915.2422619,1925678664.1269789,909930.771157388
MWI-1924,MWI,Malawi,Phalombe,District,412694.15270002186,1442.4812598690978,1447051576.3875813,478550633.14511573,1925602209.5326972,1334923.553674064
DOM-1391,DOM,Dominican Republic,Santiago Rodríguez,Province,52813.857155919075,1096.6470447055497,1151904648.8511925,766795382.3364801,1918700031.1876726,1749605.8011106432
BFA-2817,BFA,Burkina Faso,Passoré,Province,431083.74931430817,3778.0043423312886,1236181570.431719,681584347.2737715,1917765917.7054906,507613.47630482
PHL-5560,PHL,Philippines,Lucena,Highly Urbanized City,255552.1416015625,109.29710074244394,158828932.99649626,1753047539.7882643,1911876472.7847605,17492471.985053405
BWA-4853,BWA,Botswana,North-East,District,162741.16747253947,5221.386731249469,46725550.35819922,1857051215.0359628,1903776765.394162,364611.3309324995
DOM-1968,DOM,Dominican Republic,Hermanas,Province,96267.25060653687,481.70156534000415,505973435.2569485,1397687788.9716518,1903661224.2286003,3951951.5011019744
TCD-1484,TCD,Chad,Logone Occidental,Prefecture,925012.963321805,8798.083760111125,287406978.94571054,1606611023.9708674,1894018002.9165778,215276.19588071018
JOR-855,JOR,Jordan,Ajlun,Province,216234.90488815308,413.8748542356182,66058490.06469925,1827315921.9714851,1893374412.0361843,4574751.021134253
MUS-5195,MUS,Mauritius,Savanne,District,86659.13880348206,237.66302564532225,350879970.06587964,1541691352.9023073,1892571322.9681869,7963255.192217304
AZE-1722,AZE,Azerbaijan,Ağcabədi,District,152611.4445327359,1838.990524285303,651834859.3947684,1240096566.1642609,1891931425.559029,1028788.0228715701
AZE-1730,AZE,Azerbaijan,Xaçmaz,District,174055.4582594782,1329.7158232691984,471321148.8854889,1414347244.8648882,1885668393.7503772,1418098.7852835585
LVA-4849,LVA,Latvia,Jelgava,Republican City,54982.266845703125,73.67933917898168,15984192.119484328,1867650702.0358152,1883634894.1552997,25565306.57230215
KHM-1783,KHM,Cambodia,Krong Pailin,Municipality,269082.96711444855,1189.5162654140083,778724101.8872277,1104599927.8523226,1883324029.73955,1583268.8333051617
PRY-609,PRY,Paraguay,Misiones,Department,133491.6050151065,8695.071571948698,497345936.17759424,1383770759.7524304,1881116695.9300246,216342.865077583
SVN-205,SVN,Slovenia,Domžale,Commune|Municipality,38317.1396484375,69.79365680811195,21119449.34077275,1850995290.460942,1872114739.801715,26823565.71384183
BMU-5140,BMU,Bermuda,Saint George's,,8715.181884765625,14.530897484208689,0.0,1866747031.6938493,1866747031.6938493,128467428.36927441
UGA-3079,UGA,Uganda,Adjumani,District,262899.9995821342,3070.5667256794363,1428440685.0610003,426740740.44839185,1855181425.5093923,604182.0912062704
SLV-1344,SLV,El Salvador,Cabañas,Department,161790.5200805664,1079.4336556351507,614081883.6274759,1239986743.8479962,1854068627.475472,1717630.9241391195
ISL-710,ISL,Iceland,Vesturland,Region,12857.896777034766,9597.896703200406,68262837.16326562,1785089607.9446967,1853352445.1079624,193099.85327201578
HTI-1386,HTI,Haiti,Nord-Est,Department,390922.23784315586,1558.5996212392338,781182823.6780877,1071191588.5868688,1852374412.2649565,1188486.373936203
BDI-2640,BDI,Burundi,Kayanza,Province,874501.3100585938,1104.242885219336,1410035171.333046,439570887.7102308,1849606059.0432768,1674999.2993397366
GAB-2628,GAB,Gabon,Ogooué-Lolo,Province,78880.18082790077,28989.44059966918,727884808.0512437,1118207473.0694687,1846092281.1207123,63681.54206955547
MUS-5192,MUS,Mauritius,Rivière du Rempart,District,91545.67041015625,145.69907715351073,215106610.2581041,1628624175.3110006,1843730785.5691047,12654375.179236876
TJK-5491,TJK,Tajikistan,Dushanbe,Independent City,1112628.19140625,135.94400328868778,20127653.14096589,1818843794.6488376,1838971447.7898035,13527418.6672626
GNB-776,GNB,Guinea Bissau,Bafatá,Region,273977.6173607111,5962.611934987496,1343966973.0113976,490450982.61524683,1834417955.6266444,307653.42028425855
CAF-866,CAF,Central African Republic,Haute-Kotto,Prefecture,122191.58253447618,85689.14960410785,1723894164.4062624,105203516.48855342,1829097680.894816,21345.732678471242
LBR-791,LBR,Liberia,Nimba,County,619127.8954088688,11322.02475834921,1023281145.3147602,803831956.1026827,1827113101.4174428,161376.88623848604
BFA-2875,BFA,Burkina Faso,Komondjari,Province,137672.4448275566,4914.173023150537,1607941541.2696013,217673209.89165387,1825614751.1612551,371499.8927715473
UGA-5608,UGA,Uganda,Agago,District,233627.6607105732,3098.247541925544,1441317918.3713717,379225717.3043785,1820543635.6757503,587604.3185833668
PHL-5537,PHL,Philippines,Santiago,Independent Component City,189593.2825012207,356.86732610312345,518594329.04664946,1300580129.6212425,1819174458.667892,5097621.232329372
AZE-1688,AZE,Azerbaijan,Yevlakh Rayon,District,159011.25859411806,1449.1991603823296,513672321.01968133,1292100447.4322042,1805772768.4518857,1246048.7266467118
TCD-4858,TCD,Chad,Mayo-Kebbi Ouest,Prefecture,788749.7050586492,13270.724255219857,433514714.1820492,1369941851.1393788,1803456565.321428,135897.37309266021
JAM-1375,JAM,Jamaica,Trelawny,Parish,65068.64541530609,911.5070576877579,1063482118.4800462,739356057.4135091,1802838175.8935552,1977865.2953789064
UGA-3124,UGA,Uganda,Amuria,District,355145.78767967224,2635.7114690079893,1226144172.320444,576474616.3653089,1802618788.6857529,683921.1385168082
TZA-3384,TZA,United Republic of Tanzania,Zanzibar West,Region,844439.9790039062,248.05957313268843,55091171.18398531,1746752917.3490965,1801844088.5330818,7263755.499447165
BRB-1999,BRB,Barbados,Saint Thomas,Parish,36592.74755859375,34.80297318145116,0.0,1800026198.301722,1800026198.301722,51720471.95269733
PHL-5535,PHL,Philippines,Tacloban,Highly Urbanized City,239649.1904296875,107.15080124872614,155709962.26294103,1643955793.3739665,1799665755.6369076,16795635.073781613
UGA-3372,UGA,Uganda,Ntungamo,District,550289.4962158203,1927.1927623370077,896538260.0725397,893232968.6168246,1789771228.6893644,928693.4154521215
GAB-2624,GAB,Gabon,Ogooué-Maritime,Province,88136.62402345054,21451.050944477614,538606257.1830627,1249427049.985622,1788033307.1686845,83354.11219695966
GBR-2747,GBR,United Kingdom,Shetland Islands,Unitary District (city),18204.077208153903,1361.9589102047012,327186714.75580007,1460419941.1731503,1787606655.9289503,1312526.1287510316
HND-648,HND,Honduras,Intibucá,Department,258337.54813861847,3138.480168389472,621125514.7003554,1166097897.8793015,1787223412.579657,569455.059993825
AZE-1715,AZE,Azerbaijan,Salyan,District,139820.83308679238,1828.0919513949527,647971832.5690341,1136162071.7243402,1784133904.2933743,975954.1378276757
AFG-1744,AFG,Afghanistan,Balkh,Province,1796091.2359753437,16022.601360924815,0.0,1780929511.8242195,1780929511.8242195,111151.08412841555
MLT-5956,MLT,Malta,Żabbar,,40664.6484375,4.9333987033719655,3639978.639273223,1770223558.2459,1773863536.885173,359562168.7079015
SVN-221,SVN,Slovenia,Slovenska Bistrica,Commune|Municipality,34387.281180381775,347.05543541550225,105018421.75785846,1661154671.268329,1766173093.0261874,5089022.999774336
MUS-5185,MUS,Mauritius,Grand Port,District,80886.94088745117,221.4272557341578,326909870.1946125,1439002268.551195,1765912138.7458074,7975134.465225612
GIN-5640,GIN,Guinea,Guéckédou,Prefecture,323293.8066921234,4637.218436315977,1095780443.092021,667267011.1879812,1763047454.280002,380195.0411636527
AFG-1754,AFG,Afghanistan,Kandahar,Province,1769432.210025549,53487.43383138434,0.0,1754495528.3385782,1754495528.3385782,32802.01353217863
BFA-2814,BFA,Burkina Faso,Bazéga,Province,288925.7460415065,3965.6263668395986,1297572418.056087,456819043.49102646,1754391461.5471134,442399.5856536716
MUS-5188,MUS,Mauritius,Plaines Wilhems,District,86773.84179830551,142.12854652145916,209835164.7823437,1543731952.6326177,1753567117.4149613,12337895.238731654
AZE-1682,AZE,Azerbaijan,Kəlbəcər,District,94688.76576250792,2770.9663846832605,982176068.8242812,769425999.7075791,1751602068.5318604,632126.7837148735
AZE-1696,AZE,Azerbaijan,Bərdə,District,165067.71912050247,1157.5008415870632,410279111.4807155,1341314291.9435027,1751593403.4242182,1513254.539860712
GIN-5642,GIN,Guinea,Kérouané,Prefecture,193602.43754307926,5716.325377622885,1350774745.9328344,399588600.78350437,1750363346.7163386,306204.2887845936
UGA-3103,UGA,Uganda,Oyam,County,467264.04510498047,2120.1328924636823,986294828.249029,758465594.9408405,1744760423.1898694,822948.6129817012
KHM-1800,KHM,Cambodia,Krong Preah Sihanouk,Municipality,205371.3125229478,1375.2023726476784,900284648.21414,843060188.5674089,1743344836.781549,1267700.5737163508
TCD-1466,TCD,Chad,Lac,Prefecture,620628.7100329101,20335.648222946747,664304566.7692087,1077940490.4240305,1742245057.1932392,85674.42936130699
BFA-2831,BFA,Burkina Faso,Zoundwéogo,Province,331552.20956941694,3704.5957832413014,1212161929.4688413,524215530.5227768,1736377459.9916182,468709.02025170234
ATG-5098,ATG,Antigua and Barbuda,Saint John,Parish,43189.41259765625,75.76172193660257,0.0,1732980014.2123566,1732980014.2123566,22874084.298961878
MMR-3274,MMR,Myanmar,Chin,State,586299.020088031,37282.827751704266,0.0,1727300424.735554,1727300424.735554,46329.65171630781
TTO-63,TTO,Trinidad and Tobago,Chaguanas,City,60345.4814453125,58.354218635022335,15850584.89369245,1709736017.51596,1725586602.4096525,29570897.23370935
UGA-3375,UGA,Uganda,Kabale,District,587659.6585083008,1651.43265610808,768253487.1803361,953892423.7431738,1722145910.92351,1042819.3390471516
SYR-140,SYR,Syria,Idlib,Province,1458089.122188568,5636.5762028098325,0.0,1721919200.501681,1721919200.501681,305490.27256001695
JAM-1378,JAM,Jamaica,Portland,Parish,66360.29731917381,828.7336425084326,966907938.1856663,754032721.6209624,1720940659.8066287,2076590.8025618952
BIH-4808,BIH,Bosnia and Herzegovina,Trebinje,,55776.889301896095,3197.7840000661763,1067764718.9185295,652367632.6950777,1720132351.6136072,537913.8652197928
AZE-1704,AZE,Azerbaijan,İmişli,District,124920.92768480629,1986.2073125869194,704016223.7008337,1015087786.7534528,1719104010.4542866,865520.9350806657
BFA-2829,BFA,Burkina Faso,Kouritenga,Province,489172.3145751953,2889.3134957418115,945397562.0450658,773427885.5662448,1718825447.6113105,594890.6029561925
GNB-772,GNB,Guinea Bissau,Oio,Region,284028.2088391781,5365.651483896633,1209412663.7241561,508442680.309255,1717855344.033411,320157.8315678963
EST-2351,EST,Estonia,Võru,County,28525.857112744823,2444.1069166372254,347526965.9265279,1368065724.9211655,1715592690.8476934,701930.2957532344
DZA-2189,DZA,Algeria,Tamanghasset,Province,230362.1689812122,609276.3801517687,0.0,1711436423.820918,1711436423.820918,2808.9656510147415
DOM-1978,DOM,Dominican Republic,San José de Ocoa,Province,57170.94176155329,837.9569471531704,880179732.9623582,830055150.4345812,1710234883.3969393,2040957.938480251
SYR-138,SYR,Syria,Hamah,Province,1442576.437787842,10203.925014264893,0.0,1703599614.4664738,1703599614.4664738,166955.32474855255
BOL-1938,BOL,Bolivia,Pando,Department,140481.39267740352,63698.13837365311,742178148.2250935,959835216.1338408,1702013364.3589344,26719.985980986265
BWA-1191,BWA,Botswana,Ghanzi,District,59088.503881048586,114792.18209175105,1027261178.1376624,674263185.1001936,1701524363.237856,14822.65022088231
AZE-1727,AZE,Azerbaijan,Şəki,District,106680.17581435293,2351.9780220787347,833664580.1462708,866866309.4713125,1700530889.6175833,723021.5901909717
NIC-669,NIC,Nicaragua,Chontales,Department,165915.73634171486,7383.081736722618,1091533901.414253,607379639.7615294,1698913541.1757824,230108.99807943037
UGA-5593,UGA,Uganda,Buyende,District,464410.51696778834,2022.443108907211,940849125.9362125,753833732.2094171,1694682858.1456296,837938.4570482775
HUN-4906,HUN,Hungary,Tatabánya,Urban county,52277.95751953125,94.73300400512937,59338236.31358858,1629043067.3785372,1688381303.6921258,17822524.69900255
BIH-2227,BIH,Bosnia and Herzegovina,West Herzegovina,Canton,101213.08340239525,1509.231842052288,503944141.81148773,1183790283.8146527,1687734425.6261404,1118273.7990282
GIN-5628,GIN,Guinea,Boffa,Prefecture,233837.7173462212,5098.955184656524,1204889406.9325154,482632798.7941456,1687522205.726661,330954.50824997516
BDI-2636,BDI,Burundi,Bubanza,Province,505773.86566090584,1116.953579689789,1426265772.8567743,254228855.40823624,1680494628.2650106,1504533.9921214394
NAM-3353,NAM,Namibia,Omaheke,Region,78032.65361709229,83465.4407920275,1022321558.6860902,652698270.368984,1675019829.0550742,20068.423687221093
SUR-69,SUR,Suriname,Sipaliwini,District,42617.21066574153,111564.23288586826,1266632926.9403574,406753326.8161937,1673386253.7565513,14999.30766761466
BRB-1998,BRB,Barbados,Saint Philip,Parish,34016.15234375,64.68223955146904,0.0,1673281441.524135,1673281441.524135,25869256.43155366
AND-4876,AND,Andorra,Andorra la Vella,,22919.779296875,14.49646954661207,0.0,1673055119.4148889,1673055119.4148889,115411211.95304368
HUN-4910,HUN,Hungary,Zalaegerszeg,Urban county,51422.58264160156,109.79032869904256,68769744.3748074,1602388573.1898434,1671158317.5646508,15221361.82090895
JAM-1383,JAM,Jamaica,Saint Thomas,Parish,73248.86264419556,714.1421804549872,833210705.8971261,832305482.1408154,1665516188.0379415,2332191.310947106
SVN-206,SVN,Slovenia,Kamnik,Commune|Municipality,32760.519382476807,270.39781223221166,81821947.12901533,1582570297.428027,1664392244.5570421,6155346.564445199
COG-3346,COG,Republic of the Congo,Plateaux,Region,116836.17013542913,39822.40595606365,1211140311.6420457,453076798.2641923,1664217109.906238,41790.97344701827
ARM-1670,ARM,Armenia,Tavush,Province,105005.96142831352,2626.277690345755,748464970.0843626,914400641.1211994,1662865611.205562,633164.4278585949
MDA-1650,MDA,Moldova,Bender,City,212476.20104151964,921.2960225199093,113154713.47092012,1548190837.1698723,1661345550.6407924,1803270.0782716018
UGA-3077,UGA,Uganda,Sembabule,District,338243.7156829834,2389.209620502799,1111470465.2152374,549039079.1631658,1660509544.3784032,695003.7075562067
NAM-3351,NAM,Namibia,Oshana,Region,185429.44330443908,8498.255605389095,104090385.60357119,1551010651.4406765,1655101037.0442476,194757.73781088434
SUR-74,SUR,Suriname,Wanica,District,172622.5613708496,435.37915618347785,4943032.015374125,1647569139.891383,1652512171.906757,3795570.2482237206
NER-94,NER,Niger,Niamey,Capital District,1475172.1938056946,672.5597226504754,62273131.23827524,1589162746.9303644,1651435878.1686397,2455448.672514217
PHL-5540,PHL,Philippines,Olongapo,Highly Urbanized City,200410.62099266052,190.00037742436106,276105743.06408685,1374785372.0842137,1650891115.1483006,8688883.34606345
GBR-2744,GBR,United Kingdom,Orkney,Unitary District,17665.028811380267,934.7287147577662,224552161.65334883,1417174847.2909396,1641727008.9442885,1756367.3641605629
EST-1657,EST,Estonia,Jõgeva,County,25429.949746332044,2963.885861004324,421434207.1600353,1219589739.124126,1641023946.2841613,553673.1248240761
BWA-2625,BWA,Botswana,Kgalagadi,District,60973.85393331586,105600.86119212107,945009173.13223,695777050.7047392,1640786223.8369694,15537.62161893609
MRT-2783,MRT,Mauritania,Tiris Zemmour,Region,62904.819510710775,258864.00335473934,1414486904.1137443,224201475.53313425,1638688379.6468785,6330.306100540637
UGA-3069,UGA,Uganda,Kamuli,District,597610.9758300781,1432.206610281092,666268599.3531469,970045457.3265971,1636314056.679744,1142512.571114717
GIN-5656,GIN,Guinea,Pita,Prefecture,320063.5508980751,4120.749565289249,973738211.0710275,660599877.1926805,1634338088.263708,396611.8450949805
ISL-695,ISL,Iceland,Austurland,Region,10641.833651459136,21429.8732276935,152415054.23617205,1477428773.158715,1629843827.394887,76054.75823761124
UGA-5602,UGA,Uganda,Kyankwanzi,District,281067.07177734375,2511.4706778331497,1168346828.4704943,456229633.0033006,1624576461.473795,646862.6035783342
COG-5855,COG,Republic of the Congo,Pointe Noire,Region,416472.3828125,66.20807387306253,2013621.8618310436,1615030461.4694605,1617044083.3312914,24423669.029121283
HTI-1360,HTI,Haiti,Nippes,Department,367838.6349053383,1203.4104541363881,603159120.4022868,1007938698.6062529,1611097819.0085397,1338776.6521977931
MRT-2789,MRT,Mauritania,Assaba,Region,396090.2768275812,35896.405656128874,196145447.21294573,1411720519.982586,1607865967.1955316,44791.83745019352
MRT-2791,MRT,Mauritania,Gorgol,Region,430072.0950191645,13679.759287366196,74749057.85526085,1532836419.1952753,1607585477.0505362,117515.62606333326
EST-1656,EST,Estonia,Järva,County,25820.53114040196,2596.1976179012213,369152705.61742365,1238321552.016095,1607474257.6335187,619164.8303463928
VEN-25,VEN,Venezuela,Apure,State,539584.9451013645,75110.53841296885,0.0,1606067857.257447,1606067857.257447,21382.7232661687
SLB-3507,SLB,Solomon Islands,Western,Province,44613.81213076413,5191.816908128142,1279589224.3383846,325363257.5863755,1604952481.92476,309131.17899286817
GIN-5646,GIN,Guinea,Koundara,Prefecture,167117.86968446523,5324.259115666878,1258129004.0624354,344925387.10044056,1603054391.162876,301084.9690703096
AZE-1731,AZE,Azerbaijan,Zaqatala,District,134616.03795307502,1435.7837590078548,508917197.9490751,1093868726.079959,1602785924.0290341,1116314.2875613666
PRY-610,PRY,Paraguay,Ñeembucú,Department,89502.651244557,11784.73053099692,674070108.5713756,927782325.3269141,1601852433.8982897,135926.0977317215
MNG-3298,MNG,Mongolia,Ömnögovi,Province,98763.08793041164,166377.34259193603,835957640.6105081,765611228.5526987,1601568869.1632068,9626.123630855682
BEN-2175,BEN,Benin,Littoral,Department,649744.53125,57.748231790769005,47721016.66032468,1546728127.533096,1594449144.1934206,27610354.37362589
BFA-2807,BFA,Burkina Faso,Nayala,Province,212413.03298914433,3833.014460263812,1254181151.113381,335845177.8166872,1590026328.930068,414823.9839462104
AZE-1681,AZE,Azerbaijan,Goranboy,District,114883.44634895772,1846.6396104346068,654546097.3966975,933524794.0458277,1588070891.4425254,859978.7865856363
TCA-5005,TCA,Turks and Caicos Islands,Providenciales and West Caicos,,24935.33071899414,120.99398543725454,0.0,1583579733.2564898,1583579733.2564898,13088086.383250082
JAM-1377,JAM,Jamaica,Kingston,Parish,135603.953125,29.874876488529146,34855897.899404064,1540828205.5400255,1575684103.4394295,52742782.1850388
MRT-2797,MRT,Mauritania,Hodh el Gharbi,Region,360968.9315643511,50153.28904974807,274048031.5522443,1286543188.7069733,1560591220.2592177,31116.428250821904
LBY-2882,LBY,Libya,Ghadamis,Municipality|Governarate,112312.27857074793,67953.01682672519,0.0,1557861223.5817544,1557861223.5817544,22925.56381351217
BFA-2830,BFA,Burkina Faso,Nahouri,Province,233791.92757846788,3608.6377123529473,1180763977.5297058,369647240.4954049,1550411218.0251107,429638.92238830286
JAM-1381,JAM,Jamaica,Saint Mary,Parish,70548.0724067688,635.0973830166103,740986813.6896042,801617189.6598562,1542604003.3494604,2428925.1453412385
GBR-2773,GBR,United Kingdom,Moyle,District,17685.991569519043,512.0081208893461,123000961.15006673,1418856582.0835245,1541857543.233591,3011392.7500904105
UGA-3121,UGA,Uganda,Tororo,District,609747.451171875,1185.1150087709073,551320536.6446486,989745451.5526297,1541065988.1972783,1300351.4231041009
HND-649,HND,Honduras,La Paz,Department,227082.8083231449,2602.174781786342,514987211.6307581,1025018574.8765453,1540005786.5073035,591814.8916384932
SYR-141,SYR,Syria,Hasaka (Al Haksa),Province,1303802.9348935348,22373.05973573629,0.0,1539716107.2663698,1539716107.2663698,68820.09548327424
SVN-1001,SVN,Slovenia,Velenje,Commune|Municipality,31301.853515625,87.27410538723784,26409005.22743212,1512106174.2008922,1538515179.4283242,17628541.393829085
GIN-5637,GIN,Guinea,Forécariah,Prefecture,281850.12750671804,4013.0736719086135,948294264.4941441,581728719.4847498,1530022983.9788938,381259.6301655276
MKD-2929,MKD,Macedonia,Gazi Baba,Municipality,131711.71893310547,103.61264069040648,43057692.74163859,1485532206.239802,1528589898.9814405,14752928.68510949
UGA-3373,UGA,Uganda,Rukungiri,District,416781.7986789942,1823.0140476629815,848073879.437785,676522531.9755884,1524596411.4133735,836305.3556103063
BLZ-1323,BLZ,Belize,Belize,District,121777.52521746047,3553.2135203530097,225526127.05707568,1297841754.5215402,1523367881.578616,428729.6197801449
PHL-5524,PHL,Philippines,Lapu-Lapu,Highly Urbanized City,210637.5,53.14236210744931,77225695.9526269,1444940155.2575083,1522165851.2101352,28643172.61871887
AFG-1760,AFG,Afghanistan,Badakhshan,Province,1535117.5104587898,43676.83516813433,0.0,1522158798.9151096,1522158798.9151096,34850.48294034005
NIC-667,NIC,Nicaragua,Nueva Segovia,Department,280673.2841949463,3321.548914991714,491066383.2808381,1027480828.5448366,1518547211.8256748,457180.4452349795
TTO-53,TTO,Trinidad and Tobago,Arima,City,53408.203125,10.034676219279417,2725689.60762239,1513185847.9971411,1515911537.6047635,151067309.44564748
SVN-958,SVN,Slovenia,Krško,Statistical Region,29221.67739868164,344.13408859802684,104134426.86577065,1411618605.6840577,1515753032.5498283,4404541.958411844
AFG-1745,AFG,Afghanistan,Faryab,Province,1524733.0934396684,20728.979800100315,0.0,1511862042.0677881,1511862042.0677881,72934.70574275304
UGA-3362,UGA,Uganda,Masaka,District,359565.70108904317,1993.664859930135,927461362.257319,583649044.376076,1511110406.633395,757956.0822907565
BFA-2822,BFA,Burkina Faso,Loroum,Province,204168.63296437263,3628.345644362375,1187212509.6471524,322809998.41480535,1510022508.0619578,416173.83129090525
CAF-810,CAF,Central African Republic,Ouham,Prefecture,503088.7199508557,53416.122419851774,1074625459.0018547,433145240.83213246,1507770699.8339872,28226.88416023312
PHL-2581,PHL,Philippines,Biliran,Province,121407.21411848068,463.8226616348792,674020243.4157953,832834413.7095201,1506854657.1253154,3248773.2527211234
CUB-1320,CUB,Cuba,Isla de la Juventud,Special Municipality,80021.547302939,2364.3877917437508,0.0,1503720757.8420873,1503720757.8420873,635987.3634489898
AFG-1765,AFG,Afghanistan,Takhar,Province,1512733.481431745,12214.324263847584,0.0,1499963724.9181328,1499963724.9181328,122803.66007293435
MNP-4939,MNP,Northern Mariana Islands,Saipan,,39272.66357421875,132.43750084518933,0.0,1498939357.4518535,1498939357.4518535,11318088.516363762
AZE-1706,AZE,Azerbaijan,Kürdəmir,District,114586.56853103638,1600.3902364947664,567262381.7285556,931112411.647497,1498374793.3760526,936255.8950983407
UGA-3099,UGA,Uganda,Lira,District,523756.16650390625,1392.341413427533,647723140.4229265,850163920.363418,1497887060.7863445,1075804.4301066857
AZE-1698,AZE,Azerbaijan,Biləsuvar,District,123149.0656773895,1394.2155903505268,494183255.0525625,1000689915.1007594,1494873170.1533217,1072196.5673741233
BIH-3153,BIH,Bosnia and Herzegovina,Posavina,Canton,110317.27604675293,595.0650091187031,198696791.96178827,1290273106.3122075,1488969898.2739956,2502197.029664329
GAB-2621,GAB,Gabon,Moyen-Ogooué,Province,73193.72783816885,17856.58068818572,448354074.3735474,1037596169.1698289,1485950243.5433762,83215.83339449255
SYR-142,SYR,Syria,Dayr Az Zawr,Province,1253808.141786824,26719.744430216488,0.0,1480675138.600244,1480675138.600244,55415.01875017176
MUS-5186,MUS,Mauritius,Moka,District,65916.37307739258,206.68793191326597,305149087.30874664,1172671501.139073,1477820588.4478195,7150009.07294369
EST-2349,EST,Estonia,Valga,County,24529.143585961312,2061.1444777606184,293073630.2149606,1176388161.4141107,1469461791.6290712,712934.8803464784
HUN-4911,HUN,Hungary,Nagykanizsa,Urban county,43912.93728637695,159.4273972861847,99861085.10309432,1368379130.4944286,1468240215.597523,9209459.858156728
AZE-1705,AZE,Azerbaijan,İsmayıllı,District,90614.31678603776,2062.59315058309,731091377.8750706,736317668.9385306,1467409046.813601,711438.9216306512
GEO-3034,GEO,Georgia,Mtskheta-Mtianeti,Region,85807.02275662444,6960.057764947121,743869405.6004078,722640519.4002968,1466509925.0007048,210703.7002460635
MLT-5936,MLT,Malta,Sliema,,33538.94140625,3.3755425826487673,2490555.423465088,1460025513.0011566,1462516068.4246216,433268439.84797084
GNB-771,GNB,Guinea Bissau,Cacheu,Region,237256.1633157432,4603.324253066346,1037584841.951735,424715418.54650915,1462300260.4982443,317661.7983241531
GIN-5631,GIN,Guinea,Coyah,Prefecture,544480.247312963,1427.767436916695,337383208.520982,1123788021.1587281,1461171229.6797101,1023395.821966042
MKD-2913,MKD,Macedonia,Čair,Municipality,129442.78125,2.7217125851343487,1131046.0136995271,1459941620.7588232,1461072666.7725227,536821071.6857899
NIC-24,NIC,Nicaragua,Rivas,Department,183850.84549622238,5257.458019808563,777276192.8585563,673035980.6098306,1450312173.468387,275858.0606833255
UGA-3122,UGA,Uganda,Katakwi,County,207000.30047124624,2381.2187985172445,1107753100.8812249,336004038.17627925,1443757139.0575042,606310.1551006207
MRT-2784,MRT,Mauritania,Brakna,Region,354255.2638258273,33126.08063183304,181007813.48936027,1262614748.4869049,1443622561.9762652,43579.636782897665
SOM-2410,SOM,Somalia,Shabeellaha Dhexe,Region,1109763.1153132915,18558.77190353523,0.0,1442883330.4886136,1442883330.4886136,77746.70317564283
PHL-2511,PHL,Philippines,Tawi-Tawi,Province,44984.31770658493,780.380097728852,1134036835.488007,308585351.66390556,1442622187.1519127,1848614.7857311976
MRT-2795,MRT,Mauritania,Adrar,Region,63157.54769833392,221892.74387080062,1212468231.409535,225102233.74235663,1437570465.1518915,6478.6727140069615
LVA-5764,LVA,Latvia,Jurmala,Republican City,41438.715408325195,117.95828791412814,25590185.214944668,1407600129.3473258,1433190314.5622704,12149975.554118007
NAM-3356,NAM,Namibia,Caprivi,Region,141847.14365654904,20018.324286174215,245193271.51843235,1186469779.3787558,1431663050.8971882,71517.62707161136
GRL-2741,GRL,Greenland,Qeqqata Kommunia,,4790.266806602478,104511.43378179494,0.0,1429332707.7529,1429332707.7529,13676.328570299245
AZE-1724,AZE,Azerbaijan,Qəbələ,District,109457.5150923729,1515.7975609483583,537278293.152542,889434531.0898877,1426712824.2424297,941229.1330973031
TTO-62,TTO,Trinidad and Tobago,San Fernando,City,50013.06640625,20.597452507377657,5594825.484751571,1416993268.3141313,1422588093.7988827,69066215.50841473
COG-3345,COG,Republic of the Congo,Niari,Region,146026.3627615436,28122.53368476457,855305785.6099578,566272900.12567,1421578685.7356277,50549.452679854745
BWA-2648,BWA,Botswana,South-East,District,122850.63852808625,1616.929378486701,14469702.97142741,1401857508.3960989,1416327211.3675263,875936.3458984708
LVA-1066,LVA,Latvia,Rezeknes,Municipality,25432.420567668974,2526.0543244580363,548008954.4276162,863894503.6764905,1411903458.104107,558936.3001553935
BIH-4807,BIH,Bosnia and Herzegovina,Foča,,41172.226956516504,2784.120398651286,929639254.8213745,481551204.6042709,1411190459.4256454,506871.20431618893
TTO-5090,TTO,Trinidad and Tobago,Western Tobago,Region,48341.52648925781,140.0711985553983,38047127.967730045,1369634428.309066,1407681556.276796,10049757.34337032
BIH-4806,BIH,Bosnia and Herzegovina,Sarajevo-romanija,,58314.88789129257,2169.271493740815,724336467.605131,682052115.8613296,1406388583.4664607,648322.9911629016
NIC-660,NIC,Nicaragua,Masaya,Department,361409.08323192596,557.9995848896367,82496101.98037577,1323036160.5233798,1405532262.5037556,2518876.896264622
MKD-2943,MKD,Macedonia,Kumanovo,Statistical Region,105771.14552688599,510.7855833631733,212264146.1385561,1192957198.0673063,1405221344.2058623,2751098.28854887
MNG-3321,MNG,Mongolia,Hövsgöl,Province,115752.1921985044,100389.08700977561,504401759.3523128,897310725.4322327,1401712484.7845454,13962.797416895031
UGA-3078,UGA,Uganda,Mpigi,District,378824.2146909982,1687.1434650427911,784866307.2021819,614909570.6883484,1399775877.8905303,829672.1096300057
COG-2185,COG,Republic of the Congo,Cuvette-Ouest,Region,159909.46711595915,25451.149841651022,774059547.9056431,620109930.7607479,1394169478.666391,54778.25117295175
BFA-2816,BFA,Burkina Faso,Oubritenga,Province,300982.12342071533,2805.9793693702827,918130226.7341318,475881321.11008584,1394011547.8442178,496800.35536293394
VEN-48,VEN,Venezuela,Nueva Esparta,State,467828.9428746104,1107.269372548252,0.0,1392487011.8540711,1392487011.8540711,1257586.49735739
UGA-5606,UGA,Uganda,Alebtong,District,342761.8362426758,1796.217416223457,835607972.6555991,556372917.5661434,1391980890.2217426,774951.2267553776
UGA-3094,UGA,Uganda,Mityana,County,405849.47265625,1569.2834037459677,730037305.9978806,658777119.6165763,1388814425.614457,884999.1163478049
BWA-2646,BWA,Botswana,Kgatleng,District,115320.70714225806,7689.639225886104,68813639.62855604,1315932917.5481858,1384746557.1767418,180079.5221335202
CAF-868,CAF,Central African Republic,Mbomou,Prefecture,194618.94463303313,59914.338962924536,1205356568.2427187,167561438.57052743,1372918006.8132463,22914.68170353709
UGA-3067,UGA,Uganda,Kayunga,District,360603.2289123535,1689.1693541426298,785808759.4177387,585333165.3051708,1371141924.7229095,811725.5509995081
AZE-1716,AZE,Azerbaijan,Şamaxı,District,109712.22838566732,1343.8123146758442,476317686.0468652,891504291.2008541,1367821977.2477193,1017866.8273163331
LVA-1091,LVA,Latvia,Talsi,Municipality,28988.94558995962,1746.9372026110807,378985210.4859223,984703390.536858,1363688601.0227802,780616.841283434
JOR-852,JOR,Jordan,Tafilah,Province,119613.67089767754,2180.9523453426627,348101406.4081839,1010807970.2943391,1358909376.702523,623080.7287488056
MKD-2903,MKD,Macedonia,Prilep,Statistical Region,77239.77988566458,1167.9052903467336,485339499.1962596,871161515.1063658,1356501014.3026254,1161482.0358420506
BFA-2835,BFA,Burkina Faso,Léraba,Province,194539.86141586304,3204.353515823739,1048480203.4306505,307585996.1614656,1356066199.592116,423194.9417864133
LBR-787,LBR,Liberia,Lofa,County,393510.16115254164,9331.874644585181,843411984.8751497,510905815.9568727,1354317800.8320224,145128.1604621495
LBR-784,LBR,Liberia,Bong,County,426277.12672472,8838.311953391194,798803939.3436139,553448131.0855412,1352252070.429155,152998.90720764908
BFA-2832,BFA,Burkina Faso,Bougouriba,Province,183134.3725862801,3228.1262420873254,1056258756.1857882,289552835.1536225,1345811591.3394108,416901.784630703
SVN-1017,SVN,Slovenia,Škofja Loka,Commune|Municipality,26886.023986816406,147.40598992731813,44604817.67498707,1298789633.9711895,1343394451.6461766,9113567.585066032
SOM-2313,SOM,Somalia,Bay,Region,1032242.2847049534,43939.63236689031,0.0,1342092889.0809212,1342092889.0809212,30544.017252457124
QAT-1106,QAT,Qatar,Madinat ach Shamal,Municipality,11300.42292189598,1012.4835799218171,164437481.9797888,1177161910.636213,1341599392.6160018,1325057.9260945632
MKD-2896,MKD,Macedonia,Bitola,Statistical Region,90700.1892273426,758.8863680722325,315365922.96597755,1022976947.6905341,1338342870.6565118,1763561.6173423284
COG-2626,COG,Republic of the Congo,Bouenza,Region,246823.71552346635,12411.03317290186,377463446.1165528,957153068.5695838,1334616514.6861367,107534.68273698007
AZE-1738,AZE,Azerbaijan,Tərtər,District,109049.61460831296,1261.0673704268263,446988530.519461,886119995.9895338,1333108526.5089948,1057127.1272031923
AZE-1707,AZE,Azerbaijan,Lankaran,District,120721.19209957123,990.6016606629353,351121273.1481549,980961396.7307786,1332082669.8789334,1344720.8123873633
BTN-2433,BTN,Bhutan,Chhukha,District,276489.1697729286,1853.2005016843177,0.0,1331421538.1136005,1331421538.1136005,718444.4084185774
AZE-2422,AZE,Azerbaijan,Naxçıvan,Municipality,159454.6100601554,94.80865841297448,33605169.635142826,1295703051.6295512,1329308221.264694,14020958.038182506
MRT-2790,MRT,Mauritania,Guidimaka,Region,354575.1919802129,10473.165479283152,57227560.50697901,1263755016.6704206,1320982577.1773996,126130.21151918395
HUN-4919,HUN,Hungary,Békéscsaba,Urban county,37035.97462654114,265.67670136776053,166412825.75522763,1154084829.8526876,1320497655.6079152,4970317.8668272775
MRT-2788,MRT,Mauritania,Trarza,Region,264270.99915298366,69036.92816405676,377232174.1253476,941898385.7131351,1319130559.8384829,19107.6079848708
STP-4861,STP,Sao Tome and Principe,São Tomé,,183316.13447117805,880.8905273999719,447004104.2676213,871488495.1068512,1318492599.3744726,1496772.3665574233
CAF-809,CAF,Central African Republic,Ouaka,Prefecture,378544.34055043565,49187.14294034232,989546857.1041565,325916032.4035413,1315462889.5076978,26744.03941499886
UGA-5596,UGA,Uganda,Serere,District,347670.52262577415,1611.868512790551,749848079.634002,564340724.5843321,1314188804.2183342,815320.1044563752
UGA-3066,UGA,Uganda,Kaberamaido,District,283694.6256389618,1828.7689341661749,850751077.0867795,460494693.03470844,1311245770.1214879,717010.0856505138
UGA-3074,UGA,Uganda,Soroti,District,400198.905020833,1419.983190950656,660582212.7535225,649605086.8264499,1310187299.5799723,922678.034451114
PHL-5557,PHL,Philippines,Muntinlupa,Highly Urbanized City,168091.6875,106.31006888299353,154488222.40270817,1153082566.1800325,1307570788.5827408,12299594.970838303
MNE-1514,MNE,Montenegro,Nikšic,Municipality,71470.8554057777,2061.5629727230753,161803094.995478,1144328258.8727307,1306131353.8682086,633563.6461994499
MDV-5234,MDV,Maldives,Malé,Capital,2675.417232878552,34.93066225608217,91880378.48483415,1213731289.031115,1305611667.5159492,37377237.73870375
GIN-5658,GIN,Guinea,Tougué,Prefecture,119805.961502105,4477.381923597811,1058010877.7515236,247275277.77895918,1305286155.5304828,291528.8840228347
BDI-3365,BDI,Burundi,Muramvya,Province,491310.43994140625,827.3002390725061,1056400226.7605867,246958768.0913568,1303358994.8519435,1575436.5021254572
GIN-5648,GIN,Guinea,Labé,Prefecture,397115.06986403465,2042.2164367875362,482578265.985392,819631493.9562888,1302209759.941681,637645.3232303298
LIE-4894,LIE,Liechtenstein,Balzers,,4917.3681640625,18.747738151135042,0.0,1300992594.5823615,1300992594.5823615,69394642.92142333
LIE-4898,LIE,Liechtenstein,Ruggell,,4909.0556640625,5.924884512687121,0.0,1298793348.8513825,1298793348.8513825,219209901.23440212
MNG-3297,MNG,Mongolia,Dornogovi,Province,93154.19615487158,114571.87950513772,575662746.9783164,722131112.5186996,1297793859.497016,11327.333243571511
GIN-5659,GIN,Guinea,Yomou,Prefecture,162025.86988902092,4070.9356326325137,961967117.2680539,334415679.1686965,1296382796.4367504,318448.36505027977
UGA-3076,UGA,Uganda,Pallisa,District,477400.81406247616,1116.4947821522805,519398115.7115998,774919654.6500514,1294317770.3616512,1159268.98275922
GIN-5633,GIN,Guinea,Dalaba,Prefecture,186722.8157170415,3841.9736060960745,907863107.6478673,385389304.04802597,1293252411.6958933,336611.47740418743
UGA-5592,UGA,Uganda,Luuka,District,537271.48828125,901.3256320183325,419300512.9951762,872102065.7868838,1291402578.7820601,1432781.375461642
NIC-668,NIC,Nicaragua,Boaco,Department,177677.94862747192,4305.813036643545,636582536.9738092,650438414.1637836,1287020951.1375928,298903.12008085876
GMB-2153,GMB,Gambia,Banjul,Independent City,902278.1653442383,208.62364653695428,34930924.316018574,1251395841.043607,1286326765.3596256,6165776.443428112
BLZ-1324,BLZ,Belize,Cayo,District,89411.34117965586,5248.893153689773,333152662.3737625,952899738.301551,1286052400.6753135,245014.01781655004
AZE-1735,AZE,Azerbaijan,Lankaran,District,81301.49068684317,1763.7701986350987,625172824.0300757,660643110.5706694,1285815934.6007452,729015.5688058339
AZE-1692,AZE,Azerbaijan,Ağdaş,District,112815.66876006126,1040.517370109244,368814023.06657535,916722358.9766028,1285536382.043178,1235478.0602155728
BRB-1991,BRB,Barbados,Saint George,Parish,26115.2998046875,44.139924892876934,0.0,1284632255.330648,1284632255.330648,29103634.826029237
LBY-2973,LBY,Libya,Al Jifarah,Municipality|Governarate,92109.6975825876,1332.9519656693742,0.0,1277635250.6228,1277635250.6228,958500.5938163755
UGA-3126,UGA,Uganda,Abim,County,152101.19090057537,2214.7508385527053,1030311498.7223151,246891498.40685144,1277202997.1291666,576680.218332728
AFG-1750,AFG,Afghanistan,Hilmand,Province,1285418.6488695021,57297.59088629821,0.0,1274567773.0439837,1274567773.0439837,22244.700925964687
AZE-1678,AZE,Azerbaijan,Gədəbəy,District,101340.90702912584,1267.7098092019687,449342959.80436224,823480252.1106677,1272823211.91503,1004033.5750941931
NIC-664,NIC,Nicaragua,Estelí,Department,251103.1969985962,2359.042933376842,348767009.29164994,919231488.8194853,1267998498.1111352,537505.4773997115
AZE-1710,AZE,Azerbaijan,Neftçala,District,92394.0118060857,1455.4250729226353,515879111.5233418,750779190.4183806,1266658301.9417224,870301.2786485457
AZE-1713,AZE,Azerbaijan,Saatlı,District,105531.47373386472,1150.687208800582,407864002.04393935,857532137.2542768,1265396139.298216,1099687.3256436046
LVA-1087,LVA,Latvia,Madona,Municipality,23552.37069209921,2144.829607105278,465305048.6819347,800032522.8704988,1265337571.5524335,589947.829590141
LBY-2969,LBY,Libya,Murzuq,Municipality|Governarate,91083.52955437824,283340.8408862082,0.0,1263401478.497701,1263401478.497701,4458.945891972885
MWI-1917,MWI,Malawi,Chiradzulu,District,401291.01123046875,793.0967902147873,795609615.484631,465327812.96606535,1260937428.4506962,1589890.9742267495
LBY-2967,LBY,Libya,Ash Shati',Municipality|Governarate,90831.33480902342,96391.80393744886,0.0,1259903335.4666889,1259903335.4666889,13070.647959698657
LBR-793,LBR,Liberia,Grand Gedeh,County,198199.52837263048,11046.270697872596,998358577.412617,257328277.03585738,1255686854.4484744,113675.18403204689
GUY-673,GUY,Guyana,Upper Takutu-Upper Essequibo,Region,41452.273847339675,16497.401669364885,629387628.3411382,621847754.6560292,1251235382.9971676,75844.39101829406
MDA-1640,MDA,Moldova,Ialoveni,District,160592.0682234764,646.1251423130142,79357886.67014097,1170141255.0065377,1249499141.6766787,1933834.5776232942
AZE-1729,AZE,Azerbaijan,Qusar,District,99792.47290993482,1206.449198067892,427628980.68500954,810897920.2939442,1238526900.9789538,1026588.5235469788
MDG-5875,MDG,Madagascar,Itasy,Autonomous Province,748911.6833248138,6653.140939517784,559503808.9673806,678148897.770595,1237652706.7379756,186025.3251793701
AFG-1766,AFG,Afghanistan,Baghlan,Province,1246469.7603923893,17859.77883097961,0.0,1235947672.0422814,1235947672.0422814,69202.8542872213
MUS-5193,MUS,Mauritius,Rivière Noire,District,43047.94927692413,318.3187771347989,469958180.0290187,765835572.2979373,1235793752.326956,3882252.135580531
AZE-1676,AZE,Azerbaijan,Ağstafa,District,92509.87021997059,1354.7807513521877,480205476.26888585,751720637.6450927,1231926113.9139786,909317.6978521509
GUY-675,GUY,Guyana,Barima-Waini,Region,31686.44358286448,19799.8550518572,755378577.932537,475345305.96814996,1230723883.900687,62158.22695051733
BFA-2833,BFA,Burkina Faso,Ioba,Province,221108.01550257206,2690.4160637028017,880317345.715537,349592770.92451864,1229910116.6400557,457144.9498957193
UGA-3117,UGA,Uganda,Bugiri,District,464030.13525390625,1024.0959860221874,476413803.22652364,753216294.4973856,1229630097.7239094,1200698.0932520411
PHL-5534,PHL,Philippines,Ormoc,Independent Component City,132958.63623046875,217.54071670356177,316126957.46376836,912075354.4723996,1228202311.936168,5645850.259884056
SYR-146,SYR,Syria,Dar`a,Province,1039047.7643591762,3955.363453043008,0.0,1227055512.9050803,1227055512.9050803,310225.7295624909
AFG-1757,AFG,Afghanistan,Ghazni,Province,1236951.529616557,22053.503319034324,0.0,1226509789.5174394,1226509789.5174394,55615.19055608919
UGA-3115,UGA,Uganda,Mbale,County,597220.615234375,539.6889098167734,251065573.53444687,969411821.8381338,1220477395.3725808,2261446.1278941934
CAF-806,CAF,Central African Republic,Bamingui-Bangoran,Prefecture,58211.631423773826,58096.31804129317,1168781626.4671435,50118577.722722314,1218900204.1898658,20980.67907373247
UGA-5611,UGA,Uganda,Kyegegwa,District,363387.3265991211,1348.169728286203,627174284.846561,589852328.1435894,1217026612.9901505,902725.0704829561
LSO-1203,LSO,Lesotho,Maseru,District,547275.2065069675,3836.8029454762755,252386549.19025832,963472377.7539952,1215858926.9442534,316893.76395464706
LBY-5488,LBY,Libya,Wadi al Hayaa,Municipality|Governarate,87527.17775456537,32377.768545293646,0.0,1214072031.7368672,1214072031.7368672,37497.087856394035
LVA-1081,LVA,Latvia,Daugavpils,Municipality,23934.343707084656,1807.397288291504,392101582.5360133,813007472.986657,1205109055.5226703,666764.8907794011
SVN-224,SVN,Slovenia,Žalec,Statistical Region,24093.337646484375,120.91979060009174,36590135.96173499,1163882662.5448923,1200472798.5066273,9927843.842178442
COG-3344,COG,Republic of the Congo,Lékoumou,Region,145265.92277318984,20904.081271542927,635767098.8975511,563324004.1220094,1199091103.0195603,57361.578700514474
ETH-3135,ETH,Ethiopia,Dire Dawa,Administrative State,552048.8715753555,1059.328991666466,294674565.37990284,899657525.2177845,1194332090.5976872,1127442.0883344687
MNG-3317,MNG,Mongolia,Bayanhongor,Province,78327.61357348645,116428.94017701434,584993488.9744792,607195478.7384912,1192188967.7129703,10239.62741480262
MNG-3332,MNG,Mongolia,Dornod,Province,74162.86462077832,122654.39638521732,616273094.7336448,574910354.517354,1191183449.250999,9711.706097430715
SVN-999,SVN,Slovenia,Trebnje,Commune|Municipality,22625.357513427734,320.53122304642085,96992237.3587111,1092968592.8176422,1189960830.1763532,3712464.6356340065
MYS-4833,MYS,Malaysia,Labuan,Federal Territory,54722.285888671875,90.36722190744213,71395958.91158284,1118065104.0088544,1189461062.9204373,13162527.715400312
MKD-2962,MKD,Macedonia,Gostivar,Statistical Region,85808.40594428778,528.6511939330189,219688452.3374175,967804168.2918066,1187492620.629224,2246268.6819916302
CAF-867,CAF,Central African Republic,Haut-Mbomou,Prefecture,77309.34973421693,55574.55453063566,1118048792.495516,66561176.15293392,1184609968.64845,21315.6898629827
GMB-5512,GMB,Gambia,West Coast,Division,653052.6725491285,1663.2275884057763,278482703.0651347,905737753.3885046,1184220456.4536393,712001.4510995029
MDA-1624,MDA,Moldova,Cahul,District,138102.9192949757,1437.424560005721,176546256.84655648,1006275870.8544095,1182822127.700966,822875.9690152074
UGA-5617,UGA,Uganda,Lwengo,District,368989.7473144531,1244.2830463142184,578845759.0653992,598946208.5854464,1177791967.6508455,946562.738389524
UGA-3082,UGA,Uganda,Buliisa,County,148440.39381098747,2002.4631558643175,931554366.9025159,240949272.22531813,1172503639.127834,585530.6928839595
AZE-1703,AZE,Azerbaijan,Göyçay,District,112250.74463629723,721.3667390787259,255690271.77134854,912131874.5069216,1167822146.2782702,1618902.1242783149
AZE-1694,AZE,Azerbaijan,Hajigabul,District,60309.56780189276,1904.378058520221,675011636.8829247,490066050.8585587,1165077687.7414834,611789.073355947
HUN-4921,HUN,Hungary,Salgótarján,Urban county,35151.134704589844,110.81969588831413,69414512.62819399,1095350985.730604,1164765498.358798,10510455.646193681
LVA-5709,LVA,Latvia,Kuldigas,Municipality,22897.581020094454,1761.947306731755,382241542.460012,777790471.737224,1160032014.197236,658380.6506387444
BRB-1989,BRB,Barbados,Christ Church,Parish,23542.89599609375,57.43054502548697,0.0,1158093677.142019,1158093677.142019,20165117.30174372
LVA-4852,LVA,Latvia,Ventspils,Republican City,33635.924560546875,69.82707535533827,15148471.743349072,1142553076.1658385,1157701547.9091876,16579550.869313067
AZE-1697,AZE,Azerbaijan,Beyləqan,District,96454.21749711037,1053.2213024986956,373316964.1494594,783771782.492825,1157088746.6422844,1098618.821986576
SLB-1264,SLB,Solomon Islands,Isabel,Province,22046.596147581935,4041.8319706500347,996160829.1951177,160783219.33673403,1156944048.5318518,286242.49027002085
AZE-1723,AZE,Azerbaijan,Balakən,District,104149.40553900134,875.4776486331153,310315274.8553778,846301668.7405783,1156616943.595956,1321126.7533806078
AFG-1763,AFG,Afghanistan,Kunduz,Province,1165897.6939103387,8004.882650368796,0.0,1156055755.5558536,1156055755.5558536,144418.82611515766
UGA-3377,UGA,Uganda,Kanungu,District,310597.9970728159,1394.2488696075006,648610497.1410365,504164395.06775945,1152774892.208796,826807.1198317107
BDI-5588,BDI,Burundi,Mwaro,Province,369544.40771484375,756.2120476213486,965625949.1498424,185752681.5330687,1151378630.6829112,1522560.5493916052
COM-4934,COM,Comoros,Moûhîlî,,280860.71072387695,198.96014639052336,202518496.00957608,946173599.2083153,1148692095.2178912,5773478.337532045
CAF-805,CAF,Central African Republic,Ouham-Pendé,Prefecture,588137.9045161866,31850.383213082765,640765954.7190136,506370197.12756544,1147136151.846579,36016.40031054273
MLT-5973,MLT,Malta,Żurrieq,,26182.162109375,9.293760134433983,6857156.780121306,1139768372.596761,1146625529.3768823,123375847.10504422
AZE-1702,AZE,Azerbaijan,Füzuli,District,86626.28411519527,1248.4787857077608,442526474.7111417,703911543.460819,1146438018.1719608,918267.9203652202
LVA-1068,LVA,Latvia,Saldus,Municipality,23149.92851762101,1652.2301828025518,358439217.31399685,786362271.4819499,1144801488.7959468,692882.5660684322
LVA-5775,LVA,Latvia,Salaspils,Municipality,32801.63917541504,131.44062313960544,28515078.935012076,1114213872.0072985,1142728950.9423106,8693879.591004357
MWI-1922,MWI,Malawi,Mwanza,District,210763.63965511322,888.4286248214441,891243496.7594571,244396661.64651746,1135640158.4059746,1278257.055972521
BDI-3364,BDI,Burundi,Bujumbura Mairie,Province,1061522.9853515625,466.18443598998664,595282487.098274,533577932.5070837,1128860419.6053576,2421488.862467311
UGA-3127,UGA,Uganda,Moroto,District,33838.79257321358,2305.600945057366,1072575354.2145505,54927316.171643026,1127502670.3861935,489027.675323988
AZE-1709,AZE,Azerbaijan,Lerik,District,87917.14476490021,1158.7915440353693,410736604.23981446,714400873.8252418,1125137478.0650563,970957.6186126487
MNG-3327,MNG,Mongolia,Övörhangay,Province,104402.38352713542,62753.54232623746,315303167.88180095,809327034.9379915,1124630202.8197925,17921.3819830786
GAB-2623,GAB,Gabon,Nyanga,Province,43757.823969877325,20052.1645708527,503482152.7336967,620312038.5224569,1123794191.2561536,56043.53521463071
URY-7,URY,Uruguay,Flores,Department,26197.644206898753,5127.875035704089,298634617.2755634,825047318.4142073,1123681935.6897707,219132.08256165747
HND-653,HND,Honduras,Ocotepeque,Department,175118.61625003815,1679.9110752547358,332465261.9372356,790459814.1464486,1122925076.0836842,668443.1650130099
MNG-3319,MNG,Mongolia,Govi-Altay,Province,51506.620761556085,142827.84048759664,717633919.9042614,399279204.6724793,1116913124.5767407,7819.9958829016605
GEO-3028,GEO,Georgia,Guria,Region,107981.19890856743,1925.7590111879556,205819155.4381298,909384653.5857086,1115203809.0238385,579098.3204777505
LVA-1083,LVA,Latvia,Gulbene,Municipality,20881.311016738415,1861.5902647223977,403858351.2102524,709301333.2695554,1113159684.4798079,597961.7027304359
LBR-785,LBR,Liberia,Grand Bassa,County,317647.8735256195,7672.269383305194,693417367.4123458,412411576.70554334,1105828944.1178892,144133.22693337195
HUN-4914,HUN,Hungary,Szekszárd,Urban county,33011.55274581909,120.67045902725116,75584768.88836476,1028679078.0585893,1104263846.946954,9151070.244106527
TTO-55,TTO,Trinidad and Tobago,Rio Claro-Mayaro,Region,30490.694134950638,880.3442427821712,239125319.16788405,863876411.5061537,1103001730.6740377,1252920.9337340551
JAM-1371,JAM,Jamaica,Hanover,Parish,46744.00732421875,489.535944490623,571155998.1111599,531138534.42556703,1102294532.536727,2251713.1682407875
VEN-32,VEN,Venezuela,Cojedes,State,369523.0826700316,13859.011836308819,0.0,1099880845.4144976,1099880845.4144976,79362.14056278905
UGA-3065,UGA,Uganda,Kumi,District,348725.068544507,1140.8509070421794,530728688.4792247,566052469.3804986,1096781157.8597233,961371.1582202155
MNG-3326,MNG,Mongolia,Selenge,Province,113923.14464961257,41838.96159722826,210218525.41661993,883131953.0757523,1093350478.4923723,26132.352160594834
UGA-3116,UGA,Uganda,Manafwa,District,503719.17517089844,589.7042430887312,274332919.0459635,817639764.6715331,1091972683.7174966,1851729.399127268
MKD-2958,MKD,Macedonia,Tetovo,Statistical Region,85082.45928955078,303.9184038787869,126297574.94399685,959616459.9818759,1085914034.9258728,3573044.676027493
SVN-1022,SVN,Slovenia,Ajdovščina,Commune|Municipality,20849.928514957428,250.63443607992946,75841580.99634053,1007202516.7256255,1083044097.721966,4321210.264085874
ASM-5002,ASM,American Samoa,Western,,27142.636108398438,77.11228427287595,0.0,1082079021.8051775,1082079021.8051775,14032511.577222152
ARM-1733,ARM,Armenia,Vayots Dzor,Province,45959.95274716825,2380.7877616843316,678502599.8494791,400223089.111005,1078725688.960484,453096.1164708441
MLT-5946,MLT,Malta,Żebbuġ,,24578.201171875,8.125067047656051,5994867.2860996,1069944347.3766073,1075939214.6627069,132422195.2079888
AZE-1684,AZE,Azerbaijan,Qazax,District,99049.67605122924,750.1603075709306,265896225.21250838,804862069.990196,1070758295.2027044,1427372.6354169438
FJI-2619,FJI,Fiji,Northern,Division,102439.86322849989,6337.522358845444,0.0,1069514237.4044665,1069514237.4044665,168759.04759716042
AZE-2419,AZE,Azerbaijan,Şərur,District,98387.55106410384,750.2565890672159,265930352.43326595,799481746.6113052,1065412099.0445712,1420063.6349881098
UGA-3070,UGA,Uganda,Amolatar,County,186626.12641471997,1635.1382805756446,760673274.4614469,302932565.6136095,1063605840.0750563,650468.4360399279
UGA-3118,UGA,Uganda,Busia,District,445761.6013183594,728.0480811578848,338691060.2232221,723562708.6816646,1062253768.9048867,1459043.4291310576
MKD-2926,MKD,Macedonia,Čučer Sandevo,Statistical Region,84732.25022292137,255.80400050099365,106302956.6881174,955666569.633399,1061969526.3215164,4151496.9439166035
BWA-5502,BWA,Botswana,Francistown,City,92954.5185546875,90.12564722075876,806523.3786602002,1060710724.3113089,1061517247.6899691,11778192.783346452
TTO-64,TTO,Trinidad and Tobago,Port of Spain,City,37287.76953125,14.524344059943061,3945204.88719482,1056454287.1066025,1060399491.9937974,73008425.5521247
AZE-1693,AZE,Azerbaijan,Ağsu,District,83273.96239352226,1078.1997230715651,382170628.7263052,676671105.0490535,1058841733.7753587,982046.0079130242
ISL-697,ISL,Iceland,Norðurland vestra,Region,6961.588462409447,12599.925526363257,89614078.07073058,966492376.9827214,1056106455.053452,83818.46804123756
PHL-2517,PHL,Philippines,Siquijor,Province,84318.96789550781,326.2899470904034,474159733.34896326,578414871.8157399,1052574605.1647031,3225887.326749518
AFG-1747,AFG,Afghanistan,Ghor,Province,1060139.098625183,36118.86155050056,0.0,1051189922.629428,1051189922.629428,29103.6283399929
AFG-1758,AFG,Afghanistan,Khost,Province,1055503.5994787216,4033.6238872599065,0.0,1046593554.1005843,1046593554.1005843,259467.3136001158
LVA-1088,LVA,Latvia,Ogre,Municipality,24304.344036579132,1016.6799898955546,220561265.39150283,825575732.0777761,1046136997.4692789,1028973.7261148914
GIN-5645,GIN,Guinea,Koubia,Prefecture,120467.42479115725,3366.692472237293,795553588.783191,248640514.6710992,1044194103.4542902,310154.2870532467
MNG-3329,MNG,Mongolia,Töv,Province,87162.32048969957,73291.35326072606,368250062.1449244,675682106.260616,1043932168.4055403,14243.592483438866
UGA-3089,UGA,Uganda,Kiboga,District,191376.42584991455,1573.94340127999,732205156.6471474,310643278.0576892,1042848434.7048366,662570.4798893995
UGA-3369,UGA,Uganda,Ibanda,County,310965.1954727173,1156.315599065438,537922928.9050121,504760433.55126816,1042683362.4562802,901729.0463771326
LBR-1459,LBR,Liberia,Gbapolu,County,114927.02515754849,9825.310531485307,888008569.8732722,149213136.94070566,1037221706.8139778,105566.30281457165
CAF-801,CAF,Central African Republic,Mambéré-Kadéï,Prefecture,499284.58213222586,30104.769900901836,605647709.1058686,429869985.14408994,1035517694.2499585,34397.1303437512
MLT-5928,MLT,Malta,Naxxar,,23406.28463386425,15.292351748328677,11283060.027182238,1018928186.07687,1030211246.1040522,67367744.54698542
HND-645,HND,Honduras,Valle,Department,158073.76204681396,1596.4381401824314,315945428.4577907,713521835.9111907,1029467264.3689814,644852.5868038583
UGA-5621,UGA,Uganda,Rubirizi,District,160253.9801606536,1642.707795250354,764194644.844671,260125151.24479502,1024319796.0894661,623555.6920416005
AZE-1718,AZE,Azerbaijan,Ucar,District,92756.87648677826,762.9744453155562,270438228.86327726,753727771.6724725,1024166000.5357497,1342333.2941539977
UGA-3104,UGA,Uganda,Bundibugyo,District,298930.78545205784,1153.784043325189,536745238.42018116,485226112.321757,1021971350.7419381,885756.1834506147
LVA-1092,LVA,Latvia,Tukums,Municipality,22404.537783503532,1172.3575516870453,254334370.36362144,761042661.947257,1015377032.3108785,866098.4277789069
SVN-950,SVN,Slovenia,Grosuplje,Commune|Municipality,20138.857971191406,135.7883936587815,41089351.55563061,972852660.7663205,1013942012.321951,7467074.210111469
UGA-3376,UGA,Uganda,Kisoro,District,383962.3337097168,838.9057163843443,390262503.07212704,623249794.0358001,1013512297.1079271,1208136.11984447
AND-4881,AND,Andorra,Escaldes-Engordany,,13878.597940683365,66.22219993755195,0.0,1013083897.2837372,1013083897.2837372,15298251.919131095
UGA-5607,UGA,Uganda,Otuke,District,155366.7442626953,1619.092126665528,753208535.4957469,252192162.77330166,1005400698.2690485,620965.7138779628
GUY-679,GUY,Guyana,Essequibo Islands-West Demerara,Region,57252.13953790534,3829.6696398145923,146104625.45801374,858869999.556972,1004974625.0149858,262418.0985657134
SVN-1004,SVN,Slovenia,Vrhnika,Commune|Municipality,19974.68274497986,128.58677828525845,38910154.218671866,964921808.5859091,1003831962.804581,7806649.923040052
SLB-3509,SLB,Solomon Islands,Makira,Province,31331.694483727217,3096.2369089168624,763106915.123714,228498343.80992082,991605258.9336348,320261.4296334714
AZE-1726,AZE,Azerbaijan,Qax,District,57844.98883293569,1460.507565880505,517680614.0535711,470039270.2602746,987719884.3138456,676285.3595478453
LVA-1084,LVA,Latvia,Jelgava,Municipality,20621.034185886383,1322.117033620397,286823591.32585293,700460188.0467037,987283779.3725567,746744.6181137571
UGA-5600,UGA,Uganda,Gomba,District,165949.23207855225,1537.7479293937215,715366869.3613087,269369715.8105888,984736585.1718974,640375.8160546791
UGA-3085,UGA,Uganda,Moyo,District,126036.32786767185,1674.784646302248,779116932.2217767,204582867.87042508,983699800.0922018,587358.9791165746
SVN-207,SVN,Slovenia,Kocevje,Commune|Municipality,16548.532861083746,590.6703020424588,178735892.22272637,799413961.244188,978149853.4669143,1655999.7177521929
UGA-3073,UGA,Uganda,Namutumba,County,369911.1248321533,802.7794424104043,373456406.9490677,600441793.692943,973898200.6420107,1213157.872749967
CAF-812,CAF,Central African Republic,Vakaga,Prefecture,67648.87204678729,45450.95084980649,914382151.0505586,58243776.5203524,972625927.5709109,21399.462703981077
BMU-5136,BMU,Bermuda,Devonshire,,4539.709795375474,6.68110900392995,0.0,972382435.3089288,972382435.3089288,145542070.1468807
NIC-655,NIC,Nicaragua,Granada,Department,164916.67117244005,2473.2456289908628,365651031.21376556,603722290.2177668,969373321.4315324,391943.8126438972
MLT-5926,MLT,Malta,San Pawl il-Bahar,,21809.82421875,20.515708941623494,15136976.921410145,949430675.4569057,964567652.3783159,47016052.680555604
SVN-1016,SVN,Slovenia,Radovljica,Statistical Region,19144.895973205566,119.08182307484194,36033969.91721577,924837099.217379,960871069.1345948,8068998.64583611
SVN-220,SVN,Slovenia,Šentjur pri Celju,Commune|Municipality,18421.445281982422,228.4786701144808,69137281.51824062,889889192.4941442,959026474.0123848,4197444.223269761
UGA-5589,UGA,Uganda,Zombo,District,279667.25456237793,1084.0800127947318,504318627.3031707,453957441.9201649,958276069.2233355,883953.267206655
LBR-782,LBR,Liberia,Sinoe,County,107295.9656238854,9059.239339566959,818771289.1403561,139305507.90708002,958076797.0474361,105756.86999050333
GIN-5650,GIN,Guinea,Lola,Prefecture,134711.9727973938,2873.631028123527,679042560.6480136,278040759.2074779,957083319.8554915,333057.1358983635
GUY-672,GUY,Guyana,Potaro-Siparuni,Region,11378.054887700826,20575.668294577707,784976405.9213068,170688293.48969242,955664699.4109993,46446.35040422211
LVA-4851,LVA,Latvia,Rezekne,Republican City,27884.672973632812,37.06914746861735,8041879.602157217,947193195.9697733,955235075.5719305,25769005.78521883
NIC-654,NIC,Nicaragua,Carazo,Department,211382.79660606384,1225.3585406588845,181160176.22614038,773824169.335864,954984345.5620043,779350.9522922997
UGA-3100,UGA,Uganda,Dokolo,County,255605.34240722656,1160.4641515683786,539852853.1531168,414900012.3803618,954752865.5334786,822733.6141690554
SYR-136,SYR,Syria,Ar Raqqah,Province,807410.0481858291,18288.344559298806,0.0,953504723.0599709,953504723.0599709,52137.28995362548
SOM-2408,SOM,Somalia,Galguduud,Region,727880.0129608517,50161.08440129763,0.0,946369475.4358089,946369475.4358089,18866.607186253874
GIN-5649,GIN,Guinea,Lélouma,Prefecture,188833.21466445923,2346.783113473664,554547747.8015918,389745093.02049696,944292840.8220887,402377.5505288873
SOM-2645,SOM,Somalia,Jubbada Hoose,Region,725257.9244227093,48657.583178506604,0.0,942960308.3887649,942960308.3887649,19379.513876170004
MNG-3315,MNG,Mongolia,Hentiy,Province,69103.80195832672,81002.8794658062,406996379.1101849,535692512.4926721,942688891.602857,11637.720755356542
ARE-347,ARE,United Arab Emirates,Neutral Zone,Emirate,11048.748716950417,124.20609615789049,22567699.773819555,916428393.097728,938996092.8715476,7559983.945376546
CAF-4856,CAF,Central African Republic,Ombella-M'Poko,Prefecture,349398.7318851836,31712.165728911103,637985295.6100916,300822482.9283257,938807778.5384173,29604.025993170573
MNG-3208,MNG,Mongolia,Bayan-Ölgiy,Province,91110.44631834212,46002.915371011026,231140178.07746354,706287968.5264604,937428146.6039239,20377.58126943948
AZE-1734,AZE,Azerbaijan,Xocavənd,District,48659.90021812916,1520.8925849921598,539084237.3579886,395402686.57540727,934486923.9333959,614433.2171480822
LVA-1079,LVA,Latvia,Bauska,Municipality,22636.166406154633,755.379218454387,163873979.94314802,768910678.0281495,932784657.9712975,1234856.1294549606
AZE-1680,AZE,Azerbaijan,Xanlar,District,71039.58324616402,997.0651259201294,353412264.81531614,577256466.6761354,930668731.4914515,933408.1669265036
MDA-1639,MDA,Moldova,Hîncesti,District,106317.85045152903,1261.121331981215,154892476.9935341,774676510.0741317,929568987.0676658,737097.1876332611
MNG-3316,MNG,Mongolia,Arhangay,Province,83866.83931397228,55257.33622025918,277638719.8730766,650135543.8303423,927774263.703419,16790.064942784302
COG-3341,COG,Republic of the Congo,Pool,Region,12382.56607302103,28925.48524910949,879726384.630196,48018121.30743526,927744505.9376312,32073.602152143434
AZE-1711,AZE,Azerbaijan,Qobustan,District,49289.79385194555,1479.235593390052,524318810.9432322,400521103.05286145,924839913.9960936,625214.751543791
AZE-1701,AZE,Azerbaijan,Dəvəçi,District,59366.12015271187,1247.6877457490336,442246088.5898087,482399743.82839364,924645832.4182024,741087.5321718439
BMU-5144,BMU,Bermuda,Warwick,,4314.13525390625,6.780736954813288,0.0,924065531.3956034,924065531.3956034,136278038.44236398
BFA-2818,BFA,Burkina Faso,Zondoma,Province,216452.78448843956,1776.7820249586823,581371802.3873229,342232408.5883761,923604210.975699,519818.52472712664
MNG-3320,MNG,Mongolia,Hovd,Province,69777.50415896799,75723.04300369186,380468009.5442416,540915050.3893714,921383059.9336131,12167.802869315372
GUY-680,GUY,Guyana,Cuyuni-Mazaruni,Region,47153.21535696089,5565.486560858284,212327277.79234132,707370630.6806172,919697908.4729586,165250.22536953658
UGA-5616,UGA,Uganda,Amudat,District,127083.84246459603,1530.5701363414653,712027729.5409479,206283199.38595355,918310928.9269015,599979.6462264368
MMR-2473,MMR,Myanmar,Kayah,State,310543.3290231228,11411.145287074378,0.0,914894287.2868758,914894287.2868758,80175.5007293785
SVN-955,SVN,Slovenia,Ivancna Gorica,Commune|Municipality,17507.837646484375,227.6045261118643,68872766.93591177,845755328.4804977,914628095.4164095,4018496.956281455
SVN-991,SVN,Slovenia,Slovenj Gradec,Statistical Region,17812.496574401855,174.51761209568494,52808751.343418166,860472560.6629143,913281312.0063324,5233175.614995215
MNG-3324,MNG,Mongolia,Orhon,Municipality,117333.01836016309,710.6226808363422,3570500.9491181467,909565286.1706387,913135787.1197568,1284979.7955295686
SVN-216,SVN,Slovenia,Ptuj,Commune|Municipality,18442.556762695312,71.67774259446448,21689570.697616708,890909029.8758682,912598600.5734849,12731966.263736144
GIN-5638,GIN,Guinea,Fria,Prefecture,170338.95012140274,2361.454667525671,558014654.1422664,351573583.48237187,909588237.6246383,385181.324940573
BRB-1992,BRB,Barbados,Saint James,Parish,18459.534712823734,42.509403134930174,0.0,908039114.5359435,908039114.5359435,21360900.12023254
MKD-4845,MKD,Macedonia,Struga,Statistical Region,59322.95958483219,573.8571924565551,238474441.97666827,669083721.2252039,907558163.2018721,1581505.2510134398
SVN-258,SVN,Slovenia,Jesenice,Commune|Municipality,18399.55255126953,60.34563465943118,18260492.893080633,888831615.0805718,907092107.9736524,15031611.036870362
GRD-5072,GRD,Grenada,Saint George,Parish,36304.48895263672,83.46555257141829,0.0,906592057.2986612,906592057.2986612,10861870.908036282
SVN-988,SVN,Slovenia,Sevnica,Commune|Municipality,17018.923126220703,279.0893922130695,84452005.38204081,822137217.0361345,906589222.4181753,3248382.947231631
SYR-134,SYR,Syria,Lattakia,Province,764531.523763895,2406.649702412054,0.0,902867657.4871299,902867657.4871299,375155.4106865801
ECU-1270,ECU,Ecuador,Galápagos,Province,13053.347305119038,7713.359882068019,761027525.8855128,141345798.00204977,902373323.8875626,116988.36015487825
LVA-934,LVA,Latvia,Ventspils,Municipality,11008.281365424395,2434.381558611241,528121220.3932469,373931916.5948392,902053136.9880861,370547.145248129
GNB-778,GNB,Guinea Bissau,Tombali,Region,108168.1279823929,3142.564168977633,708330929.4190726,193633206.85707963,901964136.2761523,287015.34408749634
SVN-1045,SVN,Slovenia,Murska Sobota,Statistical Region,18208.575317382812,62.091729085169916,18788858.284078587,879606031.8623841,898394890.1464627,14468833.5046066
MDA-1626,MDA,Moldova,Comrat,Autonomous Territory,94329.41125971824,1717.1893272219424,210907310.51421854,687323707.1825608,898231017.6967794,523082.1106662313
UGA-3071,UGA,Uganda,Kaliro,County,305828.24560546875,861.7436232113388,400886794.34724754,496422107.9769806,897308902.3242282,1041271.299438635
LVA-1076,LVA,Latvia,Aluksne,Municipality,15645.254090689123,1665.0551324913924,361221496.0645048,531441707.70557797,892663203.7700827,536116.3041096462
BFA-5989,BFA,Burkina Faso,Noumbiel,Province,82978.5958570242,2326.6475292791865,761290495.1852533,131197040.44716291,892487535.6324161,383593.7865108926
WSM-4984,WSM,Samoa,Tuamasaga,,87570.9631622117,444.21215667101393,0.0,892203349.662007,892203349.662007,2008507.2780274628
AZE-1720,AZE,Azerbaijan,Yardımlı,District,72384.58227670193,856.1526642761335,303465485.0958385,588185716.9978997,891651202.0937381,1041462.8597197887
BMU-5143,BMU,Bermuda,Southampton,,4157.825067013827,6.119087726772669,0.0,890584695.1648643,890584695.1648643,145542070.14688066
GMB-2151,GMB,Gambia,Central River,Division,273784.6783839464,3035.352596319494,508224611.9961556,379719936.7452474,887944548.7414031,292534.23467773636
SOM-2314,SOM,Somalia,Gedo,Region,682562.3701203465,46240.12704589035,0.0,887448728.7202884,887448728.7202884,19192.177561267352
DJI-1571,DJI,Djibouti,Tadjourah,Region,111989.04534619302,6645.591950913487,200170571.0312596,686316504.4168456,886487075.4481051,133394.7497824104
UGA-3068,UGA,Uganda,Iganga,District,346170.23388671875,688.1807542136698,320144610.3657795,561905447.5649008,882050057.9306803,1281712.7659121035
EST-1661,EST,Estonia,Lääne,County,11293.400056280196,2379.081794481351,338281059.67831653,541617854.7678721,879898914.4461887,369848.1138762234
UGA-5591,UGA,Uganda,Bukedea,District,259799.53696393967,979.128151145932,455494575.4112952,421708052.29501075,877202627.706306,895901.7536975764
AFG-1772,AFG,Afghanistan,Parwan,Province,882484.1458030939,5611.672852085463,0.0,875034646.068109,875034646.068109,155931.15798668136
MKD-2898,MKD,Macedonia,Ohrid,Statistical Region,55456.766639232635,591.1714979360256,245669645.5773322,625478230.5160421,871147876.0933743,1473595.8670789076
SOM-2412,SOM,Somalia,Mudug,Region,667880.607795275,59237.08321386558,0.0,868359907.1251851,868359907.1251851,14659.05915708437
NIC-665,NIC,Nicaragua,Madriz,Department,171662.29377746582,1603.3660935749676,237045790.62294173,628416474.8571876,865462265.4801294,539778.3257037944
LVA-1082,LVA,Latvia,Dobele,Municipality,19621.32633304596,904.6510780768585,196257414.82225624,666501874.2065741,862759289.0288303,953692.8766645773
AFG-1774,AFG,Afghanistan,Wardak,Province,866568.8200297356,10157.708875812457,0.0,859253669.6943345,859253669.6943345,84591.28728727301
AFG-1741,AFG,Afghanistan,Badghis,Province,866008.5676828069,20596.21993576889,0.0,858698146.7238256,858698146.7238256,41692.02646901959
SLB-3508,SLB,Solomon Islands,Choiseul,Province,15940.183200359344,3003.412026335391,740229043.7342643,116249871.61803657,856478915.3523009,285168.63748372626
TLS-541,TLS,East Timor,Dili,District|Regencies,234843.50370788574,400.849559442587,0.0,856152052.7771467,856152052.7771467,2135843.816237927
SVN-938,SVN,Slovenia,Brežice,Commune|Municipality,16478.857955932617,197.8862761772925,59880071.85883332,796048158.8257052,855928230.6845385,4325354.174221186
SVN-954,SVN,Slovenia,Ilirska Bistrica,Commune|Municipality,14644.465846583247,489.78602046501874,148208469.36662287,707433737.540142,855642206.906765,1746971.4756137598
LVA-5726,LVA,Latvia,Krustpils,Municipality,19888.921425029635,803.5154966188168,174316792.36072564,675591607.8621029,849908400.2228285,1057737.4099183308
SVN-952,SVN,Slovenia,Trbovlje,Statistical Region,16955.661895751953,89.65586708104259,27129722.520873263,819081241.544728,846210964.0656013,9438433.775903214
MLT-5968,MLT,Malta,Birżebbuġa,,19278.55078125,8.247859631855993,6085466.568748993,839238652.5672554,845324119.1360043,102490119.4815537
AZE-1739,AZE,Azerbaijan,Xocalı,District,64713.59370492888,900.6544207796279,319239245.6509935,525852471.8335731,845091717.4845667,938308.5209896989
BMU-5141,BMU,Bermuda,Sandys,,3941.4488838242432,5.800646035363989,0.0,844238032.1761708,844238032.1761708,145542070.14688066
AZE-5562,AZE,Azerbaijan,Lankaran,Municipality,103123.84765625,15.583194029249444,5523502.679778535,837968146.8825251,843491649.5623037,54128290.25802292
SMR-4887,SMR,San Marino,Domagnano,,11139.5751953125,7.783324762829356,0.0,840265328.2746258,840265328.2746258,107957120.36679511
ISL-690,ISL,Iceland,Vestfirðir,Region,5554.621341269813,9598.663577134244,68268291.37808883,771160089.733995,839428381.1120838,87452.6307091077
MNG-3322,MNG,Mongolia,Uvs,Province,63132.46080054785,69168.01791425844,347532495.47400403,489402689.6882696,836935185.1622736,12100.03134974533
SVN-1008,SVN,Slovenia,Bled,Commune|Municipality,16170.96167755127,184.19989030654614,55738593.30226197,781174539.1749866,836913132.4772485,4543505.053583119
MKD-2936,MKD,Macedonia,Kavadartsi,Statistical Region,38341.13303792477,968.9641131696827,402666689.9379346,432436752.11990654,835103442.0578411,861851.7762500454
SVN-1019,SVN,Slovenia,Tržič,Commune|Municipality,16385.74952697754,143.65953918431998,43471147.64975845,791550347.5308295,835021495.180588,5812502.949137458
MKD-2993,MKD,Macedonia,Strumitsa,Statistical Region,62087.51824314892,319.4003581623155,132731319.18734759,700264249.094971,832995568.2823186,2607998.228539869
SVN-978,SVN,Slovenia,Postojna,Commune|Municipality,15483.233525753021,276.7340989436126,83739297.39163247,747952289.7645228,831691587.1561552,3005381.665400117
MNG-3318,MNG,Mongolia,Dzavhan,Province,53929.1010372031,81974.18018600943,411876648.5371095,418058266.15028155,829934914.687391,10124.3454073486
BFA-2813,BFA,Burkina Faso,Kourwéogo,Province,177408.54159736633,1675.7489257141967,548313276.2521827,280499752.58350396,828813028.8356867,494592.6063968385
LBY-2964,LBY,Libya,Al Jufrah,Municipality|Governarate,59727.58014227655,115060.39672944306,0.0,828469355.8541933,828469355.8541933,7200.2998373305145
VUT-565,VUT,Vanuatu,Shefa,Province,95666.41268920898,1463.6865975115827,0.0,827491738.3998029,827491738.3998029,565347.6227811498
MNG-3333,MNG,Mongolia,Sühbaatar,Province,53009.79201428406,82116.5540858248,412592001.6466136,410931784.7369771,823523786.3835907,10028.718271870956
GNB-769,GNB,Guinea Bissau,Bissau,Autonomous Sector,443566.25927734375,127.69270516506255,28781812.451909278,794033869.6760246,822815682.1279339,6443717.212070317
AND-4880,AND,Andorra,Encamp,,11143.404671669006,71.45305007417726,0.0,813425382.1628019,813425382.1628019,11384054.023143364
MRT-2798,MRT,Mauritania,Tagant,Region,81717.47921486758,94854.35305301406,518303968.311141,291252396.228591,809556364.539732,8534.730758084146
CAF-804,CAF,Central African Republic,Nana-Mambéré,Prefecture,301957.06625507073,27283.098723522402,548881333.2107744,259976542.89842388,808857876.1091983,29646.847827143374
GEO-3035,GEO,Georgia,Racha-Lechkhumi-Kvemo Svaneti,Region,30202.24974280363,5164.994629531251,552018620.355215,254354116.24874425,806372736.6039592,156122.66700016716
LVA-1086,LVA,Latvia,Limbaži,Municipality,16225.018350601196,1176.298428522959,255189314.68269917,551135277.8175327,806324592.5002319,685476.2133047379
LCA-5077,LCA,Saint Lucia,Castries,Quarter,38651.32470703125,77.91722348463075,46630820.180879936,759232957.2636057,805863777.4444857,10342562.804531183
AZE-1719,AZE,Azerbaijan,Xizı,District,16570.873749192804,1885.1669260057483,668202202.1979623,134652310.62869287,802854512.8266551,425879.7996884691
CAF-1460,CAF,Central African Republic,Bangui,Autonomous Commune,928654.87109375,93.15146184216881,1874020.9491812864,799545729.8846382,801419750.8338195,8603404.981359338
AND-4877,AND,Andorra,La Massana,,10960.331420898438,72.4972713132252,0.0,800061743.9068528,800061743.9068528,11035749.751879321
GMB-5513,GMB,Gambia,North Bank,Division,317229.03252503276,2144.198356431491,359014099.07420397,439974175.600999,798988274.675203,372627.9671275046
MNG-3328,MNG,Mongolia,Darhan-Uul,Municipality,100548.87581484765,3640.600727107184,18292082.00362811,779454652.0906599,797746734.094288,219125.02740397363
MKD-2915,MKD,Macedonia,Veles,Statistical Region,55323.040984869,415.51200623737407,172671868.75864658,623969983.8090155,796641852.5676621,1917253.5103896754
UGA-5594,UGA,Uganda,Budaka,County,340947.7312011719,517.6022887959076,240790783.60792372,553428252.180472,794219035.7883958,1534419.4818689434
UGA-3119,UGA,Uganda,Butaleja,County,305578.0139160156,636.9114432310597,296293909.0961629,496015930.50794065,792309839.6041036,1243987.446017151
SOM-1,SOM,Somalia,Bari,Region,608881.5119086439,70108.00919590572,0.0,791650913.2921299,791650913.2921299,11291.875527088308
SVN-1034,SVN,Slovenia,Sežana,Commune|Municipality,14904.806167602539,230.1596821081385,69645953.06899333,720010060.1087147,789656013.177708,3430905.039253118
UGA-5613,UGA,Uganda,Bulambuli,County,292850.60366538167,672.0658867451966,312647905.56082547,475356727.45362806,788004633.0144535,1172510.9822650666
AFG-3413,AFG,Afghanistan,Paktya,Province,792767.7848811868,5409.29278186365,0.0,786075626.8050748,786075626.8050748,145319.48232505363
MLT-5925,MLT,Malta,Mellieħa,,17593.96826171875,26.945152467506993,19880772.93380897,765904988.6486602,785785761.5824691,29162416.599054087
AZE-1725,AZE,Azerbaijan,Oğuz,District,45776.389195833355,1166.2260468923573,413371782.6490878,371971730.08197874,785343512.7310665,673405.9103068152
PYF-4964,PYF,French Polynesia,Leeward Islands,,15897.066120147705,326.71585644064896,0.0,782978794.1737032,782978794.1737032,2396512.9905347545
BLZ-1326,BLZ,Belize,Orange Walk,District,45332.10424201563,4713.642275488813,299179737.0561282,483126074.37661505,782305811.4327433,165966.30921713653
AFG-1749,AFG,Afghanistan,Farah,Province,786438.0648622997,49394.80957395206,0.0,779799339.1881492,779799339.1881492,15787.070461738756
SOM-2409,SOM,Somalia,Hiiraan,Region,598397.8218566906,34480.865003135405,0.0,778020309.2386672,778020309.2386672,22563.82805848753
UGA-3366,UGA,Uganda,Bushenyi,District,246512.1785888672,811.0401727018506,377299333.77359605,400139938.3330703,777439272.1066663,958570.6087982693
UGA-5610,UGA,Uganda,Ntoroko,District,74288.20330049098,1410.4576989111238,656150913.3908677,120585024.47097963,776735937.8618474,550697.7901297495
MDA-1643,MDA,Moldova,Orhei,District,88347.74459297955,1078.29310002769,132437288.1124283,643738771.6507002,776176059.7631285,719819.1843601677
LSO-1212,LSO,Lesotho,Leribe,District,339712.1611299366,2703.5564441069564,177841106.55819434,598059769.0965219,775900875.6547163,286992.6675087463
PAN-3455,PAN,Panama,Emberá,Indigenous Territory,10477.983681380749,4014.2899326259935,493126510.7153569,277955157.6750854,771081668.3904424,192084.19953015962
LBY-2965,LBY,Libya,Al Kufrah,Municipality|Governarate,55569.09512595227,422898.0936129828,0.0,770787839.2985791,770787839.2985791,1822.6325702096196
MOZ-5854,MOZ,Mozambique,Maputo,Province,852170.875,99.37043681913168,8853525.185223963,760273937.8057276,769127462.9909515,7740002.837975573
SVN-204,SVN,Slovenia,Dobrova-Polhov Gradec,Commune|Municipality,15106.663879394531,120.93682017684661,36595289.08452604,729761249.1927212,766356538.2772473,6336833.870417626
AZE-1699,AZE,Azerbaijan,Cəbrayıl,District,57096.76444149017,850.4571748081694,301446704.3965863,463959316.6801688,765406021.076755,899993.6078490976
AZE-1686,AZE,Azerbaijan,Samux,District,32597.47956962511,1394.662616585503,494341704.6362735,264881985.7755202,759223690.4117937,544378.0319218499
AZE-2420,AZE,Azerbaijan,Babək,District,47995.781634390354,1037.177953196126,367630358.26500237,390006163.54437274,757636521.809375,730478.8146283602
MKD-2911,MKD,Macedonia,Štip,Statistical Region,46245.60516583361,564.1763624064956,234451436.6464115,521588636.3595862,756040073.0059977,1340077.54203155
AFG-1748,AFG,Afghanistan,Sari Pul,Province,761423.7132346537,16128.50295507605,0.0,754996146.4880683,754996146.4880683,46811.29727855194
GRL-2743,GRL,Greenland,Qaasuitsup Kommunia,,2526.83660524711,578408.7898912457,0.0,753964309.8895795,753964309.8895795,1303.5146129631646
SVN-961,SVN,Slovenia,Litija,Commune|Municipality,14218.176879882812,220.83564246552046,66824513.530081816,686840893.7898611,753665407.319943,3412788.800329704
LVA-1064,LVA,Latvia,Kraslavas,Municipality,15548.737868845463,1037.8837941211552,225161275.16605598,528163221.75318867,753324496.9192446,725827.4010888996
LBR-786,LBR,Liberia,Grand Cape Mount,County,207039.194696486,5359.038773619197,484348290.2659557,268805075.8121543,753153366.07811,140538.89100143086
BWA-5503,BWA,Botswana,Lobatse,Town,65671.2890625,19.622757995523525,175601.65796552325,749379822.2079974,749555423.865963,38198270.80561033
DZA-2150,DZA,Algeria,Tindouf,Province,100881.02267005792,152486.39618912083,0.0,749478342.8780876,749478342.8780876,4915.0505330885335
SVN-964,SVN,Slovenia,Logatec,Commune|Municipality,14378.682482719421,173.65341940718517,52547248.01288461,694594476.5903786,747141724.6032633,4302487.835562592
LIE-4892,LIE,Liechtenstein,Triesenberg,,2821.7080078125,21.10306396477373,0.0,746541869.503825,746541869.503825,35375994.251355596
PHL-2590,PHL,Philippines,Camiguin,Province,56682.98002624512,241.33183808862543,350699863.77794635,388836337.11746895,739536200.8954153,3064395.50932286
TTO-60,TTO,Trinidad and Tobago,Point Fortin,City,25834.80810546875,26.904015684286062,7307858.704307475,731963700.7712408,739271559.4755483,27478112.120910544
SVN-945,SVN,Slovenia,Crnomelj,Commune|Municipality,13313.669423699379,313.88087954675996,94979854.01238525,643146634.3293793,738126488.3417646,2351613.419102208
MDA-1623,MDA,Moldova,Ungheni,District,82686.18907403946,1094.4141307518596,134417292.98367465,602486300.3829238,736903593.3665985,673331.5777459376
MDA-1647,MDA,Moldova,Străşeni,District,87593.36808156967,768.251417415667,94357586.36352894,638242067.5632964,732599653.9268254,953593.6248464453
LVA-1093,LVA,Latvia,Valmiera,Republican City,21403.869140625,23.337247790234663,5062844.704849557,727051711.7628636,732114556.4677132,31371075.246244863
SVN-1047,SVN,Slovenia,Ormož,Commune|Municipality,13843.496643066406,202.24988492656666,61200492.91338017,668741125.3797146,729941618.2930948,3609107.7063313215
SVN-1006,SVN,Slovenia,Zasavska,Statistical Region,14352.760711669922,120.69039846773724,36520722.26799843,693342267.3552098,729862989.6232083,6047398.955421579
UGA-3081,UGA,Uganda,Koboko,County,266383.7807312012,638.1202376200099,296856245.38106084,432395633.37146515,729251878.752526,1142812.6484005724
MDA-1645,MDA,Moldova,Rezina,District,87147.72448587418,734.2619653881062,90182959.95551239,634994921.1623479,725177881.1178603,987628.2788725897
GMB-2152,GMB,Gambia,Upper River,Division,284071.47806835175,1976.8864628345998,331000212.8757019,393986998.54187447,724987211.4175763,366731.8407239424
AZE-1695,AZE,Azerbaijan,Astara,District,68064.63861650229,481.7822171143011,170768929.80383804,553082535.0875318,723851464.8913698,1502445.377139436
TON-4945,TON,Tonga,Tongatapu,,35804.53369140625,259.67756939194635,0.0,721690393.3290638,721690393.3290638,2779178.7909096405
BHS-5015,BHS,The Bahamas,Central Abaco,District,8485.163646496832,552.0090769381596,0.0,720937937.3500252,720937937.3500252,1306025.5120239449
SVN-265,SVN,Slovenia,Ljutomer,Commune|Municipality,14210.893920898438,107.89465802751137,32648751.599546246,686489074.1367141,719137825.7362603,6665184.717049587
MDA-1634,MDA,Moldova,Criuleni,District,84898.88021504879,805.5571190447563,98939518.63663828,618608897.328867,717548415.9655052,890748.028912446
GNB-773,GNB,Guinea Bissau,Quinara,Region,74947.34891462326,2560.365168689202,577103836.8899417,134164247.69907463,711268084.5890163,277799.46910977364
LVA-5772,LVA,Latvia,Olaines,Municipality,19037.253798007965,284.1270084997339,61639270.123769745,646661959.5816499,708301229.7054197,2492903.555510046
MDA-1629,MDA,Moldova,Anenii Noi,District,83123.21847820282,829.8527274898829,101923535.22306673,605670680.1665556,707594215.3896223,852674.4468623186
SVN-992,SVN,Slovenia,Slovenske Konjice,Commune|Municipality,13954.229248046875,104.32691997513105,31569159.749737397,674090311.9891509,705659471.7388883,6763925.091501791
DJI-1569,DJI,Djibouti,Dikhil,Region,81546.18628103659,6814.850357444014,205268770.27931896,499749715.19684,705018485.476159,103453.25993931055
SYR-135,SYR,Syria,Tartus,Province,594326.62109375,1878.0874744369426,0.0,701865479.0418675,701865479.0418675,373712.8800415909
AZE-5564,AZE,Azerbaijan,Şəki,Municipality,84712.685546875,37.91628346870664,13439522.92152335,688361942.8338373,701801465.7553606,18509236.706561096
BMU-5142,BMU,Bermuda,Smith's,,3270.7165315536854,4.813526558575648,0.0,700570620.04209,700570620.04209,145542070.14688066
UGA-5618,UGA,Uganda,Lyantonde,District,142825.63836669922,1002.6869037322974,466454207.195947,231835369.98286626,698289577.1788132,696418.3680664151
PAN-1419,PAN,Panama,Kuna Yala,Indigenous Territory,14507.370032429695,2544.253234677013,312543124.9485757,384844875.4487305,697388000.3973062,274103.2185366713
PNG-1251,PNG,Papua New Guinea,Manus,Province,31834.622413784266,1941.1324438995937,532850455.18838084,164148911.12505916,696999366.31344,359068.423437001
UGA-5620,UGA,Uganda,Kalungu,District,206791.16029775143,773.975466620994,360056675.0477844,335664560.68431824,695721235.7321026,898893.137749531
UGA-5624,UGA,Uganda,Buhweju,District,189138.65954589844,835.364955590497,388615326.10909224,307010923.3561139,695626249.4652061,832721.3690374248
MDA-1649,MDA,Moldova,Causeni,District,74091.36390203238,1237.7759666639818,152025170.43975115,539860794.4996642,691885964.9394153,558975.1163162155
AZE-1721,AZE,Azerbaijan,Zərdab,District,54455.78355103731,695.3420811291907,246465765.7005927,442499121.8462649,688964887.5468576,990828.6960398299
AFG-1770,AFG,Afghanistan,Laghman,Province,694412.7284500003,3894.1519036963346,0.0,688550835.6770138,688550835.6770138,176816.63497087525
MLT-5923,MLT,Malta,Rabat,,15428.03125,22.36883875726027,16504260.076551808,671616881.6282771,688121141.7048289,30762488.35141184
MDA-1633,MDA,Moldova,Cimişlia,District,73631.03908336163,1213.981478476008,149102702.0612022,536506674.54225457,685609376.6034567,564760.9858629375
DJI-1566,DJI,Djibouti,Ali Sabieh,Region,102460.03561627865,1868.1602675907293,56270488.81479168,627918679.6280725,684189168.4428642,366236.86966923234
LSO-1202,LSO,Lesotho,Berea,District,309266.55186486244,2066.3138639059866,135923015.35060573,544460586.8167075,680383602.1673132,329274.08272873564
BRN-1183,BRN,Brunei,Temburong,District,11966.703517135233,1298.8542527617628,0.0,680041661.1255213,680041661.1255213,523570.4157564592
SOM-2312,SOM,Somalia,Bakool,Region,521201.569651898,25971.45250444904,0.0,677651875.7004472,677651875.7004472,26092.182390813992
MDA-1619,MDA,Moldova,Drochia,District,79478.56789457798,761.2838508933344,93501821.25204211,579114225.3231674,672616046.5752096,883528.5889565675
UGA-5605,UGA,Uganda,Kole,District,203008.75927734375,731.7836225608944,340428849.95309937,329524946.3264367,669953796.279536,915508.0485882105
UGA-3087,UGA,Uganda,Maracha,District,253279.1181640625,553.3641228798612,257427340.7459605,411124072.2603364,668551413.0062969,1208158.2187276054
AFG-1746,AFG,Afghanistan,Jawzjan,Province,672596.2245608158,11268.1945371914,0.0,666918496.048132,666918496.048132,59185.923161596525
CAF-795,CAF,Central African Republic,Lobaye,Prefecture,334582.71717153117,18734.965202197443,376909997.7259463,288066310.89182234,664976308.6177686,35493.86409000497
SVN-1012,SVN,Slovenia,Idrija,Commune|Municipality,11854.600553512573,300.0482891541525,90794134.20046133,572663043.1231115,663457177.3235729,2211168.0063028648
AZE-1712,AZE,Azerbaijan,Siyəzən,District,43673.54864220787,869.210305076848,308093799.02294207,354884378.8828192,662978177.9057612,762736.2147382117
SVN-1018,SVN,Slovenia,Tolmin,Commune|Municipality,11254.704195857048,389.6310724899986,117901741.69648995,543683705.3392085,661585447.0356984,1697979.1750378958
AFG-1743,AFG,Afghanistan,Bamyan,Province,665343.0160756707,17728.071719475724,0.0,659726515.6031108,659726515.6031108,37213.66463552535
SVN-960,SVN,Slovenia,Laško,Commune|Municipality,12299.143173217773,203.95572608252562,61716677.72908241,594137670.4839524,655854348.2130349,3215670.1888705967
COL-1342,COL,Colombia,San Andrés y Providencia,Department,63125.45556640625,38.00976615063224,2258792.87347339,651136092.9056417,653394885.7791151,17190184.311834995
AZE-1740,AZE,Azerbaijan,Zəngilan,District,47706.07539176941,746.7801491565664,264698119.4824011,387652056.237607,652350175.7200081,873550.5040630633
MDA-1620,MDA,Moldova,Făleşti,District,70002.11552906036,1139.097916146231,139905410.60222968,510064813.4396021,649970224.0418317,570600.8367048862
AFG-1762,AFG,Afghanistan,Kunar,Province,654991.4462196827,4657.272421800432,0.0,649462328.6392298,649462328.6392298,139451.2216204345
MDA-1622,MDA,Moldova,Sîngerei,District,72341.84922254086,986.4956076747244,121162606.91263585,527113095.77855575,648275702.6911916,657150.1156697967
MUS-5183,MUS,Mauritius,Curepipe,City,34527.3515625,22.464158567046944,33165542.953760445,614251653.9800342,647417196.9337947,28820006.54515954
SVN-208,SVN,Slovenia,Lenart,Commune|Municipality,12585.284362792969,128.19263408767767,38790886.812514134,607960361.8218267,646751248.6343409,5045151.410119194
LVA-1063,LVA,Latvia,Balvu,Municipality,12640.458657979965,994.194267780109,215683152.9349629,429374102.6153407,645057255.5503036,648824.1548511665
SVN-943,SVN,Slovenia,Cerknica,Commune|Municipality,11786.34066516161,245.8045644374824,74380069.53326386,569365596.2618823,643745665.7951462,2618932.9204213195
AZE-1677,AZE,Azerbaijan,Daşkəsən,District,35597.24925339222,995.5035423324425,352858757.54876363,289257641.8445202,642116399.3932838,645016.6896330871
UGA-3114,UGA,Uganda,Sironko,County,278164.48097899556,404.2145103472229,188042307.38357306,451518131.4876119,639560438.871185,1582230.2824354284
MNG-3323,MNG,Mongolia,Bulgan,Province,51111.8690942619,48351.010990619485,242938109.47555098,396219090.66325265,639157200.1388036,13219.107254299308
BLZ-1355,BLZ,Belize,Stann Creek,District,45283.3751578033,2458.5427465934913,156046243.96127188,482606745.05014503,638652989.0114169,259768.91794796815
MNG-3325,MNG,Mongolia,Dundgovi,Province,33530.8670763392,74937.37385871744,376520440.0344668,259931203.79996097,636451643.8344278,8493.113797053478
SVN-986,SVN,Slovenia,Šentilj,Commune|Municipality,12706.817993164062,73.90392568550229,22363210.153759856,613831316.1653273,636194526.3190871,8608399.627191784
MNE-1496,MNE,Montenegro,Bar,Municipality,36555.031385190785,574.6753921804011,45103767.53115044,585286900.2414623,630390667.7726128,1096950.86365334
MDA-1653,MDA,Moldova,Soroca,District,72593.72716355324,819.5290097332158,100655563.47874601,528948384.2412123,629603947.7199583,768250.9590782095
NZL-5470,NZL,New Zealand,Chatham Islands Territory,Special Island Authority,277.6528189480305,817.469530189109,603063770.7373863,25558315.935931712,628622086.673318,768985.3425214465
AZE-5563,AZE,Azerbaijan,Shirvan,Municipality,74609.6630859375,53.70643429896805,19036381.964756154,606266373.2646657,625302755.2294219,11642976.551907055
DZA-2188,DZA,Algeria,Illizi,Province,83655.65179960197,196131.0971548203,0.0,621505389.4547914,621505389.4547914,3168.8263537535445
CAF-794,CAF,Central African Republic,Basse-Kotto,Prefecture,329946.6042865687,16764.693008772592,337272065.1262021,284074748.06712174,621346813.1933239,37062.82082637522
COM-4936,COM,Comoros,Andjouân,,47550.598693847656,448.56496937379677,456587435.26381826,160190156.16214204,616777591.4259603,1375001.691030378
LVA-5798,LVA,Latvia,Smiltenes,Municipality,12036.77547955513,954.1713948035099,207000484.25253025,408868048.9970646,615868533.2495948,645448.5395429602
LCA-5081,LCA,Saint Lucia,Gros Islet,Quarter,29938.9853515625,46.30399098307803,27711370.870586794,588095351.4072837,615806722.2778704,13299214.802087348
LVA-5778,LVA,Latvia,Siguldas,Municipality,15740.847146987915,373.1155539710819,80944682.2392636,534688835.351428,615633517.5906916,1649980.846519215
NCL-1258,NCL,New Caledonia,Îles Loyauté,Province,6356.027963809669,2016.255997950271,0.0,614704199.1135893,614704199.1135893,304874.08332002413
LSO-1215,LSO,Lesotho,Thaba-Tseka,District,160338.9824914001,5053.085702444462,332394152.45608324,282275131.178775,614669283.6348583,121642.36267307085
LVA-1065,LVA,Latvia,Ludzas,Municipality,11901.33606249094,966.1192170231845,209592476.6332546,404267410.7026647,613859887.3359193,635387.3067832664
MKD-2939,MKD,Macedonia,Kočani,Statistical Region,41994.52907927334,335.70664895699696,139507628.08281437,473642178.07238936,613149806.1552037,1826445.2254972954
CPV-5059,CPV,Cape Verde,São Vicente,,92581.94297522306,264.2844613994552,0.0,612716887.9485077,612716887.9485077,2318399.2153909155
LBR-792,LBR,Liberia,River Cess,County,103020.0509592928,5275.941137707123,476837951.2705962,133753962.13688378,610591913.40748,115731.37331718561
LVA-5767,LVA,Latvia,Kekavas,Municipality,16078.005986213684,280.2257921052312,60792929.846505135,546141526.8991356,606934456.7456408,2165876.4961853437
MNE-1510,MNE,Montenegro,Bijelo Polje,Municipality,34039.71409393102,778.9236554309448,61134323.7541004,545013859.7121745,606148183.466275,778186.8983436116
AFG-1768,AFG,Afghanistan,Kapisa,Province,607268.8451213837,1860.297796306429,0.0,602142578.4090457,602142578.4090457,323680.7459561493
AFG-1759,AFG,Afghanistan,Paktika,Province,605559.7040445767,18819.85318346664,0.0,600447865.065654,600447865.065654,31905.023870916873
SVN-229,SVN,Slovenia,Hoce-Slivnica,Commune|Municipality,12079.33724975586,55.27017367430094,16724666.486230606,583519452.817488,600244119.3037186,10860181.530111874
LVA-5794,LVA,Latvia,Priekulu,Municipality,15706.434120178223,304.6169957886882,66084422.550515,533519885.4814515,599604308.0319666,1968387.569707076
VCT-5067,VCT,Saint Vincent and the Grenadines,Saint George,Parish,14874.4375,55.39295668406944,0.0,597286049.2222784,597286049.2222784,10782707.495266324
VEN-65,VEN,Venezuela,Delta Amacuro,State,199524.90557721187,35666.35190852262,0.0,593883392.1870975,593883392.1870975,16651.08317526544
AZE-1736,AZE,Azerbaijan,Qubadli,District,40731.841651916504,740.8868196373954,262609213.8748049,330980531.1177244,593589744.9925294,801188.1562193857
ETH-3136,ETH,Ethiopia,Harari People,Administrative State,299563.01080322266,363.8212147668157,101204497.54589066,488188873.888909,589393371.4347997,1620008.2554629482
MKD-2948,MKD,Macedonia,Gjorče Petrov,Municipality,49766.8701210022,66.2014216076105,27510933.527477346,561303800.2036115,588814733.7310889,8894291.382760864
AFG-1753,AFG,Afghanistan,Uruzgan,Province,590341.9747189283,17216.607808751593,0.0,585358596.3714148,585358596.3714148,33999.647484207875
TZA-3380,TZA,United Republic of Tanzania,Kaskazini-Pemba,Region,233994.38806152344,453.53224678780725,100724283.00067908,484025377.9456502,584749660.9463294,1289323.2291372535
LIE-4897,LIE,Liechtenstein,Gamprin,,2192.868410689962,7.083100384897663,0.0,580169201.9017538,580169201.9017538,81908933.99432403
MKD-2908,MKD,Macedonia,Saraj,Municipality,42724.47750874609,233.24817505546739,96929565.61251067,481875021.054468,578804586.6669786,2481496.7428119704
MDA-1615,MDA,Moldova,Edineţ,District,63544.07661730051,940.8316682562406,115554105.56828065,463008829.6622973,578562935.230578,614948.4065549154
VEN-42,VEN,Venezuela,Vargas,State,193808.7903186679,1135.9049088787233,0.0,576869446.4340303,576869446.4340303,507850.12189398037
SYC-5218,SYC,Seychelles,Port Glaud,,16108.611328125,28.965908402820197,0.0,576833026.14156,576833026.14156,19914204.59250634
UGA-5622,UGA,Uganda,Mitooma,District,210188.26611328125,505.2167676490427,235028986.55466136,341178761.7242761,576207748.2789375,1140515.8838259499
AFG-1771,AFG,Afghanistan,Logar,Province,580905.8687602282,4458.021326014041,0.0,576002145.4061476,576002145.4061476,129205.78509685071
LBR-1458,LBR,Liberia,River Gee,County,93983.18465179205,5022.026075745284,453889185.39500713,122021132.82186873,575910318.2168759,114676.88728227263
AZE-2421,AZE,Azerbaijan,Culfa,District,28849.14854991436,961.7812648562891,340905810.69729334,234423638.16848212,575329448.8657755,598191.5742055363
MNE-1509,MNE,Montenegro,Berane,Municipality,32243.85075801611,735.5649420808336,57731287.2677577,516260080.9488837,573991368.2166414,780340.8446749542
MRT-2785,MRT,Mauritania,Dakhlet Nouadhibou,Region,134312.51082102465,17099.552205316213,93435519.60557383,478708361.98022074,572143881.5857946,33459.582725676075
MUS-5194,MUS,Mauritius,Rodrigues,Dependency,23821.857391357422,99.26130469656863,146547000.8473641,423797790.48591197,570344791.333276,5745892.551752771
BLZ-1325,BLZ,Belize,Corozal,District,41606.25828740001,1973.7180873702375,125273922.77368282,443417939.05213404,568691861.8258169,288132.2644124604
UGA-5623,UGA,Uganda,Sheema,District,192918.95556640625,546.4662852521136,254218437.3783781,313147120.866459,567365558.244837,1038244.3959613749
BMU-5139,BMU,Bermuda,Pembroke,,2632.8977728514456,3.874846148655633,0.0,563953129.9760084,563953129.9760084,145542070.14688063
MDA-1635,MDA,Moldova,Floreşti,District,64084.095771074295,786.9133168555976,96649663.86341073,466943636.0155294,563593299.8789401,716207.6022947292
MLT-5978,MLT,Malta,Xagħra,,12765.306640625,8.694289473576237,6414853.100327139,555702493.7323289,562117346.832656,64653626.7904408
SVN-218,SVN,Slovenia,Ribnica,Commune|Municipality,10637.177003860474,158.20702267637407,47873192.97446273,513852670.59588736,561725863.57035,3550574.7726471545
UGA-5590,UGA,Uganda,Ngora,District,160004.5605416298,644.3188834908161,299739881.773032,259720291.9329892,559460173.7060212,868297.031238563
AZE-2418,AZE,Azerbaijan,Ordubad,District,32552.887149527203,826.5101271298952,292958612.56024903,264519634.79188538,557478247.3521345,674496.5718544917
BLZ-1356,BLZ,Belize,Toledo,District,26227.41050797701,4349.9390852457545,276095120.43402594,279518149.2598524,555613269.6938784,127728.97707428205
AFG-1773,AFG,Afghanistan,Samangan,Province,559599.3520264253,13207.422709786655,0.0,554875487.8704015,554875487.8704015,42012.39712417478
SVN-940,SVN,Slovenia,Brezovica,Commune|Municipality,10849.885559082031,92.80720192616262,28083311.42366291,524128033.98596,552211345.4096229,5950091.522519578
LSO-3453,LSO,Lesotho,Mafeteng,District,212547.2588815689,2685.7413680572827,176669223.1876813,374187265.3189744,550856488.5066557,205104.07109866836
SVN-953,SVN,Slovenia,Ig,Commune|Municipality,10733.199363708496,98.23128399525773,29724630.015027124,518491245.85198385,548215875.867011,5580868.4725476755
MKD-2935,MKD,Macedonia,Karpoš,Municipality,47169.5107421875,38.693911791754246,16079800.242516961,532009056.8074836,548088857.0500005,14164731.13392478
SMR-4883,SMR,San Marino,Borgo Maggiore,,7248.2158203125,11.543680094259518,0.0,546737585.4891713,546737585.4891713,47362503.20736581
GNQ-1471,GNQ,Equatorial Guinea,Wele-Nzás,Province,40118.16405254183,5833.592204521354,0.0,543714010.9007543,543714010.9007543,93203.97995584027
LSO-1204,LSO,Lesotho,Mohale's Hoek,District,181693.8851917982,3339.093239120887,219646990.48197544,319870217.9592974,539517208.4412729,161575.9638336174
MKD-2905,MKD,Macedonia,Radoviš,Statistical Region,29513.9636300914,492.82445939329864,204800148.00052822,332878075.4016176,537678223.4021459,1091013.672625067
MDA-1618,MDA,Moldova,Bălţi,City,71997.14485359192,101.57313918439755,12475338.197288284,524601434.9764366,537076773.1737249,5287586.634481257
CAF-807,CAF,Central African Republic,Nana-Grébizi,Economic Prefecture,162293.35969589464,19698.02391266538,396284811.2073104,139730018.94735608,536014830.1546664,27211.604195993546
TZA-3383,TZA,United Republic of Tanzania,Kaskazini-Unguja,Region,209816.9568786621,454.54365080577566,100948904.17206304,434013536.36694324,534962440.5390063,1176922.0394799733
SVN-979,SVN,Slovenia,Race-Fram,Commune|Municipality,10748.564575195312,48.82067172502364,14773057.473029483,519233496.82269776,534006554.29572725,10938123.860799229
VCT-5063,VCT,Saint Vincent and the Grenadines,Charlotte,Parish,13275.742496490479,102.97578695100516,0.0,533090127.6919617,533090127.6919617,5176849.271815719
SVN-993,SVN,Slovenia,Šmarje pri Jelšah,Commune|Municipality,10289.444091796875,110.6851633163231,33493154.053543583,497054653.090574,530547807.1441176,4793305.54563925
LVA-1077,LVA,Latvia,Valkas,Municipality,10080.358629055321,858.2972396621625,186201289.63231426,342412016.64458585,528613306.2769001,615886.0612029575
VEN-38,VEN,Venezuela,Amazonas,State,177115.6105550016,179872.68969446473,0.0,527182405.1308146,527182405.1308146,2930.8640796237437
SVN-990,SVN,Slovenia,Škofljica,Commune|Municipality,10589.7001953125,45.37425670294546,13730177.77887369,511559196.9745598,525289374.75343347,11576814.981066884
UGA-5612,UGA,Uganda,Kween,District,108147.95905721188,743.421516409563,345842847.6111965,175546368.1985994,521389215.8097959,701337.2686977143
MNE-1516,MNE,Montenegro,Pljevlja,Municipality,26042.726524487138,1325.064348873958,103998527.1140073,416973152.6349677,520971679.748975,393167.0791623801
BTN-2438,BTN,Bhutan,Samchi,District,108153.13355898857,1688.7969977430566,0.0,520806697.6119699,520806697.6119699,308389.1659613244
LVA-5750,LVA,Latvia,Livanu,Municipality,11429.10698049274,603.3112418201013,130883947.99078391,388226621.06060225,519110569.0513862,860435.7636123371
AND-4882,AND,Andorra,Sant Julià de Lòria,,7110.288652420044,76.92120441939552,0.0,519023533.18344975,519023533.18344975,6747470.182000674
FSM-4941,FSM,Federated States of Micronesia,Pohnpei,,36235.24203491211,398.2680437677588,0.0,518190825.5113953,518190825.5113953,1301110.7308764316
SOM-2315,SOM,Somalia,Jubbada Dhexe,Region,398026.65938370675,18856.195368799956,0.0,517503261.72328264,517503261.72328264,27444.733765304507
MLT-5977,MLT,Malta,Żebbuġ,,11756.16778933859,7.680819739619507,5667091.079667632,511772411.05046237,517439502.13013,67367744.54698542
LVA-5759,LVA,Latvia,Engures,Municipality,12316.420634746552,442.8198222942472,96066511.8979014,418367102.0622983,514433613.9601997,1161722.1905174023
SVN-1027,SVN,Slovenia,Izola,Commune|Municipality,10512.72998046875,20.70070010698763,6263998.867834663,507840978.2742932,514104977.1421279,24835149.2695935
UGA-3112,UGA,Uganda,Kapchorwa,District,169942.88770902157,511.15392023951694,237790975.1617554,275852239.825618,513643214.9873735,1004869.9513968123
MDA-1628,MDA,Moldova,Stîngă Nistrului,District,59720.628358602524,614.9200322852113,75525236.57971005,435149579.8663513,510674816.4460614,830473.5406785398
MDA-1632,MDA,Moldova,Călărași,District,57213.20810985565,749.3721021580347,92038805.58483696,416879462.86023283,508918268.4450698,679126.2538056751
LVA-5761,LVA,Latvia,Ikskiles,Municipality,14253.325378417969,110.54268596842995,23981424.774060104,484160342.53465116,508141767.3087113,4596792.296632201
UGA-5595,UGA,Uganda,Kibuku,County,201455.5301513672,387.1316097757926,180095269.4667587,327003736.17672664,507099005.6434853,1309887.8852521805
LBR-789,LBR,Liberia,Margibi,County,225803.31513023376,2343.795552775784,211831527.38289323,293167085.2526188,504998612.635512,215461.88703935218
AFG-1752,AFG,Afghanistan,Uruzgan,Province,508930.14194253087,11299.41541116773,0.0,504634002.48715687,504634002.48715687,44660.18675518416
MDA-1648,MDA,Moldova,Teleneşti,District,54490.57920360565,875.3320914673822,107509366.78417325,397041245.1915802,504550611.9757534,576410.5039607756
MDA-1613,MDA,Moldova,Briceni,District,56495.45605480671,750.4853792995292,92175539.65605867,411649619.94352204,503825159.5995807,671332.4116584782
CPV-5048,CPV,Cape Verde,Santa Cruz,,75432.56033325195,97.86294826850138,0.0,499220497.3463058,499220497.3463058,5101220.698732895
NLD-5148,NLD,Netherlands,St. Eustatius,Special Municipality,4595.24462890625,19.034375410489687,20176396.898771185,478995246.54404163,499171643.4428128,26224745.108669203
MKD-2894,MKD,Macedonia,Resen,Statistical Region,16154.935725003481,761.2872403607694,316363639.2737843,182206089.96390978,498569729.237694,654903.5670181795
MDA-1617,MDA,Moldova,Rîşcani,District,50263.9764084816,1061.165568383385,130333663.55712578,366244442.125203,496578105.6823288,467955.35067994375
SVN-982,SVN,Slovenia,Rogaška Slatina,Commune|Municipality,9824.558837890625,66.80569741515174,20215297.589483876,474597329.20156866,494812626.7910525,7406742.926671812
AZE-2423,AZE,Azerbaijan,Şahbuz,District,27124.543832540512,769.3361856522655,272693163.8741559,220409771.81295305,493102935.68710893,640945.9802921424
AND-4879,AND,Andorra,Canillo,,6728.51969909668,74.19444285449744,0.0,491155878.1978538,491155878.1978538,6619847.245986584
MDA-1651,MDA,Moldova,Ștefan Vodă,District,48525.63711082935,1115.507554903111,137008013.34674218,353578171.92964536,490586185.2763876,439787.41615873517
CAF-802,CAF,Central African Republic,Sangha-Mbaéré,Economic Prefecture,147862.25355842058,18015.815238308533,362442139.98889583,127305242.37116715,489747382.36006296,27184.30311822205
LVA-5735,LVA,Latvia,Vecumnieku,Municipality,8842.403999060392,872.5372318077996,189290551.46300048,300360879.67915523,489651431.1421557,561181.131637962
GBR-2077,GBR,United Kingdom,Tower Hamlets,London Borough,6020.78946330182,22.468915868703636,5397762.52581708,483017122.6626469,488414885.188464,21737358.760097735
LSO-1213,LSO,Lesotho,Mokhotlong,District,133559.71220266074,3835.843267174201,252323421.1384831,235130500.9948382,487453922.1333213,127078.68601013515
SVN-223,SVN,Slovenia,Vojnik,Commune|Municipality,9606.60791015625,75.94648336852462,22981284.854026638,464068721.26033443,487050006.11436105,6413068.578185343
SVN-985,SVN,Slovenia,Šenčur,Commune|Municipality,9771.932861328125,43.54863765879892,13177748.365060233,472055113.48121893,485232861.84627914,11142320.126017507
TLS-549,TLS,East Timor,Ermera,District|Regencies,132885.26724243164,708.4319085956179,0.0,484450251.0700164,484450251.0700164,683834.6003222547
SVN-217,SVN,Slovenia,Ravne na Koroškem,Commune|Municipality,9640.706451416016,61.26992790226077,18540182.55559004,465715927.7027388,484256110.25832886,7903650.727822393
SVN-951,SVN,Slovenia,Hrastnik,Commune|Municipality,9567.676879882812,58.04328278968589,17563804.8858681,462188070.60764766,479751875.49351573,8265415.952296312
SVN-995,SVN,Slovenia,Šoštanj,Commune|Municipality,9218.402809143066,94.70282571878533,28656924.162819535,445315603.979107,473972528.1419265,5004840.399898532
LVA-5766,LVA,Latvia,Keguma,Municipality,10537.430958271027,512.1433327651994,111105738.93376063,357937958.10742986,469043697.0411905,915844.5830168239
UGA-5626,UGA,Uganda,Bududa,District,230097.99743270874,203.17817681363277,94519350.98817655,373496348.2548408,468015699.2430173,2303474.253892481
SVN-1033,SVN,Slovenia,Piran,Commune|Municipality,9459.795776367188,35.306156389146565,10683586.666450702,456976632.1660182,467660218.83246887,13245854.736434348
UGA-5619,UGA,Uganda,Bukomansimbi,District,138994.48803710938,518.0124713059973,240981602.2541406,225616625.4753848,466598227.7295254,900747.0931214303
CAF-808,CAF,Central African Republic,Kémo,Prefecture,156328.19051624974,16397.90421429741,329893008.7895867,134594176.02650088,464487184.8160876,28326.009150065594
TZA-3381,TZA,United Republic of Tanzania,Kusini-Pemba,Region,173340.66300201416,469.866731504353,104351983.72739145,358561077.5453281,462913061.2727195,985200.7606297849
SVN-926,SVN,Slovenia,Cankova,Commune|Municipality,9045.141235351562,85.14754049140352,25765510.078425705,436945815.41846734,462711325.49689305,5434230.076717346
BTN-2439,BTN,Bhutan,Thimphu,District,95862.97819872014,1894.8651488352382,0.0,461623990.50318,461623990.50318,243618.38666299678
GNQ-1469,GNQ,Equatorial Guinea,Kié-Ntem,Province,33974.31537146866,3312.678997836237,0.0,460447573.17497426,460447573.17497426,138995.53004553946
LBR-781,LBR,Liberia,Maryland,County,188446.09862864017,2366.64103962289,213896295.51802212,244665112.3360271,458561407.8540492,193760.4394484422
BIH-2891,BIH,Bosnia and Herzegovina,Bosnian Podrinje,Canton,23457.155822336674,542.6220862082662,181185695.89039323,274355372.00273967,455541067.8931329,839518.1093279157
LVA-5747,LVA,Latvia,Dagdas,Municipality,7546.198718070984,889.8983932991636,193056928.08618438,256331070.7624719,449387998.8486563,504987.98765398184
SVN-222,SVN,Slovenia,Videm,Commune|Municipality,8727.888610839844,90.2027548264387,27295209.881218024,421620216.5025391,448915426.3837571,4976737.431661883
LSO-1205,LSO,Lesotho,Quthing,District,148632.23578453064,2845.460226642506,187175598.45161274,261665523.88919708,448841122.3408098,157739.37661761622
MDA-1621,MDA,Moldova,Glodeni,District,48159.683141708374,795.6697655396632,97725141.6877458,350911677.616203,448636819.3039488,563848.0167707023
TZA-3337,TZA,United Republic of Tanzania,Zanzibar South and Central,Region,122453.91166687012,873.103900830616,193906309.90216076,253300095.64116633,447206405.5433271,512202.9636082064
MKD-2960,MKD,Macedonia,Bogovinje,Statistical Region,34515.2535533905,139.27106685335556,57876054.16109452,389285943.38773644,447161997.548831,3210731.4724577134
SVN-5885,SVN,Slovenia,Šmartno in Litiji,Commune|Municipality,8575.071716308594,107.3625631517621,32487740.53798563,414238053.9853079,446725794.5232935,4160908.434086333
LBR-780,LBR,Liberia,Grand Kru,County,65013.538761518896,3985.334211800306,360193290.84276956,84408989.52116689,444602280.3639364,111559.59744793775
SVN-261,SVN,Slovenia,Šempeter-Vrtojba,Commune|Municipality,9064.9423828125,21.604833550589557,6537588.207220445,437902354.2163056,444439942.42352605,20571319.903151862
LVA-5749,LVA,Latvia,Ilukstes,Municipality,8263.331518650055,753.6266385908491,163493770.59876886,280690808.0976575,444184578.6964264,589396.0695537175
TLS-546,TLS,East Timor,Baucau,District|Regencies,121053.98628044128,1570.773532569745,0.0,441317801.9170229,441317801.9170229,280955.7156180486
SVN-247,SVN,Slovenia,Braslovce,Commune|Municipality,8754.450881958008,60.48768619098625,18303477.460183986,422903366.52873564,441206843.9889196,7294159.717001497
MKD-2906,MKD,Macedonia,Kriva Palanka,Statistical Region,20290.97024989128,510.54055540065207,212162321.3162849,228855033.1453523,441017354.4616372,863824.3324578676
MLT-5920,MLT,Malta,Attard,,9963.788011745022,6.509779463287245,4803069.773490899,433746090.1664561,438549159.939947,67367744.54698543
MKD-2918,MKD,Macedonia,Želino,Statistical Region,31534.187965393066,195.7002048013808,81325977.52229477,355663506.63150114,436989484.1537959,2232953.6374134272
MDA-1631,MDA,Moldova,Cantemir,District,45065.157235622406,874.8384107043514,107448732.30413496,328363662.216347,435812394.52048194,498163.305575026
MLT-5964,MLT,Malta,Luqa,,9899.101556519594,6.467516966605966,4771887.5004958,430930143.3591089,435702030.8596047,67367744.54698542
LVA-5711,LVA,Latvia,Brocenu,Municipality,9321.623804330826,537.318081558618,116567216.00124973,316639131.8700748,433206347.87132454,806238.172024115
LVA-5714,LVA,Latvia,Aizputes,Municipality,8821.108821034431,611.2481915639404,132605811.01184107,299637520.0129964,432243331.02483743,707148.6459843735
LVA-5737,LVA,Latvia,Ozolnieku,Municipality,10739.64517211914,309.4637098798115,67135881.61684206,364806818.5622906,431942700.1791327,1395778.2007683201
SVN-956,SVN,Slovenia,Kidricevo,Commune|Municipality,8453.794174194336,75.06974384629714,22715984.87159923,408379470.55888754,431095455.4304868,5742599.259605051
MDA-1642,MDA,Moldova,Nisporeni,District,45072.51864147186,834.7432329805544,102524193.13756774,328417300.51103103,430941493.6485988,516256.34880545083
VUT-561,VUT,Vanuatu,Sanma,Province,49780.578692846,4327.577220534307,0.0,430590177.2957128,430590177.2957128,99499.13204380665
MKD-2912,MKD,Macedonia,Studeničani,Statistical Region,27763.10305595398,281.48145705652155,116973585.55528672,313130707.49400085,430104293.04928756,1528002.226316892
KIR+00?,KIR,Kiribati,Kiribati,,22640.639720916748,918.8748116394096,0.0,425076425.9131546,425076425.9131546,462605.3740168967
SVN-225,SVN,Slovenia,Komenda,Commune|Municipality,8613.81591796875,25.878348964262504,7830747.161969286,416109679.4631909,423940426.6251602,16382050.771887098
LVA-5765,LVA,Latvia,Kandavas,Municipality,8172.243878364563,670.4702885242741,145453610.4910571,277596721.493273,423050331.9843301,630975.5096165066
UGA-5599,UGA,Uganda,Butambala,District,127267.3510131836,464.89569259464855,216271451.14876646,206581071.48191145,422852522.63067794,909564.2944564151
SVN-219,SVN,Slovenia,Ruše,Commune|Municipality,8418.875259399414,52.71892176163766,15952661.722628947,406692634.1346023,422645295.85723126,8016956.374187085
LVA-5781,LVA,Latvia,Amatas,Municipality,7952.302040398121,702.6787256969747,152440994.6529342,270125684.8909112,422566679.5438454,601365.4093835116
MKD-2937,MKD,Macedonia,Aerodrom,Municipality,36683.30078125,21.232117053008256,8823305.402036542,413738619.33580416,422561924.7378407,19902015.59660158
SVN-927,SVN,Slovenia,Gornja Radgona,Commune|Municipality,8145.542419433594,79.73948423780696,24129040.87329578,393488678.82512295,417617719.69841874,5237276.409425448
MKD-2944,MKD,Macedonia,Brod,Statistical Region,5927.822756648064,841.4803687180453,349689023.68431866,66857920.38257682,416546944.0668955,495016.82933077175
MKD-2998,MKD,Macedonia,Gevgelija,Statistical Region,19373.333092063665,471.73116691353766,196034533.10594368,218505312.0830403,414539845.188984,878762.8934955741
SYR-143,SYR,Syria,As Suwayda',Province,350364.5974532678,6630.029489056067,0.0,413760392.52338797,413760392.52338797,62407.021447848194
MKD-2959,MKD,Macedonia,Vrapcište,Statistical Region,30719.154710769653,161.77862828672252,67229388.44640824,346471020.5056883,413700408.9520966,2557200.622438766
MKD-2922,MKD,Macedonia,Čaška,Statistical Region,7679.0063626766205,785.4242528659436,326394114.91096306,86608931.65831463,413003046.5692777,525834.3437476831
LVA-5732,LVA,Latvia,Jaunjelgavas,Municipality,7559.911901444197,719.5608816264187,156103454.53346884,256796883.43305534,412900337.9665242,573822.6583874992
MNE-1501,MNE,Montenegro,Rožaje,Municipality,23745.698078393936,393.8196854222878,30909191.140207395,380195160.4397536,411104351.579961,1043889.7972790239
TLS-547,TLS,East Timor,Bobonaro,District|Regencies,111949.64033126831,1432.6845135695828,0.0,408126743.4014196,408126743.4014196,284868.5384227109
AFG-1755,AFG,Afghanistan,Zabul,Province,408623.62435569987,17129.40855793928,0.0,405174223.48450786,405174223.48450786,23653.71939807661
SVN-947,SVN,Slovenia,Dravograd,Commune|Municipality,7786.479553222656,95.67360081757053,28950679.16087682,376143342.4969465,405094021.6578233,4234125.382510193
MKD-2955,MKD,Macedonia,Mavrovo and Rostusa,Statistical Region,9341.679029464722,720.7866338939659,299533041.6027116,105361657.80110225,404894699.40381384,561740.0217543121
AZE-1737,AZE,Azerbaijan,Şuşa,District,34203.10853385925,356.1353376303031,126233074.43086222,277929073.89644766,404162148.32730985,1134855.5046982234
LVA-1089,LVA,Latvia,Preilu,Municipality,9506.443747520447,369.32212755345313,80121726.206729,322917139.606951,403038865.81368,1091293.5774619866
SVN-1011,SVN,Slovenia,Gorenja vas-Poljane,Commune|Municipality,7391.582702636719,146.75491050918774,44407802.080492154,357066965.25796247,401474767.3384546,2735682.0016821167
MKD-2954,MKD,Macedonia,Kičevo,Statistical Region,33714.6298828125,49.31816318498689,20494857.604741808,380255978.11694986,400750835.72169167,8125826.467188575
SVN-967,SVN,Slovenia,Medvode,Commune|Municipality,7792.464599609375,79.15633822109204,23952581.817823954,376432463.57374537,400385045.3915693,5058155.2202838315
SVN-976,SVN,Slovenia,Pesnica,Commune|Municipality,7812.7432861328125,75.69989901054561,22906668.82021023,377412070.966051,400318739.7862612,5288233.472154218
CPV-5046,CPV,Cape Verde,Santa Catarina,,59970.701744794846,278.6596713916423,0.0,396892315.71854794,396892315.71854794,1424290.4749598142
SVN-233,SVN,Slovenia,Prevalje,Commune|Municipality,7813.249664306641,64.28526636213063,19452619.168899912,377436532.6984128,396889151.86731267,6173874.268974227
MKD-2920,MKD,Macedonia,Lipkovo,Statistical Region,25575.82311820984,259.65448077906194,107903078.02095932,288461112.27573955,396364190.29669887,1526506.2598090197
EST-1660,EST,Estonia,Hiiu,County,5042.689408251084,1073.1784708665054,152594984.8343991,241841306.0678579,394436290.90225697,367540.2569190391
LVA-5716,LVA,Latvia,Grobinas,Municipality,8396.091890335083,489.031142595615,106091718.82867694,285200443.94217265,391292162.7708496,800137.5141345818
MLT-5924,MLT,Malta,Mġarr,,8687.0234375,15.309860021753327,11295978.046808895,378165658.15716153,389461636.20397043,25438615.091881696
MKD-3004,MKD,Macedonia,Berovo,Statistical Region,13181.10138937831,578.9118210090031,240574964.09138522,148665212.07257622,389240176.1639614,672365.2239222595
MKD-2914,MKD,Macedonia,Sveti Nikole,Statistical Region,17305.36522835493,466.34725185887675,193797171.34558335,195181397.64404884,388978568.9896322,834096.4108593967
MKD-2946,MKD,Macedonia,Negotino,Statistical Region,19265.580054551363,409.28532228882113,170084282.50981057,217290001.791433,387374284.30124354,946465.1264182995
SUR-68,SUR,Suriname,Para,District,33522.46773219854,5753.61366797379,65323054.999222934,319949969.98058474,385273024.9798077,66961.92118778225
MKD-2938,MKD,Macedonia,Kisela Voda,Municipality,32987.9580078125,29.091346547267303,12089318.954967467,372060090.2914373,384149409.24640477,13204937.372776574
PHL-2543,PHL,Philippines,Batanes,Province,14556.526821136475,195.5713386080079,284201381.59935415,99855486.91445267,384056868.5138068,1963768.6751410372
MDA-1641,MDA,Moldova,Leova,District,39898.813438892365,746.6910662866065,91709517.45331226,290719511.5370721,382429028.9903844,512164.9986951827
MDA-1625,MDA,Moldova,Taraclia,District,39074.42329788208,792.2930695985345,97310411.72869122,284712658.73986924,382023070.46856046,482173.93932542746
NZL-5479,NZL,New Zealand,Auckland Islands,,0.0,516.8938970577951,381323059.9050031,0.0,381323059.9050031,737720.1821796059
SVN-942,SVN,Slovenia,Cerklje na Gorenjskem,Commune|Municipality,7403.4176025390625,78.25193119308899,23678909.692234322,357638676.61698633,381317586.3092207,4872947.93234314
MKD-3005,MKD,Macedonia,Delčevo,Statistical Region,16543.59308719635,465.5668934180061,193472882.40022436,186589625.714612,380062508.11483634,816343.5018426016
LVA-5774,LVA,Latvia,Salacgrivas,Municipality,7023.81439781189,648.4622410778819,140679126.04972258,238586596.0720719,379265722.12179446,584869.4004008226
SVN-973,SVN,Slovenia,Mozirje,Commune|Municipality,7324.126556396484,82.87132464431338,25076730.790023424,353808344.9603899,378885075.75041336,4571968.378405937
VIR-4869,VIR,United States Virgin Islands,Saint John,,3416.28604888916,59.42919325404498,0.0,378332452.32043344,378332452.32043344,6366104.461542268
CPV-5049,CPV,Cape Verde,São Salvador do Mundo,,56768.47265625,40.221995593134196,0.0,375699631.93401694,375699631.93401694,9340651.213192118
GNQ-1468,GNQ,Equatorial Guinea,Centro Sur,Province,27595.078979331767,8332.532411856766,0.0,373990969.6098106,373990969.6098106,44883.230106328854
GNB-5500,GNB,Guinea Bissau,Biombo,Region,101270.4120619297,854.2563092847934,192548547.29494983,181285513.70031324,373834060.9952631,437613.46206298104
MLT-5947,MLT,Malta,Dingli,,8458.756710297921,5.526476542127552,4077565.54321049,368228694.39174575,372306259.93495625,67367744.54698542
LBY-2968,LBY,Libya,Ghat,Municipality|Governarate,26783.095324397087,51335.95870612853,0.0,371502975.3143949,371502975.3143949,7236.7008365628235
MKD-3003,MKD,Macedonia,Vinica,Statistical Region,17073.82620304823,430.53998194769196,178916955.80933872,192569946.8036785,371486902.6130172,862839.499673112
MDA-1637,MDA,Moldova,Grigoriopol,Territorial Unit,39269.129695773125,681.5889726251748,83713598.03702375,286131371.32827044,369844969.3652942,542621.7034304668
MKD-2957,MKD,Macedonia,Tearce,Municipality,27126.77423143387,150.44615536416697,62520019.64882758,305953768.5682896,368473788.2171172,2449207.075615837
MLT-5974,MLT,Malta,San Lawrenz,,8353.65115778663,5.457806477448442,4026899.139860883,363653213.41976815,367680112.559629,67367744.54698542
SVN-236,SVN,Slovenia,Trzin,Commune|Municipality,7530.87890625,10.376844487085197,3140016.607305797,363795980.5036969,366935997.11100274,35361038.47057587
LVA-5715,LVA,Latvia,Priekules,Municipality,7421.367698073387,525.7046257497833,114047761.96042807,252090781.01980597,366138542.980234,696471.982642403
MLT-5981,MLT,Malta,Kerċem,,8299.5078125,6.316709765924219,4660618.368983085,361296231.88835406,365956850.25733715,57934726.118256725
MNE-1507,MNE,Montenegro,Kotor,Municipality,21395.43999648094,292.47199805669646,22954852.755517393,342564902.2945622,365519755.0500796,1249759.831637703
BIH-4803,BIH,Bosnia and Herzegovina,Brčko Distrikt,,26822.142211914062,153.52496363799858,51263168.38238999,313712321.31445277,364975489.6968428,2377303.8667342085
SVN-977,SVN,Slovenia,Pivka,Statistical Region,6149.09274315834,223.5350241014632,67641342.1119176,297045703.6361214,364687045.748039,1631453.7160964382
SVN-1009,SVN,Slovenia,Bohinj,Commune|Municipality,5419.660671710968,338.79935243624055,102520144.20359412,261808852.93828198,364328997.1418761,1075353.2866047611
LVA-5740,LVA,Latvia,Auces,Municipality,7312.939118385315,528.0997847859059,114567374.14230582,248407653.26620734,362975027.4085132,687322.808805281
MDV-5224,MDV,Maldives,Haa Dhaalu,Atoll,743.4423000045382,9.706497950752444,25531628.886369422,337270452.62914544,362802081.51551485,37377237.73870375
GMB-2154,GMB,Gambia,Lower River,Division,83772.8353241682,1472.793990453918,246597431.63160536,116186982.84369883,362784414.4753042,246323.93724222985
MNE-1511,MNE,Montenegro,Danilovgrad,Municipality,20131.644071274437,512.442947411175,40219414.10318046,322330117.3259035,362549531.42908394,707492.4794275307
LVA-5784,LVA,Latvia,Burtnieku,Municipality,6286.591367721558,684.2254864711258,148437699.77679184,213544429.04812747,361982128.82491934,529039.2363076567
GNB-770,GNB,Guinea Bissau,Bolama,Region,27344.069943606853,1382.8504001837828,311693145.005335,48948983.868582144,360642128.8739171,260796.19952092232
LVA-5725,LVA,Latvia,Jekabpils,Municipality,4655.173916055588,921.2609648083585,199860807.89767763,158128053.48347494,357988861.3811526,388585.72658141627
SVN-968,SVN,Slovenia,Mengeš,Commune|Municipality,7266.1376953125,22.58328620921276,6833666.4226512695,351007063.0862606,357840729.5089119,15845379.020300964
SVN-972,SVN,Slovenia,Moravce,Commune|Municipality,6961.5540771484375,65.67652728112802,19873612.506150402,336293468.9102344,356167081.4163848,5423049.849938221
GRD-5070,GRD,Grenada,Saint Andrew,Parish,14229.730224609375,75.45131490326096,0.0,355343396.12833506,355343396.12833506,4709571.948268025
BRB-1997,BRB,Barbados,Saint Peter,Parish,7201.17236328125,30.322660704272675,0.0,354231364.8800717,354231364.8800717,11682067.359945033
MKD-2947,MKD,Macedonia,Novaci,Statistical Region,4275.591245859861,731.0071946041456,303780339.61358964,48222956.52877808,352003296.1423677,481531.9175250857
SVN-1044,SVN,Slovenia,Moravske Toplice,Commune|Municipality,6445.622848510742,132.90973016919514,40218272.57055034,311370254.8297428,351588527.4002931,2645318.1941812546
LBR-783,LBR,Liberia,Bomi,County,126177.17150700092,2072.216292127361,187286276.61622977,163819532.8301199,351105809.4463497,169434.92374818673
SMR-4889,SMR,San Marino,Montegiardino,,4653.13427734375,1.7368853994799756,0.0,350988914.07487607,350988914.07487607,202079489.05550265
MLT-5972,MLT,Malta,Qrendi,,7967.003238453176,5.205192443324804,3840514.510627045,346821560.3291772,350662074.83980423,67367744.54698542
UGA-3113,UGA,Uganda,Bukwa,County,92996.0414467752,426.4693447992032,198395350.9128491,150951691.32310283,349347042.2359519,819160.9701757972
LSO-1211,LSO,Lesotho,Butha-Buthe,District,133746.80693909526,1717.9872539685205,113009941.0221702,235459879.3559161,348469820.3780863,202836.091812164
LVA-5736,LVA,Latvia,Iecavas,Municipality,8252.862142324448,312.1890118544223,67727115.88727938,280335181.83547974,348062297.7227591,1114908.8677248673
MDA-1644,MDA,Moldova,Rezina,District,36692.555869579315,656.5592408837988,80639415.52215439,267357372.31355023,347996787.8357046,530031.0560967261
SVN-1020,SVN,Slovenia,Železniki,Commune|Municipality,6153.611364364624,167.11655256121088,50569202.521150395,297263985.75866365,347833188.27981406,2081380.8264289733
MLT-5979,MLT,Malta,Nadur,,7853.45068359375,7.9117972974773405,5837511.803251022,341878362.356616,347715874.15986705,43949037.25234916
AFG-1751,AFG,Afghanistan,Nimroz,Province,349622.65822434425,42088.26703457419,0.0,346671314.6651727,346671314.6651727,8236.7685602354
SVN-1007,SVN,Slovenia,Zrece,Commune|Municipality,6737.834217071533,66.78984055812333,20210499.32981343,325486179.7653669,345696679.09518033,5175887.173953358
MLT-5961,MLT,Malta,Żejtun,,7851.142248204824,5.129495379715483,3784663.420706965,341777870.9749077,345562534.3956147,67367744.54698542
HND-641,HND,Honduras,Islas de la Bahía,Department,65013.620807647705,257.3705677135456,50935299.17757339,293461972.92482144,344397272.1023948,1338137.748857555
BWA-5504,BWA,Botswana,Selebi-Phikwe,Town,30040.66015625,34.77903917956346,311233.3619857343,342796142.54985523,343107375.911841,9865349.475020994
SVN-243,SVN,Slovenia,Prebold,Commune|Municipality,6830.724502563477,39.90952016549246,12076557.21016329,329973453.15144736,342050010.36161065,8570637.004485017
SVN-238,SVN,Slovenia,Žužemberk,Commune|Municipality,5956.157173156738,172.98012400352025,52343509.89656594,287725518.60373145,340069028.50029737,1965942.7952160374
GRL-2740,GRL,Greenland,Kommune Kujalleq,,1139.1521638259292,49617.87963467427,0.0,339903289.8584451,339903289.8584451,6850.419493156089
MHL-4969,MHL,Marshall Islands,Ratak Chain,,1109.0323486328125,83.33187095672145,0.0,339579054.452719,339579054.452719,4075020.1640027976
MRT-2786,MRT,Mauritania,Inchiri,Region,26793.839156604023,44660.1532009824,244032391.60268733,95496947.94188616,339529339.5445735,7602.5117517309545
SVN-987,SVN,Slovenia,Šentjernej,Commune|Municipality,6349.222285747528,104.1392115525201,31512359.480150323,306713409.6343637,338225769.11451405,3247823.409378686
MLT-5934,MLT,Malta,Pembroke,,7673.644732721074,5.013528472378777,3699100.2844293984,334051005.1218221,337750105.4062515,67367744.54698542
MKD-2928,MKD,Macedonia,Dolneni,Statistical Region,14758.379961967468,409.8975972478261,170338721.995983,166454806.92998725,336793528.92597026,821652.8498515282
SVN-264,SVN,Slovenia,Lendava,Commune|Municipality,6470.559753417969,77.69918090789639,23511648.336688526,312574887.89905465,336086536.23574317,4325483.644855096
LVA-5752,LVA,Latvia,Riebinu,Municipality,5677.178712844849,647.755375224107,140525776.6883501,192843755.2126153,333369531.90096545,514653.4396347202
SVN-1041,SVN,Slovenia,Gorišnica,Commune|Municipality,6443.89990234375,72.9611645642763,22077932.140674457,311287024.054427,333364956.1951015,4569073.94757136
LCA-5076,LCA,Saint Lucia,Anse-la-Raye,Quarter,14401.155364990234,77.54283792473068,46406763.099001735,282883752.5919299,329290515.6909317,4246562.603377601
MLT-5962,MLT,Malta,Marsaskala,,7424.802850821986,4.850949163135852,3579145.411852901,323218358.62069595,326797504.03254884,67367744.54698543
LVA-5793,LVA,Latvia,Pargaujas,Municipality,6256.345142364502,524.7146815009381,113833000.81792268,212517018.07977718,326350018.89769983,621957.0947856476
AZE-5567,AZE,Azerbaijan,Kangarli,District,27966.752019882202,279.07419529973726,98918556.92111799,227253422.918646,326171979.839764,1168764.3835699025
SVN-1028,SVN,Slovenia,Kanal,Commune|Municipality,5770.816093444824,155.17638509815978,46956126.87231948,278772202.4422604,325728329.31457984,2099084.400687219
AZE-5566,AZE,Azerbaijan,Yevlakh,Municipality,37633.76271057129,51.36974103155802,18208135.104700763,305806029.5026512,324014164.60735196,6307490.715366854
AZE-1683,AZE,Azerbaijan,Mingəçevir,Municipality,37999.103515625,38.10350702297326,13505884.785578197,308774731.35338044,322280616.13895863,8458030.279067228
LVA-5773,LVA,Latvia,Ropazu,Municipality,7333.390720367432,334.1482840948243,72491018.90549175,249102358.14090535,321593377.0463971,962427.1389498909
BTN-2493,BTN,Bhutan,Tashigang,District,66511.44435916841,2313.5404846920383,0.0,320282959.4503404,320282959.4503404,138438.45031870023
LVA-5771,LVA,Latvia,Marupes,Municipality,8705.267589330673,105.65752965179777,22921625.94892303,295702597.53474784,318624223.4836709,3015631.962376185
MKD-2952,MKD,Macedonia,Debar,Statistical Region,22489.986988067627,155.7577429840553,64727324.724574186,253657003.7906559,318384328.5152301,2044099.5254266278
MNE-1500,MNE,Montenegro,Cetinje,Municipality,15022.698447287083,967.3410587333757,75922384.75864759,240530188.98615828,316452573.7448059,327136.50566963933
SVN-1014,SVN,Slovenia,Kranjska Gora,Commune|Municipality,5035.357285499573,235.91208018430342,71386619.56095745,243244216.73338476,314630836.2943422,1333678.3603812943
SVN-1024,SVN,Slovenia,Brda,Commune|Municipality,5926.812591552734,83.5243500130153,25274335.226060607,286307962.8350097,311582298.0610703,3730436.669217032
LVA-5760,LVA,Latvia,Garkalnes,Municipality,8141.788145326078,155.2373514258202,33677604.56269213,276562193.9182284,310239798.4809205,1998486.8050854877
SVN-981,SVN,Slovenia,Radlje ob Dravi,Commune|Municipality,5914.506149291992,80.58663304825846,24385386.75348968,285713472.5657474,310098859.31923705,3848018.5558011536
SVN-980,SVN,Slovenia,Radece,Commune|Municipality,6081.483093261719,50.662216032481254,15330305.846145524,293779668.00046134,309109973.84660685,6101390.702065342
SVN-948,SVN,Slovenia,Duplek,Commune|Municipality,6132.9857177734375,40.90458589230883,12377662.513558067,296267617.6828291,308645280.1963872,7545493.334389699
SVN-1035,SVN,Slovenia,Vipava,Commune|Municipality,5693.127343177795,108.99344352156632,32981242.33924012,275019273.27830255,308000515.6175427,2825862.78280674
LVA-5754,LVA,Latvia,Ādaži,Municipality,8012.129909515381,159.6888601841307,34643326.73131196,272157932.1620491,306801258.8933611,1921243.964917785
MDA-1652,MDA,Moldova,Camenca,District,30651.32221508026,667.268044103741,81954683.93789624,223338406.69174847,305293090.6296447,457526.91639790323
SVN-929,SVN,Slovenia,Puconci,Commune|Municipality,5625.514251708984,108.61384653589288,32866376.896225978,271753071.3897861,304619448.2860121,2804609.706786755
LVA-5755,LVA,Latvia,Alojas,Municipality,4835.941561073065,644.5409052594072,139828421.01102433,164268411.79335853,304096832.80438286,471803.77587050677
MKD-2904,MKD,Macedonia,Probištip,Statistical Region,15288.219679355621,313.3841822115598,130231212.50305517,172430691.01001242,302661903.5130676,965785.5140523532
MNG-3330,MNG,Mongolia,Govĭ-Sümber,Municipality,38574.2319521904,647.2908529846009,3252292.204094841,299027356.6193281,302279648.8234229,466991.9981560657
SUR-37,SUR,Suriname,Nickerie,District,25522.50759114884,5166.818895035876,58660941.51057455,243595596.92480204,302256538.4353766,58499.5418991317
SYC-5217,SYC,Seychelles,Pointe La Rue,,8406.181640625,1.7204467573775477,0.0,301016834.74051195,301016834.74051195,174964341.93601412
LVA-5744,LVA,Latvia,Karsavas,Municipality,5343.035242676735,550.7312113012565,119477096.09951022,181493490.437402,300970586.5369122,546492.6998159139
MKD-2910,MKD,Macedonia,Staro Nagoričane,Statistical Region,8491.346480369568,491.04374675290853,204060147.77256215,95771042.79791944,299831190.5704816,610599.7531852403
LVA-5742,LVA,Latvia,Vilakas,Municipality,4960.862422525883,601.2589602532861,130438720.56050576,168511753.2919186,298950473.8524244,497207.51558777376
SMR-4886,SMR,San Marino,Serravalle,,3950.8778012485045,9.166375462637902,0.0,298017255.99338496,298017255.99338496,32512006.213153906
SVN-227,SVN,Slovenia,Hajdina,Commune|Municipality,6039.0546875,20.759684654168524,6281847.497825499,291730068.7880131,298011916.2858386,14355319.998851625
MDV-5223,MDV,Maldives,Haa Alifu,Atoll,607.4482552697077,7.930938614775583,20861260.41136495,275575317.6841678,296436578.0955328,37377237.73870375
LVA-5721,LVA,Latvia,Dundagas,Municipality,4124.250186935067,715.1897963618478,155155179.65182498,140093510.1242117,295248689.7760367,412825.64611234557
SVN-969,SVN,Slovenia,Metlika,Commune|Municipality,5743.018371582031,56.10889609325142,16978462.553782925,277429371.1994886,294407833.7532715,5247079.416140605
LVA-5712,LVA,Latvia,Skrundas,Municipality,5120.904404550791,555.1002005186159,120424916.25908828,173948097.35759404,294373013.6166823,530306.0840937494
LVA-5788,LVA,Latvia,Kocenu,Municipality,5478.058693766594,499.0195654816484,108258633.89822139,186079999.1007672,294338632.99898857,589833.8529370007
MLT-5986,MLT,Malta,Xewkija,,6678.560851614727,4.363396554092433,3219417.5266473154,290732766.8866482,293952184.4132955,67367744.54698543
MKD-2897,MKD,Macedonia,Demir Hisar,Statistical Region,8459.873436450958,476.75771352418406,198123385.37407023,95416068.91443956,293539454.2885098,615699.4338249331
BHS-5019,BHS,The Bahamas,North Andros,District,3452.1276281923056,2474.955302543757,0.0,293308399.86397946,293308399.86397946,118510.58464066697
MDA-1616,MDA,Moldova,Ocniţa,District,29242.92996880412,648.5112131703348,79650946.83493246,213076269.28465253,292727216.119585,451383.4305016075
MNE-1506,MNE,Montenegro,Herceg Novi,Municipality,17098.332636095583,238.16129288856453,18692242.151882406,273763411.7292001,292455653.88108253,1227973.0695697991
MDA-1614,MDA,Moldova,Donduseni,District,25526.08486765623,856.8500633543423,105239381.30244681,185993774.86612496,291233156.16857177,339888.1188483206
SVN-1026,SVN,Slovenia,Hrpelje-Kozina,Commune|Municipality,4728.164512634277,201.49092479800603,60970832.78780642,228404581.4930104,289375414.2808168,1436170.9569347338
LIE-4900,LIE,Liechtenstein,Mauren,,1093.2808406935844,3.5313646298919785,0.0,289250312.3797126,289250312.3797126,81908933.99432403
LCA-5080,LCA,Saint Lucia,Dennery,Quarter,12808.353454589844,61.51938444561581,36817268.70423953,251596139.19356126,288413407.8978008,4688171.224352272
SUR-73,SUR,Suriname,Saramacca,District,25366.998257006053,3901.482851056429,44295080.19919512,242111362.31569853,286406442.51489365,73409.63768105287
MDA-1646,MDA,Moldova,Şoldăneşti,District,29962.28560268879,551.942797887138,67790294.99816105,218317796.55023623,286108091.5483973,518365.4767190224
SYC-5201,SYC,Seychelles,Au Cap,,7973.53271484375,11.448223016311253,0.0,285524115.7201231,285524115.7201231,24940474.632029157
SVN-984,SVN,Slovenia,Semic,Commune|Municipality,4943.187963499688,151.73073117225005,45913477.48465153,238791771.1042987,284705248.5889502,1876384.8719989548
ASM-4998,ASM,American Samoa,Eastern,,7080.7237548828125,54.34092226884698,0.0,282282922.1066535,282282922.1066535,5194665.646454864
SOM-2413,SOM,Somalia,Nugaal,Region,216890.43705061986,29728.24489851668,0.0,281994951.75543183,281994951.75543183,9485.758500647384
LCA-5086,LCA,Saint Lucia,Vieux Fort,Quarter,13052.5263671875,41.46991896316729,24818342.43578451,256392459.2141649,281210801.64994943,6781079.121464282
VUT-562,VUT,Vanuatu,Tafea,Province,32306.65317583084,1627.1428921190995,0.0,279444873.5649442,279444873.5649442,171739.60253792518
LVA-5733,LVA,Latvia,Viesites,Municipality,3909.206562012434,662.0431552828998,143625405.75622085,132788857.1861623,276414262.94238317,417516.98622164247
KNA-5101,KNA,Saint Kitts and Nevis,Saint George Basseterre,Parish,5657.689758300781,34.978545993579964,0.0,276368556.9208651,276368556.9208651,7901087.625871881
CPV-5052,CPV,Cape Verde,Ribeira Grande de Santiago,,41618.639099121094,139.723466176596,0.0,275436464.2821336,275436464.2821336,1971297.1043390122
SVN-1023,SVN,Slovenia,Bovec,Commune|Municipality,3327.800219118595,378.84300443584334,114637289.49303326,160756846.40605977,275394135.89909303,726934.7267193124
BTN-2482,BTN,Bhutan,Geylegphug,District,56766.11832366139,2191.4540721545304,0.0,273354766.9635629,273354766.9635629,124736.70812312022
BHS-5024,BHS,The Bahamas,Exuma,District,3213.580651283264,217.2263484369353,0.0,273040368.1961529,273040368.1961529,1256939.4558295098
SVN-1029,SVN,Slovenia,Kobarid,Commune|Municipality,4180.819382190704,230.70017919785175,69809506.62711135,201963848.49458322,271773355.12169456,1178037.0351971763
LVA-5756,LVA,Latvia,Babites,Municipality,6577.451272308826,221.98358994129347,48157711.35480891,223424427.38506284,271582138.73987174,1223433.4024947307
LVA-1085,LVA,Latvia,Jekabpils,Republican City,7810.09228515625,27.42784920137497,5950270.672135547,265295070.1409015,271245340.81303704,9889413.450597484
SVN-966,SVN,Slovenia,Lukovica,Commune|Municipality,5140.3580322265625,74.95390038455412,22680930.82466101,248316513.08613366,270997443.9107947,3615521.574200021
SVN-1025,SVN,Slovenia,Divaca,Commune|Municipality,4650.756537437439,152.91764978927992,46272637.16692611,224665215.7979693,270937852.9648954,1771789.2822590917
LSO-1214,LSO,Lesotho,Qacha's Nek,District,77917.7956829071,2022.600642876797,133047540.85625984,137173478.6874631,270221019.5437229,133600.77803563862
SLB-1934,SLB,Solomon Islands,Temotu,Province,7348.716558784246,874.9500007372717,215642541.44353613,53593321.0916139,269235862.53515005,307715.7121072975
LVA-5728,LVA,Latvia,Plavinu,Municipality,5401.056734085083,394.58808377586655,85602990.05683616,183464378.24139288,269067368.29822904,681894.3079159592
BRB-1990,BRB,Barbados,Saint Andrew,Parish,5443.17626953125,36.01777376329923,0.0,267754146.40405908,267754146.40405908,7433944.922961635
SVN-1010,SVN,Slovenia,Cerkno,Commune|Municipality,4704.543426513672,133.59171417109997,40424639.842851974,227263511.99862823,267688151.8414802,2003778.104820437
TLS-552,TLS,East Timor,Viqueque,District|Regencies,73357.86588305235,1888.9476471655955,0.0,267435489.89648697,267435489.89648697,141579.0905045883
BHS-5010,BHS,The Bahamas,City of Freeport,District,3141.183349609375,14.368670863970351,0.0,266889165.51899183,266889165.51899183,18574380.89059582
LVA-5724,LVA,Latvia,Neretas,Municipality,3690.195723861456,651.8691308837174,141418225.79998094,125349445.00670442,266767670.80668536,409235.01078358665
SVN-1039,SVN,Slovenia,Beltinci,Commune|Municipality,5138.504638671875,58.85238000189352,17808636.4130649,248226980.75745326,266035617.17051816,4520388.422047821
ATG-5093,ATG,Antigua and Barbuda,Saint George,Parish,6628.01953125,27.872013356829253,0.0,265950025.4951076,265950025.4951076,9541830.440819016
SVN-1000,SVN,Slovenia,Velike Lašče,Commune|Municipality,4807.184253692627,107.64363608546502,32572792.759861916,232221807.14958188,264794599.9094438,2459918.761005126
SVN-203,SVN,Slovenia,Destrnik,Commune|Municipality,5256.232696533203,32.32479169001935,9781430.459007692,253914098.39347228,263695528.85247996,8157686.873320175
MLT-5976,MLT,Malta,Għasri,,5986.32755314646,3.9111301966729015,2885724.6752781766,260598295.30418274,263484019.97946092,67367744.54698543
ATG-5097,ATG,Antigua and Barbuda,Saint Mary,Parish,6556.1571044921875,57.99246338176487,0.0,263066537.5786536,263066537.5786536,4536219.402284818
MLT-5963,MLT,Malta,Marsaxlokk,,5963.495797412852,3.896213209839156,2874718.568392868,259604377.6526415,262479096.22103438,67367744.54698542
SVN-226,SVN,Slovenia,Oplotnica,Commune|Municipality,5231.0650634765625,31.356828805614665,9488526.43254096,252698319.48389515,262186845.9164361,8361395.456848292
MLT-5980,MLT,Malta,Qala,,5946.9531631142445,3.8854051817178425,2866744.1487564915,258884239.59474462,261750983.74350113,67367744.54698543
SVN-1021,SVN,Slovenia,Žiri,Commune|Municipality,5069.005157470703,53.75044197961018,16264798.096960913,244869652.5859572,261134450.6829181,4858275.412544095
SVN-996,SVN,Slovenia,Starše,Statistical Region,5169.973388671875,34.13877104447328,10330337.72126687,249747149.24030787,260077486.96157473,7618243.979045597
LCA-5082,LCA,Saint Lucia,Laborie,Quarter,12187.8876953125,34.23466038211948,20488285.1420777,239408250.24363217,259896535.38570988,7591620.085749471
MKD-2940,MKD,Macedonia,Kratovo,Statistical Region,9895.968031525612,352.71485842088197,146575629.171307,111613297.14493446,258188926.31624144,732004.6778640492
PYF-4967,PYF,French Polynesia,Marquesas Islands,,5211.909485459328,1074.4323519463394,0.0,256702373.4710059,256702373.4710059,238919.06550094875
MKD-2994,MKD,Macedonia,Valandovo,Statistical Region,10683.089231833816,327.3525497349781,136035964.44179535,120490972.59206635,256526937.0338617,783641.1759784482
SVN-989,SVN,Slovenia,Škocjan,Commune|Municipality,4928.2115478515625,57.95393735557651,17536769.099869806,238068301.78777328,255605070.8876431,4410486.716707057
GBR-2071,GBR,United Kingdom,Islington,London Borough,3138.6200134547303,11.712980408298424,2813837.885325201,251795419.3998537,254609257.2851789,21737358.760097735
AND-4878,AND,Andorra,Ordino,,3467.23446854949,76.45517360308153,0.0,253094687.4610353,253094687.4610353,3310367.0495208227
MDV-5239,MDV,Maldives,Laamu,Atoll,516.590303808429,6.744683111607302,17740975.894232985,234356648.24053332,252097624.1347663,37377237.73870375
LCA-5085,LCA,Saint Lucia,Soufrière,Quarter,9844.661254882812,93.51647151259502,55966441.97562253,193379950.99669674,249346392.97231928,2666336.6243318613
LVA-5729,LVA,Latvia,Kokneses,Municipality,5102.279221773148,350.0995732018519,75951534.05778971,173315432.7243255,249266966.78211522,711988.7765141574
TLS-548,TLS,East Timor,Cova Lima,District|Regencies,68358.12536621094,1264.696786681285,0.0,249208295.87467033,249208295.87467033,197049.83716185647
ATG-5096,ATG,Antigua and Barbuda,Saint Paul,Parish,6209.922180175781,50.729374952291714,0.0,249173822.49006683,249173822.49006683,4911825.2043200135
LVA-5753,LVA,Latvia,Vilanu,Municipality,5752.241448402405,243.95309196782787,52923833.650076486,195393504.04625684,248317337.69633332,1017889.6922080454
WSM-4985,WSM,Samoa,A'ana,,24371.71770775318,292.36055654889833,0.0,248307514.16535017,248307514.16535017,849319.4742014383
KNA-5105,KNA,Saint Kitts and Nevis,Saint John Figtree,Parish,5078.07470703125,17.020793230033274,0.0,248055343.9077352,248055343.9077352,14573665.313672945
LVA-5797,LVA,Latvia,Vecpiebalgas,Municipality,3982.6429319381714,513.6870789768388,111440643.34937476,135283361.24565586,246724004.5950306,480300.1957659809
MLT-5975,MLT,Malta,Għarb,,5575.814691953812,3.642924149930729,2687835.8891157787,242727747.6474616,245415583.53657737,67367744.54698542
SVN-253,SVN,Slovenia,Dobrepolje,Commune|Municipality,4448.540061950684,98.2499480354284,29730277.723843448,214896695.8297817,244626973.55362517,2489843.2868932816
SYC-5210,SYC,Seychelles,Grand'Anse,,6823.30810546875,16.648818201801905,0.0,244335739.5992186,244335739.5992186,14675860.87118028
TLS-544,TLS,East Timor,Aileu,District|Regencies,66884.7343788147,772.8556217026684,0.0,243836860.43581012,243836860.43581012,315501.1797657837
SVN-944,SVN,Slovenia,Črna na Koroškem,Commune|Municipality,4048.9826316833496,158.33995833996724,47913419.094446056,195595178.84601933,243508597.9404654,1537884.6912264242
MNE-1503,MNE,Montenegro,Plav,Municipality,12715.520877949893,507.8386780687157,39858045.06441727,203589697.9868521,243447743.05126938,479380.0739579124
SYC-5202,SYC,Seychelles,Anse Royale,,6766.46435546875,8.040271976781721,0.0,242300222.5914623,242300222.5914623,30135824.172511116
SVN-209,SVN,Slovenia,Loška dolina,Commune|Municipality,4017.561861515045,158.15911648247118,47858696.63652155,194077328.13644636,241936024.7729679,1529700.1535778164
LVA-5768,LVA,Latvia,Krimuldas,Municipality,4845.0381400585175,351.32982154643315,76218427.41098194,164577406.54935834,240795833.96034026,685383.9873325861
MKD-2899,MKD,Macedonia,Debarca,Statistical Region,5139.22592061758,439.47781886587524,182631199.87486658,57963601.73613146,240594801.61099803,547456.0746475932
SVN-937,SVN,Slovenia,Borovnica,Commune|Municipality,4700.253517150879,43.74866193578743,13238275.392557848,227056278.31417555,240294553.7067334,5492614.929787529
SMR-4885,SMR,San Marino,Acquaviva,,3179.217220314091,7.376056710605911,0.0,239810401.6037949,239810401.6037949,32512006.2131539
GRD-5075,GRD,Grenada,Saint Patrick,Parish,9602.46337890625,41.08790767346475,0.0,239791752.50683177,239791752.50683177,5836066.280437376
SVN-971,SVN,Slovenia,Mislinja,Commune|Municipality,4205.333385467529,115.18300277652348,34854193.107333206,203148052.35301495,238002245.46034816,2066296.5865034524
SLB-1262,SLB,Solomon Islands,Central,Province,13677.960594654083,559.6822107689508,137940790.02143386,99751749.59653255,237692539.6179664,424691.9681284835
LVA-5762,LVA,Latvia,Incukalna,Municipality,6246.105850219727,109.87825176641013,23837280.64825515,212169207.3717137,236006488.01996884,2147890.8175722924
CPV-5045,CPV,Cape Verde,Tarrafal,,35531.80294799805,134.41398304342187,0.0,235153152.17918193,235153152.17918193,1749469.4142291483
LVA-5783,LVA,Latvia,Beverinas,Municipality,5017.123377799988,293.92641234192826,63765178.89840667,170422838.78626102,234188017.6846677,796757.31016726
DJI-1568,DJI,Djibouti,Arta,Region,29692.77073636651,1719.847616439882,51803192.55415619,181969928.89114422,233773121.4453004,135926.64792548036
BTN-2487,BTN,Bhutan,Wangdi Phodrang,District,48281.320282161236,4051.1170212079755,0.0,232496592.05466822,232496592.05466822,57390.73713188902
LVA-5748,LVA,Latvia,Aglonas,Municipality,3984.8366565704346,442.6062301375332,96020174.64642528,135357878.2051151,231378052.8515404,522762.7563661794
KHM-1798,KHM,Cambodia,Kep,Province,34816.135009765625,133.73604541329982,87551120.47011355,142922090.6558779,230473211.12599143,1723343.9976016465
MLT-5967,MLT,Malta,Għaxaq,,5226.798877930877,3.4148968197817138,2519591.9135486702,227534304.69581875,230053896.60936743,67367744.54698543
LVA-5739,LVA,Latvia,Tervetes,Municipality,5205.255002975464,243.14196188675928,52747864.92948037,176813338.52356997,229561203.45305035,944144.736151985
SVN-1030,SVN,Slovenia,Komen,Commune|Municipality,4050.8886108398438,109.80497536759185,33226810.582750864,195687251.44002703,228914062.0227779,2084733.0574634438
SUR-70,SUR,Suriname,Commewijne,District,21392.459877776448,2111.200968460314,23969300.849097963,204177000.0461881,228146300.89528605,108064.7007573475
TLS-542,TLS,East Timor,Liquica,District|Regencies,62520.81637573242,538.261684514973,0.0,227927638.77329674,227927638.77329674,423451.3533666846
MLT-5985,MLT,Malta,Sannat,,5165.516861361336,3.374858592105354,2490050.7590101785,224866560.7561422,227356611.51515236,67367744.54698542
LCA-5083,LCA,Saint Lucia,Micoud,Quarter,10500.891235351562,34.92063957279001,20898820.462221555,206270361.15709397,227169181.61931553,6505298.425184762
LVA-5782,LVA,Latvia,Apes,Municipality,3518.048762202263,491.596994581332,106648361.59375702,119501916.11710115,226150277.71085817,460031.85577539745
MKD-2999,MKD,Macedonia,Novo Selo,Statistical Region,11972.228541851044,217.0521122092746,90199063.49415083,135030741.55774948,225229805.05190033,1037676.1725992376
SMR-4884,SMR,San Marino,San Marino,,2956.9443359375,8.147308526000161,0.0,223044214.8432948,223044214.8432948,27376429.176764723
TLS-553,TLS,East Timor,Lautém,District|Regencies,61060.20865987241,1865.7571857682105,0.0,222602806.3870829,222602806.3870829,119309.63368924557
MLT-5935,MLT,Malta,San Giljan,,5050.4496898215975,3.299680165054822,2434582.331451088,219857428.11471686,222292010.44616795,67367744.54698542
MKD-2963,MKD,Macedonia,Jegunovce,Municipality,12919.343399524689,183.70198569391803,76339948.5172081,145712931.68843183,222052880.20563993,1208766.902365561
BTN-2490,BTN,Bhutan,Mongar,District,46061.599907590076,1977.504693400664,0.0,221807625.40284318,221807625.40284318,112165.41034924488
LVA-5730,LVA,Latvia,Aizkraukles,Municipality,5889.954696655273,90.80924204469919,19700398.880359326,200071380.37865475,219771779.25901407,2420147.7108556353
SUR-66,SUR,Suriname,Brokopondo,District,13887.738955427893,7666.45830247639,87040337.81925377,132549360.54780526,219589698.36705905,28642.913024926784
TLS-543,TLS,East Timor,Ambeno,District|Regencies,60171.79076099396,739.4020020515369,0.0,219363965.21907315,219363965.21907315,296677.53753766994
TTO-50,TTO,Trinidad and Tobago,Eastern Tobago,Region,6231.332679748535,150.7583127538104,40950037.38598503,176548991.97954595,217499029.36553097,1442700.076649894
MKD-2995,MKD,Macedonia,Vasilevo,Statistical Region,11087.926532745361,218.16753205328757,90662591.92660283,125056996.43309402,215719588.35969687,988779.5233756745
LVA-5745,LVA,Latvia,Ciblas,Municipality,3160.4485234618187,499.2559721683938,108309920.59461927,107354866.25453334,215664786.84915262,431972.3726337542
AFG-1761,AFG,Afghanistan,Nuristan,Province,216988.0668244362,8879.932860427665,0.0,215156359.64420974,215156359.64420974,24229.502973274466
LIE-4899,LIE,Liechtenstein,Schellenberg,,811.8745339662064,2.6224048812009144,0.0,214798388.32067883,214798388.32067883,81908933.99432403
MWI-5509,MWI,Malawi,Likoma,District,11825.460083007812,199.47452642333764,200106535.82858425,13712531.115189172,213819066.94377342,1071911.6409380157
SVN-959,SVN,Slovenia,Kungota,Commune|Municipality,4105.4034423828125,50.17921905884828,15184151.731532596,198320712.53269035,213504864.26422295,4254846.294316229
DJI-1570,DJI,Djibouti,Obock,Region,12056.515682518482,4619.706620475115,139149276.55019253,73887456.34087372,213036732.89106625,46114.775329424796
DMA-1434,DMA,Dominica,Saint George,Parish,9263.327941894531,53.52937079384292,0.0,212696424.91277158,212696424.91277158,3973452.7374126436
MLT-5984,MLT,Malta,Munxar,,4813.044582458658,3.1445730019388436,2320140.585610734,209522650.11835235,211842790.7039631,67367744.54698542
GRD-5071,GRD,Grenada,Saint David,Parish,8468.814453125,41.125847291330125,0.0,211482385.22117004,211482385.22117004,5142322.873570397
LVA-5758,LVA,Latvia,Carnikavas,Municipality,5629.930833816528,93.29665331056475,20240024.506712757,191238828.03337437,211478852.54008713,2266735.6763175516
SVN-242,SVN,Slovenia,Mirna Pec,Commune|Municipality,4056.592498779297,50.64741131486546,15325825.962184852,195962790.5280204,211288616.49020526,4171755.4955901606
SVN-272,SVN,Slovenia,Markovci,Commune|Municipality,4193.9439697265625,27.422138372355548,8297895.376980898,202597861.10463214,210895756.48161304,7690711.556405045
LVA-5795,LVA,Latvia,Strencu,Municipality,3636.1714557632804,399.6036286394099,86691075.72068858,123514335.83371088,210205411.55439946,526034.7917012596
BRB-1993,BRB,Barbados,Saint John,Parish,4264.916015625,31.225284598000762,0.0,209794592.47734663,209794592.47734663,6718740.763399767
LVA-5757,LVA,Latvia,Baldones,Municipality,4966.673688650131,187.94831682879877,40774008.53755526,168709151.76017615,209483160.2977314,1114578.5385699868
SUR-71,SUR,Suriname,Coronie,District,17394.817893632688,3779.9779245947934,42915586.6405452,166022129.01945305,208937715.65999824,55274.85076050966
BTN-2436,BTN,Bhutan,Paro,District,42957.35085442662,1258.3273797457198,0.0,206859249.4775043,206859249.4775043,164392.23433197965
BTN-2492,BTN,Bhutan,Samdrup Jongkhar,District,42938.74590346217,2178.4665796533604,0.0,206769658.14758003,206769658.14758003,94915.23077690795
SVN-244,SVN,Slovenia,Polzela,Commune|Municipality,4031.54931640625,33.963968846584365,10277442.85471588,194753023.48757914,205030466.34229502,6036705.1703651
TLS-545,TLS,East Timor,Ainaro,District|Regencies,56126.385723114014,848.7726785939416,0.0,204615923.3409208,204615923.3409208,241072.7023870315
LVA-5719,LVA,Latvia,Pavilostas,Municipality,2672.8566091135144,519.1309188813389,112621644.4803684,90792228.27354282,203413872.75391123,391835.40289266966
KNA-5104,KNA,Saint Kitts and Nevis,Saint John Capesterre,Parish,4151.40771484375,21.242935985340708,0.0,202789231.71038225,202789231.71038225,9546196.055494528
MKD-2919,MKD,Macedonia,Aračinovo,Statistical Region,16640.310180664062,33.75920962292157,14029115.226274842,187680465.3027975,201709580.52907234,5974949.733186796
LVA-5796,LVA,Latvia,Rujienas,Municipality,3908.6619255542755,314.6952248097695,68270820.4022357,132770356.84556541,201041177.24780113,638844.0668883004
LVA-5791,LVA,Latvia,Mazsalacas,Municipality,3125.543023553677,436.6728806575924,94732978.00410697,106169187.94135468,200902165.94546163,460074.7489583507
AFG-1769,AFG,Afghanistan,Parwan,Province,202563.25780200958,3688.408630894998,0.0,200853317.80763096,200853317.80763096,54455.278117840644
SVN-1003,SVN,Slovenia,Vodice,Commune|Municipality,3962.9091796875,31.004952525664496,9382049.230908457,191437207.87689638,200819257.10780483,6477005.792593159
SYC-5212,SYC,Seychelles,La Digue and Inner Islands,,5603.365613461095,41.05770427048192,0.0,200650836.8444533,200650836.8444533,4887044.719368528
BRB-1994,BRB,Barbados,Saint Joseph,Parish,4069.695556640625,25.224327110476196,0.0,200191543.6750209,200191543.6750209,7936447.335075873
MKD-2950,MKD,Macedonia,Zajas,Statistical Region,11929.900257825851,156.76562670134442,65146165.0043814,134553335.06982547,199699500.0742069,1273873.005685463
KNA-5109,KNA,Saint Kitts and Nevis,Saint Peter Basseterre,Parish,4080.6717529296875,15.008522718200169,0.0,199333899.8431803,199333899.8431803,13281380.425367044
VCT-5066,VCT,Saint Vincent and the Grenadines,Saint David,Parish,4959.989267349243,91.86790776543354,0.0,199169373.2068814,199169373.2068814,2167997.269682258
SVN-930,SVN,Slovenia,Radenci,Commune|Municipality,3864.7523193359375,38.644920262678234,11693891.294587893,186695520.79106027,198389412.08564815,5133647.856876158
MKD-2961,MKD,Macedonia,Brvenica,Statistical Region,11538.951553344727,160.67963013104884,66772684.27792732,130143956.03963152,196916640.31755883,1225523.36072068
VUT-564,VUT,Vanuatu,Penama,Province,22714.917234420776,1214.4248075193973,0.0,196478636.7706949,196478636.7706949,161787.40384266785
LVA-5727,LVA,Latvia,Salas,Municipality,3692.8820489645004,322.8457682358772,70039021.00572686,125440694.73597944,195479715.7417063,605489.4781798259
MKD-2933,MKD,Macedonia,Ilinden,Statistical Region,13779.993194580078,95.1021402798434,39521034.38302635,155419911.44091544,194940945.82394177,2049806.084808576
MKD-2901,MKD,Macedonia,Skopje,Statistical Region,10003.368301391602,197.28758734185166,81985636.70321712,112824628.68883303,194810265.39205015,987443.0926791714
LVA-5741,LVA,Latvia,Rugaju,Municipality,2292.3281742930412,538.0844166073846,116733466.76820657,77866347.99960887,194599814.76781544,361652.94656694354
SVN-957,SVN,Slovenia,Kozje,Commune|Municipality,3448.5286407470703,91.08881206847816,27563329.390813664,166588903.3369639,194152232.72777754,2131460.805327212
FJI-2618,FJI,Fiji,Eastern,Division,18581.39918589592,1405.983660899589,0.0,193997437.65650156,193997437.65650156,137979.86637510167
MKD-2997,MKD,Macedonia,Bosilovo,Statistical Region,11350.264416694641,158.42710778953378,65836616.88085718,128015817.24782641,193852434.1286836,1223606.4700885117
LVA-5769,LVA,Latvia,Lielvardes,Municipality,4425.326751708984,197.33966067725024,42811391.69009863,150320550.40148035,193131942.09157896,978677.785442466
SVN-235,SVN,Slovenia,Lovrenc na Pohorju,Commune|Municipality,3408.3975410461426,93.52551750671468,28300672.573772382,164650280.64150742,192950953.2152798,2063083.513025489
SVN-1015,SVN,Slovenia,Naklo,Commune|Municipality,3821.23193359375,26.282207024320616,7952953.967434574,184593171.03878388,192546125.00621846,7326101.831099768
LVA-5799,LVA,Latvia,Raunas,Municipality,3548.3347306251526,328.82168386342715,71335452.06150152,120530677.08735324,191866129.14885476,583495.9753704822
VUT-563,VUT,Vanuatu,Malampa,Province,22061.41524195671,2852.238802366836,0.0,190825999.81493685,190825999.81493685,66903.93513214469
VCT-5064,VCT,Saint Vincent and the Grenadines,Grenadines,Parish,4736.751235961914,38.222766460874944,0.0,190205204.86078453,190205204.86078453,4976228.108854437
GRC-2992,GRC,Greece,Ayion Oros,Autonomous Monastic State,1422.3084310640115,334.90764022237767,136366268.4027954,53545409.08108819,189911677.4838836,567056.8678510374
LVA-5786,LVA,Latvia,Erglu,Municipality,2980.5214014053345,405.71307769750143,88016475.87461117,101243059.02826692,189259534.9028781,466486.1580922208
SVN-266,SVN,Slovenia,Križevci,Commune|Municipality,3588.2987670898438,52.49776428753005,15885739.823356777,173340812.48209637,189226552.30545315,3604468.7783094924
MUS-5190,MUS,Mauritius,Port Louis city,City,9365.941007224004,15.288199903641813,22571130.321956348,166622822.03582415,189193952.3577805,12375162.121782072
MDV-5238,MDV,Maldives,Thaa,Atoll,387.6596319763764,5.061344267531151,13313180.939242993,175865887.02569425,189179067.96493724,37377237.73870375
SUR-67,SUR,Suriname,Marowijne,District,14339.681964611635,4597.803653755247,52200686.08736667,136862860.17964727,189063546.26701394,41120.404546330865
SMR-4891,SMR,San Marino,Chiesanuova,,2501.9924499164244,5.804837141096047,0.0,188726901.19766122,188726901.19766122,32512006.213153902
SLB-1261,SLB,Solomon Islands,Rennell and Bellona,Province,3225.830144762993,669.6428990366896,165041998.38414565,23525597.88533901,188567596.26948467,281594.25947881676
MLT-5982,MLT,Malta,Victoria,,4281.710030822206,2.7974288487010694,2064009.391172623,186392462.67648855,188456472.06766117,67367744.54698542
LVA-1080,LVA,Latvia,Cesu,Municipality,4440.03111076355,172.55574113399373,37434702.16128886,150820031.56307584,188254733.7243647,1090979.2539338365
TLS-551,TLS,East Timor,Manufahi,District|Regencies,51367.10619497299,1292.2514889420577,0.0,187265360.63246056,187265360.63246056,144914.02194921923
SVN-965,SVN,Slovenia,Loški Potok,Commune|Municipality,2876.710173085332,154.17018633703347,46651652.73048192,138965930.94519165,185617583.67567357,1203978.460983971
NLD-5147,NLD,Netherlands,Saba,Special Municipality,1702.7373046875,7.064307273972283,7488150.480419375,177488499.72599915,184976650.2064185,26184683.51284011
SVN-263,SVN,Slovenia,Črenšovci,Commune|Municipality,3638.2296142578125,29.759889607715554,9005295.175823022,175752833.93788904,184758129.11371207,6208293.496687287
SVN-234,SVN,Slovenia,Selnica ob Dravi,Commune|Municipality,3434.81982421875,61.183883405380804,18514145.62793765,165926668.2363136,184440813.86425126,3014532.644850566
LVA-5746,LVA,Latvia,Zilupes,Municipality,3347.845299720764,318.2359012513103,69038944.18164474,113720404.46927173,182759348.65091646,574288.9093666141
SVN-200,SVN,Slovenia,Sveta Ana,Commune|Municipality,3526.9048461914062,39.68507332567925,12008639.954069886,170375041.56368774,182383681.51775762,4595775.344069771
CPV-5061,CPV,Cape Verde,Ribeira Grande,,27516.538818359375,161.13846824089262,0.0,182107303.9740754,182107303.9740754,1130129.2978771252
MKD-2945,MKD,Macedonia,Mogila,Statistical Region,6846.903919219971,252.36219885311377,104872667.51833469,77223927.88903353,182096595.4073682,721568.4291661949
MLT-5937,MLT,Malta,San Ġwann,,4128.127871350512,2.6970868917588278,1989974.7140963527,179706686.03093526,181696660.74503163,67367744.54698542
MKD-2927,MKD,Macedonia,Demir Kapija,Statistical Region,4400.270698666573,313.6362683865592,130335970.46497191,49629174.16909901,179965144.63407093,573802.0846883131
MNE-1512,MNE,Montenegro,Kolašin,Municipality,7017.164944514632,856.3497724466504,67211162.31415443,112352651.96686104,179563814.28101546,209685.13107440813
MLT-5957,MLT,Malta,Marsa,,4066.19626808525,2.656624260620006,1960120.4246116136,177010664.12216097,178970784.5467726,67367744.54698543
SVN-259,SVN,Slovenia,Žirovnica,Commune|Municipality,3430.5029907226562,42.23983788643791,12781707.639388146,165718133.92127112,178499841.56065926,4225864.740308835
SVN-1032,SVN,Slovenia,Miren-Kostanjevica,Commune|Municipality,3256.523468017578,68.8273359745978,20827042.19628905,157313663.22960576,178140705.42589483,2588226.071856703
AZE-4838,AZE,Azerbaijan,Stepanakert,District,20640.15234375,22.87175787205279,8106952.635024985,167718627.68850976,175825580.32353476,7687453.7281796625
SYC-5204,SYC,Seychelles,Baie Sainte Anne,,4909.48193359375,23.466445285626545,0.0,175803566.35694128,175803566.35694128,7491699.923746989
LVA-5720,LVA,Latvia,Durbes,Municipality,3016.4024238586426,337.4026017074125,73197019.23770253,102461874.12300907,175658893.3607116,520621.03988468595
MLT-5987,MLT,Malta,Għajnsielem,,3968.9549006193947,2.5930922127517646,1913244.9719968433,172777528.8034412,174690773.77543804,67367744.54698542
MKD-2953,MKD,Macedonia,Drugovo,Statistical Region,2062.893942594528,363.95993905907727,151248680.87376395,23266687.38821628,174515368.26198024,479490.5964462568
SVN-946,SVN,Slovenia,Dol pri Ljubljani,Commune|Municipality,3390.142578125,34.549831941937114,10454724.093854113,163768433.75250164,174223157.84635574,5042662.961115044
MKD-2942,MKD,Macedonia,Kruševo,Statistical Region,8529.00636100769,187.73547535472116,78016121.9776488,96195795.93320797,174211917.91085678,927964.8270082574
MKD-3006,MKD,Macedonia,Makedonska Kamenica,Statistical Region,7598.114130854607,211.03531948562818,87698700.50119333,85696575.36549872,173395275.86669207,821641.0233572326
LVA-5800,LVA,Latvia,Varaklanu,Municipality,3229.9569331407547,289.814048310941,62873031.690396585,109715944.42722061,172588976.1176172,595516.2530025003
LVA-5780,LVA,Latvia,Stopinu,Municipality,4801.793212890625,36.051182859015604,7821039.647944491,163108452.58987072,170929492.2378152,4741300.525596195
SVN-1042,SVN,Slovenia,Juršinci,Commune|Municipality,3296.0171508789062,36.0430132923068,10906558.391237626,159221494.0763234,170128052.467561,4720139.547929361
LVA-5722,LVA,Latvia,Rojas,Municipality,3499.580840200186,234.710919547226,50918812.144475885,118874593.35521658,169793405.49969247,723415.0240101141
SVN-974,SVN,Slovenia,Muta,Commune|Municipality,3338.2100830078125,27.706394187417736,8383910.733684894,161259718.20729733,169643628.94098222,6122905.340674833
LVA-5770,LVA,Latvia,Malpils,Municipality,3530.024932861328,227.57617201498914,49370981.00822943,119908725.52715828,169279706.5353877,743837.5689184113
DMA-1432,DMA,Dominica,Saint Andrew,Parish,7350.283247232437,198.26831380389876,0.0,168770767.76176786,168770767.76176786,851224.103961937
MKD-2934,MKD,Macedonia,Karbinci,Statistical Region,6501.905757904053,229.18410987624787,95240686.0645828,73332809.5900718,168573495.6546546,735537.4495451666
AZE-2415,AZE,Azerbaijan,Sədərək,District,17672.647827148438,63.92706957844997,22659112.083452906,143605153.2870198,166264265.3704727,2600842.9053116012
LVA-5717,LVA,Latvia,Nicas,Municipality,2827.9762022793293,323.45902226938983,70172061.96943451,96061367.465069,166233429.4345035,513924.2314782536
SVN-249,SVN,Slovenia,Dolenjske Toplice,Statistical Region,2754.7456092834473,107.31059364766246,32472014.64885339,133074159.39669566,165546174.04554904,1542682.4921786753
SMR-4890,SMR,San Marino,Fiorentino,,2172.21251144838,5.039719390532244,0.0,163851388.1375365,163851388.1375365,32512006.2131539
LVA-5734,LVA,Latvia,Aknistes,Municipality,2939.3685491085052,294.40704222342777,63869448.02527263,99845169.16500175,163714617.1902744,556082.5446085291
MKD-2909,MKD,Macedonia,Sopište,Statistical Region,6606.490386724472,214.049251853259,88951182.56288777,74512384.46502484,163463567.02791262,763672.6856675711
SVN-202,SVN,Slovenia,Grad,Commune|Municipality,3102.8968505859375,38.65356205959421,11696506.288564809,149892385.23327163,161588891.52183643,4180439.8588856165
MKD-2930,MKD,Macedonia,Gradsko,Statistical Region,3900.8259394168854,282.25389915808665,117294584.75430603,43996104.60541109,161290689.35971713,571438.3037429019
MLT-5958,MLT,Malta,Paola,,3650.824726803113,2.385243825198753,1759889.499149446,158928607.1991145,160688496.69826394,67367744.54698543
SVN-931,SVN,Slovenia,Rogašovci,Commune|Municipality,3028.5436401367188,46.82874142213588,14170302.53732165,146300586.79437724,160470889.3316989,3426760.670015456
MLT-5939,MLT,Malta,Birkirkara,,3598.0681618208337,2.3507756487511617,1734458.0605920518,156631995.33175015,158366453.3923422,67367744.54698543
MLT-5969,MLT,Malta,Mqabba,,3589.0594341153997,2.3448898520503434,1730115.3801086275,156239825.16363734,157969940.54374596,67367744.54698542
SVN-228,SVN,Slovenia,Miklavž na Dravskem polju,Commune|Municipality,3172.314453125,10.9649982587591,3317991.0014488436,153245758.07252356,156563749.0739724,14278501.95497346
SVN-949,SVN,Slovenia,Gornji Grad,Commune|Municipality,2653.5706329345703,92.61173774285929,28024164.273248367,128186675.45471762,156210839.72796598,1686728.3082592888
LVA-5738,LVA,Latvia,Rundales,Municipality,3156.3527069091797,223.56466492296394,48500713.973235495,107215738.58485371,155716452.5580892,696516.3864859685
WSM-4987,WSM,Samoa,Atua,,15225.600586652756,267.47312493562566,0.0,155123700.29394934,155123700.29394934,579959.9504858063
MDA-1630,MDA,Moldova,Basarabeasca,District,13522.129601851106,458.1914474308045,56275638.53694857,98527915.34294485,154803553.87989342,337857.798847875
LVA-5718,LVA,Latvia,Rucavas,Municipality,1806.9026408195496,428.104454592528,92874120.82770254,61377298.15882865,154251418.9865312,360312.5763625807
SVN-5884,SVN,Slovenia,Apace,Commune|Municipality,2840.4754028320312,54.621378590588414,16528342.12769067,137215529.1744653,153743871.30215597,2814719.717247249
LVA-5713,LVA,Latvia,Vainodes,Municipality,2459.823857765645,321.9967478568204,69854832.26294735,83555881.16679266,153410713.42974,476435.5989643594
MKD-4846,MKD,Macedonia,Rankovce,Statistical Region,3618.467483520508,270.16445966331736,112270647.83197832,40811478.48910292,153082126.32108125,566625.7009225206
SVN-241,SVN,Slovenia,Vransko,Commune|Municipality,2812.798141479492,55.685154802410956,16850239.11436488,135878517.04656512,152728756.16093,2742719.4321872913
MUS-5181,MUS,Mauritius,Beau Bassin-Rose Hill,City,7540.848751656516,12.309067830934644,18172811.443134286,134153898.53269435,152326709.97582865,12375162.121782074
SVN-970,SVN,Slovenia,Mežica,Commune|Municipality,2945.239013671875,32.04014998603762,9695298.332931519,142276370.1468196,151971668.4797511,4743163.454165382
MDV-5229,MDV,Maldives,Lhaviyani,Atoll,311.3717278319872,4.065317561436822,10693267.521454446,141257073.45569703,151950340.97715148,37377237.73870375
TON-4946,TON,Tonga,Vava'u,,7438.833679199219,131.28669302405336,0.0,149940084.4072246,149940084.4072246,1142081.35610327
SVN-963,SVN,Slovenia,Ljubno,Commune|Municipality,2617.724769592285,77.5392996693029,23463268.528645243,126455060.70377725,149918329.2324225,1933449.616798303
WSM-4989,WSM,Samoa,Fa'asaleleaga,,14678.235734462738,231.36771372955906,0.0,149546957.30773175,149546957.30773175,646360.526700515
TLS-550,TLS,East Timor,Manatuto,District|Regencies,40880.60481238365,1758.4718317322354,0.0,149035477.56819773,149035477.56819773,84752.83759387028
SVN-1050,SVN,Slovenia,Zavrc,Commune|Municipality,2997.603759765625,12.494534749742765,3780826.306453787,144805966.54402006,148586792.85047385,11892142.911006184
DMA-1435,DMA,Dominica,Saint John,Parish,6468.496879577637,65.05039905062304,0.0,148523961.310194,148523961.310194,2283213.6847402086
DMA-1440,DMA,Dominica,Saint Paul,Parish,6455.312927246094,61.72478312498418,0.0,148221242.94107985,148221242.94107985,2401324.6452555736
MKD-2921,MKD,Macedonia,Butel,Municipality,10905.032836914062,59.22576069773584,24612099.349274106,122994199.9129635,147606299.2622376,2492265.1481938753
MNE-1513,MNE,Montenegro,Mojkovac,Municipality,7376.656977891922,372.7626031194694,29256512.50111147,118108521.12916012,147365033.63027158,395332.12934195943
MKD-2951,MKD,Macedonia,Centar župa,Statistical Region,7549.6124267578125,148.55625558013983,61734645.1648756,85149540.94762817,146884186.11250377,988744.5368011846
MKD-3007,MKD,Macedonia,Pehčevo,Statistical Region,5161.895827651024,213.13359409149743,88570668.0783643,58219287.99763827,146789956.07600257,688722.7548604384
BHS-5033,BHS,The Bahamas,Long Island,District,1725.296732135117,458.9686077514272,0.0,146589025.1740467,146589025.1740467,319387.9117184368
MLT-5950,MLT,Malta,Kalkara,,3327.0005389132307,2.1736752886585986,1603789.2120953926,144831812.3623519,146435601.57444727,67367744.54698542
LVA-5776,LVA,Latvia,Saulkrastu,Municipality,3942.713635444641,56.82509490165307,12327787.467114815,133927033.41659026,146254820.88370508,2573771.6960583637
SVN-1048,SVN,Slovenia,Sveti Jurij,Commune|Municipality,2668.6669311523438,52.9088093794256,16010121.413204242,128915935.96739872,144926057.38060296,2739166.8623894546
SVN-250,SVN,Slovenia,Horjul,Commune|Municipality,2797.5328369140625,32.14567677786753,9727230.571992634,135141092.3035568,144868322.87554944,4506619.159914283
SVN-1049,SVN,Slovenia,Turnišče,Commune|Municipality,2823.078857421875,22.56431312753044,6827925.198365948,136375150.06684047,143203075.26520643,6346440.702885218
LVA-5790,LVA,Latvia,Lubanas,Municipality,2174.093178629875,319.5767582604515,69329833.27318242,73850113.57851441,143179946.85169685,448029.9119093222
LIE-4896,LIE,Liechtenstein,Schaan,,533.2228240966797,24.8942921403708,0.0,141075250.47279665,141075250.47279665,5666971.757112807
LVA-5792,LVA,Latvia,Nauksenu,Municipality,2478.5470008850098,259.2569675132448,56243897.17964197,84191873.34022069,140435770.51986265,541685.6174277675
MKD-2996,MKD,Macedonia,Bogdanci,Statistical Region,8487.933692932129,105.16620055898113,43703296.43469284,95732551.11553589,139435847.55022871,1325861.7959867048
LVA-5731,LVA,Latvia,Skriveru,Municipality,3418.299736022949,106.72756801806347,23153762.922628257,116113617.49903966,139267380.42166793,1304886.6661900997
CPV-5055,CPV,Cape Verde,Boa Vista,,20968.416316330433,635.5727328483072,0.0,138771151.0222789,138771151.0222789,218340.3155141326
BHS-5029,BHS,The Bahamas,South Eleuthera,District,1626.7170221805573,230.30929194981775,0.0,138213246.49492294,138213246.49492294,600120.1485393752
KNA-5102,KNA,Saint Kitts and Nevis,Saint George Gingerland,Parish,2823.0810546875,16.93725252649612,0.0,137902725.40305308,137902725.40305308,8141977.288661326
MKD-2925,MKD,Macedonia,Češinovo-Obleševo,Statistical Region,7149.0607833862305,136.77276840758813,56837851.040915504,80631853.59747694,137469704.63839245,1005095.5774231857
MKD-2956,MKD,Macedonia,Oslomej,Statistical Region,7909.659811496735,114.75702106545913,47688897.03087928,89210394.37915714,136899291.4100364,1192949.1558686157
LVA-5785,LVA,Latvia,Cesvaines,Municipality,2711.145037651062,196.1633815938483,42556206.57219801,92092818.71006805,134649025.28226605,686412.6433191986
MLT-5971,MLT,Malta,Safi,,3023.414410233539,1.9753291633206895,1457444.7338112576,131616025.7369874,133073470.47079866,67367744.54698542
MLT-5932,MLT,Malta,Għargħur,,2993.3041557006477,1.9556568141738073,1442930.007760425,130305258.67107196,131748188.67883238,67367744.54698542
MKD-2932,MKD,Macedonia,Konče,Statistical Region,3147.8732601702213,229.35310605395344,95310914.80738552,35503804.422436826,130814719.22982234,570363.8441201195
GBR-5988,GBR,United Kingdom,Isles of Scilly,Unitary Single-Tier County,1611.0357778862083,6.012206135994915,1444326.9612114683,129245154.75657094,130689481.71778241,21737358.760097735
KNA-5110,KNA,Saint Kitts and Nevis,Saint Thomas Lowland,Parish,2662.712890625,17.958718577702022,0.0,130069012.35560721,130069012.35560721,7242666.663149565
LVA-5763,LVA,Latvia,Jaunpils,Municipality,2441.13494682312,214.64271597848258,46565162.601603456,82921051.80007987,129486214.40168333,603263.9580215898
CPV-5044,CPV,Cape Verde,Santa Catarina do Fogo,,19489.93231201172,70.71824643779092,0.0,128986390.74510211,128986390.74510211,1823947.8103938594
LVA-5789,LVA,Latvia,Ligatnes,Municipality,2599.147108078003,185.78184605938986,40304008.59747223,88288446.43162626,128592455.02909848,692169.1099354812
ISL-709,ISL,Iceland,Höfuðborgarsvæði,Region,888.6844195444137,617.8371717694272,4394225.063481427,123377979.27453439,127772204.33801581,206805.62804612145
LVA-5787,LVA,Latvia,Jaunpiebalgas,Municipality,2103.9347262978554,253.80223730282998,55060533.47667193,71466954.60256028,126527488.07923222,498527.86730269453
MHL-4968,MHL,Marshall Islands,Railik Chain,,410.5093536376953,81.47920506249973,0.0,125695502.32158215,125695502.32158215,1542669.7183062318
SVN-1005,SVN,Slovenia,Vuzenica,Commune|Municipality,2258.1793823242188,50.66664349598709,15331645.58954766,109086415.11471944,124418060.7042671,2455620.7421579305
MKD-2917,MKD,Macedonia,Zelenikovo,Statistical Region,4507.008520364761,172.7496107890197,71788534.8064483,50833034.18277838,122621568.98922667,709822.5485380992
SVN-239,SVN,Slovenia,Dobrna,Commune|Municipality,2316.6580810546875,33.68212564547895,10192157.55115094,111911359.6939737,122103517.24512464,3625172.5479064067
MDV-5226,MDV,Maldives,Raa,Atoll,248.2989555991396,3.241829666784239,8527194.090505278,112643444.07327199,121170638.16377726,37377237.73870375
SVN-214,SVN,Slovenia,Podvelka,Commune|Municipality,1922.1970520019531,93.515158102334,28297537.83451348,92856035.79072502,121153573.62523851,1295550.1127705916
SMR-4888,SMR,San Marino,Faetano,,1603.0012922910394,3.7191005268728174,0.0,120915419.437033,120915419.437033,32512006.213153902
SVN-1002,SVN,Slovenia,Vitanje,Commune|Municipality,2107.741668701172,62.39081049748939,18879359.8428895,101819184.26244661,120698544.10533611,1934556.4377656712
SVN-211,SVN,Slovenia,Majšperk,Commune|Municipality,2050.7291870117188,69.5945908621732,21059212.30272379,99065068.58280788,120124280.88553168,1726057.7208281702
LVA-5777,LVA,Latvia,Sejas,Municipality,2133.312446549535,218.5861460997446,47420660.83720645,72464863.9831654,119885524.82037185,548458.9346557491
MNP-4938,MNP,Northern Mariana Islands,Tinian,,3136.0440098047256,109.966042406922,0.0,119694957.38718663,119694957.38718663,1088471.9934201455
CPV-5056,CPV,Cape Verde,Sal,,18076.589565753937,199.18561026930266,0.0,119632742.06089355,119632742.06089355,600609.3607823771
MDV-5225,MDV,Maldives,Shaviyani,Atoll,241.31874539676625,3.1506949599956364,8287476.581244966,109476797.98064764,117764274.5618926,37377237.73870375
BTN-2434,BTN,Bhutan,Daga,District,24166.074854686856,1397.3380357966093,0.0,116370679.47225575,116370679.47225575,83280.2632513427
LVA-5751,LVA,Latvia,Varkavas,Municipality,1671.8184781074524,272.6739455229243,59154612.131205924,56788727.228656374,115943339.3598623,425208.72002460784
MDV-5232,MDV,Maldives,Alifu Dhaalu,Atoll,237.29960919349702,3.098220494498328,8149449.603246788,107653474.38654152,115802923.98978831,37377237.73870375
VCT-5065,VCT,Saint Vincent and the Grenadines,Saint Andrew,Parish,2878.91015625,33.661385253187724,0.0,115603220.17504558,115603220.17504558,3434297.7659868584
KNA-5111,KNA,Saint Kitts and Nevis,Saint Thomas Middle Island,Parish,2356.189552307129,29.670390610353508,0.0,115095866.72683048,115095866.72683048,3879149.022280404
STP-4862,STP,Sao Tome and Principe,Príncipe,,7416.275577545166,156.26686235066416,79296946.28224076,35257119.4075048,114554065.68974556,733066.9085342308
PLW-5252,PLW,Palau,Ngarchelong,,894.0879516601562,13.353913599988003,0.0,114244537.0843342,114244537.0843342,8555135.258957855
BMU-5135,BMU,Bermuda,City of Saint George,,528.5236402276845,0.7778303483434367,0.0,113207039.12097308,113207039.12097308,145542070.14688066
LCA-5078,LCA,Saint Lucia,Choiseul,Quarter,4602.474670410156,37.62432979110089,22516887.51795702,90407003.67277884,112923891.19073586,3001352.8963230923
MLT-5960,MLT,Malta,Tarxien,,2549.6840303337476,1.6658203405143694,1229081.7793004913,110993477.38164382,112222559.16094431,67367744.54698542
GRD-5073,GRD,Grenada,Saint John,Parish,4444.579345703125,48.487251126633794,0.0,110989589.6924748,110989589.6924748,2289046.854865088
BTN-2481,BTN,Bhutan,Chirang,District,22880.3786739707,638.2070338471464,0.0,110179465.58897153,110179465.58897153,172639.0649830413
MLT-5931,MLT,Malta,Iklin,,2496.614758029132,1.631147858665804,1203499.599369827,108683252.66159032,109886752.26096015,67367744.54698542
MDV-5230,MDV,Maldives,Kaafu,Atoll,224.14387508857197,2.9264571900302885,7697649.482521011,101685236.64138001,109382886.12390102,37377237.73870375
BTN-2485,BTN,Bhutan,Shemgang,District,22686.513096868992,2107.6584879556613,0.0,109245914.35778219,109245914.35778219,51832.834864886514
KNA-5099,KNA,Saint Kitts and Nevis,Christ Church Nichola Town,Parish,2235.9998400767963,21.211999871768153,0.0,109224802.96319859,109224802.96319859,5149198.737671594
MNE-1515,MNE,Montenegro,Plužine,Municipality,2494.057272349717,879.1887039613592,69003690.53393927,39932643.86991099,108936334.40385026,123905.52097975778
BHS-5027,BHS,The Bahamas,North Eleuthera,District,1278.7479070425034,178.39620362250818,0.0,108648214.33049165,108648214.33049165,609027.614513561
MNE-1497,MNE,Montenegro,Ulcinj,Municipality,5326.0933957099915,296.51550265950084,23272209.813254043,85276706.81290966,108548916.6261637,366081.7584664848
BHS-5028,BHS,The Bahamas,Central Eleuthera,District,1277.4435596466064,138.9131859728262,0.0,108537391.06763402,108537391.06763402,781332.5301520749
MKD-2907,MKD,Macedonia,Rosoman,Statistical Region,4598.975399017334,133.4713659169073,55465906.719131835,51870297.69473004,107336204.41386187,804189.000962829
SVN-248,SVN,Slovenia,Sodražica,Commune|Municipality,1852.8803405761719,51.83166377882971,15684178.870790027,89507536.72277352,105191715.59356356,2029487.5356968264
PYF-4966,PYF,French Polynesia,Austral Islands,,2115.559898376465,111.86863881940255,0.0,104197751.06387089,104197751.06387089,931429.5066384485
SYC-5211,SYC,Seychelles,Grand'Anse Praslin,,2891.3558959960938,22.98190056844676,0.0,103536520.75692604,103536520.75692604,4505133.09151975
MNE-1499,MNE,Montenegro,Budva,Municipality,5822.0402364730835,122.85081497294988,9642025.17621091,93217369.92043394,102859395.09664485,837270.7590038627
MLT-5955,MLT,Malta,Cospicua,,2336.8269620024657,1.5267514873427501,1126473.479146902,101727330.70688954,102853804.18603644,67367744.54698542
SVN-268,SVN,Slovenia,Sveti Andraž v Slovenskih Goricah,Commune|Municipality,1999.8687133789062,17.550561958017028,5310772.083393019,96608139.43755557,101918911.52094859,5807159.438241944
DMA-1439,DMA,Dominica,Saint Patrick,Parish,4435.541847229004,74.08404771201857,0.0,101845027.9828538,101845027.9828538,1374722.7794402977
SVN-994,SVN,Slovenia,Šmartno ob Paki,Commune|Municipality,1990.49853515625,17.9848105739109,5442175.022629831,96155491.98213352,101597667.00476335,5649081.850889374
MKD-2941,MKD,Macedonia,Krivogaštani,Statistical Region,5587.626403808594,92.62692861377083,38492425.299442396,63020960.06741289,101513385.3668553,1095938.1562800012
BTN-2484,BTN,Bhutan,Tashi Yangtse,District,21039.38222643733,1809.379057010902,0.0,101314227.48995449,101314227.48995449,55993.92073064325
SYC-5203,SYC,Seychelles,Baie Lazare,,2821.771728515625,13.920426803869603,0.0,101044782.3269833,101044782.3269833,7258741.685915467
TUV+00?,TUV,Tuvalu,Tuvalu,,0.0,23.016755201015098,0.0,100641147.5682237,100641147.5682237,4372516.746573607
MLT-5940,MLT,Malta,Msida,,2286.5257099992277,1.4938874744911792,1102225.6305595264,99537604.13290344,100639829.76346296,67367744.54698542
BMU-5134,BMU,Bermuda,City of Hamilton,,467.9697611706,0.6887129631301137,0.0,100236710.39094903,100236710.39094903,145542070.14688066
MNE-1518,MNE,Montenegro,Tivat,Municipality,6095.6435546875,32.95755018495946,2586694.5099190758,97598064.77817024,100184759.28808932,3039812.0832964624
MKD-2895,MKD,Macedonia,Vevčani,Statistical Region,7478.323299407959,37.669562381730856,15654117.412092298,84345494.8423099,99999612.2544022,2654652.879718625
MLT-5949,MLT,Malta,Valletta,,2264.1581925931014,1.4792737949063184,1091443.310960318,98563895.81933825,99655339.13029857,67367744.54698543
NZL-5478,NZL,New Zealand,Campbell Islands,,0.0,134.67109951143956,99349588.06590702,0.0,99349588.06590702,737720.1821796058
SVN-197,SVN,Slovenia,Kuzma,Commune|Municipality,1931.8762151087687,18.501832968356357,5598625.175364438,93323609.45333922,98922234.62870365,5346618.078213663
BRB-1995,BRB,Barbados,Saint Lucy,Parish,1999.5567626953125,37.75439148613623,0.0,98359778.86272886,98359778.86272886,2605253.9847939946
MKD-2931,MKD,Macedonia,Lozovo,Statistical Region,2800.5588388442993,160.64042701201316,66756392.86943985,31586561.80537525,98342954.67481509,612193.0606388435
SVN-245,SVN,Slovenia,Kostel,Commune|Municipality,1307.2429542541504,114.54903361043168,34662355.04784165,63149300.13079282,97811655.17863446,853884.5950571775
WSM-4994,WSM,Samoa,Palauli,,9568.864964723587,514.9095386939681,0.0,97490915.5466937,97490915.5466937,189336.00607588774
SVN-232,SVN,Slovenia,Podlehnik,Commune|Municipality,1696.6452026367188,50.586758677478834,15307472.570755702,81960248.29822546,97267720.86898117,1922790.141371217
GNQ-1479,GNQ,Equatorial Guinea,Bioko Sur,Province,7106.016362011433,1349.797078204392,0.0,96306517.2338271,96306517.2338271,71348.88553910765
BTN-2480,BTN,Bhutan,Bumthang,District,19982.54992384836,2780.1195389303853,0.0,96225097.63001554,96225097.63001554,34611.85617473013
LVA-5710,LVA,Latvia,Alsungas,Municipality,1499.660355091095,206.73136766118355,44848853.62222079,50940819.207421415,95789672.8296422,463353.35519394395
MLT-5938,MLT,Malta,Gżira,,2176.1809135153394,1.4217943820664216,1049033.6361063097,94734047.09328337,95783080.72938968,67367744.54698542
SVN-210,SVN,Slovenia,Luce,Commune|Municipality,1324.4489822387695,104.8620084337874,31731076.66471571,63980475.867272094,95711552.5319878,912738.1209031731
SVN-997,SVN,Slovenia,Štore,Commune|Municipality,1805.459228515625,27.34592225526073,8274832.50139093,87216753.6450739,95491586.14646484,3491986.309881885
SVN-254,SVN,Slovenia,Bloke,Commune|Municipality,1495.951644897461,73.95476283447039,22378593.39403358,72265296.28433302,94643889.6783666,1279753.8123434153
SVN-928,SVN,Slovenia,Gornji Petrovci,Commune|Municipality,1538.9815979003906,66.60616721767161,20154920.06965823,74343954.58419456,94498874.65385279,1418770.6424395612
BTN-2440,BTN,Bhutan,Punakha,District,19580.64315661788,964.9563887786669,0.0,94289733.12136683,94289733.12136683,97713.98398709827
MLT-5948,MLT,Malta,Siġġiewi,,1825.483154296875,19.94451561163436,14715536.927388437,79467385.28636427,94182922.21375272,4722246.659067137
GRD-5074,GRD,Grenada,Saint Mark,Parish,3741.3720703125,23.518880546734042,0.0,93429168.13316041,93429168.13316041,3972517.652254265
IND-2443,IND,India,Lakshadweep,Union Territory,4901.4840087890625,34.118121990705546,75044160.76763317,18185711.624612905,93229872.39224607,2732561.669650039
SVN-199,SVN,Slovenia,Benedikt,Commune|Municipality,1775.5377197265625,22.722263267473107,6875720.659034509,85771328.11591914,92647048.77495365,4077368.8643761906
SVN-271,SVN,Slovenia,Dobrovnik,Commune|Municipality,1744.609130859375,26.641080302044408,8061548.449444346,84277253.32695974,92338801.77640408,3466030.6837976878
MDV-5241,MDV,Maldives,Gaafu Dhaalu,Atoll,189.1789020335865,2.4699490799802426,6496866.696746854,85823007.26816729,92319873.96491414,37377237.73870376
MDV-5231,MDV,Maldives,Alifu Alifu,Atoll,188.5765868777282,2.4620851599073466,6476181.719537572,85549760.63525376,92025942.35479133,37377237.73870375
MLT-5966,MLT,Malta,Gudja,,2082.1936711218814,1.3603883967501222,1003726.8428965732,90642571.15404873,91646297.99694529,67367744.54698542
SVN-213,SVN,Slovenia,Bistrica ob Sotli,Commune|Municipality,1677.9635009765625,34.55816857758458,10457246.746517424,81057786.83820999,91515033.5847274,2648144.775938349
MDV-5227,MDV,Maldives,Noonu,Atoll,187.4498701179117,2.4473745711768284,6437487.507261096,85038613.67527336,91476101.18253446,37377237.73870375
DMA-1436,DMA,Dominica,Saint Joseph,Parish,3931.572259426117,115.0484005670892,0.0,90273319.60085365,90273319.60085365,784655.1464938599
GRD-5069,GRD,Grenada,Carriacou and Petite Martinique,Dependency,3608.7059326171875,34.12315072794478,0.0,90116242.64716963,90116242.64716963,2640912.1292943773
MKD-3000,MKD,Macedonia,Dojran,Statistical Region,2906.183108329773,137.7432720791799,57241157.516048126,32777862.43794018,90019019.95398831,653527.5269360675
SVN-975,SVN,Slovenia,Nazarje,Commune|Municipality,1590.325096130371,42.73891634200915,12932727.984811325,76824217.31495816,89756945.29976948,2100122.15989541
SVN-240,SVN,Slovenia,Tabor,Commune|Municipality,1656.1010131835938,32.211770621884625,9747230.463878134,80001670.37665164,89748900.84052978,2786214.4522895156
CPV-5053,CPV,Cape Verde,Praia,,13439.921508789062,55.369620238540335,0.0,88946792.60880575,88946792.60880575,1606418.6863772967
PLW-5249,PLW,Palau,Koror,,691.8872680664062,58.38282989560838,0.0,88407790.87562971,88407790.87562971,1514277.2461305414
SVN-983,SVN,Slovenia,Rogatec,Commune|Municipality,1598.3153076171875,35.43888823677394,10723751.112047536,77210202.38502292,87933953.49707046,2481284.2013995196
PLW-5258,PLW,Palau,Peleliu,,686.952880859375,22.247975113449417,0.0,87777286.03411451,87777286.03411451,3945405.6194557277
SVN-257,SVN,Slovenia,Ribnica na Pohorju,Commune|Municipality,1428.932527065277,61.150505786442324,18504045.613630835,69027787.62328978,87531833.23692061,1431416.3408984803
TON-4949,TON,Tonga,Eua,,4331.23876953125,78.74286725193598,0.0,87302167.87979983,87302167.87979983,1108699.3771826795
SVN-252,SVN,Slovenia,Dobje,Commune|Municipality,1700.6842041015625,15.497535829794845,4689529.648289207,82155361.31444183,86844890.96273103,5603787.074056448
MLT-5929,MLT,Malta,Lija,,1971.4054645450096,1.288005605075068,950321.1014615502,85819711.47632101,86770032.57778256,67367744.54698542
SVN-1046,SVN,Slovenia,Odranci,Commune|Municipality,1744.9232177734375,6.353984361935328,1922705.5434693678,84292425.9991388,86215131.54260817,13568672.2899564
MNE-1508,MNE,Montenegro,Andrijevica,Municipality,3740.4366993904114,334.2586034960069,26234501.34199961,59888571.24118141,86123072.58318102,257654.01902126314
MNE-1520,MNE,Montenegro,Žabljak,Municipality,3099.729028224945,462.0866237893537,36267165.67690885,49630125.47852009,85897291.15542895,185890.0187393998
BTN-2486,BTN,Bhutan,Tongsa,District,17804.237903535366,1805.0792472797937,0.0,85735531.10211734,85735531.10211734,47496.82388256278
LVA-5723,LVA,Latvia,Mersraga,Municipality,1740.2534738779068,121.19658911957113,26292710.905122466,59113343.42269559,85406054.32781807,704690.2470461231
PHL-5553,PHL,Philippines,Makati,Highly Urbanized City,7704.685791753733,22.261983768777164,32350786.108337276,52852933.9939325,85203720.10226977,3827319.2985509913
KNA-5100,KNA,Saint Kitts and Nevis,Saint Anne Sandy Point,Parish,1743.6828859215693,16.54159382735122,0.0,85175954.05487314,85175954.05487314,5149198.737671594
MLT-5954,MLT,Malta,Floriana,,1924.8374776241117,1.2575806979466797,927872.882959869,83792502.32353169,84720375.20649156,67367744.54698543
MLT-5952,MLT,Malta,Xgħajra,,1912.3948209300818,1.2494513649138963,921874.8681287051,83250845.50727293,84172720.37540163,67367744.54698542
MLT-5944,MLT,Malta,Ħamrun,,1911.4100787649747,1.2488079896919937,921400.1706218601,83207977.46718279,84129377.63780464,67367744.54698543
NRU-4983,NRU,Nauru,Yaren,,7526.2587890625,1.7314274136818368,0.0,83388984.24459963,83388984.24459963,48161986.80098004
LVA-5743,LVA,Latvia,Baltinavas,Municipality,1258.4369743913412,186.54459141776567,40469480.60743295,42746886.10576073,83216366.71319368,446093.69845964096
BTN-2483,BTN,Bhutan,Lhuntshi,District,17217.497045978904,2937.9997264427248,0.0,82910106.09294432,82910106.09294432,28219.91620582291
LCA-5084,LCA,Saint Lucia,Praslin,Quarter,2574.3621892929077,53.57402261137789,32062238.65574896,50568528.57850186,82630767.23425081,1542366.3037895896
BHS-5014,BHS,The Bahamas,North Abaco,District,971.694302380085,253.40040572123556,0.0,82559549.26477936,82559549.26477936,325806.69723000634
MKD-2902,MKD,Macedonia,Plasnica,Statistical Region,5005.850862503052,62.010891095540806,25769499.528586272,56459309.28635433,82228808.8149406,1326038.1742982832
ATG-5095,ATG,Antigua and Barbuda,Saint Philip,Parish,1996.471923828125,37.94336343567807,0.0,80108659.38746269,80108659.38746269,2111269.3270659465
SVN-270,SVN,Slovenia,Velika Polana,Commune|Municipality,1538.4202423095703,17.06987407073132,5165316.694629471,74316837.04451346,79482153.73914294,4656282.3726641415
SYC-5220,SYC,Seychelles,Takamaka,,2199.130859375,11.091072423353843,0.0,78748644.6010256,78748644.6010256,7100183.065724919
BWA-5506,BWA,Botswana,Jwaneng,Town,6582.630478356034,339.1177466997313,3034723.181093607,75114871.77960995,78149594.96070355,230449.73529474527
SYR-145,SYR,Syria,Quneitra,Province,65955.95007324219,307.23014772582076,0.0,77890174.94896199,77890174.94896199,253523.86647443523
MLT-5970,MLT,Malta,Kirkop,,1729.756115976908,1.13012549313661,833833.4081743121,75300172.11948875,76134005.52766305,67367744.5469854
KNA-5112,KNA,Saint Kitts and Nevis,Trinity Palmetto Point,Parish,1547.9126012753975,14.684402615446668,0.0,75612907.41091943,75612907.41091943,5149198.737671593
ATG-5094,ATG,Antigua and Barbuda,Saint Peter,Parish,1877.3135986328125,31.64275527879642,0.0,75327418.25287734,75327418.25287734,2380558.1274192543
BTN-2491,BTN,Bhutan,Pemagatsel,District,15297.843871116638,474.6605183028043,0.0,73666099.95404628,73666099.95404628,155197.44557109303
SVN-267,SVN,Slovenia,Veržej,Commune|Municipality,1408.616455078125,18.208351925044852,5509818.279291699,68046374.24238735,73556192.52167906,4039695.2357069445
FSM-4943,FSM,Federated States of Micronesia,Yap,,5105.4501953125,94.61670685696572,0.0,73011722.91790697,73011722.91790697,771657.8323559759
MLT-5922,MLT,Malta,Mtarfa,,1652.9482521098043,1.0799435488568194,796807.9788023076,71956553.14574878,72753361.12455109,67367744.54698543
BHS-5030,BHS,The Bahamas,Cat Island,District,840.2768051121384,426.0830770381384,0.0,71393723.4352243,71393723.4352243,167558.22346080618
CPV-5062,CPV,Cape Verde,Paul,,10741.466796875,37.39388152403824,0.0,71088139.82813929,71088139.82813929,1901063.4074572085
BTN-2435,BTN,Bhutan,Ha,District,14316.749393660575,1684.7772508492808,0.0,68941682.28776991,68941682.28776991,40920.35445814397
SVN-231,SVN,Slovenia,Žetale,Commune|Municipality,1138.870361328125,43.83429894805575,13264189.016016042,55015684.745922126,68279873.76193817,1557681.4366952865
SYC-5199,SYC,Seychelles,Anse Boileau,,1903.5710608451259,13.948091747979133,0.0,68164948.12222916,68164948.12222916,4887044.719368528
TCA-5006,TCA,Turks and Caicos Islands,South Caicos and East Caicos,,1071.069580078125,73.16287781269713,0.0,68020917.75054176,68020917.75054176,929719.0020966752
DMA-1437,DMA,Dominica,Saint Luke,Parish,2956.752197265625,3.448863535708716,0.0,67890354.91954742,67890354.91954742,19684848.129427787
GBR-4809,GBR,United Kingdom,City,City Corporation,835.1322981795633,3.1166207457357604,748713.4122011013,66998389.85702046,67747103.26922156,21737358.76009773
FSM-4944,FSM,Federated States of Micronesia,Kosrae,,4709.491719245911,113.68838636667195,0.0,67349223.15087105,67349223.15087105,592401.9620935939
WSM-4990,WSM,Samoa,Gaga'emauga,,6593.5973643660545,254.27866210061035,0.0,67177857.16154496,67177857.16154496,264189.9112044436
GIN-5630,GIN,Guinea,Conakry,Administrative Zone,29598.0361328125,24.799787745108485,5860220.469905713,61089302.357665144,66949522.827570856,2699600.638347237
PYF-4965,PYF,French Polynesia,Tuamotu-Gambier,,1353.7346558570862,665.7520531025541,0.0,66675543.80558155,66675543.80558155,100150.71451129371
PLW-5244,PLW,Palau,Aimeliik,,519.5300827026367,44.07557438265839,0.0,66384379.3997449,66384379.3997449,1506148.9346322382
MLT-5943,MLT,Malta,Santa Venera,,1496.133135566432,0.9774893593453892,721214.8464104822,65130038.61136613,65851253.45777661,67367744.54698542
MKD-2916,MKD,Macedonia,Vraneštica,Statistical Region,1638.5137367248535,113.62103255611036,47216820.999734364,18480245.69102557,65697066.690759934,578212.1955133284
MNE-1519,MNE,Montenegro,Šavnik,Municipality,1423.2519902586937,545.3263997776736,42800292.99819084,22787854.751465846,65588147.74965669,120273.19377238402
MLT-5930,MLT,Malta,Balzan,,1480.9985803374357,0.9676012910023483,713919.1949303491,64471197.40064915,65185116.595579505,67367744.54698543
CPV-5042,CPV,Cape Verde,São Filipe,,9833.141822814941,291.494136948328,0.0,65076751.06844419,65076751.06844419,223252.349943423
MDV-5237,MDV,Maldives,Dhaalu,Atoll,128.24905656455124,1.6744395694489698,4404386.617782084,58181539.24860481,62585925.8663869,37377237.73870376
SVN-1040,SVN,Slovenia,Dornava,Commune|Municipality,1085.1290283203125,27.813470089337677,8416311.730990896,52419589.23322874,60835900.96421964,2187281.9453600342
MLT-5965,MLT,Malta,Santa Luċija,,1360.2346064406547,0.888700893256879,655704.6090653607,59214070.14654181,59869774.75560717,67367744.54698542
SVN-251,SVN,Slovenia,Solcava,Commune|Municipality,534.4257659912109,111.77516407145178,33822986.545235984,25816634.14928341,59639620.69451939,533567.7311678561
FSM-4942,FSM,Federated States of Micronesia,Chuuk,,4125.1165771484375,71.65246804981778,0.0,58992225.36953795,58992225.36953795,823310.445196702
MDV-5233,MDV,Maldives,Faafu,Atoll,119.77776771471306,1.5638371086249296,4113461.816890358,54338449.57679072,58451911.39368108,37377237.73870375
NZL-5477,NZL,New Zealand,Antipodes Islands,,0.0,79.02985930120172,58301922.20131115,0.0,58301922.20131115,737720.1821796058
SVN-255,SVN,Slovenia,Podcetrtek,Commune|Municipality,1042.6479797363281,18.982913304936922,5744199.318659281,50367446.9912907,56111646.30994999,2955902.785235653
SVN-230,SVN,Slovenia,Trnovska vas,Commune|Municipality,997.9613037109375,22.993589369748765,6957823.5052515315,48208756.97350059,55166580.47875212,2399215.694063466
CPV-5060,CPV,Cape Verde,Porto Novo,,8335.679017186165,543.1300326067263,0.0,55166387.11843448,55166387.11843448,101571.23305015205
SVN-1043,SVN,Slovenia,Kobilje,Commune|Municipality,1073.7091232713042,10.283053696712933,3111635.6635855963,51867925.130501606,54979560.7940872,5346618.078213663
SVN-198,SVN,Slovenia,Cerkvenjak,Commune|Municipality,987.0498046875,20.358756805312588,6160527.369600984,47681652.56305758,53842179.93265856,2644669.3404485546
ARE-344,ARE,United Arab Emirates,Neutral Zone,Emirate,618.64501953125,13.271845988569737,2411435.8713413742,51312947.345536076,53724383.21687745,4047996.281990246
BHS-5012,BHS,The Bahamas,East Grand Bahama,District,630.1573373544961,485.2674067875655,0.0,53541021.70862638,53541021.70862638,110333.02661529239
TCA-5007,TCA,Turks and Caicos Islands,Grand Turk,,839.1911893278833,14.001467720781498,0.0,53294908.12547173,53294908.12547173,3806380.101592453
CPV-5050,CPV,Cape Verde,São Lourenço dos Órgãos,,7959.435546875,31.976648747210223,0.0,52676368.86183234,52676368.86183234,1647338.633834418
MDV-5236,MDV,Maldives,Meemu,Atoll,105.84088684432653,1.3818750308584884,3634835.20361576,48015836.34996054,51650671.553576306,37377237.73870375
MDV-5228,MDV,Maldives,Baa,Atoll,105.03292112538583,1.3713261051447803,3607087.682538769,47649294.16674834,51256381.84928711,37377237.73870375
MLT-5953,MLT,Malta,Isla,,1127.7255519481191,0.7367925360959602,543623.0181704476,49092428.337667726,49636051.35583817,67367744.5469854
KNA-5106,KNA,Saint Kitts and Nevis,Saint Mary Cayon,Parish,1008.8208062553616,9.570263123181089,0.0,49279186.793069065,49279186.793069065,5149198.737671593
MLT-5951,MLT,Malta,Birgu,,1099.2808854639331,0.7182083886311067,529911.1931450478,47854168.06365737,48384079.25680242,67367744.54698542
MDV-5242,MDV,Maldives,Gnaviyani,Atoll,98.37522505021656,1.2844021928116125,3378446.0980762998,44628960.014755756,48007406.112832054,37377237.73870375
MNP-4937,MNP,Northern Mariana Islands,Rota,,1250.635199189186,96.98571498794544,0.0,47733618.025082,47733618.025082,492171.63611171924
ATG-5091,ATG,Antigua and Barbuda,Barbuda,Dependency,1182.9448585510254,169.53843727424194,0.0,47465794.84379091,47465794.84379091,279970.69931116095
PHL-5544,PHL,Philippines,Navotas,Highly Urbanized City,4173.312755586512,12.05840488996118,17523095.94035295,28628269.804737117,46151365.74509007,3827319.2985509913
SVN-196,SVN,Slovenia,Šalovci,Commune|Municipality,675.1779174804688,42.45168479152628,12845812.175310578,32615982.21960539,45461794.39491597,1070906.7170872458
CPV-5051,CPV,Cape Verde,São Domingos,,6858.4354248046875,112.95912740547901,0.0,45389836.01593617,45389836.01593617,401825.3067147416
MDV-5240,MDV,Maldives,Gaafu Alifu,Atoll,90.59613237133628,1.18283715253101,3111293.008524317,41099892.44779863,44211185.456322946,37377237.73870375
NRU-4976,NRU,Nauru,Baiti,,3978.329833984375,1.6569083640125315,0.0,44078856.85887604,44078856.85887604,26603074.627573468
SVN-215,SVN,Slovenia,Preddvor,Commune|Municipality,364.712158203125,86.82841725852461,26274140.70984391,17618238.03660039,43892378.7464443,505507.0693705988
DMA-1433,DMA,Dominica,Saint David,Parish,1832.777527809143,117.34484968411525,0.0,42082632.75042228,42082632.75042228,358623.602686492
MLT-5983,MLT,Malta,"Fontana, Gozo",,950.7301210455677,0.6211536626246533,458301.91306343966,41387419.35505857,41845721.26812201,67367744.54698542
CPV-5057,CPV,Cape Verde,Ribeira Brava,,6100.161096811295,229.73911487954717,0.0,40371497.97367132,40371497.97367132,175727.57688580023
KNA-5103,KNA,Saint Kitts and Nevis,Saint James Windward,Parish,816.1248779296875,32.49125860604782,0.0,39866317.245431036,39866317.245431036,1226985.9327028485
CPV-5041,CPV,Cape Verde,Brava,,5872.848663330078,59.78203604702873,0.0,38867120.74460531,38867120.74460531,650147.1564807481
BHS-5016,BHS,The Bahamas,South Abaco,District,448.5047362744808,517.1970351361966,0.0,38106993.91695721,38106993.91695721,73679.83829783993
SYC-5206,SYC,Seychelles,Bel Air,,1061.1691778311426,7.775535863602094,0.0,37999391.48247722,37999391.48247722,4887044.719368528
LCA-5079,LCA,Saint Lucia,Dauphin,Quarter,504.8909912109375,46.51236497548199,27836075.650038768,9917638.871588271,37753714.52162704,811691.9993538947
MLT-5941,MLT,Malta,Ta' Xbiex,,842.9254219628377,0.550720127175347,406334.37913014216,36694438.46530196,37100772.8444321,67367744.54698542
AUS-1932,AUS,Australia,Jervis Bay Territory,Territory,315.5927489697933,75.98504548004952,4748638.40758283,32346884.75399593,37095523.16157876,488195.05110803
CPV-5058,CPV,Cape Verde,Tarrafal de São Nicolau,,5585.472063064575,106.04180499553459,0.0,36965232.638508596,36965232.638508596,348591.1300742683
GRL-2738,GRL,Greenland,Pituffik,,121.7912418153137,661.5470967297471,0.0,36340398.66099605,36340398.66099605,54932.443722660166
TCA-5004,TCA,Turks and Caicos Islands,North Caicos,,569.8380584716797,97.78280282739455,0.0,36188972.61894345,36188972.61894345,370095.4725425896
BHS-5022,BHS,The Bahamas,South Andros,District,423.8014578446746,963.8618955090848,0.0,36008091.486911476,36008091.486911476,37358.143998309024
NZL-5480,NZL,New Zealand,The Snares,,260.99991870750654,15.717294981142892,11594965.716859337,24025394.040128708,35620359.75698805,2266316.169526895
SVN-939,SVN,Slovenia,Krsko,Commune|Municipality,694.6092945921151,6.652364704478532,2012994.959683066,33554658.43215234,35567653.39183541,5346618.078213663
PLW-5248,PLW,Palau,Kayangel,,275.7458801269531,13.233697940964582,0.0,35234185.14870021,35234185.14870021,2662459.5261188233
BHS-5031,BHS,The Bahamas,San Salvador,District,404.59715580940247,156.66423747969566,0.0,34376406.99921487,34376406.99921487,219427.2767814684
BHS-5020,BHS,The Bahamas,Central Andros,District,400.11244201660156,1235.2434643501304,0.0,33995365.40165866,33995365.40165866,27521.18621371848
SYC-5200,SYC,Seychelles,Anse Etoile,,928.5212159675234,6.803580584225882,0.0,33249402.566939335,33249402.566939335,4887044.719368527
VUT-560,VUT,Vanuatu,Torba,Province,3799.9580421447754,811.7093625922939,0.0,32868734.153918773,32868734.153918773,40493.23029729313
SYC-5215,SYC,Seychelles,Mont Fleuri,,872.6715874884815,6.394351972728513,0.0,31249484.0421066,31249484.0421066,4887044.719368526
BHS-5039,BHS,The Bahamas,Bimini,District,365.65008544921875,21.830026059329622,0.0,31067287.488845795,31067287.488845795,1423144.7733690813
MKD-2924,MKD,Macedonia,Zrnovci,Statistical Region,908.5489807128906,49.02221643800848,20371872.76414346,10247218.5673989,30619091.331542358,624596.2250658745
BHS-5036,BHS,The Bahamas,Acklins,District,355.84151646867394,507.12641557890794,0.0,30233907.039888997,30233907.039888997,59618.08754406061
SVN-237,SVN,Slovenia,Jezersko,Commune|Municipality,271.64061403274536,55.14354353486124,16686348.407808887,13122208.543899845,29808556.951708734,540562.9569826981
BHS-5021,BHS,The Bahamas,Mangrove Cay,District,342.1823896821588,439.43134741765664,0.0,29073365.758456167,29073365.758456167,66161.33766811917
NZL-5471,NZL,New Zealand,Kermadec Islands,,0.0,39.18433027697916,28907071.27051891,0.0,28907071.27051891,737720.1821796058
PLW-5255,PLW,Palau,Ngchesar,,225.62054443359375,31.59396617761843,0.0,28829283.078549773,28829283.078549773,912493.3196571188
SYC-5209,SYC,Seychelles,Glacis,,797.3687565817663,5.842583343769052,0.0,28552966.077637054,28552966.077637054,4887044.719368527
SYC-5205,SYC,Seychelles,Beau Vallon,,795.6189989282068,5.829762293485937,0.0,28490309.031554203,28490309.031554203,4887044.719368527
VCT-5068,VCT,Saint Vincent and the Grenadines,Saint Patrick,Parish,703.667724609375,45.61019748500263,0.0,28255919.94300045,28255919.94300045,619508.8269962316
MLT-5942,MLT,Malta,Pietà,,639.3937093218924,0.4177439376462343,308221.39079877455,27834245.486604545,28142466.87740332,67367744.54698542
BHS-5038,BHS,The Bahamas,Inagua,District,328.875068962574,1715.4579227174295,0.0,27942715.513991695,27942715.513991695,16288.77930723482
SYC-5208,SYC,Seychelles,Cascade,,772.3834286625365,5.6595076218592855,0.0,27658266.837633353,27658266.837633353,4887044.719368528
NRU-4981,NRU,Nauru,Anibare,,2287.847168418312,5.720690268834968,0.0,25348749.8674027,25348749.8674027,4431064.902341764
BHS-5034,BHS,The Bahamas,Ragged Island,District,295.5942885409604,15.908615662345218,0.0,25115029.662527524,25115029.662527524,1578706.1674997504
PLW-5251,PLW,Palau,Ngaraard,,195.79640197753906,31.38946066728147,0.0,25018421.58276227,25018421.58276227,797032.5405698991
WSM-4993,WSM,Samoa,Satupa'itea,,2428.6224673986435,143.26221814120586,0.0,24743648.148116957,24743648.148116957,172715.79673384977
SYR-5261,SYR,Syria,UNDOF,,20909.875968933105,264.9815127941792,0.0,24693358.151504148,24693358.151504148,93188.98473752914
MEX+99?,MEX,Mexico,,,0.0,133.30096545032632,24462008.416274443,0.0,24462008.416274443,183509.6117543878
MLT-5921,MLT,Malta,Mdina,,550.34500954214,0.3595645186968002,265295.2348251001,23957755.408900693,24223050.643725794,67367744.54698542
PFA+00?,CHN,China,Paracel Islands,,804.6002650413141,5.347003338844622,7046454.03167422,16457700.365569703,23504154.397243924,4395762.05731764
LIE-4901,LIE,Liechtenstein,Planken,,88.43543243408203,5.907085250092237,0.0,23397443.27794594,23397443.27794594,3960911.733511988
PHL-5551,PHL,Philippines,San Juan,Highly Urbanized City,2093.8638053210307,6.050027646549443,8791810.845606377,14363576.722799346,23155387.568405725,3827319.2985509923
KNA-5108,KNA,Saint Kitts and Nevis,Saint Paul Charlestown,Parish,440.97141860050965,4.183312318343533,0.0,21540706.508900546,21540706.508900546,5149198.737671593
DMA-1441,DMA,Dominica,Saint Peter,Parish,927.6668090820312,31.236866884685966,0.0,21300272.97313115,21300272.97313115,681895.3082510884
MUS-5180,MUS,Mauritius,Agaléga,Dependency,0.0,14.021753428086267,20701379.231199272,0.0,20701379.231199272,1476375.9281156224
NRU-4982,NRU,Nauru,Meneng,,1847.2304989029958,4.618942071500019,0.0,20466832.0989735,20466832.0989735,4431064.902341765
SYC-5216,SYC,Seychelles,Plaisance,,565.3538675495645,4.1425338811124846,0.0,20244748.328495976,20244748.328495976,4887044.719368527
CPV-5054,CPV,Cape Verde,Maio,,3055.0756483078003,268.82565018707527,0.0,20218807.075364415,20218807.075364415,75211.5992699885
SVN-201,SVN,Slovenia,Hodoš,Commune|Municipality,365.8780822753906,7.955818024460346,2407417.857384257,17674560.611474182,20081978.46885844,2524187.758834596
SYC-5207,SYC,Seychelles,Bel Ombre,,557.287353515625,10.047295740056152,0.0,19955894.646087818,19955894.646087818,1986195.6055029281
BHS-5017,BHS,The Bahamas,Moore's Island,District,229.06199645996094,14.041816655910127,0.0,19462144.766212277,19462144.766212277,1386013.3088990848
TCA-5008,TCA,Turks and Caicos Islands,Salt Cay,,302.34635361232915,5.044491367919987,0.0,19201251.565505534,19201251.565505534,3806380.1015924537
WSM-4992,WSM,Samoa,Vaisigano,,1729.2758522033691,119.95421979349243,0.0,17618462.240360964,17618462.240360964,146876.55232714684
BHS-5037,BHS,The Bahamas,Mayaguana,District,206.01708507537842,287.08793567564135,0.0,17504144.711979467,17504144.711979467,60971.369872386626
CPV-5043,CPV,Cape Verde,Mosteiros,,2583.457832336426,98.02133248370674,0.0,17097591.520616475,17097591.520616475,174427.25055240872
SYC-5213,SYC,Seychelles,English River,,470.85805729388125,3.4501319748444144,0.0,16860949.248787902,16860949.248787902,4887044.719368527
PLW-5246,PLW,Palau,Angaur,,129.87926562194164,17.5618149578763,0.0,16595678.926531313,16595678.926531313,944986.5498718465
DMA-1438,DMA,Dominica,Saint Mark,Parish,705.4293212890625,10.579816151971226,0.0,16197450.37722803,16197450.37722803,1530976.5448249427
SVN-269,SVN,Slovenia,Razkrižje,Commune|Municipality,310.6650830428091,2.9752804194211757,900315.1140986686,15007372.964133719,15907688.078232387,5346618.078213663
PLW-5250,PLW,Palau,Melekeok,,121.61765639005722,16.444709376089538,0.0,15540029.176956056,15540029.176956056,944986.5498718463
BHS-5018,BHS,The Bahamas,Berry Islands,District,182.43541145324707,25.789342307060167,0.0,15500538.906754976,15500538.906754976,601044.3663974906
BHS-5035,BHS,The Bahamas,Crooked Island and Long Cay,District,182.41937309503555,345.720630156606,0.0,15499176.215194836,15499176.215194836,44831.505161187386
NRU-4974,NRU,Nauru,Nibok,,1392.0324186148137,3.4807335127101187,0.0,15423356.10257457,15423356.10257457,4431064.902341764
BTN-2437,BTN,Bhutan,Gasa,District,3042.515993570909,4413.859965906068,0.0,14651103.069325482,14651103.069325482,3319.3402560332324
ASM-5001,ASM,American Samoa,Swain's Island,,354.5806307899279,1.8665261676470097,0.0,14135851.08623657,14135851.08623657,7573347.393279025
NZL-5476,NZL,New Zealand,Three Kings Islands,,102.33202779013477,6.162387615907722,4546117.714668792,9419800.982155168,13965918.69682396,2266316.1695268946
MDA-1638,MDA,Moldova,Transnistria,District,1567.8782978092406,17.106587492589117,2101052.1687640487,11424219.75998824,13525271.92875229,790646.9910852577
MKD-5883,MKD,Macedonia,Šuto Orizari,Municipality,763.4487223346157,9.19498948791317,3821107.439160365,8610681.524980377,12431788.964140743,1352017.7462391176
BHS-5025,BHS,The Bahamas,Spanish Wells,District,145.39785922663464,7.825180493106119,0.0,12353660.70626537,12353660.70626537,1578706.1674997506
NRU-4970,NRU,Nauru,Buada,,1055.8959599186783,2.640234813842468,0.0,11699051.817558205,11699051.817558205,4431064.902341765
SLB-5130,SLB,Solomon Islands,Capital Territory (Honiara),Province,451.0387704189827,30.301405613896037,7468166.307087156,3289372.43047381,10757538.737560965,355017.81252773385
KNA-5107,KNA,Saint Kitts and Nevis,Saint Paul Capesterre,Parish,215.76148986816406,12.622761232037243,0.0,10539583.141064528,10539583.141064528,834966.5296935588
FJI-2658,FJI,Fiji,Rotuma,Division,944.0092086791992,39.54148659488529,0.0,9855843.780963164,9855843.780963164,249253.24335777556
BWA-5505,BWA,Botswana,Sowa,Township,816.2089513838291,54.78560225626238,490269.64461540343,9313819.290047377,9804088.934662782,178953.74935925077
WSM-4988,WSM,Samoa,Va'a-o-Fonoti,,945.4164237976074,51.33417927315197,0.0,9632230.475474393,9632230.475474393,187637.76127053224
NZL-5472,NZL,New Zealand,Tokelau,,70.32520172272731,4.234951281050701,3124209.030578478,6473529.53482536,9597738.565403838,2266316.169526894
AZE-5565,AZE,Azerbaijan,Şuşa,Municipality,855.0055333072081,7.295334429993018,2585849.807062171,6947640.32377843,9533490.130840601,1306792.7484785267
SYC-5198,SYC,Seychelles,Anse aux Pins,,254.4210978246115,1.8642271297735262,0.0,9110561.350263257,9110561.350263257,4887044.719368527
CPV-5047,CPV,Cape Verde,São Miguel,,1299.173828125,70.19592180843398,0.0,8598066.95875818,8598066.95875818,122486.70203694268
WSM-4991,WSM,Samoa,Gaga'ifomauga,,833.6146755218506,412.0007404903984,0.0,8493155.481804088,8493155.481804088,20614.41800248905
TON-4947,TON,Tonga,Niuas,,398.162841796875,56.12709163215946,0.0,8025528.285943684,8025528.285943684,142988.4936590096
SYC-5222,SYC,Seychelles,Roche Caïman,,220.11976655309712,1.6128899848179306,0.0,7882265.483226851,7882265.483226851,4887044.719368527
TON-4948,TON,Tonga,Ha'apai,,386.62459564208984,92.28971258052054,0.0,7792958.816458508,7792958.816458508,84440.16779941037
ASM-5000,ASM,American Samoa,Rose Atoll,,193.33615673302364,1.017729013822779,0.0,7707615.373899176,7707615.373899176,7573347.393279024
SYC-5221,SYC,Seychelles,Les Mamelles,,209.769522547143,1.5370503400689055,0.0,7511633.747837343,7511633.747837343,4887044.719368527
AUS+00?,AUS,Australia,Macquarie Island,,0.0,119.09712299523818,7442901.019731491,0.0,7442901.019731491,62494.38132967392
NRU-4980,NRU,Nauru,Ijuw,,643.8505509541894,1.6099281596567783,0.0,7133696.16354682,7133696.16354682,4431064.902341765
SYC-5219,SYC,Seychelles,Saint Louis,,194.3033078034398,1.4237242937361014,0.0,6957804.2915397,6957804.2915397,4887044.719368527
TCA-5003,TCA,Turks and Caicos Islands,Middle Caicos,,108.42605382204056,134.2340960930223,0.0,6885864.211087832,6885864.211087832,51297.43047039277
SYC-5214,SYC,Seychelles,Mont Buxton,,184.7838164538949,1.353971847153626,0.0,6616920.965805777,6616920.965805777,4887044.719368527
MKD-2923,MKD,Macedonia,Centar,Municipality,404.71993133421216,4.874453784907838,2025647.9514020542,4564700.069015778,6590348.020417832,1352017.7462391176
PHL-5559,PHL,Philippines,Pateros,Independent Municipality,589.0510460634725,1.7020090346165002,2473334.398462752,4040797.626033122,6514132.024495874,3827319.2985509913
NRU-4979,NRU,Nauru,Anabar,,565.0266149081332,1.4128313735975548,0.0,6260347.512475431,6260347.512475431,4431064.902341765
MDV-5235,MDV,Maldives,Vaavu,Atoll,12.178864229697995,0.15900913989873083,418252.0173633253,5525070.407258341,5943322.424621667,37377237.73870375
AZE-5561,AZE,Azerbaijan,Naftalan,Municipality,527.1906498405203,4.498254045298723,1594417.564646651,4283868.202563918,5878285.767210569,1306792.7484785267
NRU-4975,NRU,Nauru,Uaboe,,525.245062533919,1.3133588464603294,0.0,5819578.288730432,5819578.288730432,4431064.902341764
AUS-2659,AUS,Australia,Lord Howe Island,Territory,46.377082738757416,14.249826611719271,890534.0981545193,4753449.359892315,5643983.458046835,396073.83386722323
PLW-5256,PLW,Palau,Ngeremlengui,,43.1402645111084,71.24602566377678,0.0,5512365.466524766,5512365.466524766,77370.84862162897
BHS-5026,BHS,The Bahamas,Harbour Island,District,63.50794264809952,3.4179396905190127,0.0,5395922.469564553,5395922.469564553,1578706.1674997504
PLW-5254,PLW,Palau,Ngatpang,,41.438536643981934,38.682419286826985,0.0,5294922.526976833,5294922.526976833,136881.8865158204
NRU-4973,NRU,Nauru,Denigomodu,,465.2003285784035,1.1632188677170914,0.0,5154298.298482932,5154298.298482932,4431064.902341765
NRU-4977,NRU,Nauru,Ewa,,442.64761454005964,1.106826511830764,0.0,4904420.109554661,4904420.109554661,4431064.902341765
NRU-4972,NRU,Nauru,Aiwo,,434.6606344261924,1.0868553179304448,0.0,4815926.453205094,4815926.453205094,4431064.902341764
COL+99?,COL,Colombia,,,340.29625055250114,7.659347590201195,455169.32894664136,3510139.7530842326,3965309.0820308737,517708.4647658239
PLW-5257,PLW,Palau,Ngiwal,,25.882137298583984,22.660825394361964,0.0,3307160.988960318,3307160.988960318,145941.77093757328
NRU-4978,NRU,Nauru,Anetan,,259.3868273597527,0.6485886468398927,0.0,2873938.389069587,2873938.389069587,4431064.902341765
PLW-5253,PLW,Palau,Ngardmau,,20.142868041992188,33.06087141394108,0.0,2573810.1388518875,2573810.1388518875,77850.64424425804
NRU-4971,NRU,Nauru,Boe,,230.48469127232525,0.5763197597628783,0.0,2553710.2600113275,2553710.2600113275,4431064.902341764
PLW-5245,PLW,Palau,Airai,,17.87597757577896,48.51036059148608,0.0,2284152.000127903,2284152.000127903,47085.85902634557
ATG-5092,ATG,Antigua and Barbuda,Redonda,Dependency,55.25740803481632,0.36912965162685873,0.0,2217209.6817707256,2217209.6817707256,6006587.853343278
BVT+00?,NOR,Norway,Bouvet Island,,0.0,55.20952024890295,2167116.9787184685,0.0,2167116.9787184685,39252.59572893193
BHS-5032,BHS,The Bahamas,Rum Cay,District,21.53384256362915,91.52611199227432,0.0,1829612.802748055,1829612.802748055,19990.06363235982
WSM-4986,WSM,Samoa,Aiga-i-le-Tai,,155.2075538635254,49.2789026833297,0.0,1581308.3977776628,1581308.3977776628,32088.953115276963
PLW-5259,PLW,Palau,Sonsorol,,10.48537842652702,1.4177957875584641,0.0,1339797.9497077106,1339797.9497077106,944986.5498718467
ASM-4999,ASM,American Samoa,Manu's,,28.889631271362305,45.967705651371524,0.0,1151725.419063305,1151725.419063305,25055.09906885991
GNQ-1467,GNQ,Equatorial Guinea,Annobón,Province,39.137332916259766,14.18173254830477,0.0,530420.9890559404,530420.9890559404,37401.70583877954
RUS+99?,RUS,Russia,,,0.0,37.86695009232753,441833.33725915104,0.0,441833.33725915104,11668.046573116375
VEN-44,VEN,Venezuela,Dependencias Federales,Federal Dependency,126.35789728164673,306.6633575432248,0.0,376102.70482355193,376102.70482355193,1226.4350975500538
VEN+99?,VEN,Venezuela,,,18.222119167088863,0.6005398252482479,0.0,54237.9103625259,54237.9103625259,90315.25984160222
SYC-5197,SYC,Seychelles,Outer Islands,,0.6528884023427963,178.64026027133394,0.0,23379.271197547703,23379.271197547703,130.8734725421766
GRL-2742,GRL,Greenland,Nationalparken,,0.0,876450.9812857808,0.0,0.0,0.0,0.0
KIR+99?,KIR,Kiribati,,,0.0,30.998131656156044,0.0,0.0,0.0,0.0
MNP-4940,MNP,Northern Mariana Islands,Northern Islands,,0.0,239.9175254819037,0.0,0.0,0.0,0.0
BHS-5023,BHS,The Bahamas,Black Point,District,0.0,55.473171329326554,0.0,0.0,0.0,0.0
PLW-5247,PLW,Palau,Hatobohei,,0.0,28.068882355719467,0.0,0.0,0.0,0.0
