fips,animal_usd,crop_usd,total_usd
01001,10638000.0,29212000.0,39850000.0
01003,20489000.0,123196000.0,143685000.0
01005,193435000.0,23929000.0,217364000.0
01007,2054000.0,2387000.0,4441000.0
01009,307338000.0,18821000.0,326159000.0
01011,10641000.0,36100000.0,46741000.0
01013,262224000.0,3506000.0,265730000.0
01015,101633000.0,18728000.0,120361000.0
01017,34146000.0,2244000.0,36390000.0
01019,178555000.0,64806000.0,243361000.0
01021,9230000.0,15067000.0,24297000.0
01023,1780000.0,2087000.0,3867000.0
01025,1499000.0,2088000.0,3587000.0
01027,180045000.0,2919000.0,182964000.0
01029,132706000.0,3288000.0,135994000.0
01031,365370000.0,27753000.0,393123000.0
01033,21319000.0,34519000.0,55838000.0
01035,13190000.0,8493000.0,21683000.0
01037,894000.0,742000.0,1636000.0
01039,168265000.0,28100000.0,196365000.0
01041,274598000.0,3804000.0,278402000.0
01043,539687000.0,24283000.0,563970000.0
01045,297768000.0,21571000.0,319339000.0
01047,37623000.0,40553000.0,78176000.0
01049,737568000.0,43541000.0,781109000.0
01051,4663000.0,24592000.0,29255000.0
01053,3226000.0,32884000.0,36110000.0
01055,175225000.0,15181000.0,190406000.0
01057,31570000.0,3697000.0,35267000.0
01059,241543000.0,12579000.0,254122000.0
01061,237394000.0,42487000.0,279881000.0
01063,26143000.0,2405000.0,28548000.0
01065,61242000.0,6685000.0,67927000.0
01067,66564000.0,38927000.0,105491000.0
01069,42395000.0,69754000.0,112149000.0
01071,157815000.0,53418000.0,211233000.0
01073,7446000.0,2439000.0,9885000.0
01075,7741000.0,4024000.0,11765000.0
01077,41310000.0,59491000.0,100801000.0
01079,238805000.0,84219000.0,323024000.0
01081,3291000.0,46904000.0,50195000.0
01083,76113000.0,95909000.0,172022000.0
01085,85502000.0,23120000.0,108622000.0
01087,2466000.0,23787000.0,26253000.0
01089,4534000.0,107133000.0,111667000.0
01091,16010000.0,11769000.0,27779000.0
01093,184365000.0,11672000.0,196037000.0
01095,458604000.0,19732000.0,478336000.0
01097,10228000.0,116788000.0,127016000.0
01099,11712000.0,21836000.0,33548000.0
01101,39631000.0,19736000.0,59367000.0
01103,128774000.0,21812000.0,150586000.0
01105,18514000.0,23833000.0,42347000.0
01107,131567000.0,17975000.0,149542000.0
01109,318643000.0,13937000.0,332580000.0
01111,196765000.0,10913000.0,207678000.0
01113,20473000.0,8863000.0,29336000.0
01115,131272000.0,22962000.0,154234000.0
01117,2110000.0,22106000.0,24216000.0
01119,17447000.0,2785000.0,20232000.0
01121,29314000.0,27639000.0,56953000.0
01123,22299000.0,5913000.0,28212000.0
01125,34083000.0,17980000.0,52063000.0
01127,61765000.0,4185000.0,65950000.0
01129,13894000.0,4690000.0,18584000.0
01131,7143000.0,4751000.0,11894000.0
01133,17564000.0,2790000.0,20354000.0
04001,13574000.0,3411000.0,16985000.0
04003,117259000.0,223269000.0,340528000.0
04005,21156000.0,1437000.0,22593000.0
04007,8939000.0,412000.0,9351000.0
04009,7030000.0,49939000.0,56969000.0
04011,1871000.0,1239000.0,3110000.0
04013,815425000.0,742596000.0,1558021000.0
04015,7713000.0,48846000.0,56559000.0
04017,43098000.0,4898000.0,47996000.0
04019,10843000.0,87130000.0,97973000.0
04021,804410000.0,365172000.0,1169582000.0
04023,4846000.0,6486000.0,11332000.0
04025,22120000.0,11889000.0,34009000.0
05001,618000.0,328084000.0,328702000.0
05003,19327000.0,96357000.0,115684000.0
05005,28062000.0,1317000.0,29379000.0
05007,862899000.0,8257000.0,871156000.0
05009,217420000.0,3153000.0,220573000.0
05011,59553000.0,7938000.0,67491000.0
05013,3242000.0,480000.0,3722000.0
05015,517113000.0,4358000.0,521471000.0
05019,19812000.0,6019000.0,25831000.0
05021,102186000.0,206156000.0,308342000.0
05023,42208000.0,1884000.0,44092000.0
05025,113662000.0,885000.0,114547000.0
05027,26680000.0,2622000.0,29302000.0
05029,229973000.0,18511000.0,248484000.0
05031,1410000.0,239606000.0,241016000.0
05033,48917000.0,19928000.0,68845000.0
05035,650000.0,260727000.0,261377000.0
05037,530000.0,221417000.0,221947000.0
05039,417000.0,148000.0,565000.0
05041,7279000.0,204748000.0,212027000.0
05043,34681000.0,43245000.0,77926000.0
05045,18827000.0,14967000.0,33794000.0
05047,223256000.0,5699000.0,228955000.0
05049,54260000.0,1414000.0,55674000.0
05051,12710000.0,4769000.0,17479000.0
05053,6275000.0,871000.0,7146000.0
05055,11685000.0,155230000.0,166915000.0
05057,361503000.0,7984000.0,369487000.0
05059,26789000.0,1335000.0,28124000.0
05061,350218000.0,2212000.0,352430000.0
05063,224617000.0,37113000.0,261730000.0
05065,79581000.0,1485000.0,81066000.0
05067,6459000.0,190922000.0,197381000.0
05069,13616000.0,216461000.0,230077000.0
05071,220439000.0,5824000.0,226263000.0
05073,122168000.0,30255000.0,152423000.0
05075,93410000.0,148322000.0,241732000.0
05077,457000.0,240354000.0,240811000.0
05079,128952000.0,151845000.0,280797000.0
05081,123476000.0,20180000.0,143656000.0
05083,296548000.0,12600000.0,309148000.0
05085,31392000.0,264720000.0,296112000.0
05087,372315000.0,8232000.0,380547000.0
05089,55941000.0,905000.0,56846000.0
05091,23108000.0,54771000.0,77879000.0
05093,2608000.0,460044000.0,462652000.0
05097,22730000.0,1272000.0,24002000.0
05099,93811000.0,4535000.0,98346000.0
05101,41629000.0,956000.0,42585000.0
05103,11718000.0,839000.0,12557000.0
05105,45238000.0,13506000.0,58744000.0
05107,948000.0,305505000.0,306453000.0
05109,129041000.0,1110000.0,130151000.0
05111,673000.0,262455000.0,263128000.0
05113,196982000.0,1730000.0,198712000.0
05115,204763000.0,17086000.0,221849000.0
05117,12646000.0,161013000.0,173659000.0
05119,12949000.0,17210000.0,30159000.0
05121,266664000.0,64406000.0,331070000.0
05123,390000.0,203112000.0,203502000.0
05125,9463000.0,2569000.0,12032000.0
05127,237339000.0,2115000.0,239454000.0
05129,32416000.0,1313000.0,33729000.0
05131,128646000.0,6711000.0,135357000.0
05133,320762000.0,1859000.0,322621000.0
05135,228093000.0,3549000.0,231642000.0
05137,92472000.0,2364000.0,94836000.0
05139,18213000.0,827000.0,19040000.0
05141,14208000.0,1397000.0,15605000.0
05143,690363000.0,11555000.0,701918000.0
05145,173652000.0,62649000.0,236301000.0
05149,366755000.0,17661000.0,384416000.0
06001,15238000.0,119191000.0,134429000.0
06005,9573000.0,15756000.0,25329000.0
06007,23636000.0,490451000.0,514087000.0
06009,24270000.0,7422000.0,31692000.0
06011,17726000.0,535080000.0,552806000.0
06013,16570000.0,76859000.0,93429000.0
06015,33277000.0,10911000.0,44188000.0
06017,8765000.0,23391000.0,32156000.0
06019,1896233000.0,5099734000.0,6995967000.0
06021,120537000.0,427890000.0,548427000.0
06023,88278000.0,90603000.0,178881000.0
06025,809205000.0,2236942000.0,3046147000.0
06027,9108000.0,14529000.0,23637000.0
06029,1080584000.0,3932779000.0,5013363000.0
06031,1061829000.0,1071407000.0,2133236000.0
06033,3640000.0,67322000.0,70962000.0
06035,32939000.0,65151000.0,98090000.0
06037,21909000.0,177940000.0,199849000.0
06039,785825000.0,1219319000.0,2005144000.0
06041,45085000.0,8937000.0,54022000.0
06043,29801000.0,4136000.0,33937000.0
06045,8559000.0,134525000.0,143084000.0
06047,2341966000.0,1637985000.0,3979951000.0
06049,41821000.0,122831000.0,164652000.0
06051,3476000.0,31651000.0,35127000.0
06053,51007000.0,5421074000.0,5472081000.0
06055,10715000.0,705888000.0,716603000.0
06057,3511000.0,9405000.0,12916000.0
06059,1175000.0,69533000.0,70708000.0
06061,21709000.0,29677000.0,51386000.0
06063,6975000.0,11113000.0,18088000.0
06065,160237000.0,1113260000.0,1273497000.0
06067,131311000.0,436983000.0,568294000.0
06069,40969000.0,312282000.0,353251000.0
06071,358289000.0,99258000.0,457547000.0
06073,87946000.0,1004974000.0,1092920000.0
06077,910695000.0,2119795000.0,3030490000.0
06079,42702000.0,1150226000.0,1192928000.0
06081,2678000.0,85184000.0,87862000.0
06083,38048000.0,2570654000.0,2608702000.0
06085,6500000.0,305321000.0,311821000.0
06087,22311000.0,683895000.0,706206000.0
06089,50898000.0,34759000.0,85657000.0
06091,4745000.0,840000.0,5585000.0
06093,36983000.0,258743000.0,295726000.0
06095,71069000.0,394167000.0,465236000.0
06097,308598000.0,667796000.0,976394000.0
06099,1479203000.0,1439992000.0,2919195000.0
06101,13539000.0,432934000.0,446473000.0
06103,52028000.0,143704000.0,195732000.0
06107,3474680000.0,2881689000.0,6356369000.0
06109,34948000.0,1727000.0,36675000.0
06111,9587000.0,2119347000.0,2128934000.0
06113,39719000.0,619006000.0,658725000.0
06115,31080000.0,222718000.0,253798000.0
08001,25004000.0,69359000.0,94363000.0
08003,8152000.0,104260000.0,112412000.0
08005,6233000.0,5114000.0,11347000.0
08007,8495000.0,3413000.0,11908000.0
08009,54960000.0,75907000.0,130867000.0
08011,35976000.0,18262000.0,54238000.0
08013,4272000.0,21408000.0,25680000.0
08014,3000.0,0.0,3000.0
08015,7198000.0,2919000.0,10117000.0
08017,22075000.0,76099000.0,98174000.0
08019,0.0,21000.0,21000.0
08021,14941000.0,29700000.0,44641000.0
08023,2350000.0,26363000.0,28713000.0
08027,2109000.0,3450000.0,5559000.0
08029,41986000.0,37099000.0,79085000.0
08031,6000.0,993000.0,999000.0
08033,2605000.0,4919000.0,7524000.0
08035,7870000.0,6995000.0,14865000.0
08037,4356000.0,4218000.0,8574000.0
08039,31477000.0,15642000.0,47119000.0
08041,12985000.0,11561000.0,24546000.0
08043,7047000.0,4347000.0,11394000.0
08045,18089000.0,6963000.0,25052000.0
08047,75000.0,6000.0,81000.0
08049,8962000.0,1381000.0,10343000.0
08051,16882000.0,4408000.0,21290000.0
08053,155000.0,21000.0,176000.0
08057,40230000.0,8254000.0,48484000.0
08059,1963000.0,23125000.0,25088000.0
08061,22671000.0,57808000.0,80479000.0
08063,573904000.0,191157000.0,765061000.0
08065,1460000.0,164000.0,1624000.0
08067,16634000.0,16440000.0,33074000.0
08069,177088000.0,93528000.0,270616000.0
08071,27672000.0,3962000.0,31634000.0
08073,37195000.0,47801000.0,84996000.0
08075,612459000.0,120275000.0,732734000.0
08077,36863000.0,53900000.0,90763000.0
08079,713000.0,302000.0,1015000.0
08081,35641000.0,4301000.0,39942000.0
08083,10795000.0,27072000.0,37867000.0
08085,58457000.0,29443000.0,87900000.0
08087,670023000.0,95870000.0,765893000.0
08089,87615000.0,44995000.0,132610000.0
08091,2704000.0,577000.0,3281000.0
08093,6348000.0,1800000.0,8148000.0
08095,88357000.0,148205000.0,236562000.0
08099,347877000.0,81766000.0,429643000.0
08101,25433000.0,26590000.0,52023000.0
08103,18304000.0,4889000.0,23193000.0
08105,9631000.0,141102000.0,150733000.0
08107,37620000.0,10249000.0,47869000.0
08109,17314000.0,140333000.0,157647000.0
08113,4685000.0,733000.0,5418000.0
08115,32752000.0,64271000.0,97023000.0
08117,2166000.0,490000.0,2656000.0
08119,1595000.0,86000.0,1681000.0
08121,127478000.0,114287000.0,241765000.0
08123,1944868000.0,439837000.0,2384705000.0
08125,803132000.0,287474000.0,1090606000.0
09001,14096000.0,21258000.0,35354000.0
09003,7025000.0,91161000.0,98186000.0
09005,28783000.0,29836000.0,58619000.0
09007,2908000.0,52808000.0,55716000.0
09009,7638000.0,126265000.0,133903000.0
09011,80109000.0,110318000.0,190427000.0
09013,25370000.0,50002000.0,75372000.0
09015,28824000.0,27633000.0,56457000.0
10001,396998000.0,173669000.0,570667000.0
10003,54840000.0,53790000.0,108630000.0
10005,1173217000.0,243241000.0,1416458000.0
12001,24023000.0,122338000.0,146361000.0
12003,2547000.0,18595000.0,21142000.0
12005,731000.0,2954000.0,3685000.0
12007,13038000.0,9334000.0,22372000.0
12009,18953000.0,68213000.0,87166000.0
12011,4186000.0,58910000.0,63096000.0
12013,4436000.0,23242000.0,27678000.0
12015,8010000.0,59168000.0,67178000.0
12017,8730000.0,14934000.0,23664000.0
12019,4395000.0,2158000.0,6553000.0
12021,6794000.0,381075000.0,387869000.0
12023,28338000.0,35176000.0,63514000.0
12027,37622000.0,180429000.0,218051000.0
12029,1403000.0,9398000.0,10801000.0
12031,1280000.0,5520000.0,6800000.0
12033,7173000.0,38872000.0,46045000.0
12035,1932000.0,56578000.0,58510000.0
12037,980000.0,45000.0,1025000.0
12039,8321000.0,40508000.0,48829000.0
12041,148363000.0,67989000.0,216352000.0
12043,40790000.0,84564000.0,125354000.0
12045,2369000.0,493000.0,2862000.0
12047,26422000.0,26140000.0,52562000.0
12049,62439000.0,166074000.0,228513000.0
12051,30011000.0,602629000.0,632640000.0
12053,7482000.0,29047000.0,36529000.0
12055,40410000.0,185063000.0,225473000.0
12057,42963000.0,661031000.0,703994000.0
12059,13549000.0,17327000.0,30876000.0
12061,33016000.0,91083000.0,124099000.0
12063,30947000.0,81211000.0,112158000.0
12065,34953000.0,79633000.0,114586000.0
12067,99782000.0,53545000.0,153327000.0
12069,24084000.0,252681000.0,276765000.0
12071,17195000.0,115680000.0,132875000.0
12073,1150000.0,11905000.0,13055000.0
12075,75937000.0,68644000.0,144581000.0
12077,2594000.0,177000.0,2771000.0
12079,79119000.0,89535000.0,168654000.0
12081,43197000.0,278621000.0,321818000.0
12083,159257000.0,61320000.0,220577000.0
12085,11119000.0,109866000.0,120985000.0
12086,29628000.0,1106142000.0,1135770000.0
12087,10398000.0,144000.0,10542000.0
12089,12163000.0,3092000.0,15255000.0
12091,1670000.0,4791000.0,6461000.0
12093,255188000.0,47163000.0,302351000.0
12095,17233000.0,377377000.0,394610000.0
12097,60067000.0,38635000.0,98702000.0
12099,36718000.0,1214278000.0,1250996000.0
12101,68019000.0,69313000.0,137332000.0
12103,261000.0,6831000.0,7092000.0
12105,65296000.0,238431000.0,303727000.0
12107,12542000.0,62235000.0,74777000.0
12109,1922000.0,55911000.0,57833000.0
12111,13551000.0,98925000.0,112476000.0
12113,4021000.0,60195000.0,64216000.0
12115,8017000.0,40506000.0,48523000.0
12117,5710000.0,10377000.0,16087000.0
12119,37933000.0,48531000.0,86464000.0
12121,210682000.0,79359000.0,290041000.0
12123,20235000.0,1766000.0,22001000.0
12125,2543000.0,5316000.0,7859000.0
12127,7172000.0,243898000.0,251070000.0
12129,3463000.0,7609000.0,11072000.0
12131,27111000.0,11981000.0,39092000.0
12133,3708000.0,4800000.0,8508000.0
13001,134776000.0,61457000.0,196233000.0
13003,39480000.0,46282000.0,85762000.0
13005,45207000.0,62048000.0,107255000.0
13007,15286000.0,43610000.0,58896000.0
13009,754000.0,1153000.0,1907000.0
13011,233662000.0,2813000.0,236475000.0
13013,91912000.0,927000.0,92839000.0
13015,99515000.0,26863000.0,126378000.0
13017,6767000.0,15132000.0,21899000.0
13019,39443000.0,68709000.0,108152000.0
13021,20003000.0,277000.0,20280000.0
13023,545000.0,13449000.0,13994000.0
13027,76462000.0,116667000.0,193129000.0
13029,993000.0,1402000.0,2395000.0
13031,22319000.0,97062000.0,119381000.0
13033,60827000.0,81307000.0,142134000.0
13035,1411000.0,2718000.0,4129000.0
13037,17549000.0,69522000.0,87071000.0
13039,390000.0,598000.0,988000.0
13043,6229000.0,26927000.0,33156000.0
13045,283004000.0,27937000.0,310941000.0
13047,37245000.0,912000.0,38157000.0
13049,1597000.0,299000.0,1896000.0
13051,1225000.0,8924000.0,10149000.0
13055,92001000.0,4734000.0,96735000.0
13057,18287000.0,5244000.0,23531000.0
13061,2730000.0,16238000.0,18968000.0
13063,122000.0,106000.0,228000.0
13065,4598000.0,66546000.0,71144000.0
13069,191223000.0,101887000.0,293110000.0
13071,195101000.0,190651000.0,385752000.0
13073,815000.0,5182000.0,5997000.0
13075,65799000.0,64080000.0,129879000.0
13077,2788000.0,12353000.0,15141000.0
13079,85593000.0,8164000.0,93757000.0
13081,14321000.0,76688000.0,91009000.0
13083,51635000.0,1013000.0,52648000.0
13085,122791000.0,596000.0,123387000.0
13087,32182000.0,188340000.0,220522000.0
13089,7000.0,479000.0,486000.0
13091,5159000.0,16926000.0,22085000.0
13093,17837000.0,144648000.0,162485000.0
13095,2300000.0,17326000.0,19626000.0
13097,1898000.0,523000.0,2421000.0
13099,8226000.0,58017000.0,66243000.0
13101,4086000.0,14377000.0,18463000.0
13103,725000.0,16395000.0,17120000.0
13105,176857000.0,5651000.0,182508000.0
13107,1107000.0,27036000.0,28143000.0
13109,22880000.0,20831000.0,43711000.0
13111,15677000.0,3909000.0,19586000.0
13113,428000.0,1404000.0,1832000.0
13115,61699000.0,7901000.0,69600000.0
13117,32827000.0,7469000.0,40296000.0
13119,481771000.0,4704000.0,486475000.0
13121,6460000.0,1072000.0,7532000.0
13123,270870000.0,6714000.0,277584000.0
13125,411000.0,2465000.0,2876000.0
13127,384000.0,167000.0,551000.0
13129,349797000.0,18611000.0,368408000.0
13131,84209000.0,60386000.0,144595000.0
13133,71885000.0,8565000.0,80450000.0
13135,318000.0,9597000.0,9915000.0
13137,130954000.0,2831000.0,133785000.0
13139,201844000.0,6631000.0,208475000.0
13141,3553000.0,1417000.0,4970000.0
13143,82876000.0,1868000.0,84744000.0
13145,1767000.0,2697000.0,4464000.0
13147,357073000.0,25958000.0,383031000.0
13149,65055000.0,3050000.0,68105000.0
13151,1000000.0,2635000.0,3635000.0
13153,11260000.0,17140000.0,28400000.0
13155,13201000.0,58462000.0,71663000.0
13157,289746000.0,6374000.0,296120000.0
13159,83785000.0,2049000.0,85834000.0
13161,29367000.0,27324000.0,56691000.0
13163,11717000.0,65736000.0,77453000.0
13165,2462000.0,20877000.0,23339000.0
13167,1837000.0,15949000.0,17786000.0
13169,20524000.0,995000.0,21519000.0
13171,51349000.0,12150000.0,63499000.0
13173,230000.0,26601000.0,26831000.0
13175,9073000.0,26208000.0,35281000.0
13179,170000.0,151000.0,321000.0
13181,7409000.0,829000.0,8238000.0
13183,12149000.0,3119000.0,15268000.0
13185,1291000.0,37161000.0,38452000.0
13187,91327000.0,2888000.0,94215000.0
13193,319735000.0,67556000.0,387291000.0
13195,396902000.0,5758000.0,402660000.0
13197,11883000.0,5900000.0,17783000.0
13199,5048000.0,10021000.0,15069000.0
13201,11648000.0,86134000.0,97782000.0
13205,182688000.0,163404000.0,346092000.0
13207,91221000.0,0.0,91221000.0
13209,2933000.0,22405000.0,25338000.0
13211,138628000.0,7179000.0,145807000.0
13213,193081000.0,12409000.0,205490000.0
13215,4000.0,162000.0,166000.0
13217,7687000.0,2266000.0,9953000.0
13219,28021000.0,25116000.0,53137000.0
13221,388667000.0,18754000.0,407421000.0
13223,5064000.0,1254000.0,6318000.0
13225,7046000.0,75551000.0,82597000.0
13227,62990000.0,1676000.0,64666000.0
13229,13096000.0,39167000.0,52263000.0
13231,8153000.0,4614000.0,12767000.0
13233,44153000.0,16636000.0,60789000.0
13235,22370000.0,28261000.0,50631000.0
13237,29549000.0,2914000.0,32463000.0
13239,564000.0,0.0,564000.0
13241,6829000.0,9431000.0,16260000.0
13243,2463000.0,47130000.0,49593000.0
13245,215000.0,3233000.0,3448000.0
13247,635000.0,326000.0,961000.0
13251,3623000.0,71760000.0,75383000.0
13253,2560000.0,78835000.0,81395000.0
13255,4561000.0,1872000.0,6433000.0
13257,93091000.0,876000.0,93967000.0
13259,496000.0,14014000.0,14510000.0
13261,96079000.0,88129000.0,184208000.0
13263,402000.0,376000.0,778000.0
13265,72880000.0,110000.0,72990000.0
13267,372493000.0,141555000.0,514048000.0
13269,38206000.0,30593000.0,68799000.0
13271,1419000.0,17915000.0,19334000.0
13273,653000.0,93178000.0,93831000.0
13275,39785000.0,74142000.0,113927000.0
13277,2583000.0,70450000.0,73033000.0
13279,46363000.0,77017000.0,123380000.0
13281,372000.0,307000.0,679000.0
13283,477000.0,13390000.0,13867000.0
13285,2278000.0,2356000.0,4634000.0
13287,11601000.0,53338000.0,64939000.0
13289,911000.0,15782000.0,16693000.0
13291,33056000.0,6753000.0,39809000.0
13293,47681000.0,2792000.0,50473000.0
13295,176117000.0,9521000.0,185638000.0
13297,27960000.0,9395000.0,37355000.0
13299,8105000.0,30298000.0,38403000.0
13301,1266000.0,3016000.0,4282000.0
13303,8094000.0,17542000.0,25636000.0
13305,20579000.0,24671000.0,45250000.0
13309,387000.0,19567000.0,19954000.0
13311,100648000.0,3119000.0,103767000.0
13313,134829000.0,1911000.0,136740000.0
13315,70979000.0,49544000.0,120523000.0
13317,114953000.0,8971000.0,123924000.0
13319,4907000.0,899000.0,5806000.0
13321,19397000.0,140072000.0,159469000.0
16001,151990000.0,39332000.0,191322000.0
16003,12812000.0,2764000.0,15576000.0
16005,13026000.0,32650000.0,45676000.0
16007,16928000.0,12106000.0,29034000.0
16009,459000.0,24985000.0,25444000.0
16011,99604000.0,476088000.0,575692000.0
16013,16507000.0,48959000.0,65466000.0
16015,2455000.0,4876000.0,7331000.0
16017,4376000.0,10334000.0,14710000.0
16019,74733000.0,181323000.0,256056000.0
16021,4096000.0,44816000.0,48912000.0
16025,5114000.0,27581000.0,32695000.0
16027,375471000.0,453907000.0,829378000.0
16029,32828000.0,81384000.0,114212000.0
16031,762844000.0,390187000.0,1153031000.0
16033,9864000.0,39187000.0,49051000.0
16035,4991000.0,3490000.0,8481000.0
16037,20136000.0,10956000.0,31092000.0
16039,497702000.0,94044000.0,591746000.0
16041,94264000.0,37557000.0,131821000.0
16043,19163000.0,228065000.0,247228000.0
16045,15711000.0,22149000.0,37860000.0
16047,981724000.0,135890000.0,1117614000.0
16049,26212000.0,49927000.0,76139000.0
16051,164696000.0,216106000.0,380802000.0
16053,742980000.0,201101000.0,944081000.0
16055,3762000.0,19591000.0,23353000.0
16057,3885000.0,97626000.0,101511000.0
16059,24120000.0,8060000.0,32180000.0
16063,219244000.0,35359000.0,254603000.0
16065,5920000.0,206490000.0,212410000.0
16067,134985000.0,412353000.0,547338000.0
16069,6482000.0,89503000.0,95985000.0
16071,16269000.0,37465000.0,53734000.0
16073,364331000.0,98692000.0,463023000.0
16075,231798000.0,81867000.0,313665000.0
16077,61045000.0,299477000.0,360522000.0
16079,137000.0,85000.0,222000.0
16081,5368000.0,57258000.0,62626000.0
16083,856664000.0,279269000.0,1135933000.0
16085,10738000.0,1685000.0,12423000.0
16087,22040000.0,39570000.0,61610000.0
17001,140932000.0,268222000.0,409154000.0
17003,403000.0,27547000.0,27950000.0
17005,8918000.0,114450000.0,123368000.0
17007,20964000.0,124801000.0,145765000.0
17009,20762000.0,64168000.0,84930000.0
17011,54789000.0,509821000.0,564610000.0
17013,4603000.0,41690000.0,46293000.0
17015,82316000.0,261943000.0,344259000.0
17017,22151000.0,133955000.0,156106000.0
17019,13992000.0,569095000.0,583087000.0
17021,35421000.0,365236000.0,400657000.0
17023,50339000.0,198377000.0,248716000.0
17025,12015000.0,156909000.0,168924000.0
17027,179066000.0,233923000.0,412989000.0
17029,12586000.0,184390000.0,196976000.0
17031,3010000.0,19388000.0,22398000.0
17033,16408000.0,174035000.0,190443000.0
17035,45182000.0,119450000.0,164632000.0
17037,166256000.0,377578000.0,543834000.0
17039,2599000.0,181473000.0,184072000.0
17041,4989000.0,216177000.0,221166000.0
17043,93000.0,7178000.0,7271000.0
17047,7256000.0,81633000.0,88889000.0
17049,95346000.0,203160000.0,298506000.0
17051,28404000.0,218883000.0,247287000.0
17053,43266000.0,256541000.0,299807000.0
17055,30557000.0,98601000.0,129158000.0
17057,48827000.0,256289000.0,305116000.0
17059,2766000.0,142222000.0,144988000.0
17061,42204000.0,212535000.0,254739000.0
17063,1416000.0,185699000.0,187115000.0
17065,1589000.0,141754000.0,143343000.0
17067,107372000.0,312978000.0,420350000.0
17071,27046000.0,164640000.0,191686000.0
17073,68295000.0,439738000.0,508033000.0
17075,130155000.0,641908000.0,772063000.0
17077,18305000.0,168318000.0,186623000.0
17079,82455000.0,180310000.0,262765000.0
17081,19955000.0,116131000.0,136086000.0
17083,4833000.0,118133000.0,122966000.0
17085,64448000.0,178076000.0,242524000.0
17087,7542000.0,21406000.0,28948000.0
17089,58190000.0,225813000.0,284003000.0
17091,42866000.0,324658000.0,367524000.0
17093,856000.0,153698000.0,154554000.0
17095,76335000.0,383997000.0,460332000.0
17097,6045000.0,40971000.0,47016000.0
17099,32249000.0,581926000.0,614175000.0
17101,77142000.0,182955000.0,260097000.0
17103,25040000.0,375022000.0,400062000.0
17105,108299000.0,604277000.0,712576000.0
17107,30289000.0,405673000.0,435962000.0
17109,41060000.0,237393000.0,278453000.0
17111,30827000.0,213422000.0,244249000.0
17113,113420000.0,607743000.0,721163000.0
17115,4992000.0,286487000.0,291479000.0
17117,75383000.0,368610000.0,443993000.0
17119,13754000.0,207949000.0,221703000.0
17121,72273000.0,160579000.0,232852000.0
17123,2590000.0,194312000.0,196902000.0
17125,16175000.0,298972000.0,315147000.0
17127,3362000.0,67287000.0,70649000.0
17129,3707000.0,133921000.0,137628000.0
17131,133593000.0,223292000.0,356885000.0
17133,16420000.0,116302000.0,132722000.0
17135,125798000.0,320720000.0,446518000.0
17137,15546000.0,239131000.0,254677000.0
17139,12528000.0,181117000.0,193645000.0
17141,101996000.0,374799000.0,476795000.0
17143,13502000.0,236055000.0,249557000.0
17145,6369000.0,104181000.0,110550000.0
17147,697000.0,255139000.0,255836000.0
17149,89248000.0,263976000.0,353224000.0
17151,2512000.0,15729000.0,18241000.0
17153,2503000.0,59264000.0,61767000.0
17155,5620000.0,53029000.0,58649000.0
17157,24045000.0,149347000.0,173392000.0
17159,35582000.0,150614000.0,186196000.0
17161,20798000.0,119103000.0,139901000.0
17163,35395000.0,206503000.0,241898000.0
17165,47159000.0,87400000.0,134559000.0
17167,16617000.0,503959000.0,520576000.0
17169,37562000.0,106974000.0,144536000.0
17171,17010000.0,84197000.0,101207000.0
17173,42560000.0,292486000.0,335046000.0
17175,16219000.0,168975000.0,185194000.0
17177,187975000.0,259752000.0,447727000.0
17179,31436000.0,346372000.0,377808000.0
17181,3438000.0,51168000.0,54606000.0
17183,13364000.0,435961000.0,449325000.0
17185,3535000.0,82498000.0,86033000.0
17187,38794000.0,265246000.0,304040000.0
17189,85573000.0,278463000.0,364036000.0
17191,79137000.0,193439000.0,272576000.0
17193,5269000.0,190255000.0,195524000.0
17195,106056000.0,346974000.0,453030000.0
17197,7793000.0,226933000.0,234726000.0
17199,9105000.0,43156000.0,52261000.0
17201,35199000.0,134839000.0,170038000.0
17203,86604000.0,258235000.0,344839000.0
18001,192823000.0,173313000.0,366136000.0
18003,55600000.0,254903000.0,310503000.0
18005,17806000.0,110964000.0,128770000.0
18007,73956000.0,224401000.0,298357000.0
18009,15301000.0,62875000.0,78176000.0
18011,18351000.0,211879000.0,230230000.0
18013,480000.0,4493000.0,4973000.0
18015,110423000.0,189484000.0,299907000.0
18017,54573000.0,198376000.0,252949000.0
18019,8163000.0,50736000.0,58899000.0
18021,2395000.0,141299000.0,143694000.0
18023,69122000.0,205049000.0,274171000.0
18025,10830000.0,17220000.0,28050000.0
18027,249533000.0,153610000.0,403143000.0
18029,3844000.0,9250000.0,13094000.0
18031,136918000.0,153814000.0,290732000.0
18033,40811000.0,125795000.0,166606000.0
18035,11228000.0,145015000.0,156243000.0
18037,392944000.0,94744000.0,487688000.0
18039,351374000.0,146413000.0,497787000.0
18041,1149000.0,77572000.0,78721000.0
18043,1308000.0,5613000.0,6921000.0
18045,7412000.0,168406000.0,175818000.0
18047,12126000.0,90891000.0,103017000.0
18049,49970000.0,145336000.0,195306000.0
18051,46448000.0,222298000.0,268746000.0
18053,20654000.0,147104000.0,167758000.0
18055,69394000.0,110731000.0,180125000.0
18057,2251000.0,138518000.0,140769000.0
18059,47965000.0,158849000.0,206814000.0
18061,43322000.0,64633000.0,107955000.0
18063,10708000.0,111523000.0,122231000.0
18065,48308000.0,152576000.0,200884000.0
18067,10421000.0,126968000.0,137389000.0
18069,110523000.0,192513000.0,303036000.0
18071,146633000.0,118072000.0,264705000.0
18073,316664000.0,273010000.0,589674000.0
18075,441294000.0,161672000.0,602966000.0
18077,5609000.0,36934000.0,42543000.0
18079,29726000.0,66842000.0,96568000.0
18081,3015000.0,119604000.0,122619000.0
18083,75232000.0,341602000.0,416834000.0
18085,191655000.0,237248000.0,428903000.0
18087,391417000.0,102601000.0,494018000.0
18089,2674000.0,97283000.0,99957000.0
18091,36702000.0,272100000.0,308802000.0
18093,18134000.0,32663000.0,50797000.0
18095,6975000.0,199084000.0,206059000.0
18097,2092000.0,14244000.0,16336000.0
18099,102499000.0,160235000.0,262734000.0
18101,81062000.0,28747000.0,109809000.0
18103,94827000.0,174319000.0,269146000.0
18105,3645000.0,12999000.0,16644000.0
18107,14675000.0,220792000.0,235467000.0
18109,13655000.0,108718000.0,122373000.0
18111,267689000.0,174716000.0,442405000.0
18113,81412000.0,118460000.0,199872000.0
18115,565000.0,4266000.0,4831000.0
18117,167795000.0,53129000.0,220924000.0
18119,2619000.0,29377000.0,31996000.0
18121,18887000.0,116947000.0,135834000.0
18123,25798000.0,21697000.0,47495000.0
18125,28463000.0,56655000.0,85118000.0
18127,1589000.0,100362000.0,101951000.0
18129,4450000.0,217933000.0,222383000.0
18131,143786000.0,225487000.0,369273000.0
18133,16418000.0,127755000.0,144173000.0
18135,120308000.0,208505000.0,328813000.0
18137,17072000.0,116474000.0,133546000.0
18139,46872000.0,175822000.0,222694000.0
18141,32108000.0,130136000.0,162244000.0
18143,2955000.0,25118000.0,28073000.0
18145,6939000.0,201254000.0,208193000.0
18147,36797000.0,111883000.0,148680000.0
18149,3765000.0,71718000.0,75483000.0
18151,15903000.0,66720000.0,82623000.0
18153,20350000.0,150703000.0,171053000.0
18155,2308000.0,21283000.0,23591000.0
18157,37238000.0,206937000.0,244175000.0
18159,49550000.0,153477000.0,203027000.0
18161,8672000.0,58159000.0,66831000.0
18163,1062000.0,49034000.0,50096000.0
18165,9726000.0,82747000.0,92473000.0
18167,11282000.0,81067000.0,92349000.0
18169,237319000.0,157082000.0,394401000.0
18171,42770000.0,173882000.0,216652000.0
18173,4607000.0,99069000.0,103676000.0
18175,147586000.0,110612000.0,258198000.0
18177,24169000.0,108671000.0,132840000.0
18179,127198000.0,186302000.0,313500000.0
18181,137712000.0,301611000.0,439323000.0
18183,58303000.0,129394000.0,187697000.0
19001,90146000.0,170010000.0,260156000.0
19003,66999000.0,126305000.0,193304000.0
19005,206054000.0,126944000.0,332998000.0
19007,20600000.0,53121000.0,73721000.0
19009,199844000.0,218228000.0,418072000.0
19011,109155000.0,340534000.0,449689000.0
19013,166801000.0,284772000.0,451573000.0
19015,83800000.0,312238000.0,396038000.0
19017,112860000.0,224823000.0,337683000.0
19019,193875000.0,369758000.0,563633000.0
19021,578840000.0,290561000.0,869401000.0
19023,179725000.0,290218000.0,469943000.0
19025,215330000.0,279217000.0,494547000.0
19027,418295000.0,321869000.0,740164000.0
19029,165512000.0,205721000.0,371233000.0
19031,125459000.0,365481000.0,490940000.0
19033,77494000.0,331604000.0,409098000.0
19035,286772000.0,264896000.0,551668000.0
19037,249566000.0,253816000.0,503382000.0
19039,93037000.0,32805000.0,125842000.0
19041,209444000.0,250984000.0,460428000.0
19043,265325000.0,257152000.0,522477000.0
19045,159542000.0,311105000.0,470647000.0
19047,279614000.0,395614000.0,675228000.0
19049,91662000.0,239758000.0,331420000.0
19051,87729000.0,60389000.0,148118000.0
19053,73884000.0,51359000.0,125243000.0
19055,453602000.0,317090000.0,770692000.0
19057,28407000.0,117380000.0,145787000.0
19059,87428000.0,141447000.0,228875000.0
19061,359167000.0,246976000.0,606143000.0
19063,170695000.0,204779000.0,375474000.0
19065,337881000.0,347244000.0,685125000.0
19067,179440000.0,274945000.0,454385000.0
19069,355957000.0,338844000.0,694801000.0
19071,18540000.0,226629000.0,245169000.0
19073,176220000.0,284810000.0,461030000.0
19075,138326000.0,348394000.0,486720000.0
19077,129891000.0,175216000.0,305107000.0
19079,423364000.0,370837000.0,794201000.0
19081,326543000.0,347975000.0,674518000.0
19083,467200000.0,338318000.0,805518000.0
19085,65343000.0,262326000.0,327669000.0
19087,80914000.0,149663000.0,230577000.0
19089,319730000.0,266736000.0,586466000.0
19091,77419000.0,210382000.0,287801000.0
19093,126112000.0,201728000.0,327840000.0
19095,91446000.0,247348000.0,338794000.0
19097,150527000.0,176285000.0,326812000.0
19099,119775000.0,363487000.0,483262000.0
19101,42116000.0,111599000.0,153715000.0
19103,125883000.0,200646000.0,326529000.0
19105,137240000.0,259702000.0,396942000.0
19107,142502000.0,159130000.0,301632000.0
19109,352826000.0,571903000.0,924729000.0
19111,48054000.0,131487000.0,179541000.0
19113,84146000.0,312165000.0,396311000.0
19115,118320000.0,142993000.0,261313000.0
19117,51791000.0,39287000.0,91078000.0
19119,988966000.0,269534000.0,1258500000.0
19121,79843000.0,155667000.0,235510000.0
19123,205046000.0,212990000.0,418036000.0
19125,26064000.0,128260000.0,154324000.0
19127,132697000.0,314107000.0,446804000.0
19129,2013000.0,171085000.0,173098000.0
19131,254830000.0,239041000.0,493871000.0
19133,30767000.0,294187000.0,324954000.0
19135,61483000.0,48482000.0,109965000.0
19137,44730000.0,194385000.0,239115000.0
19139,103678000.0,167634000.0,271312000.0
19141,402521000.0,247812000.0,650333000.0
19143,503528000.0,196269000.0,699797000.0
19145,30464000.0,194473000.0,224937000.0
19147,458224000.0,325165000.0,783389000.0
19149,709802000.0,407014000.0,1116816000.0
19151,252665000.0,293453000.0,546118000.0
19153,8102000.0,153028000.0,161130000.0
19155,117765000.0,487545000.0,605310000.0
19157,172033000.0,214705000.0,386738000.0
19159,133826000.0,92775000.0,226601000.0
19161,361588000.0,323463000.0,685051000.0
19163,108547000.0,206604000.0,315151000.0
19165,201236000.0,317540000.0,518776000.0
19167,1895154000.0,449282000.0,2344436000.0
19169,101259000.0,284887000.0,386146000.0
19171,106341000.0,300093000.0,406434000.0
19173,100403000.0,152111000.0,252514000.0
19175,123374000.0,89973000.0,213347000.0
19177,72019000.0,77982000.0,150001000.0
19179,42498000.0,96455000.0,138953000.0
19181,17928000.0,153046000.0,170974000.0
19183,753971000.0,198590000.0,952561000.0
19185,26501000.0,120049000.0,146550000.0
19187,129605000.0,327080000.0,456685000.0
19189,165546000.0,188509000.0,354055000.0
19191,285564000.0,256870000.0,542434000.0
19193,196054000.0,380926000.0,576980000.0
19195,23450000.0,143726000.0,167176000.0
19197,346454000.0,372955000.0,719409000.0
20001,22493000.0,36387000.0,58880000.0
20003,25412000.0,55434000.0,80846000.0
20005,19403000.0,89228000.0,108631000.0
20007,59149000.0,43111000.0,102260000.0
20009,370660000.0,120735000.0,491395000.0
20011,53330000.0,23818000.0,77148000.0
20013,34719000.0,234466000.0,269185000.0
20015,254531000.0,90350000.0,344881000.0
20017,108012000.0,27064000.0,135076000.0
20019,40206000.0,11354000.0,51560000.0
20021,30579000.0,66147000.0,96726000.0
20023,103241000.0,79895000.0,183136000.0
20025,169843000.0,16380000.0,186223000.0
20027,45119000.0,106859000.0,151978000.0
20029,17488000.0,95456000.0,112944000.0
20031,35834000.0,49839000.0,85673000.0
20033,33314000.0,20712000.0,54026000.0
20035,60318000.0,55952000.0,116270000.0
20037,43039000.0,50076000.0,93115000.0
20039,214427000.0,47411000.0,261838000.0
20041,94147000.0,95815000.0,189962000.0
20043,4288000.0,127792000.0,132080000.0
20045,13689000.0,72753000.0,86442000.0
20047,201839000.0,116221000.0,318060000.0
20049,30582000.0,11776000.0,42358000.0
20051,32707000.0,60794000.0,93501000.0
20053,20779000.0,27187000.0,47966000.0
20055,913223000.0,209091000.0,1122314000.0
20057,534883000.0,132898000.0,667781000.0
20059,59202000.0,67005000.0,126207000.0
20061,23219000.0,30420000.0,53639000.0
20063,254695000.0,79265000.0,333960000.0
20065,12989000.0,42230000.0,55219000.0
20067,956791000.0,95730000.0,1052521000.0
20069,1125896000.0,145636000.0,1271532000.0
20071,189088000.0,77200000.0,266288000.0
20073,137050000.0,25464000.0,162514000.0
20075,458772000.0,57717000.0,516489000.0
20077,47886000.0,52356000.0,100242000.0
20079,69316000.0,110569000.0,179885000.0
20081,1495983000.0,140366000.0,1636349000.0
20083,164036000.0,62504000.0,226540000.0
20085,42848000.0,47762000.0,90610000.0
20087,28012000.0,48945000.0,76957000.0
20089,33324000.0,125244000.0,158568000.0
20091,4736000.0,14406000.0,19142000.0
20093,261762000.0,107943000.0,369705000.0
20095,25643000.0,55160000.0,80803000.0
20097,29563000.0,45837000.0,75400000.0
20099,111777000.0,46142000.0,157919000.0
20103,17228000.0,44885000.0,62113000.0
20105,36578000.0,34764000.0,71342000.0
20107,18911000.0,32715000.0,51626000.0
20109,27117000.0,55289000.0,82406000.0
20111,102929000.0,56629000.0,159558000.0
20113,130454000.0,181673000.0,312127000.0
20115,80384000.0,106888000.0,187272000.0
20117,45533000.0,171039000.0,216572000.0
20119,230234000.0,160516000.0,390750000.0
20121,24187000.0,55171000.0,79358000.0
20123,61412000.0,107453000.0,168865000.0
20125,34377000.0,36267000.0,70644000.0
20127,70547000.0,56328000.0,126875000.0
20129,113320000.0,53289000.0,166609000.0
20131,260207000.0,187782000.0,447989000.0
20133,59694000.0,35461000.0,95155000.0
20135,27496000.0,57171000.0,84667000.0
20137,60581000.0,43135000.0,103716000.0
20139,19863000.0,57443000.0,77306000.0
20141,17194000.0,75331000.0,92525000.0
20143,51491000.0,80054000.0,131545000.0
20147,43673000.0,73493000.0,117166000.0
20149,80919000.0,70531000.0,151450000.0
20151,184438000.0,144215000.0,328653000.0
20153,24193000.0,51552000.0,75745000.0
20155,229031000.0,170335000.0,399366000.0
20157,98343000.0,155867000.0,254210000.0
20159,193970000.0,103138000.0,297108000.0
20161,22927000.0,44092000.0,67019000.0
20163,30890000.0,82069000.0,112959000.0
20165,31139000.0,53723000.0,84862000.0
20167,23317000.0,43495000.0,66812000.0
20169,13740000.0,56197000.0,69937000.0
20171,1320960000.0,84476000.0,1405436000.0
20173,31031000.0,144026000.0,175057000.0
20175,276989000.0,121032000.0,398021000.0
20177,6859000.0,44879000.0,51738000.0
20179,306595000.0,90709000.0,397304000.0
20181,40231000.0,140337000.0,180568000.0
20183,64832000.0,128980000.0,193812000.0
20185,138489000.0,99631000.0,238120000.0
20187,74231000.0,68604000.0,142835000.0
20189,242534000.0,158323000.0,400857000.0
20191,13743000.0,168143000.0,181886000.0
20193,155604000.0,133533000.0,289137000.0
20195,19881000.0,48534000.0,68415000.0
20197,52321000.0,33694000.0,86015000.0
20199,39568000.0,75833000.0,115401000.0
20201,122184000.0,142409000.0,264593000.0
20203,491372000.0,98907000.0,590279000.0
20205,16831000.0,50654000.0,67485000.0
20207,40531000.0,32978000.0,73509000.0
20209,779000.0,4893000.0,5672000.0
21001,83323000.0,19974000.0,103297000.0
21003,55904000.0,20580000.0,76484000.0
21005,9682000.0,3717000.0,13399000.0
21007,41039000.0,58302000.0,99341000.0
21009,127098000.0,54232000.0,181330000.0
21011,12758000.0,12447000.0,25205000.0
21013,214000.0,1066000.0,1280000.0
21015,4552000.0,10240000.0,14792000.0
21017,219376000.0,31443000.0,250819000.0
21019,564000.0,504000.0,1068000.0
21021,32155000.0,22587000.0,54742000.0
21023,4108000.0,8293000.0,12401000.0
21025,657000.0,734000.0,1391000.0
21027,57714000.0,60228000.0,117942000.0
21029,1275000.0,8085000.0,9360000.0
21031,22072000.0,41871000.0,63943000.0
21033,5572000.0,61804000.0,67376000.0
21035,60830000.0,71285000.0,132115000.0
21037,1998000.0,3783000.0,5781000.0
21039,54930000.0,74263000.0,129193000.0
21041,1999000.0,2596000.0,4595000.0
21043,4157000.0,3740000.0,7897000.0
21045,25034000.0,23413000.0,48447000.0
21047,47651000.0,216120000.0,263771000.0
21049,30660000.0,14689000.0,45349000.0
21051,939000.0,2741000.0,3680000.0
21053,43048000.0,5261000.0,48309000.0
21055,10966000.0,53578000.0,64544000.0
21057,5105000.0,5599000.0,10704000.0
21059,132594000.0,203336000.0,335930000.0
21061,36886000.0,22492000.0,59378000.0
21063,1699000.0,1335000.0,3034000.0
21065,1936000.0,1711000.0,3647000.0
21067,319102000.0,13999000.0,333101000.0
21069,31951000.0,16963000.0,48914000.0
21071,120000.0,207000.0,327000.0
21073,12770000.0,7975000.0,20745000.0
21075,25724000.0,62090000.0,87814000.0
21077,713000.0,10608000.0,11321000.0
21079,21072000.0,15854000.0,36926000.0
21081,4688000.0,4938000.0,9626000.0
21083,332891000.0,140864000.0,473755000.0
21085,47516000.0,35188000.0,82704000.0
21087,27555000.0,51219000.0,78774000.0
21089,2432000.0,4172000.0,6604000.0
21091,7156000.0,19065000.0,26221000.0
21093,24617000.0,56402000.0,81019000.0
21095,73000.0,504000.0,577000.0
21097,15302000.0,19988000.0,35290000.0
21099,20121000.0,31519000.0,51640000.0
21101,6680000.0,142463000.0,149143000.0
21103,10281000.0,20512000.0,30793000.0
21105,129776000.0,68984000.0,198760000.0
21107,95167000.0,115890000.0,211057000.0
21109,3609000.0,3344000.0,6953000.0
21111,1411000.0,2969000.0,4380000.0
21113,66103000.0,11518000.0,77621000.0
21115,771000.0,1031000.0,1802000.0
21117,1940000.0,2129000.0,4069000.0
21119,425000.0,92000.0,517000.0
21121,1059000.0,1625000.0,2684000.0
21123,8075000.0,52438000.0,60513000.0
21125,7308000.0,9681000.0,16989000.0
21127,1080000.0,823000.0,1903000.0
21129,328000.0,620000.0,948000.0
21131,28000.0,171000.0,199000.0
21133,197000.0,453000.0,650000.0
21135,3526000.0,12755000.0,16281000.0
21137,45490000.0,38007000.0,83497000.0
21139,9099000.0,37495000.0,46594000.0
21141,66508000.0,158573000.0,225081000.0
21143,1661000.0,9655000.0,11316000.0
21145,7162000.0,31058000.0,38220000.0
21147,829000.0,624000.0,1453000.0
21149,192756000.0,89237000.0,281993000.0
21151,45575000.0,18045000.0,63620000.0
21153,733000.0,1186000.0,1919000.0
21155,34299000.0,47343000.0,81642000.0
21157,59809000.0,23076000.0,82885000.0
21159,59000.0,109000.0,168000.0
21161,15022000.0,25941000.0,40963000.0
21163,15393000.0,40054000.0,55447000.0
21165,1224000.0,1394000.0,2618000.0
21167,25681000.0,32042000.0,57723000.0
21169,29970000.0,20307000.0,50277000.0
21171,87389000.0,21315000.0,108704000.0
21173,9714000.0,5984000.0,15698000.0
21175,3303000.0,2377000.0,5680000.0
21177,105945000.0,43078000.0,149023000.0
21179,22299000.0,57178000.0,79477000.0
21181,19080000.0,12901000.0,31981000.0
21183,116677000.0,55331000.0,172008000.0
21185,22879000.0,12341000.0,35220000.0
21187,16031000.0,18432000.0,34463000.0
21189,739000.0,715000.0,1454000.0
21191,3688000.0,6668000.0,10356000.0
21193,81000.0,649000.0,730000.0
21195,996000.0,382000.0,1378000.0
21197,811000.0,4386000.0,5197000.0
21199,43949000.0,36563000.0,80512000.0
21201,1457000.0,1491000.0,2948000.0
21203,5729000.0,4726000.0,10455000.0
21205,2940000.0,2853000.0,5793000.0
21207,32278000.0,22613000.0,54891000.0
21209,56799000.0,21945000.0,78744000.0
21211,21067000.0,70681000.0,91748000.0
21213,27338000.0,83703000.0,111041000.0
21215,3219000.0,11503000.0,14722000.0
21217,32867000.0,25831000.0,58698000.0
21219,100447000.0,124004000.0,224451000.0
21221,30137000.0,43278000.0,73415000.0
21223,1910000.0,7150000.0,9060000.0
21225,7452000.0,184158000.0,191610000.0
21227,61427000.0,99237000.0,160664000.0
21229,25992000.0,21098000.0,47090000.0
21231,61498000.0,17433000.0,78931000.0
21233,143219000.0,115737000.0,258956000.0
21235,3356000.0,2788000.0,6144000.0
21237,872000.0,1220000.0,2092000.0
21239,219473000.0,16355000.0,235828000.0
22001,47200000.0,154203000.0,201403000.0
22003,6025000.0,26410000.0,32435000.0
22005,3348000.0,27718000.0,31066000.0
22007,441000.0,101934000.0,102375000.0
22009,11613000.0,153288000.0,164901000.0
22011,10860000.0,8356000.0,19216000.0
22013,35280000.0,1308000.0,36588000.0
22015,9597000.0,2166000.0,11763000.0
22017,10979000.0,37466000.0,48445000.0
22019,16105000.0,6497000.0,22602000.0
22021,1330000.0,8062000.0,9392000.0
22023,5890000.0,2087000.0,7977000.0
22025,3810000.0,120382000.0,124192000.0
22027,119411000.0,880000.0,120291000.0
22029,1787000.0,121165000.0,122952000.0
22031,16509000.0,2923000.0,19432000.0
22033,9178000.0,3662000.0,12840000.0
22035,139000.0,134651000.0,134790000.0
22037,12723000.0,4865000.0,17588000.0
22039,16915000.0,59971000.0,76886000.0
22041,11766000.0,140054000.0,151820000.0
22043,2944000.0,8465000.0,11409000.0
22045,2844000.0,173946000.0,176790000.0
22047,3538000.0,99758000.0,103296000.0
22049,62446000.0,733000.0,63179000.0
22053,41572000.0,94971000.0,136543000.0
22055,5403000.0,23052000.0,28455000.0
22057,14164000.0,54368000.0,68532000.0
22059,1179000.0,1389000.0,2568000.0
22061,146751000.0,1506000.0,148257000.0
22063,16282000.0,2893000.0,19175000.0
22065,1085000.0,131479000.0,132564000.0
22067,3143000.0,172258000.0,175401000.0
22069,70605000.0,31991000.0,102596000.0
22071,58000.0,1010000.0,1068000.0
22073,28173000.0,28275000.0,56448000.0
22075,10912000.0,3607000.0,14519000.0
22077,7351000.0,183899000.0,191250000.0
22079,11932000.0,155349000.0,167281000.0
22081,12855000.0,12941000.0,25796000.0
22083,11929000.0,114212000.0,126141000.0
22085,150506000.0,1191000.0,151697000.0
22087,5907000.0,288000.0,6195000.0
22089,735000.0,7638000.0,8373000.0
22091,52230000.0,1982000.0,54212000.0
22093,278000.0,63197000.0,63475000.0
22097,19131000.0,131217000.0,150348000.0
22099,7857000.0,109411000.0,117268000.0
22101,1761000.0,109795000.0,111556000.0
22103,5678000.0,12006000.0,17684000.0
22105,24882000.0,24211000.0,49093000.0
22107,227000.0,128131000.0,128358000.0
22111,195771000.0,3612000.0,199383000.0
22113,35660000.0,174668000.0,210328000.0
22115,38696000.0,1512000.0,40208000.0
22117,27498000.0,30168000.0,57666000.0
22119,12090000.0,851000.0,12941000.0
22121,5861000.0,55220000.0,61081000.0
22123,2057000.0,53448000.0,55505000.0
22125,4628000.0,1257000.0,5885000.0
22127,30632000.0,648000.0,31280000.0
23001,24954000.0,14500000.0,39454000.0
23003,14641000.0,276432000.0,291073000.0
23005,20236000.0,21095000.0,41331000.0
23009,9937000.0,17214000.0,27151000.0
23011,46333000.0,17926000.0,64259000.0
23013,2248000.0,9140000.0,11388000.0
23015,11909000.0,9525000.0,21434000.0
23017,4278000.0,21855000.0,26133000.0
23019,36059000.0,31256000.0,67315000.0
23021,8039000.0,4263000.0,12302000.0
23023,3049000.0,5861000.0,8910000.0
23025,32214000.0,62334000.0,94548000.0
23027,13786000.0,8500000.0,22286000.0
23031,6081000.0,25539000.0,31620000.0
24001,1451000.0,4678000.0,6129000.0
24003,5522000.0,19946000.0,25468000.0
24005,7853000.0,84845000.0,92698000.0
24009,3174000.0,12075000.0,15249000.0
24011,270515000.0,100819000.0,371334000.0
24013,52207000.0,86280000.0,138487000.0
24015,75637000.0,101468000.0,177105000.0
24017,1655000.0,19032000.0,20687000.0
24019,265115000.0,100552000.0,365667000.0
24021,85397000.0,98997000.0,184394000.0
24023,14688000.0,17288000.0,31976000.0
24025,17459000.0,48435000.0,65894000.0
24027,3278000.0,26353000.0,29631000.0
24029,80469000.0,108601000.0,189070000.0
24031,4121000.0,66793000.0,70914000.0
24033,3987000.0,18671000.0,22658000.0
24035,137536000.0,145799000.0,283335000.0
24037,6102000.0,29164000.0,35266000.0
24039,254686000.0,33789000.0,288475000.0
24041,42210000.0,67495000.0,109705000.0
24043,112610000.0,55297000.0,167907000.0
24045,298878000.0,97962000.0,396840000.0
24047,233935000.0,55247000.0,289182000.0
25001,22144000.0,17916000.0,40060000.0
25003,23047000.0,12960000.0,36007000.0
25005,14089000.0,32074000.0,46163000.0
25007,2391000.0,2045000.0,4436000.0
25009,8446000.0,28240000.0,36686000.0
25011,11504000.0,64926000.0,76430000.0
25013,3718000.0,22834000.0,26552000.0
25015,12612000.0,46152000.0,58764000.0
25017,10974000.0,76891000.0,87865000.0
25019,95000.0,2898000.0,2993000.0
25021,1502000.0,11265000.0,12767000.0
25023,14132000.0,76105000.0,90237000.0
25025,33000.0,1059000.0,1092000.0
25027,24079000.0,63028000.0,87107000.0
26001,5092000.0,7495000.0,12587000.0
26003,2423000.0,2210000.0,4633000.0
26005,522689000.0,205036000.0,727725000.0
26007,19799000.0,17483000.0,37282000.0
26009,11691000.0,36935000.0,48626000.0
26011,29122000.0,41584000.0,70706000.0
26015,122122000.0,63808000.0,185930000.0
26017,4376000.0,160405000.0,164781000.0
26019,2270000.0,12217000.0,14487000.0
26021,14055000.0,221962000.0,236017000.0
26023,106317000.0,171638000.0,277955000.0
26025,62088000.0,117359000.0,179447000.0
26027,75586000.0,147600000.0,223186000.0
26029,3935000.0,7330000.0,11265000.0
26031,1248000.0,6464000.0,7712000.0
26033,7946000.0,7700000.0,15646000.0
26035,19872000.0,8458000.0,28330000.0
26037,248548000.0,128677000.0,377225000.0
26039,0.0,23000.0,23000.0
26041,6469000.0,8687000.0,15156000.0
26043,3244000.0,3221000.0,6465000.0
26045,11933000.0,117719000.0,129652000.0
26047,4157000.0,7225000.0,11382000.0
26049,8664000.0,74446000.0,83110000.0
26051,9011000.0,14758000.0,23769000.0
26053,270000.0,1669000.0,1939000.0
26055,8212000.0,43652000.0,51864000.0
26057,256816000.0,229269000.0,486085000.0
26059,157423000.0,163916000.0,321339000.0
26061,790000.0,2584000.0,3374000.0
26063,458446000.0,358939000.0,817385000.0
26065,44472000.0,111841000.0,156313000.0
26067,465445000.0,146285000.0,611730000.0
26069,14818000.0,4855000.0,19673000.0
26071,763000.0,2005000.0,2768000.0
26073,96033000.0,92475000.0,188508000.0
26075,29524000.0,93879000.0,123403000.0
26077,95328000.0,245005000.0,340333000.0
26079,2182000.0,14404000.0,16586000.0
26081,102564000.0,314593000.0,417157000.0
26085,612000.0,1225000.0,1837000.0
26087,18524000.0,104556000.0,123080000.0
26089,3437000.0,54699000.0,58136000.0
26091,106188000.0,235575000.0,341763000.0
26093,28845000.0,43346000.0,72191000.0
26097,4450000.0,1423000.0,5873000.0
26099,13880000.0,102217000.0,116097000.0
26101,2502000.0,14871000.0,17373000.0
26103,1580000.0,1787000.0,3367000.0
26105,24605000.0,61021000.0,85626000.0
26107,215245000.0,54096000.0,269341000.0
26109,48486000.0,7911000.0,56397000.0
26111,34916000.0,46566000.0,81482000.0
26113,228015000.0,61553000.0,289568000.0
26115,6464000.0,200079000.0,206543000.0
26117,101676000.0,205559000.0,307235000.0
26119,1741000.0,4195000.0,5936000.0
26121,40736000.0,69788000.0,110524000.0
26123,112097000.0,78566000.0,190663000.0
26125,3033000.0,35421000.0,38454000.0
26127,73129000.0,139551000.0,212680000.0
26129,43566000.0,19066000.0,62632000.0
26131,1051000.0,1743000.0,2794000.0
26133,69407000.0,21134000.0,90541000.0
26135,7781000.0,1969000.0,9750000.0
26137,1822000.0,17434000.0,19256000.0
26139,309090000.0,417545000.0,726635000.0
26141,6634000.0,18476000.0,25110000.0
26145,20686000.0,221807000.0,242493000.0
26147,18319000.0,91087000.0,109406000.0
26149,100914000.0,239296000.0,340210000.0
26151,214148000.0,343503000.0,557651000.0
26153,2418000.0,406000.0,2824000.0
26155,43504000.0,113088000.0,156592000.0
26157,84332000.0,243945000.0,328277000.0
26159,75053000.0,187214000.0,262267000.0
26161,41712000.0,99610000.0,141322000.0
26163,1951000.0,38897000.0,40848000.0
26165,14112000.0,15602000.0,29714000.0
27001,8878000.0,13454000.0,22332000.0
27003,1032000.0,71779000.0,72811000.0
27005,115528000.0,190394000.0,305922000.0
27007,11584000.0,26620000.0,38204000.0
27009,193891000.0,84372000.0,278263000.0
27011,36224000.0,158655000.0,194879000.0
27013,374556000.0,463455000.0,838011000.0
27015,235657000.0,249798000.0,485455000.0
27017,6485000.0,6931000.0,13416000.0
27019,53935000.0,118943000.0,172878000.0
27021,20189000.0,9647000.0,29836000.0
27023,112292000.0,334319000.0,446611000.0
27025,10393000.0,44472000.0,54865000.0
27027,65152000.0,400878000.0,466030000.0
27029,10686000.0,35732000.0,46418000.0
27031,185000.0,320000.0,505000.0
27033,247990000.0,353652000.0,601642000.0
27035,12639000.0,13633000.0,26272000.0
27037,81786000.0,283036000.0,364822000.0
27039,140988000.0,272325000.0,413313000.0
27041,35333000.0,133283000.0,168616000.0
27043,208331000.0,379350000.0,587681000.0
27045,183784000.0,336081000.0,519865000.0
27047,155906000.0,319725000.0,475631000.0
27049,256474000.0,339139000.0,595613000.0
27051,60286000.0,253439000.0,313725000.0
27053,5272000.0,51495000.0,56767000.0
27055,125228000.0,87780000.0,213008000.0
27057,4660000.0,47496000.0,52156000.0
27059,32369000.0,40789000.0,73158000.0
27061,4379000.0,9417000.0,13796000.0
27063,152685000.0,348611000.0,501296000.0
27065,6821000.0,25695000.0,32516000.0
27067,339348000.0,376326000.0,715674000.0
27069,5696000.0,295748000.0,301444000.0
27071,2236000.0,8207000.0,10443000.0
27073,105198000.0,289072000.0,394270000.0
27077,1628000.0,31158000.0,32786000.0
27079,83274000.0,155921000.0,239195000.0
27081,104923000.0,124923000.0,229846000.0
27083,451628000.0,311297000.0,762925000.0
27085,67580000.0,218846000.0,286426000.0
27087,5266000.0,131407000.0,136673000.0
27089,12673000.0,407720000.0,420393000.0
27091,481561000.0,461489000.0,943050000.0
27093,299176000.0,198492000.0,497668000.0
27095,38304000.0,27365000.0,65669000.0
27097,417117000.0,121192000.0,538309000.0
27099,180736000.0,348518000.0,529254000.0
27101,198487000.0,253460000.0,451947000.0
27103,335681000.0,260718000.0,596399000.0
27105,468896000.0,292440000.0,761336000.0
27107,18085000.0,323379000.0,341464000.0
27109,111419000.0,225715000.0,337134000.0
27111,214916000.0,336363000.0,551279000.0
27113,3999000.0,96307000.0,100306000.0
27115,27300000.0,30766000.0,58066000.0
27117,257770000.0,139438000.0,397208000.0
27119,13665000.0,683717000.0,697382000.0
27121,68416000.0,176399000.0,244815000.0
27125,18119000.0,91408000.0,109527000.0
27127,341439000.0,462562000.0,804001000.0
27129,229258000.0,581026000.0,810284000.0
27131,131201000.0,225622000.0,356823000.0
27133,397199000.0,226806000.0,624005000.0
27135,33669000.0,178824000.0,212493000.0
27137,12971000.0,16083000.0,29054000.0
27139,27220000.0,64614000.0,91834000.0
27141,24387000.0,96205000.0,120592000.0
27143,142312000.0,341817000.0,484129000.0
27145,707055000.0,314418000.0,1021473000.0
27147,128001000.0,268995000.0,396996000.0
27149,327331000.0,256441000.0,583772000.0
27151,175051000.0,278222000.0,453273000.0
27153,237832000.0,108415000.0,346247000.0
27155,60566000.0,199004000.0,259570000.0
27157,195854000.0,133265000.0,329119000.0
27159,45937000.0,59702000.0,105639000.0
27161,130911000.0,262973000.0,393884000.0
27163,6007000.0,54703000.0,60710000.0
27165,149977000.0,254705000.0,404682000.0
27167,2055000.0,252735000.0,254790000.0
27169,250407000.0,151455000.0,401862000.0
27171,132304000.0,150721000.0,283025000.0
27173,144368000.0,278355000.0,422723000.0
28001,926000.0,6467000.0,7393000.0
28003,8845000.0,19715000.0,28560000.0
28005,60525000.0,2035000.0,62560000.0
28007,12722000.0,7321000.0,20043000.0
28009,4334000.0,12872000.0,17206000.0
28011,886000.0,346100000.0,346986000.0
28013,3958000.0,93270000.0,97228000.0
28015,8410000.0,22708000.0,31118000.0
28017,63598000.0,44806000.0,108404000.0
28019,5204000.0,479000.0,5683000.0
28023,67783000.0,11054000.0,78837000.0
28025,31702000.0,18115000.0,49817000.0
28029,90123000.0,2404000.0,92527000.0
28031,259869000.0,6135000.0,266004000.0
28033,1628000.0,50292000.0,51920000.0
28035,11785000.0,4791000.0,16576000.0
28037,950000.0,1038000.0,1988000.0
28039,3001000.0,15884000.0,18885000.0
28041,110668000.0,6101000.0,116769000.0
28043,2741000.0,14293000.0,17034000.0
28045,8182000.0,1530000.0,9712000.0
28047,3339000.0,1765000.0,5104000.0
28049,36879000.0,29989000.0,66868000.0
28051,4943000.0,99467000.0,104410000.0
28053,22841000.0,124587000.0,147428000.0
28057,1901000.0,15552000.0,17453000.0
28059,4243000.0,5670000.0,9913000.0
28061,215632000.0,1160000.0,216792000.0
28063,30864000.0,6811000.0,37675000.0
28065,84000000.0,2601000.0,86601000.0
28067,313127000.0,3815000.0,316942000.0
28069,34145000.0,970000.0,35115000.0
28071,3431000.0,7944000.0,11375000.0
28073,38378000.0,3062000.0,41440000.0
28075,4468000.0,1470000.0,5938000.0
28077,165143000.0,5084000.0,170227000.0
28079,416273000.0,5079000.0,421352000.0
28081,7697000.0,29770000.0,37467000.0
28083,81403000.0,215388000.0,296791000.0
28085,113910000.0,1898000.0,115808000.0
28087,29788000.0,25429000.0,55217000.0
28089,3046000.0,35327000.0,38373000.0
28091,136910000.0,1854000.0,138764000.0
28093,4052000.0,25678000.0,29730000.0
28095,9124000.0,32172000.0,41296000.0
28097,4795000.0,16343000.0,21138000.0
28099,252679000.0,4185000.0,256864000.0
28101,170869000.0,5772000.0,176641000.0
28103,111248000.0,91113000.0,202361000.0
28105,16593000.0,4697000.0,21290000.0
28107,7231000.0,44111000.0,51342000.0
28109,14451000.0,12342000.0,26793000.0
28111,13531000.0,4462000.0,17993000.0
28113,69859000.0,3386000.0,73245000.0
28115,6105000.0,28831000.0,34936000.0
28117,9641000.0,21930000.0,31571000.0
28121,168428000.0,16936000.0,185364000.0
28123,334275000.0,5809000.0,340084000.0
28125,4739000.0,122123000.0,126862000.0
28127,293617000.0,2375000.0,295992000.0
28129,276649000.0,5312000.0,281961000.0
28131,5977000.0,11795000.0,17772000.0
28133,49335000.0,299953000.0,349288000.0
28135,1303000.0,164091000.0,165394000.0
28137,11503000.0,25604000.0,37107000.0
28139,3390000.0,12912000.0,16302000.0
28141,1391000.0,2105000.0,3496000.0
28145,2570000.0,21596000.0,24166000.0
28147,117119000.0,2126000.0,119245000.0
28149,2118000.0,31849000.0,33967000.0
28153,312232000.0,4334000.0,316566000.0
28155,2279000.0,16698000.0,18977000.0
28157,6039000.0,1409000.0,7448000.0
28159,86381000.0,2561000.0,88942000.0
28161,2998000.0,22814000.0,25812000.0
28163,13088000.0,134176000.0,147264000.0
29001,21305000.0,41745000.0,63050000.0
29003,10810000.0,83994000.0,94804000.0
29005,3410000.0,229210000.0,232620000.0
29007,100387000.0,197676000.0,298063000.0
29009,544488000.0,16198000.0,560686000.0
29011,104512000.0,84407000.0,188919000.0
29013,55205000.0,124651000.0,179856000.0
29015,127701000.0,23414000.0,151115000.0
29017,12803000.0,18570000.0,31373000.0
29019,70239000.0,66855000.0,137094000.0
29021,4211000.0,68936000.0,73147000.0
29023,2173000.0,161013000.0,163186000.0
29025,17496000.0,66872000.0,84368000.0
29027,114851000.0,64860000.0,179711000.0
29029,23108000.0,4214000.0,27322000.0
29031,30296000.0,93096000.0,123392000.0
29033,17687000.0,191532000.0,209219000.0
29037,34107000.0,106191000.0,140298000.0
29039,51522000.0,12479000.0,64001000.0
29041,46850000.0,155453000.0,202303000.0
29043,30138000.0,6389000.0,36527000.0
29045,29914000.0,81331000.0,111245000.0
29047,25072000.0,28416000.0,53488000.0
29049,16747000.0,87774000.0,104521000.0
29051,24500000.0,15032000.0,39532000.0
29053,44881000.0,90636000.0,135517000.0
29055,13263000.0,5004000.0,18267000.0
29057,104805000.0,39667000.0,144472000.0
29059,70230000.0,8076000.0,78306000.0
29061,57686000.0,122813000.0,180499000.0
29063,18391000.0,74056000.0,92447000.0
29065,21312000.0,2861000.0,24173000.0
29067,37192000.0,3268000.0,40460000.0
29069,473000.0,292700000.0,293173000.0
29071,44595000.0,55150000.0,99745000.0
29073,16243000.0,15598000.0,31841000.0
29075,130651000.0,76876000.0,207527000.0
29077,34539000.0,9215000.0,43754000.0
29079,26977000.0,83269000.0,110246000.0
29081,25501000.0,109889000.0,135390000.0
29083,67874000.0,71859000.0,139733000.0
29085,23371000.0,10970000.0,34341000.0
29087,3713000.0,182478000.0,186191000.0
29089,9866000.0,65069000.0,74935000.0
29091,65572000.0,4979000.0,70551000.0
29093,3005000.0,1303000.0,4308000.0
29095,10624000.0,29838000.0,40462000.0
29097,75764000.0,41274000.0,117038000.0
29099,6893000.0,16803000.0,23696000.0
29101,135043000.0,99648000.0,234691000.0
29103,59731000.0,85370000.0,145101000.0
29105,55914000.0,6214000.0,62128000.0
29107,48193000.0,182446000.0,230639000.0
29109,226611000.0,27965000.0,254576000.0
29111,56192000.0,106133000.0,162325000.0
29113,33530000.0,83142000.0,116672000.0
29115,31622000.0,88596000.0,120218000.0
29117,19299000.0,119559000.0,138858000.0
29119,248096000.0,4289000.0,252385000.0
29121,47861000.0,109216000.0,157077000.0
29123,20224000.0,2326000.0,22550000.0
29125,42341000.0,5052000.0,47393000.0
29127,31588000.0,104206000.0,135794000.0
29129,44149000.0,50419000.0,94568000.0
29131,143767000.0,11796000.0,155563000.0
29133,183000.0,209859000.0,210042000.0
29135,146194000.0,24157000.0,170351000.0
29137,62949000.0,118084000.0,181033000.0
29139,14334000.0,86499000.0,100833000.0
29141,388299000.0,20315000.0,408614000.0
29145,574464000.0,13616000.0,588080000.0
29147,28206000.0,194746000.0,222952000.0
29149,40688000.0,1383000.0,42071000.0
29151,85415000.0,27261000.0,112676000.0
29153,39144000.0,2116000.0,41260000.0
29155,11000.0,233522000.0,233533000.0
29157,59183000.0,58484000.0,117667000.0
29159,263325000.0,99321000.0,362646000.0
29161,13139000.0,3091000.0,16230000.0
29163,43412000.0,123226000.0,166638000.0
29165,7595000.0,68820000.0,76415000.0
29167,96553000.0,12331000.0,108884000.0
29169,21798000.0,2949000.0,24747000.0
29171,85113000.0,42531000.0,127644000.0
29173,15794000.0,92410000.0,108204000.0
29175,30115000.0,67601000.0,97716000.0
29177,19454000.0,98395000.0,117849000.0
29179,4240000.0,467000.0,4707000.0
29181,24092000.0,13069000.0,37161000.0
29183,13132000.0,94844000.0,107976000.0
29185,32813000.0,27152000.0,59965000.0
29186,9717000.0,42388000.0,52105000.0
29187,8480000.0,9809000.0,18289000.0
29189,890000.0,27140000.0,28030000.0
29195,102819000.0,296704000.0,399523000.0
29197,31499000.0,24790000.0,56289000.0
29199,124921000.0,76048000.0,200969000.0
29201,55546000.0,169869000.0,225415000.0
29203,13501000.0,710000.0,14211000.0
29205,69362000.0,128729000.0,198091000.0
29207,54135000.0,315349000.0,369484000.0
29209,42747000.0,3031000.0,45778000.0
29211,142322000.0,41264000.0,183586000.0
29213,22263000.0,1172000.0,23435000.0
29215,60567000.0,9838000.0,70405000.0
29217,166809000.0,92113000.0,258922000.0
29219,4308000.0,42949000.0,47257000.0
29221,4949000.0,1494000.0,6443000.0
29223,7359000.0,2709000.0,10068000.0
29225,57364000.0,8215000.0,65579000.0
29227,14795000.0,33615000.0,48410000.0
29229,47828000.0,5196000.0,53024000.0
30001,105545000.0,30019000.0,135564000.0
30003,70229000.0,60638000.0,130867000.0
30005,53016000.0,54460000.0,107476000.0
30007,21601000.0,30440000.0,52041000.0
30009,45051000.0,31815000.0,76866000.0
30011,57382000.0,15345000.0,72727000.0
30013,86175000.0,55302000.0,141477000.0
30015,39813000.0,174003000.0,213816000.0
30017,67136000.0,17504000.0,84640000.0
30019,6535000.0,97409000.0,103944000.0
30021,23734000.0,73886000.0,97620000.0
30023,4392000.0,898000.0,5290000.0
30025,29315000.0,20115000.0,49430000.0
30027,90924000.0,69188000.0,160112000.0
30029,11884000.0,46580000.0,58464000.0
30031,53309000.0,109772000.0,163081000.0
30033,50954000.0,27708000.0,78662000.0
30035,58547000.0,58048000.0,116595000.0
30037,18683000.0,14161000.0,32844000.0
30039,16339000.0,2645000.0,18984000.0
30041,29274000.0,159760000.0,189034000.0
30043,22938000.0,3901000.0,26839000.0
30045,73506000.0,29335000.0,102841000.0
30047,30298000.0,38669000.0,68967000.0
30049,36379000.0,19830000.0,56209000.0
30051,17915000.0,84238000.0,102153000.0
30053,3316000.0,2056000.0,5372000.0
30055,22653000.0,86340000.0,108993000.0
30057,62436000.0,20344000.0,82780000.0
30059,37311000.0,6839000.0,44150000.0
30061,322000.0,400000.0,722000.0
30063,9001000.0,5695000.0,14696000.0
30065,30591000.0,12148000.0,42739000.0
30067,31207000.0,12483000.0,43690000.0
30069,22347000.0,7337000.0,29684000.0
30071,59592000.0,32839000.0,92431000.0
30073,40623000.0,70697000.0,111320000.0
30075,62837000.0,9470000.0,72307000.0
30077,32543000.0,6105000.0,38648000.0
30079,24212000.0,8009000.0,32221000.0
30081,23087000.0,17793000.0,40880000.0
30083,42213000.0,76822000.0,119035000.0
30085,16154000.0,133626000.0,149780000.0
30087,51150000.0,24693000.0,75843000.0
30089,9925000.0,4479000.0,14404000.0
30091,10973000.0,183014000.0,193987000.0
30093,3656000.0,1313000.0,4969000.0
30095,39184000.0,21382000.0,60566000.0
30097,32389000.0,4851000.0,37240000.0
30099,51386000.0,88401000.0,139787000.0
30101,20096000.0,98653000.0,118749000.0
30103,18602000.0,35685000.0,54287000.0
30105,54977000.0,100912000.0,155889000.0
30107,32379000.0,11218000.0,43597000.0
30109,10911000.0,17562000.0,28473000.0
30111,84128000.0,56618000.0,140746000.0
31001,233949000.0,290211000.0,524160000.0
31003,403231000.0,369607000.0,772838000.0
31005,30265000.0,9074000.0,39339000.0
31007,82975000.0,23993000.0,106968000.0
31009,31600000.0,2591000.0,34191000.0
31011,389688000.0,285075000.0,674763000.0
31013,74090000.0,165028000.0,239118000.0
31015,53676000.0,27729000.0,81405000.0
31017,277224000.0,50433000.0,327657000.0
31019,178498000.0,348554000.0,527052000.0
31021,134734000.0,165655000.0,300389000.0
31023,377129000.0,257401000.0,634530000.0
31025,8738000.0,191375000.0,200113000.0
31027,302694000.0,307503000.0,610197000.0
31029,405957000.0,179801000.0,585758000.0
31031,213092000.0,57847000.0,270939000.0
31033,130127000.0,62457000.0,192584000.0
31035,257396000.0,324180000.0,581576000.0
31037,279745000.0,151662000.0,431407000.0
31039,1346976000.0,236936000.0,1583912000.0
31041,587720000.0,406159000.0,993879000.0
31043,14911000.0,119656000.0,134567000.0
31045,60190000.0,18022000.0,78212000.0
31047,643769000.0,362528000.0,1006297000.0
31049,41119000.0,32444000.0,73563000.0
31051,200915000.0,140007000.0,340922000.0
31053,187304000.0,272319000.0,459623000.0
31055,1184000.0,57426000.0,58610000.0
31057,78178000.0,71693000.0,149871000.0
31059,120758000.0,345881000.0,466639000.0
31061,24201000.0,115020000.0,139221000.0
31063,79835000.0,100854000.0,180689000.0
31065,76818000.0,134433000.0,211251000.0
31067,112218000.0,276147000.0,388365000.0
31069,81246000.0,44115000.0,125361000.0
31071,102383000.0,13747000.0,116130000.0
31073,55983000.0,107454000.0,163437000.0
31075,39438000.0,378000.0,39816000.0
31077,138319000.0,62887000.0,201206000.0
31079,155033000.0,240881000.0,395914000.0
31081,93769000.0,339645000.0,433414000.0
31083,75191000.0,111900000.0,187091000.0
31085,124772000.0,54086000.0,178858000.0
31087,23710000.0,33304000.0,57014000.0
31089,242884000.0,405545000.0,648429000.0
31091,19740000.0,813000.0,20553000.0
31093,195236000.0,111340000.0,306576000.0
31095,121781000.0,173862000.0,295643000.0
31097,48468000.0,36806000.0,85274000.0
31099,296577000.0,306116000.0,602693000.0
31101,73892000.0,94500000.0,168392000.0
31103,45197000.0,31181000.0,76378000.0
31105,12394000.0,36631000.0,49025000.0
31107,308825000.0,160837000.0,469662000.0
31109,61489000.0,202777000.0,264266000.0
31111,690461000.0,321131000.0,1011592000.0
31113,22973000.0,10504000.0,33477000.0
31115,24550000.0,8176000.0,32726000.0
31117,42327000.0,2045000.0,44372000.0
31119,216677000.0,216104000.0,432781000.0
31121,134003000.0,149746000.0,283749000.0
31123,285038000.0,113207000.0,398245000.0
31125,52939000.0,63940000.0,116879000.0
31127,7050000.0,161832000.0,168882000.0
31129,39271000.0,171533000.0,210804000.0
31131,28855000.0,195980000.0,224835000.0
31133,13829000.0,64135000.0,77964000.0
31135,46403000.0,169081000.0,215484000.0
31137,592197000.0,259214000.0,851411000.0
31139,133792000.0,167609000.0,301401000.0
31141,713064000.0,329147000.0,1042211000.0
31143,172502000.0,183554000.0,356056000.0
31145,112683000.0,69113000.0,181796000.0
31147,36882000.0,195141000.0,232023000.0
31149,83712000.0,50032000.0,133744000.0
31151,55281000.0,192359000.0,247640000.0
31153,1666000.0,41604000.0,43270000.0
31155,184203000.0,330729000.0,514932000.0
31157,218450000.0,138927000.0,357377000.0
31159,137748000.0,251081000.0,388829000.0
31161,89815000.0,75297000.0,165112000.0
31163,35079000.0,99522000.0,134601000.0
31165,149890000.0,17989000.0,167879000.0
31167,100860000.0,122622000.0,223482000.0
31169,84722000.0,251926000.0,336648000.0
31171,31551000.0,2408000.0,33959000.0
31173,92236000.0,97986000.0,190222000.0
31175,107711000.0,93223000.0,200934000.0
31177,53611000.0,129122000.0,182733000.0
31179,128945000.0,186863000.0,315808000.0
31181,258457000.0,150754000.0,409211000.0
31183,309284000.0,49581000.0,358865000.0
31185,159477000.0,346244000.0,505721000.0
32001,102354000.0,21635000.0,123989000.0
32003,3265000.0,5167000.0,8432000.0
32005,15940000.0,6614000.0,22554000.0
32007,80427000.0,8739000.0,89166000.0
32009,0.0,13724000.0,13724000.0
32011,18460000.0,28792000.0,47252000.0
32013,41961000.0,103396000.0,145357000.0
32015,11468000.0,36205000.0,47673000.0
32017,7608000.0,18801000.0,26409000.0
32019,105129000.0,117790000.0,222919000.0
32021,562000.0,3185000.0,3747000.0
32027,32482000.0,33091000.0,65573000.0
32029,130000.0,0.0,130000.0
32031,10466000.0,8960000.0,19426000.0
32033,19504000.0,19103000.0,38607000.0
33001,3282000.0,5382000.0,8664000.0
33003,2159000.0,4218000.0,6377000.0
33005,11531000.0,10864000.0,22395000.0
33007,15450000.0,6980000.0,22430000.0
33009,24159000.0,8584000.0,32743000.0
33011,9474000.0,20137000.0,29611000.0
33013,12153000.0,54033000.0,66186000.0
33015,6913000.0,15308000.0,22221000.0
33017,6401000.0,9287000.0,15688000.0
33019,13438000.0,9552000.0,22990000.0
34001,3817000.0,146042000.0,149859000.0
34003,290000.0,10320000.0,10610000.0
34005,5449000.0,129776000.0,135225000.0
34007,279000.0,33903000.0,34182000.0
34009,3124000.0,14517000.0,17641000.0
34011,3892000.0,301111000.0,305003000.0
34013,81000.0,4087000.0,4168000.0
34015,6006000.0,130578000.0,136584000.0
34019,16400000.0,98793000.0,115193000.0
34021,5039000.0,22719000.0,27758000.0
34023,2561000.0,39052000.0,41613000.0
34025,20988000.0,98544000.0,119532000.0
34027,3663000.0,30264000.0,33927000.0
34029,8991000.0,21914000.0,30905000.0
34031,275000.0,4408000.0,4683000.0
34033,16759000.0,121321000.0,138080000.0
34035,3747000.0,19492000.0,23239000.0
34037,9876000.0,21089000.0,30965000.0
34041,23437000.0,104822000.0,128259000.0
35001,5570000.0,10516000.0,16086000.0
35003,16970000.0,188000.0,17158000.0
35005,363758000.0,82855000.0,446613000.0
35006,7727000.0,955000.0,8682000.0
35007,57223000.0,1304000.0,58527000.0
35009,468042000.0,54407000.0,522449000.0
35011,13103000.0,6253000.0,19356000.0
35013,92973000.0,227640000.0,320613000.0
35015,50338000.0,53937000.0,104275000.0
35017,14333000.0,1269000.0,15602000.0
35019,14196000.0,307000.0,14503000.0
35021,14571000.0,125000.0,14696000.0
35023,10719000.0,21238000.0,31957000.0
35025,212499000.0,46824000.0,259323000.0
35027,16168000.0,690000.0,16858000.0
35029,71332000.0,97220000.0,168552000.0
35031,0.0,939000.0,939000.0
35033,7326000.0,3392000.0,10718000.0
35035,10335000.0,14331000.0,24666000.0
35037,38749000.0,10299000.0,49048000.0
35039,10735000.0,12360000.0,23095000.0
35041,331016000.0,41442000.0,372458000.0
35043,3676000.0,5561000.0,9237000.0
35045,6498000.0,120763000.0,127261000.0
35047,19034000.0,1687000.0,20721000.0
35049,6338000.0,12151000.0,18489000.0
35051,6773000.0,14566000.0,21339000.0
35053,51606000.0,6323000.0,57929000.0
35055,4248000.0,3484000.0,7732000.0
35057,33350000.0,12269000.0,45619000.0
35059,65088000.0,21341000.0,86429000.0
35061,23973000.0,9290000.0,33263000.0
36001,14011000.0,33908000.0,47919000.0
36003,45443000.0,24346000.0,69789000.0
36007,38262000.0,15850000.0,54112000.0
36009,117252000.0,27519000.0,144771000.0
36011,356700000.0,105227000.0,461927000.0
36013,136285000.0,105736000.0,242021000.0
36015,19909000.0,14544000.0,34453000.0
36017,83524000.0,39469000.0,122993000.0
36019,267260000.0,58539000.0,325799000.0
36021,53175000.0,58056000.0,111231000.0
36023,89853000.0,18281000.0,108134000.0
36025,50336000.0,16418000.0,66754000.0
36027,15672000.0,29405000.0,45077000.0
36029,111409000.0,80609000.0,192018000.0
36031,2191000.0,9577000.0,11768000.0
36033,123771000.0,25270000.0,149041000.0
36035,4241000.0,5151000.0,9392000.0
36037,238620000.0,121078000.0,359698000.0
36039,14949000.0,10091000.0,25040000.0
36041,0.0,238000.0,238000.0
36043,75892000.0,17199000.0,93091000.0
36045,163604000.0,75329000.0,238933000.0
36049,153857000.0,24748000.0,178605000.0
36051,202603000.0,85474000.0,288077000.0
36053,110972000.0,79727000.0,190699000.0
36055,9935000.0,91147000.0,101082000.0
36057,99230000.0,26898000.0,126128000.0
36059,6001000.0,2781000.0,8782000.0
36061,5000.0,21000.0,26000.0
36063,69415000.0,87468000.0,156883000.0
36065,121271000.0,68800000.0,190071000.0
36067,197767000.0,73721000.0,271488000.0
36069,196035000.0,97595000.0,293630000.0
36071,22223000.0,73397000.0,95620000.0
36073,21243000.0,212385000.0,233628000.0
36075,38274000.0,30584000.0,68858000.0
36077,29285000.0,33325000.0,62610000.0
36079,228000.0,1294000.0,1522000.0
36083,34249000.0,27630000.0,61879000.0
36085,0.0,79000.0,79000.0
36089,232106000.0,38317000.0,270423000.0
36091,77670000.0,37814000.0,115484000.0
36093,2055000.0,4301000.0,6356000.0
36095,44119000.0,19359000.0,63478000.0
36097,45076000.0,23001000.0,68077000.0
36099,47653000.0,62725000.0,110378000.0
36101,166361000.0,85384000.0,251745000.0
36103,24354000.0,339806000.0,364160000.0
36105,30871000.0,6663000.0,37534000.0
36107,45229000.0,21806000.0,67035000.0
36109,60986000.0,28842000.0,89828000.0
36111,10336000.0,95184000.0,105520000.0
36113,394000.0,2097000.0,2491000.0
36115,231851000.0,31117000.0,262968000.0
36117,113897000.0,267565000.0,381462000.0
36119,6799000.0,4838000.0,11637000.0
36121,337827000.0,83160000.0,420987000.0
36123,86111000.0,66304000.0,152415000.0
37001,34635000.0,11359000.0,45994000.0
37003,294674000.0,11853000.0,306527000.0
37005,11399000.0,42120000.0,53519000.0
37007,472874000.0,18371000.0,491245000.0
37009,7678000.0,65768000.0,73446000.0
37011,490000.0,25379000.0,25869000.0
37013,32306000.0,106660000.0,138966000.0
37015,299195000.0,117711000.0,416906000.0
37017,529522000.0,86454000.0,615976000.0
37019,21460000.0,29591000.0,51051000.0
37021,13185000.0,22341000.0,35526000.0
37023,78952000.0,0.0,78952000.0
37025,44720000.0,22809000.0,67529000.0
37027,34840000.0,21865000.0,56705000.0
37033,19300000.0,16416000.0,35716000.0
37035,62598000.0,31383000.0,93981000.0
37037,322685000.0,16881000.0,339566000.0
37039,15388000.0,3113000.0,18501000.0
37041,15993000.0,70779000.0,86772000.0
37043,1731000.0,1835000.0,3566000.0
37045,191332000.0,23286000.0,214618000.0
37047,160391000.0,61447000.0,221838000.0
37049,40377000.0,52164000.0,92541000.0
37051,117538000.0,28667000.0,146205000.0
37053,107000.0,29465000.0,29572000.0
37055,362000.0,163000.0,525000.0
37057,56970000.0,14484000.0,71454000.0
37059,8166000.0,22457000.0,30623000.0
37061,1863647000.0,140293000.0,2003940000.0
37063,1575000.0,9617000.0,11192000.0
37065,169438000.0,134856000.0,304294000.0
37067,1455000.0,13237000.0,14692000.0
37069,18375000.0,51043000.0,69418000.0
37071,18622000.0,8318000.0,26940000.0
37073,98823000.0,38555000.0,137378000.0
37075,903000.0,216000.0,1119000.0
37077,7221000.0,21079000.0,28300000.0
37079,288642000.0,85975000.0,374617000.0
37081,21863000.0,46301000.0,68164000.0
37083,81003000.0,107765000.0,188768000.0
37085,162199000.0,89274000.0,251473000.0
37087,11322000.0,7342000.0,18664000.0
37089,2548000.0,100843000.0,103391000.0
37091,59161000.0,43220000.0,102381000.0
37093,138422000.0,13008000.0,151430000.0
37097,136109000.0,34967000.0,171076000.0
37099,5266000.0,19629000.0,24895000.0
37101,144195000.0,155800000.0,299995000.0
37103,251893000.0,34364000.0,286257000.0
37105,43721000.0,16343000.0,60064000.0
37107,295534000.0,93924000.0,389458000.0
37109,90229000.0,12050000.0,102279000.0
37111,7718000.0,9710000.0,17428000.0
37113,2670000.0,4011000.0,6681000.0
37117,15229000.0,91943000.0,107172000.0
37119,1714000.0,0.0,1714000.0
37121,1422000.0,2170000.0,3592000.0
37123,215185000.0,15766000.0,230951000.0
37125,211966000.0,26447000.0,238413000.0
37127,62852000.0,121691000.0,184543000.0
37129,241000.0,2334000.0,2575000.0
37131,80909000.0,89122000.0,170031000.0
37133,217159000.0,34333000.0,251492000.0
37135,14901000.0,17548000.0,32449000.0
37137,213000.0,31587000.0,31800000.0
37139,2596000.0,79140000.0,81736000.0
37141,179136000.0,66931000.0,246067000.0
37143,41277000.0,61603000.0,102880000.0
37147,245768000.0,120972000.0,366740000.0
37149,1638000.0,5139000.0,6777000.0
37151,425269000.0,25602000.0,450871000.0
37153,348211000.0,6086000.0,354297000.0
37155,519525000.0,118850000.0,638375000.0
37157,9727000.0,18600000.0,28327000.0
37159,44202000.0,52416000.0,96618000.0
37161,90819000.0,5093000.0,95912000.0
37163,1929925000.0,263927000.0,2193852000.0
37165,173171000.0,18176000.0,191347000.0
37167,49063000.0,42033000.0,91096000.0
37169,40157000.0,12332000.0,52489000.0
37171,291531000.0,45634000.0,337165000.0
37173,834000.0,490000.0,1324000.0
37175,3019000.0,6472000.0,9491000.0
37179,466294000.0,125307000.0,591601000.0
37181,593000.0,12262000.0,12855000.0
37183,9381000.0,52751000.0,62132000.0
37185,33600000.0,14987000.0,48587000.0
37187,689000.0,70565000.0,71254000.0
37191,681134000.0,117126000.0,798260000.0
37193,439941000.0,19478000.0,459419000.0
37195,66348000.0,172402000.0,238750000.0
37197,162873000.0,48274000.0,211147000.0
37199,1046000.0,4345000.0,5391000.0
38001,31826000.0,106939000.0,138765000.0
38003,11795000.0,311219000.0,323014000.0
38005,12578000.0,219800000.0,232378000.0
38009,25493000.0,332874000.0,358367000.0
38011,38422000.0,62985000.0,101407000.0
38013,11647000.0,105009000.0,116656000.0
38015,61278000.0,127006000.0,188284000.0
38017,17169000.0,595527000.0,612696000.0
38021,39516000.0,230169000.0,269685000.0
38023,9626000.0,132211000.0,141837000.0
38025,50850000.0,76705000.0,127555000.0
38027,20292000.0,96564000.0,116856000.0
38029,44593000.0,220584000.0,265177000.0
38031,29280000.0,130506000.0,159786000.0
38033,21796000.0,33748000.0,55544000.0
38035,39953000.0,399874000.0,439827000.0
38037,61855000.0,116562000.0,178417000.0
38039,8686000.0,114519000.0,123205000.0
38041,14030000.0,183878000.0,197908000.0
38043,54653000.0,151240000.0,205893000.0
38045,28432000.0,270203000.0,298635000.0
38047,47628000.0,89031000.0,136659000.0
38049,72738000.0,185835000.0,258573000.0
38051,40469000.0,96698000.0,137167000.0
38053,53726000.0,125894000.0,179620000.0
38055,29842000.0,315624000.0,345466000.0
38057,26587000.0,47302000.0,73889000.0
38059,107537000.0,147827000.0,255364000.0
38061,43539000.0,207233000.0,250772000.0
38063,18629000.0,160858000.0,179487000.0
38065,43594000.0,53435000.0,97029000.0
38067,9781000.0,437430000.0,447211000.0
38069,12905000.0,127407000.0,140312000.0
38071,11837000.0,239466000.0,251303000.0
38073,52976000.0,144548000.0,197524000.0
38075,1214000.0,193045000.0,194259000.0
38077,20276000.0,452414000.0,472690000.0
38079,11445000.0,136255000.0,147700000.0
38081,22978000.0,192924000.0,215902000.0
38083,20730000.0,123281000.0,144011000.0
38085,43605000.0,28810000.0,72415000.0
38087,21586000.0,69905000.0,91491000.0
38089,29399000.0,140585000.0,169984000.0
38091,5903000.0,181938000.0,187841000.0
38093,56369000.0,363371000.0,419740000.0
38095,24223000.0,199783000.0,224006000.0
38097,8733000.0,345608000.0,354341000.0
38099,6914000.0,461855000.0,468769000.0
38101,13651000.0,340035000.0,353686000.0
38103,16880000.0,287326000.0,304206000.0
38105,18271000.0,248681000.0,266952000.0
39001,18791000.0,39169000.0,57960000.0
39003,100184000.0,140665000.0,240849000.0
39005,120712000.0,76971000.0,197683000.0
39007,26358000.0,54900000.0,81258000.0
39009,6565000.0,8252000.0,14817000.0
39011,136984000.0,183426000.0,320410000.0
39013,20072000.0,6805000.0,26877000.0
39015,9797000.0,71181000.0,80978000.0
39017,15421000.0,49622000.0,65043000.0
39019,28914000.0,24201000.0,53115000.0
39021,39607000.0,188399000.0,228006000.0
39023,54786000.0,140906000.0,195692000.0
39025,4709000.0,45928000.0,50637000.0
39027,20290000.0,189671000.0,209961000.0
39029,107765000.0,64765000.0,172530000.0
39031,77513000.0,46400000.0,123913000.0
39033,125257000.0,175008000.0,300265000.0
39035,246000.0,9015000.0,9261000.0
39037,902425000.0,291078000.0,1193503000.0
39039,103882000.0,132856000.0,236738000.0
39041,16064000.0,117247000.0,133311000.0
39043,8541000.0,195959000.0,204500000.0
39045,29878000.0,130491000.0,160369000.0
39047,29736000.0,162911000.0,192647000.0
39049,15974000.0,55702000.0,71676000.0
39051,64520000.0,211699000.0,276219000.0
39053,12586000.0,10277000.0,22863000.0
39055,17470000.0,21426000.0,38896000.0
39057,16238000.0,127780000.0,144018000.0
39059,24563000.0,11748000.0,36311000.0
39061,11789000.0,19839000.0,31628000.0
39063,44155000.0,198082000.0,242237000.0
39065,202064000.0,206309000.0,408373000.0
39067,24483000.0,12546000.0,37029000.0
39069,31157000.0,214315000.0,245472000.0
39071,69937000.0,124600000.0,194537000.0
39073,2167000.0,6190000.0,8357000.0
39075,244853000.0,46562000.0,291415000.0
39077,95115000.0,200322000.0,295437000.0
39079,9764000.0,7848000.0,17612000.0
39081,3953000.0,5845000.0,9798000.0
39083,147964000.0,93284000.0,241248000.0
39085,457000.0,97273000.0,97730000.0
39087,2057000.0,3428000.0,5485000.0
39089,280168000.0,109102000.0,389270000.0
39091,48402000.0,149415000.0,197817000.0
39093,14150000.0,156832000.0,170982000.0
39095,4720000.0,72847000.0,77567000.0
39097,50265000.0,183586000.0,233851000.0
39099,53582000.0,32969000.0,86551000.0
39101,61059000.0,160140000.0,221199000.0
39103,15670000.0,77120000.0,92790000.0
39105,3373000.0,8263000.0,11636000.0
39107,866629000.0,219635000.0,1086264000.0
39109,14022000.0,128381000.0,142403000.0
39111,13126000.0,6406000.0,19532000.0
39113,14264000.0,103241000.0,117505000.0
39115,9355000.0,10773000.0,20128000.0
39117,26289000.0,94472000.0,120761000.0
39119,75333000.0,45973000.0,121306000.0
39121,9963000.0,4573000.0,14536000.0
39123,6990000.0,79877000.0,86867000.0
39125,161462000.0,140346000.0,301808000.0
39127,9637000.0,23311000.0,32948000.0
39129,24742000.0,225425000.0,250167000.0
39131,37117000.0,31796000.0,68913000.0
39133,16022000.0,42665000.0,58687000.0
39135,95569000.0,164488000.0,260057000.0
39137,143946000.0,248334000.0,392280000.0
39139,113324000.0,100863000.0,214187000.0
39141,18254000.0,127188000.0,145442000.0
39143,10813000.0,130453000.0,141266000.0
39145,10569000.0,21671000.0,32240000.0
39147,40500000.0,172144000.0,212644000.0
39149,144547000.0,158113000.0,302660000.0
39151,60889000.0,63748000.0,124637000.0
39153,3225000.0,9709000.0,12934000.0
39155,28663000.0,56922000.0,85585000.0
39157,105926000.0,37375000.0,143301000.0
39159,158955000.0,149760000.0,308715000.0
39161,172995000.0,199700000.0,372695000.0
39163,1395000.0,1966000.0,3361000.0
39165,5489000.0,71118000.0,76607000.0
39167,25237000.0,31990000.0,57227000.0
39169,410941000.0,143265000.0,554206000.0
39171,65562000.0,171926000.0,237488000.0
39173,80054000.0,203245000.0,283299000.0
39175,95185000.0,165967000.0,261152000.0
40001,275816000.0,2044000.0,277860000.0
40003,68065000.0,52823000.0,120888000.0
40005,54324000.0,4210000.0,58534000.0
40007,192311000.0,22760000.0,215071000.0
40009,29078000.0,26235000.0,55313000.0
40011,90217000.0,31241000.0,121458000.0
40013,44999000.0,25007000.0,70006000.0
40015,115501000.0,61275000.0,176776000.0
40017,71605000.0,34746000.0,106351000.0
40019,26575000.0,3276000.0,29851000.0
40021,48961000.0,43212000.0,92173000.0
40023,38678000.0,4999000.0,43677000.0
40025,294500000.0,59761000.0,354261000.0
40027,10880000.0,4580000.0,15460000.0
40029,31307000.0,2563000.0,33870000.0
40031,51243000.0,12041000.0,63284000.0
40033,59491000.0,19701000.0,79192000.0
40035,143621000.0,11108000.0,154729000.0
40037,21029000.0,3874000.0,24903000.0
40039,52703000.0,39373000.0,92076000.0
40041,501189000.0,7602000.0,508791000.0
40043,31247000.0,9598000.0,40845000.0
40045,132052000.0,6727000.0,138779000.0
40047,45109000.0,79676000.0,124785000.0
40049,40616000.0,14204000.0,54820000.0
40051,173716000.0,26095000.0,199811000.0
40053,35059000.0,77812000.0,112871000.0
40055,16012000.0,8774000.0,24786000.0
40057,32524000.0,14916000.0,47440000.0
40059,222762000.0,16001000.0,238763000.0
40061,101458000.0,3660000.0,105118000.0
40063,243300000.0,2996000.0,246296000.0
40065,18383000.0,35552000.0,53935000.0
40067,73971000.0,3896000.0,77867000.0
40069,21710000.0,3798000.0,25508000.0
40071,25765000.0,58539000.0,84304000.0
40073,101921000.0,33063000.0,134984000.0
40075,57737000.0,30540000.0,88277000.0
40077,51586000.0,835000.0,52421000.0
40079,301680000.0,7624000.0,309304000.0
40081,36903000.0,8170000.0,45073000.0
40083,30112000.0,17392000.0,47504000.0
40085,22080000.0,3452000.0,25532000.0
40087,40903000.0,18210000.0,59113000.0
40089,271615000.0,5382000.0,276997000.0
40091,53506000.0,4986000.0,58492000.0
40093,112564000.0,33977000.0,146541000.0
40095,22803000.0,3169000.0,25972000.0
40097,139362000.0,5541000.0,144903000.0
40099,26517000.0,2075000.0,28592000.0
40101,61942000.0,19376000.0,81318000.0
40103,41858000.0,28293000.0,70151000.0
40105,48820000.0,4374000.0,53194000.0
40107,50840000.0,3723000.0,54563000.0
40109,8067000.0,17033000.0,25100000.0
40111,32600000.0,6628000.0,39228000.0
40113,95583000.0,7561000.0,103144000.0
40115,75923000.0,73293000.0,149216000.0
40117,23888000.0,4904000.0,28792000.0
40119,33633000.0,7693000.0,41326000.0
40121,41646000.0,2987000.0,44633000.0
40123,23736000.0,4891000.0,28627000.0
40125,26022000.0,7328000.0,33350000.0
40127,13810000.0,806000.0,14616000.0
40129,46385000.0,6622000.0,53007000.0
40131,127157000.0,9687000.0,136844000.0
40133,26040000.0,4939000.0,30979000.0
40135,56179000.0,11666000.0,67845000.0
40137,44147000.0,5300000.0,49447000.0
40139,1010294000.0,154568000.0,1164862000.0
40141,68753000.0,39851000.0,108604000.0
40143,6466000.0,23112000.0,29578000.0
40145,14640000.0,63400000.0,78040000.0
40147,22636000.0,11232000.0,33868000.0
40149,104328000.0,29523000.0,133851000.0
40151,76244000.0,21881000.0,98125000.0
40153,65693000.0,8368000.0,74061000.0
41001,48758000.0,52580000.0,101338000.0
41003,18637000.0,104169000.0,122806000.0
41005,109713000.0,400592000.0,510305000.0
41007,6651000.0,2705000.0,9356000.0
41011,48885000.0,18064000.0,66949000.0
41013,33874000.0,19525000.0,53399000.0
41015,7210000.0,12321000.0,19531000.0
41017,13943000.0,26043000.0,39986000.0
41019,47785000.0,41973000.0,89758000.0
41021,7249000.0,35433000.0,42682000.0
41023,21932000.0,7632000.0,29564000.0
41025,62867000.0,36470000.0,99337000.0
41027,1073000.0,133533000.0,134606000.0
41029,18081000.0,87268000.0,105349000.0
41031,23929000.0,38724000.0,62653000.0
41033,13733000.0,24677000.0,38410000.0
41035,72659000.0,97625000.0,170284000.0
41037,59370000.0,116330000.0,175700000.0
41039,38742000.0,98851000.0,137593000.0
41043,83529000.0,258568000.0,342097000.0
41045,306550000.0,204075000.0,510625000.0
41047,116793000.0,757834000.0,874627000.0
41049,495462000.0,370590000.0,866052000.0
41051,2530000.0,93361000.0,95891000.0
41053,49793000.0,199885000.0,249678000.0
41055,2415000.0,52405000.0,54820000.0
41057,157595000.0,3099000.0,160694000.0
41059,77595000.0,448021000.0,525616000.0
41061,31828000.0,42963000.0,74791000.0
41063,21313000.0,21630000.0,42943000.0
41065,11953000.0,126013000.0,137966000.0
41067,12459000.0,313580000.0,326039000.0
41069,8136000.0,1413000.0,9549000.0
41071,79634000.0,338685000.0,418319000.0
42001,164420000.0,159812000.0,324232000.0
42003,1342000.0,9956000.0,11298000.0
42005,21316000.0,30851000.0,52167000.0
42007,6943000.0,17005000.0,23948000.0
42009,94764000.0,49012000.0,143776000.0
42011,449121000.0,252233000.0,701354000.0
42013,165547000.0,31629000.0,197176000.0
42015,126233000.0,38975000.0,165208000.0
42017,36905000.0,61411000.0,98316000.0
42019,23908000.0,47348000.0,71256000.0
42021,34385000.0,27183000.0,61568000.0
42023,130000.0,330000.0,460000.0
42025,2022000.0,15897000.0,17919000.0
42027,61571000.0,37232000.0,98803000.0
42029,127901000.0,608174000.0,736075000.0
42031,21019000.0,25244000.0,46263000.0
42033,28274000.0,9245000.0,37519000.0
42035,45044000.0,15863000.0,60907000.0
42037,55666000.0,48288000.0,103954000.0
42039,71246000.0,59579000.0,130825000.0
42041,218700000.0,81439000.0,300139000.0
42043,100785000.0,41868000.0,142653000.0
42045,49000.0,2396000.0,2445000.0
42047,2814000.0,2298000.0,5112000.0
42049,14125000.0,104365000.0,118490000.0
42051,18736000.0,18683000.0,37419000.0
42053,2438000.0,929000.0,3367000.0
42055,511135000.0,144354000.0,655489000.0
42057,72056000.0,18508000.0,90564000.0
42059,5294000.0,5638000.0,10932000.0
42061,121726000.0,29983000.0,151709000.0
42063,44132000.0,56686000.0,100818000.0
42065,15163000.0,17689000.0,32852000.0
42067,171728000.0,26880000.0,198608000.0
42069,2675000.0,13610000.0,16285000.0
42071,1527774000.0,326645000.0,1854419000.0
42073,36178000.0,33477000.0,69655000.0
42075,598986000.0,63643000.0,662629000.0
42077,35114000.0,82733000.0,117847000.0
42079,4495000.0,25773000.0,30268000.0
42081,28871000.0,37196000.0,66067000.0
42083,2523000.0,3298000.0,5821000.0
42085,32822000.0,56333000.0,89155000.0
42087,115953000.0,19893000.0,135846000.0
42089,4874000.0,7959000.0,12833000.0
42091,5093000.0,26267000.0,31360000.0
42093,40353000.0,27387000.0,67740000.0
42095,8387000.0,30446000.0,38833000.0
42097,130626000.0,66280000.0,196906000.0
42099,237762000.0,37270000.0,275032000.0
42101,205000.0,2227000.0,2432000.0
42103,633000.0,552000.0,1185000.0
42105,28496000.0,14041000.0,42537000.0
42107,152649000.0,83472000.0,236121000.0
42109,228343000.0,30785000.0,259128000.0
42111,94508000.0,56385000.0,150893000.0
42113,3110000.0,3640000.0,6750000.0
42115,26999000.0,18557000.0,45556000.0
42117,77272000.0,33997000.0,111269000.0
42119,198115000.0,20297000.0,218412000.0
42121,4507000.0,9294000.0,13801000.0
42123,18832000.0,7953000.0,26785000.0
42125,20411000.0,24189000.0,44600000.0
42127,15926000.0,11188000.0,27114000.0
42129,53342000.0,34350000.0,87692000.0
42131,6191000.0,9042000.0,15233000.0
42133,210238000.0,178329000.0,388567000.0
44001,654000.0,779000.0,1433000.0
44003,605000.0,2703000.0,3308000.0
44005,6407000.0,16048000.0,22455000.0
44007,5787000.0,10464000.0,16251000.0
44009,7165000.0,42218000.0,49383000.0
45001,8899000.0,7818000.0,16717000.0
45003,146377000.0,47237000.0,193614000.0
45005,3897000.0,12516000.0,16413000.0
45007,67531000.0,16842000.0,84373000.0
45009,26871000.0,47304000.0,74175000.0
45011,17060000.0,21926000.0,38986000.0
45013,728000.0,22887000.0,23615000.0
45015,459000.0,3535000.0,3994000.0
45017,18411000.0,62111000.0,80522000.0
45021,35804000.0,7638000.0,43442000.0
45023,30216000.0,7808000.0,38024000.0
45025,79955000.0,36100000.0,116055000.0
45027,87112000.0,86214000.0,173326000.0
45029,4853000.0,18089000.0,22942000.0
45031,67854000.0,75911000.0,143765000.0
45033,170698000.0,55307000.0,226005000.0
45035,23929000.0,25192000.0,49121000.0
45037,30364000.0,75148000.0,105512000.0
45039,27095000.0,4177000.0,31272000.0
45041,644000.0,48372000.0,49016000.0
45043,396000.0,13882000.0,14278000.0
45045,3615000.0,22721000.0,26336000.0
45047,7055000.0,2252000.0,9307000.0
45049,475000.0,31190000.0,31665000.0
45051,19081000.0,86145000.0,105226000.0
45053,430000.0,17514000.0,17944000.0
45055,354280000.0,10288000.0,364568000.0
45057,69382000.0,7036000.0,76418000.0
45059,68223000.0,13554000.0,81777000.0
45061,105592000.0,59538000.0,165130000.0
45063,256045000.0,75785000.0,331830000.0
45067,766000.0,21748000.0,22514000.0
45069,45694000.0,40156000.0,85850000.0
45071,205825000.0,11380000.0,217205000.0
45073,185200000.0,7669000.0,192869000.0
45075,167643000.0,136087000.0,303730000.0
45077,3962000.0,4471000.0,8433000.0
45079,16518000.0,37416000.0,53934000.0
45081,246930000.0,50265000.0,297195000.0
45083,12421000.0,34542000.0,46963000.0
45085,85518000.0,85558000.0,171076000.0
45087,19342000.0,2320000.0,21662000.0
45089,4318000.0,60462000.0,64780000.0
45091,55900000.0,71140000.0,127040000.0
46003,54406000.0,98009000.0,152415000.0
46005,125646000.0,229378000.0,355024000.0
46007,40502000.0,22117000.0,62619000.0
46009,68984000.0,79885000.0,148869000.0
46011,243314000.0,201583000.0,444897000.0
46013,89234000.0,431424000.0,520658000.0
46015,80032000.0,106875000.0,186907000.0
46017,26915000.0,27651000.0,54566000.0
46019,76901000.0,15189000.0,92090000.0
46021,61261000.0,111451000.0,172712000.0
46023,173608000.0,190127000.0,363735000.0
46025,155456000.0,180547000.0,336003000.0
46027,9831000.0,90105000.0,99936000.0
46029,76815000.0,114926000.0,191741000.0
46031,80279000.0,83770000.0,164049000.0
46033,27358000.0,3335000.0,30693000.0
46035,52758000.0,84965000.0,137723000.0
46037,24099000.0,170124000.0,194223000.0
46039,122692000.0,109717000.0,232409000.0
46041,52261000.0,30741000.0,83002000.0
46043,107272000.0,77477000.0,184749000.0
46045,82053000.0,299631000.0,381684000.0
46047,118748000.0,6605000.0,125353000.0
46049,81330000.0,222359000.0,303689000.0
46051,170537000.0,158131000.0,328668000.0
46053,57155000.0,47541000.0,104696000.0
46055,57908000.0,66582000.0,124490000.0
46057,155872000.0,130736000.0,286608000.0
46059,70278000.0,275294000.0,345572000.0
46061,52855000.0,87866000.0,140721000.0
46063,63894000.0,25337000.0,89231000.0
46065,24751000.0,101935000.0,126686000.0
46067,127066000.0,161505000.0,288571000.0
46069,34293000.0,83121000.0,117414000.0
46071,42836000.0,13282000.0,56118000.0
46073,44906000.0,98625000.0,143531000.0
46075,33583000.0,49261000.0,82844000.0
46077,73213000.0,200684000.0,273897000.0
46079,101899000.0,117390000.0,219289000.0
46081,17307000.0,3243000.0,20550000.0
46083,125952000.0,126235000.0,252187000.0
46085,42478000.0,144327000.0,186805000.0
46087,66985000.0,130820000.0,197805000.0
46089,85444000.0,126282000.0,211726000.0
46091,190392000.0,160233000.0,350625000.0
46093,98126000.0,23717000.0,121843000.0
46095,42550000.0,12399000.0,54949000.0
46097,43511000.0,111699000.0,155210000.0
46099,192524000.0,198908000.0,391432000.0
46101,167343000.0,145347000.0,312690000.0
46102,35767000.0,7206000.0,42973000.0
46103,48525000.0,36232000.0,84757000.0
46105,76228000.0,40461000.0,116689000.0
46107,15918000.0,206895000.0,222813000.0
46109,36907000.0,229261000.0,266168000.0
46111,42929000.0,66688000.0,109617000.0
46115,114429000.0,437113000.0,551542000.0
46117,36159000.0,44370000.0,80529000.0
46119,66189000.0,202250000.0,268439000.0
46121,39169000.0,9554000.0,48723000.0
46123,171165000.0,81792000.0,252957000.0
46125,185757000.0,180408000.0,366165000.0
46127,60778000.0,111101000.0,171879000.0
46129,18090000.0,119075000.0,137165000.0
46135,52611000.0,86599000.0,139210000.0
46137,41909000.0,29788000.0,71697000.0
47001,3113000.0,1638000.0,4751000.0
47003,130071000.0,19720000.0,149791000.0
47005,1758000.0,8943000.0,10701000.0
47007,36221000.0,12855000.0,49076000.0
47009,19005000.0,7615000.0,26620000.0
47011,139537000.0,9832000.0,149369000.0
47013,2242000.0,1473000.0,3715000.0
47015,5683000.0,17569000.0,23252000.0
47017,20939000.0,75304000.0,96243000.0
47019,5189000.0,2376000.0,7565000.0
47021,2832000.0,7813000.0,10645000.0
47023,9016000.0,23656000.0,32672000.0
47025,13166000.0,3685000.0,16851000.0
47027,39803000.0,5565000.0,45368000.0
47029,33308000.0,47920000.0,81228000.0
47031,17579000.0,47858000.0,65437000.0
47033,1645000.0,93523000.0,95168000.0
47035,19073000.0,17850000.0,36923000.0
47037,1679000.0,13734000.0,15413000.0
47039,4207000.0,12681000.0,16888000.0
47041,6071000.0,23810000.0,29881000.0
47043,8167000.0,8868000.0,17035000.0
47045,4880000.0,156948000.0,161828000.0
47047,16109000.0,102244000.0,118353000.0
47049,62732000.0,6471000.0,69203000.0
47051,67426000.0,66028000.0,133454000.0
47053,18603000.0,167639000.0,186242000.0
47055,55139000.0,21474000.0,76613000.0
47057,10377000.0,22004000.0,32381000.0
47059,45231000.0,24511000.0,69742000.0
47061,20548000.0,12934000.0,33482000.0
47063,16209000.0,8033000.0,24242000.0
47065,27127000.0,3333000.0,30460000.0
47067,6244000.0,936000.0,7180000.0
47069,3168000.0,19031000.0,22199000.0
47071,4476000.0,17422000.0,21898000.0
47073,18926000.0,5099000.0,24025000.0
47075,888000.0,152268000.0,153156000.0
47077,7047000.0,21501000.0,28548000.0
47079,74784000.0,69198000.0,143982000.0
47081,8761000.0,12162000.0,20923000.0
47083,4937000.0,1014000.0,5951000.0
47085,8380000.0,7071000.0,15451000.0
47087,7946000.0,2067000.0,10013000.0
47089,16417000.0,6950000.0,23367000.0
47091,2523000.0,1834000.0,4357000.0
47093,5984000.0,15424000.0,21408000.0
47097,7113000.0,124670000.0,131783000.0
47099,47307000.0,53747000.0,101054000.0
47101,1388000.0,4072000.0,5460000.0
47103,139042000.0,56991000.0,196033000.0
47105,19518000.0,75430000.0,94948000.0
47107,71737000.0,16568000.0,88305000.0
47109,5604000.0,19713000.0,25317000.0
47111,34105000.0,36542000.0,70647000.0
47113,3125000.0,67327000.0,70452000.0
47115,27276000.0,15821000.0,43097000.0
47117,74165000.0,11304000.0,85469000.0
47119,22855000.0,27683000.0,50538000.0
47121,4674000.0,3606000.0,8280000.0
47123,22146000.0,12832000.0,34978000.0
47125,25983000.0,61238000.0,87221000.0
47127,15145000.0,1933000.0,17078000.0
47129,12333000.0,3114000.0,15447000.0
47131,65292000.0,141778000.0,207070000.0
47133,18856000.0,18878000.0,37734000.0
47135,1076000.0,3715000.0,4791000.0
47137,15101000.0,2600000.0,17701000.0
47139,72726000.0,15554000.0,88280000.0
47141,6345000.0,8722000.0,15067000.0
47143,9347000.0,14543000.0,23890000.0
47145,3030000.0,2467000.0,5497000.0
47147,36859000.0,150040000.0,186899000.0
47149,10227000.0,25153000.0,35380000.0
47151,720000.0,1196000.0,1916000.0
47153,6528000.0,883000.0,7411000.0
47155,3478000.0,2945000.0,6423000.0
47157,4621000.0,34710000.0,39331000.0
47159,12328000.0,19539000.0,31867000.0
47161,2117000.0,2071000.0,4188000.0
47163,11519000.0,5223000.0,16742000.0
47165,16615000.0,29255000.0,45870000.0
47167,1978000.0,110884000.0,112862000.0
47169,3236000.0,3379000.0,6615000.0
47173,3455000.0,1900000.0,5355000.0
47175,4158000.0,2307000.0,6465000.0
47177,58296000.0,155052000.0,213348000.0
47179,19969000.0,31797000.0,51766000.0
47181,39831000.0,5895000.0,45726000.0
47183,108381000.0,138518000.0,246899000.0
47185,22022000.0,12531000.0,34553000.0
47187,14048000.0,25833000.0,39881000.0
47189,14478000.0,8714000.0,23192000.0
48001,165327000.0,24811000.0,190138000.0
48003,4400000.0,5343000.0,9743000.0
48005,63699000.0,6298000.0,69997000.0
48007,1502000.0,688000.0,2190000.0
48009,108065000.0,8344000.0,116409000.0
48011,52501000.0,16849000.0,69350000.0
48013,49102000.0,16004000.0,65106000.0
48015,37847000.0,19506000.0,57353000.0
48017,345748000.0,39401000.0,385149000.0
48019,3852000.0,777000.0,4629000.0
48021,38831000.0,19784000.0,58615000.0
48023,45638000.0,7452000.0,53090000.0
48025,16392000.0,19930000.0,36322000.0
48027,40364000.0,49734000.0,90098000.0
48029,25057000.0,48093000.0,73150000.0
48031,11521000.0,6686000.0,18207000.0
48033,12776000.0,14924000.0,27700000.0
48035,47386000.0,21771000.0,69157000.0
48037,104464000.0,12317000.0,116781000.0
48039,35566000.0,76616000.0,112182000.0
48041,112819000.0,10098000.0,122917000.0
48043,15988000.0,7569000.0,23557000.0
48045,45457000.0,9461000.0,54918000.0
48047,20721000.0,3485000.0,24206000.0
48049,35904000.0,6086000.0,41990000.0
48051,79322000.0,25068000.0,104390000.0
48053,23127000.0,6815000.0,29942000.0
48055,53937000.0,8721000.0,62658000.0
48057,20801000.0,11172000.0,31973000.0
48059,20702000.0,1999000.0,22701000.0
48061,3347000.0,125443000.0,128790000.0
48063,180854000.0,2164000.0,183018000.0
48065,9744000.0,112429000.0,122173000.0
48067,139744000.0,4779000.0,144523000.0
48069,1742801000.0,96353000.0,1839154000.0
48071,13694000.0,39530000.0,53224000.0
48073,51048000.0,69848000.0,120896000.0
48075,8281000.0,17816000.0,26097000.0
48077,75488000.0,5441000.0,80929000.0
48079,1249000.0,49603000.0,50852000.0
48081,7933000.0,2753000.0,10686000.0
48083,37965000.0,6620000.0,44585000.0
48085,53668000.0,45111000.0,98779000.0
48087,7840000.0,22847000.0,30687000.0
48089,32737000.0,70989000.0,103726000.0
48091,4410000.0,1478000.0,5888000.0
48093,244767000.0,23627000.0,268394000.0
48095,13394000.0,18875000.0,32269000.0
48097,89591000.0,19860000.0,109451000.0
48099,57456000.0,16052000.0,73508000.0
48101,14753000.0,10998000.0,25751000.0
48105,28040000.0,2613000.0,30653000.0
48107,7523000.0,46887000.0,54410000.0
48109,16357000.0,17702000.0,34059000.0
48111,897930000.0,188835000.0,1086765000.0
48113,7843000.0,24837000.0,32680000.0
48115,2894000.0,49659000.0,52553000.0
48117,1790951000.0,102740000.0,1893691000.0
48119,5908000.0,13904000.0,19812000.0
48121,110250000.0,25217000.0,135467000.0
48123,28323000.0,3115000.0,31438000.0
48125,13491000.0,3874000.0,17365000.0
48127,3693000.0,6920000.0,10613000.0
48129,67421000.0,17622000.0,85043000.0
48131,13073000.0,1947000.0,15020000.0
48133,32637000.0,4339000.0,36976000.0
48135,3585000.0,237000.0,3822000.0
48137,10997000.0,395000.0,11392000.0
48139,27372000.0,50972000.0,78344000.0
48141,7101000.0,34239000.0,41340000.0
48143,446421000.0,43591000.0,490012000.0
48145,131970000.0,56898000.0,188868000.0
48147,47742000.0,55953000.0,103695000.0
48149,68335000.0,10412000.0,78747000.0
48151,28335000.0,23218000.0,51553000.0
48155,10812000.0,907000.0,11719000.0
48157,16781000.0,48067000.0,64848000.0
48159,242071000.0,3309000.0,245380000.0
48161,116059000.0,6737000.0,122796000.0
48163,81184000.0,86663000.0,167847000.0
48165,12168000.0,157314000.0,169482000.0
48167,5149000.0,7622000.0,12771000.0
48169,5842000.0,6252000.0,12094000.0
48171,26299000.0,11891000.0,38190000.0
48173,7697000.0,20889000.0,28586000.0
48175,18129000.0,3855000.0,21984000.0
48177,964991000.0,37026000.0,1002017000.0
48179,249903000.0,28439000.0,278342000.0
48181,39062000.0,48035000.0,87097000.0
48183,2041000.0,647000.0,2688000.0
48185,67389000.0,15847000.0,83236000.0
48187,69211000.0,24849000.0,94060000.0
48189,375235000.0,106440000.0,481675000.0
48191,6996000.0,12096000.0,19092000.0
48193,96377000.0,4327000.0,100704000.0
48195,755150000.0,144496000.0,899646000.0
48197,39989000.0,16006000.0,55995000.0
48199,2884000.0,1753000.0,4637000.0
48201,15591000.0,73449000.0,89040000.0
48203,8181000.0,4839000.0,13020000.0
48205,1457647000.0,278013000.0,1735660000.0
48207,11834000.0,37825000.0,49659000.0
48209,6855000.0,22385000.0,29240000.0
48211,143829000.0,2697000.0,146526000.0
48213,33814000.0,10380000.0,44194000.0
48215,23187000.0,362855000.0,386042000.0
48217,34644000.0,95298000.0,129942000.0
48219,4555000.0,57723000.0,62278000.0
48221,9598000.0,12953000.0,22551000.0
48223,327708000.0,14570000.0,342278000.0
48225,77523000.0,12464000.0,89987000.0
48227,4824000.0,27807000.0,32631000.0
48229,12362000.0,52050000.0,64412000.0
48231,42213000.0,40205000.0,82418000.0
48233,19095000.0,43165000.0,62260000.0
48235,9743000.0,172000.0,9915000.0
48237,40794000.0,2022000.0,42816000.0
48239,28847000.0,51443000.0,80290000.0
48241,4462000.0,8689000.0,13151000.0
48245,19286000.0,15901000.0,35187000.0
48247,8399000.0,174000.0,8573000.0
48249,32690000.0,39927000.0,72617000.0
48251,40882000.0,25113000.0,65995000.0
48253,57423000.0,16349000.0,73772000.0
48255,33392000.0,6299000.0,39691000.0
48257,38557000.0,10815000.0,49372000.0
48259,13271000.0,858000.0,14129000.0
48263,8108000.0,1741000.0,9849000.0
48265,10072000.0,1079000.0,11151000.0
48267,6962000.0,264000.0,7226000.0
48269,12141000.0,932000.0,13073000.0
48271,3749000.0,38000.0,3787000.0
48273,35428000.0,16377000.0,51805000.0
48275,11921000.0,14820000.0,26741000.0
48277,46514000.0,39024000.0,85538000.0
48279,486403000.0,78896000.0,565299000.0
48281,31510000.0,1607000.0,33117000.0
48283,6544000.0,1122000.0,7666000.0
48285,50253000.0,15942000.0,66195000.0
48287,74251000.0,14945000.0,89196000.0
48289,224699000.0,8819000.0,233518000.0
48291,24319000.0,16379000.0,40698000.0
48293,84598000.0,11047000.0,95645000.0
48295,68682000.0,12048000.0,80730000.0
48297,13412000.0,1553000.0,14965000.0
48299,25740000.0,1534000.0,27274000.0
48301,1273000.0,274000.0,1547000.0
48305,5253000.0,41136000.0,46389000.0
48307,17060000.0,2345000.0,19405000.0
48309,151810000.0,58299000.0,210109000.0
48311,8598000.0,868000.0,9466000.0
48315,3509000.0,3652000.0,7161000.0
48317,1906000.0,20841000.0,22747000.0
48319,38760000.0,11471000.0,50231000.0
48321,49196000.0,107882000.0,157078000.0
48323,41358000.0,2939000.0,44297000.0
48325,45533000.0,37111000.0,82644000.0
48327,11594000.0,481000.0,12075000.0
48329,10860000.0,8332000.0,19192000.0
48331,123750000.0,32682000.0,156432000.0
48333,42875000.0,1361000.0,44236000.0
48335,22491000.0,15465000.0,37956000.0
48337,50156000.0,11903000.0,62059000.0
48339,16395000.0,8658000.0,25053000.0
48341,631697000.0,75182000.0,706879000.0
48343,54520000.0,848000.0,55368000.0
48345,8788000.0,9939000.0,18727000.0
48347,573322000.0,5584000.0,578906000.0
48349,42789000.0,22173000.0,64962000.0
48351,1514000.0,565000.0,2079000.0
48353,14639000.0,8533000.0,23172000.0
48355,5694000.0,134256000.0,139950000.0
48357,311291000.0,66841000.0,378132000.0
48359,89647000.0,10109000.0,99756000.0
48361,2729000.0,1563000.0,4292000.0
48363,44366000.0,4199000.0,48565000.0
48365,91371000.0,4799000.0,96170000.0
48367,59965000.0,8531000.0,68496000.0
48369,1246706000.0,128399000.0,1375105000.0
48371,19647000.0,29294000.0,48941000.0
48373,5469000.0,5423000.0,10892000.0
48375,43138000.0,4293000.0,47431000.0
48379,14532000.0,17098000.0,31630000.0
48381,690353000.0,39755000.0,730108000.0
48383,7502000.0,1308000.0,8810000.0
48385,2396000.0,250000.0,2646000.0
48387,90930000.0,8755000.0,99685000.0
48389,6363000.0,21427000.0,27790000.0
48391,10378000.0,28330000.0,38708000.0
48393,15843000.0,7697000.0,23540000.0
48395,197286000.0,20376000.0,217662000.0
48397,2306000.0,3055000.0,5361000.0
48399,48740000.0,12869000.0,61609000.0
48401,96050000.0,8974000.0,105024000.0
48403,0.0,399000.0,399000.0
48405,302849000.0,1844000.0,304693000.0
48407,5671000.0,3535000.0,9206000.0
48409,14752000.0,86457000.0,101209000.0
48411,36547000.0,4966000.0,41513000.0
48413,21661000.0,5527000.0,27188000.0
48415,22433000.0,8172000.0,30605000.0
48417,15421000.0,980000.0,16401000.0
48419,621129000.0,4709000.0,625838000.0
48421,797507000.0,190706000.0,988213000.0
48423,41192000.0,29707000.0,70899000.0
48425,3182000.0,4091000.0,7273000.0
48427,51509000.0,21506000.0,73015000.0
48429,8347000.0,950000.0,9297000.0
48431,10802000.0,235000.0,11037000.0
48433,12001000.0,2460000.0,14461000.0
48437,697124000.0,52404000.0,749528000.0
48439,15268000.0,9059000.0,24327000.0
48441,11810000.0,8735000.0,20545000.0
48443,5813000.0,354000.0,6167000.0
48445,26332000.0,73878000.0,100210000.0
48447,32504000.0,5469000.0,37973000.0
48449,220120000.0,2867000.0,222987000.0
48451,76097000.0,25880000.0,101977000.0
48453,35310000.0,28074000.0,63384000.0
48455,6110000.0,2127000.0,8237000.0
48457,4070000.0,5295000.0,9365000.0
48459,82171000.0,2508000.0,84679000.0
48461,4059000.0,6355000.0,10414000.0
48463,44793000.0,45851000.0,90644000.0
48465,15192000.0,289000.0,15481000.0
48467,92994000.0,75291000.0,168285000.0
48469,25799000.0,46235000.0,72034000.0
48471,17552000.0,7847000.0,25399000.0
48473,22758000.0,83806000.0,106564000.0
48475,3034000.0,0.0,3034000.0
48477,33875000.0,17914000.0,51789000.0
48479,31041000.0,477000.0,31518000.0
48481,38930000.0,354833000.0,393763000.0
48483,111846000.0,11657000.0,123503000.0
48485,28735000.0,16644000.0,45379000.0
48487,19460000.0,22698000.0,42158000.0
48489,5054000.0,90337000.0,95391000.0
48491,50574000.0,45113000.0,95687000.0
48493,133755000.0,12872000.0,146627000.0
48497,44190000.0,14755000.0,58945000.0
48499,214723000.0,10964000.0,225687000.0
48501,3551000.0,53372000.0,56923000.0
48503,24812000.0,5008000.0,29820000.0
48505,4941000.0,253000.0,5194000.0
48507,37703000.0,49135000.0,86838000.0
49001,254958000.0,16791000.0,271749000.0
49003,102080000.0,93002000.0,195082000.0
49005,131152000.0,57455000.0,188607000.0
49007,7556000.0,2713000.0,10269000.0
49009,1225000.0,1432000.0,2657000.0
49011,3376000.0,23481000.0,26857000.0
49013,47063000.0,19396000.0,66459000.0
49015,11364000.0,8978000.0,20342000.0
49017,17786000.0,8229000.0,26015000.0
49019,2213000.0,3647000.0,5860000.0
49021,171684000.0,76964000.0,248648000.0
49023,25973000.0,32073000.0,58046000.0
49025,4996000.0,556000.0,5552000.0
49027,182631000.0,84093000.0,266724000.0
49029,12063000.0,5160000.0,17223000.0
49031,36618000.0,2236000.0,38854000.0
49033,22503000.0,11910000.0,34413000.0
49035,1666000.0,16203000.0,17869000.0
49037,10918000.0,11226000.0,22144000.0
49039,183572000.0,25277000.0,208849000.0
49041,70255000.0,12748000.0,83003000.0
49043,22843000.0,6783000.0,29626000.0
49045,49854000.0,17064000.0,66918000.0
49047,33433000.0,29493000.0,62926000.0
49049,154879000.0,103592000.0,258471000.0
49051,10689000.0,3436000.0,14125000.0
49053,9635000.0,8582000.0,18217000.0
49055,11101000.0,5048000.0,16149000.0
49057,29697000.0,30248000.0,59945000.0
50001,214583000.0,48344000.0,262927000.0
50003,6731000.0,15816000.0,22547000.0
50005,39873000.0,13290000.0,53163000.0
50007,21623000.0,35116000.0,56739000.0
50009,3040000.0,12184000.0,15224000.0
50011,180208000.0,67280000.0,247488000.0
50013,18186000.0,3863000.0,22049000.0
50015,8646000.0,19349000.0,27995000.0
50017,48631000.0,18407000.0,67038000.0
50019,89103000.0,27574000.0,116677000.0
50021,22784000.0,17658000.0,40442000.0
50023,24552000.0,13984000.0,38536000.0
50025,14739000.0,14319000.0,29058000.0
50027,14012000.0,19299000.0,33311000.0
51001,269567000.0,56657000.0,326224000.0
51003,9802000.0,33413000.0,43215000.0
51005,1257000.0,1823000.0,3080000.0
51007,65617000.0,15348000.0,80965000.0
51009,5096000.0,5630000.0,10726000.0
51011,8585000.0,3949000.0,12534000.0
51013,9000.0,0.0,9000.0
51015,399917000.0,48396000.0,448313000.0
51017,4260000.0,2132000.0,6392000.0
51019,17023000.0,12239000.0,29262000.0
51021,6511000.0,4298000.0,10809000.0
51023,15254000.0,7964000.0,23218000.0
51025,7727000.0,12876000.0,20603000.0
51027,198000.0,346000.0,544000.0
51029,49479000.0,7501000.0,56980000.0
51031,18845000.0,6708000.0,25553000.0
51033,1507000.0,31202000.0,32709000.0
51035,20841000.0,11096000.0,31937000.0
51037,15474000.0,15619000.0,31093000.0
51041,786000.0,2772000.0,3558000.0
51043,9232000.0,7195000.0,16427000.0
51045,4557000.0,2515000.0,7072000.0
51047,18876000.0,54946000.0,73822000.0
51049,50117000.0,4935000.0,55052000.0
51051,400000.0,99000.0,499000.0
51053,1900000.0,24638000.0,26538000.0
51057,1775000.0,39982000.0,41757000.0
51059,133000.0,556000.0,689000.0
51061,28258000.0,39605000.0,67863000.0
51063,16474000.0,17466000.0,33940000.0
51065,2006000.0,6891000.0,8897000.0
51067,57150000.0,21466000.0,78616000.0
51069,5547000.0,45095000.0,50642000.0
51071,7486000.0,2390000.0,9876000.0
51073,2246000.0,14536000.0,16782000.0
51075,13136000.0,13335000.0,26471000.0
51077,33557000.0,42456000.0,76013000.0
51079,14392000.0,2047000.0,16439000.0
51083,28044000.0,22472000.0,50516000.0
51085,11921000.0,51899000.0,63820000.0
51087,155000.0,6839000.0,6994000.0
51089,15130000.0,3532000.0,18662000.0
51091,34839000.0,2552000.0,37391000.0
51093,17908000.0,55446000.0,73354000.0
51095,490000.0,1726000.0,2216000.0
51097,9854000.0,23163000.0,33017000.0
51099,674000.0,14320000.0,14994000.0
51101,2018000.0,26202000.0,28220000.0
51103,1374000.0,6735000.0,8109000.0
51105,9938000.0,5487000.0,15425000.0
51107,11575000.0,38652000.0,50227000.0
51109,18826000.0,17533000.0,36359000.0
51111,3280000.0,11255000.0,14535000.0
51113,17878000.0,21609000.0,39487000.0
51115,2158000.0,397000.0,2555000.0
51117,4241000.0,34994000.0,39235000.0
51119,537000.0,10642000.0,11179000.0
51121,17150000.0,12576000.0,29726000.0
51125,4541000.0,29944000.0,34485000.0
51127,269000.0,10532000.0,10801000.0
51131,36116000.0,73165000.0,109281000.0
51133,5274000.0,36012000.0,41286000.0
51135,46290000.0,5944000.0,52234000.0
51137,30061000.0,111546000.0,141607000.0
51139,194895000.0,9882000.0,204777000.0
51141,8525000.0,7015000.0,15540000.0
51143,62726000.0,37093000.0,99819000.0
51145,6088000.0,5093000.0,11181000.0
51147,17799000.0,4351000.0,22150000.0
51149,273000.0,10395000.0,10668000.0
51153,1778000.0,8306000.0,10084000.0
51155,19888000.0,10751000.0,30639000.0
51157,5822000.0,6473000.0,12295000.0
51159,281000.0,27215000.0,27496000.0
51161,965000.0,2526000.0,3491000.0
51163,35063000.0,12102000.0,47165000.0
51165,1119695000.0,77417000.0,1197112000.0
51167,36145000.0,3862000.0,40007000.0
51169,11124000.0,6820000.0,17944000.0
51171,193005000.0,31736000.0,224741000.0
51173,43151000.0,5080000.0,48231000.0
51175,49022000.0,74661000.0,123683000.0
51177,6137000.0,8688000.0,14825000.0
51179,1100000.0,4240000.0,5340000.0
51185,22534000.0,2825000.0,25359000.0
51187,6060000.0,2599000.0,8659000.0
51191,84893000.0,9564000.0,94457000.0
51195,738000.0,1276000.0,2014000.0
51197,56188000.0,10987000.0,67175000.0
51199,295000.0,3065000.0,3360000.0
51550,1184000.0,38174000.0,39358000.0
51800,4176000.0,56563000.0,60739000.0
51810,532000.0,20169000.0,20701000.0
53001,153109000.0,408509000.0,561618000.0
53003,4330000.0,16662000.0,20992000.0
53005,131660000.0,1082522000.0,1214182000.0
53007,7826000.0,262000000.0,269826000.0
53011,23626000.0,35343000.0,58969000.0
53013,5140000.0,89733000.0,94873000.0
53015,7663000.0,23113000.0,30776000.0
53017,10115000.0,244651000.0,254766000.0
53019,2567000.0,1430000.0,3997000.0
53021,345818000.0,660207000.0,1006025000.0
53023,5248000.0,49195000.0,54443000.0
53025,649463000.0,1955954000.0,2605417000.0
53027,27856000.0,22071000.0,49927000.0
53029,12450000.0,11015000.0,23465000.0
53031,12464000.0,3773000.0,16237000.0
53033,41837000.0,60854000.0,102691000.0
53035,5201000.0,8372000.0,13573000.0
53037,13288000.0,62280000.0,75568000.0
53039,18600000.0,112168000.0,130768000.0
53041,114319000.0,83273000.0,197592000.0
53043,13305000.0,195576000.0,208881000.0
53045,69760000.0,13563000.0,83323000.0
53047,43147000.0,320530000.0,363677000.0
53049,53291000.0,10047000.0,63338000.0
53051,1876000.0,5369000.0,7245000.0
53053,51565000.0,53138000.0,104703000.0
53055,4909000.0,5734000.0,10643000.0
53057,98397000.0,268545000.0,366942000.0
53059,4928000.0,3031000.0,7959000.0
53061,152553000.0,128125000.0,280678000.0
53063,18958000.0,186043000.0,205001000.0
53067,150594000.0,39950000.0,190544000.0
53069,2836000.0,303000.0,3139000.0
53073,251273000.0,258992000.0,510265000.0
53075,18108000.0,447250000.0,465358000.0
53077,831340000.0,1434170000.0,2265510000.0
54001,5346000.0,3312000.0,8658000.0
54003,6956000.0,25297000.0,32253000.0
54005,50000.0,318000.0,368000.0
54007,4589000.0,1601000.0,6190000.0
54009,1357000.0,776000.0,2133000.0
54011,1251000.0,1237000.0,2488000.0
54013,1509000.0,1562000.0,3071000.0
54015,323000.0,571000.0,894000.0
54017,1431000.0,1646000.0,3077000.0
54019,1162000.0,5812000.0,6974000.0
54021,7767000.0,961000.0,8728000.0
54023,56155000.0,3622000.0,59777000.0
54025,45871000.0,8268000.0,54139000.0
54027,61243000.0,11253000.0,72496000.0
54029,326000.0,923000.0,1249000.0
54031,258606000.0,10785000.0,269391000.0
54033,9496000.0,2906000.0,12402000.0
54035,4880000.0,4115000.0,8995000.0
54037,8876000.0,31934000.0,40810000.0
54039,409000.0,911000.0,1320000.0
54041,4244000.0,1679000.0,5923000.0
54043,584000.0,1017000.0,1601000.0
54045,11000.0,72000.0,83000.0
54049,2100000.0,1846000.0,3946000.0
54051,2348000.0,3111000.0,5459000.0
54053,5827000.0,34870000.0,40697000.0
54055,2353000.0,1727000.0,4080000.0
54057,27928000.0,4869000.0,32797000.0
54061,3815000.0,2899000.0,6714000.0
54063,21957000.0,4300000.0,26257000.0
54065,1142000.0,3537000.0,4679000.0
54067,2021000.0,1624000.0,3645000.0
54069,1276000.0,1683000.0,2959000.0
54071,110738000.0,5470000.0,116208000.0
54073,1620000.0,1065000.0,2685000.0
54075,7228000.0,3009000.0,10237000.0
54077,9826000.0,9547000.0,19373000.0
54079,2024000.0,5156000.0,7180000.0
54081,2256000.0,1716000.0,3972000.0
54083,6074000.0,3691000.0,9765000.0
54085,2959000.0,1982000.0,4941000.0
54087,3489000.0,3013000.0,6502000.0
54089,2827000.0,2033000.0,4860000.0
54091,2350000.0,1288000.0,3638000.0
54093,1451000.0,793000.0,2244000.0
54095,1420000.0,2148000.0,3568000.0
54097,2083000.0,2715000.0,4798000.0
54099,599000.0,1168000.0,1767000.0
54101,148000.0,509000.0,657000.0
54103,453000.0,766000.0,1219000.0
54105,2135000.0,1204000.0,3339000.0
54107,2477000.0,3715000.0,6192000.0
54109,6000.0,149000.0,155000.0
55003,20582000.0,3460000.0,24042000.0
55005,290617000.0,106563000.0,397180000.0
55007,8764000.0,9544000.0,18308000.0
55009,384147000.0,70470000.0,454617000.0
55011,250800000.0,98068000.0,348868000.0
55013,29794000.0,19921000.0,49715000.0
55015,236817000.0,64342000.0,301159000.0
55017,176732000.0,129835000.0,306567000.0
55019,445798000.0,122353000.0,568151000.0
55021,144781000.0,181015000.0,325796000.0
55023,42800000.0,54391000.0,97191000.0
55025,367941000.0,285447000.0,653388000.0
55027,273520000.0,225713000.0,499233000.0
55029,61897000.0,46911000.0,108808000.0
55031,6657000.0,5681000.0,12338000.0
55033,213747000.0,167578000.0,381325000.0
55035,85144000.0,57825000.0,142969000.0
55037,0.0,1012000.0,1012000.0
55039,430525000.0,181773000.0,612298000.0
55041,644000.0,2852000.0,3496000.0
55043,418073000.0,238100000.0,656173000.0
55045,210201000.0,160459000.0,370660000.0
55047,65031000.0,77972000.0,143003000.0
55049,176710000.0,141880000.0,318590000.0
55053,89216000.0,127056000.0,216272000.0
55055,327171000.0,141747000.0,468918000.0
55057,76866000.0,91423000.0,168289000.0
55059,22076000.0,48602000.0,70678000.0
55061,385214000.0,81981000.0,467195000.0
55063,37426000.0,44313000.0,81739000.0
55065,236214000.0,210877000.0,447091000.0
55067,60657000.0,85013000.0,145670000.0
55069,25524000.0,22154000.0,47678000.0
55071,387003000.0,80022000.0,467025000.0
55073,430414000.0,148651000.0,579065000.0
55075,134588000.0,46808000.0,181396000.0
55077,35656000.0,59486000.0,95142000.0
55079,66000.0,6480000.0,6546000.0
55081,158015000.0,91848000.0,249863000.0
55083,158214000.0,62588000.0,220802000.0
55085,746000.0,21119000.0,21865000.0
55087,257349000.0,124570000.0,381919000.0
55089,57977000.0,28695000.0,86672000.0
55091,71463000.0,41930000.0,113393000.0
55093,89040000.0,101486000.0,190526000.0
55095,105390000.0,83680000.0,189070000.0
55097,95331000.0,276705000.0,372036000.0
55099,24195000.0,6024000.0,30219000.0
55101,27396000.0,83346000.0,110742000.0
55103,123453000.0,59539000.0,182992000.0
55105,160836000.0,241997000.0,402833000.0
55107,61655000.0,22674000.0,84329000.0
55109,133810000.0,121744000.0,255554000.0
55111,142539000.0,126506000.0,269045000.0
55113,12293000.0,9541000.0,21834000.0
55115,342041000.0,90580000.0,432621000.0
55117,215615000.0,95523000.0,311138000.0
55119,117459000.0,55276000.0,172735000.0
55121,266535000.0,118039000.0,384574000.0
55123,194606000.0,100933000.0,295539000.0
55125,109000.0,7792000.0,7901000.0
55127,144936000.0,127583000.0,272519000.0
55129,29274000.0,18556000.0,47830000.0
55131,113782000.0,70855000.0,184637000.0
55133,13952000.0,48067000.0,62019000.0
55135,204212000.0,66422000.0,270634000.0
55137,48362000.0,139382000.0,187744000.0
55139,119647000.0,68452000.0,188099000.0
55141,117536000.0,93019000.0,210555000.0
56001,61457000.0,6867000.0,68324000.0
56003,38804000.0,52694000.0,91498000.0
56005,58022000.0,2902000.0,60924000.0
56007,72345000.0,5194000.0,77539000.0
56009,53347000.0,3435000.0,56782000.0
56011,69037000.0,6146000.0,75183000.0
56013,68577000.0,30305000.0,98882000.0
56015,153593000.0,51024000.0,204617000.0
56017,11312000.0,1034000.0,12346000.0
56019,48175000.0,6613000.0,54788000.0
56021,125924000.0,36801000.0,162725000.0
56023,34916000.0,12136000.0,47052000.0
56025,50290000.0,9202000.0,59492000.0
56027,40606000.0,11435000.0,52041000.0
56029,39373000.0,47512000.0,86885000.0
56031,77879000.0,23487000.0,101366000.0
56033,61432000.0,5123000.0,66555000.0
56035,49904000.0,7425000.0,57329000.0
56037,14756000.0,3815000.0,18571000.0
56039,6130000.0,4753000.0,10883000.0
56041,30539000.0,2038000.0,32577000.0
56043,33386000.0,27215000.0,60601000.0
56045,42357000.0,874000.0,43231000.0
