fips,name,gdp_usd,housing_usd,farm_usd,rest_usd,jobs,pop,farm_ha,allocated_usd,matched
01001,"Autauga, AL",2418431000.0,262130201.7228274,32570694.68242795,0.0,12369.0,265640858.0,3.9448876e+07,2418431000.0814357,True
01003,"Baldwin, AL",12715368000.0,3134180475.2703533,44714108.37649099,0.0,84738.0,1554581883.0,9.0448776e+07,12715368001.594011,True
01005,"Barbour, AL",947164000.0,101916000.0,59928800.0,44453385.89704597,7420.0,59359036.0,5.4383404e+07,947164000.9491565,True
01007,"Bibb, AL",620324000.0,74943000.0,5250000.0,36383735.991226435,4818.0,59946413.0,2.4934728e+07,620324000.191222,True
01009,"Blount, AL",1389917000.0,316632366.08773184,86279600.0,6737760.145956039,9571.0,206483199.0,3.617506e+07,1389916996.3711722,True
01011,"Bullock, AL",354647000.0,45195123.62892868,36640054.16909128,0.0,2454.0,19718839.0,3.1910258e+07,354647000.5303798,True
01013,"Butler, AL",854889000.0,88112000.0,56204600.0,33343737.06229818,6659.0,49562152.0,3.4149268e+07,854888998.0005485,True
01015,"Calhoun, AL",6020085000.0,608432197.542989,27361430.186643064,0.0,42167.0,393204619.50055313,2.9547148e+07,6020085000.538524,True
01017,"Chambers, AL",1153160000.0,168317000.0,29129600.0,3221791.0568361282,8841.0,111979580.0,2.5566568e+07,1153159999.6094568,True
01019,"Cherokee, AL",751168000.0,147590250.70317906,63440000.0,5010714.71948123,5279.0,96246974.0,3.9428804e+07,751167998.9205406,True
01021,"Chilton, AL",1539555000.0,279513000.0,12925000.0,5188807.436388016,9534.0,148198411.0,3.1910126e+07,1539555000.0624967,True
01023,"Choctaw, AL",698982000.0,49931000.0,32111000.0,17497418.2352401,3148.0,32660034.0,2.7085192e+07,698982000.4090543,True
01025,"Clarke, AL",1103991000.0,93656000.0,30547200.0,2644506.2659482956,7813.0,67342907.0,3.766137e+07,1103991001.3116994,True
01027,"Clay, AL",541893000.0,53588000.0,31250250.0,10950048.428415537,4076.0,44602732.0,2.6991204e+07,541892998.9643172,True
01029,"Cleburne, AL",430412000.0,53578000.0,50047400.0,16357940.520018756,2557.0,49099801.0,2.369829e+07,430412000.8001958,True
01031,"Coffee, AL",2131255000.0,288136000.0,110088200.0,93484453.39236927,16173.0,218255185.0,5.90318e+07,2131255000.0509934,True
01033,"Colbert, AL",3477892000.0,302834189.7818014,13366778.486738632,0.0,23900.0,218497452.0,4.390349e+07,3477891999.5786943,True
01035,"Conecuh, AL",493099000.0,43895000.0,32245200.0,22620886.701895118,3144.0,29074048.0,4.0119276e+07,493099001.3594396,True
01037,"Coosa, AL",242519000.0,46532349.372976996,2456333.3333333335,6417613.774663597,1582.0,30344808.0,2.5501508e+07,242519000.05022994,True
01039,"Covington, AL",1587686000.0,171292000.0,61506200.0,5143800.0,11850.0,118123423.0,6.775482e+07,1587686001.9006562,True
01041,"Crenshaw, AL",559366000.0,54164000.0,80588000.0,25912645.487033725,3583.0,34463080.0,3.2565598e+07,559366001.1358193,True
01043,"Cullman, AL",4047031000.0,434185000.0,143267000.0,26985000.0,31045.0,350404022.0,3.7878092e+07,4047031005.0076933,True
01045,"Dale, AL",3700222000.0,275144948.23556525,72357431.55972604,0.0,15272.0,173253589.0,4.265473e+07,3700222001.782494,True
01047,"Dallas, AL",1649439000.0,158078210.2424457,57703200.0,20855153.417923212,11268.0,103086412.0,5.8854148e+07,1649438998.298585,True
01049,"DeKalb, AL",2824136000.0,291666014.8883588,223136785.73242798,0.0,22918.0,199635494.0,5.4478076e+07,2824136006.3678455,True
01051,"Elmore, AL",2836966000.0,543136637.1407179,14891087.171312453,0.0,20312.0,405387688.0,3.3307806e+07,2836966000.3961024,True
01053,"Escambia, AL",1637676000.0,127066000.0,17007400.0,5521795.0119133,12506.0,96209259.0,5.4746308e+07,1637675999.601969,True
01055,"Etowah, AL",3802207000.0,491521000.0,23928800.0,4472200.0,33151.0,355086268.0,2.7206508e+07,3802207000.351402,True
01057,"Fayette, AL",464795000.0,58088253.377259545,13690170.31167698,0.0,3914.0,43286947.0,2.8552572e+07,464794999.535511,True
01059,"Franklin, AL",1243753000.0,125187665.43083519,49878203.23115181,0.0,10404.0,88920166.0,3.0698946e+07,1243753001.2566447,True
01061,"Geneva, AL",793595000.0,135555000.0,100810200.0,16241485.645008206,5518.0,75855389.0,6.670087e+07,793594999.905539,True
01063,"Greene, AL",277139000.0,31346669.14578714,12903186.784584723,0.0,1754.0,15588905.0,1.9799428e+07,277139000.2719705,True
01065,"Hale, AL",361379000.0,59143000.0,45744600.0,1784501.8661000729,2723.0,41789993.0,2.503061e+07,361379000.3674279,True
01067,"Henry, AL",638373000.0,93851000.0,85058400.0,29020173.26560223,4000.0,55911973.0,5.7095384e+07,638372999.09436,True
01069,"Houston, AL",7781483000.0,664446988.0693944,31654840.811989363,0.0,51974.0,437829504.0,8.133667e+07,7781483001.324893,True
01071,"Jackson, AL",2067833000.0,261833068.16115788,68284200.0,18910297.625838757,15481.0,170747325.0,7.769258e+07,2067832996.664097,True
01073,"Jefferson, AL",62860621000.0,6949298019.786589,8457770.799735371,0.0,395444.0,3931655102.0,3.092597e+07,62860620999.76428,True
01075,"Lamar, AL",454386000.0,48692936.16038869,8484600.0,7373703.5611974,3359.0,31753776.0,2.3802656e+07,454386000.3425319,True
01077,"Lauderdale, AL",3702040000.0,585887416.1250969,25181054.05633155,0.0,30814.0,392094002.0,5.500226e+07,3702040000.2398915,True
01079,"Lawrence, AL",899892000.0,168978061.50206792,35212000.0,7745522.579811335,5153.0,110194454.0,6.3272596e+07,899891999.4915504,True
01081,"Lee, AL",8857195000.0,1216879000.0,38521400.0,6313600.0,64944.0,881688073.0,3.0728752e+07,8857194999.979189,True
01083,"Limestone, AL",6637938000.0,862497198.7729969,65010666.666666664,602965768.6319933,33073.0,562454126.0,6.65813e+07,6637938000.990529,True
01085,"Lowndes, AL",506390000.0,44036260.63247901,44049667.38729985,0.0,3065.0,25659440.0,4.139703e+07,506389998.8906384,True
01087,"Macon, AL",711097000.0,98437304.73590533,2723795.4339355663,0.0,4711.0,49090601.0,3.7580988e+07,711096999.9314857,True
01089,"Madison, AL",36663437000.0,3922401000.0,15668666.666666666,2473333.3333358765,217020.0,2422977590.0,6.683711e+07,36663437000.3218,True
01091,"Marengo, AL",1040402000.0,87302328.91648136,43429250.0,22537177.347640753,7402.0,56931843.0,4.2762748e+07,1040401999.7185814,True
01093,"Marion, AL",1303337000.0,148310000.0,43034800.0,37256003.96657801,11037.0,65569818.0,3.518201e+07,1303336999.1638248,True
01095,"Marshall, AL",5008343000.0,557087225.8309942,55734890.04216353,0.0,40328.0,367372212.0,3.6026804e+07,5008342999.187578,True
01097,"Mobile, AL",28705827000.0,3052771658.7084975,82505115.28065296,0.0,181672.0,1748148231.2879314,4.928207e+07,28705827000.335358,True
01099,"Monroe, AL",822620000.0,78086000.0,36341200.0,9071500.193161845,5784.0,51536069.0,5.0232184e+07,822620000.3094451,True
01101,"Montgomery, AL",18754598000.0,1819651000.0,45529600.0,9849400.0,132478.0,1039264121.0,4.9272812e+07,18754597999.668915,True
01103,"Morgan, AL",7999033000.0,748057669.2010114,29787155.394046497,0.0,53389.0,513603838.0,3.1565258e+07,7999033000.727911,True
01105,"Perry, AL",251860000.0,36791000.0,37271000.0,11892874.0081774,1757.0,18147020.0,4.4009532e+07,251859999.11341757,True
01107,"Pickens, AL",545078000.0,65365000.0,43898000.0,1500603.5841696262,3396.0,49439807.0,3.2611054e+07,545078000.3920671,True
01109,"Pike, AL",1966642000.0,174874651.1197214,47335057.37670212,0.0,15417.0,114346549.0,4.497378e+07,1966641999.105783,True
01111,"Randolph, AL",657160000.0,99863000.0,70064600.0,13637964.969902158,4928.0,87663176.0,2.6155596e+07,657160000.9914557,True
01113,"Russell, AL",2149043000.0,366364000.0,9752200.0,932800.0,13941.0,229968568.0,2.8825614e+07,2149043000.1576777,True
01115,"St. Clair, AL",2917417000.0,474633000.0,21170400.0,5279600.0,22156.0,424260583.0,2.7596398e+07,2917417000.1056323,True
01117,"Shelby, AL",16736641000.0,2669930000.0,36576200.0,2019800.0,95355.0,1478236280.9162588,3.2301256e+07,16736640999.34481,True
01119,"Sumter, AL",417697000.0,49493567.521481,37932800.0,11964753.683722436,2933.0,32275886.0,2.8082848e+07,417696998.7532969,True
01121,"Talladega, AL",3990010000.0,332609000.0,12766750.0,431250.0,26861.0,275160322.0,4.2912892e+07,3990009999.6306624,True
01123,"Tallapoosa, AL",1806603000.0,264207000.0,14914600.0,2982052.176110983,12620.0,160789300.0,2.8476656e+07,1806602999.5426154,True
01125,"Tuscaloosa, AL",13925917000.0,1785886011.6793265,20576147.80803649,0.0,98811.0,1133627839.0,4.6243424e+07,13925916999.407581,True
01127,"Walker, AL",2400442000.0,293040123.2627074,26526470.147569656,0.0,18440.0,193497324.0,2.9933466e+07,2400441999.7680697,True
01129,"Washington, AL",1161365000.0,52825780.02078702,34498335.35198915,0.0,3076.0,45486320.0,2.994404e+07,1161364998.9092462,True
01131,"Wilcox, AL",444348000.0,36911000.0,33228600.0,5979325.417036772,2411.0,21065755.0,3.499871e+07,444348000.7554129,True
01133,"Winston, AL",1088568000.0,138950000.0,7658600.0,3455480.1572978497,7365.0,74807537.0,2.4615426e+07,1088568000.2284863,True
04001,"Apache, AZ",2913128000.0,327304000.0,4456250.0,80479477.51263142,14607.0,118247230.0,2.0327798e+08,2913128000.1598005,True
04003,"Cochise, AZ",6228079000.0,799049000.0,50419600.0,3641400.0,29807.0,575383094.0,2.316355e+08,6228078998.481619,True
04005,"Coconino, AZ",9926767000.0,1560162843.1689978,61085597.29986855,0.0,59472.0,1105317596.2557566,3.4695882e+08,9926767000.579386,True
04007,"Gila, AZ",2329119000.0,403999186.19469154,17804905.47966804,0.0,13608.0,315411734.0,9.692993e+07,2329119000.5636,True
04009,"Graham, AZ",1736107000.0,176164028.51039097,18464982.532122232,0.0,9824.0,141845848.0,1.0237352e+08,1736107000.5377595,True
04011,"Greenlee, AZ",2090140000.0,32968291.63905171,12217000.0,34333813.5384264,4979.0,25297921.0,4.351697e+07,2090139999.630431,True
04012,"La Paz, AZ",837662000.0,103338323.17401762,49615257.32233939,0.0,6060.0,70490517.0,1.3903555e+08,837661999.0409712,True
04013,"Maricopa, AZ",389416914000.0,65977461000.0,402720000.0,29438000.0,2317205.0,39184059098.46279,4.8367226e+08,389416914011.2872,True
04015,"Mohave, AZ",8627225000.0,1802408115.5774379,48916000.0,318587013.9316273,53985.0,1383061598.0,1.7215493e+08,8627225001.061317,True
04017,"Navajo, AZ",3808304000.0,591410904.0614815,40113755.96040483,0.0,26234.0,423019484.0,1.541566e+08,3808303999.4681044,True
04019,"Pima, AZ",63134914000.0,10274650375.714294,57313831.370040186,0.0,381409.0,6918989058.243967,1.2957763e+08,63134914000.37477,True
04021,"Pinal, AZ",14393417000.0,3525306000.0,321820000.0,155279000.0,73719.0,2658506853.166299,2.7820566e+08,14393417014.888615,True
04023,"Santa Cruz, AZ",2720096000.0,245586784.47799352,24221349.021264587,0.0,12313.0,198337369.0,2.248307e+07,2720095999.950816,True
04025,"Yavapai, AZ",11194140000.0,2918138048.739271,11018491.535498772,0.0,67568.0,2269956196.0,1.20601256e+08,11194140000.277601,True
04027,"Yuma, AZ",10748949000.0,1332814000.0,1305398000.0,18810626.494480133,70111.0,867242553.6145716,1.0895832e+09,10748948992.915201,True
05001,"Arkansas, AR",1439994000.0,88054000.0,95215600.0,43975768.663006306,8856.0,53424554.0,1.5658688e+08,1439994004.4590275,True
05003,"Ashley, AR",1116443000.0,70465000.0,66038200.0,2942800.0,5531.0,40556556.0,7.3777944e+07,1116442999.3087344,True
05005,"Baxter, AR",2214396000.0,252178543.14995664,3954349.264346888,0.0,16323.0,182510175.0,1.8912488e+07,2214395999.9131184,True
05007,"Benton, AR",23522414000.0,2401094000.0,172320400.0,134288357.71294022,151032.0,1701177756.0,2.7787676e+07,23522413995.64802,True
05009,"Boone, AR",1845723000.0,203398171.12587094,8231028.53388536,0.0,14251.0,140115476.0,2.1907286e+07,1845722999.8202114,True
05011,"Bradley, AR",448274000.0,37307000.0,39258400.0,11666796.07650417,3407.0,21274275.0,1.9236036e+07,448273999.6786274,True
05013,"Calhoun, AR",416863000.0,41484000.0,3070600.0,3324618.936760485,4312.0,9391171.0,1.5762274e+07,416863000.0013473,True
05015,"Carroll, AR",1102741000.0,142536995.27519277,51745551.32728051,0.0,11469.0,117022976.0,2.2472194e+07,1102740997.7872992,True
05017,"Chicot, AR",364571000.0,45895000.0,61078000.0,22017024.985805035,2592.0,26379051.0,1.2704324e+08,364571001.2949956,True
05019,"Clark, AR",1015308000.0,117999000.0,24519200.0,22155338.484935522,7786.0,68849962.0,3.1681074e+07,1015308000.5349169,True
05021,"Clay, AR",486149000.0,63431000.0,61586400.0,48141207.91343403,3028.0,36404163.0,1.2721024e+08,486148998.252726,True
05023,"Cleburne, AR",807033000.0,133498956.80707729,10218106.249807086,0.0,6624.0,100942122.0,2.0058574e+07,807032999.7968206,True
05025,"Cleveland, AR",189303000.0,24194000.0,56667000.0,15611670.128841817,991.0,19304608.0,1.4282813e+07,189303000.29409933,True
05027,"Columbia, AR",1282021000.0,109016248.18153615,23710113.601921305,0.0,7940.0,67323384.0,2.4513118e+07,1282020999.5036273,True
05029,"Conway, AR",957370000.0,93038089.09198885,70012000.0,18074363.78592825,6583.0,63271056.0,3.2396078e+07,957369999.600065,True
05031,"Craighead, AR",6875791000.0,799622000.0,48386000.0,15039356.811900139,53731.0,486981079.0,1.4700691e+08,6875791001.70092,True
05033,"Crawford, AR",2231513000.0,282254000.0,9545800.0,2267200.0,18875.0,217367047.0,2.8093038e+07,2231512999.6658487,True
05035,"Crittenden, AR",2253119000.0,205506399.8536178,89156292.6958207,0.0,15960.0,173529985.0,1.3754277e+08,2253118995.8680906,True
05037,"Cross, AR",611602000.0,74335000.0,56360000.0,20587464.844549656,4707.0,50676387.0,1.3604626e+08,611602000.4304533,True
05039,"Dallas, AR",329346000.0,30465000.0,11293200.0,13352928.846273184,2489.0,14972810.0,1.8976492e+07,329345999.5128002,True
05041,"Desha, AR",727178000.0,50325000.0,118183200.0,19798949.235160112,4204.0,29585687.0,1.281912e+08,727178001.4742374,True
05043,"Drew, AR",786281000.0,66993000.0,67057600.00000001,6413400.0,6850.0,55916185.0,5.4053924e+07,786280997.6710187,True
05045,"Faulkner, AR",5417914000.0,798731963.3686532,2019932.701291676,0.0,44769.0,582677186.0,2.7980112e+07,5417913999.927399,True
05047,"Franklin, AR",579480000.0,76188853.9918848,22405197.319090642,0.0,4764.0,49121450.0,2.5586136e+07,579480000.8773875,True
05049,"Fulton, AR",231540000.0,49945569.23108854,2476361.013654242,0.0,2082.0,30158816.0,2.2626188e+07,231539999.94014636,True
05051,"Garland, AR",4561865000.0,683541000.0,5698800.0,1117200.0,38998.0,462066294.0,2.301443e+07,4561864999.950076,True
05053,"Grant, AR",611233000.0,107777000.0,12780000.0,4237868.537820578,4120.0,60936682.0,1.654662e+07,611233000.3404988,True
05055,"Greene, AR",1988737000.0,181263000.0,54566200.0,32003800.0,21057.0,161746321.0,1.0303429e+08,1988736999.4587708,True
05057,"Hempstead, AR",1235124000.0,78008899.08610548,52732800.0,31783304.876871347,7836.0,53050374.0,2.5139874e+07,1235124001.957772,True
05059,"Hot Spring, AR",1493660000.0,159715149.5304752,9007399.577945407,0.0,7843.0,97894831.0,2.0990266e+07,1493660000.4203222,True
05061,"Howard, AR",790073000.0,63043000.0,87775600.0,15691851.346037745,6243.0,40699436.0,2.009762e+07,790073004.2587024,True
05063,"Independence, AR",2487212000.0,172209105.2440993,68502200.0,4689980.1803536415,18686.0,117111734.0,5.4131064e+07,2487212001.3618827,True
05065,"Izard, AR",367794000.0,71569000.0,15215666.666666666,570501.0392844081,2494.0,36423499.0,2.1483764e+07,367794000.46339935,True
05067,"Jackson, AR",1055964000.0,68057000.0,139433000.0,55027643.96334362,4396.0,35395114.0,1.359959e+08,1055963999.0167786,True
05069,"Jefferson, AR",3569355000.0,254907000.0,96476200.0,72862492.00536346,24809.0,185710355.0,1.3092149e+08,3569355001.5394197,True
05071,"Johnson, AR",880921000.0,97945357.63688162,23263649.663632393,0.0,8460.0,75567169.0,2.6013924e+07,880920999.1365077,True
05073,"Lafayette, AR",179551000.0,33828000.0,36798200.0,10798721.381623685,1050.0,13117815.0,3.541254e+07,179551000.9427255,True
05075,"Lawrence, AR",587231000.0,68183000.0,54989400.0,11846310.233825684,4103.0,40576103.0,9.7455544e+07,587230999.0067747,True
05077,"Lee, AR",233800000.0,46865000.0,38999800.0,9250410.5775384,1464.0,14796667.0,1.2772761e+08,233799999.17893595,True
05079,"Lincoln, AR",332457000.0,30801000.0,51297200.0,16734490.288283706,1983.0,21296373.0,7.985169e+07,332456998.8463041,True
05081,"Little River, AR",669545000.0,48965033.46232177,31775200.0,29083390.900748014,3100.0,33298936.0,2.9338714e+07,669545001.0228922,True
05083,"Logan, AR",638493000.0,96502000.0,62939800.0,14087153.159661174,4915.0,64156511.0,3.0153284e+07,638492999.1861662,True
05085,"Lonoke, AR",2038433000.0,464339000.0,49765800.0,48289200.0,15402.0,295242020.0,1.2902029e+08,2038432999.2814174,True
05087,"Madison, AR",555728000.0,74910000.0,66943600.00000001,12185405.00662458,3325.0,55960102.0,3.374622e+07,555728002.1929585,True
05089,"Marion, AR",730189000.0,106447000.0,1727666.6666666667,427382.6591531038,3596.0,63547120.0,2.1887872e+07,730188999.9846606,True
05091,"Miller, AR",1767280000.0,211074286.72407588,17469800.0,11469594.516952038,12266.0,143542211.0,4.3847932e+07,1767279999.5109558,True
05093,"Mississippi, AR",4125066000.0,178101000.0,110639400.0,9927323.541953087,18884.0,115247439.0,2.2963994e+08,4125065997.9956245,True
05095,"Monroe, AR",284851000.0,36054000.0,37080600.0,29479305.83858311,1738.0,15398236.0,9.297225e+07,284850998.4766044,True
05097,"Montgomery, AR",195922000.0,57695000.0,4795800.0,10712149.592589945,1285.0,30662242.0,2.9097244e+07,195922000.0629341,True
05099,"Nevada, AR",291587000.0,37883000.0,19679600.0,35563290.83901897,2079.0,21165547.0,1.968437e+07,291586999.20112133,True
05101,"Newton, AR",128817000.0,40564697.40143368,1055400.0,2029314.011747241,976.0,27586242.0,3.1886818e+07,128817000.0226258,True
05103,"Ouachita, AR",844948000.0,112521000.0,11483800.0,42880900.35073018,6318.0,54761996.0,1.7682756e+07,844948000.5758363,True
05105,"Perry, AR",229074000.0,61969000.0,24232600.0,11430059.763829827,987.0,28883319.0,2.49907e+07,229074000.23862845,True
05107,"Phillips, AR",698077000.0,64446000.0,76826200.0,27709669.9041301,4448.0,39507277.0,1.4791221e+08,698077001.3345383,True
05109,"Pike, AR",358359000.0,71235935.15769656,25996952.638556078,0.0,2390.0,27250222.0,2.0857074e+07,358359000.1125929,True
05111,"Poinsett, AR",859602000.0,136433000.0,98038400.0,29212070.890081167,5545.0,58511884.0,1.6928902e+08,859601999.4793802,True
05113,"Polk, AR",768226000.0,111812000.0,60091200.0,16219648.983381748,5915.0,59637093.0,3.217333e+07,768226000.8827959,True
05115,"Pope, AR",3984273000.0,333722795.50930935,107855834.56007884,0.0,27904.0,230953928.0,3.4488524e+07,3984273005.259371,True
05117,"Prairie, AR",294563000.0,34993000.0,51750800.0,43193810.92336619,1577.0,18600420.0,1.1088407e+08,294562999.3941931,True
05119,"Pulaski, AR",39411335000.0,3853003000.0,22713200.0,3549800.0,267329.0,2119456255.923543,3.9163264e+07,39411334999.42968,True
05121,"Randolph, AR",657687000.0,73689764.27944866,27232200.0,34944560.15263474,5919.0,50113123.0,5.770492e+07,657686999.7668042,True
05123,"St. Francis, AR",919150000.0,75405000.0,43979500.0,13477178.003804922,6530.0,54414161.0,1.2405381e+08,919150000.886299,True
05125,"Saline, AR",3886239000.0,775918784.3489693,2952145.9135711812,0.0,29052.0,602247525.0,2.3014092e+07,3886238999.8823333,True
05127,"Scott, AR",445851000.0,49799000.0,56292400.0,16292336.226026535,3231.0,27483922.0,3.4260044e+07,445851000.38509965,True
05129,"Searcy, AR",249813000.0,54284000.0,2454333.3333333335,24866815.02985844,1409.0,19592298.0,2.5013762e+07,249812999.9455744,True
05131,"Sebastian, AR",8931190000.0,887884000.0,42853000.0,7378000.0,69861.0,509745080.0,1.9619802e+07,8931190000.018892,True
05133,"Sevier, AR",655270000.0,79187373.59637515,111567457.98649889,0.0,5255.0,40142300.0,1.630364e+07,655269997.1306088,True
05135,"Sharp, AR",502842000.0,83611000.0,59887400.0,44713732.327862084,3642.0,43406414.0,2.181648e+07,502842002.02662134,True
05137,"Stone, AR",332445000.0,59358000.0,12783600.0,15618303.876568556,2494.0,41246089.0,2.3111506e+07,332444999.8984494,True
05139,"Union, AR",3478810000.0,319700000.0,15010200.0,32354495.48141575,17166.0,115282782.0,2.548715e+07,3478810000.0768123,True
05141,"Van Buren, AR",479099000.0,76444288.34795317,2879600.0,14415665.745921373,3785.0,51986352.0,2.7015118e+07,479098999.95690507,True
05143,"Washington, AR",16821854000.0,2332261000.0,108742000.0,38308354.88675308,127830.0,1337473885.0,3.276764e+07,16821853997.042059,True
05145,"White, AR",3100486000.0,344153000.0,25914000.0,13182000.0,25976.0,261437654.0,7.3348296e+07,3100485999.0404916,True
05147,"Woodruff, AR",369497000.0,28121000.0,72036000.0,9796413.164379597,1947.0,16483573.0,1.1508743e+08,369497001.49740404,True
05149,"Yell, AR",782820000.0,78394540.85118711,106714182.61399873,0.0,6642.0,60319782.0,4.1321e+07,782819997.722601,True
06001,"Alameda, CA",175675407000.0,22822748000.0,106106000.0,9570000.0,831131.0,25618281608.0,4.878668e+07,175675406999.5468,True
06003,"Alpine, CA",133746000.0,32041000.0,4750.0,31386124.090556383,687.0,11356316.999999998,1.764485e+07,133746000.00023292,True
06005,"Amador, CA",2077248000.0,331568000.0,18963800.0,3522531.0532126427,12065.0,355408982.0,5.8397108e+07,2077247999.549758,True
06007,"Butte, CA",11864633000.0,1989670000.0,300859600.0,43038400.0,75172.0,1671028895.0,4.874964e+08,11864633004.854877,True
06009,"Calaveras, CA",1923764000.0,478816663.6133457,14099116.640143467,0.0,10991.0,426938357.0,3.552081e+07,1923763999.344848,True
06011,"Colusa, CA",2234703000.0,151031638.63964733,299576000.0,219411695.383456,8154.0,133801542.0,7.3738694e+08,2234703008.9319234,True
06013,"Contra Costa, CA",95193582000.0,18585763000.0,112384000.0,1818698440.01799,382994.0,18485754654.00841,1.4164373e+08,95193582004.04756,True
06015,"Del Norte, CA",1032319000.0,150929867.2233826,41913778.86883766,0.0,7729.0,161127001.0,3.3395448e+07,1032318999.9465306,True
06017,"El Dorado, CA",11074003000.0,2708961988.7016015,36659056.294101454,0.0,57451.0,2434871378.3099833,6.892277e+07,11074002999.933514,True
06019,"Fresno, CA",60432380000.0,8039596000.0,4783449000.0,846019000.0,413154.0,5952507600.0,5.238568e+09,60432380216.10073,True
06021,"Glenn, CA",1494989000.0,168251000.0,290867600.0,84206671.13559246,9191.0,174158330.0,5.1360858e+08,1494988997.2701533,True
06023,"Humboldt, CA",7113236000.0,1236612130.6420596,280988687.0418479,0.0,48178.0,1114848367.0,1.22798824e+08,7113236003.333164,True
06025,"Imperial, CA",12927134000.0,901030000.0,2391244400.0,1089688600.0,63081.0,659060010.0,1.2948691e+09,12927134059.556818,True
06027,"Inyo, CA",1509354000.0,172621504.35499895,19421759.363609545,0.0,7330.0,135782262.0,9.698534e+07,1509354000.1995378,True
06029,"Kern, CA",60180594000.0,6363364000.0,4632574400.0,189993600.0,302967.0,4584461999.443737,3.6513733e+09,60180593991.99602,True
06031,"Kings, CA",8731030000.0,661392000.0,1077212600.0,169034318.5060444,45618.0,706194812.5046926,1.1696045e+09,8731029976.933647,True
06033,"Lake, CA",2482701000.0,576275102.9167608,90061660.2886522,0.0,15936.0,457107294.0,1.5576203e+08,2482701002.1414557,True
06035,"Lassen, CA",1394302000.0,138254634.55671364,65360400.0,45877326.61803436,7005.0,122482173.0,1.4085651e+08,1394302002.3898017,True
06037,"Los Angeles, CA",956211290000.0,127392748057.02522,228026530.4755162,0.0,4875632.0,105996510345.21092,4.1183652e+07,956211289994.4205,True
06039,"Madera, CA",8082102000.0,1054348000.0,1529093200.0,93673800.0,52879.0,824652654.0,1.6080072e+09,8082102039.099104,True
06041,"Marin, CA",35475463000.0,6228290011.966631,127875008.36269037,0.0,110704.0,6410761567.0,2.5374696e+07,35475463002.55985,True
06043,"Mariposa, CA",984017000.0,185443775.15127352,33733586.34811318,0.0,5459.0,141046568.0,4.3474532e+07,984017001.0434258,True
06045,"Mendocino, CA",4442020000.0,765213000.0,161797400.0,7966600.0,29495.0,799165706.0,2.6145224e+08,4442020004.3856735,True
06047,"Merced, CA",12161407000.0,1721916285.159951,2113091768.0699751,0.0,77775.0,1570434863.0,1.6272824e+09,12161406922.76943,True
06049,"Modoc, CA",660177000.0,41815329.56474598,170859800.0,51025851.650793314,2564.0,37044924.0,1.731891e+08,660176993.955183,True
06051,"Mono, CA",1493280000.0,353178000.0,29798400.0,21585442.26963997,8322.0,153701536.0,5.246242e+07,1493280000.3029864,True
06053,"Monterey, CA",37035111000.0,5209543000.0,6774332000.0,1238955000.0,167373.0,4644693502.292003,1.1909357e+09,37035111154.65189,True
06055,"Napa, CA",14031580000.0,2078767000.0,418791800.0,29027200.0,76014.0,2049054027.0,5.061825e+08,14031580001.68589,True
06057,"Nevada, CA",5818216000.0,1311461294.6476536,25501508.460684758,0.0,31275.0,1278074952.0,3.2728494e+07,5818215999.921625,True
06059,"Orange, CA",333108403000.0,63497633066.60578,119902278.00051638,0.0,1713003.0,45205319746.36227,6.6361015e+06,333108403000.0,True
06061,"Placer, CA",32610594000.0,7170114000.0,35780600.0,18858400.0,187169.0,5247550674.861613,9.208722e+07,32610594000.04476,True
06063,"Plumas, CA",1341087000.0,217837000.0,9448200.0,11811305.16708517,5669.0,139809248.0,8.910722e+07,1341086999.870195,True
06065,"Riverside, CA",126999283000.0,25703257000.0,1057777600.0000001,39994400.0,814658.0,20174589724.73785,6.067698e+08,126999282953.94563,True
06067,"Sacramento, CA",126067340000.0,17024363045.609623,354672188.67503184,0.0,724651.0,14179677832.0,7.0789664e+08,126067340003.13515,True
06069,"San Benito, CA",2988165000.0,751934495.2773446,197798338.49359748,0.0,17302.0,736236593.0,1.5875336e+08,2988164994.9602404,True
06071,"San Bernardino, CA",129913333000.0,19992303000.0,325937600.0,64182400.0,841641.0,16414806425.628662,1.9223416e+08,129913332989.14723,True
06073,"San Diego, CA",315273188000.0,49519250175.13084,949192211.0574354,0.0,1516991.0,42429920000.71429,8.871197e+07,315273187974.63495,True
06075,"San Francisco, CA",258797527000.0,26016100000.0,14365800.0,1428200.0,747996.0,10656147405.12687,230510.69,258797527000.0,True
06077,"San Joaquin, CA",42941927000.0,7168805009.161277,1713492418.4742985,0.0,284408.0,5934051245.0,2.3404178e+09,42941927080.3562,True
06079,"San Luis Obispo, CA",23063968000.0,4102922462.60217,550431453.5494624,0.0,112621.0,3901001812.821423,7.77996e+08,23063967987.596657,True
06081,"San Mateo, CA",195274079000.0,18688992562.824688,96880383.17877585,0.0,425114.0,15978615519.733517,1.2898342e+07,195274078997.5609,True
06083,"Santa Barbara, CA",38638709000.0,7045432474.511522,1866465085.3208547,0.0,193212.0,5719019928.221343,3.8610822e+08,38638708994.840225,True
06085,"Santa Clara, CA",404479848000.0,41907243000.0,408696200.0,53791800.0,1140081.0,37623981658.0,1.048959e+08,404479848004.20276,True
06087,"Santa Cruz, CA",19825358000.0,3906854196.721023,327378526.2058542,0.0,95587.0,4241415854.0,5.944465e+07,19825357990.798897,True
06089,"Shasta, CA",11041423000.0,1515142000.0,136744000.0,29255000.0,65820.0,1289714347.0,1.4236323e+08,11041422997.640566,True
06091,"Sierra, CA",113937000.0,39007797.38472014,2817234.9405919174,0.0,532.0,21070801.0,3.1870258e+07,113937000.05308998,True
06093,"Siskiyou, CA",2270730000.0,318257000.0,299217200.0,107242537.2995944,13187.0,282720238.0,2.8289616e+08,2270730006.2687936,True
06095,"Solano, CA",35447418000.0,4503415360.106718,179420662.51298034,0.0,138955.0,4668012273.525725,4.7900627e+08,35447418005.47412,True
06097,"Sonoma, CA",38084552000.0,7057725000.0,334306800.0,28172200.0,200159.0,7149128151.0,7.249619e+08,38084551989.64121,True
06099,"Stanislaus, CA",29951891000.0,4108315987.920449,1982001427.3812943,0.0,196740.0,3793553692.0,1.1365828e+09,29951890923.861244,True
06101,"Sutter, CA",5147623000.0,778427000.0,332313000.0,106259000.0,30624.0,659496910.0,5.6694355e+08,5147622991.588142,True
06103,"Tehama, CA",2826545000.0,433980000.0,245305200.0,106327800.0,18377.0,402517982.0,3.2658954e+08,2826544996.737359,True
06105,"Trinity, CA",521222000.0,114197000.0,27053600.0,5875400.0,2503.0,88180311.0,9.568259e+07,521222000.8970331,True
06107,"Tulare, CA",23881541000.0,2844813000.0,4081460400.0,198470600.0,170584.0,2311604861.901006,2.0965272e+09,23881540936.680717,True
06109,"Tuolumne, CA",3346228000.0,598981000.0,28808800.0,20231578.98347664,16129.0,472203411.115054,5.6519308e+07,3346228000.2273564,True
06111,"Ventura, CA",65495115000.0,11721790661.459055,1784850306.1173909,0.0,321509.0,10518982847.381826,1.6654374e+08,65495115051.83005,True
06113,"Yolo, CA",19349461000.0,2315121757.994776,595531135.8481866,0.0,106424.0,2067471698.0,1.2419854e+09,19349461021.06956,True
06115,"Yuba, CA",4336983000.0,547176000.0,81304800.0,135059081.44251156,17377.0,536883619.0,1.7954806e+08,4336983001.490271,True
08001,"Adams, CO*",41346404000.0,5262273000.0,95377000.0,15919000.0,254922.0,4334946693.346524,2.200547e+08,41346403997.06101,True
08003,"Alamosa, CO",913299000.0,103361000.0,44113400.0,36197366.08852935,7016.0,75885891.0,5.8888292e+07,913298999.7340829,True
08005,"Arapahoe, CO",63943319000.0,8850754000.0,6470400.0,3671600.0,352398.0,7103346114.0,9.794181e+07,63943319000.131714,True
08007,"Archuleta, CO",727454000.0,144643644.92919284,2359750.0,65866307.05849004,4733.0,138857644.0,4.0621068e+07,727453999.9005519,True
08009,"Baca, CO",266486000.0,21956000.0,67061200.0,63920269.19362044,1256.0,9589102.0,3.12038e+08,266485996.6434448,True
08011,"Bent, CO",186222000.0,22787000.0,28698200.0,15113675.115299344,856.0,16726496.0,8.6873416e+07,186221998.8126613,True
08013,"Boulder, CO*",37687282000.0,4407224555.184994,12961089.879536035,0.0,190563.0,4820084798.0,3.8579492e+07,37687281999.76994,True
08014,"Broomfield, CO*",10781887000.0,965439427.8859797,1087340.4775441124,0.0,40980.0,937951738.0,2.6881702e+06,10781886999.985384,True
08015,"Chaffee, CO",1229376000.0,228228351.56983763,8451038.718200868,0.0,8710.0,261660601.0,2.9078664e+07,1229375999.7824557,True
08017,"Cheyenne, CO",399190000.0,17796000.0,43963200.0,60582591.38483131,576.0,7742782.0,2.5571277e+08,399189999.27536654,True
08019,"Clear Creek, CO",770649000.0,131216952.74604267,14347.945544214908,0.0,3636.0,135204574.0,1.1522687e+07,770649000.0001422,True
08021,"Conejos, CO",265856000.0,44038000.0,55098000.0,12157201.882232606,1403.0,27590668.0,7.158707e+07,265856002.63369435,True
08023,"Costilla, CO",111804000.0,41689000.0,4140399.9999999995,13252620.75653322,728.0,15816447.0,4.429916e+07,111804000.0709655,True
08025,"Crowley, CO",154899000.0,22036000.0,28662600.0,6846507.7555757165,769.0,10375238.0,3.488352e+07,154898999.5255762,True
08027,"Custer, CO",212935000.0,69822458.97950836,3674362.862778729,0.0,1060.0,47370781.0,2.9989498e+07,212935000.10122395,True
08029,"Delta, CO",1138666000.0,314185000.0,23610800.0,5170200.0,8348.0,208918101.0,6.9667016e+07,1138666000.1721025,True
08031,"Denver, CO",122307886000.0,21630599000.0,3766200.0,4187800.0,557853.0,8560861722.376311,6.4187445e+06,122307886000.07935,True
08033,"Dolores, CO",116628000.0,19743000.0,3683200.0,731135.0194861889,521.0,17276488.999999996,5.933122e+07,116627999.90457779,True
08035,"Douglas, CO",29331225000.0,6252327000.0,8832000.0,7588000.0,144461.0,4832569002.0,2.361043e+07,29331225000.308315,True
08037,"Eagle, CO",6490449000.0,1819049915.3706033,4864874.076686392,0.0,36343.0,822673118.0,5.1632372e+07,6490449000.090356,True
08039,"Elbert, CO",950711000.0,313890321.22717476,7362891.874922846,0.0,4921.0,339631730.0,1.19204344e+08,950710999.9445062,True
08041,"El Paso, CO",52021137000.0,7522098000.0,9630800.0,4622200.0,284746.0,6572781640.0,6.9196056e+07,52021136999.67754,True
08043,"Fremont, CO",1959676000.0,278551812.5496113,2420750.0,65167033.28476691,11334.0,267409248.71952128,4.8100736e+07,1959676000.0340097,True
08045,"Garfield, CO",4875888000.0,893957782.8881956,4964729.952916744,0.0,23651.0,626468403.0,1.0582234e+08,4875888000.065197,True
08047,"Gilpin, CO",934954000.0,82848208.01143758,472928.68904832395,0.0,4255.0,79393931.0,4.8247345e+06,934953999.982961,True
08049,"Grand, CO",1458303000.0,595172990.3899449,3751639.634875261,0.0,7229.0,174632191.0,4.9027056e+07,1458302999.9734235,True
08051,"Gunnison, CO",1512200000.0,288712000.0,1750000.0,864000.0,8882.0,223873212.0,9.0839576e+07,1512200000.0675159,True
08053,"Hinsdale, CO",56433000.0,23304000.0,206333.33333333334,1681932.8867158368,263.0,10370474.0,3.5341456e+07,56432999.99823255,True
08055,"Huerfano, CO",323999000.0,41514718.98584,636000.0,53598460.2356717,1539.0,39854057.0,4.893353e+07,323999000.0092656,True
08057,"Jackson, CO",158568000.0,33171215.158574615,15441300.233108217,0.0,464.0,9411503.0,3.4553308e+07,158568000.59438986,True
08059,"Jefferson, CO*",44319477000.0,6713505000.0,11671400.0,45600.0,259943.0,7213558181.658417,1.874077e+07,44319477000.29876,True
08061,"Kiowa, CO",143392000.0,11542000.0,55407500.0,27339197.364737466,433.0,5085795.0,2.5211771e+08,143391999.75812602,True
08063,"Kit Carson, CO",718430000.0,69038000.0,95878400.0,67525040.70796466,2756.0,34714167.0,3.9147853e+08,718430001.6732571,True
08065,"Lake, CO",434443000.0,65639539.35349975,180333.33333333334,24860354.44332224,2064.0,63013842.0,9.494062e+06,434442999.9959841,True
08067,"La Plata, CO",4105089000.0,640057000.0,3925600.0,2743400.0,25833.0,615587099.0,6.91522e+07,4105089000.012113,True
08069,"Larimer, CO",27412230000.0,4067579595.5070086,53240992.4084794,0.0,161552.0,4020384670.0,1.0374384e+08,27412229999.920208,True
08071,"Las Animas, CO",657742000.0,94825000.0,11700200.0,3868357.158659935,4514.0,78694454.0,1.4909576e+08,657741999.7183275,True
08073,"Lincoln, CO",525968000.0,39517000.0,42571500.0,36586206.41839868,2000.0,23741063.0,2.5231944e+08,525967999.83819956,True
08075,"Logan, CO",1436442000.0,149633000.0,88145000.0,26987000.0,6794.0,104204683.0,2.4981946e+08,1436442000.6806886,True
08077,"Mesa, CO",9010039000.0,1315565000.0,15792000.0,1953000.0,65394.0,1227227869.0,1.3801371e+08,9010039000.54306,True
08079,"Mineral, CO",95100000.0,16011000.0,230600.0,30963324.632791936,329.0,8508824.0,2.9347238e+07,95099999.99312456,True
08081,"Moffat, CO",1320162000.0,76130212.79531588,11492200.0,93454461.4765737,4358.0,73084870.0,1.16278856e+08,1320161999.6614194,True
08083,"Montezuma, CO",1533099000.0,218029708.1872692,13063257.860966174,0.0,9333.0,169302960.0,8.7211496e+07,1533099000.359477,True
08085,"Montrose, CO",2240228000.0,365186001.9080321,14673003.917214042,0.0,15713.0,321700931.0,1.1410571e+08,2240228000.2299323,True
08087,"Morgan, CO",1985627000.0,206909000.0,179553400.0,2932491.698366642,12665.0,178141328.0,1.5474432e+08,1985626993.096347,True
08089,"Otero, CO",727841000.0,96882000.0,35905800.0,8457068.37084198,5492.0,69748247.0,8.163763e+07,727841000.8109165,True
08091,"Ouray, CO",296214000.0,75379365.89249304,1151286.1291116865,0.0,2043.0,81564803.0,2.1099814e+07,296213999.9800315,True
08093,"Park, CO",608070000.0,239425647.1997966,2465844.408471302,0.0,2763.0,233218362.0,6.4642576e+07,608070000.0453075,True
08095,"Phillips, CO",322494000.0,34021000.0,57873200.0,47776723.4081952,1755.0,24749387.0,1.6314272e+08,322494002.3792502,True
08097,"Pitkin, CO",3622480000.0,822420404.581698,3644242.8754211897,0.0,18787.0,485631923.0,2.9757544e+07,3622480000.036536,True
08099,"Prowers, CO",687720000.0,62498000.0,105525600.0,46159985.14206791,4547.0,39376957.0,2.2061554e+08,687719996.7470264,True
08101,"Pueblo, CO",8557581000.0,1192070000.0,13686500.0,76639220.12528896,56090.0,989705399.828622,1.1003031e+08,8557580999.794588,True
08103,"Rio Blanco, CO",703182000.0,76782484.05955482,3145861.5211315555,0.0,2839.0,34855069.0,9.924926e+07,703182000.0271773,True
08105,"Rio Grande, CO",606398000.0,97143000.0,111631600.0,1496587.240985155,3889.0,59771451.0,7.402767e+07,606397997.2830012,True
08107,"Routt, CO",2805482000.0,647037000.0,4343400.0,1316600.0,15001.0,423432952.0,8.386565e+07,2805482000.020989,True
08109,"Saguache, CO",252914000.0,45458515.82363582,80071463.23893179,0.0,1529.0,34785539.0,1.1246557e+08,252913998.7130412,True
08111,"San Juan, CO",54515000.0,11447123.258459818,54457.36754145535,0.0,336.0,6580033.0,1.0855484e+07,54514999.99937293,True
08113,"San Miguel, CO",1036677000.0,254145363.7523285,1373391.2112886666,0.0,6337.0,135897469.0,4.1120692e+07,1036677000.0564342,True
08115,"Sedgwick, CO",117447000.0,20173000.0,20692200.0,6829908.578530192,576.0,8098022.0,1.0316233e+08,117447000.36668354,True
08117,"Summit, CO",4035721000.0,1331235524.0089824,1259322.923995883,0.0,24362.0,471704713.0,1.5568796e+07,4035720999.983708,True
08119,"Teller, CO",1311262000.0,266401916.41938972,490548.8578920181,0.0,7478.0,259803770.0,1.7180342e+07,1311261999.9884844,True
08121,"Washington, CO",264116000.0,38232000.0,60906400.0,26358836.217505276,1118.0,24082020.0,4.1947744e+08,264115999.02517405,True
08123,"Weld, CO*",28064072000.0,2920378000.0,1228270200.0,22865800.0,109846.0,2807611849.207821,4.4568973e+08,28064071989.959953,True
08125,"Yuma, CO",623144000.0,76866000.0,81257200.0,30730112.983067036,3579.0,46170822.0,3.1721126e+08,623144003.5572377,True
09001,"Fairfield, CT*",113406252000.0,15202162814.413364,29760038.36482727,0.0,0.0,0.0,0.0,0.0,False
09003,"Hartford, CT*",103038788000.0,10857861517.93291,30398018.779117826,0.0,0.0,0.0,0.0,0.0,False
09005,"Litchfield, CT*",10729296000.0,2011141000.0,26275333.333333332,805132666.666666,0.0,0.0,0.0,0.0,False
09007,"Middlesex, CT*",12772361000.0,1905849000.0,30864000.0,592836000.0,0.0,0.0,0.0,0.0,False
09009,"New Haven, CT*",64415131000.0,10774729253.285843,53085069.937422104,0.0,0.0,0.0,0.0,0.0,False
09011,"New London, CT*",24112269000.0,2535894000.0,195251800.0,70806200.0,0.0,0.0,0.0,0.0,False
09013,"Tolland, CT*",6916101000.0,1607488672.9922109,31079360.363175865,0.0,0.0,0.0,0.0,0.0,False
09015,"Windham, CT*",6461623000.0,1038262394.5370802,18886363.031680524,0.0,0.0,0.0,0.0,0.0,False
10001,"Kent, DE",10766443000.0,2359670626.5701017,203365192.7669796,0.0,66799.0,1110136938.0908587,7.987134e+07,10766443002.968502,True
10003,"New Castle, DE",71266625000.0,13284212000.0,30489000.0,367931542.40335083,298174.0,4096810143.921663,2.7099848e+07,71266624999.21602,True
10005,"Sussex, DE",21299417000.0,5134347347.429836,470845400.0,1278675671.5947342,85870.0,2102650552.956182,1.6779552e+08,21299417002.75358,True
11001,"District of Columbia, DC",174250699000.0,15168857000.0,5289200.0,4455800.0,673312.0,7005669678.939056,267778.25,174250699000.0,True
12001,"Alachua, FL",19833210000.0,3161144000.0,66852000.0,7210000.0,139721.0,1732492072.0,7.059232e+07,19833209996.289024,True
12003,"Baker, FL",951722000.0,213408499.18192548,24947006.84562732,0.0,6988.0,113486591.0,1.4116361e+07,951722000.6911373,True
12005,"Bay, FL",12836188000.0,2784226000.0,21266200.0,3738800.0,79343.0,1221337015.0,1.0913252e+07,12836187999.431087,True
12007,"Bradford, FL",914997000.0,161514825.12666044,7072800.0,54342265.42126572,5848.0,89421613.0,1.0289264e+07,914997000.1079687,True
12009,"Brevard, FL",40584055000.0,7394780000.0,47425800.0,28810200.0,240501.0,4490812984.955701,1.8110592e+07,40584054999.0153,True
12011,"Broward, FL",164566599000.0,33651866000.0,45084800.0,33575200.0,898463.0,16308829165.640314,5.984081e+06,164566599001.81693,True
12013,"Calhoun, FL",467839000.0,65167876.30005983,27954482.518294133,0.0,3410.0,35294770.0,2.7135798e+07,467838999.69023854,True
12015,"Charlotte, FL",9044265000.0,2751906000.0,91273800.0,51567200.0,57938.0,1527423529.0,6.4523028e+07,9044265001.305271,True
12017,"Citrus, FL",6781219000.0,1661326000.0,8302600.0,4821400.0,35013.0,906935358.0,1.5386597e+07,6781219000.1561575,True
12019,"Clay, FL",8367046000.0,2394464782.411857,12824333.333333334,5668466.609776497,60502.0,1325679565.0,1.4874437e+07,8367045999.6538925,True
12021,"Collier, FL",33030126000.0,10078598000.0,288743200.0,63544800.0,165588.0,4875129133.0,1.1788512e+08,33030126009.479885,True
12023,"Columbia, FL",3415010000.0,460651861.47108465,23800134.37656917,0.0,24625.0,276571205.0,3.71231e+07,3415010000.272113,True
12027,"DeSoto, FL",1405311000.0,207595000.0,219205000.0,76725687.87456226,9687.0,113265880.0,2.6398448e+08,1405311004.8497424,True
12029,"Dixie, FL",408329000.0,113810475.9571586,17160922.437722486,0.0,2738.0,37112037.0,1.7026146e+07,408328999.4279442,True
12031,"Duval, FL",99343615000.0,14810022000.0,22069800.0,14507200.0,590497.0,6682793897.0,1.0018376e+07,99343614999.20834,True
12033,"Escambia, FL",22647015000.0,3296362819.966015,17788333.333333332,104423363.77272797,160136.0,1825009439.0,2.7344336e+07,22647015000.094166,True
12035,"Flagler, FL",4768802000.0,1487924983.571116,16081836.931670563,0.0,27935.0,973649655.0,1.7431584e+07,4768801999.572145,True
12037,"Franklin, FL",480743000.0,130037797.46142192,2501712.548356998,0.0,3579.0,75964668.0,1.6545451e+06,480743000.08393353,True
12039,"Gadsden, FL",1726464000.0,245351000.0,75077800.0,14765200.0,16761.0,148194810.0,2.2775826e+07,1726463999.7939763,True
12041,"Gilchrist, FL",538368000.0,131699242.75275384,45273096.87208331,0.0,3574.0,74399503.0,4.5027684e+07,538367999.9592519,True
12043,"Glades, FL",408559000.0,85451495.14024428,93567404.94272742,0.0,2406.0,34053453.0,6.599018e+07,408559001.93079937,True
12045,"Gulf, FL",615251000.0,154772000.0,11130400.0,13763421.329361081,4282.0,80557521.0,4.0062032e+06,615251000.1467664,True
12047,"Hamilton, FL",677449000.0,57701000.0,23301000.0,47942199.477506876,2582.0,29917150.0,2.5934082e+07,677449000.344823,True
12049,"Hardee, FL",1504192000.0,131284105.06751962,165157257.87899667,0.0,6991.0,75381444.0,2.0680096e+08,1504192002.9730215,True
12051,"Hendry, FL",1811997000.0,201237050.19721222,474340721.39640677,0.0,11993.0,150892994.0,2.9359725e+08,1811996985.6950617,True
12053,"Hernando, FL",6719018000.0,1794721000.0,13177000.0,12835000.0,51235.0,1092509377.0,1.6794396e+07,6719018000.342986,True
12055,"Highlands, FL",3599617000.0,813004000.0,221091000.0,31181000.0,28038.0,470710402.03802687,2.7493645e+08,3599617001.6700625,True
12057,"Hillsborough, FL",142803067000.0,21542844382.656006,346504334.1142557,0.0,844193.0,10957837891.966564,1.22508616e+08,142803066997.4452,True
12059,"Holmes, FL",533525000.0,171587000.0,17403400.0,8165453.114319682,4295.0,46554398.0,3.6156156e+07,533525000.4303569,True
12061,"Indian River, FL",10478101000.0,2487809107.8543587,192237403.7341482,0.0,57126.0,1362058902.661128,9.0744264e+07,10478101004.714523,True
12063,"Jackson, FL",1862485000.0,251951000.0,85917800.0,11972200.0,14417.0,129029003.0,1.0495097e+08,1862484999.8420615,True
12065,"Jefferson, FL",393351000.0,109356354.04172264,32520800.0,5556598.01680702,2786.0,60544421.0,2.2327146e+07,393350999.0689007,True
12067,"Lafayette, FL",260811000.0,34128000.0,60503666.666666664,18994705.895654947,1335.0,20145666.0,2.0837338e+07,260811001.25021803,True
12069,"Lake, FL",16452803000.0,4493433000.0,213107600.0,50544400.0,120029.0,2623068516.0,7.493271e+07,16452802993.309357,True
12071,"Lee, FL",50951087000.0,13570015000.0,120875000.0,25722000.0,293056.0,6234953354.492745,4.2049996e+07,50951087001.152916,True
12073,"Leon, FL",21807172000.0,3060957000.0,13790800.0,12551200.0,170719.0,1871023564.0,1.8238832e+07,21807171999.406002,True
12075,"Levy, FL",1487573000.0,290307000.0,213786000.0,98348530.38175154,9346.0,172834443.0,7.856329e+07,1487572989.0675159,True
12077,"Liberty, FL",387991000.0,36694459.868226215,30527153.726375107,0.0,2057.0,20095180.3869408,1.3637302e+07,387991000.02292347,True
12079,"Madison, FL",660950000.0,104729000.0,46377200.0,47968558.15219748,4731.0,52455189.0,3.7701236e+07,660949999.3041134,True
12081,"Manatee, FL",24550847000.0,6646606000.0,304151800.0,40490200.0,145644.0,3331835565.0,6.842985e+07,24550846989.793106,True
12083,"Marion, FL",16471878000.0,3793786000.0,138464800.0,108456200.0,117529.0,2045466734.61524,5.8349316e+07,16471878000.210161,True
12085,"Martin, FL",11989365000.0,2506893000.0,115192200.0,10962800.0,78861.0,1507312939.0,2.3592892e+07,11989364998.478924,True
12086,"Miami-Dade, FL",244797199000.0,43322284000.0,564526800.0,172270200.0,1244071.0,20555673561.073242,2.5884634e+08,244797198988.6623,True
12087,"Monroe, FL",7828210000.0,2068985000.0,16636599.999999998,1199400.0,41028.0,1201243507.0374255,159564.25,7828210000.0,True
12089,"Nassau, FL",4632162000.0,1061094000.0,26827750.0,11761250.0,26220.0,787750282.0,1.5159506e+07,4632162000.039471,True
12091,"Okaloosa, FL",18161871000.0,3218972000.0,11507200.0,7043800.0,91084.0,1592996000.550099,3.2761656e+07,18161871000.353592,True
12093,"Okeechobee, FL",2767208000.0,276313000.0,149160400.0,145520368.34816217,11546.0,161446462.38167354,4.7664216e+07,2767207996.9511533,True
12095,"Orange, FL",151084418000.0,24568602000.0,165178000.0,49185000.0,1016060.0,10588448133.834656,2.3031508e+07,151084417996.6528,True
12097,"Osceola, FL",18497242000.0,5073698000.0,97676800.0,49963200.0,119328.0,2458182528.0,6.0033268e+07,18497242002.556828,True
12099,"Palm Beach, FL",133503980000.0,30208980000.0,1050307399.9999999,269634600.0,678049.0,14500447083.968538,2.0758094e+08,133503979993.99316,True
12101,"Pasco, FL",22374548000.0,6179724000.0,28108600.0,17615400.0,148907.0,3585743084.0,3.520939e+07,22374547999.44532,True
12103,"Pinellas, FL",74215358000.0,15311699000.0,10432200.0,6784800.0,491465.0,7951974347.0,447317.4,74215358000.0,True
12105,"Polk, FL",41756746000.0,7338663432.333653,338644106.88683593,0.0,284856.0,3823266030.503011,3.7242765e+08,41756745986.433754,True
12107,"Putnam, FL",3448013000.0,594218000.0,38915200.0,21489197.46457863,17308.0,273422352.0,3.0492822e+07,3448012999.536213,True
12109,"St. Johns, FL",17382498000.0,4579263000.0,62674600.0,20513400.0,95238.0,2834841599.5766916,2.9403342e+07,17382497999.63601,True
12111,"St. Lucie, FL",16013319000.0,4128308403.7158747,154692367.93671772,0.0,89638.0,2230908536.19339,1.19293896e+08,16013319000.88727,True
12113,"Santa Rosa, FL",7406142000.0,2015661000.0,34282750.0,3932250.0,45310.0,1213917150.0,5.0336724e+07,7406141999.643788,True
12115,"Sarasota, FL",33507148000.0,9381510000.0,19197000.0,20754000.0,194397.0,4799198758.0,9.942726e+06,33507148000.55247,True
12117,"Seminole, FL",32727929000.0,5903967000.0,15046000.0,9804000.0,227139.0,3815371339.0,4.574237e+06,32727928999.725506,True
12119,"Sumter, FL",6854055000.0,1884603000.0,18200800.0,27758200.0,37385.0,1279794834.7286587,2.214745e+07,6854055000.18653,True
12121,"Suwannee, FL",1907463000.0,262815502.5429815,188218600.0,107146976.5894494,11204.0,145506062.0,6.130561e+07,1907462996.4621093,True
12123,"Taylor, FL",923630000.0,127095000.0,44095600.0,10110803.55277145,6146.0,59828311.0,1.7099418e+07,923630001.219441,True
12125,"Union, FL",510758000.0,65710000.0,11511000.0,11093024.840760231,3056.0,39324462.0,1.060704e+07,510757999.5156769,True
12127,"Volusia, FL",27935480000.0,6660953000.0,179886600.0,55325400.0,186339.0,3787638368.0,2.2556986e+07,27935479992.646698,True
12129,"Wakulla, FL",1089803000.0,253368915.20852235,5294139.467854198,0.0,6266.0,142621680.0,1.0476273e+07,1089803000.118469,True
12131,"Walton, FL",5898103000.0,1863074000.0,40154400.0,29210600.0,34667.0,746895913.0,4.5050604e+07,5898102999.461861,True
12133,"Washington, FL",880973000.0,156566396.01052904,38053600.0,58405127.35860276,6133.0,86681948.0,2.6812356e+07,880972999.6751579,True
13001,"Appling, GA",2260230000.0,62240112.65767727,92950400.0,9506819.899580002,7627.0,41206133.0,1.317221e+08,2260229998.960812,True
13003,"Atkinson, GA",349764000.0,28477000.0,30162200.0,25242590.214628935,2195.0,17982749.0,6.742631e+07,349764000.5362623,True
13005,"Bacon, GA",499709000.0,37761000.0,58573333.333333336,23689216.560856223,4798.0,26595990.0,1.9895646e+08,499709001.9366182,True
13007,"Baker, GA",80712000.0,23606000.0,26527600.0,1814902.8957849145,456.0,7687362.0,5.1537188e+07,80711999.63707702,True
13009,"Baldwin, GA",1877393000.0,315864233.726862,2637635.4474563007,0.0,15797.0,159209159.0,9.427779e+06,1877392999.969468,True
13011,"Banks, GA",626802000.0,123521690.0627245,59877885.339002855,0.0,4934.0,85266608.0,9.810691e+06,626801998.5337702,True
13013,"Barrow, GA",3525691000.0,658743724.1174121,17956323.93860595,0.0,23333.0,436216127.0,5.96783e+06,3525690999.6385846,True
13015,"Bartow, GA",7873440000.0,875905212.7051346,18621802.836217705,0.0,44974.0,583076461.0,2.0252894e+07,7873440000.640661,True
13017,"Ben Hill, GA",792304000.0,77775731.69985709,36605880.614239864,0.0,5834.0,56184919.0,2.9307674e+07,792303998.7643969,True
13019,"Berrien, GA",535614000.0,73798917.42314406,30866127.02075378,0.0,4112.0,52155163.0,7.55997e+07,535614000.1931774,True
13021,"Bibb, GA",10727062000.0,1123799734.6559265,11028126.853110123,0.0,79869.0,663066039.0,7.1142465e+06,10727062000.173994,True
13023,"Bleckley, GA",331568000.0,58443382.03128616,18542467.284699008,0.0,2486.0,33968353.0,2.8820008e+07,331567999.8023968,True
13025,"Brantley, GA",364533000.0,60497438.93147355,10240200.0,11101863.224513829,2290.0,40052394.0,4.028983e+07,364532999.85923594,True
13027,"Brooks, GA",644236000.0,67282000.0,69050200.0,11520994.218821526,2891.0,48048735.0,6.504173e+07,644236002.1191115,True
13029,"Bryan, GA",3162895000.0,390387000.0,6214000.0,76427253.78761625,8674.0,281961254.45159924,1.068263e+07,3162895000.162394,True
13031,"Bulloch, GA",3608895000.0,636340657.5053215,17698818.376566645,0.0,27528.0,340973238.0,6.4831164e+07,3608894999.96101,True
13033,"Burke, GA",3454063000.0,98436126.38819057,63073109.71409121,0.0,9829.0,65395909.0,8.4805496e+07,3454063000.3628187,True
13035,"Butts, GA",1094546000.0,121496686.14595366,4006786.5304369177,0.0,8221.0,109266394.0,6.9559415e+06,1094546000.069753,True
13037,"Calhoun, GA",154739000.0,17773976.369728882,36840406.195698805,0.0,1054.0,8324940.999999999,4.4502316e+07,154739000.63299984,True
13039,"Camden, GA",2549887000.0,440951569.11519784,6015180.771883035,0.0,13044.0,293221931.0,1.1855043e+07,2549887000.21798,True
13043,"Candler, GA",378426000.0,46015390.624464855,15815097.118499413,0.0,3038.0,31959829.0,2.3797192e+07,378426000.1603035,True
13045,"Carroll, GA",7735498000.0,849756539.9055191,62210600.0,126332291.80383968,44150.0,562582224.0,1.7016302e+07,7735497997.352655,True
13047,"Catoosa, GA",2272082000.0,548955000.0,8777200.0,1623491.4071540833,15370.0,306966094.0,5.5643665e+06,2272082000.3783665,True
13049,"Charlton, GA",289360000.0,34323720.01342515,9841665.370041545,0.0,2395.0,30886838.0,1.949519e+07,289360000.1275286,True
13051,"Chatham, GA",27117813000.0,3438491000.0,18724800.0,3447200.0,168123.0,2028848638.8687062,4.184056e+06,27117812999.99881,True
13053,"Chattahoochee, GA",1988914000.0,73792101.18241659,1044432.2179883413,0.0,2517.0,21767889.012692638,8.439448e+06,1988913999.9477904,True
13055,"Chattooga, GA",660433000.0,140171009.48100737,16378156.61886726,0.0,4787.0,61745812.0,1.4378256e+07,660433000.3370556,True
13057,"Cherokee, GA",12146316000.0,2911490588.634647,13870386.827701908,0.0,78270.0,2166533054.0,1.2852765e+07,12146315999.516794,True
13059,"Clarke, GA",10351852000.0,1174614955.9778557,771748.7233036284,0.0,71696.0,816915542.0,3.474246e+06,10351852000.027603,True
13061,"Clay, GA",110084000.0,14471582.49908964,3156984.3496102435,0.0,621.0,6503951.0,1.7814428e+07,110083999.97937322,True
13063,"Clayton, GA",26046006000.0,2114920108.520031,10061000.0,462033248.0727577,139154.0,1400185114.6280217,1.723699e+06,26046006000.188847,True
13065,"Clinch, GA",300139000.0,37431000.0,31921000.0,14232985.080183387,2352.0,13262998.0,8.187638e+07,300139000.59740627,True
13067,"Cobb, GA",78930332000.0,12708200000.0,8207400.0,3721600.0,414080.0,6264275964.0,3.9751888e+06,78930331999.97102,True
13069,"Coffee, GA",2129352000.0,164311000.0,84074000.0,83586194.22384286,17728.0,119316236.0,1.4168587e+08,2129352001.802169,True
13071,"Colquitt, GA",2020415000.0,248311000.0,189057600.0,23251246.348855972,15271.0,132905998.0,1.0937796e+08,2020415004.8132422,True
13073,"Columbia, GA",5838430000.0,1282168240.809491,3604750.0,8924584.516775131,38609.0,848860852.0,8.807031e+06,5838429999.798945,True
13075,"Cook, GA",538292000.0,73802811.02895746,10277993.64980094,0.0,4560.0,53411756.0,3.953359e+07,538292000.5225015,True
13077,"Coweta, GA",7238218000.0,1405551000.0,3208200.0,720800.0,49158.0,974674940.0,1.4090341e+07,7238218000.074932,True
13079,"Crawford, GA",205729000.0,67322451.90022519,25803944.331769694,0.0,1314.0,36087897.0,2.5013378e+07,205728999.79750708,True
13081,"Crisp, GA",1362635000.0,97477163.33263864,22127200.0,141138792.47690105,8405.0,64534860.0,5.325893e+07,1362634999.294846,True
13083,"Dade, GA",587622000.0,97148000.0,10976666.666666666,6733207.43172133,4274.0,63423201.0,6.6681285e+06,587621999.9742792,True
13085,"Dawson, GA",1362435000.0,305263870.8753391,20117986.283779155,0.0,9727.0,214464719.0,7.7494285e+06,1362435000.4461977,True
13087,"Decatur, GA",1301274000.0,170227734.44491282,98425604.25391841,0.0,8437.0,93653218.0,7.844213e+07,1301273996.8834853,True
13089,"DeKalb, GA",56870178000.0,8280440000.0,14493400.0,6516600.0,346946.0,5760216851.0,3.0055275e+06,56870177999.454025,True
13091,"Dodge, GA",556775000.0,84364078.15275797,15303780.476837555,0.0,4640.0,47609296.0,4.1762336e+07,556775000.5596942,True
13093,"Dooly, GA",448813000.0,30706030.746335432,50057168.49966173,0.0,3244.0,27560215.0,7.463524e+07,448813000.8357436,True
13095,"Dougherty, GA",5993209000.0,514443436.80088353,33499050.901760172,0.0,43701.0,327912944.0,5.5280732e+07,5993208999.71051,True
13097,"Douglas, GA",7539560000.0,1214091357.2254872,790955.3938123593,0.0,54494.0,807223233.0,5.2598345e+06,7539559999.969456,True
13099,"Early, GA",652441000.0,50405000.0,25674800.0,121498124.31435728,2989.0,32147847.0,6.552341e+07,652441000.528833,True
13101,"Echols, GA",51324000.0,11342017.040070191,4803127.737209707,0.0,552.0,8990736.0,1.5071716e+07,51323999.96467703,True
13103,"Effingham, GA",3020652000.0,473392042.4739034,21321405.18826126,0.0,12262.0,323443372.0,1.8205018e+07,3020652000.346478,True
13105,"Elbert, GA",886739000.0,154876494.47864172,16825300.906780094,0.0,5780.0,64859676.0,1.6091923e+07,886738999.7059321,True
13107,"Emanuel, GA",958218000.0,93735713.08630326,18845239.948751073,0.0,7501.0,53091666.0,4.3425936e+07,958218000.4778253,True
13109,"Evans, GA",514804000.0,45022000.0,23969000.0,17818195.858256817,3651.0,30578450.0,1.3575355e+07,514803999.32495844,True
13111,"Fannin, GA",1165631000.0,242039125.02929905,11145666.666666666,66515213.15877986,7057.0,160242261.0,1.5515436e+07,1165631000.063137,True
13113,"Fayette, GA",7939740000.0,1508545575.1946068,2306410.674495335,0.0,52297.0,1003747104.0,4.8717155e+06,7939740000.108648,True
13115,"Floyd, GA",5465039000.0,518247000.0,21910400.0,43668159.630768776,43876.0,411820608.0,2.2862634e+07,5465039000.456012,True
13117,"Forsyth, GA",15007355000.0,3365189428.420071,31048980.339763682,0.0,98325.0,2329510174.0,5.5518395e+06,15007354999.816359,True
13119,"Franklin, GA",1318686000.0,121362783.01726615,106357000.0,25955936.06640196,8199.0,80348360.0,1.2191614e+07,1318686003.4077277,True
13121,"Fulton, GA",230037655000.0,30056344089.890465,41089101.81505987,0.0,965119.0,10273015094.967058,8.590746e+06,230037654998.50824,True
13123,"Gilmer, GA",1277974000.0,282378371.24170494,105157000.0,4082016.890449047,7408.0,186948902.0,1.698733e+07,1277973997.3521874,True
13125,"Glascock, GA",40917000.0,9258886.38799153,1113959.257226988,0.0,344.0,7848596.0,7.7239035e+06,40916999.97140905,True
13127,"Glynn, GA",5856492000.0,920823000.0,7516666.666666667,60948324.4928751,38484.0,552790764.0,6.082655e+06,5856492000.189016,True
13129,"Gordon, GA",3173295000.0,343442798.8092265,93723227.49415919,0.0,24064.0,229587216.0,1.8096758e+07,3173294996.23207,True
13131,"Grady, GA",849021000.0,126758000.0,66609399.99999999,11445270.679236293,6120.0,83718143.0,5.9524136e+07,849021002.053926,True
13133,"Greene, GA",1141471000.0,227073000.0,44679333.333333336,16821900.584423065,6008.0,176857285.0,1.5939598e+07,1141471000.938909,True
13135,"Gwinnett, GA",68789757000.0,10255227000.0,13009000.0,875000.0,404763.0,6485346288.0,5.877097e+06,68789757000.31236,True
13137,"Habersham, GA",1897685000.0,260773000.0,45926600.0,8037400.0,13258.0,187366469.0,1.038262e+07,1897685001.4427924,True
13139,"Hall, GA",17022608000.0,1820866296.8860788,17988597.568266757,0.0,102286.0,1241651885.0,1.2817605e+07,17022607999.665588,True
13141,"Hancock, GA",203395000.0,30113072.90671467,3382556.9727553222,0.0,1421.0,15424789.0,1.8620956e+07,203395000.10484087,True
13143,"Haralson, GA",1241062000.0,131898000.0,22412600.0,3936520.9601840973,8270.0,130595961.0,9.997924e+06,1241062000.612972,True
13145,"Harris, GA",777923000.0,138598364.92835534,2017369.2863491392,0.0,5715.0,185963229.0,1.6125477e+07,777922999.9466107,True
13147,"Hart, GA",1150302000.0,170763805.7016381,88638406.68069534,0.0,7667.0,115066085.0,1.2859147e+07,1150301999.5712895,True
13149,"Heard, GA",1695299000.0,57479000.0,19048000.0,5417456.331784725,1539.0,40860723.0,1.0642003e+07,1695299000.1013803,True
13151,"Henry, GA",10923452000.0,2091111791.5912232,1314333.3333333333,383845028.8834839,77563.0,1384422793.0,8.763606e+06,10923451999.93021,True
13153,"Houston, GA",9483335000.0,1185343693.457654,6704409.810277863,0.0,49763.0,777768615.0,3.9999468e+07,9483335000.155937,True
13155,"Irwin, GA",281831000.0,35899606.010860346,30932635.003775597,0.0,2155.0,25906795.0,6.922541e+07,281831001.7070658,True
13157,"Jackson, GA",6246515000.0,986372098.0624018,54683572.701277405,0.0,45774.0,437188564.0,1.4174187e+07,6246515000.534992,True
13159,"Jasper, GA",399309000.0,120485536.66348718,3279460.764069987,0.0,2437.0,69470797.0,1.5507234e+07,399309000.0206523,True
13161,"Jeff Davis, GA",632616000.0,57542316.353016585,49715004.085338816,0.0,4671.0,38350174.0,4.4289332e+07,632616000.0526175,True
13163,"Jefferson, GA",708431000.0,54290319.41391406,46233320.16583842,0.0,4799.0,38530227.0,5.056823e+07,708430999.5116124,True
13165,"Jenkins, GA",198141000.0,29685000.0,18391600.0,5809019.462061435,1499.0,15319356.0,3.0281124e+07,198140999.72063726,True
13167,"Johnson, GA",160907000.0,32365000.0,5137000.0,6502688.141084611,1422.0,17688133.0,1.9646502e+07,160907000.07634762,True
13169,"Jones, GA",584827000.0,157568000.0,3589000.0,6453260.541211367,4334.0,105447185.0,1.444734e+07,584826999.9485694,True
13171,"Lamar, GA",627526000.0,111112355.89000404,18894268.41977325,0.0,4366.0,78535935.0,8.449401e+06,627526000.0873501,True
13173,"Lanier, GA",181525000.0,29117346.378493242,5852671.57421829,0.0,1049.0,31570863.0,3.9715916e+07,181524999.8737644,True
13175,"Laurens, GA",2536136000.0,259766000.0,32084400.0,16587062.197167873,19888.0,151324285.0,5.2437308e+07,2536136000.69432,True
13177,"Lee, GA",1045987000.0,162971008.11148125,53876116.6950322,0.0,7593.0,158344647.0,7.813937e+07,1045986998.917289,True
13179,"Liberty, GA",4933310000.0,576376979.8891714,2655109.6946736965,0.0,15728.0,294560018.0,1.0968122e+07,4933309999.999673,True
13181,"Lincoln, GA",177117000.0,38966123.27031053,10594716.93233188,0.0,1432.0,26521304.0,8.3317425e+06,177117000.17801958,True
13183,"Long, GA",275410000.0,105061285.6936606,7089194.478874902,0.0,1400.0,66807219.47937207,1.0089122e+07,275409999.9940026,True
13185,"Lowndes, GA",6732365000.0,890412000.0,25371000.0,4861000.0,48448.0,513573646.0,4.647073e+07,6732364999.53435,True
13187,"Lumpkin, GA",1249233000.0,231688000.0,3335600.0,5260126.019749641,8296.0,172134915.0,1.0823119e+07,1249233000.05899,True
13189,"McDuffie, GA",894169000.0,112631996.3857999,37604146.36945087,0.0,7325.0,77533186.0,1.102813e+07,894169001.0855539,True
13191,"McIntosh, GA",299422000.0,105105203.4381322,6811669.945938039,0.0,1922.0,50091991.0,8.858782e+06,299421999.89531624,True
13193,"Macon, GA",559623000.0,46897000.0,106823200.0,16857013.746041775,2843.0,22115885.0,6.911372e+07,559622994.7944926,True
13195,"Madison, GA",773426000.0,224771000.0,86567200.0,7524247.13979888,4304.0,120318510.0,1.4205719e+07,773426000.2737461,True
13197,"Marion, GA",145966000.0,24423890.955768097,5445017.156406013,0.0,1251.0,22353528.0,2.1774904e+07,145965999.99316242,True
13199,"Meriwether, GA",837637000.0,108579000.0,9980000.0,193158354.40061045,4267.0,75368933.0,2.0288844e+07,837636999.6358818,True
13201,"Miller, GA",267258000.0,31328118.53014928,31516588.81547661,0.0,1992.0,18279154.0,5.1858356e+07,267258000.60774368,True
13205,"Mitchell, GA",954254000.0,118027000.0,141331000.0,9092538.381015897,6563.0,58645604.0,1.3625563e+08,954253992.3867555,True
13207,"Monroe, GA",1697473000.0,193020786.99793413,19572666.666666668,72086150.91717815,8963.0,127789618.0,1.5533941e+07,1697472999.65424,True
13209,"Montgomery, GA",201541000.0,35605000.0,15250400.0,10396071.77798462,1436.0,22145849.0,1.752435e+07,201541000.16189536,True
13211,"Morgan, GA",1384336000.0,195517887.42146993,17470600.0,8785046.307931423,8906.0,129442826.0,1.9159056e+07,1384335999.606399,True
13213,"Murray, GA",1859278000.0,215948732.82395822,47507800.0,24271977.295964718,8224.0,142969089.0,1.4836862e+07,1859278001.4008799,True
13215,"Muscogee, GA",13266663000.0,1605878000.0,8002400.0,483600.0,84654.0,971199508.0,5.0998535e+06,13266663000.251284,True
13217,"Newton, GA",4238347000.0,881860548.2773267,1325000.0,29857681.826955795,26349.0,583836717.0,1.0033132e+07,4238347000.0046434,True
13219,"Oconee, GA",2300803000.0,499629387.29255486,25314666.666666668,3979171.8487911224,16874.0,330780169.0,8.862063e+06,2300803000.722499,True
13221,"Oglethorpe, GA",443930000.0,87746610.3279533,76145400.0,39996374.89873415,1913.0,58092737.0,2.0230362e+07,443930002.40390784,True
13223,"Paulding, GA",4734665000.0,1473622676.7786417,1683565.8924790134,0.0,29361.0,992283976.0,9.59341e+06,4734665000.001543,True
13225,"Peach, GA",1202439000.0,211667565.1523504,32054528.70761722,0.0,10160.0,106611280.0,3.3698772e+07,1202439001.366432,True
13227,"Pickens, GA",1432540000.0,268032098.99728116,18976367.918310516,0.0,8790.0,204852552.0,8.436215e+06,1432539999.8594131,True
13229,"Pierce, GA",651093000.0,71163000.0,30056400.0,7714516.161818266,4853.0,56033804.0,9.11496e+07,651092998.9386235,True
13231,"Pike, GA",472286000.0,123206696.20019928,3330056.272170625,0.0,3475.0,93095008.0,8.51233e+06,472285999.9862467,True
13233,"Polk, GA",1663851000.0,223021414.8641275,28216916.09558655,0.0,11410.0,148825881.0,1.2922922e+07,1663851000.1385999,True
13235,"Pulaski, GA",349395000.0,67594000.0,17451600.0,5676754.142180145,2633.0,27865612.0,3.641019e+07,349395000.1474426,True
13237,"Putnam, GA",838303000.0,211977000.0,7652000.0,521803.5957990885,6418.0,139749150.0,1.4762217e+07,838303000.1847636,True
13239,"Quitman, GA",44230000.0,10950897.329856448,556052.0332172366,0.0,310.0,5924940.0,5.988196e+06,44230000.007192194,True
13241,"Rabun, GA",805029000.0,218862000.0,1513200.0,10979355.67397213,5486.0,119154900.0,1.5623984e+07,805028999.9502503,True
13243,"Randolph, GA",241365000.0,41015000.0,30159800.0,14021939.90333879,1584.0,15676720.0,4.138766e+07,241365000.288924,True
13245,"Richmond, GA",16047965000.0,1924698782.3983395,1806575.3914355766,0.0,100051.0,842946900.0,1.0501734e+07,16047965000.056326,True
13247,"Rockdale, GA",5672271000.0,1004567916.3303571,1832695.6264653292,0.0,36965.0,500124799.0,3.5420892e+06,5672271000.043959,True
13249,"Schley, GA",143721000.0,18078826.456975542,10568415.973364644,0.0,1151.0,13428096.0,1.2546287e+07,143720999.74005482,True
13251,"Screven, GA",405170000.0,89762219.71466714,7413166.46736262,0.0,2774.0,33670430.0,5.717473e+07,405170000.0094913,True
13253,"Seminole, GA",416567000.0,51064000.0,54989400.0,85394795.35947394,2207.0,27580820.0,4.3806484e+07,416567000.33345294,True
13255,"Spalding, GA",2958854000.0,376316680.07440376,4530693.878338211,0.0,23824.0,306918955.0,6.8306445e+06,2958854000.0731955,True
13257,"Stephens, GA",1363571000.0,151926639.80454096,28842200.0,33408395.797680616,8300.0,100583194.0,6.303341e+06,1363571001.045619,True
13259,"Stewart, GA",194403000.0,14902557.84289628,10390211.327904271,0.0,1648.0,8165130.0,2.4407912e+07,194403000.29765067,True
13261,"Sumter, GA",1291860000.0,139635119.7018249,70988800.0,28255983.166962624,9753.0,92445580.0,7.634348e+07,1291859999.5486908,True
13263,"Talbot, GA",192642000.0,25194053.487113312,4493322.21540397,0.0,847.0,19966061.0,1.4209671e+07,192641999.9382391,True
13265,"Taliaferro, GA",38188000.0,6110000.0,7053400.0,345526.666893065,228.0,3206063.0,7.45809e+06,38188000.14777158,True
13267,"Tattnall, GA",783468000.0,81483098.03076895,181268200.0,37801726.08408952,5585.0,53945972.0,4.7095844e+07,783468001.9709747,True
13269,"Taylor, GA",281432000.0,38455000.0,9279200.0,11782107.21085298,1405.0,18259411.0,2.9557032e+07,281431999.87614,True
13271,"Telfair, GA",397571000.0,46151056.53647232,19994661.496157315,0.0,2236.0,21302918.0,3.421626e+07,397571000.8125562,True
13273,"Terrell, GA",322902000.0,47644000.0,33208600.0,4972179.960748911,2240.0,25592886.0,4.693505e+07,322901998.6844108,True
13275,"Thomas, GA",3019557000.0,299493316.8455677,28260500.0,29560420.03639984,21334.0,198279870.0,6.3487544e+07,3019557000.87049,True
13277,"Tift, GA",2651949000.0,290516000.0,52026000.0,6268000.0,21738.0,134132523.0,4.2708196e+07,2651948998.8413076,True
13279,"Toombs, GA",1403455000.0,122699000.0,62559800.0,1856576.916541338,12461.0,77240725.0,3.3440488e+07,1403455001.3994312,True
13281,"Towns, GA",537177000.0,138142141.21549127,1026666.6666666667,81578110.84121162,3452.0,91457152.0,6.798208e+06,537177000.0305285,True
13283,"Treutlen, GA",135884000.0,23326647.35838429,6158341.966973101,0.0,1124.0,16478814.0,1.1366128e+07,135884000.2433936,True
13285,"Troup, GA",4937603000.0,459397142.5019163,1986261.7930661899,0.0,37073.0,305227191.0,1.3535139e+07,4937602999.983018,True
13287,"Turner, GA",275024000.0,37031000.0,29203750.0,4900588.04165411,1736.0,20598751.0,4.8285068e+07,275024000.68869096,True
13289,"Twiggs, GA",323778000.0,25870778.086116094,5722984.050134112,0.0,1829.0,18417723.0,1.6774364e+07,323778000.06961864,True
13291,"Union, GA",1174868000.0,276399771.5518503,8803818.070005823,0.0,7649.0,157418653.0,1.474142e+07,1174867999.8996863,True
13293,"Upson, GA",899802000.0,156668000.0,26750600.0,8230400.0,7450.0,93493487.0,1.2370718e+07,899802000.9967372,True
13295,"Walker, GA",2101093000.0,370002644.58785933,43314819.62457995,0.0,14754.0,269990047.0,1.948615e+07,2101093001.1027427,True
13297,"Walton, GA",4047913000.0,824303286.0311573,7776995.144458552,0.0,26476.0,570338353.0,1.3953462e+07,4047912999.925432,True
13299,"Ware, GA",1820213000.0,155720000.0,22147400.0,65636909.59094763,14807.0,95385612.0,1.1766529e+08,1820213000.3304024,True
13301,"Warren, GA",216781000.0,22407000.0,3041600.0,9582170.179832846,1614.0,10412386.0,1.3102776e+07,216780999.90116173,True
13303,"Washington, GA",843367000.0,69811584.8835641,8922944.780607598,0.0,6310.0,55012353.0,3.82351e+07,843366999.7331281,True
13305,"Wayne, GA",1475263000.0,120116000.0,16441400.000000002,29837649.27628517,9027.0,102661530.0,4.3388588e+07,1475263000.2395368,True
13307,"Webster, GA",91233000.0,9096000.0,7870000.0,8803679.24479422,505.0,4898720.0,2.2767242e+07,91233000.25722864,True
13309,"Wheeler, GA",158023000.0,19680243.81055082,17685407.108227957,0.0,1118.0,7502143.0,1.745545e+07,158023000.0850908,True
13311,"White, GA",1207930000.0,221150805.85316777,30852800.0,60218351.272384405,9604.0,146413127.0,9.281667e+06,1207929998.636617,True
13313,"Whitfield, GA",7248412000.0,774360192.8599235,15169084.432488695,0.0,59533.0,398980500.0,1.0465879e+07,7248412000.207724,True
13315,"Wilcox, GA",198637000.0,32052155.36849271,50121364.09562912,0.0,1169.0,12869572.0,4.9943056e+07,198637001.7300316,True
13317,"Wilkes, GA",452165000.0,40514000.0,80848400.0,8596106.600976348,2582.0,28934255.0,2.0386292e+07,452164999.6127127,True
13319,"Wilkinson, GA",699286000.0,57846000.0,9463600.0,128528660.1045233,2437.0,18511860.0,1.4847867e+07,699286000.1982619,True
13321,"Worth, GA",418208000.0,87760289.0310781,47562200.0,7216354.926684916,3427.0,58101793.0,8.291693e+07,418207997.9340981,True
16001,"Ada, ID",42109916000.0,6042329000.0,107003000.0,6978000.0,294737.0,4924902446.0,6.0789544e+07,42109915996.63127,True
16003,"Adams, ID",189675000.0,32934000.0,11110600.0,20464462.03921491,1107.0,31548197.0,4.3951816e+07,189675000.1789776,True
16005,"Bannock, ID",4156776000.0,538544168.2524607,9797285.302760357,0.0,35810.0,466136284.0,8.3120584e+07,4156776000.0784984,True
16007,"Bear Lake, ID",280939000.0,63993000.0,23458400.0,5704633.3151580095,1608.0,27455140.0,5.3866496e+07,280939000.56139255,True
16009,"Benewah, ID",533987000.0,70541109.93246007,31015135.520504326,0.0,3376.0,55387251.0,5.197685e+07,533986999.9638346,True
16011,"Bingham, ID",2307945000.0,307306051.2949582,198845250.0,201281210.58736324,15423.0,221112026.0,2.1111992e+08,2307945001.4590654,True
16013,"Blaine, ID",2397021000.0,502449000.0,4881000.0,463000.0,14340.0,328893820.0,8.356175e+07,2397021000.1316833,True
16015,"Boise, ID",248118000.0,80661077.69806424,3936051.023000208,0.0,1501.0,73518532.0,5.0908696e+07,248117999.93484023,True
16017,"Bonner, ID",2453005000.0,482432000.0,18605800.0,3912200.0,16328.0,424891513.0,6.5813016e+07,2453005000.124548,True
16019,"Bonneville, ID",8538045000.0,873823000.0,91752800.0,32201200.0,70908.0,741275874.0,1.5429678e+08,8538044997.508458,True
16021,"Boundary, ID",615786000.0,115870190.82284518,24655000.0,2960388.5178821087,3743.0,83370609.0,6.663043e+07,615786000.4791548,True
16023,"Butte, ID",1749351000.0,13800511.45967929,31783400.0,1608581127.4134457,667.0,9929707.0,6.9145976e+07,1749350998.6572216,True
16025,"Camas, ID",117347000.0,10549000.0,26377666.666666668,10636884.81489499,308.0,4496614.0,6.806468e+07,117346998.79916129,True
16027,"Canyon, ID",10866908000.0,1916143000.0,302035600.0,46349400.0,87969.0,1576989971.0,3.832539e+08,10866908012.03871,True
16029,"Caribou, ID",1140727000.0,56062584.0135195,51747239.72319333,0.0,3343.0,28444181.0,1.21613736e+08,1140727000.6832583,True
16031,"Cassia, ID",2112326000.0,174249309.80182993,499634353.8435304,0.0,12719.0,112273310.0,2.0506936e+08,2112325999.1232233,True
16033,"Clark, ID",61141000.0,6046000.0,11913000.0,7508217.5991836935,230.0,2640663.9999999995,5.6749384e+07,61141000.10496149,True
16035,"Clearwater, ID",480859000.0,58796000.0,25802000.0,18265431.727773786,2728.0,45946031.0,9.8495416e+07,480858999.6004065,True
16037,"Custer, ID",248499000.0,31339207.600269075,20229201.627222866,0.0,1434.0,28276001.0,1.2306919e+08,248498999.82118058,True
16039,"Elmore, ID",1749295000.0,189314327.97331405,197963073.72384554,0.0,6488.0,161801098.0,1.3128448e+08,1749295004.737202,True
16041,"Franklin, ID",624551000.0,100608261.08969189,55948296.862527,0.0,3917.0,73456956.0,7.010078e+07,624550999.8830891,True
16043,"Fremont (includes Yellowstone Park), ID",583639000.0,96823009.26543878,66782800.0,41550423.380493164,3169.0,69665832.0,1.1688566e+08,583639000.3731359,True
16045,"Gem, ID",634734000.0,182358462.3280847,6798261.075782446,0.0,4657.0,135397109.0,3.4426708e+07,634733999.7157503,True
16047,"Gooding, ID",1419686000.0,105656268.93595487,577992076.3640392,0.0,6580.0,67248605.0,6.7966856e+07,1419685991.1803925,True
16049,"Idaho, ID",650067000.0,114550000.0,48668800.0,1513200.0,4641.0,94691335.0,3.4724554e+08,650067000.8464153,True
16051,"Jefferson, ID",1348442000.0,222147822.5220599,93778489.81974655,0.0,8448.0,176850663.0,1.414476e+08,1348441999.9034894,True
16053,"Jerome, ID",1764451000.0,150738291.92264882,362522396.3892445,0.0,10794.0,114477701.0,9.6876424e+07,1764450986.1132574,True
16055,"Kootenai, ID",10770763000.0,2302349365.7566423,61856400.0,124773729.5628357,71721.0,1656580242.0,6.478173e+07,10770762998.048643,True
16057,"Latah, ID",2024365000.0,344259965.06640565,76647658.33012243,0.0,14414.0,251046904.0,1.2806608e+08,2024364999.9082375,True
16059,"Lemhi, ID",404035000.0,62446195.736586764,23857789.58279973,0.0,2599.0,47022720.0,1.2306935e+08,404034999.6677558,True
16061,"Lewis, ID",230197000.0,41051942.53062577,49098908.00643102,0.0,1399.0,16328894.0,8.100389e+07,230196999.06712765,True
16063,"Lincoln, ID",329235000.0,30292845.646244448,158231963.4248352,0.0,2007.0,20438426.0,7.5073816e+07,329234997.5382896,True
16065,"Madison, ID",1954537000.0,311203000.0,67318600.0,1336695.7445616722,16988.0,196457758.0,8.322724e+07,1954537003.02214,True
16067,"Minidoka, ID",1344923000.0,141731000.0,195924400.0,90780693.11904192,8955.0,99786043.0,1.0754411e+08,1344922995.6910043,True
16069,"Nez Perce, ID",2996365000.0,320807625.6828144,48666956.29757107,0.0,21904.0,259131727.0,1.0736947e+08,2996365000.3143873,True
16071,"Oneida, ID",213621000.0,30553076.93219965,29975352.629274752,0.0,1481.0,24143571.0,9.4429864e+07,213621000.57225117,True
16073,"Owyhee, ID",561414000.0,99373000.0,149382400.0,16513864.010423183,3075.0,60568608.0,2.348843e+08,561413997.2872907,True
16075,"Payette, ID",1183753000.0,251825000.0,92959000.0,4099000.0,7210.0,148571820.0,8.167233e+07,1183753000.004446,True
16077,"Power, ID",675817000.0,56078000.0,94965800.0,42907037.49460626,3834.0,27180915.0,1.3662683e+08,675817005.0221071,True
16079,"Shoshone, ID",920462000.0,94790552.28030342,863600.0,4560022.848490953,4813.0,68203444.0,9.322356e+07,920461999.9733665,True
16081,"Teton, ID",632527000.0,102115000.0,21282333.333333332,9528666.666666627,4224.0,134618865.0,5.197252e+07,632527000.659626,True
16083,"Twin Falls, ID",5528594000.0,704263461.258425,418903828.58927673,0.0,40755.0,523147649.0,1.6644408e+08,5528593982.497721,True
16085,"Valley, ID",782833000.0,199132553.43022496,10416927.720506407,0.0,5136.0,121415956.0,9.1713224e+07,782833000.0299969,True
16087,"Washington, ID",651403000.0,74175059.6191644,23638800.0,34466532.388628244,2991.0,53370240.0,8.84544e+07,651402999.1197169,True
17001,"Adams, IL",4522165000.0,484055000.0,158994600.0,37291400.0,32288.0,250249639.0,1.4178747e+08,4522164992.1501045,True
17003,"Alexander, IL",186312000.0,12790734.597089987,18872400.0,35212122.745735526,900.0,7700172.0,2.7328932e+07,186311999.87321663,True
17005,"Bond, IL",760392000.0,77147000.0,44190250.0,8669772.17891252,4456.0,51676739.0,7.157248e+07,760392000.7138914,True
17007,"Boone, IL",1873418000.0,370193480.11289644,14179501.842753908,0.0,13351.0,231478473.0,5.8302136e+07,1873417999.54841,True
17009,"Brown, IL",604211000.0,17107195.69113248,12338110.155934205,0.0,4933.0,16669355.000000002,3.9829684e+07,604210999.5078138,True
17011,"Bureau, IL",1595002000.0,199652000.0,23429000.0,3469807.762356758,10627.0,107505680.0,2.0142426e+08,1595001999.159842,True
17013,"Calhoun, IL",122709000.0,21184926.52964904,27074333.538421486,0.0,855.0,11161673.0,2.2979486e+07,122709001.00449388,True
17015,"Carroll, IL",752680000.0,108564000.0,95849200.0,36149517.75540686,3756.0,46913174.0,9.2916136e+07,752679998.2954135,True
17017,"Cass, IL",886010000.0,57827000.0,78497200.0,27808314.93811214,5444.0,33818672.0,7.174809e+07,886010002.5466182,True
17019,"Champaign, IL",14815450000.0,1965958000.0,382536666.6666667,6818333.333333969,92426.0,931460400.0,2.411881e+08,14815450002.474667,True
17021,"Christian, IL",1973344000.0,228357000.0,199580000.0,66123846.53243852,9795.0,97969412.0,1.6835714e+08,1973343996.8794951,True
17023,"Clark, IL",676275000.0,87270000.0,78389000.0,14603429.908287764,4292.0,47756430.0,9.258657e+07,676274998.0751799,True
17025,"Clay, IL",713841000.0,83446000.0,31454000.0,1486646.9020524025,4511.0,33213019.0,8.658413e+07,713840998.7185981,True
17027,"Clinton, IL",1458892000.0,231260000.0,102038800.0,18838929.32984066,12557.0,144856343.0,9.48923e+07,1458891996.82703,True
17029,"Coles, IL",3327206000.0,270717174.3730879,84760794.41032359,0.0,24356.0,166166266.0,1.09354456e+08,3327205996.9159155,True
17031,"Cook, IL",522373564000.0,73205006000.0,31051200.0,25123800.0,2683238.0,31484083886.182713,7.2710095e+06,522373563999.66504,True
17033,"Crawford, IL",1657552000.0,109057092.95794722,58140157.553186156,0.0,7190.0,53484584.0,8.33682e+07,1657552002.5150995,True
17035,"Cumberland, IL",1353580000.0,49917000.0,793547600.0,141152817.1973846,3007.0,30362045.0,6.634163e+07,1353580000.0,True
17037,"DeKalb, IL",5540409000.0,668445000.0,170114400.0,175581380.3768196,34194.0,502916474.0,1.5415187e+08,5540408998.535424,True
17039,"De Witt, IL",1628805000.0,90030026.05612311,88867257.55947213,0.0,4957.0,54719799.0,9.339764e+07,1628804999.2900965,True
17041,"Douglas, IL",1405769000.0,100224000.0,118372400.0,21803616.196728468,8030.0,65493999.0,1.0290603e+08,1405768997.5017006,True
17043,"DuPage, IL",125512082000.0,16357581614.933064,2832573.2657905347,0.0,643931.0,7582980337.0,3.5083618e+06,125512082000.04076,True
17045,"Edgar, IL",1040900000.0,90809000.0,104847600.0,67855621.34367418,6282.0,48646362.0,1.4688696e+08,1040899997.2061505,True
17047,"Edwards, IL",334588000.0,25959569.55369111,37189920.258596264,0.0,2262.0,15827897.0,4.4213816e+07,334587998.6709363,True
17049,"Effingham, IL",2913514000.0,254936000.0,129239400.0,43294119.12992287,22599.0,141544094.0,8.718569e+07,2913513999.776707,True
17051,"Fayette, IL",782750000.0,95946987.56297654,95923600.0,46258539.111805916,5743.0,57761210.0,1.24736376e+08,782750000.0627543,True
17053,"Ford, IL",1051002000.0,75148000.0,120282600.0,89231869.69086003,5845.0,44097873.0,1.26858424e+08,1051001996.436977,True
17055,"Franklin, IL",1278647000.0,198474000.0,49829800.0,9574200.0,8765.0,98166162.0,5.870453e+07,1278646999.974096,True
17057,"Fulton, IL",1105052000.0,169128000.0,103415600.0,53068786.96072793,8322.0,91933706.0,1.30427544e+08,1105052003.0555618,True
17059,"Gallatin, IL",196622000.0,22802000.0,47519800.0,29851473.35233265,914.0,10425101.0,6.188886e+07,196621998.5093402,True
17061,"Greene, IL",429636000.0,56460000.0,108405200.0,15191674.885922074,2174.0,28763458.0,1.00884984e+08,429636003.9392895,True
17063,"Grundy, IL",5767697000.0,482012487.54617435,76817246.75389703,0.0,22659.0,290315997.0,8.933424e+07,5767696999.269431,True
17065,"Hamilton, IL",468533000.0,36942580.18150437,60139646.32455841,0.0,2008.0,21635240.0,7.907405e+07,468532998.16695935,True
17067,"Hancock, IL",786973000.0,111439000.0,209804400.0,72769622.29718077,4044.0,48838052.0,1.5315838e+08,786972997.3124671,True
17069,"Hardin, IL",126617000.0,20486000.0,8553400.0,11346815.268175349,703.0,7247292.0,9.453001e+06,126617000.32517484,True
17071,"Henderson, IL",237223000.0,28123276.896527134,73625000.0,24109756.231338948,1297.0,16930542.0,7.478493e+07,237223003.26592022,True
17073,"Henry, IL",1975227000.0,244921000.0,165955400.0,35718600.0,13837.0,173840735.0,1.9237573e+08,1975227003.9342146,True
17075,"Iroquois, IL",1378510000.0,146398323.5135921,280884200.0,83449822.66669464,6989.0,88133505.0,2.8000656e+08,1378509985.2547088,True
17077,"Jackson, IL",3232638000.0,349218956.6817004,30066221.965959154,0.0,23658.0,186961756.0,6.587745e+07,3232638000.159226,True
17079,"Jasper, IL",631006000.0,50656286.557189405,96369737.30026414,0.0,2193.0,31968424.0,1.0087116e+08,631005997.8130879,True
17081,"Jefferson, IL",2348614000.0,205674271.99966574,27211549.836637393,0.0,20339.0,115259384.0,7.93094e+07,2348613998.6150937,True
17083,"Jersey, IL",665250000.0,101284182.0434707,30791438.592728097,0.0,5045.0,74312145.0,5.8037476e+07,665250000.795638,True
17085,"Jo Daviess, IL",1096566000.0,186015385.59462163,26907582.267638963,0.0,7006.0,112184030.0,7.492558e+07,1096565999.8808036,True
17087,"Johnson, IL",310891000.0,49578860.72559773,5327618.558476482,0.0,2158.0,33851619.0,2.2591118e+07,310891000.05987823,True
17089,"Kane, IL",35449039000.0,5335913109.108324,12062885.292446537,0.0,219275.0,3230690452.0,6.7159416e+07,35449039000.71021,True
17091,"Kankakee, IL",8124375000.0,785890925.7650678,109706351.1798889,0.0,41664.0,459095147.0,1.5573171e+08,8124374999.337895,True
17093,"Kendall, IL",5207464000.0,1273038284.120745,35435421.55856742,0.0,30568.0,779373038.0,6.515326e+07,5207464000.908699,True
17095,"Knox, IL",2312505000.0,244052002.13234127,143014200.0,262102355.44150734,15910.0,146922163.0,1.3854123e+08,2312505005.930605,True
17097,"Lake, IL",79933481000.0,8880215148.502014,11567662.811452553,0.0,328525.0,5169430219.0,1.3397583e+07,79933480999.85837,True
17099,"LaSalle, IL",7689242000.0,674378000.0,230163400.0,49136600.0,39709.0,425959088.0,2.5596741e+08,7689241994.063281,True
17101,"Lawrence, IL",635588000.0,56198190.94638093,55690200.0,24846774.71731496,3717.0,33831969.0,7.638984e+07,635588000.6521367,True
17103,"Lee, IL",2077138000.0,247907000.0,104803750.0,76369754.98931003,12678.0,122800552.0,1.7509251e+08,2077137998.4410496,True
17105,"Livingston, IL",2698113000.0,212728834.2605361,380241951.85657644,0.0,12813.0,119000605.0,2.6991014e+08,2698112984.6465826,True
17107,"Logan, IL",1360385000.0,142588304.59872693,165376600.0,58521114.69473052,7887.0,85839829.0,1.6394504e+08,1360384998.891774,True
17109,"McDonough, IL",1417679000.0,159163997.36794335,181225306.5730355,0.0,9784.0,82702204.0,1.2299847e+08,1417678994.1988676,True
17111,"McHenry, IL",15280749000.0,3065831357.979087,20344965.55758996,0.0,93473.0,1888095557.0,8.3988536e+07,15280748999.640759,True
17113,"McLean, IL",16003208000.0,1480016000.0,323403400.0,537518583.706974,88959.0,797299749.0,2.8598048e+08,16003207995.726433,True
17115,"Macon, IL",8797529000.0,560710445.8228598,143359500.0,215421741.81196976,43992.0,337554254.0,1.291278e+08,8797528996.91206,True
17117,"Macoupin, IL",1496329000.0,213918000.0,101912600.0,40229691.979263306,10069.0,137286440.0,1.6331032e+08,1496329003.9916787,True
17119,"Madison, IL",15507572000.0,1864321000.0,59665000.0,15044000.0,107257.0,1166926847.0,1.06145944e+08,15507571999.831478,True
17121,"Marion, IL",1718161000.0,204699000.0,61882000.0,11618957.797995567,13082.0,102711466.0,8.9821256e+07,1718161002.4918787,True
17123,"Marshall, IL",582299000.0,65931985.003790885,77326000.0,2958626.7402766943,2729.0,39691827.0,8.609411e+07,582299003.3053745,True
17125,"Mason, IL",603929000.0,61168720.51083229,123178000.0,29344771.54023826,2660.0,36824286.0,1.5877326e+08,603928996.3522093,True
17127,"Massac, IL",491020000.0,67647000.0,15885000.0,34632629.68103385,3085.0,40978932.0,3.0656206e+07,491019999.6108695,True
17129,"Menard, IL",352106000.0,64582000.0,55558400.0,21143871.67845267,1818.0,50096819.0,6.9178824e+07,352106002.5473735,True
17131,"Mercer, IL",550001000.0,85343320.05996089,141825000.0,17439484.670066893,3052.0,51377678.0,1.181361e+08,550001003.059375,True
17133,"Monroe, IL",1274367000.0,283702000.0,40334000.0,8346000.0,9117.0,197160580.0,6.3485996e+07,1274366999.7195652,True
17135,"Montgomery, IL",1592872000.0,126361877.6928164,197113666.66666666,32017502.473898888,8950.0,76071330.0,1.4606302e+08,1592871996.1965923,True
17137,"Morgan, IL",2024823000.0,167050114.50819233,93058800.0,27301791.160615206,14019.0,100566125.0,1.1730144e+08,2024822999.580916,True
17139,"Moultrie, IL",976158000.0,83436716.1620042,107500571.88843493,0.0,5116.0,43403899.0,8.07959e+07,976157996.8893895,True
17141,"Ogle, IL",3862157000.0,424945000.0,87914600.0,66713006.116158485,15354.0,212553682.0,1.6370294e+08,3862156998.9689302,True
17143,"Peoria, IL",16080146000.0,1406260000.0,77377800.0,19714200.0,105914.0,759167766.0,1.0939524e+08,16080145997.190598,True
17145,"Perry, IL",857032000.0,124485715.64270285,21566724.08731876,0.0,4717.0,50595019.0,6.847855e+07,857031999.3478193,True
17147,"Piatt, IL",683323000.0,111660524.11285281,112239400.0,16271865.889939666,3660.0,67220943.0,1.1211793e+08,683323001.3373849,True
17149,"Pike, IL",735204000.0,124572000.0,162100200.0,27599150.945391655,3812.0,35147419.0,1.3513365e+08,735203992.9912739,True
17151,"Pope, IL",82098000.0,20206951.694875035,1133525.7086717896,0.0,589.0,11938830.0,2.2153404e+07,82098000.02838178,True
17153,"Pulaski, IL",201896000.0,24994947.07682639,17489453.38694225,0.0,1149.0,10186811.0,2.7896348e+07,201895999.81632492,True
17155,"Putnam, IL",406885000.0,36909000.0,34029000.0,36767567.80330503,1965.0,23657606.0,2.9534948e+07,406884999.29558825,True
17157,"Randolph, IL",1981879000.0,150910071.76705065,50302178.6850891,0.0,11140.0,91928999.0,8.727921e+07,1981879002.2209213,True
17159,"Richland, IL",753314000.0,73161837.22543624,74796785.9542674,0.0,5799.0,44557741.0,7.131199e+07,753313997.3163757,True
17161,"Rock Island, IL",12297855000.0,906024351.3932474,59658476.7175331,0.0,67505.0,550543658.0,6.2071548e+07,12297854999.518911,True
17163,"St. Clair, IL",15799771000.0,1747399000.0,75518000.0,8147000.0,90959.0,1100573128.0,9.825265e+07,15799771002.338585,True
17165,"Saline, IL",1045160000.0,124535000.0,29352800.0,37913121.88663864,8022.0,63712059.0,5.4475572e+07,1045159999.1233569,True
17167,"Sangamon, IL",14642057000.0,1644557000.0,218019400.0,71360600.0,128055.0,881857731.0,1.7767691e+08,14642057003.136332,True
17169,"Schuyler, IL",312626000.0,36045000.0,77140200.0,12039800.0,1518.0,19719836.0,5.9719428e+07,312625999.1624066,True
17171,"Scott, IL",198341000.0,19400840.92890608,65203891.94106788,0.0,921.0,12173515.0,4.8145336e+07,198341000.50786766,True
17173,"Shelby, IL",1075534000.0,116923106.13614868,151011000.0,42432620.893288136,4879.0,70389079.0,1.6020584e+08,1075533994.710728,True
17175,"Stark, IL",341995000.0,33494000.0,69595000.0,20673084.143115997,1405.0,14787511.0,7.906848e+07,341994997.91643375,True
17177,"Stephenson, IL",2340437000.0,306355114.35432357,116256210.23477024,0.0,17326.0,156806901.0,1.19485304e+08,2340437000.5300765,True
17179,"Tazewell, IL",7441540000.0,869747000.0,135787600.0,36183400.0,46441.0,530461296.0,1.6468317e+08,7441540004.72679,True
17181,"Union, IL",514105000.0,73203291.3527088,19022886.830393314,0.0,5222.0,51955150.0,3.1951234e+07,514104999.7768806,True
17183,"Vermilion, IL",4110638000.0,424911000.0,192900400.0,51032600.0,24379.0,199318419.0,2.0133066e+08,4110638002.9566627,True
17185,"Wabash, IL",437238000.0,52656171.931642175,23608943.802098103,0.0,2877.0,32269602.0,4.785966e+07,437237999.278363,True
17187,"Warren, IL",1090079000.0,68875216.79175612,162924000.0,73491739.40077496,5893.0,41463687.0,1.22783016e+08,1090079004.3384266,True
17189,"Washington, IL",1297999000.0,77596000.0,68698000.0,180806472.3167026,7142.0,47966881.0,1.16593976e+08,1297999002.150692,True
17191,"Wayne, IL",629140000.0,93817000.0,117204600.0,13132815.148054004,4153.0,43775689.0,1.3602939e+08,629140002.7160982,True
17193,"White, IL",702361000.0,60079942.68524543,100582000.0,26704808.336458325,4152.0,36168829.0,1.0030067e+08,702360998.3743594,True
17195,"Whiteside, IL",2837807000.0,342718000.0,135397800.0,3722466.2352142334,20819.0,187400682.0,1.5075397e+08,2837807001.906514,True
17197,"Will, IL",48442097000.0,6918266000.0,54320800.0,4345200.0,272349.0,4252853954.2757006,1.0417872e+08,48442097001.95996,True
17199,"Williamson, IL",3796359000.0,367591439.0222614,9336443.194530949,0.0,28604.0,265262346.0,3.360416e+07,3796359000.355401,True
17201,"Winnebago, IL",18052975000.0,2001755000.0,29481000.0,59099608.86725235,121867.0,1130711701.0,7.370463e+07,18052974999.489056,True
17203,"Woodford, IL",1689762000.0,260121403.32128918,122747823.9872336,0.0,11396.0,159869687.0,1.2012457e+08,1689761999.764202,True
18001,"Adams, IN",2232351000.0,137581742.00049946,209663750.0,44374318.331879616,13315.0,123010821.0,7.603791e+07,2232350996.397124,True
18003,"Allen, IN",27685590000.0,1966356000.0,89902800.0,26864200.0,204663.0,1758973776.0,9.783516e+07,27685590001.61706,True
18005,"Bartholomew, IN",8638621000.0,467921000.0,63340000.0,9179000.0,52041.0,425791352.0,6.461567e+07,8638620998.275455,True
18007,"Benton, IN",681603000.0,32784000.0,95702000.0,27347069.75514114,2086.0,27047043.0,1.07276216e+08,681603000.8502908,True
18009,"Blackford, IN",448983000.0,42315000.0,29852600.0,6309652.578487039,2942.0,31895417.0,3.710456e+07,448983001.52739435,True
18011,"Boone, IN",5988436000.0,592264384.6723369,61748333.333333336,227273709.68384647,43536.0,529539219.0,9.221271e+07,5988435997.637334,True
18013,"Brown, IN",410169000.0,86360214.35126121,3725488.6579756746,0.0,3484.0,92935958.0,1.3538418e+07,410168999.86026067,True
18015,"Carroll, IN",942057000.0,82324777.75132927,141720014.0469047,0.0,5820.0,75488015.0,8.430024e+07,942057005.5293554,True
18017,"Cass, IN",1900506000.0,129032390.64986894,79985400.0,65044775.82753229,15218.0,115366909.0,8.76805e+07,1900505998.663047,True
18019,"Clark, IN",7844767000.0,691210000.0,25561800.0,5627200.0,57028.0,591919452.0,3.0037204e+07,7844767000.331385,True
18021,"Clay, IN",1020177000.0,74892000.0,38244000.0,1542453.8196219206,7738.0,83645362.0,6.049926e+07,1020176999.1085838,True
18023,"Clinton, IN",1966784000.0,156884000.0,98836500.0,20264898.61403203,11964.0,116438625.0,9.885145e+07,1966784001.2234478,True
18025,"Crawford, IN",245105000.0,39178021.191769995,2498703.8479724647,0.0,1814.0,31039776.0,1.56412e+07,245104999.97535086,True
18027,"Daviess, IN",2064694000.0,111629000.0,205372600.0,90146400.0,12604.0,115668297.0,8.767695e+07,2064693998.9660594,True
18029,"Dearborn, IN",2542823000.0,224075000.0,1696400.0,1351693.6082248688,13887.0,244736887.0,1.785624e+07,2542823000.0844736,True
18031,"Decatur, IN",1864599000.0,109985117.80966899,71495572.28937592,0.0,14170.0,107972600.0,7.558347e+07,1864599000.801811,True
18033,"DeKalb, IN",3465409000.0,184944266.99218005,56361720.6093583,0.0,21740.0,167098881.0,6.3072316e+07,3465409000.120427,True
18035,"Delaware, IN",5253562000.0,532025000.0,38057200.0,6459800.0,44237.0,390117780.0,7.527736e+07,5253561999.24983,True
18037,"Dubois, IN",3556804000.0,202606000.0,160833800.0,86501200.0,28351.0,195807663.0,5.4903144e+07,3556804000.41767,True
18039,"Elkhart, IN",20218828000.0,1067782000.0,239439000.0,70298000.0,133676.0,817136807.0,6.341308e+07,20218827996.56217,True
18041,"Fayette, IN",679228000.0,81848000.0,18179600.0,9873842.258062363,5957.0,71063057.0,4.2011824e+07,679228000.1436784,True
18043,"Floyd, IN",3986867000.0,414576613.8114136,1032267.0720857233,0.0,32492.0,403281512.0,6.9936365e+06,3986867000.0313506,True
18045,"Fountain, IN",673842000.0,51683000.0,54563400.0,33122814.706970572,4257.0,55424689.0,8.083697e+07,673841999.7205157,True
18047,"Franklin, IN",737973000.0,85985137.70058174,35806420.08749578,0.0,4893.0,114622230.0,4.3592892e+07,737973000.9208462,True
18049,"Fulton, IN",922665000.0,75253100.11530964,62054526.136086054,0.0,6262.0,72094641.0,8.128335e+07,922665000.0339221,True
18051,"Gibson, IN",4277139000.0,154281000.0,77956200.0,28751222.67774439,20356.0,129987506.0,9.6712376e+07,4277138997.616842,True
18053,"Grant, IN",3125857000.0,222946000.0,59115600.0,13418400.0,28051.0,206580845.0,9.218586e+07,3125857002.333746,True
18055,"Greene, IN",862237000.0,103456000.0,89236200.0,27901782.825917244,6418.0,101740534.0,6.1227884e+07,862237002.2744094,True
18057,"Hamilton, IN",29072360000.0,3719869609.5754294,144167863.29157788,0.0,177508.0,2789036619.0,5.5519e+07,29072360000.174397,True
18059,"Hancock, IN",4703821000.0,413286000.0,50173200.0,3901800.0,27824.0,458809927.0,6.2060844e+07,4703821000.150598,True
18061,"Harrison, IN",1621654000.0,168812000.0,43715200.0,1992559.248570919,10234.0,179443981.0,4.0576364e+07,1621654002.1000032,True
18063,"Hendricks, IN",9834745000.0,937703592.1591377,66058103.36151421,0.0,85878.0,1050429504.0,6.7008492e+07,9834744998.671938,True
18065,"Henry, IN",1960092000.0,171470437.647274,52725105.06259252,0.0,12829.0,157756070.0,8.0084616e+07,1960091997.9977942,True
18067,"Howard, IN",5501728000.0,369542000.0,41073600.0,11640400.0,35309.0,325718634.0,6.2430468e+07,5501728001.235267,True
18069,"Huntington, IN",1999194000.0,148360000.0,61461000.0,21742000.0,13407.0,134739546.0,7.8953576e+07,1999193998.1002603,True
18071,"Jackson, IN",3381689000.0,217031000.0,93708200.0,34283800.0,22359.0,174125648.0,7.094263e+07,3381688996.120256,True
18073,"Jasper, IN",1883209000.0,158835300.55070153,219137836.13333115,0.0,10832.0,144407062.0,1.27112056e+08,1883208993.7741654,True
18075,"Jay, IN",1366762000.0,58352000.0,279360800.0,88876748.13509083,6619.0,58821851.0,8.605415e+07,1366761990.7935905,True
18077,"Jefferson, IN",2047939000.0,129806543.89640346,6026558.550244673,0.0,12163.0,124290191.0,3.5849144e+07,2047939000.2774453,True
18079,"Jennings, IN",934456000.0,99124727.07724498,43645849.864535965,0.0,7780.0,93797982.0,4.8039356e+07,934456000.0239558,True
18081,"Johnson, IN",7857646000.0,911468966.8426673,17876163.763678182,0.0,66910.0,927812151.0,4.767501e+07,7857645999.492854,True
18083,"Knox, IN",2557773000.0,146655000.0,143400600.0,34617400.0,16627.0,120838731.0,1.2309224e+08,2557773003.4237075,True
18085,"Kosciusko, IN",7584988000.0,397836249.54888916,226955676.34468308,0.0,37180.0,356451078.0,9.821915e+07,7584987991.410162,True
18087,"Lagrange, IN",2319006000.0,141690000.0,235763200.0,114970254.0027008,15060.0,174521762.0,5.832009e+07,2319006001.326469,True
18089,"Lake, IN",30231158000.0,2713115864.0545416,37713917.055132136,0.0,191504.0,2426918551.0,5.3629588e+07,30231158000.066765,True
18091,"LaPorte, IN",5714129000.0,543583437.3828905,107209000.0,31251012.486382484,39820.0,486013943.0,1.0575349e+08,5714129003.729558,True
18093,"Lawrence, IN",1753511000.0,179791000.0,23991400.0,7814600.0,12745.0,178565580.0,3.5703596e+07,1753511000.5203755,True
18095,"Madison, IN",5212164000.0,555023167.863653,65154417.481323875,0.0,39528.0,490271699.0411565,9.0286104e+07,5212164002.66895,True
18097,"Marion, IN",128425908000.0,21582181000.0,15252000.0,3739000.0,662636.0,5046256864.62396,9.013915e+06,128425907999.79942,True
18099,"Marshall, IN",2283272000.0,221552000.0,101855000.0,21486000.0,18393.0,184652763.0,8.568305e+07,2283271999.8606944,True
18101,"Martin, IN",1485618000.0,33818000.0,51074333.333333336,19421093.9284966,2923.0,32480729.0,2.5885134e+07,1485617998.4931881,True
18103,"Miami, IN",1222731000.0,110774000.0,105213000.0,7969465.462240219,8510.0,100626345.0,8.197274e+07,1222730998.0421424,True
18105,"Monroe, IN",8903518000.0,967142857.92659,3739882.3616190976,0.0,65975.0,857421179.0,1.8940956e+07,8903517999.950193,True
18107,"Montgomery, IN",2255103000.0,160807918.34426436,75708600.0,81690971.3047843,14890.0,143777174.0,1.1272828e+08,2255102997.8336883,True
18109,"Morgan, IN",2542760000.0,317236000.0,35324600.0,8751523.950302124,15802.0,335454660.0,4.7781748e+07,2542759999.422429,True
18111,"Newton, IN",485143000.0,48351769.451661624,99037146.21570873,0.0,3456.0,51007352.0,8.823916e+07,485143001.2933582,True
18113,"Noble, IN",2503849000.0,201336421.7059419,88691400.0,15098895.078348637,16886.0,180013410.0,6.876316e+07,2503849002.7836723,True
18115,"Ohio, IN",126678000.0,28406533.231715012,879796.6749284276,0.0,1027.0,29532082.000000004,4.779118e+06,126678000.02301148,True
18117,"Orange, IN",909714000.0,75560120.99040471,66638800.0,54144696.60842502,6963.0,67557747.0,3.406527e+07,909714003.9238806,True
18119,"Owen, IN",738832000.0,71886000.0,12661000.0,17373709.985368967,5940.0,79673376.0,3.3124728e+07,738832000.154531,True
18121,"Parke, IN",543525000.0,68691641.5718398,33020700.403604187,0.0,3269.0,52400599.0,6.6375972e+07,543525000.4566709,True
18123,"Perry, IN",987258000.0,103408000.0,28903200.0,605851.3851386309,6555.0,64546347.0,2.3956832e+07,987258001.060374,True
18125,"Pike, IN",750062000.0,45450133.432535075,22865939.886776213,0.0,2605.0,36537632.0,4.0350628e+07,750062000.2778064,True
18127,"Porter, IN",9683671000.0,1008226927.3814018,46136022.30549335,0.0,65198.0,1005594969.6783726,6.255373e+07,9683670999.932295,True
18129,"Posey, IN",6100581000.0,128854692.05872385,69788800.0,2589506.082318306,8278.0,115208030.0,7.908994e+07,6100581000.725567,True
18131,"Pulaski, IN",951859000.0,46062880.56260912,97709038.27033511,0.0,4950.0,38434105.0,9.796333e+07,951859001.7727301,True
18133,"Putnam, IN",1423066000.0,148385000.0,25187200.0,7540800.0,12980.0,155716149.0,7.328366e+07,1423065999.8503048,True
18135,"Randolph, IN",1238878000.0,76554779.68023378,91131000.0,4622782.539412022,6756.0,68447064.0,1.07062376e+08,1238877998.2643592,True
18137,"Ripley, IN",1363841000.0,112098518.27607016,49617573.43971548,0.0,10343.0,125016327.0,5.6397148e+07,1363840998.4638064,True
18139,"Rush, IN",790991000.0,67886937.25058657,87853000.0,15632611.022582293,4803.0,60697210.0,9.815477e+07,790990999.0560066,True
18141,"St. Joseph, IN",18715757000.0,1527727000.0,41643800.0,9811200.0,124747.0,1166320318.0,6.562066e+07,18715756998.788765,True
18143,"Scott, IN",903881000.0,88515457.79977316,5990375.991932328,0.0,7681.0,80406785.0,1.9798342e+07,903881000.161922,True
18145,"Shelby, IN",2844680000.0,259876000.0,57598000.0,30192362.79031086,17693.0,195386299.0,9.091789e+07,2844680000.8322635,True
18147,"Spencer, IN",1157091000.0,66150000.0,61829600.0,6391598.699396133,6578.0,77783808.0,6.4027388e+07,1157091000.3055453,True
18149,"Starke, IN",663870000.0,79890615.26722349,43570400.0,8680033.326126933,4099.0,71429610.0,5.388346e+07,663870001.5808847,True
18151,"Steuben, IN",1931922000.0,184023877.62579882,30796750.0,17940877.831124306,15877.0,164534392.0,4.1835644e+07,1931922000.0623634,True
18153,"Sullivan, IN",1274654000.0,62564381.741055354,38578837.950225234,0.0,5973.0,58398615.0,7.423723e+07,1274653998.5221894,True
18155,"Switzerland, IN",334002000.0,35877000.0,4150000.0,66594110.151812434,1564.0,40518178.0,1.3089739e+07,334002000.12755996,True
18157,"Tippecanoe, IN",13023532000.0,1080928000.0,48378400.0,9403600.0,96546.0,950768964.9682088,9.70156e+07,13023532001.840818,True
18159,"Tipton, IN",753674000.0,67608527.61745574,74975600.0,16910729.26731372,4399.0,60448286.0,6.789581e+07,753673996.5707105,True
18161,"Union, IN",199367000.0,22973383.57685703,16477059.029224416,0.0,1146.0,26340834.0,3.1517742e+07,199366999.5139717,True
18163,"Vanderburgh, IN",14935613000.0,956963476.3776921,28162047.43524984,0.0,109446.0,792889158.948275,2.7941456e+07,14935613000.472883,True
18165,"Vermillion, IN",1183216000.0,52500476.60950807,17902200.0,16921826.688602448,4275.0,46940289.0,4.4765344e+07,1183216000.7513974,True
18167,"Vigo, IN",6232278000.0,616954000.0,30376800.0,7104200.0,44404.0,382434621.0,5.4457156e+07,6232278000.861588,True
18169,"Wabash, IN",1679416000.0,118018000.0,62743000.0,52043439.688924074,11902.0,107477282.0,8.569142e+07,1679416000.533417,True
18171,"Warren, IN",389006000.0,33256610.29111648,83038573.84913462,0.0,2280.0,30412847.0,8.003726e+07,389005997.2927763,True
18173,"Warrick, IN",3183717000.0,301260000.0,25988200.0,5592800.0,17230.0,313258346.0,4.355761e+07,3183716999.152818,True
18175,"Washington, IN",922116000.0,117753000.0,113204400.0,43469603.812080145,5561.0,99259295.0,6.289557e+07,922116002.98808,True
18177,"Wayne, IN",3694456000.0,246554000.0,57401800.0,10146200.0,29039.0,218671843.0,7.207253e+07,3694455998.217527,True
18179,"Wells, IN",1544315000.0,189958000.0,99550500.0,14482528.589601994,11127.0,115538697.0,8.7489016e+07,1544315001.595675,True
18181,"White, IN",1521375000.0,118346000.0,119146800.0,34278200.0,8813.0,92893003.0,1.2404285e+08,1521374998.2815528,True
18183,"Whitley, IN",2269040000.0,172675395.62978187,64874220.1956891,0.0,13433.0,155888453.0,6.594606e+07,2269040001.3910794,True
19001,"Adair, IA",630223000.0,58584000.0,55298800.0,15564109.256419659,2900.0,26737410.0,1.14494936e+08,630222999.8302022,True
19003,"Adams, IA",272083000.0,21700000.0,61003000.0,4912263.162863284,1221.0,12005468.0,7.330083e+07,272083000.99477243,True
19005,"Allamakee, IA",718637000.0,94610000.0,108328800.0,607525.5437512398,4644.0,57204613.0,6.6500136e+07,718637003.3151476,True
19007,"Appanoose, IA",509108000.0,66379000.0,10011800.0,159200.0,4190.0,39664384.0,4.7261268e+07,509108000.33394706,True
19009,"Audubon, IA",449095000.0,44909000.0,145173000.0,14981060.674277306,1662.0,17865619.0,9.969878e+07,449094998.1343513,True
19011,"Benton, IA",1126086000.0,176841609.44372034,177620357.72502497,0.0,5505.0,115573552.0,1.6038174e+08,1126085991.378057,True
19013,"Black Hawk, IA",9978819000.0,870426000.0,118414250.0,35978750.0,75052.0,603096336.0,1.10898824e+08,9978818996.71399,True
19015,"Boone, IA",1360358000.0,191559000.0,98963800.0,15709822.573030233,9561.0,122570428.0,1.21474616e+08,1360357997.387273,True
19017,"Bremer, IA",1523751000.0,147110000.0,86786200.0,74065903.90655494,9443.0,108362609.0,9.019169e+07,1523751000.519648,True
19019,"Buchanan, IA",1069761000.0,124055005.06451686,196036600.0,53328596.87787831,6604.0,79076811.0,1.307204e+08,1069761005.3425508,True
19021,"Buena Vista, IA",1791931000.0,97413000.0,205147800.0,101924222.51775146,11467.0,66432612.0,1.3851912e+08,1791930989.4015431,True
19023,"Butler, IA",758834000.0,78940945.56803083,111154000.0,66227153.277989626,3587.0,50319600.0,1.2379453e+08,758834003.426717,True
19025,"Calhoun, IA",560879000.0,53146000.0,161505200.0,46285502.46890557,2698.0,27567764.0,1.3882022e+08,560878991.0471764,True
19027,"Carroll, IA",1758072000.0,145407000.0,250550200.0,105966205.6856668,10716.0,82396175.0,1.4363115e+08,1758072008.9132204,True
19029,"Cass, IA",950337000.0,72957395.5277839,86529000.0,96058742.74219728,5421.0,46505485.0,1.1633972e+08,950337000.5549158,True
19031,"Cedar, IA",820724000.0,125436876.52515982,127930152.16889654,0.0,5217.0,82082602.0,1.2703897e+08,820724002.3483906,True
19033,"Cerro Gordo, IA",3600198000.0,302070712.2346855,124145333.33333333,14467119.260097504,22381.0,192549979.0,1.27919816e+08,3600197998.8211794,True
19035,"Cherokee, IA",1012803000.0,61372000.0,142459800.0,53968850.48771405,4572.0,41424907.0,1.3061976e+08,1012803003.0546583,True
19037,"Chickasaw, IA",1034188000.0,72502662.5735426,118708400.0,60882213.66516411,4976.0,46215623.0,1.1016146e+08,1034188004.1714351,True
19039,"Clarke, IA",576741000.0,41514227.45225651,32800891.08620861,0.0,4411.0,38037210.0,4.493311e+07,576741000.7727667,True
19041,"Clay, IA",1421139000.0,128075000.0,171541800.0,47174168.787819386,8325.0,68628467.0,1.26547016e+08,1421138997.7257338,True
19043,"Clayton, IA",1133894000.0,112894000.0,169676400.0,23927659.227688313,6129.0,64683796.0,1.0974524e+08,1133893997.2121437,True
19045,"Clinton, IA",2885934000.0,242451000.0,94832200.0,26229800.0,19215.0,177948400.0,1.4348483e+08,2885934002.9138026,True
19047,"Crawford, IA",1076398000.0,85933000.0,164772600.0,71212875.40945196,6697.0,48008503.0,1.6434027e+08,1076397998.8367915,True
19049,"Dallas, IA",10337290000.0,1107595000.0,286519800.0,111985200.0,53926.0,714242277.0,1.11514184e+08,10337290008.051197,True
19051,"Davis, IA",391185000.0,40336420.30583089,19072739.475629102,0.0,2141.0,26472870.0,5.5037936e+07,391184999.8131944,True
19053,"Decatur, IA",268266000.0,34504000.0,14643600.0,18479481.20571983,2070.0,20372017.0,4.8969096e+07,268265999.75235948,True
19055,"Delaware, IA",1199935000.0,124979000.0,192584800.0,26218208.283854485,6550.0,67771065.0,1.2170504e+08,1199935001.038443,True
19057,"Des Moines, IA",2744216000.0,234021609.32754117,69534214.59705873,0.0,19578.0,150305473.0,6.801396e+07,2744216000.413334,True
19059,"Dickinson, IA",1395623000.0,204798718.1511941,113557303.4766373,0.0,10412.0,128149504.0,8.49005e+07,1395623001.8384562,True
19061,"Dubuque, IA",8812746000.0,723208000.0,167176000.0,22730000.0,58941.0,505865761.0,9.431962e+07,8812746002.422935,True
19063,"Emmet, IA",456994000.0,58492000.0,65826399.99999999,2040871.0030050278,3241.0,25540614.0,9.324718e+07,456993999.4691704,True
19065,"Fayette, IA",1007607000.0,101501214.08570217,161240800.0,55943832.31778526,7115.0,64700270.0,1.4685086e+08,1007607001.4668462,True
19067,"Floyd, IA",1108958000.0,80348152.84144855,126289200.0,49136530.503552556,5655.0,51216601.0,1.1144151e+08,1108958002.4384153,True
19069,"Franklin, IA",786325000.0,55440000.0,162196200.0,19435783.562826157,3826.0,27588745.0,1.4251899e+08,786325001.0047002,True
19071,"Fremont, IA",434515000.0,32599000.0,88398800.0,18602585.141079307,2137.0,22748809.0,1.0746247e+08,434515000.86437434,True
19073,"Greene, IA",676419000.0,44006000.0,123127600.0,12969581.230563164,3134.0,31834002.0,1.3604504e+08,676419001.2515148,True
19075,"Grundy, IA",747686000.0,96197000.0,129090400.0,43984148.43045235,4124.0,50933841.0,1.28966104e+08,747685997.0674888,True
19077,"Guthrie, IA",677373000.0,64933969.82461582,112842400.0,55630188.50817454,3087.0,41391085.00000001,1.0372113e+08,677372998.6804473,True
19079,"Hamilton, IA",1050463000.0,79596811.67297946,222591400.0,33801940.75504339,5890.0,50737671.0,1.432647e+08,1050463003.2348669,True
19081,"Hancock, IA",1145494000.0,73870000.0,138513200.0,24694929.943439007,6063.0,35776924.0,1.3938395e+08,1145493996.2035537,True
19083,"Hardin, IA",1120427000.0,94594000.0,183900800.0,27644535.11516857,6424.0,48946088.0,1.3206349e+08,1120426998.7162724,True
19085,"Harrison, IA",701463000.0,121097000.0,87650800.0,53974698.01242328,3669.0,57190226.0,1.4728949e+08,701463000.1139044,True
19087,"Henry, IA",1158447000.0,104426940.64320208,85115000.0,37446345.52883196,8724.0,66565226.0,7.43029e+07,1158447000.7970493,True
19089,"Howard, IA",701693000.0,55978000.0,126607800.0,1213863.6166522503,4105.0,29983010.0,1.0397393e+08,701692997.3363075,True
19091,"Humboldt, IA",588040000.0,50810000.0,110675400.0,9684477.334430814,3646.0,35969844.0,1.1201513e+08,588039997.904275,True
19093,"Ida, IA",751989000.0,42369000.0,86485800.0,50681914.05616844,3615.0,19526363.0,1.10515816e+08,751989000.929296,True
19095,"Iowa, IA",1265744000.0,103464841.79002582,124941750.0,27623505.47381401,9160.0,65951952.0,1.0970772e+08,1265744001.0810275,True
19097,"Jackson, IA",855199000.0,124623313.79512142,87911000.0,13192167.250791311,5826.0,79439070.0,8.8728616e+07,855199000.726338,True
19099,"Jasper, IA",1497722000.0,253851000.0,122067400.0,19463600.0,10068.0,148578620.7640753,1.5077941e+08,1497721997.4053936,True
19101,"Jefferson, IA",925693000.0,102366801.12685585,31979240.357451655,0.0,7562.0,66452748.0,6.770443e+07,925692998.4483024,True
19103,"Johnson, IA",12087484000.0,1292240000.0,87182400.0,24363600.0,88327.0,942285550.0,1.0112889e+08,12087484000.447687,True
19105,"Jones, IA",869854000.0,92220000.0,125293500.0,32111500.0,6134.0,85870694.0,1.10365304e+08,869853996.0243669,True
19107,"Keokuk, IA",442952000.0,55903000.0,131735400.0,4694669.575401366,2238.0,28178852.0,1.0584849e+08,442951998.7651574,True
19109,"Kossuth, IA",1308699000.0,113402000.0,246567200.0,31123699.800099134,6674.0,50217977.0,2.3739462e+08,1308699003.526705,True
19111,"Lee, IA",2222048000.0,181547000.0,38022400.0,13052121.687393188,13626.0,114150571.0,7.234041e+07,2222047997.9589705,True
19113,"Linn, IA",21037374000.0,1957667000.0,92733000.0,59757000.0,130525.0,1107134617.0,1.2252933e+08,21037373998.368515,True
19115,"Louisa, IA",960835000.0,55092000.0,108521800.0,46300628.206114054,3871.0,32662535.0,6.966519e+07,960834997.2164888,True
19117,"Lucas, IA",355541000.0,32784625.294928964,7927982.261441966,0.0,3102.0,25311622.0,4.4709384e+07,355540999.72743577,True
19119,"Lyon, IA",1192080000.0,76684942.24813168,380624750.0,11910503.954787016,4450.0,48881548.0,1.4141552e+08,1192080005.383069,True
19121,"Madison, IA",680315000.0,151693292.24227718,30024000.0,19552540.58385873,3880.0,96694380.0,7.813126e+07,680315000.9156586,True
19123,"Mahaska, IA",1142812000.0,114084458.9134231,128272463.14668645,0.0,8845.0,74041553.0,1.1013489e+08,1142812001.7082055,True
19125,"Marion, IA",2874558000.0,229722835.94355422,39111017.68200718,0.0,19073.0,155949317.0,7.421177e+07,2874557999.084037,True
19127,"Marshall, IA",2278849000.0,208352995.51787367,125406701.67597339,0.0,15779.0,134022503.0,1.2500737e+08,2278848998.928595,True
19129,"Mills, IA",644632000.0,105413063.49988593,61129468.123677686,0.0,3516.0,69242437.0,9.175727e+07,644631998.2160708,True
19131,"Mitchell, IA",1020008000.0,63881463.10348868,114143800.0,90841279.920102,3761.0,40720182.0,1.1138955e+08,1020008001.6571746,True
19133,"Monona, IA",493670000.0,48277000.0,160010333.33333334,33017102.745756745,2419.0,30232922.0,1.4345499e+08,493669994.7366854,True
19135,"Monroe, IA",612272000.0,37715050.69397933,18118501.805253774,0.0,2848.0,23198225.0,3.885001e+07,612271999.3642057,True
19137,"Montgomery, IA",558027000.0,57148000.0,38987600.0,6996343.731682777,3930.0,34164424.0,8.786017e+07,558027001.5678449,True
19139,"Muscatine, IA",3134597000.0,274797967.85339564,66074914.17149617,0.0,21008.0,178887138.0,8.026741e+07,3134596997.43639,True
19141,"O'Brien, IA",1138467000.0,92487000.0,212200800.0,7014894.823453426,6296.0,49711770.0,1.4175443e+08,1138467001.3800108,True
19143,"Osceola, IA",491610000.0,36242000.0,160562400.0,12013721.322328806,2733.0,20317862.0,1.0026229e+08,491610002.15191305,True
19145,"Page, IA",814076000.0,75133000.0,95911000.0,8958744.451372266,6169.0,45129056.0,1.1033512e+08,814076001.5857384,True
19147,"Palo Alto, IA",708572000.0,58438000.0,170741600.0,4041926.904920697,3528.0,25388347.0,1.3881333e+08,708571997.6793195,True
19149,"Plymouth, IA",1977804000.0,162084000.0,298717200.0,94827446.26920629,12334.0,121733914.0,1.989644e+08,1977804007.8557491,True
19151,"Pocahontas, IA",645004000.0,36978000.0,165557000.0,3381477.386601925,2842.0,18321217.0,1.4620675e+08,645003995.2582906,True
19153,"Polk, IA",59553910000.0,4725497000.0,67942250.0,8636750.0,309340.0,2853829176.1855183,6.8160424e+07,59553909997.926605,True
19155,"Pottawattamie, IA",5869049000.0,667501275.4810555,247438000.0,1747233.0891513824,40169.0,425487647.0,2.0749157e+08,5869049008.193922,True
19157,"Poweshiek, IA",1536539000.0,104586000.0,122062600.0,174113247.5671153,9576.0,83001039.0,1.2677766e+08,1536538997.111575,True
19159,"Ringgold, IA",210542000.0,25684198.796890512,65243624.98030116,0.0,1375.0,15994554.000000002,6.5214372e+07,210542001.9618171,True
19161,"Sac, IA",733096000.0,55019000.0,197698000.0,50886942.06544697,2976.0,33272192.0,1.4408803e+08,733096010.7835654,True
19163,"Scott, IA",12675837000.0,1484516000.0,73711200.0,17565800.0,89900.0,927810952.0,8.244141e+07,12675836998.825129,True
19165,"Shelby, IA",1045892000.0,68699909.5719528,150996200.0,68563681.25283885,5366.0,43791621.0,1.4605758e+08,1045892006.8813165,True
19167,"Sioux, IA",3288165000.0,246171000.0,554810800.0,56165200.0,22086.0,154509521.0,1.8592434e+08,3288164999.702759,True
19169,"Story, IA",7307368000.0,785171644.1291944,139901669.0379251,0.0,47997.0,500593645.43991184,1.27093944e+08,7307368001.338881,True
19171,"Tama, IA",879395000.0,90647998.087502,150440755.68194705,0.0,4985.0,57052467.0,1.4820306e+08,879395006.1788195,True
19173,"Taylor, IA",367135000.0,31272000.0,70046000.0,8902358.043844402,1942.0,17266763.0,8.494493e+07,367134997.9030556,True
19175,"Union, IA",930808000.0,58764000.0,27873600.0,4500968.752373338,5571.0,35978073.0,5.9927656e+07,930807999.6452545,True
19177,"Van Buren, IA",293057000.0,39057572.62029963,26434291.135316834,0.0,1765.0,19886291.0,5.741766e+07,293056999.3741627,True
19179,"Wapello, IA",2159211000.0,195525000.0,20999200.0,1306800.0,15175.0,120070247.0,5.7834104e+07,2159210999.6328287,True
19181,"Warren, IA",1790046000.0,425145071.05291224,46880290.73877752,0.0,12335.0,286821835.0,7.0961704e+07,1790045997.6921074,True
19183,"Washington, IA",1637617000.0,151391136.63138103,316130331.1816576,0.0,8019.0,100680219.0,1.040051e+08,1637616989.52181,True
19185,"Wayne, IA",314190000.0,25097427.458497748,21788800.0,2275735.7136391997,2068.0,15997940.0,6.8701624e+07,314189998.7784725,True
19187,"Webster, IA",2698857000.0,199022277.70543078,240077883.61494535,0.0,17395.0,129249365.0,1.5960514e+08,2698856993.8297915,True
19189,"Winnebago, IA",633880000.0,66575000.0,63592600.0,28007611.31873238,3897.0,35868783.0,9.5403784e+07,633879998.2151222,True
19191,"Winneshiek, IA",1313895000.0,158254206.38519892,90277806.99006185,0.0,9885.0,101005243.0,1.16325496e+08,1313895000.2713246,True
19193,"Woodbury, IA",6871689000.0,659614217.056139,244237000.0,7198377.892869949,50646.0,420460172.06588733,1.8308518e+08,6871689004.580785,True
19195,"Worth, IA",493679000.0,38978717.92629198,56912600.0,75488143.71021283,2211.0,24846339.0,9.194211e+07,493678997.930203,True
19197,"Wright, IA",1043027000.0,60936980.07842521,145456200.0,132688000.48822606,6209.0,38843270.0,1.4026571e+08,1043026996.2732644,True
20001,"Allen, KS",706318000.0,62962271.90829823,29217850.682511188,0.0,5623.0,31243353.0,6.7513256e+07,706318001.1613843,True
20003,"Anderson, KS",492657000.0,36135000.0,63055800.0,13602893.66769278,2347.0,27767467.999999996,8.246591e+07,492657001.4605602,True
20005,"Atchison, KS",794336000.0,96325669.51531938,41032000.0,75144584.9386208,5726.0,49624149.0,7.165596e+07,794336002.2435272,True
20007,"Barber, KS",257907000.0,23780783.625515454,13919689.341713374,0.0,1558.0,10504840.0,1.3102209e+08,257906999.7804665,True
20009,"Barton, KS",1593450000.0,197167000.0,110863200.0,78587309.31488943,11401.0,79016469.0,1.8396616e+08,1593450002.9524145,True
20011,"Bourbon, KS",757781000.0,75885000.0,31984200.0,72209796.44935334,5727.0,40977717.0,5.3689124e+07,757780999.540404,True
20013,"Brown, KS",677587000.0,43798793.94799528,41145809.94582055,0.0,4273.0,24199245.0,1.23316984e+08,677587000.5917232,True
20015,"Butler, KS",3977584000.0,537801217.1896679,111361261.96826902,0.0,20149.0,281643133.0,1.2916049e+08,3977583997.2298155,True
20017,"Chase, KS",167150000.0,15022552.951438237,30999800.0,14855467.883449435,760.0,7739177.0,4.559757e+07,167150001.0782098,True
20019,"Chautauqua, KS",112702000.0,17348000.0,13686750.0,15578661.79116869,719.0,5697038.0,3.1055954e+07,112702000.17903948,True
20021,"Cherokee, KS",1064015000.0,101433022.71044599,71808200.0,54483970.656448364,5895.0,52255307.0,7.8299736e+07,1064015003.397904,True
20023,"Cheyenne, KS",179735000.0,18770000.0,68936000.0,13608985.293441713,790.0,8239589.999999999,1.6683648e+08,179735002.10309798,True
20025,"Clark, KS",286778000.0,13485000.0,53364600.0,30573902.740947872,786.0,4485498.0,9.207554e+07,286777997.87866807,True
20027,"Clay, KS",360789000.0,37954762.1576046,59885212.11312231,0.0,3031.0,33575294.0,1.15890824e+08,360788998.1228501,True
20029,"Cloud, KS",560353000.0,57239000.0,53858400.0,58930011.37127221,3095.0,23750841.0,1.2725031e+08,560352998.571539,True
20031,"Coffey, KS",995576000.0,34693011.79176691,42593808.901950814,0.0,3648.0,29171501.0,7.295877e+07,995575999.1814895,True
20033,"Comanche, KS",88713000.0,8698000.0,5540200.0,5247310.809844315,660.0,3755360.0,6.958683e+07,88713000.26465979,True
20035,"Cowley, KS",1700021000.0,191237348.78327408,39210159.79790094,0.0,13490.0,100755171.0,1.083359e+08,1700021000.01944,True
20037,"Crawford, KS",2160051000.0,232500778.30991182,39029561.02128573,0.0,17159.0,133960535.0,7.05809e+07,2160050999.772187,True
20039,"Decatur, KS",213216000.0,16877000.0,66850600.00000001,23016701.21012047,888.0,7069351.0,1.6211093e+08,213216002.65627912,True
20041,"Dickinson, KS",864224000.0,82262000.0,56196000.0,13474558.842540264,6262.0,70054757.0,1.5160966e+08,864223998.3276756,True
20043,"Doniphan, KS",327790000.0,35323926.17157588,40220155.90007322,0.0,2549.0,19323758.0,8.046571e+07,327789999.2424267,True
20045,"Douglas, KS",6630312000.0,1035825881.9022472,28555477.651142593,0.0,51342.0,740931334.0,4.6718296e+07,6630312000.699083,True
20047,"Edwards, KS",221261000.0,13352000.0,85239000.0,17817926.30506566,942.0,5704346.0,1.3225567e+08,221260998.51966023,True
20049,"Elk, KS",112964000.0,13216000.0,5052000.0,4417455.289577067,656.0,4342977.0,3.5115884e+07,112964000.17702326,True
20051,"Ellis, KS",2128881000.0,278723127.611513,33375569.342980143,0.0,15340.0,144440779.0,1.2737912e+08,2128880999.782569,True
20053,"Ellsworth, KS",360755000.0,28430856.81374745,34741752.807585746,0.0,2297.0,16007738.000000002,9.03886e+07,360754999.59142995,True
20055,"Finney, KS",3021591000.0,183785000.0,242029000.0,95400000.0,19852.0,145566425.0,2.7287715e+08,3021590997.4824934,True
20057,"Ford, KS",3274326000.0,192465000.0,77252800.0,24973200.0,16900.0,112384728.0,2.3008219e+08,3274326001.266894,True
20059,"Franklin, KS",1155679000.0,217304598.0501991,42982792.44537797,0.0,10357.0,112127620.0,7.514468e+07,1155678997.811428,True
20061,"Geary, KS",3589404000.0,284134465.27524346,15608266.146815006,0.0,9470.0,164722742.0,3.0950198e+07,3589403999.737568,True
20063,"Gove, KS",317323000.0,15938034.226247419,72484333.33333333,10905043.419272006,1112.0,8210806.000000001,1.7736392e+08,317323001.2148526,True
20065,"Graham, KS",227444000.0,15884000.0,34804600.0,29428833.92437476,857.0,6643811.000000001,1.3404481e+08,227444000.71606326,True
20067,"Grant, KS",493911000.0,59805000.0,76509200.0,37718743.6162346,2556.0,19183666.0,1.2064029e+08,493911001.952744,True
20069,"Gray, KS",863131000.0,32842000.0,278611000.0,130600170.04002166,3047.0,20362685.0,2.0054195e+08,863130991.2572392,True
20071,"Greeley, KS",182229000.0,8411000.0,123076200.0,6615498.145459056,581.0,3704022.9999999995,1.9497325e+08,182229003.0082846,True
20073,"Greenwood, KS",223684000.0,34944000.0,23988600.0,31492041.200487792,1432.0,14002979.0,6.1559372e+07,223684000.35314965,True
20075,"Hamilton, KS",280814000.0,10668000.0,124241600.0,61193330.37175372,1498.0,5471080.0,1.6415006e+08,280814004.99214375,True
20077,"Harper, KS",382690000.0,29175000.0,31559400.0,11713362.923562407,2393.0,11810767.0,1.460062e+08,382690000.80465627,True
20079,"Harvey, KS",1744687000.0,257411850.71759528,56002800.0,108796799.67815661,13712.0,132611007.0,1.1365195e+08,1744686999.865382,True
20081,"Haskell, KS",481468000.0,19382000.0,145387200.0,97909296.02535236,1628.0,12043033.999999998,1.4425445e+08,481467997.0040011,True
20083,"Hodgeman, KS",181418000.0,8329000.0,90997333.33333333,19227740.295755148,634.0,4115778.0,1.3541571e+08,181417996.0730874,True
20085,"Jackson, KS",492116000.0,63490648.368614316,7578408.955460215,0.0,4490.0,53431318.0,7.2657784e+07,492115999.99592566,True
20087,"Jefferson, KS",500278000.0,129709038.07293847,28660552.8739236,0.0,4013.0,78963943.0,6.896123e+07,500278000.2922214,True
20089,"Jewell, KS",182126000.0,16031000.0,73863000.0,35457414.92053655,628.0,5233865.0,1.6368432e+08,182126003.55714083,True
20091,"Johnson, KS",65029083000.0,9831198000.0,24963600.0,1677400.0,379207.0,5004571558.556237,2.8654656e+07,65029083000.60638,True
20093,"Kearny, KS",289446000.0,16344000.0,100865400.0,49437307.833001316,1443.0,13378257.999999998,1.6885125e+08,289445998.04690474,True
20095,"Kingman, KS",407737000.0,35340000.0,30870200.0,21143801.430594623,2730.0,23330837.0,1.28904184e+08,407736999.6516523,True
20097,"Kiowa, KS",148428000.0,9770777.025024386,28627138.62237049,0.0,1015.0,8034950.0,9.970317e+07,148427998.95917672,True
20099,"Labette, KS",1046870000.0,95300954.44056989,83538762.43715602,0.0,8992.0,50130604.0,7.668402e+07,1046870003.8910569,True
20101,"Lane, KS",193779000.0,8798000.0,90560000.0,39827795.725652486,588.0,4659834.0,1.3742654e+08,193778996.31131122,True
20103,"Leavenworth, KS",3745337000.0,549817996.2673364,6670336.949515144,0.0,19895.0,451124330.0,4.7422884e+07,3745337000.208117,True
20105,"Lincoln, KS",193422000.0,14911000.0,36144000.0,17733911.288242728,863.0,6771273.000000001,1.06566376e+08,193421999.23819488,True
20107,"Linn, KS",676138000.0,85733000.0,25090400.0,6189581.747686863,2075.0,39598473.0,6.5410348e+07,676137999.2830265,True
20109,"Logan, KS",217160000.0,16344000.0,49297000.0,19831292.58289188,1427.0,9452306.0,1.7891722e+08,217159999.07223997,True
20111,"Lyon, KS",1998975000.0,218856453.28240395,43659914.632313974,0.0,15683.0,118830229.78950515,8.371891e+07,1998975000.1457248,True
20113,"McPherson, KS",2606853000.0,200207000.0,125809600.0,43133952.76597071,16543.0,130088043.0,1.783448e+08,2606853001.7463503,True
20115,"Marion, KS",534892000.0,54288000.0,67430200.0,13608326.824328423,3647.0,32052138.0,1.5814797e+08,534891999.3794882,True
20117,"Marshall, KS",709339000.0,60819235.34789266,17649363.072611164,0.0,4173.0,28168812.0,1.6975029e+08,709339000.5275791,True
20119,"Meade, KS",278614000.0,23261000.0,93804600.0,7820290.289797425,1523.0,11954662.0,1.431921e+08,278613995.04839385,True
20121,"Miami, KS",1330894000.0,346256000.0,12414333.333333334,16048079.152301073,9234.0,199803367.0,6.033256e+07,1330893999.7865994,True
20123,"Mitchell, KS",669978000.0,34456000.0,132688799.99999999,51221724.64478648,3138.0,17285007.0,1.3993827e+08,669978000.493543,True
20125,"Montgomery, KS",3198281000.0,162086000.0,37928000.0,24130085.329522133,14202.0,85360946.0,6.2962044e+07,3198281001.0883837,True
20127,"Morris, KS",262712000.0,32890825.586758878,46340200.0,15300203.449663132,1695.0,16944385.0,7.351973e+07,262711997.93856707,True
20129,"Morton, KS",201594000.0,12778000.0,62241000.0,28400512.486508608,840.0,5486774.0,1.1398926e+08,201594000.7598494,True
20131,"Nemaha, KS",667949000.0,38530514.42366629,31059178.599182732,0.0,5896.0,39459365.0,1.2908386e+08,667948999.4153869,True
20133,"Neosho, KS",785811000.0,81245593.30608858,26035675.842708882,0.0,6421.0,39446653.0,6.7179656e+07,785811001.3348626,True
20135,"Ness, KS",272296000.0,19904000.0,40728000.0,25756171.25934261,1075.0,6221921.999999999,1.7528467e+08,272296000.0880402,True
20137,"Norton, KS",392801000.0,22543000.0,85801200.0,55686863.42572862,2344.0,11874937.0,1.3809008e+08,392801004.68919224,True
20139,"Osage, KS",415738000.0,73983982.00415619,37255454.76224641,0.0,3860.0,53578820.0,7.901661e+07,415738000.4993454,True
20141,"Osborne, KS",249849000.0,21911000.0,36276400.0,43200219.7027708,1267.0,8421544.0,1.373848e+08,249849001.6358697,True
20143,"Ottawa, KS",181354000.0,42291468.13566192,25599900.03102402,0.0,1273.0,22043917.0,1.1216343e+08,181353999.55511522,True
20145,"Pawnee, KS",354659000.0,30821000.0,69893000.0,16197254.43910116,2683.0,16945625.0,1.7058298e+08,354658999.5246489,True
20147,"Phillips, KS",658149000.0,29170000.0,47093800.0,11335559.264095187,2164.0,12809524.0,1.3167468e+08,658149000.3796567,True
20149,"Pottawatomie, KS",1568942000.0,221519566.7335999,29194800.0,30934328.693127394,12026.0,114120359.0,7.440441e+07,1568942000.2645884,True
20151,"Pratt, KS",742084000.0,47718000.0,71502800.0,51322881.759952545,4456.0,27248254.0,1.503929e+08,742083997.327507,True
20153,"Rawlins, KS",167115000.0,20435120.65916455,48335909.196313985,0.0,988.0,7991056.0,1.8548598e+08,167114999.37295383,True
20155,"Reno, KS",3322173000.0,445948000.0,61589200.0,22446800.0,26872.0,213511088.0,2.2121608e+08,3322173001.960456,True
20157,"Republic, KS",333434000.0,23964000.0,66881800.0,35435698.50701833,1881.0,9909542.0,1.4645005e+08,333433998.2695852,True
20159,"Rice, KS",913296000.0,49886000.0,121265600.0,10164913.548815489,3729.0,24611864.0,1.45979e+08,913296006.2335382,True
20161,"Riley, KS",3658266000.0,615590576.3295538,17057729.151150465,0.0,27758.0,323708284.7243215,5.6922348e+07,3658265999.900684,True
20163,"Rooks, KS",273962000.0,24384000.0,21568200.0,24294033.766646743,1701.0,12538481.0,1.3235403e+08,273962000.58626825,True
20165,"Rush, KS",211896000.0,17564000.0,32710400.0,23760127.13648075,962.0,7169566.0,1.4095112e+08,211895998.5921745,True
20167,"Russell, KS",394379000.0,53777000.0,27890800.0,23122083.156270266,2485.0,20600406.0,1.0686272e+08,394378999.65142053,True
20169,"Saline, KS",3726597000.0,398184000.0,25657666.666666668,2163333.3333334923,28888.0,230230819.0,1.103661e+08,3726597000.043125,True
20171,"Scott, KS",489076000.0,23467000.0,146779800.0,79666960.18517113,2052.0,21507210.0,1.7209722e+08,489075996.04206264,True
20173,"Sedgwick, KS",39989789000.0,6048659082.89732,65588983.691412576,0.0,261004.0,2351658968.0,1.5794378e+08,39989789002.00497,True
20175,"Seward, KS",1671650000.0,142779020.93810055,96063813.60974568,0.0,10899.0,63304124.0,1.0078172e+08,1671650003.2430694,True
20177,"Shawnee, KS",14034476000.0,1782607874.7006884,16974066.612005834,0.0,103349.0,766758874.0,5.180825e+07,14034476000.537056,True
20179,"Sheridan, KS",236726000.0,14183000.0,64347600.0,55052092.51617101,1036.0,8446702.0,1.7123045e+08,236725998.5305816,True
20181,"Sherman, KS",427697000.0,32690000.0,88534000.0,19050629.87972635,2299.0,20299908.0,2.2935627e+08,427697002.1577401,True
20183,"Smith, KS",260901000.0,19449000.0,72658600.0,27880710.239188313,1339.0,8288523.999999999,1.614022e+08,260900996.546344,True
20185,"Stafford, KS",262095000.0,17918000.0,85024000.0,39265999.15076271,1186.0,9059607.0,1.5632035e+08,262094995.73876214,True
20187,"Stanton, KS",247078000.0,8488000.0,105139400.0,19842383.84990543,945.0,3651484.0000000005,1.5008683e+08,247078000.4323545,True
20189,"Stevens, KS",453966000.0,25210000.0,110165000.0,20540514.79561323,1999.0,15047495.0,1.4410294e+08,453966003.30880046,True
20191,"Sumner, KS",933700000.0,140371610.4338683,92992800.0,59349053.32860434,5367.0,72315321.0,2.537522e+08,933700001.9876754,True
20193,"Thomas, KS",910354000.0,54560000.0,114658000.0,57330950.78252554,3904.0,28193531.000000004,2.5839046e+08,910353998.9565195,True
20195,"Trego, KS",222275000.0,15207000.0,44489200.0,38309503.518392295,1056.0,9135743.0,1.3684363e+08,222274997.73947123,True
20197,"Wabaunsee, KS",186502000.0,44453391.981714405,13864137.880361155,0.0,1505.0,25306894.0,6.1474264e+07,186502000.37000605,True
20199,"Wallace, KS",117085000.0,9790000.0,51401800.0,5833973.390080154,505.0,3740478.0000000005,1.4582666e+08,117085002.73727119,True
20201,"Washington, KS",282775000.0,28668000.0,53710600.0,21161215.34994477,1797.0,14343144.999999998,1.565654e+08,282774999.8257922,True
20203,"Wichita, KS",321362000.0,19508000.0,142443800.0,67684331.31807667,770.0,5330850.0,1.6858997e+08,321361999.68645823,True
20205,"Wilson, KS",409853000.0,49544000.0,38432400.0,1904487.5390057564,3338.0,21661276.0,7.259567e+07,409853001.0877586,True
20207,"Woodson, KS",109564000.0,16613000.0,10498800.0,9346803.096079543,655.0,6281658.0,4.8922424e+07,109564000.14481375,True
20209,"Wyandotte, KS",14866845000.0,1259479121.393599,421000.0,361785867.09568405,93846.0,648846562.8830655,5.370766e+06,14866844999.997665,True
21001,"Adair, KY",541651000.0,96332434.9340277,27558191.799389336,0.0,4855.0,56961002.0,3.8441228e+07,541651000.4718603,True
21003,"Allen, KY",590439000.0,92108870.15402219,19111150.780850515,0.0,5263.0,75959916.0,3.3456546e+07,590438999.6429857,True
21005,"Anderson, KY",766592000.0,152887868.15351397,1181736.7684427781,0.0,4941.0,109893033.0,1.1992006e+07,766592000.0269456,True
21007,"Ballard, KY",344054000.0,34195136.29240697,49520400.0,29524774.533053517,2184.0,24231695.0,4.0399624e+07,344053997.8656865,True
21009,"Barren, KY",1780891000.0,225879106.113165,55244344.63926892,0.0,15309.0,167509988.0,6.7022132e+07,1780891000.131207,True
21011,"Bath, KY",254737000.0,41383508.455065474,1263003.7949527141,0.0,2061.0,31422945.0,1.928879e+07,254736999.97563732,True
21013,"Bell, KY",981717000.0,128446797.51665191,1066896.5718464074,0.0,7622.0,53734019.0,1.3401572e+07,981717000.0233039,True
21015,"Boone, KY",16338444000.0,1284581537.169001,6821165.682177625,0.0,107951.0,762822545.0,1.2653408e+07,16338443999.834694,True
21017,"Bourbon, KY",1194886000.0,129688023.09319213,351118200.0,27855480.990225315,7355.0,91900807.0,2.6674596e+07,1194886000.0,True
21019,"Boyd, KY",3810510000.0,225872285.7826286,804553.9683310302,0.0,24266.0,161209609.0,5.8961725e+06,3810509999.997034,True
21021,"Boyle, KY",1674130000.0,218966000.0,4950000.0,147396106.1461451,14969.0,123536742.0,2.2764518e+07,1674130000.0679514,True
21023,"Bracken, KY",217537000.0,29898268.080331687,2381968.2874053624,0.0,1381.0,24837690.0,1.1914276e+07,217536999.98203793,True
21025,"Breathitt, KY",284607000.0,34699000.0,633000.0,2262422.89867723,2764.0,24147315.0,1.9093436e+07,284606999.9996115,True
21027,"Breckinridge, KY",515380000.0,114306297.09103249,33488317.909184523,0.0,3536.0,61463919.0,5.4576116e+07,515379998.83270746,True
21029,"Bullitt, KY",3590036000.0,562139052.5570557,1966667.384224165,0.0,30802.0,410231313.31679094,1.4246736e+07,3590036000.00155,True
21031,"Butler, KY",395081000.0,64330157.134774156,32662642.90062925,0.0,2798.0,28143783.0,4.1186972e+07,395080998.8755034,True
21033,"Caldwell, KY",540406000.0,80350000.0,14792400.0,1302574.8621189594,4936.0,35761140.0,4.6219744e+07,540406000.3875546,True
21035,"Calloway, KY",1848454000.0,208330218.9053696,60772405.79467615,0.0,15172.0,148583682.0,5.1534344e+07,1848453998.3858001,True
21037,"Campbell, KY",4796592000.0,809765744.4383482,2399373.6446874714,0.0,33174.0,491515871.0,6.699861e+06,4796591999.980415,True
21039,"Carlisle, KY",268785000.0,122752000.0,52682400.0,18192531.70549977,997.0,11905967.0,3.1281836e+07,268785001.07231146,True
21041,"Carroll, KY",2429657000.0,47857447.75299347,425666.6666666667,39908893.03613043,7370.0,33913217.0,9.092899e+06,2429656999.980982,True
21043,"Carter, KY",651323000.0,102815459.06194343,1761734.546743104,0.0,6014.0,75763996.0,1.9229004e+07,651323000.0053682,True
21045,"Casey, KY",467867000.0,67929017.68484099,5488200.0,14519666.20940286,3825.0,48136531.0,4.0100424e+07,467867000.1122691,True
21047,"Christian, KY",7704263000.0,378529936.5839349,139786666.66666666,77644729.33208561,27699.0,268237619.91286427,1.02984216e+08,7704263000.55474,True
21049,"Clark, KY",1920640000.0,231454000.0,5132750.0,2859250.0,13487.0,172603204.0,1.8518292e+07,1920640000.2123451,True
21051,"Clay, KY",440554000.0,72505000.0,1668200.0,2380648.104328811,3637.0,41220044.0,1.8949358e+07,440554000.0395468,True
21053,"Clinton, KY",421532000.0,34866417.61973199,23313250.0,4373068.351280689,3349.0,24707385.0,1.726773e+07,421532001.02048963,True
21055,"Crittenden, KY",248640000.0,36495821.972088,29107200.938822705,0.0,1961.0,23864150.0,3.8414576e+07,248639998.61332715,True
21057,"Cumberland, KY",235263000.0,30855038.835588347,5938652.319847593,0.0,2367.0,17886662.0,1.9956038e+07,235262999.90700415,True
21059,"Daviess, KY",5953120000.0,676130000.0,156678666.66666666,1577333.3333330154,46939.0,442056937.0,7.900111e+07,5953119992.529901,True
21061,"Edmonson, KY",237782000.0,46829069.7457382,13503160.097924007,0.0,1844.0,37320114.22315085,2.3457632e+07,237782000.15290448,True
21063,"Elliott, KY",107907000.0,25226000.0,514200.00000000006,3182699.8583376557,855.0,12340616.0,1.1056257e+07,107907000.01217191,True
21065,"Estill, KY",285586000.0,55044806.36230051,580666.6666666666,9764128.232014775,2327.0,39006394.0,1.3393756e+07,285585999.9774765,True
21067,"Fayette, KY",27551880000.0,3211874000.0,436315000.0,1257000.0,208353.0,2070577060.0,1.6878292e+07,27551880000.0,True
21069,"Fleming, KY",410542000.0,53883508.69715249,23073961.204281732,0.0,3223.0,39050929.0,4.0805104e+07,410542000.00662655,True
21071,"Floyd, KY",1352003000.0,170963204.38453,9634098.813683731,0.0,10477.0,93166149.0,1.4289988e+07,1352002999.7366464,True
21073,"Franklin, KY",4272605000.0,357614000.287735,6094415.42434764,0.0,35970.0,257165085.0,1.1771958e+07,4272604999.7927155,True
21075,"Fulton, KY",300213000.0,39096000.0,35409600.0,9695042.14334637,2063.0,13773338.0,3.8964396e+07,300213001.8036695,True
21077,"Gallatin, KY",453441000.0,45960227.86598601,2604765.5033369516,0.0,3186.0,31443397.0,6.3890275e+06,453441000.02707344,True
21079,"Garrard, KY",391488000.0,94503138.79654014,3915666.6666666665,15269198.487411737,2429.0,66967747.0,2.1787618e+07,391487999.9241807,True
21081,"Grant, KY",726860000.0,165886000.0,1646666.6666666667,19594944.28529966,5092.0,97829656.0,1.5575821e+07,726859999.9715054,True
21083,"Graves, KY",1668783000.0,163154934.36780292,226767750.0,65585699.72703719,11600.0,115616460.0,9.078782e+07,1668782993.4872413,True
21085,"Grayson, KY",966592000.0,119409143.66118684,19645000.0,34506069.793179154,7694.0,84616886.0,4.656142e+07,966591999.698396,True
21087,"Green, KY",226248000.0,47498247.42072917,17689871.442942668,0.0,1681.0,31031237.0,3.5009e+07,226248000.71846628,True
21089,"Greenup, KY",1037405000.0,159033795.65839756,2514126.6996203703,0.0,7184.0,116455731.0,1.635226e+07,1037405000.0442739,True
21091,"Hancock, KY",939098000.0,35060000.0,11509000.0,9859970.20084989,3733.0,28828034.0,1.7887612e+07,939097999.7813421,True
21093,"Hardin, KY",7152904000.0,823388630.4605817,11262678.44897641,0.0,42829.0,514431492.7760035,6.7088064e+07,7152904000.037051,True
21095,"Harlan, KY",738416000.0,99174614.80390655,1180608.207512192,0.0,5743.0,55129566.0,1.7236542e+07,738416000.0252843,True
21097,"Harrison, KY",667566000.0,103048546.28321804,4087600.0,5454865.954952121,4899.0,73023278.0,2.8571434e+07,667565999.9217608,True
21099,"Hart, KY",801432000.0,74158000.0,33717000.0,29848977.047604203,5154.0,55061766.0,4.3054264e+07,801431999.6497339,True
21101,"Henderson, KY",2699620000.0,243425509.1405129,71868800.0,38567210.36914587,18213.0,172498587.0,8.817918e+07,2699619998.3333244,True
21103,"Henry, KY",433512000.0,97898894.215648,4557732.002990478,0.0,2744.0,65259978.0,2.7865482e+07,433511999.9437756,True
21105,"Hickman, KY",261064000.0,20292000.0,115452800.0,34107592.06566304,885.0,9789887.0,4.7262284e+07,261064002.23645976,True
21107,"Hopkins, KY",2565600000.0,219474000.0,102820000.0,13130371.113516808,16599.0,145995313.0,5.513721e+07,2565600002.2317533,True
21109,"Jackson, KY",203045000.0,36878644.22912161,574460.0373130674,0.0,2098.0,31985043.0,1.6543875e+07,203044999.9909122,True
21111,"Jefferson, KY",76184324000.0,8693101000.0,6102800.0,2663200.0,503996.0,4540739648.912503,8.0641755e+06,76184324000.02968,True
21113,"Jessamine, KY",2844144000.0,428452750.4020946,198894000.0,10255040.06957531,19582.0,303614417.0,1.2197782e+07,2844144000.0,True
21115,"Johnson, KY",585157000.0,97925230.65317465,1106708.7659448534,0.0,4685.0,67168758.0,9.468283e+06,585156999.9621035,True
21117,"Kenton, KY",11697979000.0,1492477000.0,869250.0,189750.0,69403.0,861828211.0,6.4055565e+06,11697979000.001556,True
21119,"Knott, KY",265238000.0,32700166.88351252,291124.2193487981,0.0,2129.0,29825977.0,1.2578754e+07,265237999.99448517,True
21121,"Knox, KY",815871000.0,104045519.63431275,2249932.5601102337,0.0,8810.0,76402709.0,1.5998998e+07,815871000.0591906,True
21123,"Larue, KY",294934000.0,61713779.69576915,12474670.81741663,0.0,2612.0,59780099.0,3.7458604e+07,294933999.496559,True
21125,"Laurel, KY",2834803000.0,341879778.7488024,4406296.333023101,0.0,28658.0,202426864.0,2.5440262e+07,2834803000.0570006,True
21127,"Lawrence, KY",530255000.0,77719000.0,895400.0,27925695.603369772,3850.0,37976410.0,1.6330264e+07,530254999.9780463,True
21129,"Lee, KY",159422000.0,16777520.526875168,700165.0135245284,0.0,1658.0,13100739.0,8.390715e+06,159422000.01727575,True
21131,"Leslie, KY",199598000.0,25481000.0,396000.0,1571891.0439834297,1492.0,18268601.0,1.5110803e+07,199598000.00255924,True
21133,"Letcher, KY",547562000.0,59287218.55161963,343600.0,1391700.8980398178,4399.0,42012694.0,1.2169971e+07,547561999.9921696,True
21135,"Lewis, KY",244162000.0,46222812.02569342,5250890.958680779,0.0,1960.0,28189583.0,2.9803556e+07,244161999.98830032,True
21137,"Lincoln, KY",565038000.0,160854227.75730842,19794554.458297484,0.0,4062.0,75129133.0,3.9140024e+07,565037999.6384772,True
21139,"Livingston, KY",444027000.0,39009000.0,10671600.0,21481220.356312156,2977.0,25723708.0,3.528496e+07,444027000.4928872,True
21141,"Logan, KY",1390451000.0,111338000.0,75314200.0,53145558.26120615,8835.0,92352971.0,8.935603e+07,1390451002.0890298,True
21143,"Lyon, KY",313199000.0,49826364.555993795,4360256.735531051,0.0,2324.0,34612850.31364696,1.7847784e+07,313198999.94819903,True
21145,"McCracken, KY",6732319000.0,388337475.5788447,12014666.666666666,470555480.244648,39473.0,275187535.0,2.5871604e+07,6732318999.953175,True
21147,"McCreary, KY",329267000.0,53164677.72582301,1323508.0479747695,0.0,2342.0,28702339.0,1.7049228e+07,329267000.03851116,True
21149,"McLean, KY",308679000.0,35558000.0,99234000.0,24020274.182871997,1770.0,27252838.0,5.141898e+07,308678998.1153223,True
21151,"Madison, KY",4119785000.0,531660698.5847393,5382430.453770881,0.0,35314.0,433092027.0,3.031325e+07,4119784999.960205,True
21153,"Magoffin, KY",199735000.0,44886380.17457012,729323.4265794385,0.0,1875.0,25686631.0,1.2725837e+07,199734999.9755983,True
21155,"Marion, KY",1228648000.0,94267345.50648914,20556289.06230774,0.0,9028.0,65684768.0,4.2113588e+07,1228647999.4928174,True
21157,"Marshall, KY",1771409000.0,179418659.1537318,22984032.988269977,0.0,11371.0,128574114.0,2.6776198e+07,1771409000.0135891,True
21159,"Martin, KY",261055000.0,37590774.19175565,348677.26291310915,0.0,1557.0,19019546.0,8.290943e+06,261054999.99967146,True
21161,"Mason, KY",1537965000.0,90061097.4074327,11082202.30907174,0.0,7561.0,64049170.0,2.843005e+07,1537964999.9718304,True
21163,"Meade, KY",819728000.0,155480877.97287276,5953706.436000776,0.0,5894.0,118004399.0,3.1691422e+07,819727999.9310184,True
21165,"Menifee, KY",111121000.0,22578216.916183714,829223.2105407949,0.0,886.0,15585422.0,9.020932e+06,111120999.97522411,True
21167,"Mercer, KY",1092746000.0,133276937.56906703,8358799.999999999,6015239.872750759,6702.0,94444019.0,2.8730044e+07,1092745999.9534037,True
21169,"Metcalfe, KY",235951000.0,37131959.44095534,8317067.189785409,0.0,1924.0,24953044.0,2.730594e+07,235950999.7358649,True
21171,"Monroe, KY",406693000.0,45212646.30307432,67513343.56137955,0.0,3020.0,32057247.000000004,2.972722e+07,406693001.3307197,True
21173,"Montgomery, KY",1338324000.0,138980202.65664378,1708000.0,12240002.912390232,10428.0,98485523.0,1.3048309e+07,1338323999.95935,True
21175,"Morgan, KY",349674000.0,49807878.18151525,1798254.8449515873,0.0,3098.0,33287126.0,1.8370404e+07,349674000.07035744,True
21177,"Muhlenberg, KY",1484533000.0,119540571.93409377,58760600.0,15036278.617253542,7492.0,84710020.0,3.7809644e+07,1484532997.101208,True
21179,"Nelson, KY",2264478000.0,311024243.4263174,8150023.451515499,0.0,18213.0,225116734.0,4.4724212e+07,2264477999.809942,True
21181,"Nicholas, KY",121081000.0,37460060.86309034,5829673.491031426,0.0,779.0,19973684.0,1.4855143e+07,121081000.07204856,True
21183,"Ohio, KY",1064307000.0,86450108.21204439,55461228.90531357,0.0,7171.0,64258032.0,5.845486e+07,1064307000.0333558,True
21185,"Oldham, KY",2675273000.0,515802333.0696669,21665944.013465658,0.0,17264.0,471477096.0,1.0860624e+07,2675273000.101304,True
21187,"Owen, KY",241786000.0,75242739.77681507,2059250.151307366,0.0,1456.0,38534867.0,2.3621152e+07,241786000.05652964,True
21189,"Owsley, KY",65664000.0,9314903.208767675,733227.6751431219,0.0,657.0,6855508.0,8.190091e+06,65663999.980066426,True
21191,"Pendleton, KY",397084000.0,66879061.944822006,1002000.0,40338272.193571925,2343.0,47392501.0,2.0257578e+07,397083999.979326,True
21193,"Perry, KY",1267562000.0,88687000.0,585600.0,73765311.91647124,11440.0,64859470.0,1.1908198e+07,1267561999.997983,True
21195,"Pike, KY",2603768000.0,293240000.0,786600.0,238913665.14409924,19887.0,170231213.0,2.8034406e+07,2603767999.9762163,True
21197,"Powell, KY",315655000.0,57997000.0,1142666.6666666667,4667592.328539789,2742.0,38890094.0,8.830854e+06,315655000.04902846,True
21199,"Pulaski, KY",2924359000.0,351978000.0,13889800.0,2743200.0,25101.0,231424004.0,5.4076536e+07,2924358999.584618,True
21201,"Robertson, KY",37983000.0,7727000.0,921400.0,8378744.21195491,279.0,5318299.0,6.1125195e+06,37982999.96879215,True
21203,"Rockcastle, KY",428924000.0,65875324.92790974,2286355.2105060234,0.0,4085.0,46440938.0,1.8959116e+07,428924000.0551152,True
21205,"Rowan, KY",1010917000.0,103863000.0,1603500.0,6591374.846134067,10474.0,83818037.0,1.4469715e+07,1010917000.0125536,True
21207,"Russell, KY",987932000.0,84717020.13369542,15666666.666666666,19643156.872772574,5793.0,60033011.0,2.2475862e+07,987931999.5729413,True
21209,"Scott, KY",4135278000.0,464120142.60979146,27775629.69029846,0.0,30826.0,331247759.0,1.8448954e+07,4135277999.1049833,True
21211,"Shelby, KY",2245518000.0,347420341.59672,16220755.104898475,0.0,16455.0,268931905.0,4.4591224e+07,2245517999.504085,True
21213,"Simpson, KY",1294475000.0,124097360.78660472,58002565.02541747,0.0,9389.0,88189007.0,4.5614744e+07,1294475000.6171608,True
21215,"Spencer, KY",417724000.0,118830352.5148162,5040974.28646997,0.0,2108.0,111354644.0,1.7278442e+07,417723999.84386843,True
21217,"Taylor, KY",1115739000.0,117758194.42250192,7681833.925018716,0.0,11136.0,90980387.0,3.1909306e+07,1115738999.797346,True
21219,"Todd, KY",560567000.0,61032000.0,101484400.0,5695203.475090504,2531.0,39175532.0,6.2939508e+07,560567002.3745282,True
21221,"Trigg, KY",388615000.0,97234035.10447653,23219386.03304288,0.0,3004.0,62313341.37358602,4.171035e+07,388614999.842482,True
21223,"Trimble, KY",654220000.0,59817000.0,1486333.3333333333,51601.71078157425,1112.0,31793453.0,1.0303398e+07,654219999.9250541,True
21225,"Union, KY",1244573000.0,62498000.0,61245800.0,41449513.26304293,4860.0,35534109.0,7.013718e+07,1244572997.1568902,True
21227,"Warren, KY",10302517000.0,1059828106.8270732,63468351.610350914,0.0,68446.0,702166429.0,6.184851e+07,10302516999.571743,True
21229,"Washington, KY",438013000.0,58016000.0,6113000.0,5455436.765781999,3713.0,43192043.0,3.4631004e+07,438013000.3151124,True
21231,"Wayne, KY",542359000.0,80233754.32365133,19857375.698443197,0.0,5478.0,57913837.0,3.1735936e+07,542358999.3767377,True
21233,"Webster, KY",477778000.0,55267000.0,101204800.0,6607699.658262253,2566.0,32915575.0,5.253832e+07,477777998.73586273,True
21235,"Whitley, KY",1468316000.0,142652590.89289606,812400.0,157776191.9881029,13221.0,101087887.0,1.8336608e+07,1468316000.008956,True
21237,"Wolfe, KY",147017000.0,28337960.636934057,469918.23812234955,0.0,1389.0,12339999.0,1.0250386e+07,147016999.99229962,True
21239,"Woodford, KY",1525016000.0,215340411.53679332,263869228.7926648,0.0,10169.0,155763540.0,1.5503052e+07,1525015999.9999998,True
22001,"Acadia, LA",1992321000.0,262396573.87676936,37022015.10801351,0.0,14814.0,183376225.0,8.1054376e+07,1992320999.897966,True
22003,"Allen, LA",984948000.0,91836385.23940167,11052700.791957565,0.0,6847.0,54226013.0,3.1265312e+07,984947999.8173746,True
22005,"Ascension, LA",11870292000.0,1246085216.8050833,1750598.5776853983,0.0,51055.0,710112139.0,1.2406798e+07,11870292000.05394,True
22007,"Assumption, LA",693474000.0,157994000.0,22019400.0,7963138.543671846,3741.0,69403392.0,2.7734102e+07,693474000.057339,True
22009,"Avoyelles, LA",1154839000.0,136151000.0,73460400.0,23499600.0,9710.0,110445654.0,8.699657e+07,1154839003.109706,True
22011,"Beauregard, LA",1921021000.0,175065000.0,30907600.0,10207831.733314037,8738.0,132601044.0,3.2321998e+07,1921020999.3127606,True
22013,"Bienville, LA",853852000.0,74292008.32622293,16019453.366080748,0.0,3432.0,30969865.0,2.197321e+07,853852000.454051,True
22015,"Bossier, LA",7366861000.0,863491000.0,14349600.0,3682400.0,45671.0,644377797.0,2.8435352e+07,7366860999.533977,True
22017,"Caddo, LA",17729368000.0,1872578988.3681185,15047847.224531611,0.0,110681.0,1035679057.5785952,4.104883e+07,17729367999.600887,True
22019,"Calcasieu, LA",19054884000.0,1442340000.0,7434800.0,2123200.0,85678.0,949519231.3608986,3.2134446e+07,19054884000.145187,True
22021,"Caldwell, LA",242836000.0,29284000.0,10743000.0,7669373.927171737,2189.0,29227525.0,2.410456e+07,242835999.8609808,True
22023,"Cameron, LA",958641000.0,58267000.0,2715400.0,19509310.308303833,3873.0,21024272.0,1.2321939e+07,958640999.9310194,True
22025,"Catahoula, LA",219594000.0,29389737.546695516,10901838.910033239,0.0,2263.0,19433512.0,8.6955224e+07,219594000.329696,True
22027,"Claiborne, LA",463109000.0,49804825.13427965,42504006.950870745,0.0,2994.0,27575868.0,2.3335792e+07,463108999.9039492,True
22029,"Concordia, LA",699174000.0,76135183.23591319,40380864.20503731,0.0,5359.0,46989490.0,8.96466e+07,699173999.3826941,True
22031,"De Soto, LA",3366979000.0,106738793.47500287,9438438.400691383,0.0,8222.0,89995817.0,2.5812148e+07,3366978999.7674465,True
22033,"East Baton Rouge, LA",44142846000.0,5285685000.0,1835000.0,604000.0,276235.0,2481434580.413376,5.717747e+06,44142846000.05785,True
22035,"East Carroll, LA",179855000.0,18799517.38344677,33034940.610138316,0.0,1243.0,18630438.0,8.580399e+07,179854999.14387622,True
22037,"East Feliciana, LA",643990000.0,90757000.0,4381800.0,1076876.6324759722,3284.0,76510303.0,1.4048083e+07,643989999.9516654,True
22039,"Evangeline, LA",1132908000.0,116330000.0,39611600.0,7968400.0,8287.0,92127653.0,4.949063e+07,1132908001.469104,True
22041,"Franklin, LA",655478000.0,68660000.0,77600200.0,36250756.17076516,4479.0,50958410.0,1.18183e+08,655477999.9582003,True
22043,"Grant, LA",538426000.0,54610761.53340283,5459887.498587325,0.0,2804.0,56489190.0,2.2898998e+07,538426000.1000069,True
22045,"Iberia, LA",3589282000.0,744885000.0,28530800.0,5098200.0,23708.0,252908579.0,3.771546e+07,3589282001.460806,True
22047,"Iberville, LA",3287641000.0,178384666.03041553,25112600.0,106555509.19329691,13306.0,108650933.0,3.0567482e+07,3287640999.7523193,True
22049,"Jackson, LA",553427000.0,48005000.0,28495800.0,50061018.81744552,3519.0,38954408.0,1.5244139e+07,553426999.6230376,True
22051,"Jefferson, LA",30462167000.0,4020640066.547719,9385832.077656118,0.0,200099.0,2483296460.624315,216775.22,30462166999.999996,True
22053,"Jefferson Davis, LA",1001334000.0,219509000.0,47994000.0,28660041.165103197,7538.0,102533971.0,7.236251e+07,1001334000.5011573,True
22055,"Lafayette, LA",18872008000.0,2758850000.0,10250200.0,376800.0,135780.0,1304820852.0,1.7109042e+07,18872008000.10529,True
22057,"Lafourche, LA",5984149000.0,749011000.0,47903250.0,9935750.0,34277.0,410535223.0,2.3850174e+07,5984149001.9162035,True
22059,"LaSalle, LA",592254000.0,39662000.0,14322600.0,38291309.00849128,4436.0,36193270.0,1.4849718e+07,592254000.3728594,True
22061,"Lincoln, LA",2642265000.0,285503000.0,67926800.0,18254200.0,18570.0,196954588.0,1.2340621e+07,2642264997.399522,True
22063,"Livingston, LA",4123781000.0,1135906937.1720428,13192580.97848407,0.0,31799.0,637643156.0,1.0022275e+07,4123780999.9936056,True
22065,"Madison, LA",496367000.0,34191662.02671067,30271202.887291774,0.0,3177.0,19706508.0,9.653588e+07,496366999.6561755,True
22067,"Morehouse, LA",721107000.0,89565000.0,76251400.0,16492238.353800774,6563.0,75640400.0,1.1702353e+08,721107001.1998748,True
22069,"Natchitoches, LA",2022309000.0,172500000.0,45369600.0,15286588.627002716,14086.0,129636777.0,6.195375e+07,2022308999.9458497,True
22071,"Orleans, LA",29678170000.0,3428651000.0,42151200.0,2204800.0,192799.0,2180718209.761141,102857.484,29678170000.0,True
22073,"Ouachita, LA",8900798000.0,935467177.967168,16504940.768369844,0.0,68646.0,640373230.8726493,2.7607352e+07,8900797999.688871,True
22075,"Plaquemines, LA",3713804000.0,322868000.0,29503400.0,11641711.681255817,11184.0,138304081.0,735735.56,3713804000.0,True
22077,"Pointe Coupee, LA",1047455000.0,149875000.0,45368000.0,5957441.892764807,5347.0,79747129.0,6.5341964e+07,1047454999.9143559,True
22079,"Rapides, LA",7226851000.0,684760000.0,156424400.0,57807600.0,54365.0,516555513.04486907,6.861692e+07,7226851008.809268,True
22081,"Red River, LA",1002715000.0,28096069.676236287,8796069.638631126,0.0,2554.0,19331580.0,1.6816586e+07,1002714999.7360439,True
22083,"Richland, LA",863468000.0,74540000.0,34092200.0,14890771.204251647,6229.0,58897774.0,9.90049e+07,863468000.7330859,True
22085,"Sabine, LA",1345363000.0,101973000.0,114520600.0,23248352.881638527,5730.0,66921493.0,2.5000828e+07,1345363002.5869029,True
22087,"St. Bernard, LA",1698531000.0,284845033.48044604,15064384.61390802,0.0,11646.0,178568548.0,98249.24,1698531000.0,True
22089,"St. Charles, LA",13004581000.0,377241777.4586361,1736566.8518538633,0.0,26102.0,257939937.0,2.3913362e+06,13004580999.896116,True
22091,"St. Helena, LA",252733000.0,62996738.66634956,1087173.144824081,0.0,1872.0,29989970.0,1.138105e+07,252733000.0318105,True
22093,"St. James, LA",3415596000.0,157508000.0,15575800.0,9394469.680663109,7713.0,82110460.0,1.7224212e+07,3415596000.4455066,True
22095,"St. John the Baptist, LA",4179905000.0,266574271.9787271,321904.04310586554,0.0,13847.0,164431622.0,5.787067e+06,4179904999.99712,True
22097,"St. Landry, LA",3149291000.0,414097983.6585242,34354226.71070648,0.0,22929.0,265290764.0,8.6424984e+07,3149290998.553008,True
22099,"St. Martin, LA",1901843000.0,391170852.6290184,21643218.239116218,0.0,13916.0,176198284.0,3.1333022e+07,1901843000.161184,True
22101,"St. Mary, LA",3570315000.0,253303553.119206,41621333.333333336,271674551.57015944,20344.0,154282697.0,3.0538068e+07,3570314999.685736,True
22103,"St. Tammany, LA",16596649000.0,2380961000.0,7920600.0,2500400.0,97233.0,1619701765.4349537,1.5121052e+07,16596648999.770515,True
22105,"Tangipahoa, LA",6128412000.0,906429745.7145969,8068906.724147152,0.0,48446.0,570023196.0,1.797859e+07,6128412000.357804,True
22107,"Tensas, LA",157391000.0,23096000.0,33805250.0,8591071.109916568,762.0,8440071.0,8.983628e+07,157390998.6774359,True
22109,"Terrebonne, LA",6804077000.0,952474000.0,33731600.0,2290400.0,48042.0,477603907.0,7.889616e+06,6804077000.023778,True
22111,"Union, LA",658006000.0,68421214.45925854,64765576.93623221,0.0,4997.0,59846157.0,2.1766552e+07,658006002.2506564,True
22113,"Vermilion, LA",1767194000.0,244085000.0,139005400.0,6759600.0,12565.0,197800802.0,8.5535336e+07,1767193998.3511727,True
22115,"Vernon, LA",2560093000.0,279130000.0,23757400.0,12315824.777326107,11403.0,175925528.0,3.8043384e+07,2560092999.8553143,True
22117,"Washington, LA",1437065000.0,249490121.12316188,2887404.9375918643,0.0,10107.0,152233412.0,1.8721674e+07,1437064999.9296544,True
22119,"Webster, LA",1510164000.0,251096000.0,2579333.3333333335,24104551.980817795,11474.0,109187444.0,1.5546955e+07,1510164000.0495572,True
22121,"West Baton Rouge, LA",2212255000.0,221306670.70347065,13833200.0,95224146.54861641,14037.0,134793964.0,1.5226776e+07,2212255000.169175,True
22123,"West Carroll, LA",240602000.0,34892000.0,26802000.0,1238383.8491715193,1923.0,24055843.0,6.4210908e+07,240601999.39182684,True
22125,"West Feliciana, LA",1114717000.0,76403000.0,642666.6666666666,20515376.829602003,6486.0,62301963.605115674,1.5688309e+07,1114716999.9964218,True
22127,"Winn, LA",692469000.0,70734000.0,32831400.0,56556184.595072985,4764.0,31573133.0,2.489292e+07,692468998.8689809,True
23001,"Androscoggin, ME",6723721000.0,967436000.0,123212600.0,103677400.0,50802.0,555583821.0,2.8084864e+07,6723720998.150241,True
23003,"Aroostook, ME",3434715000.0,434033086.97179264,152372182.9922939,0.0,24240.0,230314364.0,3.1900883e+08,3434715006.291958,True
23005,"Cumberland, ME",32584383000.0,4729915000.0,48168600.0,11797400.0,199197.0,2812506458.0,3.5830884e+07,32584383000.288616,True
23007,"Franklin, ME",1454828000.0,273264082.3460551,20136658.199093744,0.0,10591.0,123613850.0,6.9687416e+07,1454827999.1640112,True
23009,"Hancock, ME",3510996000.0,671438000.0,133903400.0,8715600.0,21140.0,379890848.0,2.5387622e+08,3510996000.9950585,True
23011,"Kennebec, ME",7945879000.0,996325725.137413,27171834.104669143,0.0,65677.0,647914379.0,5.1598256e+07,7945879000.9230995,True
23013,"Knox, ME",2536584000.0,431708000.0,115693800.0,10716200.0,16342.0,294038224.0,5.3052148e+07,2536584004.0925117,True
23015,"Lincoln, ME",1742321000.0,373881193.517592,50002266.838557154,0.0,10443.0,269934129.0,2.7143444e+07,1742321000.1345294,True
23017,"Oxford, ME",2495732000.0,485552000.0,40886000.0,3630000.0,17529.0,252181783.0,8.910868e+07,2495732000.404171,True
23019,"Penobscot, ME",9123205000.0,1216487000.0,49973000.0,2453000.0,73466.0,721139947.0,1.4319685e+08,9123205001.943764,True
23021,"Piscataquis, ME",803060000.0,135213772.0100671,8076000.0,97348087.40744066,5344.0,70841686.0,1.4847168e+08,803060000.0942616,True
23023,"Sagadahoc, ME",2869015000.0,486893510.00095373,12537444.42253394,0.0,15827.0,256076161.0,1.1350059e+07,2869014999.8646197,True
23025,"Somerset, ME",2355166000.0,469894000.0,76494400.0,1683600.0,16253.0,207011687.0,1.6031109e+08,2355166001.493928,True
23027,"Waldo, ME",1943373000.0,340123000.0,14435400.0,189420395.28968978,11338.0,228634586.0,6.1374316e+07,1943372999.8300292,True
23029,"Washington, ME",1443229000.0,227038639.42622995,104634475.8146607,0.0,9559.0,117663000.810728,5.9466336e+08,1443228994.6619272,True
23031,"York, ME",12777611000.0,2689978000.0,36221400.0,3518600.0,68466.0,1785717633.0,4.0839748e+07,12777610999.20798,True
24001,"Allegany, MD",3394483000.0,311187107.45034397,3468500.0,162150279.54093266,25839.0,234169181.0,1.6514439e+07,3394483000.090862,True
24003,"Anne Arundel, MD",65088646000.0,8081594000.0,30443400.0,14738600.0,269612.0,5809767182.916381,1.3589013e+07,65088645999.813286,True
24005,"Baltimore, MD",68903675000.0,13347778000.0,53812000.0,2335000.0,385518.0,6341035258.601493,3.2366422e+07,68903675001.22105,True
24009,"Calvert, MD",6071622000.0,1041554615.3812945,3519105.2238919493,0.0,21372.0,804729529.0,1.0933243e+07,6071621999.878887,True
24011,"Caroline, MD",1489403000.0,221867954.913269,106255871.509268,0.0,8855.0,174856794.0,5.7996024e+07,1489402996.4574177,True
24013,"Carroll, MD",8387687000.0,1566145505.3936255,59954009.970264204,0.0,57897.0,1383037871.0,5.0964724e+07,8387687000.645631,True
24015,"Cecil, MD",7052807000.0,917014865.117773,92382666.66666667,146161846.88849258,32838.0,690056287.0,3.4293748e+07,7052806995.1673565,True
24017,"Charles, MD",8017529000.0,1791369822.5037017,2518370.3917090273,0.0,37882.0,1359588576.5057566,2.2329506e+07,8017529000.028608,True
24019,"Dorchester, MD",1667061000.0,235902280.25575325,75089666.66666667,19264874.43827796,12350.0,177517135.0,6.1885724e+07,1667060998.9628327,True
24021,"Frederick, MD",19146706000.0,2955264145.611978,108165388.00473683,0.0,108637.0,2411466034.0,7.2894744e+07,19146706000.232033,True
24023,"Garrett, MD",1688775000.0,276608000.0,53692500.0,6330292.736106873,11219.0,150450343.0,3.2569766e+07,1688774999.0952358,True
24025,"Harford, MD",17059967000.0,2482394000.0,27130400.0,1488600.0,87506.0,2026784930.0,3.0552982e+07,17059967000.066338,True
24027,"Howard, MD",34854299000.0,4859256865.925216,10048364.883286338,0.0,185575.0,3670572701.0,1.2304813e+07,34854299000.254196,True
24029,"Kent, MD",1221786000.0,210493000.0,66262000.0,601330.8793833256,7744.0,135888672.0,4.865582e+07,1221785998.7159495,True
24031,"Montgomery, MD",112546072000.0,18052694000.0,53728200.0,17293800.0,491378.0,12343832343.0,2.5237298e+07,112546072000.3802,True
24033,"Prince George's, MD",60519177000.0,9955653263.8161,7165720.921449215,0.0,318010.0,7584898212.0,1.4219073e+07,60519177000.17068,True
24035,"Queen Anne's, MD",2657775000.0,374106793.4942682,77416807.08147849,0.0,15068.0,460869060.0,5.9883916e+07,2657774997.6617265,True
24037,"St. Mary's, MD",9835027000.0,1182138067.936886,9873539.888314402,0.0,35732.0,902126988.0,2.5359064e+07,9835026999.66279,True
24039,"Somerset, MD",1058207000.0,136678848.74273875,89709736.14930652,0.0,5954.0,79986710.0,1.9356698e+07,1058206996.3051658,True
24041,"Talbot, MD",2660774000.0,472463907.3111879,49713292.79433266,0.0,17015.0,368849415.0,4.081646e+07,2660773999.055596,True
24043,"Washington, MD",9487472000.0,1247917000.0,114074600.0,13985400.0,66246.0,872146166.4608123,4.255183e+07,9487472004.328547,True
24045,"Wicomico, MD",6683848000.0,767908000.0,118370200.0,4400800.0,43883.0,565393225.0,4.9402024e+07,6683847999.101697,True
24047,"Worcester, MD",3809377000.0,592961571.2015088,92816000.0,400129801.368413,22474.0,446205264.1910536,3.9400096e+07,3809377003.671263,True
24510,"Baltimore (Independent City), MD",61733700000.0,6971621000.0,2613800.0,165200.0,344611.0,2949948696.0,237632.83,61733699999.979355,True
25001,"Barnstable, MA",17874992000.0,5270932782.666134,59980221.84102083,0.0,87424.0,3097916331.0,1.0390498e+07,17874992000.480976,True
25003,"Berkshire, MA",8791818000.0,1041883606.2909077,22158000.0,184039274.933609,55400.0,902092083.0,4.5798456e+07,8791817999.564022,True
25005,"Bristol, MA",34314155000.0,5278934589.023479,378196006.45582664,0.0,230662.0,4624498236.0,2.6410568e+07,34314154999.999996,True
25007,"Dukes, MA",1991664000.0,617408000.0,6004666.666666667,3220459.4470641613,7891.0,381252877.0,3.442434e+06,1991664000.04381,True
25009,"Essex, MA",58245219000.0,9411143650.74274,91704882.99550365,0.0,329644.0,8675742643.0,1.3092878e+07,58245218998.94618,True
25011,"Franklin, MA",3867141000.0,637475453.6878066,43989195.61792171,0.0,25416.0,498911923.0,4.700087e+07,3867140999.324221,True
25013,"Hampden, MA",29216013000.0,3661613000.0,30172000.0,3955000.0,204758.0,2684304082.0,2.4046146e+07,29216012999.155968,True
25015,"Hampshire, MA",9892890000.0,1473778410.0848591,44826436.45259666,0.0,70980.0,1176398943.9589865,3.566767e+07,9892890001.966175,True
25017,"Middlesex, MA",227401796000.0,27232254980.73016,79239337.91837136,0.0,949767.0,21233024730.778107,2.0756006e+07,227401795998.554,True
25019,"Nantucket, MA",1967970000.0,417679819.03152853,3085333.3333333335,181874960.06501508,6570.0,361638916.0,1.3356769e+06,1967969999.8539028,True
25021,"Norfolk, MA",71424840000.0,13137400394.583075,20548824.16790943,0.0,369055.0,9621735797.1271,7.676196e+06,71424840000.25099,True
25023,"Plymouth, MA",34829258000.0,7143792000.0,93075000.0,39399000.0,195609.0,5645934227.0,1.1582551e+08,34829258000.3126,True
25025,"Suffolk, MA",179681431000.0,20917831000.0,8388200.000000001,1810800.0,748596.0,6251296126.700118,184559.95,179681431000.0,True
25027,"Worcester, MA",58368193000.0,8475776000.0,75282600.0,4075400.0,355505.0,6812408763.593394,6.6251436e+07,58368193000.27326,True
26001,"Alcona, MI",262674000.0,95913000.0,10926500.0,3036315.0684931576,1273.0,44854246.0,3.3065038e+07,262674000.21427926,True
26003,"Alger, MI",319901000.0,54309499.61445815,3042437.7530729184,0.0,2254.0,32496853.0,2.642713e+07,319901000.0574433,True
26005,"Allegan, MI",6364986000.0,872207000.0,289428200.0,233364800.0,42851.0,626231449.0,2.6162696e+08,6364986007.261741,True
26007,"Alpena, MI",1444946000.0,162187000.0,24042400.0,13928286.596160173,11363.0,101850717.0,3.7043188e+07,1444946000.7134693,True
26009,"Antrim, MI",816891000.0,262265052.93440583,23349846.30095773,0.0,4614.0,148388066.0,4.623161e+07,816890999.203393,True
26011,"Arenac, MI",584392000.0,106165000.0,23332400.0,16300499.548742414,3742.0,48112559.04733752,5.912333e+07,584391999.5669781,True
26013,"Baraga, MI",364926000.0,51723281.14421741,6519889.574857289,0.0,2752.0,22740773.0,2.7773442e+07,364926000.1545723,True
26015,"Barry, MI",2152216000.0,361429000.0,110286200.0,23555668.380900145,11794.0,335121818.0,6.5291388e+07,2152216002.4685507,True
26017,"Bay, MI",4593287000.0,618838432.5784557,60129666.666666664,176916463.57902527,31089.0,378014278.0,1.2543907e+08,4593286999.537235,True
26019,"Benzie, MI",707968000.0,219079885.75146028,5349879.664544335,0.0,3869.0,104703379.0,3.0567888e+07,707967999.9015414,True
26021,"Berrien, MI",9486170000.0,1223462577.8966231,150000988.23279747,0.0,53306.0,761542046.0,3.14263e+08,9486169996.958647,True
26023,"Branch, MI",1865718000.0,252955000.0,71794400.0,4672361.895719051,14063.0,154044442.0,9.483872e+07,1865717997.385191,True
26025,"Calhoun, MI",8600665000.0,822966577.7264063,38259000.0,71471972.92593098,51778.0,502704907.0,9.705341e+07,8600664999.839819,True
26027,"Cass, MI",1967515000.0,349121000.0,56560600.0,12468350.313137293,10356.0,236316949.0,1.2597129e+08,1967514998.7652612,True
26029,"Charlevoix, MI",1635779000.0,298171000.0,9154600.0,18877763.94987917,10239.0,169063526.0,1.9526952e+07,1635779000.0736716,True
26031,"Cheboygan, MI",867536000.0,171223000.0,3485600.0,6474308.845738888,5273.0,113526879.0,2.360168e+07,867536000.0977278,True
26033,"Chippewa, MI",1537776000.0,201659601.55207536,15355979.660541132,0.0,11286.0,123786135.0,5.5734948e+07,1537776000.0148687,True
26035,"Clare, MI",1455575000.0,141278476.95637706,21357400.0,117747293.82680511,6145.0,86299232.0,3.5963424e+07,1455575001.1082766,True
26037,"Clinton, MI",3042555000.0,756335000.0,85762600.0,48256918.106142044,19511.0,424035269.0,1.0481768e+08,3042554997.3264437,True
26039,"Crawford, MI",550358000.0,83754776.44225934,723600.0,17264917.378561378,3857.0,51161175.0,1.6815014e+07,550358000.0198092,True
26041,"Delta, MI",1545710000.0,156429870.96894693,19490454.14005246,0.0,12720.0,130387769.0,3.3381148e+07,1545709999.9864936,True
26043,"Dickinson, MI",1732908000.0,161470000.0,11652200.0,4714982.177907705,13968.0,94485644.0,1.9993706e+07,1732907999.9070885,True
26045,"Eaton, MI",7106839000.0,769884291.9830333,42502298.27361302,0.0,46164.0,528389204.0,9.07453e+07,7106838998.280033,True
26047,"Emmet, MI",2426408000.0,419057914.54536754,3948512.057355712,0.0,15430.0,218942864.0,1.6662176e+07,2426407999.889142,True
26049,"Genesee, MI",19350284000.0,2676023128.6058908,33515381.915076986,0.0,125696.0,1683646435.634686,5.38619e+07,19350283999.38925,True
26051,"Gladwin, MI",630165000.0,193118630.46033812,18106231.526361823,0.0,3987.0,92883559.0,3.2070206e+07,630164999.8180549,True
26053,"Gogebic, MI",612504000.0,72292014.9194712,9377000.0,3176769.605971813,4991.0,44159206.0,2.9345518e+07,612504000.2333927,True
26055,"Grand Traverse, MI",7134830000.0,1102011000.0,60984000.0,26465000.0,46591.0,675696008.0,7.177334e+07,7134829998.934698,True
26057,"Gratiot, MI",1934123000.0,193411644.8553858,143117600.0,58473627.67121887,12772.0,118144509.83945955,1.23444424e+08,1934122997.7803297,True
26059,"Hillsdale, MI",2157806000.0,275209602.2908984,53729400.0,91060065.45249605,12372.0,168110372.0,9.7537576e+07,2157805998.4698076,True
26061,"Houghton, MI",1485493000.0,204998881.7811102,9647000.0,10928925.06407404,11811.0,125222514.0,3.5622744e+07,1485493000.38681,True
26063,"Huron, MI",2015634000.0,227465000.0,334899600.0,169453285.51613784,11589.0,111565210.0,1.8726149e+08,2015634012.8864794,True
26065,"Ingham, MI",22690407000.0,2435805000.0,62405200.0,8478800.0,166989.0,1375249146.7227201,7.334741e+07,22690406997.80319,True
26067,"Ionia, MI",2247410000.0,394007003.0078499,163126537.05200577,0.0,18430.0,243256839.08273426,1.08734536e+08,2247409999.580259,True
26069,"Iosco, MI",1221911000.0,141757441.44865155,7809800.0,117683184.29851341,5682.0,86591805.0,2.9096208e+07,1221910999.85494,True
26071,"Iron, MI",402731000.0,92602596.51545635,6060077.946970614,0.0,3223.0,32720195.0,3.2300066e+07,402730999.8318491,True
26073,"Isabella, MI",3217562000.0,385484427.6651434,67528045.46994334,0.0,26182.0,241978953.0,9.281149e+07,3217561997.8044615,True
26075,"Jackson, MI",8680497000.0,1062281962.9447998,13790333.333333334,170433614.13315868,59579.0,648889480.8647686,7.252148e+07,8680496999.816368,True
26077,"Kalamazoo, MI",19754749000.0,2276240297.05434,248733333.33333334,2189971.932998657,120525.0,1390429694.0,8.541659e+07,19754749007.52883,True
26079,"Kalkaska, MI",788325000.0,217573474.98477992,5485576.192266369,0.0,4285.0,74638160.0,2.5697616e+07,788325000.0404614,True
26081,"Kent, MI",57709845000.0,7247670000.0,204332800.0,55958200.0,399575.0,3977409681.0,1.1751511e+08,57709844998.14418,True
26083,"Keweenaw, MI",74406000.0,17544223.806854095,703000.0,12459071.947692439,343.0,10716799.0,1.4347263e+07,74406000.01939365,True
26085,"Lake, MI",286585000.0,130321421.88302824,4238398.081178193,0.0,1541.0,37493248.0,2.5107252e+07,286584999.91130793,True
26087,"Lapeer, MI",3143671000.0,693552841.8795474,64350902.91553479,0.0,19773.0,443498648.0,9.110113e+07,3143670999.056337,True
26089,"Leelanau, MI",1045993000.0,329459000.0,15362000.0,17552081.960154653,6706.0,216574612.0,8.357209e+07,1045993000.3489968,True
26091,"Lenawee, MI",4063220000.0,661082564.7422299,88443719.38068202,0.0,24864.0,406814441.0,1.748761e+08,4063219999.6251783,True
26093,"Livingston, MI",9832836000.0,1753841000.0,41978600.0,10812400.0,61513.0,1373279339.0,4.009208e+07,9832836000.975159,True
26095,"Luce, MI",203232000.0,29026502.536418628,5888283.528853891,0.0,1744.0,18449144.0,1.6206757e+07,203232000.0041014,True
26097,"Mackinac, MI",649881000.0,100564000.0,10920000.0,694216.9621890783,3157.0,46982785.0,2.0426918e+07,649880999.887586,True
26099,"Macomb, MI",52346457000.0,7793984000.0,50030800.0,12653200.0,329207.0,4839604026.950414,3.5143268e+07,52346456998.74665,True
26101,"Manistee, MI",1104919000.0,253849624.6827022,10605142.210933814,0.0,6248.0,97491383.0,4.4639492e+07,1104919000.300681,True
26103,"Marquette, MI",3615164000.0,467050232.1069886,10993210.899887273,0.0,24514.0,314747729.0,4.458486e+07,3615164000.007563,True
26105,"Mason, MI",1308890000.0,195919000.0,38655000.0,6085030.851087809,8586.0,136770443.0,6.873372e+07,1308889999.8185532,True
26107,"Mecosta, MI",1642216000.0,257477081.90198988,39470200.0,30803647.693649054,11143.0,157278553.0,6.198709e+07,1642216000.3998334,True
26109,"Menominee, MI",896383000.0,112549107.48377348,45898208.05588168,0.0,7063.0,80868535.0,4.2405984e+07,896383001.3387038,True
26111,"Midland, MI",7526674000.0,631801000.0,19197666.666666668,328092936.38224125,33850.0,372017648.0,4.5978628e+07,7526674000.257135,True
26113,"Missaukee, MI",582174000.0,89172667.62327051,102788600.0,14052182.418718934,3625.0,54470666.0,8.209068e+07,582174002.4724772,True
26115,"Monroe, MI",7872942000.0,1205786420.8551617,72764823.05011441,0.0,38727.0,764501993.0,1.15939416e+08,7872942002.435325,True
26117,"Montcalm, MI",2149199000.0,307692000.0,83867250.0,19847750.0,14213.0,228929309.0,1.06523384e+08,2149198997.3555045,True
26119,"Montmorency, MI",302115000.0,91944631.70737751,7456371.66646126,0.0,1685.0,38237123.0,2.1383618e+07,302115000.0454571,True
26121,"Muskegon, MI",7988272000.0,1337963000.0,40510000.0,3791000.0,56600.0,697097572.0,8.955399e+07,7988271998.626402,True
26123,"Newaygo, MI",2000405000.0,269763000.0,104424400.0,661031.7405669689,10466.0,192699342.0,9.487596e+07,2000405001.5166063,True
26125,"Oakland, MI",138029721000.0,21859068000.0,27033400.0,20239600.0,726660.0,9673069771.555923,1.6550713e+07,138029721000.0671,True
26127,"Oceana, MI",851685000.0,175437000.0,58711400.0,36037273.36937475,5895.0,99056722.0,1.4001774e+08,851685001.5413065,True
26129,"Ogemaw, MI",738172000.0,121485927.78637958,48316400.0,2221265.5989317894,5606.0,74209055.0,3.97693e+07,738172002.3544948,True
26131,"Ontonagon, MI",165601000.0,52685000.0,3032400.0,988107.8431372643,1117.0,17319586.0,5.0712588e+07,165600999.96362033,True
26133,"Osceola, MI",1020756000.0,119285673.91907223,28135631.063740708,0.0,7150.0,71948502.0,5.8920896e+07,1020755999.4595312,True
26135,"Oscoda, MI",271589000.0,67754000.0,9200600.0,13842780.305224806,1700.0,26312177.0,2.1853366e+07,271588999.5859743,True
26137,"Otsego, MI",1483703000.0,178999000.0,9635400.0,122939008.74360728,8813.0,120051724.0,2.2884648e+07,1483702999.6103098,True
26139,"Ottawa, MI",20083332000.0,3160864000.0,423444666.6666667,105619333.33333206,122407.0,1747477942.0,1.5998624e+08,20083331993.324062,True
26141,"Presque Isle, MI",486499000.0,86176736.76978038,19328641.77263635,0.0,2441.0,50609485.0,3.3468096e+07,486498999.7992201,True
26143,"Roscommon, MI",825884000.0,255080041.76515013,1105354.1175415358,0.0,5588.0,98581895.0,1.2286483e+07,825883999.9888788,True
26145,"Saginaw, MI",10833098000.0,1154761709.5069337,97985953.32465607,0.0,77780.0,692496160.0,1.7741718e+08,10833097998.811457,True
26147,"St. Clair, MI",7261048000.0,1242594076.387528,51266209.70362377,0.0,41623.0,805079772.0,8.583286e+07,7261048000.016163,True
26149,"St. Joseph, MI",2838339000.0,370204360.28661627,139325200.0,72375897.6710248,19267.0,226137432.0,9.729532e+07,2838338995.139091,True
26151,"Sanilac, MI",1650646000.0,257336306.3874357,241648800.0,34579289.216430426,11000.0,157192561.0,2.030569e+08,1650645992.282804,True
26153,"Schoolcraft, MI",345043000.0,47601000.0,8408400.0,2729898.5495568514,2347.0,30744112.0,1.6677054e+07,345042999.7473207,True
26155,"Shiawassee, MI",2316993000.0,432743747.321243,40630384.91934801,0.0,14880.0,264507247.0,9.592465e+07,2316993000.9471283,True
26157,"Tuscola, MI",1776848000.0,280592703.95125896,123555800.0,51144942.7524569,10757.0,171398612.0,1.725048e+08,1776847999.8118458,True
26159,"Van Buren, MI",3345315000.0,529264334.0607431,132625000.0,41008314.036839485,19397.0,323298400.0,4.073938e+08,3345314997.9932413,True
26161,"Washtenaw, MI",32849703000.0,4261697000.0,29381400.0,8293600.0,186868.0,2885767093.948848,7.032778e+07,32849703000.336666,True
26163,"Wayne, MI",125070170000.0,12988759700.000349,24315400.0,850316554.7588654,669243.0,7934117148.563897,8.836218e+06,125070169999.51411,True
26165,"Wexford, MI",1683076000.0,208510400.21643174,18414400.0,24011545.526852608,12506.0,127367507.0,4.9007804e+07,1683075999.5410068,True
27001,"Aitkin, MN",620658000.0,118420491.11121903,5129800.0,90742663.16564459,4487.0,89081838.0,3.896129e+07,620657999.7425039,True
27003,"Anoka, MN",19708571000.0,3236291322.801499,79541269.72841263,0.0,136618.0,2460447071.0,1.3126176e+07,19708570998.006607,True
27005,"Becker, MN",1932549000.0,277187033.365715,99385400.0,1698947.324299097,13787.0,208514001.0,1.3733693e+08,1932549001.849744,True
27007,"Beltrami, MN",2399821000.0,277725000.0,17072800.0,208200.0,21323.0,219065301.0,6.992547e+07,2399821000.7118716,True
27009,"Benton, MN",2347370000.0,325048000.0,84220200.0,22280157.87909031,17991.0,215142179.0,6.3274652e+07,2347370002.374952,True
27011,"Big Stone, MN",315786000.0,43958000.0,56736400.0,8220207.002698898,1850.0,17156528.0,9.92579e+07,315786001.0326863,True
27013,"Blue Earth, MN",5227161000.0,556585801.0043371,176271694.11738497,0.0,37905.0,375972533.0,1.6406582e+08,5227160993.123576,True
27015,"Brown, MN",1874601000.0,154148221.10977852,193378800.0,35291738.22480917,13020.0,115958030.0,1.430387e+08,1874601005.0073686,True
27017,"Carlton, MN",1792864000.0,210816863.121421,7593078.8550898945,0.0,12806.0,176199767.0,1.8269242e+07,1792864000.2552476,True
27019,"Carver, MN",7202484000.0,1253940182.7972562,52292333.333333336,54529576.82597256,38239.0,943276752.0,5.4776764e+07,7202483999.93078,True
27021,"Cass, MN",1287189000.0,239424303.57306397,11141400.0,95702634.3658557,10189.0,180106980.0,6.394175e+07,1287189000.312959,True
27023,"Chippewa, MN",787802000.0,99391000.0,77928400.0,5658879.732363343,5048.0,46838347.0,1.3346683e+08,787801999.1498411,True
27025,"Chisago, MN",2130286000.0,469829265.6529145,19640264.578601208,0.0,13785.0,375407251.0,3.625627e+07,2130285998.975175,True
27027,"Clay, MN",2823407000.0,461623457.8303545,135945750.0,38111156.602366924,20662.0,347256338.0,2.2372622e+08,2823406997.5514946,True
27029,"Clearwater, MN",372748000.0,51104000.0,25010800.0,4450506.96414572,2862.0,31135513.0,6.698299e+07,372747999.5660379,True
27031,"Cook, MN",370753000.0,88732000.0,1681333.3333333333,270519.3423471451,2521.0,40530545.0,4.233018e+07,370753000.0675006,True
27033,"Cottonwood, MN",828192000.0,53574697.69423269,167645400.0,39116346.97986698,6163.0,40301577.0,1.5460189e+08,828191991.5453153,True
27035,"Crow Wing, MN",3832942000.0,645609000.0,7997800.0,2647200.0,29423.0,427694166.0,3.6375932e+07,3832941999.89258,True
27037,"Dakota, MN",35511322000.0,5048693000.0,114721200.0,88631800.0,180369.0,3405899231.0,7.615112e+07,35511321998.17442,True
27039,"Dodge, MN",1066799000.0,153144044.73944002,58225991.16908453,0.0,5620.0,117786633.0,1.0249177e+08,1066798999.5251007,True
27041,"Douglas, MN",2763137000.0,388496000.0,56322500.0,1921500.0,19394.0,261839699.0,1.0122998e+08,2763136998.3180866,True
27043,"Faribault, MN",727963000.0,62413820.64713396,141851500.0,45253514.406645894,4396.0,46950809.0,1.8156208e+08,727962997.7103198,True
27045,"Fillmore, MN",914184000.0,141726000.0,94987400.0,26015638.01401496,6465.0,94336075.0,1.5080181e+08,914183996.7374061,True
27047,"Freeborn, MN",1710994000.0,181756403.40820584,109959693.25137353,0.0,11051.0,125287508.0,1.6239837e+08,1710993999.521105,True
27049,"Goodhue, MN",3888544000.0,377491810.8803218,122149193.84820186,0.0,19843.0,284049206.0,1.3683256e+08,3888543997.9341946,True
27051,"Grant, MN",367183000.0,47089000.0,69440200.0,23991064.91921246,1932.0,24329680.0,1.2533954e+08,367183001.35257995,True
27053,"Hennepin, MN",184181861000.0,21346146000.0,33491199.999999996,29313800.0,969903.0,10789340941.05038,1.8308108e+07,184181861001.42032,True
27055,"Houston, MN",752769000.0,129041638.18567403,47800200.0,8015592.227287769,5470.0,97071598.0,5.2284896e+07,752768998.266199,True
27057,"Hubbard, MN",974480000.0,189511000.0,30263600.0,23363492.202862024,5633.0,123595121.0,4.6598144e+07,974479999.4049265,True
27059,"Isanti, MN",1488584000.0,280420284.7270122,9465309.964781718,0.0,11802.0,248225815.0,4.1325012e+07,1488583999.7432184,True
27061,"Itasca, MN",2789130000.0,325652441.0633122,13671401.050973935,0.0,16336.0,220581420.0,5.5544316e+07,2789130000.340576,True
27063,"Jackson, MN",801894000.0,59039000.0,156449000.0,30686175.796499968,4214.0,36860162.0,1.7201174e+08,801894003.8863546,True
27065,"Kanabec, MN",515297000.0,105786148.15847413,8106500.0,2241023.256020844,4304.0,79577651.0,3.3295896e+07,515296999.8687553,True
27067,"Kandiyohi, MN",3010112000.0,376723677.9014404,124799716.72985221,0.0,24957.0,220729667.0,1.5410315e+08,3010112001.054044,True
27069,"Kittson, MN",282734000.0,27009000.0,77077800.0,3623793.573746562,1416.0,13431208.0,1.7471666e+08,282733998.5808866,True
27071,"Koochiching, MN",625759000.0,91132000.0,11812333.333333334,30551095.272826433,4294.0,49855774.0,2.42091e+07,625758999.5605237,True
27073,"Lac qui Parle, MN",444718000.0,32870059.767356593,101128200.0,68369131.78640819,2231.0,24726509.0,1.637852e+08,444717999.2899431,True
27075,"Lake, MN",667898000.0,86887200.6812225,1019333.3333333334,90456395.34243333,3658.0,65360914.0,4.7420936e+07,667898000.022603,True
27077,"Lake of the Woods, MN",224943000.0,25927937.309719462,14736400.0,4827757.853543729,1510.0,19504296.0,2.8545656e+07,224943000.2029316,True
27079,"Le Sueur, MN",1220824000.0,197989296.8576861,96151846.34536833,0.0,8789.0,175295946.0,8.470721e+07,1220824002.8355536,True
27081,"Lincoln, MN",611591000.0,31552000.0,94416200.0,57726400.87075186,1702.0,20457101.0,1.1489313e+08,611591002.6226151,True
27083,"Lyon, MN",1992788000.0,137563583.4225333,264619666.6666667,41767676.72838616,20576.0,103482233.0,1.6066968e+08,1992788003.0076675,True
27085,"McLeod, MN",2300291000.0,273275100.0134896,69811784.96966355,0.0,16606.0,189550303.0,1.0729668e+08,2300290997.5877695,True
27087,"Mahnomen, MN",238320000.0,27319951.790946793,43949670.144545525,0.0,1799.0,15698011.0,8.518103e+07,238320000.78955382,True
27089,"Marshall, MN",525827000.0,49578649.251527354,139067792.86784768,0.0,2333.0,32152793.999999996,3.202268e+08,525827004.5366082,True
27091,"Martin, MN",1257943000.0,112456568.22855699,215043015.8013149,0.0,8052.0,78318780.0,1.740436e+08,1257943003.0605693,True
27093,"Meeker, MN",1560101000.0,152596458.14367312,74694200.0,4419426.480172873,8295.0,114790716.0,1.2036751e+08,1560101000.4132967,True
27095,"Mille Lacs, MN",1076424000.0,216469311.13987768,7566159.595095364,0.0,9682.0,134983155.0,3.924467e+07,1076424000.0859287,True
27097,"Morrison, MN",1471399000.0,233661992.03634194,165920800.0,46177555.902391195,10632.0,175772280.0,1.1599776e+08,1471398998.4931426,True
27099,"Mower, MN",2958506000.0,261624000.0,161903800.0,235057084.79500818,15578.0,157182884.0,1.7181224e+08,2958506005.416786,True
27101,"Murray, MN",656702000.0,43380000.0,163848800.0,125551.46275246143,3012.0,37407513.0,1.6714845e+08,656702005.464179,True
27103,"Nicollet, MN",1911106000.0,227064442.81809145,90567012.12618928,0.0,15748.0,177512089.0,9.88305e+07,1911106001.2231877,True
27105,"Nobles, MN",1729327000.0,98386552.66281076,212362979.36300474,0.0,10543.0,75470707.0,1.8512434e+08,1729326997.5054636,True
27107,"Norman, MN",281655000.0,36538765.1920867,90302948.26044284,0.0,1738.0,21223565.0,2.0523758e+08,281655000.3806965,True
27109,"Olmsted, MN",14809676000.0,1541064000.0,90069400.0,62920600.0,111121.0,1166454221.0,1.0904284e+08,14809676001.643959,True
27111,"Otter Tail, MN",3144961000.0,535344000.0,242710666.66666666,3969134.89304018,23068.0,338622900.0,2.700343e+08,3144960990.3230453,True
27113,"Pennington, MN",2656541000.0,88098691.22154187,47543600.0,272346292.32985544,10431.0,66272258.0,1.3124746e+08,2656541000.1047106,True
27115,"Pine, MN",918037000.0,217620389.14397582,14077100.981236668,0.0,7837.0,144635346.0,5.742678e+07,918037000.2893279,True
27117,"Pipestone, MN",888039000.0,41881000.0,171748400.0,15794574.523010135,4447.0,31321275.0,1.03395784e+08,888039002.2061185,True
27119,"Polk, MN",1764448000.0,181829640.77996713,219014316.96667007,0.0,11668.0,138189151.0,4.291341e+08,1764448002.544839,True
27121,"Pope, MN",745213000.0,85363439.03705622,77419000.0,18088486.661487818,4359.0,64214664.0,1.2209099e+08,745213002.3070438,True
27123,"Ramsey, MN",52709121000.0,6310060000.0,3231200.0,516800.0,325019.0,3591545243.1727057,636490.3,52709121000.05012,True
27125,"Red Lake, MN",223915000.0,21366269.06402473,70731416.5647128,0.0,1100.0,13966536.0,9.676528e+07,223914997.55871242,True
27127,"Redwood, MN",1404900000.0,81672000.0,229514200.0,108009528.65282536,6441.0,52153989.0,2.1165387e+08,1404900006.633384,True
27129,"Renville, MN",1096663000.0,67164798.45334147,231228200.0,141924752.24890566,5418.0,50524733.0,2.4444515e+08,1096663000.347334,True
27131,"Rice, MN",3770594000.0,445867633.5474131,85326038.23515674,0.0,25685.0,371074952.0,8.580459e+07,3770593999.8208294,True
27133,"Rock, MN",810478000.0,47900000.0,213997800.0,27556464.972815037,3938.0,42596047.0,1.2369512e+08,810478002.6085795,True
27135,"Roseau, MN",1748803000.0,79234440.0246707,82234547.15521246,0.0,7029.0,60107902.0,2.1468254e+08,1748802997.8180087,True
27137,"St. Louis, MN",13654242000.0,1698640577.7028131,11254667.896590825,0.0,98963.0,1029415742.0,1.180842e+08,13654241999.894836,True
27139,"Scott, MN",10126706000.0,1456759000.0,32866199.999999996,13452800.0,52486.0,1198163635.0,4.1316616e+07,10126705998.656477,True
27141,"Sherburne, MN",4659078000.0,774425277.6513642,47226231.13374128,0.0,25815.0,613035752.0,3.946317e+07,4659078002.438719,True
27143,"Sibley, MN",624241000.0,112629000.0,107854000.0,34344799.43531263,3561.0,70427475.0,1.3959198e+08,624241002.489945,True
27145,"Stearns, MN",11758290000.0,1498577935.7172446,286209086.4389821,0.0,83579.0,840369975.0,2.3007422e+08,11758289999.526453,True
27147,"Steele, MN",2731324000.0,259607321.16598782,89288000.0,3828880.7726278305,18785.0,195289659.0,9.621531e+07,2731323999.058404,True
27149,"Stevens, MN",708694000.0,48887544.97373096,120547128.50273228,0.0,5805.0,37929229.0,1.2944887e+08,708694003.1283627,True
27151,"Swift, MN",802855000.0,48609454.74031014,117577200.0,50520819.31992042,3749.0,36566472.0,1.7424184e+08,802854994.8026428,True
27153,"Todd, MN",1044053000.0,184851000.0,92939500.0,39399654.39963722,6886.0,104736254.0,1.1224693e+08,1044052998.6718984,True
27155,"Traverse, MN",308316000.0,28419000.0,131296500.0,27203062.834989905,973.0,8936891.0,1.48284e+08,308315994.46073437,True
27157,"Wabasha, MN",986171000.0,161797407.52131224,86072400.0,10844933.552014112,6667.0,121712132.0,8.310658e+07,986170997.8003031,True
27159,"Wadena, MN",700687000.0,104648000.0,30476600.0,21204209.154134512,5599.0,55387800.0,3.9640904e+07,700687000.8213729,True
27161,"Waseca, MN",1131427000.0,131608000.0,88817000.0,29505104.61319661,5375.0,85271303.0,9.680216e+07,1131426997.724144,True
27163,"Washington, MN",16425586000.0,2816128000.0,36874500.0,9909500.0,92191.0,2343773897.2732778,2.4942912e+07,16425585998.87445,True
27165,"Watonwan, MN",583956000.0,45414765.481788054,116666495.75142428,0.0,4626.0,36989794.0,1.0506547e+08,583955999.9305987,True
27167,"Wilkin, MN",464408000.0,32226803.04151526,100201800.0,100517326.53159493,1844.0,24242619.0,1.8391494e+08,464407996.445324,True
27169,"Winona, MN",2795437000.0,319123432.37082624,79391882.8806879,0.0,25458.0,239583432.0,7.7600824e+07,2795437001.1924286,True
27171,"Wright, MN",6866171000.0,1239549981.4818301,76573271.48053579,0.0,46489.0,941122674.0,9.276691e+07,6866170998.098229,True
27173,"Yellow Medicine, MN",800707000.0,82881000.0,91176000.0,38245892.61993337,3872.0,32360849.0,1.7579224e+08,800706998.163425,True
28001,"Adams, MS",1197369000.0,165675000.0,7566200.0,61939597.076217175,9957.0,84525917.0,1.6997998e+07,1197368999.7395701,True
28003,"Alcorn, MS",1637205000.0,184940681.2324904,5335919.469851861,0.0,13226.0,108876722.0,2.3212306e+07,1637204999.7975128,True
28005,"Amite, MS",349245000.0,60677000.0,58053800.0,25518355.769869685,1918.0,31960409.0,2.4898706e+07,349245000.6830857,True
28007,"Attala, MS",655591000.0,65541802.03789737,7305446.815266263,0.0,4856.0,43770215.0,2.8856982e+07,655590999.8604403,True
28009,"Benton, MS",396193000.0,36825000.0,2719333.3333333335,88003242.86552233,959.0,19631173.0,2.7705892e+07,396192999.9210199,True
28011,"Bolivar, MS",1427308000.0,141826000.0,124969200.0,32992279.060197353,10627.0,87415391.0,1.9778467e+08,1427308003.920226,True
28013,"Calhoun, MS",379039000.0,76559829.83145821,32047420.63771597,0.0,3084.0,30463716.0,4.5507624e+07,379038999.99381053,True
28015,"Carroll, MS",135019000.0,33430463.512312602,3974343.2040166548,0.0,1140.0,26442221.0,3.6809036e+07,135019000.0769063,True
28017,"Chickasaw, MS",583112000.0,81313028.79393858,63848046.848347254,0.0,4543.0,44110279.0,4.2545356e+07,583111998.4992945,True
28019,"Choctaw, MS",859542000.0,35015692.100283004,26499361.426694967,0.0,2427.0,21322999.0,1.5197093e+07,859542000.5227731,True
28021,"Claiborne, MS",938523000.0,32396000.0,1327333.3333333333,4964379.764933586,2606.0,15477996.0,1.9585464e+07,938522999.9562539,True
28023,"Clarke, MS",382479000.0,73315657.10991894,26501600.0,5398930.662985802,3085.0,43928476.0,1.9251914e+07,382478998.6724975,True
28025,"Clay, MS",702656000.0,83857649.67105272,49738999.07115787,0.0,7035.0,58870219.0,1.9708726e+07,702655999.6432557,True
28027,"Coahoma, MS",858889000.0,122508889.65220064,28219040.248314686,0.0,6633.0,58420456.0,1.1655597e+08,858889000.1958405,True
28029,"Copiah, MS",875446000.0,122929109.43087408,24257404.741827995,0.0,6176.0,68831235.0,2.6745344e+07,875446000.4933457,True
28031,"Covington, MS",882838000.0,89384000.0,96315800.0,29086064.25839591,5811.0,45508795.0,1.5295976e+07,882837997.1959534,True
28033,"DeSoto, MS",9105239000.0,1841906000.0,11815000.0,889000.0,80765.0,1006768424.0,3.800556e+07,9105239000.029125,True
28035,"Forrest, MS",4675014000.0,563629000.0,9012800.0,227200.0,39538.0,296394420.0,1.3517611e+07,4675014000.320273,True
28037,"Franklin, MS",243780000.0,36880000.0,9948000.0,18833583.14271915,1510.0,16593875.0,2.0228416e+07,243780000.26894405,True
28039,"George, MS",614216000.0,124938014.36770181,5448895.393456564,0.0,5115.0,86963221.0,1.4789823e+07,614216000.1175913,True
28041,"Greene, MS",212046000.0,40073485.41327686,11275045.109658357,0.0,1816.0,23346075.0,1.7975898e+07,212046000.43987346,True
28043,"Grenada, MS",1147355000.0,105112147.47088109,10730373.194983264,0.0,9312.0,67199363.0,2.1016182e+07,1147355000.130258,True
28045,"Hancock, MS",2172793000.0,283480000.0,1611400.0,70614186.14503741,13768.0,222578691.0,7.676598e+06,2172793000.0129113,True
28047,"Harrison, MS",12295603000.0,1658481000.0,6385600.0,96703657.5551014,89531.0,957754298.3493388,9.60049e+06,12295603000.077,True
28049,"Hinds, MS",14828673000.0,1446659548.7249942,41088893.4256876,0.0,120149.0,918609141.0,3.725975e+07,14828672997.96542,True
28051,"Holmes, MS",337782000.0,51436480.98727531,4694938.899159469,0.0,2958.0,31417762.0,7.392515e+07,337781999.7946328,True
28053,"Humphreys, MS",247507000.0,37682000.0,35924000.0,4934937.981718838,1840.0,18451183.0,8.2446696e+07,247507001.0718639,True
28055,"Issaquena, MS",40647000.0,3575000.0,19865333.333333332,52686.20843780041,172.0,1607002.0,4.4794412e+07,40646999.779877916,True
28057,"Itawamba, MS",722999000.0,112192792.71801814,12504222.012517387,0.0,5891.0,68676001.0,2.3411354e+07,722999000.3837607,True
28059,"Jackson, MS",10536130000.0,1050038491.9054759,32055579.559071407,0.0,50214.0,627169444.0,9.713229e+06,10536129999.542805,True
28061,"Jasper, MS",606462000.0,70470332.83842409,86778105.09891894,0.0,4064.0,43074022.0,2.0343802e+07,606462001.2788407,True
28063,"Jefferson, MS",126128000.0,29075000.0,8244799.999999999,14702421.381528959,1497.0,11301066.0,2.1438024e+07,126128000.1929698,True
28065,"Jefferson Davis, MS",213367000.0,43430047.213251024,19912495.053638257,0.0,1670.0,23528490.0,1.4286747e+07,213367000.50633195,True
28067,"Jones, MS",3436379000.0,323191539.260619,93073800.0,64966731.214673996,28795.0,193646382.44362664,1.9933984e+07,3436378995.370083,True
28069,"Kemper, MS",354767000.0,26818094.778938007,17036128.518938795,0.0,1847.0,16449031.0,2.2223982e+07,354766999.8405485,True
28071,"Lafayette, MS",2943560000.0,401396000.0,2571800.0,1924200.0,26887.0,276545527.0,2.8774088e+07,2943559999.993928,True
28073,"Lamar, MS",2653174000.0,446446000.0,26992600.0,4771400.0,22631.0,305028984.0,1.5672228e+07,2653174000.8897533,True
28075,"Lauderdale, MS",4689869000.0,460362000.0,10676600.0,1214400.0,32099.0,260580006.0,1.9938018e+07,4689868999.513642,True
28077,"Lawrence, MS",475926000.0,49980000.0,46254000.0,6056611.322254658,2544.0,27633467.0,1.3754967e+07,475925999.50084734,True
28079,"Leake, MS",755153000.0,62792757.59382292,139033587.86937293,0.0,5452.0,49891276.0,1.9308886e+07,755153001.5434661,True
28081,"Lee, MS",6259136000.0,525493336.0104376,15520691.871055838,0.0,55201.0,338364306.257192,3.94206e+07,6259135999.953866,True
28083,"Leflore, MS",1501726000.0,181670000.0,90613000.0,3476000.0,13054.0,68997736.0,1.1276312e+08,1501726003.0770962,True
28085,"Lincoln, MS",1547351000.0,141969000.0,51883400.0,8396600.0,13891.0,105786310.0,2.0385606e+07,1547350998.0949035,True
28087,"Lowndes, MS",3784698000.0,387216435.16277343,18920420.43022267,0.0,24412.0,222525579.0,2.6420022e+07,3784698000.425164,True
28089,"Madison, MS",9295951000.0,1215309000.0,21697000.0,14059000.0,63928.0,678166370.0,3.351348e+07,9295950999.436327,True
28091,"Marion, MS",1061149000.0,152786326.13416457,50788521.208990805,0.0,8594.0,64485070.0,1.6227414e+07,1061148998.9768555,True
28093,"Marshall, MS",1156139000.0,173681470.40654656,1949155.5899874251,0.0,12144.0,128174934.0,4.0810996e+07,1156138999.9302483,True
28095,"Monroe, MS",1260756000.0,179277000.0,17884000.0,21774699.77880621,9170.0,99650042.0,5.060178e+07,1260755999.5598567,True
28097,"Montgomery, MS",263369000.0,36254678.071884,11054186.297703475,0.0,2426.0,27361147.0,2.1047712e+07,263369000.4540335,True
28099,"Neshoba, MS",1383853000.0,117359228.59347081,147485163.1154205,0.0,12443.0,71132127.0,1.715747e+07,1383852997.0892053,True
28101,"Newton, MS",652458000.0,93953000.0,56856200.0,5230590.757715702,5289.0,47326390.0,2.053051e+07,652458001.4901493,True
28103,"Noxubee, MS",341193000.0,41583844.81814759,30522380.326646388,0.0,2011.0,20356537.0,4.8819736e+07,341193000.1970558,True
28105,"Oktibbeha, MS",2302896000.0,392166102.1965781,2689026.818226162,0.0,21615.0,244216531.0,1.5440131e+07,2302895999.961541,True
28107,"Panola, MS",1392617000.0,169826000.0,4364000.0,28944435.613898993,10394.0,97705523.0,6.1746292e+07,1392616999.9173024,True
28109,"Pearl River, MS",1459007000.0,300671650.1115806,4109326.9390946412,0.0,11097.0,209633370.0,2.0709878e+07,1459006999.9942899,True
28111,"Perry, MS",414556000.0,52627767.696343265,16234250.0,3398510.6598938704,1993.0,31532932.0,2.1686144e+07,414556000.0487979,True
28113,"Pike, MS",1485562000.0,223936000.0,17339200.0,1138800.0,15021.0,122402115.0,1.3292873e+07,1485561999.4338639,True
28115,"Pontotoc, MS",1241197000.0,150537000.0,6047400.0,18690673.323193073,12251.0,101200617.0,3.545877e+07,1241196999.8424435,True
28117,"Prentiss, MS",781900000.0,111818000.0,10541400.0,4680200.714197636,7623.0,61812327.0,2.6880132e+07,781899999.8920019,True
28119,"Quitman, MS",139067000.0,35176000.0,17142400.0,1791050.5941480398,941.0,14224842.0,7.978547e+07,139066999.79269737,True
28121,"Rankin, MS",9853181000.0,1411172000.0,67390000.0,13966000.0,73389.0,762234550.0,2.5391134e+07,9853180999.012901,True
28123,"Scott, MS",1297325000.0,84486374.36897574,92009441.1760315,0.0,14736.0,70437631.0,2.1833838e+07,1297325000.9712124,True
28125,"Sharkey, MS",141990000.0,17690000.0,31958800.0,9808189.971790493,932.0,8658828.0,6.6887172e+07,141989999.1237753,True
28127,"Simpson, MS",830156000.0,189599000.0,80505000.0,2437956.118495226,7443.0,67315026.0,1.9464922e+07,830155999.9353765,True
28129,"Smith, MS",541180000.0,45744000.0,104761200.0,41568362.33916193,2109.0,36019539.0,2.0325082e+07,541179998.5100905,True
28131,"Stone, MS",552998000.0,84310937.58689713,14752835.073351031,0.0,3959.0,59375613.0,1.2575595e+07,552997999.6946877,True
28133,"Sunflower, MS",944081000.0,85695134.27877936,131556497.01451004,0.0,8525.0,53644261.0,1.6401011e+08,944081005.4503721,True
28135,"Tallahatchie, MS",429186000.0,42520477.38465801,72155200.0,39305866.88287902,2575.0,25476956.0,1.04574504e+08,429185997.97847044,True
28137,"Tate, MS",745328000.0,124236168.89851557,6127862.399395991,0.0,6020.0,112203568.0,3.2036384e+07,745328000.1867952,True
28139,"Tippah, MS",923822000.0,102979922.6719804,2678955.6947426996,0.0,6949.0,59648944.0,2.8725402e+07,923822000.0544628,True
28141,"Tishomingo, MS",773764000.0,101346000.0,9356200.0,1399800.0,6157.0,66453915.0,1.6685337e+07,773764000.1883749,True
28143,"Tunica, MS",759440000.0,70434000.0,50396000.0,93477077.813102,5492.0,36952011.0,9.3022344e+07,759440001.9704232,True
28145,"Union, MS",1403215000.0,133587000.0,3066250.0,28080491.289669275,12888.0,93028049.0,2.915804e+07,1403215000.0179715,True
28147,"Walthall, MS",354139000.0,59265142.360754535,34805300.189756855,0.0,2347.0,39574563.0,1.5471177e+07,354139000.38886184,True
28149,"Warren, MS",3486966000.0,277335000.0,10629600.0,1493400.0,16981.0,160551203.0,2.86226e+07,3486965999.83951,True
28151,"Washington, MS",1778806000.0,201038000.0,66429000.0,33969000.0,15180.0,129051131.0,1.5452093e+08,1778805997.3561094,True
28153,"Wayne, MS",779933000.0,89485000.0,124088400.0,13270375.902198434,4625.0,50903129.0,2.3713108e+07,779932997.3452214,True
28155,"Webster, MS",250455000.0,42729104.633318104,7107500.0,13336742.626798898,2102.0,25601959.0,2.1415594e+07,250454999.93582705,True
28157,"Wilkinson, MS",197011000.0,38173146.15350082,4322774.965476081,0.0,1449.0,17028747.0,2.229403e+07,197010999.97587794,True
28159,"Winston, MS",643629000.0,81337000.0,46030000.0,16612565.030608416,5354.0,50894771.0,2.211629e+07,643628998.445652,True
28161,"Yalobusha, MS",363426000.0,45683124.60995886,4141633.6945132557,0.0,2175.0,31909332.0,2.3899616e+07,363425999.9577926,True
28163,"Yazoo, MS",1042272000.0,127992091.88205858,55134400.0,88129171.76548982,5548.0,76688906.0,9.820065e+07,1042272000.8138589,True
29001,"Adair, MO",1072052000.0,118743294.2303881,18206200.0,95278737.25533915,8913.0,81668378.0,6.4647496e+07,1072051999.7756506,True
29003,"Andrew, MO",399434000.0,103052560.27860145,43942592.095895566,0.0,2751.0,77582690.0,7.380791e+07,399434001.3465465,True
29005,"Atchison, MO",521669000.0,27034073.997226454,80252576.8094299,0.0,1551.0,13938563.0,1.239839e+08,521669000.73957044,True
29007,"Audrain, MO",1188079000.0,126618000.0,124349000.0,54008129.42405319,8235.0,67258537.0,1.3840838e+08,1188078999.6832716,True
29009,"Barry, MO",1947334000.0,188108399.24467197,205210800.0,158816427.0571437,14929.0,129375793.0,4.0077704e+07,1947333992.144504,True
29011,"Barton, MO",554415000.0,48632000.0,102374400.0,22704299.428648114,3343.0,36683409.0,9.643494e+07,554415001.7624058,True
29013,"Bates, MO",617135000.0,118404000.0,84674000.0,47196803.75226152,3729.0,51172971.0,1.18739144e+08,617134999.9644839,True
29015,"Benton, MO",568725000.0,129957000.0,44863000.0,23499649.772932053,3694.0,73565640.0,4.7683264e+07,568724998.7586972,True
29017,"Bollinger, MO",223528000.0,34032000.0,9405800.0,932188.5770672262,1743.0,30508686.0,5.0393184e+07,223527999.9230805,True
29019,"Boone, MO",12596005000.0,1397973786.3750558,33990878.30228561,0.0,106667.0,1048046310.0,6.2080948e+07,12596005000.00712,True
29021,"Buchanan, MO",6429426000.0,530442000.0,44968000.0,697000.0,45678.0,323429714.0,6.2552676e+07,6429426000.9810915,True
29023,"Butler, MO",1958767000.0,225646000.0,48108600.0,14113400.0,18059.0,135666053.0,1.06722456e+08,1958766998.5554276,True
29025,"Caldwell, MO",285108000.0,46730155.456058815,41243387.22462944,0.0,1895.0,30373244.0,5.8351864e+07,285108000.2871395,True
29027,"Callaway, MO",2494726000.0,247387998.11935344,6449359.232077516,0.0,15131.0,171144987.0,7.708938e+07,2494725999.7203407,True
29029,"Camden, MO",2224476000.0,563137000.0,2912800.0,3695200.0,16585.0,252540765.0,2.4554102e+07,2224476000.049351,True
29031,"Cape Girardeau, MO",5242756000.0,536422000.0,23319600.0,7405400.0,39481.0,371553586.0,7.13622e+07,5242756000.528262,True
29033,"Carroll, MO",434418000.0,43251000.0,117863250.0,27007024.458282232,2547.0,24030299.0,1.1904621e+08,434418002.3533335,True
29035,"Carter, MO",158320000.0,22678097.24161819,1253108.7393478306,0.0,1403.0,16190609.0,1.9600472e+07,158320000.03496313,True
29037,"Cass, MO",4087565000.0,905140691.2231112,94914222.38619766,0.0,30659.0,641913135.0,7.402379e+07,4087565000.0406947,True
29039,"Cedar, MO",422543000.0,76186000.0,16540400.000000002,10965410.665480971,3159.0,51081553.0,2.857748e+07,422542999.82520384,True
29041,"Chariton, MO",392623000.0,41664000.0,105847600.0,30101310.761532545,1711.0,17317924.0,1.2631174e+08,392622997.169748,True
29043,"Christian, MO",2703749000.0,654038000.0,3105800.0,1781200.0,19415.0,471605696.0,2.4285666e+07,2703748999.9848886,True
29045,"Clark, MO",223163000.0,23490893.978052173,49566250.0,5700605.074612409,1462.0,16156392.000000002,7.95237e+07,223163000.28973204,True
29047,"Clay, MO",16810238000.0,2459802000.0,18188200.0,9857800.0,117697.0,1498328088.0,3.135073e+07,16810238000.129072,True
29049,"Clinton, MO",523382000.0,102338000.0,14321000.0,5327824.370170772,3836.0,95263966.0,6.460473e+07,523381999.67485356,True
29051,"Cole, MO",6929906000.0,555291000.0,5645200.0,5490800.0,56757.0,345445941.0,2.8836354e+07,6929906000.019214,True
29053,"Cooper, MO",631031000.0,76548000.0,78142200.0,46777840.91479337,4778.0,64966343.0,8.081834e+07,631030998.9556865,True
29055,"Crawford, MO",925822000.0,127505141.47159089,3589000.0,69912614.96582389,6732.0,87694536.0,3.057477e+07,925821999.9562101,True
29057,"Dade, MO",259907000.0,36799000.0,52054200.0,30222118.827981293,1694.0,26196374.0,4.1664496e+07,259906999.52538738,True
29059,"Dallas, MO",375992000.0,81759000.0,10066000.0,11231678.356847763,2497.0,55332316.0,2.4903516e+07,375991999.91158134,True
29061,"Daviess, MO",246158000.0,37925000.0,37005400.0,11880718.468330324,1742.0,25474541.0,8.110312e+07,246158001.71638167,True
29063,"DeKalb, MO",419536000.0,51890339.2975516,20215228.80916102,0.0,2800.0,34814131.0,6.477491e+07,419536000.601006,True
29065,"Dent, MO",465766000.0,56982308.011034556,14805054.331935024,0.0,4361.0,47177902.0,2.9229668e+07,465766000.0089035,True
29067,"Douglas, MO",273421000.0,33715208.87445587,1979073.0496527206,0.0,2403.0,42487054.0,3.1096494e+07,273421000.0325673,True
29069,"Dunklin, MO",1023527000.0,170850869.3831935,79982384.92409769,0.0,8368.0,68154230.0,1.3109193e+08,1023527002.0228246,True
29071,"Franklin, MO",6313640000.0,696035702.5158414,3890817.6148665957,0.0,38594.0,513332264.0,6.1516924e+07,6313639999.912663,True
29073,"Gasconade, MO",569701000.0,74131591.3106336,11057895.60993009,0.0,5378.0,57066428.0,3.3473734e+07,569700999.7928889,True
29075,"Gentry, MO",294620000.0,28375000.0,45089600.0,11581824.890699148,2031.0,16750113.0,7.3700104e+07,294619997.75833267,True
29077,"Greene, MO",23197505000.0,2571791793.3808928,6514776.437818484,0.0,183863.0,1524673466.0,3.0638182e+07,23197504999.849094,True
29079,"Grundy, MO",385049000.0,47197000.0,55088800.0,17380158.597120523,2777.0,26431451.0,6.545345e+07,385049000.76438785,True
29081,"Harrison, MO",325567000.0,37616000.0,34579600.0,860902.575381279,2307.0,21843015.0,9.70218e+07,325567000.08631825,True
29083,"Henry, MO",998696000.0,116707000.0,45948600.0,8179856.749917626,8284.0,79964535.0,7.684444e+07,998695998.9319943,True
29085,"Hickory, MO",215454000.0,50095387.90144077,17629557.59710533,0.0,1550.0,26138181.0,2.1915638e+07,215453999.93636847,True
29087,"Holt, MO",265302000.0,24339000.0,83880600.0,2781292.0469083786,1254.0,12632950.0,9.8539784e+07,265301999.28010714,True
29089,"Howard, MO",300155000.0,43226000.0,29289000.0,28282773.880868614,2720.0,29101959.0,5.822501e+07,300155000.2190937,True
29091,"Howell, MO",1669433000.0,199411308.94284564,36080000.0,9933616.043918371,15317.0,137149624.0,3.457687e+07,1669433001.6314442,True
29093,"Iron, MO",444723000.0,44644061.9148386,1283076.5866963507,0.0,3246.0,25791998.0,2.1265774e+07,444722999.97784567,True
29095,"Jackson, MO",61646890000.0,7411625110.664613,25116303.826271,0.0,400567.0,3934142909.037188,3.7944264e+07,61646890000.40693,True
29097,"Jasper, MO",7102669000.0,748835000.0,58764400.0,6670600.0,56727.0,466797323.0,7.0982296e+07,7102669001.802006,True
29099,"Jefferson, MO",6547046000.0,1348337000.0,1912666.6666666667,86333.33333301544,48690.0,1083668848.0,2.700234e+07,6547045999.96071,True
29101,"Johnson, MO",2486494000.0,297446000.0,60774400.0,37236600.0,15260.0,241454474.0,9.162059e+07,2486494000.725352,True
29103,"Knox, MO",175804000.0,19606000.0,33228199.999999996,12032649.651138693,853.0,8622056.0,8.3987304e+07,175803998.56891906,True
29105,"Laclede, MO",2029287000.0,182198410.51293063,9671059.907541785,0.0,14884.0,125439862.0,3.317738e+07,2029286999.7221684,True
29107,"Lafayette, MO",1128069000.0,188938000.0,69217800.0,22649779.359823227,8542.0,139668606.0,1.1415335e+08,1128068998.7280693,True
29109,"Lawrence, MO",1227484000.0,153896000.0,120303800.0,38263029.618025064,8611.0,135387703.0,5.078881e+07,1227483996.5302145,True
29111,"Lewis, MO",316876000.0,31266040.016613334,19339800.0,22225460.693755984,2479.0,21503924.0,8.334737e+07,316876000.2007677,True
29113,"Lincoln, MO",1737587000.0,287045958.6449755,27988573.734511375,0.0,12499.0,282133037.0,7.497446e+07,1737587000.8213508,True
29115,"Linn, MO",533279000.0,64881000.0,44951000.0,18377493.47207755,4114.0,32519021.0,8.386039e+07,533278999.99162465,True
29117,"Livingston, MO",739677000.0,69619821.49079256,65440800.0,7028636.774522781,6189.0,47882602.0,8.8372664e+07,739677002.5006659,True
29119,"McDonald, MO",992100000.0,116580000.0,93094800.0,64013127.95855975,7407.0,68050970.0,2.3707252e+07,992100000.4141599,True
29121,"Macon, MO",737416000.0,80071000.0,64723200.0,63606314.34921217,4836.0,44231643.0,9.9985576e+07,737415998.9936113,True
29123,"Madison, MO",341975000.0,47557356.41776476,2519834.5272199404,0.0,3621.0,40399276.0,2.045994e+07,341974999.94371223,True
29125,"Maries, MO",225038000.0,52039000.0,6258666.666666667,7247857.66742298,1346.0,34659890.0,2.6859706e+07,225037999.8507259,True
29127,"Marion, MO",1591396000.0,147344000.0,36197600.0,173644860.78274035,12711.0,100388396.0,6.8351464e+07,1591396001.013133,True
29129,"Mercer, MO",140450000.0,17012000.0,45206000.0,7240316.456476316,1102.0,7133310.0,5.5864188e+07,140449998.36577004,True
29131,"Miller, MO",959077000.0,139929461.15120858,35615800.0,64388772.68588543,7939.0,96239642.0,3.2601652e+07,959076999.5796613,True
29133,"Mississippi, MO",440424000.0,53862000.0,103528800.0,18831886.59793794,2876.0,31773179.0,1.0198694e+08,440423996.76480645,True
29135,"Moniteau, MO",585919000.0,81937530.34355935,56668600.0,15712151.452166438,3967.0,56354384.0,3.896088e+07,585918998.0057442,True
29137,"Monroe, MO",308577000.0,44039000.0,55418600.0,33060661.489444137,1722.0,27585396.0,9.818068e+07,308576999.6943453,True
29139,"Montgomery, MO",490768000.0,67091000.0,32017750.0,13751888.97810644,2998.0,44019915.0,7.480419e+07,490768001.2673428,True
29141,"Morgan, MO",786693000.0,165555000.0,81893000.0,51691877.75767827,4715.0,81211013.0,3.615537e+07,786692999.5100546,True
29143,"New Madrid, MO",1276220000.0,63624000.0,112292200.0,31729245.564074516,8102.0,48095380.0,1.7326834e+08,1276220003.431547,True
29145,"Newton, MO",2882653000.0,312461000.0,128260800.0,48973200.0,22933.0,218468879.0,3.9118316e+07,2882652997.2271156,True
29147,"Nodaway, MO",969918000.0,94667335.02641335,53059698.715807855,0.0,7882.0,75628680.0,1.5979733e+08,969918001.4805777,True
29149,"Oregon, MO",268608000.0,34623000.0,13545800.0,15439407.743499786,2363.0,23152843.0,3.0578984e+07,268608000.24225324,True
29151,"Osage, MO",550961000.0,62182000.0,36667000.0,8119740.870671749,4156.0,53809349.0,3.8897004e+07,550960999.362962,True
29153,"Ozark, MO",184214000.0,39453336.19421477,2638070.894597626,0.0,1393.0,29436293.0,2.8231024e+07,184214000.00164258,True
29155,"Pemiscot, MO",599379000.0,56613135.66213112,80999271.62454548,0.0,4601.0,44996271.0,1.2374997e+08,599379001.1835568,True
29157,"Perry, MO",1297653000.0,110310237.34326303,36853073.511179306,0.0,8927.0,77278803.0,5.5712348e+07,1297652998.8876143,True
29159,"Pettis, MO",3185149000.0,233012000.0,109137400.0,62927600.0,20518.0,164181151.0,1.0019529e+08,3185148999.3795037,True
29161,"Phelps, MO",2029461000.0,236606103.40117753,1599966.8884451021,0.0,19214.0,177210983.0,2.7106088e+07,2029460999.9478335,True
29163,"Pike, MO",697439000.0,82230008.6775213,42897645.42087503,0.0,5127.0,53408113.0,9.630739e+07,697438999.3172374,True
29165,"Platte, MO",9478137000.0,1393704657.2673028,40210047.28968218,0.0,48509.0,744004959.4784966,4.833198e+07,9478136998.324816,True
29167,"Polk, MO",1120484000.0,173615370.94230816,49745400.0,21879585.361768723,10220.0,119407886.0,3.604884e+07,1120483998.4394767,True
29169,"Pulaski, MO",2843739000.0,229963068.3890904,5032916.56676308,0.0,9976.0,185865876.0,2.188878e+07,2843739000.17548,True
29171,"Putnam, MO",178903000.0,30293000.0,36293000.0,19604363.997861534,914.0,11805099.0,5.513335e+07,178903000.12342688,True
29173,"Ralls, MO",821865000.0,50093000.0,33887800.0,34322131.08807719,3719.0,33949323.0,7.484378e+07,821865001.6143569,True
29175,"Randolph, MO",1612253000.0,113613727.76021217,52092000.0,12753726.538625956,8934.0,78140403.0,5.631408e+07,1612252999.0993643,True
29177,"Ray, MO",634186000.0,109769630.48161748,71333907.25547028,0.0,4281.0,92069962.0,8.069069e+07,634185998.1593982,True
29179,"Reynolds, MO",266415000.0,26759000.0,1166666.6666666667,23623953.319863766,1671.0,15567222.0,3.1086042e+07,266415000.03679726,True
29181,"Ripley, MO",276718000.0,42262000.0,17739000.0,2965067.649963975,2749.0,26214562.0,3.4862564e+07,276718000.89044654,True
29183,"St. Charles, MO",24974551000.0,4093509115.1539917,24260992.205779992,0.0,167185.0,2650644443.0,5.934129e+07,24974551000.149647,True
29185,"St. Clair, MO",265209000.0,46020333.47210106,24896200.0,28655997.565047234,1613.0,31651522.0,5.6460644e+07,265208999.85057724,True
29186,"Ste. Genevieve, MO",864093000.0,95787000.0,6048600.0,6863342.103458405,6268.0,83719330.0,3.6347788e+07,864093000.0032501,True
29187,"St. Francois, MO",2272577000.0,321153239.7672794,1432493.1320776618,0.0,22334.0,220989376.0,2.0343592e+07,2272577000.0006447,True
29189,"St. Louis, MO",110293319000.0,14703892000.0,17717200.0,645800.0,655783.0,6786005373.0,1.1394218e+07,110293319000.08765,True
29195,"Saline, MO",1284876000.0,97079000.0,186748800.0,83816942.34438562,9081.0,63835489.0,1.5085752e+08,1284876009.4886675,True
29197,"Schuyler, MO",190093000.0,9784053.335246703,19056331.648783613,0.0,769.0,7310089.0,3.9252384e+07,190093000.26360166,True
29199,"Scotland, MO",241709000.0,20978000.0,46761000.0,22177303.264170587,1126.0,12802012.0,6.975395e+07,241709002.12109452,True
29201,"Scott, MO",2130616000.0,196321211.7777576,95563800.0,162150553.482831,15425.0,135024340.0,9.371714e+07,2130615996.2119565,True
29203,"Shannon, MO",183908000.0,33310000.0,6759000.0,3783449.392441809,1446.0,21802558.0,3.869535e+07,183908000.11326393,True
29205,"Shelby, MO",244476000.0,28181000.0,39405600.0,9477716.905599266,1807.0,12561314.0,8.83132e+07,244476000.19521374,True
29207,"Stoddard, MO",1412918000.0,125584000.0,99647000.0,25382973.908979416,10266.0,92055009.0,1.776112e+08,1412917999.3528554,True
29209,"Stone, MO",1080973000.0,258465844.0351462,16773806.101890707,0.0,7170.0,169143376.0,1.6685823e+07,1080973000.4000475,True
29211,"Sullivan, MO",592706000.0,27741000.0,87357666.66666667,136828545.3885653,2221.0,13077130.0,6.7552e+07,592705999.1513431,True
29213,"Taney, MO",3589462000.0,673129000.0,6696200.0,3209800.0,27574.0,257477358.0,2.2477892e+07,3589461999.8875594,True
29215,"Texas, MO",703232000.0,90545370.96338701,34113173.20780117,0.0,5797.0,72085008.0,4.8078124e+07,703232000.5293807,True
29217,"Vernon, MO",1131136000.0,91266000.0,129105200.0,66913460.050240874,6588.0,64163394.0,1.1450184e+08,1131136000.9634726,True
29219,"Warren, MO",1147880000.0,252718736.11600998,10810726.554747919,0.0,7763.0,181943140.0,3.916074e+07,1147879999.4996407,True
29221,"Washington, MO",545738000.0,85815385.5782364,757716.9837861403,0.0,5111.0,61645165.0,2.928454e+07,545737999.9966646,True
29223,"Wayne, MO",264642000.0,48763000.0,4374400.0,2806088.586372435,1955.0,29550241.0,3.1484104e+07,264641999.88393116,True
29225,"Webster, MO",1168104000.0,232626407.56088585,5097600.0,28452382.530218124,8109.0,159994057.0,2.6203348e+07,1168103999.892091,True
29227,"Worth, MO",71110000.0,9782000.0,20205250.0,7699839.844459087,344.0,3982933.0,3.0574884e+07,71109999.4862965,True
29229,"Wright, MO",558216000.0,74176755.88260262,7815632.864807671,0.0,4308.0,57539686.0,2.6848374e+07,558216000.2191799,True
29510,"St. Louis (Independent City), MO",38619850000.0,2622454283.2314,32246224.785065852,0.0,229379.0,1590447355.0,78899.49,38619849999.99999,True
30001,"Beaverhead, MT",586175000.0,68994614.2091917,80021666.66666667,54064135.88285357,3853.0,55696225.0,1.7325392e+08,586175000.2560873,True
30003,"Big Horn, MT",1196153000.0,37332524.49700765,52919400.0,8785966.387950659,3877.0,30136855.0,2.700485e+08,1196152999.7186866,True
30005,"Blaine, MT",256767000.0,31683000.0,64505600.0,12567428.112966001,1296.0,17304498.0,3.9446947e+08,256766997.64326057,True
30007,"Broadwater, MT",285932000.0,68011675.33906294,39943400.0,1460007.5667426586,1593.0,54902743.0,8.0345864e+07,285931999.3087361,True
30009,"Carbon, MT",487823000.0,89304000.0,68477666.66666667,21978333.333333313,3093.0,88864458.0,9.836374e+07,487823000.8430156,True
30011,"Carter, MT",53145000.0,7337000.0,16547000.0,6771044.5430371165,290.0,5603984.0,2.1418344e+08,53144999.96499328,True
30013,"Cascade, MT",5447656000.0,633124000.0,75755400.0,39476600.0,35854.0,458036171.0,2.7183395e+08,5447656003.135553,True
30015,"Chouteau, MT",429760000.0,36574000.0,165980600.0,50636396.40658069,1879.0,18501675.0,6.333007e+08,429760004.509503,True
30017,"Custer, MT",624619000.0,66991000.0,6530000.0,4625112.833534598,5790.0,57477403.0,1.9682354e+08,624619000.1225343,True
30019,"Daniels, MT",119133000.0,9037000.0,30407000.0,10396336.758672297,633.0,6624202.0,2.9553997e+08,119132998.69744396,True
30021,"Dawson, MT",506910000.0,47205227.90553879,21639400.0,3465688.9366664886,3735.0,38106641.0,2.6585467e+08,506910000.3104797,True
30023,"Deer Lodge, MT",421397000.0,74233000.0,1973000.0,9650644.345045805,3306.0,46699610.0,2.5650132e+07,421396999.93423516,True
30025,"Fallon, MT",228628000.0,15598630.30891288,6892008.850073376,0.0,1309.0,13627072.0,1.6387168e+08,228627999.8261027,True
30027,"Fergus, MT",683597000.0,101659000.0,16778600.0,965071.5856804848,4374.0,57649047.0,4.140238e+08,683597000.0432168,True
30029,"Flathead, MT",6707675000.0,1236656659.5794334,26958537.91198793,0.0,49504.0,1029444563.0,1.8830779e+08,6707674999.272427,True
30031,"Gallatin, MT",11005261000.0,2321138000.0,127262750.0,53315250.0,70333.0,1363015689.0,1.6681419e+08,11005260998.60588,True
30033,"Garfield, MT",62466000.0,9491000.0,13475200.0,5383250.1315963045,302.0,3970983.9999999995,3.049138e+08,62466000.356911905,True
30035,"Glacier, MT",649576000.0,43100322.6074965,92077600.0,93501380.88821936,3810.0,34792937.0,2.801929e+08,649575996.5404813,True
30037,"Golden Valley, MT",36802000.0,6490000.0,5955333.333333333,5448589.651862454,195.0,3922720.0,9.520718e+07,36801999.79255447,True
30039,"Granite, MT",156083000.0,32726000.0,7631000.0,15723773.581657112,940.0,22731527.0,6.5506004e+07,156082999.88731793,True
30041,"Hill, MT",1041502000.0,105342000.0,133106200.00000001,72577800.0,6080.0,60607679.0,5.396517e+08,1041501997.9553353,True
30043,"Jefferson, MT",366323000.0,76387000.0,5258000.0,9254724.70767665,2743.0,93460909.0,6.868685e+07,366323000.1953379,True
30045,"Judith Basin, MT",132950000.0,16414000.0,41989800.0,14557726.323309183,510.0,9401024.0,2.0590912e+08,132950001.43782315,True
30047,"Lake, MT",1256918000.0,275192000.0,15391500.0,3004500.0,9693.0,216087681.0,1.0432055e+08,1256918000.2276795,True
30049,"Lewis and Clark, MT",5310351000.0,654352894.4324411,16722645.856991613,0.0,41168.0,540615091.0,1.3000896e+08,5310350999.679548,True
30051,"Liberty, MT",339181000.0,11190000.0,138414400.0,58359299.717512846,543.0,4792316.0,2.7650413e+08,339180992.8331473,True
30053,"Lincoln, MT",803948000.0,148958205.4383835,16816333.333333332,29024277.255210638,6146.0,120247208.0,1.2576085e+08,803947999.8808224,True
30055,"McCone, MT",108698000.0,8256675.617679897,8964058.338024253,0.0,526.0,8391115.0,3.1667293e+08,108698000.24642842,True
30057,"Madison, MT",738516000.0,100002764.07423934,34477800.0,44981837.222296834,6091.0,80727699.0,1.3976779e+08,738516000.7312747,True
30059,"Meagher, MT",90615000.0,15829000.0,9712600.0,4293112.213746503,633.0,11591505.0,1.0743176e+08,90615000.12342696,True
30061,"Mineral, MT",151283000.0,40891338.41637002,2699517.0070397486,0.0,1227.0,33863439.0,4.114432e+07,151282999.9534829,True
30063,"Missoula, MT",8505828000.0,1218590000.0,78915666.66666667,6229333.333333015,66258.0,1012862352.0,9.123075e+07,8505828002.981028,True
30065,"Musselshell, MT",467791000.0,23684000.0,11811800.0,108272595.05209225,1361.0,27639327.000000004,1.0665072e+08,467790999.6216688,True
30067,"Park, MT",883030000.0,151346000.0,10939200.0,19592243.173042297,6631.0,167574162.3420026,1.0810844e+08,883030000.316408,True
30069,"Petroleum, MT",21556000.0,3971000.0,8321500.0,3640827.9046517424,76.0,1896682.0,9.760528e+07,21555999.79776521,True
30071,"Phillips, MT",184160000.0,30583000.0,32426200.0,3889725.068905741,1145.0,16078595.0,3.7974547e+08,184159999.63929516,True
30073,"Pondera, MT",382118000.0,37252000.0,92048750.0,58190873.44201648,1539.0,21091011.0,2.7023213e+08,382118004.93977773,True
30075,"Powder River, MT",146370000.0,9658000.0,11927000.0,7006616.22993958,443.0,5716232.0,1.8385666e+08,146369999.59487182,True
30077,"Powell, MT",331319000.0,35424011.735800624,18826920.273883227,0.0,2370.0,30253159.0,9.267996e+07,331318999.5754711,True
30079,"Prairie, MT",52073000.0,5901000.0,12824000.0,2505727.8468077704,280.0,4871650.0,1.2347526e+08,52072999.74156995,True
30081,"Ravalli, MT",1794093000.0,347845000.0,18381333.333333332,331666.66666674614,14115.0,402639672.0,7.945914e+07,1794092999.2581155,True
30083,"Richland, MT",1108187000.0,123972000.0,81250000.0,39139376.97553468,5317.0,58692731.0,2.6412075e+08,1108187001.117542,True
30085,"Roosevelt, MT",521552000.0,33146465.788102664,33879021.893424876,0.0,3511.0,23101393.0,4.0990957e+08,521552000.5691873,True
30087,"Rosebud, MT",1076615000.0,32486573.478846338,26417217.34897818,0.0,3441.0,28778317.0,2.117487e+08,1076615000.1040456,True
30089,"Sanders, MT",530468000.0,121128000.0,7048600.0,2254079.2452830076,3261.0,89997529.0,1.0270472e+08,530467999.80235434,True
30091,"Sheridan, MT",206936000.0,22383277.282667547,15983020.041955678,0.0,1183.0,10579902.0,3.291023e+08,206935999.88706386,True
30093,"Silver Bow, MT",2151006000.0,239957387.11396977,869000.0,70021492.05470824,17312.0,193706723.0,2.3631778e+07,2151005999.9716754,True
30095,"Stillwater, MT",751630000.0,85966199.39413406,23300509.37774994,0.0,3610.0,70171848.0,1.4470914e+08,751629999.0912966,True
30097,"Sweet Grass, MT",299497000.0,30136561.341179695,4725777.651812932,0.0,1714.0,23136614.0,8.335373e+07,299497000.14273524,True
30099,"Teton, MT",364763000.0,36600000.0,79953800.0,44903960.04652017,1768.0,29497506.0,2.8231853e+08,364762996.9205689,True
30101,"Toole, MT",511221000.0,22562653.20440584,111343750.0,70529374.58455878,1688.0,18213807.32211041,3.3512275e+08,511220997.4992199,True
30103,"Treasure, MT",96812000.0,4699000.0,37166666.666666664,32842863.421213582,226.0,4533406.0,4.335033e+07,96811999.86185181,True
30105,"Valley, MT",397737000.0,39117000.0,60111400.0,16806251.527746797,2747.0,31285820.0,5.137865e+08,397737000.33339363,True
30107,"Wheatland, MT",114583000.0,15983239.58093802,28573573.783337194,0.0,615.0,8095327.999999999,1.27784904e+08,114583000.49962142,True
30109,"Wibaux, MT",54099000.0,5759000.0,4730200.0,14076256.43956811,236.0,3136465.0,8.863128e+07,54099000.117996454,True
30111,"Yellowstone, MT",13450980000.0,1658339000.0,63896200.0,12809800.0,90878.0,1151159545.0,2.0869211e+08,13450979999.941479,True
31001,"Adams, NE",2592242000.0,204935928.2824166,167259000.0,289452147.37195873,15478.0,136358940.0,1.3475493e+08,2592241995.78289,True
31003,"Antelope, NE",845637000.0,41533000.0,170608600.0,48121265.307860136,2255.0,20085057.0,1.8194712e+08,845636999.5751127,True
31005,"Arthur, NE",30762000.0,2210000.0,11506750.0,8310077.826063409,82.0,1902932.0,2.8958164e+07,30761999.98991084,True
31007,"Banner, NE",58539000.0,3790090.714086906,35777250.0,8199778.373314142,124.0,2521826.0,7.919545e+07,58539000.76410786,True
31009,"Blaine, NE",42230000.0,3687000.0,17515800.0,7453488.6887918115,100.0,1288583.0,2.929608e+07,42230000.39586782,True
31011,"Boone, NE",637020000.0,41011000.0,142913000.0,34539307.0272603,2439.0,20121881.0,1.4452699e+08,637019999.0034422,True
31013,"Box Butte, NE",700900000.0,56094000.0,104636200.0,94844188.87252438,3559.0,40655280.0,1.7066526e+08,700900000.388581,True
31015,"Boyd, NE",141397000.0,11615000.0,60801600.0,12313798.435729906,562.0,4763538.0,5.6518784e+07,141397001.20184445,True
31017,"Brown, NE",275519000.0,16741000.0,96854000.0,19306769.52050984,1266.0,8453148.0,6.715007e+07,275518997.38010395,True
31019,"Buffalo, NE",4346100000.0,337091000.0,154353600.0,49220400.0,27301.0,240712155.0,1.6410136e+08,4346099998.143315,True
31021,"Burt, NE",422148000.0,31893890.211056653,128799600.0,43526784.80938351,1773.0,21221350.0,1.2127578e+08,422147997.3366054,True
31023,"Butler, NE",549690000.0,48105000.0,138189600.0,24288683.325899005,2810.0,33270898.0,1.3564085e+08,549689998.7663084,True
31025,"Cass, NE",1181589000.0,224084142.9539791,82521500.0,79815001.10522032,5967.0,149099655.0,1.2540801e+08,1181589000.1683617,True
31027,"Cedar, NE",619341000.0,48925818.37973958,131259000.0,32743995.940531135,2563.0,32553944.0,1.6767117e+08,619341002.3301598,True
31029,"Chase, NE",455551000.0,22045000.0,182520200.0,26050583.00661838,1725.0,13859183.0,1.4388365e+08,455551000.0,True
31031,"Cherry, NE",439570000.0,34432000.0,93996200.0,38581189.51004374,2350.0,20440214.0,2.2106198e+08,439569996.64529854,True
31033,"Cheyenne, NE",676706000.0,47917000.0,77306800.0,18177804.4800303,3862.0,37145112.0,2.2325989e+08,676705998.9300992,True
31035,"Clay, NE",499447000.0,38029000.0,139502600.0,24311659.464971423,2154.0,19743293.0,1.2836241e+08,499447002.4282898,True
31037,"Colfax, NE",1009185000.0,38332814.14542877,122737074.84900995,0.0,5506.0,29350481.0,9.90457e+07,1009184996.8439217,True
31039,"Cuming, NE",1111620000.0,51836000.0,476635600.0,119250309.30046153,3811.0,37522261.0,1.438933e+08,1111620009.0056527,True
31041,"Custer, NE",966159000.0,76413000.0,207338200.0,99274438.01386046,4714.0,40540878.0,2.5643562e+08,966159003.8942525,True
31043,"Dakota, NE",2350477000.0,105228000.0,44667800.0,27217008.28196621,15030.0,77818322.0,6.216136e+07,2350476999.6318517,True
31045,"Dawes, NE",369591000.0,46237950.6694619,27497333.333333332,8996264.868675947,3090.0,30765508.0,1.0809627e+08,369590999.74661547,True
31047,"Dawson, NE",2138008000.0,113124000.0,303678400.0,105513600.0,12382.0,84642798.0,1.6381838e+08,2138008012.4404032,True
31049,"Deuel, NE",104095000.0,9294348.831138419,32832289.587614127,0.0,468.0,5067471.999999999,9.174197e+07,104095001.19664939,True
31051,"Dixon, NE",493155000.0,27595728.48154994,113586000.0,155299182.98835194,1111.0,18361467.0,1.0250444e+08,493154998.16036737,True
31053,"Dodge, NE",2966141000.0,234158163.23506966,163738620.0301787,0.0,18569.0,158450357.0,1.2820955e+08,2966141000.413364,True
31055,"Douglas, NE",70781882000.0,5933084000.0,40498400.0,8275600.0,360817.0,3440182040.0,3.467747e+07,70781881999.4114,True
31057,"Dundy, NE",236007000.0,9767000.0,87759400.0,58404508.78133878,543.0,5332643.0,1.1550485e+08,236006999.03245527,True
31059,"Fillmore, NE",577474000.0,34831000.0,113763600.0,26472850.125277042,2351.0,18407632.0,1.4975902e+08,577473999.2997028,True
31061,"Franklin, NE",164542000.0,19304000.0,40397800.0,28084347.222269386,806.0,7352806.0,8.935498e+07,164541998.64192,True
31063,"Frontier, NE",148925000.0,15244000.0,33776400.0,9401960.622831792,736.0,7931650.999999999,1.2318499e+08,148925000.81668663,True
31065,"Furnas, NE",376214000.0,25419000.0,40874800.0,49150342.858886,1727.0,12268246.0,1.2672271e+08,376213999.63964766,True
31067,"Gage, NE",1532043000.0,129436440.42924485,116058200.0,92863746.58362794,8371.0,86123580.0,1.8639771e+08,1532042998.5929854,True
31069,"Garden, NE",105600000.0,11184000.0,36169200.0,9825011.921038538,550.0,4855730.0,1.1374699e+08,105600000.53037968,True
31071,"Garfield, NE",115787000.0,13780000.0,12963600.0,9412930.804544032,761.0,5645645.0,2.9328934e+07,115787000.01381272,True
31073,"Gosper, NE",149066000.0,19101000.0,22413200.0,8054289.073934555,475.0,8446758.0,7.443931e+07,149066000.88387436,True
31075,"Grant, NE",38281000.0,3467000.0,13796200.0,7331910.646710407,226.0,2251679.0,2.5871102e+07,38280999.59900836,True
31077,"Greeley, NE",182725000.0,16073000.0,65360200.0,37382845.866746396,645.0,5028645.0,7.570845e+07,182725000.34734917,True
31079,"Hall, NE",5084197000.0,425314000.0,140451600.0,42530400.0,35068.0,280594013.0,1.1248635e+08,5084196998.951534,True
31081,"Hamilton, NE",931512000.0,57027000.0,159635400.0,25468381.62071061,3905.0,43982161.0,1.3686056e+08,931511996.997408,True
31083,"Harlan, NE",266798000.0,29922000.0,100977200.0,25933077.616790533,873.0,9793352.0,1.0088704e+08,266798001.6645722,True
31085,"Hayes, NE",122330000.0,4337000.0,88077500.0,16366413.57724087,202.0,2094723.0000000002,9.106557e+07,122330002.54642394,True
31087,"Hitchcock, NE",217344000.0,14880000.0,41731200.0,19045971.294309318,663.0,6365883.0,1.083178e+08,217343998.81854638,True
31089,"Holt, NE",898045000.0,62357000.0,162417000.0,66144343.603164315,4132.0,33048904.0,2.1961853e+08,898045000.5041015,True
31091,"Hooker, NE",38738000.0,4690000.0,1638750.0,7740578.637324218,184.0,1762080.9999999998,2.6672776e+07,38737999.95848065,True
31093,"Howard, NE",312913000.0,34927195.0074673,83490409.212197,0.0,1618.0,27057713.0,8.924566e+07,312912996.9997831,True
31095,"Jefferson, NE",583459000.0,42242000.0,59765600.0,18323859.384474516,3410.0,20952061.0,1.1028518e+08,583458998.9140457,True
31097,"Johnson, NE",247837000.0,21715846.190044075,43475988.93955945,0.0,1309.0,14350515.0,6.5189936e+07,247837000.6408613,True
31099,"Kearney, NE",620165000.0,40371000.0,132439799.99999999,48665882.960237384,1960.0,31677602.0,1.2522056e+08,620165001.8261026,True
31101,"Keith, NE",526152000.0,55884942.630996466,89015400.0,16805779.980018973,3074.0,37184361.0,1.2500852e+08,526151998.3016515,True
31103,"Keya Paha, NE",47885000.0,4794000.0,19314200.0,11341319.720631152,141.0,2245086.0,4.3728796e+07,47885000.268286996,True
31105,"Kimball, NE",281114000.0,17672878.70503712,19772710.196822338,0.0,1482.0,11060796.0,1.3337142e+08,281114000.56405616,True
31107,"Knox, NE",826737000.0,53149000.0,141109200.0,20163488.402950883,2747.0,22286913.0,1.6474398e+08,826736993.7027148,True
31109,"Lancaster, NE",27131839000.0,2837609000.0,138825666.66666666,11983333.333332062,180543.0,1820381145.0911872,1.5424494e+08,27131838993.881626,True
31111,"Lincoln, NE",3379676000.0,225337771.14142424,352267666.6666667,109338007.10705805,14473.0,149933786.0,2.2727072e+08,3379675996.469333,True
31113,"Logan, NE",41923000.0,4105203.9454681245,11014000.0,7337698.550436825,171.0,2731494.0,3.688545e+07,41923000.374999784,True
31115,"Loup, NE",47344000.0,5094000.0,22331500.0,7911268.843762033,91.0,1751264.0,2.793485e+07,47343999.500756815,True
31117,"McPherson, NE",36156000.0,2283000.0,14324000.0,11734694.064482227,49.0,1392775.0000000002,3.6376588e+07,36155999.59430949,True
31119,"Madison, NE",3108200000.0,217949047.71151182,139690242.96944544,0.0,21019.0,154989265.0,1.29012024e+08,3108199997.0414176,True
31121,"Merrick, NE",546307000.0,49790000.0,103254200.0,5567249.295318365,2446.0,29772409.0,9.762308e+07,546306996.0564152,True
31123,"Morrill, NE",457058000.0,22494000.0,156397800.0,46294783.0195418,1427.0,12799784.0,1.1967294e+08,457057998.883284,True
31125,"Nance, NE",266956000.0,19263000.0,31946000.0,39805731.60806531,924.0,9829675.0,7.7086776e+07,266955998.91134837,True
31127,"Nemaha, NE",1152224000.0,37546339.203675136,53339157.46968768,0.0,2974.0,21199296.0,8.8965864e+07,1152223999.3161423,True
31129,"Nuckolls, NE",415599000.0,27957000.0,108970666.66666667,45568206.792267025,1518.0,9705844.0,1.13518584e+08,415598999.0138149,True
31131,"Otoe, NE",1820770000.0,84056000.0,75449000.0,16599000.0,5857.0,68508022.0,1.343e+08,1820770001.8609443,True
31133,"Pawnee, NE",170323000.0,15673000.0,41061333.333333336,1545503.0465859175,676.0,5108373.0,7.747161e+07,170323000.04347804,True
31135,"Perkins, NE",423791000.0,13995000.0,149458600.0,36060281.43879759,1093.0,9848394.0,2.0573326e+08,423791000.3603961,True
31137,"Phelps, NE",1022451000.0,60376000.0,194637400.0,60360947.99486089,4937.0,35010187.0,1.2917698e+08,1022450997.2454728,True
31139,"Pierce, NE",719450000.0,37804000.0,122210800.0,16696561.0184896,2277.0,27592328.0,1.2995475e+08,719449996.9987683,True
31141,"Platte, NE",3850822000.0,232090008.59024948,180805333.33333334,203443756.33566236,20463.0,154426546.0,1.6245526e+08,3850822003.459234,True
31143,"Polk, NE",419103000.0,29189000.0,158302000.0,56940306.44995874,1543.0,19643946.0,1.0522348e+08,419103005.4712109,True
31145,"Red Willow, NE",782219000.0,54183000.0,99266000.0,16015290.480248928,5147.0,38378363.0,1.19736296e+08,782218996.7502338,True
31147,"Richardson, NE",505835000.0,48394000.0,77309400.0,38321569.34114373,2279.0,21922406.0,1.17228216e+08,505834998.16582745,True
31149,"Rock, NE",125047000.0,9082000.0,40701750.0,4125897.9065881073,506.0,4048017.0,5.203169e+07,125046999.91902497,True
31151,"Saline, NE",1272144000.0,70609000.0,95670400.0,29363443.16577673,6877.0,50228459.0,1.3253885e+08,1272144001.9286373,True
31153,"Sarpy, NE",12939082000.0,1751999321.5771585,32527585.14673074,0.0,78732.0,1174696457.0,3.4591596e+07,12939081998.51225,True
31155,"Saunders, NE",1096133000.0,172078860.27629834,155990000.0,23486815.893711567,5794.0,114496717.0,1.7672328e+08,1096132999.1104248,True
31157,"Scotts Bluff, NE",2270599000.0,183476000.0,145385000.0,32313000.0,16332.0,146004690.0,1.09391656e+08,2270598996.3165073,True
31159,"Seward, NE",1022871000.0,88993000.0,182072800.0,61539156.74183619,5998.0,81762018.0,1.31415144e+08,1022870999.761871,True
31161,"Sheridan, NE",397338000.0,25904000.0,83851400.0,15855038.43000561,1699.0,14612478.0,1.6814368e+08,397338001.7945985,True
31163,"Sherman, NE",177127000.0,22066000.0,47529800.0,28015989.049664795,762.0,10520616.0,7.337667e+07,177127001.45870447,True
31165,"Sioux, NE",104177000.0,6746000.0,60722600.0,19030763.48692301,234.0,3786313.0000000005,9.916416e+07,104176998.66528097,True
31167,"Stanton, NE",467341000.0,29246000.0,67232800.0,156230976.73130906,1461.0,23179697.0,9.7615576e+07,467340997.98217565,True
31169,"Thayer, NE",553712000.0,31877000.0,106243400.0,107246307.37005067,2308.0,13536332.0,1.2988481e+08,553711997.8655789,True
31171,"Thomas, NE",43654000.0,4746000.0,9756000.0,1892231.2443064451,267.0,2169746.0,2.65095e+07,43654000.05750297,True
31173,"Thurston, NE",648173000.0,35277000.0,114982000.0,85237731.55750036,3411.0,13735631.0,9.410975e+07,648173003.3837752,True
31175,"Valley, NE",400627000.0,28386000.0,78439400.0,57295717.78513539,1772.0,12753040.0,7.337672e+07,400627000.15867907,True
31177,"Washington, NE",1849509000.0,185626269.30949453,100396930.17514217,0.0,8537.0,129723936.0,8.5423736e+07,1849509001.6711032,True
31179,"Wayne, NE",855116000.0,48008000.0,110735800.0,50779275.86533904,5123.0,39308568.0,1.13135416e+08,855116003.3034158,True
31181,"Webster, NE",429717000.0,23662000.0,106588000.0,59695732.732282996,997.0,10079701.0,9.595212e+07,429716998.2165719,True
31183,"Wheeler, NE",113697000.0,6265000.0,70806200.0,17874073.577884227,289.0,2603713.0,4.786494e+07,113697000.07512027,True
31185,"York, NE",1280218000.0,83609759.50786565,166128800.0,44479075.88670564,7309.0,55631720.0,1.4408771e+08,1280217999.5451174,True
32001,"Churchill, NV",1635613000.0,184264095.85977858,65680119.82912962,0.0,8037.0,150936908.0,8.7842264e+07,1635613002.860868,True
32003,"Clark, NV",184611557000.0,27707225000.0,13110800.0,7745200.0,1114493.0,17435085104.0,1.0735461e+08,184611556999.82205,True
32005,"Douglas, NV",3703620000.0,788637440.8077466,2480410.609157509,0.0,19069.0,705528793.3746979,3.455668e+07,3703620000.1176996,True
32007,"Elko, NV",3545321000.0,379327000.0,61178000.0,1417000.0,22857.0,282245372.0,3.2301046e+08,3545321003.002413,True
32009,"Esmeralda, NV",61212000.0,6314953.813268987,4034904.957032393,0.0,350.0,5409297.0,3.979143e+07,61211999.90791318,True
32011,"Eureka, NV",1551881000.0,12684000.0,12430600.0,364756455.3101735,3884.0,12046975.0,8.6840264e+07,1551881000.2921958,True
32013,"Humboldt, NV",1738052000.0,118678000.0,12961000.0,1657000.0,6951.0,95595563.0,2.2182552e+08,1738052000.0765936,True
32015,"Lander, NV",1091681000.0,32095445.537453968,23134089.680004887,0.0,3050.0,27292332.0,1.039531e+08,1091680999.8292353,True
32017,"Lincoln, NV",210423000.0,21863077.304421034,16091014.364882834,0.0,1151.0,18255504.0,1.6625819e+08,210422999.98881194,True
32019,"Lyon, NV",2375191000.0,516954683.22597647,13019267.616145428,0.0,13009.0,431832110.0,1.6257958e+08,2375190999.922091,True
32021,"Mineral, NV",254949000.0,33226927.104637597,6109125.523058519,0.0,1207.0,16878790.0,5.151783e+07,254948999.77189758,True
32023,"Nye, NV",2476465000.0,394729000.0,80947000.0,49804435.665914536,11921.0,314535583.0063445,2.4672086e+08,2476465001.562008,True
32027,"Pershing, NV",439458000.0,31709010.9087968,24483166.711209733,0.0,1714.0,16351496.0,1.0440525e+08,439457999.0979859,True
32029,"Storey, NV",2635984000.0,48791812.49792502,1075000.0,5338645.279116631,18996.0,40075152.0,3.0523172e+06,2635984000.0123825,True
32031,"Washoe, NV",41310524000.0,6564078000.0,51229000.0,25995000.0,242902.0,4999752414.901418,9.219392e+07,41310524001.07899,True
32033,"White Pine, NV",868402000.0,44597993.67126412,27496968.781104498,0.0,4140.0,36971902.0,1.7546736e+08,868401998.9842463,True
32510,"Carson City (Independent City), NV",4932974000.0,597015757.1023954,837333.3333333334,15440290.225198746,29300.0,490358853.0,2.8261838e+06,4932973999.961881,True
33001,"Belknap, NH",3992298000.0,904280000.0,4277400.0,2199600.0,26593.0,471201521.0,1.6311153e+07,3992298000.1191707,True
33003,"Carroll, NH",3237086000.0,902484635.1177155,14367207.280150218,0.0,19503.0,422293717.0,3.6270012e+07,3237085999.448471,True
33005,"Cheshire, NH",4930893000.0,743239615.1468388,11921758.295910852,0.0,32125.0,448184030.0,3.1475166e+07,4930892999.726651,True
33007,"Coos, NH",1773984000.0,200739953.06480122,8542000.0,188800279.08964396,11577.0,134942216.0,7.406299e+07,1773984000.1058168,True
33009,"Grafton, NH",9500135000.0,1177886000.0,115799200.0,28196800.0,53397.0,649593687.0,7.87307e+07,9500134996.079473,True
33011,"Hillsborough, NH",36875204000.0,5124147157.988804,30211033.32262135,0.0,221067.0,3457492884.7653136,3.51817e+07,36875203998.547134,True
33013,"Merrimack, NH",12947238000.0,2034705403.130833,34388109.10980067,0.0,83058.0,1076791614.0,4.0114948e+07,12947238001.16866,True
33015,"Rockingham, NH",31119035000.0,4257913000.0,30732200.0,16447800.0,168917.0,3194628430.3598366,2.3926808e+07,31119034999.721535,True
33017,"Strafford, NH",7924047000.0,1385501790.6510637,13013845.89234419,0.0,49807.0,935958913.0,1.5194034e+07,7924046999.960688,True
33019,"Sullivan, NH",2127895000.0,422002285.2901157,10254365.499013238,0.0,13461.0,223997003.0,2.4709952e+07,2127894999.9854105,True
34001,"Atlantic, NJ",18563490000.0,3194875177.9301057,102763915.4420989,0.0,123257.0,1693506632.0,1.6021115e+08,18563490002.511288,True
34003,"Bergen, NJ",101808177000.0,16864245116.901485,14644786.147927906,0.0,465824.0,10517615591.0,1.4765712e+06,101808177000.03455,True
34005,"Burlington, NJ",38949141000.0,6984557280.846355,91045928.17850532,0.0,218405.0,3413960346.0,6.617741e+07,38949141000.293785,True
34007,"Camden, NJ",32644548000.0,5870231000.0,30552200.0,1866800.0,214960.0,3166226224.0,4.1574836e+07,32644547999.41007,True
34009,"Cape May, NJ",7417657000.0,1791012317.48622,63072666.666666664,744600606.9117498,34945.0,1096352500.0,7.022804e+06,7417656997.945197,True
34011,"Cumberland, NJ",8126189000.0,1100728424.9096355,272543000.0,38406615.93406963,60097.0,673801262.3858049,5.6217156e+07,8126188991.365928,True
34013,"Essex, NJ",71653805000.0,10122518000.0,3417000.0,7158000.0,362597.0,6415330563.416362,459857.3,71653805000.05945,True
34015,"Gloucester, NJ",18245349000.0,3251670201.3843665,110284507.43277201,0.0,124021.0,1848532355.0,5.8135484e+07,18245348996.580784,True
34017,"Hudson, NJ",62688963000.0,9733665000.0,619666.6666666666,96873359.3473053,293100.0,4245443056.444515,41002.13,62688963000.0,True
34019,"Hunterdon, NJ",9342494000.0,1566221465.335981,68912276.96338062,0.0,48352.0,1360675238.0,3.2163358e+07,9342494001.822441,True
34021,"Mercer, NJ",54422592000.0,5564024981.41992,19700714.854087666,0.0,262034.0,2990553979.0,1.0817079e+07,54422592000.00889,True
34023,"Middlesex, NJ",83127918000.0,12666422235.062029,28233124.53996822,0.0,459830.0,7171325391.0,6.7237175e+06,83127917999.85545,True
34025,"Monmouth, NJ",50060217000.0,9761528611.555815,90244965.28478731,0.0,274570.0,7649560226.0,1.6171623e+07,50060216998.795494,True
34027,"Morris, NJ",71337072000.0,9620010027.253796,34489668.174658835,0.0,316491.0,5777103198.0,1.202902e+07,71337071998.91429,True
34029,"Ocean, NJ",30343223000.0,8573778000.0,63226400.0,4886600.0,183196.0,5221879129.328793,1.432705e+07,30343222999.99269,True
34031,"Passaic, NJ",27670468000.0,5566539995.023726,7743136.658626674,0.0,183159.0,3488274424.0,3.8486165e+06,27670468000.199005,True
34033,"Salem, NJ",7097817000.0,528516947.47125995,92834431.5590062,0.0,21251.0,324857943.0,7.621725e+07,7097816997.990018,True
34035,"Somerset, NJ",51764365000.0,6870303638.498682,15218622.664154118,0.0,201609.0,3784747589.0,1.3005073e+07,51764364999.52089,True
34037,"Sussex, NJ",6426360000.0,1643211088.4709117,14566035.516660953,0.0,36880.0,1102823452.0,2.1132804e+07,6426359999.356846,True
34039,"Union, NJ",49459494000.0,7168334720.999529,3054961.9515605606,0.0,247379.0,4971017469.0,459235.53,49459494000.02365,True
34041,"Warren, NJ",5744688000.0,1281183890.6695004,198347314.35930827,0.0,30808.0,791982462.0,2.6535606e+07,5744688000.474472,True
35001,"Bernalillo, NM",51971506000.0,6508226000.0,12100200.0,843800.0,358705.0,4274534110.2103167,1.7793e+07,51971505999.34821,True
35003,"Catron, NM",140625000.0,29444000.0,17220600.0,7376433.63861534,648.0,16777873.0,1.780713e+08,140624999.64934555,True
35005,"Chaves, NM",2673505000.0,321939030.855191,191417866.7345647,0.0,22009.0,216124480.0,1.3190128e+08,2673505003.2191873,True
35006,"Cibola, NM",799564000.0,75864000.0,14954000.0,19278792.768589735,6233.0,56863948.0,9.078785e+07,799564000.3219476,True
35007,"Colfax, NM",608612000.0,118701000.0,45245200.0,6594378.703490615,4079.0,47291363.0,1.2449295e+08,608611998.730459,True
35009,"Curry, NM",4145178000.0,236801000.0,250238000.0,7671000.0,17571.0,187278013.0,1.9219331e+08,4145178008.9665904,True
35011,"De Baca, NM",116352000.0,11848000.0,37441800.0,12843166.988367781,412.0,6328113.0,2.999994e+07,116351998.9627918,True
35013,"Doña Ana, NM",10759585000.0,1653909000.0,212424666.66666666,8004333.333333969,79505.0,949353341.0,2.3345533e+08,10759584993.840527,True
35015,"Eddy, NM",10396803000.0,577250000.0,63344600.0,14190400.0,30860.0,284970909.0,9.388893e+07,10396802999.16975,True
35017,"Grant, NM",1525697000.0,145217000.0,25729500.0,11033300.939737082,9211.0,104226320.0,9.126495e+07,1525696999.2543309,True
35019,"Guadalupe, NM",270872000.0,22100000.0,12861500.0,11022884.651422232,1250.0,8648625.0,3.3548448e+07,270871999.99681777,True
35021,"Harding, NM",53487000.0,5637000.0,7566600.0,15596069.065232173,167.0,1564490.0,3.646428e+07,53486999.9096209,True
35023,"Hidalgo, NM",268111000.0,17584000.0,27068400.0,15663791.271164358,1079.0,11337551.0,9.535814e+07,268111000.61408046,True
35025,"Lea, NM",11285077000.0,415627002.59157765,116977000.0,99603450.44359398,33256.0,275722116.0,9.2887496e+07,11285077002.427095,True
35027,"Lincoln, NM",922926000.0,200831000.0,17921000.0,40772851.64234698,6275.0,108818036.0,9.698462e+07,922925999.8654737,True
35028,"Los Alamos, NM",3520785000.0,270615263.24199325,50805.67960491262,0.0,20699.0,183743174.0,2.3461362e+06,3520785000.000486,True
35029,"Luna, NM",1200763000.0,117826000.0,78676800.0,3470130.166567087,7479.0,65430483.0,1.8607546e+08,1200763002.7132456,True
35031,"McKinley, NM",2928746000.0,212403652.70627803,10331198.07380876,0.0,19649.0,128407107.93742482,9.139094e+07,2928745999.6801867,True
35033,"Mora, NM",149655000.0,38335000.0,27673000.0,16283965.599923775,1152.0,14535080.0,6.0025656e+07,149655000.14496905,True
35035,"Otero, NM",3680488000.0,344746712.14268345,15616310.142485546,0.0,16220.0,229886321.0,1.26358536e+08,3680488000.314925,True
35037,"Quay, NM",389908000.0,54747284.16642538,44337501.97412766,0.0,2482.0,24971006.0,9.940807e+07,389907999.32379067,True
35039,"Rio Arriba, NM",1366569000.0,261741082.75498924,20494509.06078009,0.0,8255.0,175138053.0,1.4043112e+08,1366568999.9738653,True
35041,"Roosevelt, NM",908254000.0,95353843.63411243,158006173.3604365,0.0,6460.0,61771291.0,1.6353077e+08,908253992.6788318,True
35043,"Sandoval, NM",5380270000.0,1344071000.0,8310666.666666666,2142333.3333330154,35682.0,923929476.0,6.169138e+07,5380269999.903372,True
35045,"San Juan, NM",6959481000.0,684342000.0,32874199.999999996,2794015.0618629456,45264.0,422171268.0,1.3120229e+08,6959480999.539588,True
35047,"San Miguel, NM",922709000.0,200187000.0,12798600.0,10117151.130031824,7251.0,112319400.0,9.271443e+07,922709000.2682676,True
35049,"Santa Fe, NM",9448759000.0,1814180313.179357,5858396.610120087,0.0,64012.0,1621203380.0,4.825213e+07,9448759000.150934,True
35051,"Sierra, NM",403135000.0,70925000.0,24971400.0,3669600.0,3194.0,46990439.0,9.997681e+07,403135000.4896347,True
35053,"Socorro, NM",650472000.0,61882119.76399865,45870400.0,9150774.482589245,4706.0,41051878.0,1.1059775e+08,650471999.5695553,True
35055,"Taos, NM",1424852000.0,330489000.0,3323600.0,2853400.0,10507.0,269533064.0,5.765192e+07,1424851999.9655454,True
35057,"Torrance, NM",815936000.0,70049544.23018381,49572600.0,50928119.541618824,2924.0,46470052.32949526,9.819082e+07,815935998.2532047,True
35059,"Union, NM",175613000.0,24213802.999821264,26943397.357168157,0.0,1175.0,11402538.0,1.2079238e+08,175613000.35353413,True
35061,"Valencia, NM",2261733000.0,454091689.95228136,8957666.666666666,6217143.258881092,16710.0,301239141.9012103,1.969194e+07,2261732999.68904,True
36001,"Albany, NY",44045966000.0,3924821055.7693377,32741938.85010526,0.0,249261.0,2005875865.0,2.8371276e+07,44045966000.16172,True
36003,"Allegany, NY",1790608000.0,280752386.48526335,26846002.511654105,0.0,14041.0,104568799.03687304,7.6201e+07,1790608001.133982,True
36005,"Bronx, NY",55224804000.0,5999930567.479277,2481666.6666666665,5965246501.307404,340785.0,3614704417.4788446,121246.07,55224804000.00001,True
36007,"Broome, NY",11437412000.0,1279714477.6137664,29173666.666666668,454765060.80670357,82220.0,770973851.0,3.385025e+07,11437411998.74111,True
36009,"Cattaraugus, NY",3726321000.0,515477293.16672224,57029073.80777764,0.0,27111.0,227686889.76882136,9.995178e+07,3726320999.811111,True
36011,"Cayuga, NY",3832033000.0,513885924.14052755,178656000.0,125618529.59824324,25171.0,309594536.0,1.0767126e+08,3832032995.06302,True
36013,"Chautauqua, NY",5859329000.0,915689000.0,130909000.0,32278000.0,44855.0,423590029.0,4.2560186e+08,5859329000.296488,True
36015,"Chemung, NY",4530598000.0,523998260.52483225,9288666.666666666,126678538.19027805,31723.0,315686791.0,2.1856838e+07,4530598000.326618,True
36017,"Chenango, NY",2835136000.0,401754482.53782827,76416061.88601421,0.0,17111.0,154270543.0,5.4808372e+07,2835135999.6541624,True
36019,"Clinton, NY",4731068000.0,640281000.0,92846600.0,10124400.0,30059.0,334926590.0,6.4803652e+07,4731068002.08422,True
36021,"Columbia, NY",3369193000.0,669617076.1719028,40446691.595565796,0.0,20215.0,433288277.0,4.0458184e+07,3369192998.314932,True
36023,"Cortland, NY",2285734000.0,302462095.84282136,44912333.333333336,49385088.63481426,17001.0,182220621.0,4.250122e+07,2285733999.359667,True
36025,"Delaware, NY",2892843000.0,316479571.3711894,30193333.333333332,98079647.55278301,14965.0,190665557.1779166,7.136489e+07,2892843000.7189116,True
36027,"Dutchess, NY",18890206000.0,3725845009.0877643,44480666.666666664,95289822.51280212,112196.0,2244664044.3123035,3.6184412e+07,18890206001.660015,True
36029,"Erie, NY",77718921000.0,10191685684.102495,46789958.10643195,0.0,478475.0,5044428231.045963,1.1106704e+08,77718920999.47356,True
36031,"Essex, NY",2162558000.0,406796000.0,5410200.0,6439800.0,14557.0,195108886.0,7.066899e+07,2162558000.1713753,True
36033,"Franklin, NY",2547722000.0,259566751.22453767,61666250.0,104989595.46825266,17015.0,156377990.0,8.452164e+07,2547721997.242213,True
36035,"Fulton, NY",2345186000.0,356244584.7594734,20203000.0,53154494.020186424,16231.0,214622296.0,2.6019842e+07,2345186000.468834,True
36037,"Genesee, NY",3311059000.0,445020000.0,204458250.0,52652750.0,23039.0,232026360.0,1.1456301e+08,3311058993.610708,True
36039,"Greene, NY",3185196000.0,587027000.0,5460000.0,2010000.0,14070.0,247631182.51934785,2.7341216e+07,3185195999.9420795,True
36041,"Hamilton, NY",293480000.0,44533985.78261815,1352000.0,34651242.49328172,1520.0,26829843.0,6.1684908e+07,293480000.029527,True
36043,"Herkimer, NY",2254523000.0,354594458.97155654,41587800.0,125662809.4719429,15576.0,213628165.0,8.347965e+07,2254523000.5380716,True
36045,"Jefferson, NY",8001726000.0,1067484000.0,163179600.0,61414400.0,34253.0,554939284.0738372,1.0520751e+08,8001726002.641639,True
36047,"Kings, NY",137097588000.0,29303936000.0,3087000.0,1340000.0,883243.0,9434113417.36159,97201.46,137097588000.0,True
36049,"Lewis, NY",1535954000.0,227591921.5375865,136452369.1008765,0.0,6520.0,98225236.0,7.8697016e+07,1535954001.9040675,True
36051,"Livingston, NY",2830150000.0,392505275.17233545,125434500.0,85100799.93566799,19459.0,236467828.43443146,9.502297e+07,2830149998.7237854,True
36053,"Madison, NY",2991927000.0,503038575.8466525,96618060.0939909,0.0,21340.0,262825324.0,6.2270772e+07,2991926998.566607,True
36055,"Monroe, NY",61402223000.0,9272703545.202286,38224385.04567112,0.0,390979.0,3763749331.0099254,8.464327e+07,61402222998.64441,True
36057,"Montgomery, NY",2483193000.0,279121405.17741877,66811500.0,70701051.4548912,18287.0,168158842.0,5.22216e+07,2483192998.157137,True
36059,"Nassau, NY",125564631000.0,21734607000.0,70056333.33333333,73072487.95820618,639475.0,16977766951.548595,1.2703285e+06,125564631000.0,True
36061,"New York, NY",935665528000.0,92286017127.69467,34210989.73611339,0.0,2504522.0,9859725151.232323,23108.408,935665528000.0,True
36063,"Niagara, NY",13043249000.0,1760186661.8396256,46164538.47881033,0.0,68715.0,917481297.0955527,9.5858664e+07,13043249001.05358,True
36065,"Oneida, NY",13983052000.0,1616631000.0,78393000.0,14404000.0,103298.0,955584287.206816,8.611515e+07,13983052002.186247,True
36067,"Onondaga, NY",39797746000.0,4995276781.13244,118325921.52507283,0.0,255873.0,2197835417.0,6.5415108e+07,39797745999.017784,True
36069,"Ontario, NY",8331625000.0,1128291880.7873313,80136864.14125474,0.0,52273.0,606954785.0,1.0276649e+08,8331625001.638789,True
36071,"Orange, NY",26299318000.0,4083885924.019143,66673158.415308006,0.0,147445.0,2739721004.0,9.49338e+07,26299317998.32361,True
36073,"Orleans, NY",1809352000.0,283802578.4766466,81150039.5573821,0.0,11754.0,129778883.78765759,1.5668614e+08,1809352000.160837,True
36075,"Oswego, NY",8961930000.0,695463798.5014803,26231000.0,132276885.86706543,32047.0,418987526.0,6.6670356e+07,8961930000.36867,True
36077,"Otsego, NY",3298585000.0,519938000.0,50242000.0,17778000.0,21315.0,233732617.0,7.062221e+07,3298585002.4892726,True
36079,"Putnam, NY",5169205000.0,1253324000.0,3811600.0,1876400.0,26374.0,869758271.0,6.9986845e+06,5169205000.028188,True
36081,"Queens, NY",137084106000.0,26496260000.0,1328200.0,2079800.0,728370.0,12351691633.627428,112194.734,137084106000.00026,True
36083,"Rensselaer, NY",14669100000.0,1466996000.0,38320400.0,16196600.0,52657.0,923948000.0,3.9998964e+07,14669100000.383589,True
36085,"Richmond, NY",22188789000.0,6883771414.738951,172407.85983822413,0.0,128209.0,4786841210.87235,365149.78,22188788999.995674,True
36087,"Rockland, NY",23139849000.0,3718638000.0,2051199.9999999998,2096800.0,131530.0,2871020720.0,3.327139e+06,23139849000.060703,True
36089,"St. Lawrence, NY",6260864000.0,838463000.0,165252200.0,37418800.0,32561.0,315902418.47718436,1.2447321e+08,6260864004.422391,True
36091,"Saratoga, NY",15772586000.0,3071832481.4608,54513338.89310429,0.0,91512.0,1804203938.0,3.831782e+07,15772586000.605167,True
36093,"Schenectady, NY",11702980000.0,1539920000.0,1538800.0,121278975.28635025,59344.0,853894003.0,1.0059888e+07,11702979999.992811,True
36095,"Schoharie, NY",1270523000.0,276408000.0,48457200.0,22728255.11162567,7692.0,129291660.90606347,4.6109572e+07,1270522998.0500617,True
36097,"Schuyler, NY",678948000.0,133229023.28120515,35456596.37912177,0.0,4980.0,69108008.0,3.2911638e+07,678947999.5950818,True
36099,"Seneca, NY",1969078000.0,194958574.5850508,74143566.40370905,0.0,11145.0,122716884.99198595,6.3812588e+07,1969077999.7576432,True
36101,"Steuben, NY",5603571000.0,718596239.2097033,119796167.25824821,0.0,35180.0,329812252.0,1.4022195e+08,5603571000.454699,True
36103,"Suffolk, NY",131317813000.0,25116689495.992867,222442557.0082419,0.0,646568.0,15632939092.135706,1.6141069e+07,131317813000.0,True
36105,"Sullivan, NY",4279007000.0,987894000.0,12272000.0,33633000.0,27765.0,388813880.0,3.920291e+07,4279007000.6089563,True
36107,"Tioga, NY",1967030000.0,346241594.2441875,23945270.10486982,0.0,12724.0,181489225.0,3.478595e+07,1967029999.2128224,True
36109,"Tompkins, NY",7510934000.0,1108173000.0,61512800.0,1134311211.775278,46926.0,638648919.0,3.987231e+07,7510933998.134281,True
36111,"Ulster, NY",9719366000.0,2039793568.3118818,32645720.75925686,0.0,57240.0,1263559844.681895,5.5752164e+07,9719366000.264042,True
36113,"Warren, NY",6329842000.0,690604430.01566,7431666.666666667,82111716.34002304,34221.0,416059962.0,3.151941e+07,6329842000.21877,True
36115,"Washington, NY",2583563000.0,436609175.27256155,66686500.0,24104056.332919598,14817.0,263038563.0,6.4391336e+07,2583563001.108463,True
36117,"Wayne, NY",5023576000.0,607410754.6099082,71418333.33333333,107672062.11868954,27479.0,365939291.0,1.0471299e+08,5023575999.1755295,True
36119,"Westchester, NY",112383236000.0,17911546000.0,24050200.0,1926800.0,396544.0,11358778941.684868,8.498639e+06,112383236000.1416,True
36121,"Wyoming, NY",2237402000.0,285955293.12190807,197427539.6263899,0.0,12713.0,142698395.0,8.985083e+07,2237402008.437216,True
36123,"Yates, NY",1319949000.0,241666398.01387545,56509582.41442678,0.0,6810.0,98064108.0,9.819401e+07,1319948998.4836507,True
37001,"Alamance, NC",8629281000.0,1283200000.0,6179400.0,1292600.0,69257.0,851504581.0,2.2903106e+07,8629280999.977808,True
37003,"Alexander, NC",1137683000.0,187450572.22488338,88381778.99571824,0.0,10726.0,135110364.0,1.3102269e+07,1137683002.015755,True
37005,"Alleghany, NC",396542000.0,74720036.50381823,6595800.0,11034106.790842056,2918.0,52922797.0,2.3314158e+07,396542000.05746603,True
37007,"Anson, NC",1066798000.0,131402000.0,180414200.0,10968840.227570653,6675.0,70617207.28408489,3.626224e+07,1066797996.20539,True
37009,"Ashe, NC",1009010000.0,200529925.5709186,12213600.0,30859673.946977377,7137.0,142031576.0,2.2189784e+07,1009009999.9827995,True
37011,"Avery, NC",857640000.0,110607196.93831661,3458600.0,125887968.32523227,6802.0,78340998.0,1.017528e+07,857639999.9283018,True
37013,"Beaufort, NC",2245099000.0,272454199.0659563,99237387.65881921,0.0,16163.0,205024590.0,7.486292e+07,2245099000.56263,True
37015,"Bertie, NC",750980000.0,78645271.4972326,120617090.57555416,0.0,4889.0,47778062.0,5.548253e+07,750979997.4405917,True
37017,"Bladen, NC",1815975000.0,133145365.44523865,241459200.0,11894512.40924859,13683.0,94304359.0,1.1445869e+08,1815975006.1762753,True
37019,"Brunswick, NC",7781244000.0,1905394611.756781,11113487.246474925,0.0,38079.0,1176229029.0,3.0898686e+07,7781243999.99667,True
37021,"Buncombe, NC",20113971000.0,3326534000.0,44080000.0,15726000.0,142929.0,1956055343.0,2.561697e+07,20113970999.260727,True
37023,"Burke, NC",3496631000.0,592694000.0,24603600.0,10520400.0,30031.0,343637694.0,1.928739e+07,3496631001.175661,True
37025,"Cabarrus, NC",11808358000.0,1966805000.0,31952200.0,9682800.0,88944.0,1410394779.0,1.8268314e+07,11808358001.533142,True
37027,"Caldwell, NC",3156978000.0,426811026.5340126,30861263.204407606,0.0,26485.0,313676168.0,1.8321722e+07,3156977998.790154,True
37029,"Camden, NC",225085000.0,60048000.0,11626800.0,6081576.330537498,1091.0,61705238.0,2.458329e+07,225084999.81280902,True
37031,"Carteret, NC",3491824000.0,960137075.9840087,1868457.646203806,0.0,23748.0,511981905.0,2.7029654e+07,3491824000.0594172,True
37033,"Caswell, NC",487932000.0,135690000.0,15368000.0,6053000.0,3054.0,74395565.0,2.27977e+07,487932000.18959147,True
37035,"Catawba, NC",11917496000.0,1140029448.494664,39388000.0,29056171.63324356,91506.0,807461424.0,1.873639e+07,11917495999.346972,True
37037,"Chatham, NC",2804531000.0,850335792.5989152,53396506.84904469,0.0,20863.0,674007680.0,3.0093014e+07,2804530998.3139906,True
37039,"Cherokee, NC",1105192000.0,222698000.0,12753200.0,30031186.77896428,7860.0,145235040.0,1.8146828e+07,1105192000.5257113,True
37041,"Chowan, NC",721064000.0,109366000.0,16095200.0,16176684.420293689,5105.0,64943433.0,2.6782294e+07,721064000.1627065,True
37043,"Clay, NC",315992000.0,82593278.39123198,106256.75375845474,0.0,2096.0,71159538.0,8.437485e+06,315992000.0020661,True
37045,"Cleveland, NC",5821205000.0,658135000.0,61327000.0,22023000.0,34727.0,375228213.0,2.9350184e+07,5821205001.014394,True
37047,"Columbus, NC",1897530000.0,214851694.6041107,94545174.17687969,0.0,15101.0,154934874.0,7.939752e+07,1897529998.9026718,True
37049,"Craven, NC",6484116000.0,837407000.0,46512600.0,7438400.0,35530.0,510565296.0,3.8630196e+07,6484115999.223609,True
37051,"Cumberland, NC",23141874000.0,2292434000.0,50776800.0,7960200.0,116297.0,1565244886.7317648,5.784741e+07,23141873999.554256,True
37053,"Currituck, NC",1098339000.0,331069829.6383153,2110083.651549451,0.0,7011.0,216952286.0,1.9360042e+07,1098339000.0135968,True
37055,"Dare, NC",3008183000.0,919659000.0,9574250.0,1326750.0,17198.0,366160899.0,2.354228e+06,3008183000.2431355,True
37057,"Davidson, NC",6753393000.0,1039524000.0,20442333.333333332,2116666.6666669846,48286.0,778726530.0,2.834028e+07,6753393000.660034,True
37059,"Davie, NC",1900155000.0,310302273.2977508,12871333.333333334,11018686.793943882,14711.0,219781266.0,1.7825372e+07,1900154999.686911,True
37061,"Duplin, NC",2723979000.0,237518195.55835515,461695089.4910679,0.0,19158.0,160676668.0,1.0252908e+08,2723978987.3373804,True
37063,"Durham, NC",49006411000.0,3610217707.594775,29716301.452900805,0.0,257395.0,2590461692.0843105,8.3483865e+06,49006410999.261314,True
37065,"Edgecombe, NC",1917896000.0,216262660.5798503,89272083.87810728,0.0,12843.0,155294026.0,6.2723056e+07,1917896002.0251071,True
37067,"Forsyth, NC",33184071000.0,3434495000.0,7106000.0,165157138.89216995,197283.0,2086125444.0,1.4118375e+07,33184071000.02141,True
37069,"Franklin, NC",2628270000.0,488553066.034785,23804511.268997967,0.0,13513.0,362340255.0,3.66107e+07,2628270000.274306,True
37071,"Gaston, NC",10552029000.0,1763278000.0,15031400.0,5340600.0,82464.0,1250955563.0,1.3367733e+07,10552029000.42638,True
37073,"Gates, NC",231913000.0,53746129.92047931,41580978.703454696,0.0,1439.0,41159536.0,2.637542e+07,231913000.91927552,True
37075,"Graham, NC",317569000.0,39129379.775012024,2867250.0,36649623.27753824,1997.0,27714604.0,1.1170824e+07,317568999.9844593,True
37077,"Granville, NC",4698497000.0,400590779.7141287,13086684.971582126,0.0,19226.0,290111927.9384914,3.249361e+07,4698496999.612199,True
37079,"Greene, NC",562289000.0,108798343.55869432,54230938.87927595,0.0,4734.0,51970463.0,3.9912224e+07,562289002.7281256,True
37081,"Guilford, NC",44509259000.0,5897261000.0,4784600.0,1082400.0,296072.0,2996810446.4504976,2.6585316e+07,44509259000.07257,True
37083,"Halifax, NC",1843548000.0,225956976.12016323,40214637.75799382,0.0,14278.0,151192690.0,6.966868e+07,1843548000.5751133,True
37085,"Harnett, NC",3723790000.0,847631826.6850262,88832782.3214753,0.0,27545.0,620847670.0,5.10664e+07,3723789999.3102946,True
37087,"Haywood, NC",2516559000.0,516420560.0209603,5984959.13331549,0.0,17778.0,370520071.5757873,2.1404266e+07,2516558999.7472816,True
37089,"Henderson, NC",5981645000.0,1160991000.0,63282200.0,11815800.0,43470.0,842435516.8302715,3.634134e+07,5981644996.965004,True
37091,"Hertford, NC",1053354000.0,86510435.59781155,34288200.0,54717213.83128691,8461.0,61273715.0,3.1707612e+07,1053354000.9723177,True
37093,"Hoke, NC",1504332000.0,273551634.8649111,36839322.85953738,0.0,8558.0,208555948.71631593,2.7239678e+07,1504332000.316972,True
37095,"Hyde, NC",218600000.0,35295842.14996157,13502026.400824308,0.0,1603.0,19536220.0,4.2196956e+07,218599999.44361725,True
37097,"Iredell, NC",13278352000.0,1731856000.0,40221200.0,409820101.7291107,82907.0,1299933108.0,3.844523e+07,13278352000.037802,True
37099,"Jackson, NC",2099375000.0,368451155.4420069,2845809.3529734085,0.0,17917.0,240722074.0,1.765846e+07,2099374999.846081,True
37101,"Johnston, NC",10504441000.0,1747903516.410722,71787970.08107378,0.0,58494.0,1188766274.0,7.734579e+07,10504441000.65175,True
37103,"Jones, NC",283221000.0,43790000.0,60853200.0,3878229.2527759075,1620.0,29139840.0,3.545189e+07,283221000.25573605,True
37105,"Lee, NC",3765371000.0,495161000.0,16065000.0,8188000.0,27081.0,290002128.0,1.2841792e+07,3765370999.3616757,True
37107,"Lenoir, NC",3469497000.0,315752000.0,75133400.0,2837600.0,29615.0,172508873.0,5.271861e+07,3469496997.839617,True
37109,"Lincoln, NC",4320117000.0,611427000.0,14340800.0,3312200.0,27413.0,556775556.0,1.7474e+07,4320117000.172514,True
37111,"McDowell, NC",2572356000.0,251076875.11649475,16320000.0,35994203.047326565,15917.0,177833030.0,1.7402452e+07,2572355999.985347,True
37113,"Macon, NC",2093599000.0,329015439.80533963,9474600.0,46528937.757834435,12682.0,233035450.0,2.0200414e+07,2093598999.7462475,True
37115,"Madison, NC",573401000.0,155771909.98290992,1792518.4932975657,0.0,4052.0,112969691.0,1.7102416e+07,573400999.9058341,True
37117,"Martin, NC",784640000.0,110701513.4329003,21724866.118093293,0.0,6663.0,65044333.0,4.532586e+07,784640000.1464602,True
37119,"Mecklenburg, NC",173970664000.0,17252944000.0,167047000.0,19416000.0,829972.0,9652898789.777618,7.936161e+06,173970664000.0,True
37121,"Mitchell, NC",828313000.0,102707000.0,994666.6666666666,170191879.83170855,4757.0,68855949.0,8.391245e+06,828313000.0358849,True
37123,"Montgomery, NC",1416686000.0,227217000.0,66899600.00000001,24067127.84458828,9159.0,85986199.0,2.1460714e+07,1416685998.7975237,True
37125,"Moore, NC",5389115000.0,932231000.0,74211200.0,21110800.0,42923.0,723008676.0,2.9941284e+07,5389114998.276023,True
37127,"Nash, NC",6762624000.0,578313000.0,66308000.0,3232000.0,42276.0,381717284.0,5.9703788e+07,6762624001.303876,True
37129,"New Hanover, NC",19864173000.0,3365821000.0,47276600.0,8352400.0,128058.0,1988900504.0559666,3.379443e+06,19864173000.0,True
37131,"Northampton, NC",658007000.0,76967092.3302389,42081927.0250561,0.0,4748.0,55377975.0,5.9226772e+07,658006998.9435843,True
37133,"Onslow, NC",11737765000.0,1355499000.0,116701800.0,11248200.0,48126.0,961538566.0,3.9312724e+07,11737764996.8493,True
37135,"Orange, NC",12370482000.0,1315647000.0,30162800.0,9101200.0,75014.0,1242509272.0,2.1671816e+07,12370482000.41557,True
37137,"Pamlico, NC",382541000.0,90716820.37165302,14327719.748866854,0.0,3289.0,65642684.0,1.8941586e+07,382541000.6805556,True
37139,"Pasquotank, NC",2097053000.0,293096536.2229631,17505798.577247065,0.0,15323.0,198846924.0,3.544973e+07,2097052999.8767536,True
37141,"Pender, NC",2328216000.0,522194390.9162498,98370800.0,191572221.49667716,14661.0,369860469.0,4.4935252e+07,2328216001.840521,True
37143,"Perquimans, NC",393987000.0,84623000.0,27484200.0,1107655.6268703938,2266.0,65485912.0,3.6624916e+07,393987000.36348635,True
37145,"Person, NC",1903036000.0,256296000.0,5902800.0,349200.0,9989.0,177582501.0,2.588584e+07,1903035999.7788713,True
37147,"Pitt, NC",11824973000.0,1320925000.0,65697399.99999999,9707600.0,82213.0,841978193.0,7.3768616e+07,11824972999.086908,True
37149,"Polk, NC",695213000.0,180201357.36745226,10686211.778386038,0.0,5495.0,137376788.0,1.1134528e+07,695213000.3730226,True
37151,"Randolph, NC",5437804000.0,845101000.0,115630800.0,33954200.0,43896.0,559446691.0,4.135613e+07,5437804000.826643,True
37153,"Richmond, NC",2548238000.0,234503000.0,110577200.0,9695139.035664558,13566.0,130100082.0,2.1880318e+07,2548237995.1634235,True
37155,"Robeson, NC",4917413000.0,424314000.0,179497600.0,6453112.681637764,39575.0,281080093.0,1.1397106e+08,4917413005.874496,True
37157,"Rockingham, NC",3642029000.0,477362221.82424474,16711022.804204814,0.0,23772.0,355462917.0,3.0494724e+07,3642028999.513278,True
37159,"Rowan, NC",7584984000.0,991705000.0,55492800.0,14058200.0,54409.0,690932857.0,3.413123e+07,7584984002.05853,True
37161,"Rutherford, NC",2398909000.0,380768033.38314426,39558000.0,45351968.924491405,19241.0,269690839.0,2.5050658e+07,2398909000.2236056,True
37163,"Sampson, NC",2337423000.0,271653444.3105104,359912979.6594434,0.0,18057.0,177900935.0,1.6650549e+08,2337423004.947965,True
37165,"Scotland, NC",1461857000.0,156377000.0,60088000.0,77792820.79202533,11781.0,90472116.0,2.3623892e+07,1461857002.2404892,True
37167,"Stanly, NC",2632094000.0,472579000.0,48603400.0,14611600.0,23648.0,276196478.0,3.462867e+07,2632094001.3000746,True
37169,"Stokes, NC",1646672000.0,214036000.0,17226400.0,11639857.626683235,7846.0,197760536.0,2.3611772e+07,1646672000.2137408,True
37171,"Surry, NC",3404487000.0,320643000.0,73445400.0,33171600.0,28742.0,269421495.0,3.706248e+07,3404487001.1142025,True
37173,"Swain, NC",879330000.0,110696000.0,4707000.0,29117441.724362373,6242.0,60887296.0,2.0509692e+07,879329999.8821118,True
37175,"Transylvania, NC",2319698000.0,347532342.4557028,4086600.0,78099365.46003199,9403.0,246150624.0,1.6510202e+07,2319698000.00846,True
37177,"Tyrrell, NC",139922000.0,18655000.0,35072600.0,307100.7662746906,764.0,10778512.999999998,2.9405172e+07,139922000.30748397,True
37179,"Union, NC",12184578000.0,2223908000.0,224701600.0,70554400.0,76151.0,1790996819.0,6.1774704e+07,12184577993.479965,True
37181,"Vance, NC",1616114000.0,296892000.0,7054500.0,1609500.0,14655.0,149399289.0,1.6410196e+07,1616113999.7909348,True
37183,"Wake, NC",120610722000.0,14954061000.0,142373000.0,20614000.0,687531.0,9960984615.499876,3.3086124e+07,120610721997.2891,True
37185,"Warren, NC",387008000.0,90230462.05460358,7680541.599748605,0.0,3062.0,73109601.0,2.5802888e+07,387007999.7276094,True
37187,"Washington, NC",344077000.0,60764000.0,19172333.333333332,289945.50183802843,2683.0,33993591.0,4.3536256e+07,344077000.6859137,True
37189,"Watauga, NC",3062312000.0,473769093.0584187,3073000.0,158945393.49084425,24062.0,335561741.0,1.3696655e+07,3062312000.0414104,True
37191,"Wayne, NC",6465723000.0,668814000.0,208522000.0,18592000.0,40987.0,463758865.0,7.627121e+07,6465722990.31235,True
37193,"Wilkes, NC",3066587000.0,387506000.0,138027400.0,48461600.0,19607.0,241478011.0,3.691458e+07,3066586998.8023186,True
37195,"Wilson, NC",4933139000.0,471879476.33132124,49414000.0,48726340.33633232,36414.0,334223361.0,4.6491664e+07,4933138999.293158,True
37197,"Yadkin, NC",1254709000.0,200670598.51299864,35571800.0,30660893.318273067,10208.0,142131212.0,3.0736154e+07,1254709000.809225,True
37199,"Yancey, NC",580838000.0,127045830.80855419,7101524.003335479,0.0,4832.0,94656340.0,1.2416159e+07,580837999.7832814,True
38001,"Adams, ND",122009000.0,16553475.67861527,4316007.128844816,0.0,782.0,6228377.0,1.714471e+08,122009000.12046146,True
38003,"Barnes, ND",963544000.0,91486187.90624583,207115000.0,42957592.01139748,4766.0,46002984.0,3.0073098e+08,963544003.6641271,True
38005,"Benson, ND",376572000.0,22731820.941058546,116955658.24626708,0.0,1918.0,10340564.0,2.471614e+08,376571999.9665551,True
38007,"Billings, ND",199957000.0,6576000.0,10792200.0,28852730.148120463,577.0,5889404.0,7.19615e+07,199957000.09592927,True
38009,"Bottineau, ND",598730000.0,51752000.0,125615600.0,25154033.174075603,2277.0,28636416.0,3.485133e+08,598729999.3544594,True
38011,"Bowman, ND",246630000.0,21182293.54016057,20742328.49097511,0.0,1325.0,11728573.0,1.5119749e+08,246630000.79900706,True
38013,"Burke, ND",281886000.0,16411310.687338581,52566136.964889124,0.0,559.0,7452356.0,1.9321074e+08,281885999.8512138,True
38015,"Burleigh, ND",7353369000.0,865360775.2481655,88178145.59685269,0.0,59122.0,654764246.0,2.2235338e+08,7353369000.271121,True
38017,"Cass, ND",18134333000.0,1700161000.0,250276800.0,155030799.17717743,131603.0,1116100540.0,4.3626125e+08,18134332994.66217,True
38019,"Cavalier, ND",512512000.0,25410212.460657526,246596672.2844334,0.0,1238.0,11385058.0,3.5964736e+08,512511999.51253694,True
38021,"Dickey, ND",593220000.0,39946000.0,165305800.0,118001034.6281879,1655.0,17910475.0,2.0132802e+08,593220006.5782379,True
38023,"Divide, ND",228567000.0,16315378.056868475,17940909.98194541,0.0,738.0,9584883.0,2.4963374e+08,228566999.99803486,True
38025,"Dunn, ND",2019023000.0,51476577.70953299,9239245.852722038,0.0,2993.0,19407405.0,2.0330107e+08,2019022999.898745,True
38027,"Eddy, ND",182766000.0,12010453.039892647,70447438.6717932,0.0,765.0,7586746.0,1.0530657e+08,182766002.14019668,True
38029,"Emmons, ND",245589000.0,29288000.0,85245400.0,93543.81185930967,918.0,9498126.0,2.4546475e+08,245588997.49387944,True
38031,"Foster, ND",359660000.0,23964000.0,78821333.33333333,20838885.285143137,1448.0,13612487.0,1.3225051e+08,359660002.11161005,True
38033,"Golden Valley, ND",90336000.0,12769016.096037649,7334217.845892569,0.0,630.0,4961888.0,9.179331e+07,90336000.03854515,True
38035,"Grand Forks, ND",5508490000.0,585229000.0,194029200.0,97476800.0,38188.0,403355355.0,3.1680653e+08,5508489990.955492,True
38037,"Grant, ND",96490000.0,12791555.548994431,25000435.25803467,0.0,680.0,5591458.0,2.20913e+08,96489999.44189265,True
38039,"Griggs, ND",222708000.0,18804000.0,78083800.0,29126041.40407315,796.0,6716780.0,1.34154584e+08,222707998.5414809,True
38041,"Hettinger, ND",101786000.0,14003708.213133296,15584733.348040756,0.0,617.0,8342442.0,2.4129419e+08,101786000.11782281,True
38043,"Kidder, ND",193741000.0,24559000.0,66727399.99999999,23408968.63969466,692.0,9294503.0,1.8303458e+08,193741002.0011065,True
38045,"LaMoure, ND",428556000.0,33785000.0,154274600.0,59856196.927637815,1373.0,11995769.0,2.3043104e+08,428556001.63714755,True
38047,"Logan, ND",153497000.0,13362000.0,58217000.0,3778840.425500542,634.0,4942060.0,1.4378806e+08,153497001.73458132,True
38049,"McHenry, ND",341888000.0,38294000.0,78085200.0,6316796.852023959,1317.0,18745803.0,2.903084e+08,341888002.7810183,True
38051,"McIntosh, ND",168015000.0,17422944.384952266,49013500.711248584,0.0,964.0,5950283.0,1.6279547e+08,168014998.42759347,True
38053,"McKenzie, ND",4403384000.0,260574601.85713428,17362715.228739,0.0,10556.0,101376131.00000001,2.412708e+08,4403383999.672693,True
38055,"McLean, ND",982589000.0,77450299.61100717,107976694.31592612,0.0,3265.0,51726444.0,3.934707e+08,982589000.237975,True
38057,"Mercer, ND",1229326000.0,64275000.0,21331200.0,14492618.640376568,3815.0,41421217.0,1.2973829e+08,1229325999.606328,True
38059,"Morton, ND",1862796000.0,261605000.0,34201000.0,4254521.944226027,11613.0,195214492.0,2.5229475e+08,1862795999.3781257,True
38061,"Mountrail, ND",2155894000.0,82209097.62800166,24534195.50547781,0.0,4381.0,44727881.0,3.0505238e+08,2155893999.7905025,True
38063,"Nelson, ND",221220000.0,20665000.0,77294400.0,15014626.513507247,968.0,8404067.0,1.6541275e+08,221220003.62292922,True
38065,"Oliver, ND",326285000.0,9980539.88451257,17963805.29610994,0.0,616.0,8526728.000000002,9.747046e+07,326284999.5165725,True
38067,"Pembina, ND",744611000.0,77884000.0,159779600.0,37435330.59215093,2717.0,21503319.0,2.6304547e+08,744610996.5713876,True
38069,"Pierce, ND",295870000.0,19839701.70112081,70412146.33376724,0.0,1576.0,15167550.000000002,1.895602e+08,295870000.3653741,True
38071,"Ramsey, ND",898677000.0,93118000.0,108606000.0,68398550.64804316,5171.0,50919762.0,2.3533643e+08,898677003.6867247,True
38073,"Ransom, ND",439126000.0,42482389.691332,106606000.0,85586587.96610528,1974.0,21361877.0,1.522403e+08,439125999.36540014,True
38075,"Renville, ND",233911000.0,16883301.280697778,99728800.0,4131745.1985808015,644.0,8489612.0,1.993839e+08,233911000.46843478,True
38077,"Richland, ND",1519018000.0,130102315.81953397,171708600.0,199234230.95757627,7757.0,65420747.0,3.236707e+08,1519017992.9618201,True
38079,"Rolette, ND",521482000.0,43381913.206005454,70880527.84611578,0.0,4280.0,21080238.0,1.5926037e+08,521481997.92681694,True
38081,"Sargent, ND",1911347000.0,30248000.0,171086000.0,332104061.44834995,2652.0,15208602.0,1.6427509e+08,1911347002.3880363,True
38083,"Sheridan, ND",87033000.0,7461918.481348481,56222941.64288077,0.0,221.0,3835627.0,1.5315931e+08,87032998.29935025,True
38085,"Sioux, ND",151522000.0,11840225.467604825,15656061.361487385,0.0,1324.0,5538563.0,9.056112e+07,151521999.97585118,True
38087,"Slope, ND",28227000.0,4889000.0,7256000.0,1857296.1692736521,97.0,2353726.0,1.4171395e+08,28226999.66718873,True
38089,"Stark, ND",3481178000.0,351208524.48545104,23190210.079296224,0.0,17400.0,182409085.0,2.3382867e+08,3481178000.115447,True
38091,"Steele, ND",253277000.0,15662000.0,89086800.0,44099680.650660396,564.0,4995085.0,1.6912518e+08,253276999.45267314,True
38093,"Stutsman, ND",1955106000.0,148541000.0,252597800.0,88373200.0,10312.0,101338365.0,3.993786e+08,1955105998.0527897,True
38095,"Towner, ND",289904000.0,16915000.0,118708800.0,55904919.586893916,683.0,6882110.0,2.311701e+08,289904003.6291914,True
38097,"Traill, ND",663561000.0,66476158.746993944,118850800.0,28125265.2578876,3206.0,33426922.0,2.2194936e+08,663561004.0998155,True
38099,"Walsh, ND",902923000.0,70783000.0,178625000.0,70830006.66913247,4797.0,34501561.0,2.850805e+08,902922994.238425,True
38101,"Ward, ND",4928341000.0,722586459.3409605,152871714.11923835,0.0,30323.0,380630712.0,4.0726874e+08,4928341000.447478,True
38103,"Wells, ND",411338000.0,31564000.0,160053800.0,58644343.557519436,1434.0,11329014.0,2.7395142e+08,411337991.3436401,True
38105,"Williams, ND",7276304000.0,442309905.9015003,52711250.0,232049328.34152317,25521.0,222411448.0,3.7877027e+08,7276304000.542228,True
39001,"Adams, OH",973291000.0,119343000.0,25763250.0,581110.03303051,5560.0,88411182.0,4.5992452e+07,973291000.8949472,True
39003,"Allen, OH",10685101000.0,598462000.0,59212400.0,15827600.0,49401.0,385034417.0,7.98365e+07,10685100999.38792,True
39005,"Ashland, OH",2344862000.0,309186099.04977655,52411200.0,91622977.64000559,18646.0,199414665.0,5.699858e+07,2344862000.288247,True
39007,"Ashtabula, OH",4155238000.0,728499000.0,43112600.0,3918400.0,28468.0,342166714.0,5.5436864e+07,4155237999.6918488,True
39009,"Athens, OH",2599895000.0,392888219.43647295,4257631.189175421,0.0,18702.0,228930298.0,2.1385124e+07,2599894999.9569345,True
39011,"Auglaize, OH",3539070000.0,306573482.5894785,134837400.0,57552511.53938055,21728.0,197729615.0,9.048386e+07,3539070005.3899035,True
39013,"Belmont, OH",3640241000.0,349884939.17258257,5591750.0,67960720.34029627,20092.0,225664052.0,1.992645e+07,3640240999.8147473,True
39015,"Brown, OH",1161095000.0,261083261.7939388,29730425.32220804,0.0,7340.0,170672920.0,6.6143764e+07,1161094999.5557854,True
39017,"Butler, OH",27945939000.0,3460727270.521657,12931529.483849406,0.0,160654.0,1979013195.0,3.8986456e+07,27945939000.244114,True
39019,"Carroll, OH",1866831000.0,166834235.604409,12757000.0,289707936.0132382,6033.0,107602487.0,2.482324e+07,1866831000.4295998,True
39021,"Champaign, OH",1645851000.0,249230370.33395153,82567767.67831182,0.0,10575.0,166892034.0,8.984228e+07,1645851002.476849,True
39023,"Clark, OH",5928144000.0,786635896.7094488,81205722.02480395,0.0,47291.0,517118674.0,6.871413e+07,5928143998.062567,True
39025,"Clermont, OH",9970691000.0,1763725681.9415975,7320572.447929616,0.0,60119.0,1155418199.0,3.4376496e+07,9970691000.182278,True
39027,"Clinton, OH",3056767000.0,283260502.5339965,64476817.16621127,0.0,19070.0,184054678.0,8.533615e+07,3056766997.4381704,True
39029,"Columbiana, OH",4628402000.0,516504440.4977572,62865814.30690721,0.0,28013.0,342746772.0,4.302125e+07,4628401997.758545,True
39031,"Coshocton, OH",1622506000.0,210991000.0,60438000.0,51376901.944551945,9504.0,121839217.0,4.572518e+07,1622505998.563354,True
39033,"Crawford, OH",1752307000.0,235612000.0,77722400.0,57829398.71565461,12804.0,140639497.0,8.986927e+07,1752307000.0971255,True
39035,"Cuyahoga, OH",129329656000.0,14668656000.0,9720800.0,68200.0,751187.0,6349126921.830042,3.956604e+06,129329655999.79912,True
39037,"Darke, OH",2996145000.0,250725000.0,330183600.0,264634628.62342358,17845.0,199296427.0,1.4447899e+08,2996145005.7630067,True
39039,"Defiance, OH",2147525000.0,211236313.45817018,51279741.749277,0.0,14922.0,133194932.0,8.601624e+07,2147524999.4105315,True
39041,"Delaware, OH",17780821000.0,2616669000.0,42946800.0,4830200.0,105243.0,1783117493.0,6.1589176e+07,17780821000.53324,True
39043,"Erie, OH",5336464000.0,529011046.9285571,59423445.62419452,0.0,33836.0,341478913.0,4.0270812e+07,5336463999.95213,True
39045,"Fairfield, OH",6504510000.0,1293476000.0,44053000.0,11262000.0,45097.0,885674655.0,7.207563e+07,6504509999.778259,True
39047,"Fayette, OH",2402659000.0,169101255.8012327,107625400.0,611302214.082963,10143.0,109064639.0,9.501118e+07,2402659000.6714735,True
39049,"Franklin, OH",134481840000.0,16010972000.0,32457000.0,3669000.0,814719.0,8518086067.413462,2.7903732e+07,134481839998.7887,True
39051,"Fulton, OH",2628550000.0,256957597.43929407,72228600.0,29113509.704501152,17586.0,165729033.0,9.5529576e+07,2628549997.793764,True
39053,"Gallia, OH",2615971000.0,113799000.0,9896000.0,35382731.396662235,10879.0,90457889.0,2.0127754e+07,2615971000.078742,True
39055,"Geauga, OH",5775888000.0,685985000.0,66676666.66666667,6226333.333333015,35030.0,624167846.0,2.0472204e+07,5775888001.564856,True
39057,"Greene, OH",13625916000.0,1524791554.452123,62310233.658439785,0.0,68123.0,919159278.0,6.4188116e+07,13625916000.270538,True
39059,"Guernsey, OH",3301597000.0,205605344.14725408,12937853.967937933,0.0,14461.0,148403480.0,2.3739282e+07,3301596999.946778,True
39061,"Hamilton, OH",103726436000.0,10621481000.0,16836400.0,7947600.0,534856.0,4769140634.0,9.378097e+06,103726436000.188,True
39063,"Hancock, OH",7145699000.0,632726000.0,105632200.0,3514800.0,44531.0,342951042.0,1.2313068e+08,7145698998.847889,True
39065,"Hardin, OH",1261633000.0,198806000.0,91083600.0,88013679.67479992,7371.0,92103292.0,1.0991354e+08,1261633000.7963138,True
39067,"Harrison, OH",1425254000.0,123322000.0,7409000.0,51478151.07675266,3551.0,43016112.0,1.9586638e+07,1425254000.1617982,True
39069,"Henry, OH",1569781000.0,158333000.0,78333200.0,7068644.76954937,10592.0,106351303.0,1.0620964e+08,1569781001.6803381,True
39071,"Highland, OH",1767213000.0,224289000.0,68952200.0,11159908.390894413,10840.0,148521169.0,8.384611e+07,1767213000.4738243,True
39073,"Hocking, OH",795601000.0,166184070.7108244,1314416.2110506166,0.0,6934.0,109901333.0,1.8299388e+07,795600999.9823234,True
39075,"Holmes, OH",3594717000.0,232655000.0,187278400.0,95926988.71960068,21845.0,185591309.0,3.890195e+07,3594717000.7522054,True
39077,"Huron, OH",2979670000.0,350973000.0,100008000.0,27166489.387385845,21670.0,211342811.0,1.05130776e+08,2979669996.8730636,True
39079,"Jackson, OH",1265944000.0,132501939.87329037,13318334.76810083,0.0,10041.0,103026740.0,2.1691616e+07,1265944000.478477,True
39081,"Jefferson, OH",4916040000.0,315674425.5505224,2774250.0,46558044.18910313,19612.0,203599418.0,1.7080032e+07,4916040000.058134,True
39083,"Knox, OH",2987247000.0,407974000.0,106466666.66666667,31422333.333333492,19622.0,284557379.0,6.957856e+07,2987246996.065504,True
39085,"Lake, OH",14922821000.0,2000523170.9837587,53930252.72586412,0.0,94546.0,1248552040.0,5.446068e+06,14922820999.363255,True
39087,"Lawrence, OH",2375547000.0,261923529.89070228,1387325.5466324366,0.0,13066.0,184936183.0,1.717037e+07,2375547000.0299835,True
39089,"Licking, OH",10517804000.0,1375360000.0,66655600.00000001,49118400.0,73355.0,947562633.0,7.617137e+07,10517803997.574825,True
39091,"Logan, OH",2666284000.0,395649000.0,71711800.0,19678200.0,19360.0,199654741.0,8.613848e+07,2666283997.646959,True
39093,"Lorain, OH",14199443000.0,2331133518.6042814,20649253.86554139,0.0,99992.0,1526723338.0,4.9741948e+07,14199442999.471964,True
39095,"Lucas, OH",32958546000.0,4505763888.252529,16579708.240247967,0.0,202605.0,1787980081.0,3.0330256e+07,32958546000.35768,True
39097,"Madison, OH",2816851000.0,293342537.47837955,122671224.85968484,0.0,20410.0,196541564.0,1.0972992e+08,2816850999.9563303,True
39099,"Mahoning, OH",12092704000.0,1508546000.0,28855800.0,29688200.0,92953.0,874586407.330262,2.699766e+07,12092704000.736008,True
39101,"Marion, OH",3464620000.0,503525000.0,78289400.0,10840600.0,23364.0,227260635.0,8.556907e+07,3464620002.580588,True
39103,"Medina, OH",9960633000.0,1449963471.0264766,11247040.797756061,0.0,62633.0,1104544823.0,3.4677452e+07,9960632999.628395,True
39105,"Meigs, OH",509470000.0,140235818.1815263,5802061.317699368,0.0,3729.0,64396697.0,1.8339088e+07,509469999.7837269,True
39107,"Mercer, OH",3352420000.0,283564005.6166668,478909800.0,199568708.09563446,19998.0,182889274.0,1.0990227e+08,3352419989.567992,True
39109,"Miami, OH",5926601000.0,798599569.3990027,60047762.94057648,0.0,42098.0,534202324.0,7.944325e+07,5926601001.60066,True
39111,"Monroe, OH",1322650000.0,82953000.0,9168000.0,69299532.86678839,2776.0,40462323.0,1.7262784e+07,1322650000.4512148,True
39113,"Montgomery, OH",38165504000.0,4409882000.0,41088200.0,7330800.0,257007.0,2425688039.0086393,4.2904856e+07,38165504001.1959,True
39115,"Morgan, OH",495782000.0,67982475.75994377,4772400.0,868084.3535037637,2895.0,43846417.0,2.002442e+07,495781999.90690273,True
39117,"Morrow, OH",876573000.0,218016979.92917186,29591488.187448017,0.0,6230.0,154285179.0,6.810827e+07,876573000.5176389,True
39119,"Muskingum, OH",5054029000.0,504294000.0,27846600.0,27163400.0,34629.0,329519913.0,4.254565e+07,5054028998.785894,True
39121,"Noble, OH",527354000.0,56542059.320674494,9323685.591016795,0.0,2739.0,40635890.0,1.5648864e+07,527354000.2269183,True
39123,"Ottawa, OH",2652938000.0,328375628.571378,19347600.0,25161118.43549633,12612.0,211791268.0,4.924077e+07,2652938000.5457067,True
39125,"Paulding, OH",812806000.0,94807513.64439954,93214254.4469132,0.0,4992.0,56934612.0,9.966503e+07,812806002.8788947,True
39127,"Perry, OH",934106000.0,156908748.35603502,14561940.193903152,0.0,5842.0,130230701.0,3.2045928e+07,934105999.8597724,True
39129,"Pickaway, OH",2624032000.0,420950755.79223794,98962669.21508946,0.0,14709.0,278145760.8705418,1.0360835e+08,2624032001.2163377,True
39131,"Pike, OH",1493959000.0,146495219.9599413,23381600.0,4389679.3661596775,10224.0,94484504.0,2.8502408e+07,1493958999.4344156,True
39133,"Portage, OH",8482609000.0,1238407095.9781532,10472040.368286176,0.0,55772.0,793776363.0,3.114854e+07,8482608999.840397,True
39135,"Preble, OH",1581930000.0,241062682.58964646,79772881.56531279,0.0,11800.0,158798283.0,8.316222e+07,1581930001.2533875,True
39137,"Putnam, OH",1725122000.0,212756373.8775133,151686834.77506596,0.0,12192.0,138408054.0,1.2961112e+08,1725121997.6684978,True
39139,"Richland, OH",5830112000.0,658477794.4265163,84776490.11778869,0.0,47696.0,447232332.0,6.3491e+07,5830112001.22963,True
39141,"Ross, OH",3626781000.0,354262000.0,46895000.0,15835000.0,28675.0,273108623.0,7.4115896e+07,3626780998.025823,True
39143,"Sandusky, OH",3929584000.0,331527482.3710589,44807400.0,141175110.9491682,26036.0,213824108.0,9.208991e+07,3929583999.276572,True
39145,"Scioto, OH",3473215000.0,352588530.0272345,7846052.732105348,0.0,24365.0,235433235.0,3.3324096e+07,3473215000.1451283,True
39147,"Seneca, OH",2713348000.0,282102400.93995535,70207200.0,14149670.0300498,18247.0,181946588.0,1.26822056e+08,2713347999.37228,True
39149,"Shelby, OH",3957823000.0,316411661.6244898,106443699.90047342,0.0,26886.0,207733043.0,8.9119704e+07,3957822995.3172092,True
39151,"Stark, OH",22548981000.0,2672978000.0,29726600.0,11920400.0,161831.0,1584114148.0,4.451404e+07,22548980999.60724,True
39153,"Summit, OH",38671309000.0,4941079000.0,7478600.0,1126400.0,269669.0,2786508563.0,8.511711e+06,38671309000.375046,True
39155,"Trumbull, OH",9281961000.0,1431053000.0,51814800.0,7163200.0,62461.0,695752001.0,3.9384104e+07,9281961001.06479,True
39157,"Tuscarawas, OH",5037808000.0,608840000.0,90397800.0,77396200.0,35584.0,381326800.0,4.1157396e+07,5037808003.976672,True
39159,"Union, OH",5579447000.0,475654000.0,175045800.0,139440444.6827526,37111.0,429492263.0,8.865833e+07,5579447000.115686,True
39161,"Van Wert, OH",1740956000.0,183641000.0,170560200.0,30821017.919635773,11293.0,95646596.0,1.0234938e+08,1740955998.1122234,True
39163,"Vinton, OH",523365000.0,56910000.0,5084000.0,8284548.03760618,2460.0,41117506.0,1.7858016e+07,523364999.91548264,True
39165,"Warren, OH",17587014000.0,2648540163.5288563,20760828.832786467,0.0,104407.0,1626522710.4136786,3.6626396e+07,17587014000.763195,True
39167,"Washington, OH",4593042000.0,439803000.0,16410400.000000002,6086600.0,24033.0,242656753.0,3.0227652e+07,4593041999.764074,True
39169,"Wayne, OH",8530135000.0,769143000.0,226491400.0,107814600.0,48576.0,495046742.0,7.987557e+07,8530135010.8264675,True
39171,"Williams, OH",2219200000.0,199395499.1344244,70683200.0,12971632.589569092,16679.0,128603410.0,8.4258904e+07,2219200000.848712,True
39173,"Wood, OH",10288024000.0,1110707000.0,111365000.0,15023000.0,73615.0,643705406.0,1.3946674e+08,10288024005.84574,True
39175,"Wyandot, OH",1432877000.0,125900018.90236926,100437800.0,1874416.7333033085,10594.0,81201290.0,9.190446e+07,1432876997.8697963,True
40001,"Adair, OK",558662000.0,66903347.65259499,58234200.0,30219864.754398704,4511.0,46072108.0,2.1471702e+07,558662000.33372,True
40003,"Alfalfa, OK",499712000.0,20771000.0,45587800.0,14095997.952241898,1225.0,11751742.0,2.0811642e+08,499711998.9359907,True
40005,"Atoka, OK",443450000.0,66031089.37326043,3292792.32917559,0.0,3124.0,38116303.0,3.893191e+07,443449999.8704895,True
40007,"Beaver, OK",551556000.0,36001000.0,156598750.0,22692958.987369597,1480.0,12059264.0,1.586185e+08,551555997.0661597,True
40009,"Beckham, OK",1222023000.0,119769000.0,3848400.0,37159911.943611145,8119.0,70732799.0,7.309283e+07,1222023000.0625746,True
40011,"Blaine, OK",1893975000.0,61720000.0,13118600.0,68136822.40269852,2512.0,28062097.0,1.4216136e+08,1893975000.6654572,True
40013,"Bryan, OK",2568772000.0,255220493.17427304,13767100.371920565,0.0,20991.0,178153000.0,5.4416148e+07,2568772000.1450286,True
40015,"Caddo, OK",1244421000.0,84634866.99259439,20955804.12003708,0.0,6617.0,64061879.0,1.5958955e+08,1244420999.3667855,True
40017,"Canadian, OK",8175732000.0,1122159000.0,21004600.0,14113400.0,39017.0,774551275.0,1.3074139e+08,8175732000.150207,True
40019,"Carter, OK",3842721000.0,271147127.05851537,4516000.0,46052161.93707752,23303.0,186721893.0,3.7146996e+07,3842720999.7929196,True
40021,"Cherokee, OK",1795902000.0,257473435.3611674,9753513.558539191,0.0,13276.0,168990039.0,2.7926526e+07,1795901999.9672573,True
40023,"Choctaw, OK",520911000.0,55848773.60049353,2472509.647824516,0.0,4672.0,42252054.0,3.1928674e+07,520911000.0155434,True
40025,"Cimarron, OK",339390000.0,11049000.0,177477000.0,79704358.29417166,572.0,4197010.999999999,2.0832685e+08,339389999.4767039,True
40027,"Cleveland, OK",12146414000.0,2400024000.0,8469500.0,1377500.0,94350.0,1507857465.0,2.4820908e+07,12146413999.780241,True
40029,"Coal, OK",358266000.0,24243000.0,18547800.0,10097349.046714783,1339.0,12459732.0,2.2124784e+07,358266000.52722895,True
40031,"Comanche, OK",6536267000.0,704371000.0,10718800.0,6937200.0,36480.0,457758550.3492556,7.851197e+07,6536266999.567568,True
40033,"Cotton, OK",211345000.0,25155250.148100145,10557555.919102432,0.0,1631.0,13372079.0,9.66491e+07,211345000.07680655,True
40035,"Craig, OK",581080000.0,67319000.0,35507600.0,23096932.358267546,4621.0,46181646.0,4.039466e+07,581079999.6514834,True
40037,"Creek, OK",2719837000.0,326071628.41519046,3362855.2094136192,0.0,20617.0,275880134.0,3.7646428e+07,2719837000.1742496,True
40039,"Custer, OK",2013524000.0,138333000.0,25598600.0,2467824.72543478,11641.0,100833125.0,1.3605834e+08,2013523999.365243,True
40041,"Delaware, OK",1293944000.0,234066000.0,138676000.0,49112396.95582199,10172.0,158217554.0,3.0978414e+07,1293943999.0633807,True
40043,"Dewey, OK",834050000.0,19846000.0,6912000.0,17138966.842029214,2000.0,12244573.0,9.448459e+07,834049999.7593894,True
40045,"Ellis, OK",967066000.0,15019542.709099973,72599000.0,54864680.5295583,1116.0,10343010.0,7.803442e+07,967066002.438524,True
40047,"Garfield, OK",3841100000.0,432732684.0242785,57344599.47078207,0.0,22644.0,232540485.0,2.0266794e+08,3841100001.5276504,True
40049,"Garvin, OK",2313358000.0,173860000.0,5855000.0,40987677.028879166,9275.0,83135728.0,5.5343508e+07,2313358000.145673,True
40051,"Grady, OK",4553487000.0,352733000.0,34053400.0,3625840.0593910217,13243.0,216784250.0,1.0169913e+08,4553486999.454243,True
40053,"Grant, OK",345702000.0,24533000.0,53559200.0,24332280.504983425,1345.0,9382230.0,2.0821414e+08,345701999.44936424,True
40055,"Greer, OK",133424000.0,17694000.0,24238600.0,1788916.8070917726,846.0,12341756.0,5.9902316e+07,133423999.27390859,True
40057,"Harmon, OK",130050000.0,10602000.0,39826400.0,19406874.669043213,582.0,4965979.0,5.803267e+07,130050000.71308312,True
40059,"Harper, OK",305271000.0,14411000.0,132436600.0,36995915.78595215,877.0,8230952.0,8.771853e+07,305270998.1894309,True
40061,"Haskell, OK",461351000.0,47172000.0,58595200.0,40489124.34878147,2958.0,33751186.0,2.2128962e+07,461350998.48263925,True
40063,"Hughes, OK",890135000.0,35053706.97602766,280297400.0,16537830.596212745,2956.0,24139273.0,3.7428172e+07,890135013.8954974,True
40065,"Jackson, OK",1445508000.0,126623238.85325812,60962319.90041706,0.0,8018.0,89219194.0,1.3811885e+08,1445507997.5612733,True
40067,"Jefferson, OK",150892000.0,27851000.0,14339600.0,8898763.69095385,940.0,10771428.0,6.5111036e+07,150891999.5968337,True
40069,"Johnston, OK",652896000.0,59167000.0,3124600.0,94923511.77956593,3227.0,28789896.0,2.8922832e+07,652895999.9272312,True
40071,"Kay, OK",2308350000.0,267920000.0,37192600.0,68280014.80577421,15500.0,128984006.0,1.6401738e+08,2308349998.42738,True
40073,"Kingfisher, OK",3224380000.0,87954000.0,56725600.0,78087534.0373311,6605.0,62801621.0,1.7027355e+08,3224380001.316959,True
40075,"Kiowa, OK",288719000.0,33128547.36753424,53089859.93474922,0.0,1723.0,20269864.0,1.6425538e+08,288718997.4780364,True
40077,"Latimer, OK",366955000.0,37260000.0,10192666.666666666,48034889.96538788,2442.0,25319882.0,2.7747266e+07,366955000.0911174,True
40079,"Le Flore, OK",1698220000.0,166416000.0,132961600.0,17657899.607261658,12030.0,133554174.0,6.810044e+07,1698220005.0050185,True
40081,"Lincoln, OK",991563000.0,152717000.0,2541800.0,9278636.235070825,6840.0,108923820.0,4.456488e+07,991562999.8927792,True
40083,"Logan, OK",1167913000.0,204559000.0,13321666.666666666,1504333.3333332539,9215.0,226545073.0,7.0005816e+07,1167913000.6563647,True
40085,"Love, OK",885420000.0,46761000.0,2104000.0,47650194.361887455,5191.0,38089665.0,2.806543e+07,885419999.9761332,True
40087,"McClain, OK",2320621000.0,291812893.0114693,6814334.324584769,0.0,12355.0,207585810.0,4.3384044e+07,2320621000.0487776,True
40089,"McCurtain, OK",1650457000.0,148257000.0,93817400.0,20694455.278989553,12436.0,84535201.0,7.12661e+07,1650456999.8875115,True
40091,"McIntosh, OK",500511000.0,105484229.83719073,2821223.674372865,0.0,3982.0,62002392.0,2.8306002e+07,500510999.9422487,True
40093,"Major, OK",688252000.0,30537000.0,36966200.0,16984750.036805272,2504.0,24394194.0,1.2794633e+08,688251999.5045481,True
40095,"Marshall, OK",733670000.0,92263000.0,1564600.0,45804673.82943046,4515.0,48473776.0,1.8313526e+07,733670000.0539098,True
40097,"Mayes, OK",2686571000.0,183930719.73583916,21457869.052699544,0.0,13206.0,150864075.0,3.453404e+07,2686571000.7314863,True
40099,"Murray, OK",689419000.0,64677773.17801471,1326982.289961915,0.0,4043.0,45070409.0,1.7339702e+07,689419000.0243636,True
40101,"Muskogee, OK",3559255000.0,449009000.0,3970400.0,2706600.0,27927.0,221224846.0,4.4226696e+07,3559254999.98227,True
40103,"Noble, OK",812844000.0,55857000.0,20479750.0,6064745.2537817955,4652.0,37063770.0,9.294697e+07,812843999.275725,True
40105,"Nowata, OK",261210000.0,60688000.0,3979000.0,17038443.867967248,2029.0,30181375.0,2.5668108e+07,261210000.00035957,True
40107,"Okfuskee, OK",298499000.0,47255815.395068154,2021339.1624582843,0.0,2354.0,28199182.0,2.7422526e+07,298499000.04059863,True
40109,"Oklahoma, OK",70467237000.0,7678012000.0,22717200.0,3603800.0,484332.0,4147288216.4684243,2.9833284e+07,70467237000.09184,True
40111,"Okmulgee, OK",1099992000.0,143629812.24209285,1755780.8081955563,0.0,9712.0,111061200.0,3.7073548e+07,1099992000.023541,True
40113,"Osage, OK",1373763000.0,234159544.7228322,24137484.180538367,0.0,8756.0,164570537.0,9.975874e+07,1373763000.1662138,True
40115,"Ottawa, OK",1385434000.0,134668000.0,101662600.0,56320975.22060847,11895.0,88746606.0,4.601784e+07,1385433998.20934,True
40117,"Pawnee, OK",450588000.0,72395472.33692773,981945.7898800875,0.0,3630.0,48101511.0,3.2697314e+07,450587999.9809041,True
40119,"Payne, OK",4272245000.0,520665087.78121585,4156254.2081874358,0.0,35589.0,373254767.0,4.1314464e+07,4272245000.0206738,True
40121,"Pittsburg, OK",2505302000.0,248983000.0,3043600.0,5004400.0,12742.0,155731437.0,5.079398e+07,2505302000.0511227,True
40123,"Pontotoc, OK",2702255000.0,210013295.25837222,2291500.0,13880903.22175932,20048.0,144622886.0,2.8807476e+07,2702255000.003418,True
40125,"Pottawatomie, OK",2723035000.0,322694412.54944146,1853889.363835723,0.0,22815.0,246310195.0,3.9509172e+07,2723034999.9167385,True
40127,"Pushmataha, OK",313951000.0,55429461.47963081,4390745.00689575,0.0,2472.0,29899080.0,4.8648028e+07,313951000.1782531,True
40129,"Roger Mills, OK",429372000.0,20309000.0,9348500.0,20082243.711906254,910.0,11977138.0,6.7762296e+07,429372000.42789215,True
40131,"Rogers, OK",4603825000.0,628896629.8213838,5135114.546342896,0.0,33366.0,447303618.0,3.3686616e+07,4603824999.926568,True
40133,"Seminole, OK",1005436000.0,101914735.68626,867732.9126518776,0.0,7520.0,57827461.0,2.4925668e+07,1005436000.0268575,True
40135,"Sequoyah, OK",995956000.0,162793000.0,11620000.0,27258401.45745206,9384.0,117086309.0,3.1092248e+07,995956000.132873,True
40137,"Stephens, OK",2899216000.0,268386780.88515782,1570764.303403814,0.0,15578.0,144153719.0,5.3647064e+07,2899215999.966664,True
40139,"Texas, OK",2425261000.0,78095000.0,740313600.0,208408168.75903273,10235.0,64094669.0,2.7083306e+08,2425260957.51779,True
40141,"Tillman, OK",180546000.0,20267845.638618413,20577010.97966791,0.0,1558.0,13248299.000000002,1.7232323e+08,180546000.06915018,True
40143,"Tulsa, OK",55753090000.0,5766576000.0,7996600.0,175400.0,375335.0,3444740941.0,2.1301488e+07,55753090000.225586,True
40145,"Wagoner, OK",1904202000.0,409316871.99711615,9295495.473109273,0.0,12206.0,372989513.0,4.744328e+07,1904201999.6962533,True
40147,"Washington, OK",4105702000.0,268214000.0,1714250.0,173176419.61030483,19046.0,204455489.0,2.4369908e+07,4105701999.9889145,True
40149,"Washita, OK",432731000.0,44173000.0,15049200.0,4733853.419275999,2285.0,30232503.0,1.8258616e+08,432731000.6139829,True
40151,"Woods, OK",762934000.0,53685000.0,34773200.0,15311617.002779603,3306.0,30135853.0,1.406541e+08,762934001.9438787,True
40153,"Woodward, OK",1466122000.0,122004151.69242157,2431400.0,4784169.300471067,8020.0,84016550.0,9.158717e+07,1466122000.0417073,True
41001,"Baker, OR",792821000.0,115372000.0,56644800.0,74838139.67367971,5330.0,99121110.0,1.2891135e+08,792820999.7279441,True
41003,"Benton, OR",5931275000.0,1016232714.8143744,101096527.2427826,0.0,38819.0,852098928.0,7.703056e+07,5931275001.267883,True
41005,"Clackamas, OR",28949485000.0,5199474000.0,304994200.0,76594800.0,181774.0,4841197895.0,1.1786289e+08,28949485004.682346,True
41007,"Clatsop, OR",2535465000.0,412792886.3122583,40139711.002944134,0.0,17288.0,370117649.0,2.5465152e+07,2535464998.4930134,True
41009,"Columbia, OR",2024595000.0,347719000.0,34917600.0,5802400.0,11194.0,415159415.0,2.4749836e+07,2024594999.5964038,True
41011,"Coos, OR",3107350000.0,540798000.0,136442200.0,16719800.0,22992.0,450773920.0,5.4865916e+07,3107350001.0451093,True
41013,"Crook, OR",1566316000.0,276404624.55301404,44327000.0,19323848.760067225,7167.0,230268979.0,7.3526136e+07,1566315999.027689,True
41015,"Curry, OR",930581000.0,200621000.0,39218000.0,8560431.638176441,6519.0,212623573.0,5.404522e+07,930581000.4636304,True
41017,"Deschutes, OR",15338400000.0,3014254000.0,76599800.0,16556200.0,90452.0,2514896453.0,7.6631464e+07,15338400001.336727,True
41019,"Douglas, OR",5075002000.0,752577000.0,140945400.0,14370600.0,37255.0,716776446.0,1.9232296e+08,5075002000.619064,True
41021,"Gilliam, OR",460728000.0,16156000.0,82454666.66666667,24307052.78438115,791.0,8485197.0,1.291045e+08,460728001.7635044,True
41023,"Grant, OR",353956000.0,48304362.03021681,34546750.0,15808241.306280613,2230.0,40241715.0,1.4807974e+08,353955998.6984052,True
41025,"Harney, OR",447549000.0,40882521.05276683,95031000.0,65169681.28571272,2499.0,34058679.0,2.1279202e+08,447548997.31284744,True
41027,"Hood River, OR",1634191000.0,242252000.0,72599400.0,42894600.0,13643.0,239874802.0,6.1468836e+07,1634191001.1981075,True
41029,"Jackson, OR",12647982000.0,2277379000.0,225000200.0,54217800.0,90545.0,1879301773.0,1.32772584e+08,12647981997.149313,True
41031,"Jefferson, OR",1101091000.0,178368657.4531602,81471250.0,74535676.45112789,6510.0,148596532.0,9.265427e+07,1101091002.693324,True
41033,"Josephine, OR",3702427000.0,753535000.0,30418000.0,8152000.0,30421.0,708952291.0,5.4885584e+07,3702427000.3793263,True
41035,"Klamath, OR",3356365000.0,465251000.0,166689200.0,50076800.0,22844.0,396162512.0,2.5775318e+08,3356364999.080146,True
41037,"Lake, OR",474258000.0,51951000.0,87769800.0,66936110.48877835,2453.0,38677485.0,1.800037e+08,474257996.3931272,True
41039,"Lane, OR",22459799000.0,4071584073.7639775,210035088.88919437,0.0,156880.0,3092743336.0,2.0821472e+08,22459798995.65149,True
41041,"Lincoln, OR",2629540000.0,651817000.0,101760000.0,4203368.628193855,16986.0,441038578.0,3.466146e+07,2629540003.4349103,True
41043,"Linn, OR",6660702000.0,1104243212.6279712,280395972.1379403,0.0,46739.0,920909055.0,1.8732891e+08,6660701999.702037,True
41045,"Malheur, OR",1529227000.0,149448779.50200534,204478108.1509171,0.0,13279.0,117917004.0,5.2979267e+08,1529227000.4388208,True
41047,"Marion, OR",22560628000.0,3189463000.0,733637250.0,34476750.0,170733.0,2449143837.0,3.644596e+08,22560628008.07947,True
41049,"Morrow, OR",1912929000.0,64185382.764937155,388953800.0,41958581.66878033,6068.0,53471980.0,3.3383818e+08,1912929004.8228068,True
41051,"Multnomah, OR",87378980000.0,11139077874.023468,175200286.95284393,0.0,522256.0,8265003430.081074,2.1242992e+07,87378979997.13045,True
41053,"Polk, OR",2755338000.0,625457000.0,115444750.0,22607250.0,21249.0,675722801.0,1.4430405e+08,2755337998.6117005,True
41055,"Sherman, OR",777369000.0,17877000.0,70331000.0,15877298.852044582,803.0,8909434.0,1.2008492e+08,777369000.6154188,True
41057,"Tillamook, OR",1461150000.0,300034226.7855939,97704423.82439506,0.0,9679.0,245147935.0,4.062931e+07,1461150002.3814394,True
41059,"Umatilla, OR",4736332000.0,496581000.0,309872200.0,76568800.0,32108.0,367998726.0,4.3633482e+08,4736332005.280897,True
41061,"Union, OR",1317248000.0,182105315.2654392,53897199.05526921,0.0,10134.0,151878757.0,1.423968e+08,1317247999.1648235,True
41063,"Wallowa, OR",519511000.0,73793908.87003943,46545000.0,23547336.40833056,2963.0,61476714.0,1.3819126e+08,519511001.5729034,True
41065,"Wasco, OR",2150135000.0,227095739.5735891,26672661.95139675,0.0,10091.0,168835741.0,1.6775726e+08,2150135000.8836365,True
41067,"Washington, OR",60578013000.0,7596033863.561413,178637666.66666666,110066477.53784943,327531.0,6328153753.0,1.090466e+08,60578012998.96675,True
41069,"Wheeler, OR",55048000.0,15978322.30823068,3565734.8562038345,0.0,366.0,8457037.0,4.927411e+07,55048000.11603885,True
41071,"Yamhill, OR",4983233000.0,1022607847.5988026,251577907.65238342,0.0,38662.0,882407276.0,1.6139091e+08,4983233005.3371,True
42001,"Adams, PA",4578173000.0,688243000.0,74502200.0,22609194.276742935,31894.0,571579127.0,7.017162e+07,4578173001.816526,True
42003,"Allegheny, PA",127286970000.0,14406316000.0,14735400.0,5869600.0,728045.0,7095000825.995837,1.6314499e+07,127286969999.66705,True
42005,"Armstrong, PA",2461050000.0,352246000.0,24362200.0,4111800.0,16144.0,239683194.0,4.9992836e+07,2461049999.479374,True
42007,"Beaver, PA",7893082000.0,1011198999.5982718,4409955.246552225,0.0,50483.0,760623073.0,2.1180324e+07,7893082000.077825,True
42009,"Bedford, PA",1941005000.0,248951261.27372125,41166402.623371184,0.0,16104.0,186307443.0,7.294344e+07,1941005002.0480118,True
42011,"Berks, PA",25397072000.0,3958669762.7967844,295534252.18320817,0.0,179513.0,2140375222.4081118,8.97903e+07,25397072006.236214,True
42013,"Blair, PA",7678496000.0,828805455.878777,64276292.59879245,0.0,57420.0,468414382.0,3.8336988e+07,7678496001.333595,True
42015,"Bradford, PA",6281787000.0,361763309.49409014,75774754.00361577,0.0,22664.0,252789039.0,1.1523611e+08,6281786998.900239,True
42017,"Bucks, PA",46255811000.0,7830414000.0,61112000.0,13040000.0,282004.0,5897539337.761013,2.83238e+07,46255810999.56595,True
42019,"Butler, PA",13905640000.0,1858756000.0,22352600.0,2688400.0,88999.0,1257010802.0,6.199854e+07,13905639999.748964,True
42021,"Cambria, PA",5984827000.0,694356069.3018594,12156505.531511698,0.0,48495.0,405750473.0,4.1670212e+07,5984827000.485744,True
42023,"Cameron, PA",297835000.0,32438687.8701573,2249027.671394621,0.0,1492.0,14052424.0,1.5726169e+07,297835000.00726235,True
42025,"Carbon, PA",2685716000.0,627990000.0,3323666.6666666665,17268236.94064617,15436.0,294832378.0,1.959527e+07,2685715999.848936,True
42027,"Centre, PA",10743134000.0,1425346000.0,70425400.0,1704600.0,66922.0,930921473.5922469,7.188425e+07,10743134000.989273,True
42029,"Chester, PA",57280652000.0,8188112822.843774,480196035.23669577,0.0,267811.0,5084738791.0,5.1601164e+07,57280651992.01863,True
42031,"Clarion, PA",1405918000.0,185202000.0,20210400.0,5869600.0,11958.0,129736877.0,4.450737e+07,1405918000.4168415,True
42033,"Clearfield, PA",3866822000.0,457003011.9411387,21042473.234058738,0.0,27162.0,256035180.0,5.2076784e+07,3866821999.3524685,True
42035,"Clinton, PA",1948790000.0,239766467.27982232,25715586.53511177,0.0,12199.0,147567333.26847163,4.474141e+07,1948789999.2265432,True
42037,"Columbia, PA",3149814000.0,466397839.95935935,27021555.63957216,0.0,24251.0,288387942.0,4.599791e+07,3149814000.1525993,True
42039,"Crawford, PA",3555855000.0,433780308.6214935,80793936.14831841,0.0,28045.0,284978081.0,9.236034e+07,3555855002.6265492,True
42041,"Cumberland, PA",21783105000.0,2723031000.0,135497200.0,43646800.0,138979.0,1564792097.038893,6.1390624e+07,21783105000.621967,True
42043,"Dauphin, PA",27667486000.0,2501341000.0,69215400.0,34738600.0,201933.0,1567793460.0,4.1530604e+07,27667485997.859924,True
42045,"Delaware, PA",41201828000.0,6799115000.0,6653600.0,6559400.0,228791.0,3919613674.78156,2.940582e+06,41201828000.10266,True
42047,"Elk, PA",1787689000.0,139421677.59442574,5520666.666666667,51332742.5275116,12876.0,99602599.0,3.3765644e+07,1787688999.7370276,True
42049,"Erie, PA",14335119000.0,1654495148.3550916,28788348.202397674,0.0,120819.0,1082774882.0493488,2.5243784e+08,14335118999.569353,True
42051,"Fayette, PA",5393659000.0,630577438.3246353,8619238.506790033,0.0,37583.0,447950114.0,4.8741056e+07,5393659000.170793,True
42053,"Forest, PA",267105000.0,56946822.07644709,13581092.841926439,0.0,1738.0,13026041.0,1.7608624e+07,267105000.16570362,True
42055,"Franklin, PA",7950023000.0,981458000.0,251013200.0,26163800.0,56990.0,823574612.0,9.416811e+07,7950022990.891713,True
42057,"Fulton, PA",805806000.0,67620066.3801606,36299598.72382499,0.0,5230.0,67383937.0,3.2543172e+07,805805999.0239998,True
42059,"Greene, PA",4815441000.0,244544567.65965873,6794726.399713465,0.0,11594.0,116919057.0,2.743085e+07,4815441000.041123,True
42061,"Huntingdon, PA",1624031000.0,226251589.8990326,67293987.90928777,0.0,12439.0,158828237.0,5.9303164e+07,1624030999.2952168,True
42063,"Indiana, PA",4164162000.0,424182138.4978849,31052553.252851374,0.0,28392.0,263573851.0,6.2289268e+07,4164162000.4873247,True
42065,"Jefferson, PA",1844468000.0,209591000.0,40639666.666666664,6850333.333333254,14700.0,143187230.0,4.0661056e+07,1844467998.2704415,True
42067,"Juniata, PA",972614000.0,122856355.17957196,76659390.66469748,0.0,6650.0,94458298.0,3.4765332e+07,972613995.6415752,True
42069,"Lackawanna, PA",12910827000.0,1444473000.0,6319400.0,5020600.0,97186.0,959059510.0,1.7714098e+07,12910826999.889095,True
42071,"Lancaster, PA",37995709000.0,4873243000.0,852644400.0,234325600.0,258003.0,3306061924.0,1.275125e+08,37995708984.19423,True
42073,"Lawrence, PA",4180123000.0,518912575.88601464,9759197.217281347,0.0,26898.0,298631450.0,3.5338464e+07,4180123000.3138022,True
42075,"Lebanon, PA",7790160000.0,1004581176.5570579,227581921.69175136,0.0,52802.0,736086425.0,4.183546e+07,7790159993.524148,True
42077,"Lehigh, PA",30411304000.0,3409366000.0,50273333.333333336,3687666.666667938,215511.0,2285465537.0,3.3478472e+07,30411303999.232407,True
42079,"Luzerne, PA",19648747000.0,2204270727.18952,5552753.434070044,0.0,146183.0,1349588217.0,4.4349216e+07,19648746999.827446,True
42081,"Lycoming, PA",7564150000.0,964358000.0,56129200.0,23363800.0,49055.0,505613319.0,7.694527e+07,7564150002.419483,True
42083,"McKean, PA",2346350000.0,205061000.0,20189000.0,4575000.0,13613.0,101885389.0,4.2325268e+07,2346350000.4630218,True
42085,"Mercer, PA",5295038000.0,620845000.0,23562200.0,3187800.0,42473.0,415163017.0,6.896659e+07,5295037999.18542,True
42087,"Mifflin, PA",2170404000.0,219714984.0528469,103806548.9896863,0.0,16013.0,158062952.0,3.578366e+07,2170403999.529729,True
42089,"Monroe, PA",9134935000.0,1402715000.0,2562200.0,735800.0,50869.0,842802574.0,2.2694568e+07,9134934999.918081,True
42091,"Montgomery, PA",105806763000.0,12386022367.540508,12359853.947092036,0.0,546323.0,7731761037.289751,1.4097125e+07,105806763000.27223,True
42093,"Montour, PA",2518599000.0,86813000.0,14496800.0,3672975.490995884,17785.0,105258287.0,1.7236554e+07,2518598999.594259,True
42095,"Northampton, PA",20199980000.0,2706789000.0,5785400.0,2538600.0,123291.0,1991554616.0,3.4200324e+07,20199980000.005802,True
42097,"Northumberland, PA",4163129000.0,453369000.0,65933800.0,25122200.0,27386.0,325634950.0,5.1449028e+07,4163129001.3566265,True
42099,"Perry, PA",1289468000.0,301958825.55553204,104446250.0,33234444.340045214,8141.0,215718849.0,4.6001836e+07,1289468002.5143793,True
42101,"Philadelphia, PA",128685411000.0,16954534000.0,21395400.0,8212600.0,745931.0,7370314009.966611,538949.5,128685411000.0,True
42103,"Pike, PA",1929936000.0,651760000.0,1597000.0,17417237.018478394,11281.0,340105960.0,1.8350038e+07,1929935999.9686387,True
42105,"Potter, PA",1043077000.0,138431000.0,28435400.0,153909987.21510744,4811.0,56065431.0,5.4070236e+07,1043076999.0529737,True
42107,"Schuylkill, PA",6184410000.0,796758000.0,54158400.0,8027600.0,51690.0,497216553.0,5.88933e+07,6184410001.409937,True
42109,"Snyder, PA",2149352000.0,228941893.6280754,98059813.22985366,0.0,15607.0,163963633.0,3.6112412e+07,2149352001.824413,True
42111,"Somerset, PA",2978867000.0,411470664.16918814,49973938.46252561,0.0,23480.0,225242464.0,7.9530744e+07,2978866999.6539116,True
42113,"Sullivan, PA",379879000.0,56884000.0,7614000.0,75036792.9551658,1392.0,25936263.0,2.2784422e+07,379879000.01958066,True
42115,"Susquehanna, PA",3194314000.0,249617000.0,37336000.0,8593000.0,9011.0,177377555.0,4.574503e+07,3194314001.2386107,True
42117,"Tioga, PA",2158175000.0,234026576.71332768,27319354.226496406,0.0,12172.0,161911657.0,7.999967e+07,2158175000.961784,True
42119,"Union, PA",2381117000.0,231049000.0,67354200.0,223197832.3734064,16844.0,175621217.0,3.0656972e+07,2381117001.399961,True
42121,"Venango, PA",2180183000.0,254930414.03161559,11394979.016040731,0.0,16142.0,152522469.0,3.821317e+07,2180183000.1758885,True
42123,"Warren, PA",1711953000.0,200942131.46634886,19381018.72088756,0.0,13375.0,121668464.0,4.395175e+07,1711952999.306261,True
42125,"Washington, PA",18129772000.0,3002891000.0,9020600.0,9916400.0,86923.0,1132510008.0,4.732474e+07,18129772000.066265,True
42127,"Wayne, PA",2540004000.0,536076338.5881621,10144809.756393304,0.0,14421.0,256674531.0,2.8723224e+07,2540004000.152452,True
42129,"Westmoreland, PA",18924094000.0,2394863000.0,60233000.0,18442000.0,134448.0,1696720462.0,6.437822e+07,18924093999.003857,True
42131,"Wyoming, PA",1922505000.0,171434133.90987954,13114317.777122874,0.0,9517.0,122495422.0,2.5766698e+07,1922505000.455284,True
42133,"York, PA",27314282000.0,3799301216.276338,61556926.090316,0.0,187332.0,2372623467.0,1.0020196e+08,27314281998.070625,True
44001,"Bristol, RI",2435535000.0,623536421.6437362,3644720.010080761,0.0,14997.0,480097843.0,890552.8,2435535000.0019984,True
44003,"Kent, RI",11984539000.0,2023366000.0,4836200.0,2833800.0,79114.0,1340803663.941507,6.363557e+06,11984539000.070042,True
44005,"Newport, RI",8037551000.0,1350830057.8487647,19809000.0,62663804.988965034,36087.0,1013316483.0,7.966472e+06,8037550999.533166,True
44007,"Providence, RI",44720895000.0,5714142000.0,26165000.0,11570000.0,293972.0,4464210994.0,1.3799867e+07,44720895000.82009,True
44009,"Washington, RI",9135007000.0,1700656000.0,81411400.0,5724600.0,55609.0,1298030355.0,1.5524587e+07,9135007000.068495,True
45001,"Abbeville, SC",748621000.0,129036614.46951398,5281064.467517902,0.0,5595.0,82764887.0,2.1738894e+07,748621000.0715272,True
45003,"Aiken, SC",9792957000.0,1255753000.0,27421200.0,17240800.0,65453.0,797832875.5303503,5.3823696e+07,9792956999.735504,True
45005,"Allendale, SC",388886000.0,47051559.55837916,24213508.51325905,0.0,2248.0,15901961.0,3.3024792e+07,388886000.46325415,True
45007,"Anderson, SC",9972197000.0,1455766000.0,12822200.0,7303800.0,74539.0,974529646.0,3.2909364e+07,9972197000.274315,True
45009,"Bamberg, SC",460282000.0,89054000.0,18896500.0,5065591.037744045,3526.0,32551792.0,3.0091964e+07,460281999.9883484,True
45011,"Barnwell, SC",667758000.0,80010262.0998812,6389566.419972076,0.0,5283.0,51462385.95461058,3.0823996e+07,667757999.8300089,True
45013,"Beaufort, SC",12118302000.0,3024787000.0,8992200.0,2232800.0,68323.0,1869046229.0,8.483722e+06,12118301999.666111,True
45015,"Berkeley, SC",12952997000.0,2773289947.142908,11175579.63840496,0.0,71652.0,1606627535.0936337,2.6967746e+07,12952996999.607523,True
45017,"Calhoun, SC",788275000.0,70807000.0,30087800.0,22226493.43996024,4483.0,55598795.0,4.448748e+07,788274998.6449342,True
45019,"Charleston, SC",46777331000.0,8267085000.0,35675800.0,3963200.0,279528.0,4434461640.0,1.203933e+07,46777330998.85272,True
45021,"Cherokee, SC",2179105000.0,294213000.0,23458000.0,8516999.61028099,18680.0,179662725.0,1.6038533e+07,2179104999.767719,True
45023,"Chester, SC",1653942000.0,169472318.56899723,11791500.0,61134838.54738307,10197.0,108656661.0,2.4851732e+07,1653941999.5125523,True
45025,"Chesterfield, SC",1836053000.0,156946000.0,61160000.0,22805780.05841875,14899.0,112821940.0,4.8306404e+07,1836052998.6019282,True
45027,"Clarendon, SC",915444000.0,218801000.0,54525666.666666664,2885474.5886354446,6942.0,96902743.0,5.5578944e+07,915443999.1179947,True
45029,"Colleton, SC",1357140000.0,280386000.0,42772400.0,1168600.0,9828.0,150867994.0,3.785211e+07,1357140001.0498593,True
45031,"Darlington, SC",3405510000.0,246171740.8796957,25395087.029826887,0.0,21095.0,213459523.0,6.3174164e+07,3405510000.2174745,True
45033,"Dillon, SC",979189000.0,141207508.94719875,19828020.066462755,0.0,9462.0,64757755.0,4.274007e+07,979188999.7299834,True
45035,"Dorchester, SC",6144715000.0,1471619000.0,21426333.333333332,3579666.6666669846,39777.0,1006419428.0,2.556864e+07,6144714999.887425,True
45037,"Edgefield, SC",897788000.0,135776000.0,91644000.0,54897783.4840647,5910.0,95411787.0,4.2815584e+07,897788003.6955959,True
45039,"Fairfield, SC",1337032000.0,165019000.0,8868666.666666666,3013595.777005434,6065.0,84749972.0,2.5439042e+07,1337032000.1363518,True
45041,"Florence, SC",9370202000.0,919717000.0,58385600.0,14523400.0,69647.0,517646619.6011938,6.5298116e+07,9370202000.000532,True
45043,"Georgetown, SC",3727439000.0,720698621.8196119,51845462.87720102,0.0,25130.0,406722536.0,1.8790626e+07,3727438998.353593,True
45045,"Greenville, SC",45528250000.0,5427987000.0,12741000.0,8934000.0,308999.0,3468415844.0,2.3727036e+07,45528250000.09944,True
45047,"Greenwood, SC",4645389000.0,443117137.46758366,22688240.11528607,0.0,29140.0,284597948.0,1.7265224e+07,4645389001.274318,True
45049,"Hampton, SC",625437000.0,106720000.0,25473000.0,18961718.48378539,4300.0,50491205.0,3.9257416e+07,625436999.043671,True
45051,"Horry, SC",21231344000.0,5084941000.0,27792400.0,25876600.0,142321.0,2232536354.0,6.753198e+07,21231344001.67344,True
45053,"Jasper, SC",2036125000.0,298979941.3659899,17861600.0,129041816.60392094,11294.0,191690079.0,1.6053912e+07,2036125000.222954,True
45055,"Kershaw, SC",3061023000.0,504838000.0,89702400.0,33201600.0,17419.0,278967227.0,2.8259846e+07,3061022998.715131,True
45057,"Lancaster, SC",4742403000.0,719270000.0,37443333.333333336,3270666.6666669846,29873.0,616094438.0,2.3036304e+07,4742403001.597628,True
45059,"Laurens, SC",2777639000.0,357088275.53405255,32284618.171625808,0.0,19268.0,234309935.0,3.247406e+07,2777639000.5873737,True
45061,"Lee, SC",481583000.0,73980000.0,23045000.0,18322189.25561577,3773.0,40610567.40890006,4.7708944e+07,481583000.9509715,True
45063,"Lexington, SC",18424206000.0,2893638102.793199,82604732.99787499,0.0,142682.0,1589718523.7783747,3.2119836e+07,18424205999.26203,True
45065,"McCormick, SC",291685000.0,66612409.04534991,6600430.120815324,0.0,1447.0,38513325.0,1.3016769e+07,291684999.97090775,True
45067,"Marion, SC",812919000.0,157708784.8149986,14168961.61435184,0.0,6602.0,70741761.0,3.1224528e+07,812918999.5947474,True
45069,"Marlboro, SC",914539000.0,110870000.0,49541250.0,3676730.0692857504,5341.0,53481797.0,4.1313388e+07,914538999.4724411,True
45071,"Newberry, SC",1944493000.0,227541659.64955366,39924128.207260154,0.0,15662.0,149574183.0,2.9712718e+07,1944492999.3143866,True
45073,"Oconee, SC",5020068000.0,708704368.8170785,33458074.54658747,0.0,24938.0,458058475.0,2.298538e+07,5020067998.544021,True
45075,"Orangeburg, SC",3630384000.0,390829993.12823814,65181333.333333336,33206938.76900959,28236.0,250579460.0,1.1883955e+08,3630383998.823704,True
45077,"Pickens, SC",5676299000.0,953333365.2312208,5107553.282085004,0.0,40063.0,623755961.0,1.6603758e+07,5676298999.986632,True
45079,"Richland, SC",34736841000.0,4260216000.0,58876200.0,5428800.0,234516.0,2286961845.9458113,2.5328636e+07,34736840999.32215,True
45081,"Saluda, SC",580957000.0,101619556.85070498,34535172.759027146,0.0,5327.0,60420156.0,3.216025e+07,580956999.1044288,True
45083,"Spartanburg, SC",21609833000.0,2596899295.4834204,20678305.798904445,0.0,159818.0,1566478417.0,3.049625e+07,21609833000.39846,True
45085,"Sumter, SC",5878393000.0,559461000.0,47352400.0,10543600.0,37301.0,399472002.0,5.062578e+07,5878392999.955286,True
45087,"Union, SC",859275000.0,111376332.71784924,8986266.55287684,0.0,7601.0,74977597.0,1.9520222e+07,859275000.420795,True
45089,"Williamsburg, SC",982296000.0,199086000.0,20545400.0,13487108.219889164,7315.0,77987809.6169825,6.060443e+07,982296000.5811404,True
45091,"York, SC",17984293000.0,3345426000.0,69234200.0,16732800.0,111939.0,1965913881.0409496,2.868811e+07,17984292997.99833,True
46003,"Aurora, SD",179217000.0,14271000.0,47327400.0,40559556.775384754,783.0,7832815.0,1.231174e+08,179216999.21766824,True
46005,"Beadle, SD",1272103000.0,101954086.44351783,186065600.0,128379446.40083766,8288.0,74187858.0,2.3785878e+08,1272102995.7875633,True
46007,"Bennett, SD",145845000.0,10275000.0,56494333.333333336,3651825.0934173465,817.0,7876954.0,1.2823116e+08,145844999.87781167,True
46009,"Bon Homme, SD",319156000.0,34293000.0,90747400.0,22553608.56443721,1673.0,17401186.0,1.1661395e+08,319156000.8268232,True
46011,"Brookings, SD",2897987000.0,197989000.0,205525200.0,53543800.0,19000.0,170033613.0,1.5711909e+08,2897987003.5886526,True
46013,"Brown, SD",3189403000.0,298953000.0,263398200.0,79131800.0,19972.0,182251217.0,3.2220243e+08,3189402990.2440724,True
46015,"Brule, SD",356640000.0,30878000.0,74622400.0,31985524.52693391,1961.0,20451982.0,1.3687094e+08,356639999.2394316,True
46017,"Buffalo, SD",106629000.0,4988000.0,13604000.0,37997868.00898914,472.0,3060047.0,5.1575204e+07,106629000.19773103,True
46019,"Butte, SD",460271000.0,79943000.0,23120600.0,12362399.581507444,2873.0,48264070.0,1.3507125e+08,460270999.7073838,True
46021,"Campbell, SD",129508000.0,10429000.0,48996200.0,5727758.010126412,454.0,3834182.0,1.21555256e+08,129507999.31064236,True
46023,"Charles Mix, SD",614405000.0,38996286.859971315,153319000.0,41536047.678887606,3366.0,28376018.0,2.0214763e+08,614405004.6994867,True
46025,"Clark, SD",363504000.0,18489000.0,134807600.0,57075811.75833017,1180.0,10487682.0,1.7590042e+08,363504005.9626919,True
46027,"Clay, SD",853092000.0,87358000.0,93293200.0,29440149.575386286,5728.0,59997696.0,9.821315e+07,853092001.5139116,True
46029,"Codington, SD",2044316000.0,183391000.0,114463600.0,32010573.26963401,16302.0,142048100.0,1.3194241e+08,2044316001.571122,True
46031,"Corson, SD",126027000.0,11913656.369659185,37108811.57963026,0.0,689.0,5168188.0,2.3876632e+08,126026998.98575948,True
46033,"Custer, SD",376169000.0,95195445.52706048,8879447.280028725,0.0,2110.0,69834303.0,7.124016e+07,376168999.50167936,True
46035,"Davison, SD",1657348000.0,135442000.0,97386800.0,21558200.0,12476.0,88911428.0,9.160414e+07,1657348002.0027063,True
46037,"Day, SD",414619000.0,45731000.0,123538400.0,44216347.75771713,1813.0,19492315.0,1.682163e+08,414619003.4298916,True
46039,"Deuel, SD",515384000.0,24596945.930659667,122527200.0,32258278.620726943,1407.0,17898201.0,1.1327514e+08,515384004.0520664,True
46041,"Dewey, SD",273854000.0,16151068.330565369,40753884.10479724,0.0,2367.0,9851858.0,1.758178e+08,273854000.8116693,True
46043,"Douglas, SD",277387000.0,15825000.0,83232400.0,26523252.215266943,940.0,8553007.0,9.2691784e+07,277387001.5152872,True
46045,"Edmunds, SD",319526000.0,29052000.0,133940600.0,3310062.3737547398,1193.0,14927986.0,2.06421e+08,319526002.6563157,True
46047,"Fall River, SD",332982000.0,37125000.0,24724200.0,15415767.127292871,2357.0,32650549.0,1.00493816e+08,332982000.1875235,True
46049,"Faulk, SD",196038000.0,18648000.0,116032500.0,8449718.417868435,539.0,5932408.0,1.8223838e+08,196038001.0868792,True
46051,"Grant, SD",736628000.0,39331000.0,141261800.0,82440233.14486837,3788.0,26920976.0,1.350258e+08,736628002.8933522,True
46053,"Gregory, SD",250217000.0,16549587.071902676,52139400.0,56596990.293203354,1451.0,12042464.0,1.1877027e+08,250216998.9758243,True
46055,"Haakon, SD",180137000.0,14412000.0,44518800.0,36740127.80487293,753.0,5661580.0,2.0502237e+08,180137000.05428532,True
46057,"Hamlin, SD",398834000.0,25769000.0,117952000.0,12473905.024611592,2442.0,24018733.0,1.0811321e+08,398833997.36083645,True
46059,"Hand, SD",297414000.0,35827000.0,86178200.0,48442832.63459742,1382.0,10421757.0,2.51088e+08,297414002.5674398,True
46061,"Hanson, SD",228544000.0,14296000.0,74877200.0,22382435.66217041,739.0,11776500.0,9.143968e+07,228544001.02998474,True
46063,"Harding, SD",66410000.0,12646990.180752112,13008598.763364311,0.0,425.0,3919050.9999999995,1.5690309e+08,66409999.74868362,True
46065,"Hughes, SD",1582301000.0,124562005.93157528,33713055.90926807,0.0,10890.0,88370187.0,1.2927894e+08,1582301000.8014963,True
46067,"Hutchinson, SD",559938000.0,32636000.0,202471000.0,58933067.19341254,2695.0,25962716.0,1.780803e+08,559938005.3739343,True
46069,"Hyde, SD",163343000.0,7143000.0,29538800.0,11791841.201213479,510.0,4306954.0,1.2769674e+08,163342999.91822478,True
46071,"Jackson, SD",108932000.0,9998000.0,20741000.0,14990172.959031865,632.0,4437862.0,1.4631579e+08,108932001.0103507,True
46073,"Jerauld, SD",223091000.0,7907756.473105261,22931750.0,5437046.132092059,1505.0,5754154.0,8.02449e+07,223090999.3369195,True
46075,"Jones, SD",79339000.0,5074699.159883534,30683116.80773025,0.0,292.0,2295694.0,1.1697468e+08,79339000.08914292,True
46077,"Kingsbury, SD",412112000.0,37470000.0,136058000.0,56062354.174378276,1642.0,17657913.0,1.7134912e+08,412111994.2386204,True
46079,"Lake, SD",897453000.0,82166207.21753709,111387000.0,14145650.203312516,5183.0,59789020.0,1.230835e+08,897453000.8574688,True
46081,"Lawrence, SD",1797217000.0,264656000.0,6276800.0,2614200.0,13155.0,179152383.0,3.839384e+07,1797216999.7538152,True
46083,"Lincoln, SD",8648349000.0,653470000.0,142575000.0,81338131.90398502,29510.0,478869616.0,1.3824245e+08,8648348992.745367,True
46085,"Lyman, SD",228457000.0,15438000.0,55999200.0,13879557.70062095,1212.0,9627643.0,2.1197234e+08,228456998.4680913,True
46087,"McCook, SD",391142000.0,35916000.0,179472666.66666666,28662005.799541473,1327.0,24823201.0,1.2457948e+08,391142003.6353344,True
46089,"McPherson, SD",155023000.0,14790000.0,82625400.0,10649242.194075763,543.0,4315745.0,1.5772778e+08,155022999.034155,True
46091,"Marshall, SD",402774000.0,28265000.0,177514600.0,36457901.611331284,1817.0,13601090.999999998,1.2875128e+08,402773998.9881607,True
46093,"Meade, SD",1245373000.0,216911000.0,32256800.0,33361200.0,7923.0,172734539.0,3.0799626e+08,1245373000.356945,True
46095,"Mellette, SD",65489000.0,8471000.0,21020666.666666668,4142171.9197271764,295.0,3463883.0000000005,1.0224512e+08,65488999.39246282,True
46097,"Miner, SD",194574000.0,17858000.0,75183000.0,32325271.996163487,829.0,5829271.999999999,1.0303159e+08,194573999.84607717,True
46099,"Minnehaha, SD",20873938000.0,1952262000.0,128095200.0,66638800.0,135684.0,1164472900.0,1.679593e+08,20873937999.165108,True
46101,"Moody, SD",471999000.0,31841000.0,127070200.0,42313362.546854615,2424.0,27502263.0,1.1584304e+08,471998999.38298416,True
46102,"Oglala Lakota, SD*",416712000.0,25941000.0,31931666.666666668,9916190.75516057,3851.0,13361722.0,9.940217e+07,416712000.57234514,True
46103,"Pennington, SD",8229788000.0,1094495000.0,29890400.0,16704600.0,59416.0,678369886.0,1.9541762e+08,8229788000.156105,True
46105,"Perkins, SD",166642000.0,22573532.014917765,25170382.129441846,0.0,1203.0,7997104.0,2.8206016e+08,166641998.67921326,True
46107,"Potter, SD",157550000.0,27619000.0,28999333.333333332,987183.7709284425,798.0,7626493.0,1.6905458e+08,157550000.8274126,True
46109,"Roberts, SD",537616000.0,46065000.0,116732200.0,65399108.711523294,3221.0,30312732.0,1.989891e+08,537615998.4991158,True
46111,"Sanborn, SD",190060000.0,15450000.0,76467250.0,32688185.19764313,608.0,7285416.0,9.491506e+07,190059998.69713104,True
46115,"Spink, SD",646386000.0,47130000.0,212980600.0,87952111.07609808,2171.0,17870582.0,3.298134e+08,646385991.4449294,True
46117,"Stanley, SD",187423000.0,13818735.733500564,36714425.74650069,0.0,1192.0,12262499.0,1.4949029e+08,187422999.9800796,True
46119,"Sully, SD",171725000.0,23191000.0,65776750.0,12956003.127731413,629.0,6826852.0,2.230042e+08,171725001.01922035,True
46121,"Todd, SD",301891000.0,21325088.10787667,11147349.717446761,0.0,2750.0,12004817.0,1.0149472e+08,301891000.2677151,True
46123,"Tripp, SD",355783000.0,30233000.0,80809800.0,41364104.81193465,2214.0,18531994.0,2.192292e+08,355782999.67170787,True
46125,"Turner, SD",610070000.0,70708000.0,181793200.0,76390957.16110444,2363.0,37834750.0,1.5208336e+08,610069990.4558587,True
46127,"Union, SD",2217373000.0,132623927.56191342,144358216.95967215,0.0,9648.0,107100201.0,1.0865329e+08,2217373003.6741223,True
46129,"Walworth, SD",342799000.0,43304000.0,46921200.0,6492793.502137303,1960.0,21270564.0,1.1977277e+08,342799000.041724,True
46135,"Yankton, SD",1765270000.0,175228000.0,113555200.0,31880295.981044292,12467.0,106635507.0,1.0488555e+08,1765270002.8753152,True
46137,"Ziebach, SD",81240000.0,8784000.0,20798600.0,21552418.36037498,246.0,5048602.0,1.5155467e+08,81239999.69095328,True
47001,"Anderson, TN",7385882000.0,585387000.0,4955000.0,402080931.0502119,56272.0,387692499.11218214,1.2009087e+07,7385882000.143205,True
47003,"Bedford, TN",2645492000.0,334197991.5846083,77422201.417351,0.0,17181.0,251730149.0,3.6082228e+07,2645492001.944293,True
47005,"Benton, TN",553730000.0,77799797.43989393,1947779.2764009146,0.0,4112.0,51936784.0,2.2847364e+07,553730000.0269481,True
47007,"Bledsoe, TN",318299000.0,59549618.31903912,18899535.73853838,0.0,2517.0,43542677.0,2.023826e+07,318298999.92339504,True
47009,"Blount, TN",8608272000.0,1245129000.0,11629400.0,8681600.0,56831.0,806597684.0054282,2.6219874e+07,8608272000.089226,True
47011,"Bradley, TN",6307903000.0,724687702.2324626,69272514.78700404,0.0,42670.0,529277401.0,1.5324184e+07,6307903002.158494,True
47013,"Campbell, TN",1325684000.0,228178000.0,3819200.0,735696.3663229942,8930.0,153641396.0,1.866906e+07,1325683999.9556491,True
47015,"Cannon, TN",413712000.0,88130892.84533367,3595788.7454230795,0.0,2509.0,67301545.0,1.8543456e+07,413711999.90531665,True
47017,"Carroll, TN",891855000.0,130115000.0,11640400.0,23387049.76562965,7237.0,83820837.69146438,5.868781e+07,891854999.6513476,True
47019,"Carter, TN",1449636000.0,285719000.0,2540200.0,8549273.851088524,12579.0,211939038.0,1.3213015e+07,1449636000.0328553,True
47021,"Cheatham, TN",1760607000.0,345212040.4426511,6023347.469850937,0.0,9356.0,253474635.0,1.6196957e+07,1760606999.9418936,True
47023,"Chester, TN",500637000.0,76069172.29144803,5906000.0,3439122.91745162,4037.0,54954322.0,2.2611754e+07,500636999.842877,True
47025,"Claiborne, TN",1067572000.0,157072677.89532286,7623800.0,15148176.68426776,8786.0,113473333.0,2.1760868e+07,1067572000.310657,True
47027,"Clay, TN",260984000.0,33477098.52838449,40758000.0,22017296.4104895,1331.0,24184715.0,1.3269929e+07,260984000.14622408,True
47029,"Cocke, TN",1083338000.0,178401860.52173808,20413400.0,33258961.29372728,7244.0,128882081.83662435,2.1754918e+07,1083338000.27307,True
47031,"Coffee, TN",3956686000.0,376059853.1589651,20652625.8631051,0.0,25645.0,276410573.0,4.035854e+07,3956685999.4844604,True
47033,"Crockett, TN",722988000.0,64083341.51381655,19504738.067902036,0.0,4031.0,46942767.0,5.64571e+07,722987999.8582997,True
47035,"Cumberland, TN",2556893000.0,459823293.92092264,16987596.29201139,0.0,19273.0,337065173.0,2.7477004e+07,2556893000.0950923,True
47037,"Davidson, TN",108444944000.0,10445646845.912535,6102987.056224374,0.0,594502.0,6920949943.197334,1.2838544e+07,108444944000.05302,True
47039,"Decatur, TN",424883000.0,45719144.55812474,3441675.406947519,0.0,3527.0,33246764.0,2.0295388e+07,424882999.87546533,True
47041,"DeKalb, TN",876258000.0,128898124.11887987,22514510.953820065,0.0,5262.0,94214058.0,1.8962332e+07,876258000.3490098,True
47043,"Dickson, TN",2825048000.0,417360033.06006914,15889485.505834287,0.0,18582.0,306663732.0,2.411449e+07,2825047999.9208517,True
47045,"Dyer, TN",2352943000.0,144080000.0,94056200.0,17434290.70740986,15590.0,132348118.0,1.03328104e+08,2352943000.0689254,True
47047,"Fayette, TN",1928972000.0,246605665.59616742,9379591.65618548,0.0,9545.0,279755899.0,7.528917e+07,1928971999.9700716,True
47049,"Fentress, TN",681698000.0,131150000.0,13332800.0,87892759.80394924,3781.0,63063958.0,2.261456e+07,681697999.7029136,True
47051,"Franklin, TN",1718514000.0,281950444.5532988,35575200.0,132350146.79851437,10501.0,203688236.0,4.754828e+07,1718514001.4138181,True
47053,"Gibson, TN",2045658000.0,262156267.89307714,100052249.26615843,0.0,14756.0,176361337.38099992,1.0859105e+08,2045658001.0644312,True
47055,"Giles, TN",1543285000.0,177912204.8295338,9831200.0,7123215.117575884,9850.0,128528342.0,4.6505416e+07,1543285000.160614,True
47057,"Grainger, TN",702948000.0,119341793.93729198,3911836.6206355086,0.0,4105.0,94395240.0,1.6904158e+07,702948000.0652543,True
47059,"Greene, TN",3220591000.0,396148000.0,14383600.0,54273842.29473019,24988.0,269865868.0,4.6784184e+07,3220591000.289131,True
47061,"Grundy, TN",323756000.0,63824000.0,38915600.0,6871881.914233983,1854.0,39600794.0,1.705752e+07,323756000.1069422,True
47063,"Hamblen, TN",4439478000.0,360585904.42642367,2157333.3333333335,1845323.9971837997,33638.0,260496510.0,1.1976636e+07,4439478000.055498,True
47065,"Hamilton, TN",36080374000.0,3742959000.0,17702400.0,701600.0,213237.0,2377009675.0651197,1.6373791e+07,36080373999.72041,True
47067,"Hancock, TN",130585000.0,31874000.0,2291000.0,13690837.518341213,1007.0,18315095.0,1.0002134e+07,130585000.04563129,True
47069,"Hardeman, TN",781652000.0,79092544.97287543,11485253.535541432,0.0,6386.0,68601187.0,4.7352788e+07,781652000.1267688,True
47071,"Hardin, TN",1307893000.0,150654000.0,11654200.0,2877100.1104273796,7748.0,91779883.0,3.7476788e+07,1307892999.7266572,True
47073,"Hawkins, TN",2255857000.0,285766790.16858995,8879400.0,3885118.5430336,12518.0,206445262.0,2.4821104e+07,2255857000.1076,True
47075,"Haywood, TN",1027192000.0,72366956.32423481,20874796.277713608,0.0,5537.0,55483011.0,9.41947e+07,1027192000.2860352,True
47077,"Henderson, TN",1018279000.0,125891000.0,2185666.6666666665,1104333.333333373,8405.0,98412800.0,4.3973604e+07,1018278999.972624,True
47079,"Henry, TN",1786872000.0,148916342.47415572,131167500.0,105972667.73818183,11204.0,107580987.0,5.7657144e+07,1786871996.7344604,True
47081,"Hickman, TN",688735000.0,138783849.39552677,3906800.0,30935127.120979548,4018.0,100261014.0,3.0991198e+07,688734999.9182569,True
47083,"Houston, TN",204145000.0,34983000.0,4338333.333333333,17927386.39722553,1311.0,26626485.0,8.875478e+06,204144999.835749,True
47085,"Humphreys, TN",1084755000.0,95090849.55141596,6679573.279906719,0.0,5842.0,70866374.0,2.9023476e+07,1084755000.0377789,True
47087,"Jackson, TN",279180000.0,50778023.30397185,3947333.3333333335,13092875.681950837,1430.0,36683347.0,1.4063934e+07,279179999.9934218,True
47089,"Jefferson, TN",2255480000.0,334280231.1005951,2503779.361363875,0.0,14077.0,242414109.0,1.7628778e+07,2255480000.050764,True
47091,"Johnson, TN",574940000.0,78917842.22732343,3505679.303231936,0.0,4363.0,66209756.0,1.3434872e+07,574940000.0861303,True
47093,"Knox, TN",41122149000.0,5655724000.0,4332750.0,3154250.0,270203.0,3157227234.0,1.5028945e+07,41122148999.94288,True
47095,"Lake, TN",175969000.0,19737000.0,30179800.0,6603348.988279462,1321.0,13443024.000000002,3.2256388e+07,175968999.48794425,True
47097,"Lauderdale, TN",938351000.0,171100000.0,30864400.0,27923062.510687113,6626.0,70709123.0,7.056231e+07,938351000.037423,True
47099,"Lawrence, TN",1506472000.0,218797061.18247443,25333932.27824032,0.0,11459.0,159535000.0,5.2564264e+07,1506471999.79479,True
47101,"Lewis, TN",466598000.0,62999314.00359535,6529600.0,2959878.5788396,3060.0,45512321.0,1.2316566e+07,466598000.1760257,True
47103,"Lincoln, TN",1522916000.0,224197357.32966676,30029637.494418804,0.0,9866.0,164737999.0,5.138301e+07,1522915999.8070934,True
47105,"Loudon, TN",2990100000.0,517970405.7400468,77577981.88012254,0.0,16766.0,388442767.0,1.4038568e+07,2990099999.956828,True
47107,"McMinn, TN",2572172000.0,281373179.03825104,14085869.111639049,0.0,17828.0,227054795.0,2.74443e+07,2572171999.7097917,True
47109,"McNairy, TN",734967000.0,109120283.64587663,10683124.050113888,0.0,5473.0,80471478.0,3.7498332e+07,734966999.4724972,True
47111,"Macon, TN",734605000.0,122890782.89366151,32453045.689843092,0.0,5612.0,99223488.0,2.1899388e+07,734605000.2026056,True
47113,"Madison, TN",8238578000.0,628548160.3717133,13092312.36702891,0.0,61474.0,455016485.0,5.6750188e+07,8238577999.584052,True
47115,"Marion, TN",1125845000.0,130097000.0,8780400.0,15299038.239213467,7615.0,110824209.0,2.2620054e+07,1125844999.9105392,True
47117,"Marshall, TN",1573134000.0,221289178.727528,5433028.115641039,0.0,9774.0,174171457.0,2.6940974e+07,1573134000.0131946,True
47119,"Maury, TN",6513633000.0,1517160000.0,12515000.0,7761000.0,40109.0,679036504.0,4.3067456e+07,6513632999.742612,True
47121,"Meigs, TN",337206000.0,61281000.0,4421500.0,14193164.231695473,1996.0,51918474.0,1.1146489e+07,337206000.12124836,True
47123,"Monroe, TN",2130468000.0,294005128.4909251,11063800.0,89498458.11039162,15693.0,212396849.0,3.4487596e+07,2130468000.0989988,True
47125,"Montgomery, TN",8813318000.0,1692918076.5902622,16906000.0,35883586.80404854,60154.0,1223007458.8444161,3.830987e+07,8813318000.452501,True
47127,"Moore, TN",621087000.0,53878000.0,2005750.0,11365087.105225086,2668.0,35153942.0,7.701806e+06,621087000.0467954,True
47129,"Morgan, TN",430810000.0,80702258.61290304,3856543.8172956994,0.0,3774.0,60337806.0,2.1890532e+07,430809999.8320841,True
47131,"Obion, TN",1710900000.0,146599000.0,121496200.0,65282800.0,12524.0,95839216.0,9.365423e+07,1710899999.281996,True
47133,"Overton, TN",767533000.0,119427000.0,6103000.0,17029091.300161123,5691.0,85623052.0,2.3721872e+07,767532999.8796545,True
47135,"Perry, TN",253570000.0,51056000.0,3927200.0,3278089.5090085864,1721.0,21265050.0,2.0179954e+07,253569999.82135504,True
47137,"Pickett, TN",187464000.0,35418000.0,14212666.666666666,11783685.3199822,906.0,18144509.0,8.2631645e+06,187463999.73460892,True
47139,"Polk, TN",444513000.0,80167667.35308325,38188000.0,13060447.751387775,2324.0,57915180.0,1.968898e+07,444513001.06069803,True
47141,"Putnam, TN",5005207000.0,567335850.359184,9261427.473512959,0.0,40531.0,417111515.0,1.8048744e+07,5005206999.777006,True
47143,"Rhea, TN",2855277000.0,182200151.84823775,6168983.482004242,0.0,10252.0,132706057.0,1.5945794e+07,2855277000.0800943,True
47145,"Roane, TN",3404322000.0,306025257.99414605,9516011.269685753,0.0,12675.0,253085589.340051,1.4473943e+07,3404322000.2998366,True
47147,"Robertson, TN",3628655000.0,593400479.7986017,72743413.67839563,0.0,24047.0,448588422.0,6.1157748e+07,3628654997.9602985,True
47149,"Rutherford, TN",25832457000.0,3241733000.0,10771800.0,8689200.0,144864.0,2352193801.3792477,3.2173558e+07,25832456999.779408,True
47151,"Scott, TN",658042000.0,86495122.55429919,2546800.0,22463309.065744758,6001.0,62486296.0,2.1342058e+07,658041999.9501227,True
47153,"Sequatchie, TN",444730000.0,69991014.09379506,1537805.2115945406,0.0,3543.0,71895745.0,1.1033147e+07,444730000.0304895,True
47155,"Sevier, TN",7369581000.0,749328332.6406465,2967000.0,480536770.72446823,50989.0,541334015.2813345,2.3682042e+07,7369581000.101854,True
47157,"Shelby, TN",85672928000.0,9646844000.0,19674200.0,7692800.0,497377.0,5138506749.670589,4.1111664e+07,85672927999.42175,True
47159,"Smith, TN",892951000.0,96018000.0,7956750.0,10331264.667522669,5086.0,90344045.0,1.8050808e+07,892951000.1799346,True
47161,"Stewart, TN",1072239000.0,68367534.50617188,3327369.4752586205,0.0,2590.0,50354765.005225174,2.2223426e+07,1072239000.1216413,True
47163,"Sullivan, TN",11081535000.0,1044115000.0,5774600.0,3458400.0,71251.0,745469483.0,1.5817656e+07,11081535000.130068,True
47165,"Sumner, TN",11023832000.0,2415106541.61772,11434673.953263141,0.0,61310.0,1504774266.0,3.427261e+07,11023831999.646427,True
47167,"Tipton, TN",1714925000.0,358652785.6898983,22872161.662582763,0.0,12179.0,271357501.0,7.391693e+07,1714924999.124665,True
47169,"Trousdale, TN",283667000.0,38430606.56296833,1283417.9276392646,0.0,1907.0,51985566.00000001,7.567494e+06,283666999.97085065,True
47171,"Unicoi, TN",763336000.0,97795410.70832719,623672.6903062786,0.0,4627.0,70709648.0,6.863028e+06,763336000.0182815,True
47173,"Union, TN",451075000.0,83315000.0,4796666.666666667,16800862.74058312,2637.0,82345699.0,9.46578e+06,451074999.7545489,True
47175,"Van Buren, TN",128941000.0,28675000.0,1836666.6666666667,2035717.4218622297,731.0,20278560.0,1.1793633e+07,128940999.93125813,True
47177,"Warren, TN",1881578000.0,212688830.7832816,132371677.10235794,0.0,12649.0,154671624.0,3.2751752e+07,1881577996.5345864,True
47179,"Washington, TN",8750892000.0,1105107618.2678852,9493568.97517686,0.0,65780.0,719326436.4985274,1.8576074e+07,8750892000.387165,True
47181,"Wayne, TN",494678000.0,69545156.28325316,19002052.192617998,0.0,4044.0,39154177.0,3.4943572e+07,494678000.0679741,True
47183,"Weakley, TN",1480629000.0,123226000.0,172850200.0,10863497.12148714,11085.0,109365297.0,8.8179624e+07,1480628994.9157166,True
47185,"White, TN",1061768000.0,163733000.0,9399600.0,2348590.4043467045,7730.0,112347863.0,2.1751462e+07,1061767999.7678953,True
47187,"Williamson, TN",37186035000.0,4959798000.0,6443200.0,3334800.0,159658.0,3200094888.0,2.9499532e+07,37186035000.050514,True
47189,"Wilson, TN",9380086000.0,1594700482.8542602,13640271.660845643,0.0,61176.0,1181534175.0,2.789552e+07,9380086000.014565,True
48001,"Anderson, TX",2709645000.0,356429000.0,16049400.0,22004600.0,14091.0,179665762.18615362,3.9539596e+07,2709644999.443761,True
48003,"Andrews, TX",5201771000.0,165246528.3657526,16788626.202992316,0.0,7440.0,81943196.0,3.509991e+07,5201770999.362527,True
48005,"Angelina, TX",4310685000.0,528223000.0,49182000.0,25605000.0,36671.0,320963995.0,2.1770188e+07,4310684997.997289,True
48007,"Aransas, TX",942655000.0,271581495.1776164,15504250.0,2440547.411741972,5584.0,157495482.0,4.719395e+06,942655000.5225518,True
48009,"Archer, TX",409437000.0,60904000.0,39440600.0,14167104.358074188,1365.0,33023374.0,7.4007176e+07,409437000.745919,True
48011,"Armstrong, TX",79368000.0,13392000.0,20057000.0,823136.1308632195,362.0,7966262.000000001,7.443872e+07,79367999.60083479,True
48013,"Atascosa, TX",4330189000.0,568940486.5436313,13488753.02010967,0.0,15014.0,158974249.0,5.0086428e+07,4330189000.489306,True
48015,"Austin, TX",2213481000.0,286806000.0,11634250.0,1360750.0,9751.0,189026636.0,4.0984876e+07,2213481000.4546304,True
48017,"Bailey, TX",595427000.0,26300000.0,238534000.0,84517082.86521256,2336.0,15673157.0,1.0640597e+08,595426991.7773855,True
48019,"Bandera, TX",520256000.0,164151000.0,2823200.0,14261583.3733989,3548.0,127114561.0,1.9731518e+07,520255999.9515147,True
48021,"Bastrop, TX",4092246000.0,786904000.0,9854800.0,16120200.0,20700.0,540803227.0,4.7970656e+07,4092245999.8928695,True
48023,"Baylor, TX",222179000.0,32127000.0,29786200.0,9599432.062078357,1324.0,10368919.0,8.423325e+07,222179000.16678256,True
48025,"Bee, TX",1005950000.0,173593760.24607563,10530631.296780976,0.0,7733.0,67640030.0,5.5335736e+07,1005949999.7529203,True
48027,"Bell, TX",24385788000.0,3468480000.0,17485000.0,22216000.0,118827.0,1851671398.4265146,1.14431144e+08,24385788000.172413,True
48029,"Bexar, TX",149710841000.0,19834787000.0,9331200.0,17181800.0,956308.0,11186924599.22921,4.4600136e+07,149710840999.96912,True
48031,"Blanco, TX",663539000.0,171270470.8648252,4015470.761693649,0.0,3768.0,101636591.0,1.4539225e+07,663539000.047199,True
48033,"Borden, TX",943180000.0,4073337.49511635,7067000.0,31682030.008066535,178.0,2362209.0,4.124945e+07,943179999.731638,True
48035,"Bosque, TX",852333000.0,136603246.57578126,3581116.819354868,0.0,3655.0,77871652.0,5.1445884e+07,852332999.9252071,True
48037,"Bowie, TX",4920893000.0,572151000.0,19672600.0,22970400.0,39161.0,351455130.0,4.206171e+07,4920893000.1730995,True
48039,"Brazoria, TX",22499319000.0,3475593000.0,15144400.0,7436600.0,117920.0,2085408088.0,8.839294e+07,22499319000.68376,True
48041,"Brazos, TX",14875621000.0,2307757783.7031965,33605518.569991484,0.0,119110.0,1345953273.3392668,2.987554e+07,14875620999.739428,True
48043,"Brewster, TX",556543000.0,97848000.0,8807500.0,15760275.554789066,3658.0,54903460.0,6.298322e+07,556542999.9632651,True
48045,"Briscoe, TX",141042000.0,8531388.306180423,30403629.857345197,0.0,246.0,2984892.0,6.942471e+07,141042000.12701875,True
48047,"Brooks, TX",343738000.0,30528286.92134688,6293962.371368758,0.0,1788.0,15630628.999999998,2.8164594e+07,343738000.1981557,True
48049,"Brown, TX",1945392000.0,226775000.0,6493000.0,49976714.39549208,14839.0,137039681.0,4.4869708e+07,1945392000.1520917,True
48051,"Burleson, TX",1312993000.0,140690000.0,13315800.0,12613332.56443882,4175.0,75564810.0,4.9437e+07,1312993000.0739622,True
48053,"Burnet, TX",2650157000.0,559186185.7285134,3613223.6581414994,0.0,16131.0,331151293.0,2.518546e+07,2650156999.9107723,True
48055,"Caldwell, TX",1450389000.0,346773000.0,9345200.0,6118224.441525459,9455.0,189247123.0,3.3176334e+07,1450389000.0275083,True
48057,"Calhoun, TX",4745516000.0,236441948.0698036,27294333.407328375,0.0,10873.0,85861382.0,4.3571012e+07,4745515998.834052,True
48059,"Callahan, TX",524585000.0,80550000.0,5426666.666666667,3442333.3333333135,2880.0,43315701.0,4.3231484e+07,524584999.8531446,True
48061,"Cameron, TX",16033524000.0,2239745000.0,104231000.0,10105000.0,146355.0,1156314525.9763968,1.8740789e+08,16033523997.271858,True
48063,"Camp, TX",524004000.0,82711558.80330415,56908847.201859176,0.0,3939.0,42560495.0,6.3657515e+06,524004000.7617204,True
48065,"Carson, TX",1439020000.0,26077610.64671575,44359991.06601607,0.0,5454.0,19222042.0,1.2408452e+08,1439020001.1307971,True
48067,"Cass, TX",1376048000.0,177634000.0,44416400.0,31074009.463637352,7350.0,90872161.0,2.9500994e+07,1376048001.2338827,True
48069,"Castro, TX",1088024000.0,30131101.72219729,572713200.0,225547886.351331,2133.0,17473622.0,1.8250957e+08,1088024008.8868856,True
48071,"Chambers, TX",3847500000.0,476463460.108968,26218706.50320604,0.0,22262.0,277793251.0,4.3998892e+07,3847499998.9341736,True
48073,"Cherokee, TX",1953688000.0,276935000.0,77786200.0,40678538.54270744,14759.0,171397477.0,3.6596664e+07,1953688001.429627,True
48075,"Childress, TX",352648000.0,31044468.099617932,15734214.45824676,0.0,1914.0,17002292.0,5.8512108e+07,352648000.24395806,True
48077,"Clay, TX",312999000.0,78048000.0,7572000.0,6781487.887938678,1387.0,39989452.0,8.098822e+07,312999000.09358066,True
48079,"Cochran, TX",291360000.0,11761000.0,55318250.0,94512873.61756337,479.0,4882472.0,1.0699487e+08,291359999.524384,True
48081,"Coke, TX",250618000.0,26205000.0,2094250.0,27095305.359844536,550.0,9917025.0,2.2156256e+07,250617999.98624635,True
48083,"Coleman, TX",291584000.0,61328000.0,8853400.0,7043674.880905986,2081.0,20665313.0,7.196735e+07,291584000.24871236,True
48085,"Collin, TX",106497152000.0,15972310000.0,5288400.0,3288600.0,589342.0,9633814275.326073,7.137994e+07,106497152000.26938,True
48087,"Collingsworth, TX",111514000.0,14958000.0,13407800.0,2996329.649305433,703.0,6002052.999999999,7.287775e+07,111514000.27039528,True
48089,"Colorado, TX",1206673000.0,223393000.0,18356800.0,38364188.36421299,8158.0,82320253.0,9.43737e+07,1206672999.4301412,True
48091,"Comal, TX",11060468000.0,2448728000.0,2364500.0,705500.0,76984.0,1457241382.0,1.6279874e+07,11060467999.971704,True
48093,"Comanche, TX",612931000.0,73401000.0,95044400.0,25279497.355749846,4416.0,48180815.0,1.2753183e+08,612931001.5676664,True
48095,"Concho, TX",291934000.0,15518000.0,22442200.0,14004324.202061653,655.0,5927326.0,6.1405756e+07,291933999.93843335,True
48097,"Cooke, TX",3131071000.0,400084000.0,5356200.0,6953035.819793224,14462.0,218912862.0,6.783876e+07,3131071000.223718,True
48099,"Coryell, TX",2140310000.0,482894439.0193235,3725743.495282999,0.0,15889.0,290407718.51962876,5.8976236e+07,2140310000.1105537,True
48101,"Cottle, TX",140541000.0,16535000.0,28995500.0,25728598.8246994,187.0,1809739.0,4.571728e+07,140541000.51593533,True
48103,"Crane, TX",1167144000.0,95813000.0,3080400.0,3076066.971754074,1203.0,12226110.0,7.6201495e+06,1167143999.9421666,True
48105,"Crockett, TX",829266000.0,23142000.0,8815600.0,12304197.146297216,788.0,8857635.0,2.6317532e+07,829266000.1979074,True
48107,"Crosby, TX",321480000.0,28100000.0,51166400.0,18564884.66851598,918.0,10079887.0,1.4595846e+08,321480001.4676047,True
48109,"Culberson, TX",3750835000.0,15517000.0,2963000.0,50510342.043745995,1055.0,4538933.0,5.7056136e+07,3750834999.975353,True
48111,"Dallam, TX",1076863000.0,34084000.0,354701200.0,218656402.81728625,3822.0,24758892.0,1.9782206e+08,1076863003.9327626,True
48113,"Dallas, TX",373436738000.0,48647534000.0,35743800.0,43320200.0,1894804.0,17514716649.73534,2.4379552e+07,373436738001.3173,True
48115,"Dawson, TX",1193656000.0,57878000.0,129881400.0,13762924.059554815,4022.0,30481424.0,1.8450485e+08,1193656003.412487,True
48117,"Deaf Smith, TX",2223436000.0,82210000.0,854559600.0,352693210.4760184,8711.0,47160695.0,2.1908813e+08,2223435983.742717,True
48119,"Delta, TX",157103000.0,33363000.0,30123000.0,36088870.02686471,746.0,17636268.0,3.332892e+07,157103000.3440037,True
48121,"Denton, TX",61339121000.0,11269691000.0,24528400.0,30620600.0,321359.0,7804323198.0,6.3938548e+07,61339120999.73455,True
48123,"DeWitt, TX",4409858000.0,272012132.61887825,4869841.875705286,0.0,6876.0,64543958.0,4.1697216e+07,4409858000.069459,True
48125,"Dickens, TX",128427000.0,10955000.0,8505500.0,20827924.203504562,298.0,3140140.0,4.0456884e+07,128427000.23836347,True
48127,"Dimmit, TX",4037284000.0,67325000.0,8667200.0,75653026.85847521,4862.0,17760354.0,2.3939092e+07,4037284000.212493,True
48129,"Donley, TX",183065000.0,19712000.0,29862800.0,14022862.200846404,1013.0,6923793.0,4.098316e+07,183065000.5016655,True
48131,"Duval, TX",396123000.0,28383317.650716405,2856075.2006695443,0.0,3220.0,18739537.0,3.4868256e+07,396123000.09026957,True
48133,"Eastland, TX",889881000.0,117194934.7104445,3239607.22252789,0.0,5786.0,56711191.0,6.09e+07,889881000.0964688,True
48135,"Ector, TX",15978293000.0,2360400000.0,6464200.0,13236800.0,73944.0,753964376.0,7.910079e+06,15978292999.941792,True
48137,"Edwards, TX",92984000.0,13992000.0,7742800.0,14110099.340978682,311.0,2153333.0,2.4975568e+07,92983999.99545878,True
48139,"Ellis, TX",9963879000.0,1946485000.0,4265400.0,477600.0,60835.0,1199012440.0,1.1320986e+08,9963878999.946281,True
48141,"El Paso, TX",50029828000.0,6069193000.0,19599200.0,5135800.0,347266.0,3226999690.8158503,7.9833416e+07,50029828000.315506,True
48143,"Erath, TX",2275846000.0,388127000.0,211604000.0,20264895.65042925,17708.0,228779641.0,7.753398e+07,2275846000.0959477,True
48145,"Falls, TX",630839000.0,105362000.0,28826800.0,51282295.95985174,2692.0,40290373.0,1.3238691e+08,630838999.231933,True
48147,"Fannin, TX",1418023000.0,277099000.0,7727400.0,6924982.896621704,8151.0,151344483.0,1.0610208e+08,1418022999.9014237,True
48149,"Fayette, TX",2175786000.0,351658000.0,5656400.0,57012549.814207315,8991.0,139268513.0,5.9345116e+07,2175786000.0975943,True
48151,"Fisher, TX",493861000.0,22455000.0,24301000.0,26094095.360529184,781.0,7838615.0,9.915727e+07,493860999.66421807,True
48153,"Floyd, TX",419680000.0,25566735.513581567,114361484.42681448,0.0,1526.0,11329315.0,1.8366246e+08,419679999.46610737,True
48155,"Foard, TX",131527000.0,8275000.0,14634800.0,1638789.0307008326,317.0,2073564.0,5.036642e+07,131526999.60841608,True
48157,"Fort Bend, TX",46073487000.0,8690420000.0,14476000.0,6432000.0,248090.0,5767382467.0,7.830242e+07,46073486999.71277,True
48159,"Franklin, TX",605874000.0,76468955.24112402,110804000.0,25933928.81115365,4324.0,44345860.0,1.140211e+07,605873995.5610112,True
48161,"Freestone, TX",1328118000.0,138519000.0,18159200.0,20999695.992209435,4661.0,62946738.0,3.095948e+07,1328118000.3373792,True
48163,"Frio, TX",1518012000.0,103780000.0,67306800.0,33203439.85659933,6133.0,42284975.0,6.951641e+07,1518011997.8716297,True
48165,"Gaines, TX",2540429000.0,125775000.0,255783200.0,113740589.89806366,6333.0,70773229.0,2.4819957e+08,2540429006.7212486,True
48167,"Galveston, TX",25940451000.0,3621896000.0,3109200.0,194800.0,122596.0,2260899193.9408107,1.1908223e+07,25940451000.029835,True
48169,"Garza, TX",296461000.0,21170902.171809617,6004459.826938398,0.0,1614.0,9380233.0,4.2066144e+07,296460999.84673727,True
48171,"Gillespie, TX",1682994000.0,415249837.92602444,6082942.212790485,0.0,11821.0,242128206.0,3.1877796e+07,1682994000.0706258,True
48173,"Glasscock, TX",4659333000.0,13047000.0,6139400.0,15913957.584570885,532.0,6527330.999999999,6.8681496e+07,4659332999.746673,True
48175,"Goliad, TX",373633000.0,45768000.0,2666400.0,2022646.4995527864,1214.0,29016704.0,3.397244e+07,373632999.94358736,True
48177,"Gonzales, TX",3664466000.0,119625000.0,347874200.0,174058834.00982332,6995.0,66876043.0,4.9006536e+07,3664465994.0799403,True
48179,"Gray, TX",1415704000.0,124398000.0,69914600.0,45812168.42483449,7219.0,57596073.0,7.797311e+07,1415703997.5429685,True
48181,"Grayson, TX",7738505000.0,1141819000.0,11139000.0,904000.0,48982.0,719097941.0,9.284421e+07,7738504999.533076,True
48183,"Gregg, TX",10308735000.0,1349425000.0,1460600.0,920400.0,76302.0,543894936.0,5.630597e+06,10308734999.968555,True
48185,"Grimes, TX",1470363000.0,217990000.0,45098600.0,8704529.235474348,6288.0,131983562.0,3.2035712e+07,1470363000.751997,True
48187,"Guadalupe, TX",13698903000.0,1974696000.0,13738600.0,25101400.0,49144.0,1015728489.0,5.3945716e+07,13698903000.098394,True
48189,"Hale, TX",1742749000.0,153676248.80398268,258956600.0,37396658.80496621,10684.0,89119897.0,2.3636984e+08,1742748996.822457,True
48191,"Hall, TX",119959000.0,16993000.0,27237400.0,17582399.904275134,554.0,5951128.0,7.596883e+07,119958999.32774898,True
48193,"Hamilton, TX",368320000.0,76929402.10272442,9936797.647649035,0.0,2778.0,25603320.0,5.0388916e+07,368320000.27153796,True
48195,"Hansford, TX",1014001000.0,25415000.0,339055000.0,158854221.82574892,1958.0,14220402.0,1.525934e+08,1014000999.0712941,True
48197,"Hardeman, TX",271999000.0,26035147.273858253,29306932.263946775,0.0,1286.0,7058914.0,6.940706e+07,271998998.6569736,True
48199,"Hardin, TX",1742015000.0,360947149.47097486,6591387.0595395975,0.0,11175.0,225656017.0,1.8519056e+07,1742015000.1311255,True
48201,"Harris, TX",563988106000.0,62453900000.0,52809600.0,45311400.0,2547424.0,27948250900.656254,2.793646e+07,563988106001.1304,True
48203,"Harrison, TX",5794062000.0,478810000.0,9850400.0,6299600.0,18321.0,257971505.0,2.6408962e+07,5794061999.639299,True
48205,"Hartley, TX",1192440000.0,34208000.0,649291000.0,247798778.30554223,2905.0,19391109.0,1.6761882e+08,1192440011.3068745,True
48207,"Haskell, TX",477015000.0,31165000.0,57713600.0,2312549.4368183017,1496.0,13365870.0,1.5695544e+08,477015000.62768716,True
48209,"Hays, TX",14052563000.0,3135559000.0,4881800.0,972200.0,86425.0,1988777199.0,2.4270296e+07,14052563000.14968,True
48211,"Hemphill, TX",513538000.0,22866000.0,61767800.0,30649640.56148708,1399.0,16026094.0,3.4356576e+07,513537996.44995826,True
48213,"Henderson, TX",2604566000.0,634360000.0,6482200.0,5325800.0,19641.0,356924126.0,3.3617532e+07,2604566000.3507376,True
48215,"Hidalgo, TX",29894992000.0,4338567000.0,391848800.0,28781200.0,292679.0,2287214986.190696,3.6121642e+08,29894992013.05437,True
48217,"Hill, TX",1599494000.0,252858000.0,26455200.0,39669422.72827768,10342.0,130517716.0,1.2834861e+08,1599493999.3173163,True
48219,"Hockley, TX",1983917000.0,100161146.94178344,72247504.92780094,0.0,8801.0,58142268.0,1.6756253e+08,1983916998.8286061,True
48221,"Hood, TX",3438306000.0,684255000.0,3071200.0,450800.0,16556.0,398948920.0,1.792286e+07,3438306000.1091475,True
48223,"Hopkins, TX",2412096000.0,247843000.0,186979200.0,63569800.0,13177.0,155129465.0,4.75521e+07,2412096001.3643985,True
48225,"Houston, TX",1249008000.0,125577562.65490738,19074750.0,95176283.16353202,5116.0,72824913.0,5.05479e+07,1249007999.2703393,True
48227,"Howard, TX",11768035000.0,208650000.0,36015250.0,38312408.73285484,11735.0,117062992.0,8.819707e+07,11768034998.645548,True
48229,"Hudspeth, TX",219577000.0,15665000.0,24026800.0,8523137.554603279,920.0,3776965.0,1.0902002e+08,219576999.99112204,True
48231,"Hunt, TX",6001709000.0,824371575.6146265,6947000.0,262064476.68246746,32267.0,478069386.0,6.3671864e+07,6001708999.792157,True
48233,"Hutchinson, TX",8382977000.0,84182089.23659942,6887800.0,49230908.35590744,7541.0,48818859.0,6.2600004e+07,8382977000.205471,True
48235,"Irion, TX",1130524000.0,9160000.0,13381600.0,24687560.39762664,596.0,5361152.0,1.2064938e+07,1130523999.9729216,True
48237,"Jack, TX",500270000.0,77353277.55044517,2536086.104222055,0.0,2331.0,28610051.0,3.921935e+07,500270000.1250342,True
48239,"Jackson, TX",754478000.0,71679108.20561615,28273039.002912458,0.0,6179.0,56865915.0,1.03791576e+08,754477999.3351554,True
48241,"Jasper, TX",1349409000.0,186414636.9853177,4433200.0,33625133.89327383,8578.0,108105536.0,2.348463e+07,1349408999.82294,True
48243,"Jeff Davis, TX",97003000.0,24130000.0,5264400.0,880307.6984375119,964.0,11173231.0,3.443739e+07,97003000.2058652,True
48245,"Jefferson, TX",25199449000.0,2258145000.0,11566400.0,16730600.0,118164.0,1007869829.127397,4.4310324e+07,25199449000.135128,True
48247,"Jim Hogg, TX",218283000.0,17222000.0,2515800.0,1817081.8397052884,1018.0,9818571.0,3.0898494e+07,218283000.01796997,True
48249,"Jim Wells, TX",1867877000.0,229606000.0,60372400.0,57075373.847388506,14134.0,105039382.0,8.600302e+07,1867876999.1071007,True
48251,"Johnson, TX",8931624000.0,1591859000.0,6794600.0,747400.0,54539.0,959480892.0,5.502897e+07,8931623999.850632,True
48253,"Jones, TX",609194000.0,78939802.68209116,36019523.48625202,0.0,2897.0,41430457.15932666,1.472403e+08,609193999.771853,True
48255,"Karnes, TX",7579683000.0,112703000.0,4308400.0,47240086.52653599,5718.0,41387474.0,4.5559356e+07,7579683000.093643,True
48257,"Kaufman, TX",6423363000.0,1337657824.1514225,5245482.062102026,0.0,36419.0,793527595.0,4.6217828e+07,6423363000.036721,True
48259,"Kendall, TX",3304515000.0,750629334.1755308,7013532.01873873,0.0,19504.0,467173919.0,1.5200755e+07,3304515000.104985,True
48261,"Kenedy, TX",313390000.0,534501.5096827693,10992666.666666666,141801237.4009153,220.0,309968.00000000006,4.3940564e+07,313389999.53718543,True
48263,"Kent, TX",222011000.0,3296561.09863743,10847000.0,174154779.32153738,150.0,1911741.0,2.3234768e+07,222011000.47185844,True
48265,"Kerr, TX",3001800000.0,726796000.0,10736400.0,172844565.2574525,18958.0,355929112.0,2.1076466e+07,3001800000.390384,True
48267,"Kimble, TX",204879000.0,35282000.0,6925800.0,5607263.857332528,1173.0,21201315.0,1.8042084e+07,204879000.15444735,True
48269,"King, TX",115684000.0,2866767.1738374783,25750000.0,69897229.84629819,67.0,1662495.0,1.8537734e+07,115683999.89826229,True
48271,"Kinney, TX",146514000.0,23541186.494839884,4416140.075803978,0.0,518.0,6956629.000000001,2.0162476e+07,146513999.8078161,True
48273,"Kleberg, TX",1478351000.0,180492000.0,42107600.0,50728723.550830364,10003.0,121941056.0,6.2683772e+07,1478350999.3394053,True
48275,"Knox, TX",317794000.0,17680020.080354042,29338326.462248594,0.0,825.0,5732247.0,1.0138106e+08,317794000.81531304,True
48277,"Lamar, TX",3484443000.0,327989000.0,13880200.0,218550455.2992854,21013.0,203007610.0,9.648167e+07,3484443000.218289,True
48279,"Lamb, TX",1054379000.0,50044729.98634098,359961200.0,114687304.28500342,3569.0,29021929.0,1.8102776e+08,1054379005.9264563,True
48281,"Lampasas, TX",714846000.0,189685734.21738344,3976800.0,15637208.453620672,3980.0,110002510.0,2.2450156e+07,714846000.0451498,True
48283,"La Salle, TX",4057461000.0,27972000.0,4762600.0,9948547.991714954,3007.0,10514114.999999998,2.684347e+07,4057461000.144935,True
48285,"Lavaca, TX",1532865000.0,151179000.0,5134200.0,9779519.415032387,6202.0,100594736.0,6.0986656e+07,1532865000.1409123,True
48287,"Lee, TX",1128554000.0,214044000.0,5267800.0,7729879.0370903015,6569.0,89632246.0,3.570711e+07,1128553999.9968307,True
48289,"Leon, TX",1047711000.0,134854000.0,62876200.0,54109728.04202998,4569.0,62785510.0,4.064999e+07,1047710997.5567373,True
48291,"Liberty, TX",3124337000.0,715615000.0,6616000.0,3389686.097235203,18343.0,299498907.0,4.8015524e+07,3124337000.0371637,True
48293,"Limestone, TX",2037257000.0,150466000.0,12676000.0,18343468.175151348,6861.0,76250061.0,5.956619e+07,2037257000.4086735,True
48295,"Lipscomb, TX",647377000.0,23421000.0,55820200.0,194328941.81768972,1040.0,8251903.999999999,6.0294572e+07,647376998.5679163,True
48297,"Live Oak, TX",2806954000.0,133277000.0,4661800.0,405011099.6607561,3120.0,37032483.0,5.035536e+07,2806953999.8754683,True
48299,"Llano, TX",1122526000.0,278248430.495727,4443724.9344668,0.0,5246.0,178715192.0,1.827674e+07,1122526000.0737169,True
48301,"Loving, TX",10724876000.0,485000.0,972800.0,7969115.071632385,432.0,626402.0,6.4917675e+06,10724876000.011745,True
48303,"Lubbock, TX",18983585000.0,2569635000.0,88256000.0,53315000.0,164092.0,1545137050.0670762,1.8608755e+08,18983585001.990417,True
48305,"Lynn, TX",422937000.0,26947000.0,65536399.99999999,42724299.55088812,1164.0,17989491.0,1.967816e+08,422936997.4969865,True
48307,"McCulloch, TX",471522000.0,55464000.0,6436000.0,17828352.088373065,2330.0,22030535.0,5.5524468e+07,471521999.88159674,True
48309,"McLennan, TX",17441434000.0,2376595000.0,23091000.0,28536000.0,122796.0,1228442068.4273598,1.19566136e+08,17441434000.503616,True
48311,"McMullen, TX",2017033000.0,10636000.0,4219200.0,11781485.375405788,347.0,1436107.0,1.6012203e+07,2017032999.8786883,True
48313,"Madison, TX",702034000.0,73758000.0,40011200.0,30154955.938719273,4239.0,38053461.0,1.8533142e+07,702034001.3240129,True
48315,"Marion, TX",384625000.0,71213000.0,5007800.0,1843949.9670249224,2145.0,30061091.0,1.0517095e+07,384624999.8483434,True
48317,"Martin, TX",14692832000.0,24015000.0,20086400.0,17795860.415340424,2089.0,21826599.0,1.1305282e+08,14692831999.961481,True
48319,"Mason, TX",164058000.0,37491000.0,8944800.0,12491575.219534934,1143.0,22020133.0,1.9387916e+07,164058000.4104478,True
48321,"Matagorda, TX",3023780000.0,262209845.59659043,91321200.0,144376510.32851267,10447.0,152060677.0,1.1845935e+08,3023779997.6952014,True
48323,"Maverick, TX",2433360000.0,286810863.61029685,21317357.17348817,0.0,16329.0,167432453.0,2.0519176e+07,2433359999.9478774,True
48325,"Medina, TX",1569569000.0,299866000.0,30486800.0,28313613.463852167,9140.0,219793370.0,8.350198e+07,1569569000.2495818,True
48327,"Menard, TX",67180000.0,17353000.0,2691750.0,1096486.0861310214,452.0,5608475.0,1.4706621e+07,67180000.0772157,True
48329,"Midland, TX",40431400000.0,3200444000.0,10886800.0,14022200.0,117352.0,1139377503.0535517,2.7643682e+07,40431400000.10385,True
48331,"Milam, TX",913992000.0,172391000.0,26683600.0,55504605.47157979,5807.0,102778557.0,1.0694403e+08,913992000.7685102,True
48333,"Mills, TX",365405000.0,40070000.0,4000200.0,11339769.17184341,1302.0,20086548.0,3.378255e+07,365404999.8075834,True
48335,"Mitchell, TX",422710000.0,48232772.34364793,11002216.819310164,0.0,1546.0,13385807.0,6.3878644e+07,422709999.8250726,True
48337,"Montague, TX",806873000.0,167162620.5265168,4552613.2685294375,0.0,4699.0,92904088.0,5.320003e+07,806873000.124477,True
48339,"Montgomery, TX",47123938000.0,7397906000.0,6081800.0,5826200.0,236728.0,4408498259.317341,2.5396434e+07,47123937999.79909,True
48341,"Moore, TX",5192905000.0,114835000.0,338845200.0,113636232.14234638,11742.0,64599101.0,1.2061243e+08,5192905003.243535,True
48343,"Morris, TX",854034000.0,72948000.0,31419800.0,16612695.58094418,3234.0,35536491.0,7.8654115e+06,854033999.6540252,True
48345,"Motley, TX",59177000.0,6719000.0,12737800.0,15685139.350173429,212.0,2590602.9999999995,3.9014404e+07,59177000.14666528,True
48347,"Nacogdoches, TX",3614164000.0,406410000.0,251073400.0,124520600.0,22006.0,241328776.0,2.8424572e+07,3614163997.973711,True
48349,"Navarro, TX",2308111000.0,400030000.0,8133800.0,32560277.168106556,15923.0,187006206.0,7.782896e+07,2308110999.9265237,True
48351,"Newton, TX",607676000.0,69480000.0,7180000.0,9903903.202739954,665.0,30614362.0,2.3528588e+07,607676000.0327437,True
48353,"Nolan, TX",1283707000.0,105347022.10321164,13980193.970703237,0.0,5992.0,41617347.0,5.124611e+07,1283707000.3977728,True
48355,"Nueces, TX",26826208000.0,3289643152.0714855,50242525.781546585,0.0,153852.0,1685568142.6460989,1.6408595e+08,26826208002.34208,True
48357,"Ochiltree, TX",1151382000.0,49529000.0,251328800.0,98113598.80538142,3727.0,30973415.0,1.5697114e+08,1151381988.638965,True
48359,"Oldham, TX",427245000.0,7277000.0,96007000.0,60705945.7814672,706.0,6035158.0,5.1757052e+07,427245000.8568297,True
48361,"Orange, TX",5144962000.0,549976667.1939367,1277333.3333333333,95586664.75319195,21842.0,318942350.0,3.8978422e+06,5144961999.998398,True
48363,"Palo Pinto, TX",1261649000.0,308966884.1663884,5903080.395852173,0.0,7485.0,117799920.0,4.0977264e+07,1261649000.2829802,True
48365,"Panola, TX",2950971000.0,147392000.0,66897200.0,40142604.38813782,7678.0,71527506.0,2.254228e+07,2950971002.8661995,True
48367,"Parker, TX",7026328000.0,1605431000.0,19600000.0,1601000.0,41751.0,1037532437.0,3.591516e+07,7026327999.375927,True
48369,"Parmer, TX",1404623000.0,36898349.79320076,469762655.54505783,0.0,5878.0,27744750.0,1.8983642e+08,1404623001.594935,True
48371,"Pecos, TX",2976092000.0,77616000.0,7618000.0,28625373.29475355,3945.0,45394360.0,6.394589e+07,2976091999.9983783,True
48373,"Polk, TX",1797837000.0,408130628.0857095,21413111.496044785,0.0,11638.0,172053526.0,3.193845e+07,1797837000.3561635,True
48375,"Potter, TX",10922241000.0,819003960.6096824,33459068.666821066,0.0,77655.0,437401890.0,2.5674256e+07,10922241001.209337,True
48377,"Presidio, TX",333146000.0,50590000.0,35556400.0,9718849.253646731,1702.0,18636321.0,4.0164812e+07,333146001.36766136,True
48379,"Rains, TX",319376000.0,96801870.39431007,6561221.082808761,0.0,2214.0,58712473.0,9.806462e+06,319376000.3248777,True
48381,"Randall, TX",5774015000.0,1291003000.0,275697333.3333333,74005666.66666698,40583.0,759375781.0,9.9619224e+07,5774014992.713831,True
48383,"Reagan, TX",4195842000.0,17415000.0,13330400.0,26723497.856181145,1393.0,9590103.0,4.1347508e+07,4195841999.801334,True
48385,"Real, TX",102407000.0,23849000.0,1805600.0,1649332.8030836731,788.0,18418086.0,1.5485182e+07,102407000.01890224,True
48387,"Red River, TX",436780000.0,82346000.0,29018200.0,45085024.63248587,2876.0,43950928.0,5.354613e+07,436779999.9468126,True
48389,"Reeves, TX",14686204000.0,169158000.0,15990600.0,25703974.76047516,5851.0,32799136.0,3.820724e+07,14686204000.40861,True
48391,"Refugio, TX",487611000.0,78003760.50049451,14876972.692387003,0.0,2031.0,14833269.000000002,5.9496104e+07,487610999.71086115,True
48393,"Roberts, TX",224260000.0,4484000.0,8767666.666666666,81942318.56369862,113.0,2926183.0,2.8925658e+07,224259999.72945035,True
48395,"Robertson, TX",3295714000.0,136965000.0,59597000.0,101564352.0787549,4919.0,65360796.0,5.4782108e+07,3295714001.8103194,True
48397,"Rockwall, TX",7385245000.0,1498317708.631447,2881163.303514322,0.0,39609.0,917710953.0,9.166281e+06,7385245000.028431,True
48399,"Runnels, TX",421758000.0,50040809.389186785,40228929.00314366,0.0,2914.0,26866887.0,1.19897736e+08,421758000.47019655,True
48401,"Rusk, TX",3034367000.0,282457000.0,66339800.0,18832044.49127674,12491.0,179849645.0,2.9229262e+07,3034366999.303483,True
48403,"Sabine, TX",375634000.0,86529000.0,10753666.666666666,2756005.4114026427,2322.0,35834780.0,1.4629669e+07,375633999.64448303,True
48405,"San Augustine, TX",1018181000.0,52329000.0,48275500.0,17886274.49969411,1726.0,18823856.0,1.5942826e+07,1018181000.9125966,True
48407,"San Jacinto, TX",482520000.0,175293000.0,1801800.0,3841832.9246525764,2146.0,111219708.0,1.7762412e+07,482520000.0381232,True
48409,"San Patricio, TX",3986556000.0,499370506.7804928,62491758.73816489,0.0,21429.0,283813339.0,1.2623575e+08,3986555999.867004,True
48411,"San Saba, TX",213060000.0,45319000.0,13673800.0,8161129.851134241,1352.0,20853716.0,5.6552356e+07,213060000.35630986,True
48413,"Schleicher, TX",172112000.0,14510164.061276518,10690359.665475104,0.0,741.0,5881781.0,2.3861374e+07,172112000.20913404,True
48415,"Scurry, TX",2073521000.0,85701000.0,15392400.0,4328600.0,5916.0,44072759.0,8.190355e+07,2073521000.1809592,True
48417,"Shackelford, TX",357746000.0,17922878.98146628,4639692.988481167,0.0,1148.0,11995190.0,3.406945e+07,357745999.87964267,True
48419,"Shelby, TX",1835280000.0,132105000.0,368167400.0,180746159.30366635,8915.0,68791587.0,2.4034392e+07,1835280000.0,True
48421,"Sherman, TX",744102000.0,11616000.0,411170600.0,222948865.10874075,1059.0,6603658.0,1.5653485e+08,744101992.9946029,True
48423,"Smith, TX",15971813000.0,2134790000.0,12946800.0,5494200.0,111630.0,1074936027.8122227,2.7807192e+07,15971812999.724827,True
48425,"Somervell, TX",1747786000.0,84722755.44704841,25290427.24448417,0.0,3913.0,49986372.0,7.427828e+06,1747786000.6816297,True
48427,"Starr, TX",1581475000.0,175811351.8669574,10875709.08519459,0.0,11587.0,111063404.0,1.3683053e+08,1581475000.013506,True
48429,"Stephens, TX",484821000.0,48892449.56282236,1575912.7887115916,0.0,2835.0,27225942.0,3.7822984e+07,484820999.9674693,True
48431,"Sterling, TX",299509000.0,13033000.0,5162000.0,4075118.979508519,481.0,3418445.0000000005,1.1611597e+07,299509000.0768422,True
48433,"Stonewall, TX",153811000.0,8699000.0,5924200.0,28139133.533915162,404.0,1729756.0,3.8880964e+07,153811000.2940219,True
48435,"Sutton, TX",278605000.0,22524000.0,8122200.0,16525564.960085481,1017.0,10177002.0,1.4395955e+07,278604999.9578503,True
48437,"Swisher, TX",693590000.0,34078000.0,381011000.0,132105590.73391724,1951.0,15543533.0,1.5371358e+08,693590011.7641778,True
48439,"Tarrant, TX",167550982000.0,23727890000.0,29897800.0,13739200.0,1082620.0,13835811711.309576,1.6652522e+07,167550981999.9557,True
48441,"Taylor, TX",9237738000.0,1234145000.0,4306600.0,713400.0,64893.0,647133075.1582984,7.15917e+07,9237737999.766666,True
48443,"Terrell, TX",69807000.0,7645231.607278376,2822695.1608217936,0.0,41.0,4235203.0,2.179796e+07,69807000.01074898,True
48445,"Terry, TX",670677000.0,49565000.0,136936400.0,28604263.50991416,3045.0,30864990.0,2.086522e+08,670676998.5598788,True
48447,"Throckmorton, TX",190399000.0,9439548.820692305,4048301.3499051533,0.0,414.0,3536256.0,6.290105e+07,190398999.98196167,True
48449,"Titus, TX",2531691000.0,180035000.0,115912000.0,52784739.91926861,17307.0,101056408.0,1.3068044e+07,2531691002.3246627,True
48451,"Tom Green, TX",8157711000.0,1000353000.0,111262400.0,45243600.0,47889.0,538284094.0122194,1.05771896e+08,8157710995.907506,True
48453,"Travis, TX",191331835000.0,23862930000.0,8808200.0,11508800.0,947590.0,14533199027.683243,4.659101e+07,191331834999.9716,True
48455,"Trinity, TX",340649000.0,100940000.0,4766600.0,1621548.3339470625,2012.0,42286925.0,2.2620686e+07,340649000.1885909,True
48457,"Tyler, TX",661477000.0,102611956.44508925,12453179.722650154,0.0,3633.0,56370248.0,2.5595876e+07,661476999.5233134,True
48459,"Upshur, TX",1129204000.0,215504000.0,7049000.0,7298000.0,8038.0,159106026.0,1.9527948e+07,1129203999.7098846,True
48461,"Upton, TX",7381686000.0,25915204.27959849,3929534.206704574,0.0,3102.0,9391510.0,2.6412268e+07,7381685999.992962,True
48463,"Uvalde, TX",1239760000.0,151339339.49975792,35456852.059037276,0.0,8934.0,79686650.0,8.151607e+07,1239760000.81429,True
48465,"Val Verde, TX",2359708000.0,290858183.5182012,6286333.333333333,261726.7838935852,15742.0,168674414.93715984,3.0707954e+07,2359708000.0444403,True
48467,"Van Zandt, TX",1840325000.0,386115000.0,39556400.0,33131600.0,12630.0,265920721.0,3.3596264e+07,1840324997.9556391,True
48469,"Victoria, TX",6031665000.0,687864827.8302046,20454000.0,290149886.5987587,34440.0,398906422.32127327,6.7543416e+07,6031664999.476562,True
48471,"Walker, TX",2953908000.0,408184856.9594792,7114589.267046683,0.0,29004.0,288619639.0,2.8534056e+07,2953907999.9437532,True
48473,"Waller, TX",6194766000.0,373841000.0,25099000.0,15196343.073465347,22618.0,283988100.9839179,3.527804e+07,6194765999.442085,True
48475,"Ward, TX",4963967000.0,168442211.76075345,4950514.930302384,0.0,5680.0,35712417.0,8.1848095e+06,4963967000.070289,True
48477,"Washington, TX",3084270000.0,278439742.56559163,8711504.046814702,0.0,16640.0,238070538.0,3.4496676e+07,3084269999.6966667,True
48479,"Webb, TX",16145476000.0,1633202000.0,13334000.0,21502000.0,100368.0,841422273.072927,3.8747024e+07,16145476000.113398,True
48481,"Wharton, TX",2708746000.0,295511161.63286686,100106200.0,66788069.28399801,15145.0,171372769.0,2.1012702e+08,2708745996.4604373,True
48483,"Wheeler, TX",469836000.0,32788453.32197481,24028472.870147474,0.0,2034.0,13625739.0,5.4262836e+07,469835999.2363148,True
48485,"Wichita, TX",7401044000.0,840711682.1418681,4422477.443706035,0.0,50556.0,470239644.40597564,7.5016136e+07,7401043999.944724,True
48487,"Wilbarger, TX",993005000.0,86412089.7898939,25125680.885441754,0.0,5461.0,33594732.0,1.2664334e+08,993004999.8449055,True
48489,"Willacy, TX",707208000.0,76506892.6520113,58098269.2908977,0.0,3193.0,28408844.0,1.1914356e+08,707207998.9136902,True
48491,"Williamson, TX",40978234000.0,7650134000.0,19855600.0,31940400.0,238920.0,5498659785.0,1.2454487e+08,40978234000.6356,True
48493,"Wilson, TX",1609145000.0,264561000.0,4621800.0,4296716.490622997,8670.0,288447899.0,5.020059e+07,1609144999.8575845,True
48495,"Winkler, TX",2139686000.0,87643682.50439982,688000.9093995636,0.0,3124.0,21724604.0,8.47191e+06,2139685999.968932,True
48497,"Wise, TX",4444726000.0,465710677.6909546,5401350.716629975,0.0,22026.0,388330916.0,5.2837436e+07,4444725999.996381,True
48499,"Wood, TX",2036198000.0,317264000.0,70762000.0,49545532.64824939,10092.0,189494277.0,2.3677964e+07,2036197999.1611667,True
48501,"Yoakum, TX",2585058000.0,76045000.0,74923200.0,2692828.2696619034,3318.0,26272328.0,1.1078715e+08,2585057997.392621,True
48503,"Young, TX",1339614000.0,141164000.0,2406200.0,3509465.7550611496,6560.0,71945666.0,6.6436772e+07,1339614000.006614,True
48505,"Zapata, TX",730995000.0,154759000.0,5067600.0,1540144.0579276085,2023.0,22987760.0,1.7563034e+07,730995000.0171134,True
48507,"Zavala, TX",955836000.0,85913000.0,14338200.0,15169064.8211689,2488.0,20473877.0,5.7538908e+07,955836000.1747261,True
49001,"Beaver, UT",547336000.0,32487802.02171934,91574257.67990214,0.0,2794.0,37039492.0,7.055316e+07,547335999.4651039,True
49003,"Box Elder, UT",3493437000.0,407581000.0,86745400.0,57514600.0,21980.0,347022391.0,2.1313134e+08,3493436999.286572,True
49005,"Cache, UT",8529776000.0,1074939325.8496454,120383750.0,379613474.8959217,60576.0,830401890.0,1.07297736e+08,8529775997.070193,True
49007,"Carbon, UT",1448987000.0,189563000.0,1404400.0,9541925.029362202,7904.0,82745405.0,4.014928e+07,1448987000.000632,True
49009,"Daggett, UT",151224000.0,19283000.0,4945333.333333333,5920919.83515352,287.0,3309840.0,2.1441056e+07,151224000.17484236,True
49011,"Davis, UT",22301669000.0,3144458426.7917185,12677875.993968617,0.0,130842.0,2881142751.0,1.4480961e+07,22301668999.902252,True
49013,"Duchesne, UT",1765328000.0,246711383.16694367,39259570.703014985,0.0,8139.0,91706917.0,1.2155142e+08,1765328000.875362,True
49015,"Emery, UT",1436747000.0,67171498.65441348,17950903.861941006,0.0,3393.0,35462563.0,8.499723e+07,1436747000.7896893,True
49017,"Garfield, UT",385508000.0,47276000.0,29561800.0,52020541.682537794,2151.0,28495920.0,1.0507748e+08,385508000.3507394,True
49019,"Grand, UT",927900000.0,146372738.26916003,5873260.9779192535,0.0,6420.0,100221308.0,6.9418024e+07,927899999.8661075,True
49021,"Iron, UT",3087335000.0,362492997.09745985,71667255.32055311,0.0,23946.0,334891434.0,1.0195647e+08,3087334998.042773,True
49023,"Juab, UT",953279000.0,54599688.06956248,30845553.787696175,0.0,4238.0,69705653.0,6.723975e+07,953278999.7982342,True
49025,"Kane, UT",579420000.0,73987196.0254095,11225600.0,28756390.82266307,3844.0,57155884.00000001,6.1106324e+07,579419999.6351402,True
49027,"Millard, UT",1487020000.0,72921000.0,99514400.0,33576110.638716936,5127.0,55911966.0,1.6232147e+08,1487020003.1239736,True
49029,"Morgan, UT",537929000.0,105129143.77035618,1504072.9980230888,0.0,3089.0,114069224.0,2.3300614e+07,537928999.9718852,True
49031,"Piute, UT",111298000.0,11261000.0,48945200.0,19430753.736863926,310.0,7200757.0,2.4504244e+07,111298001.9574299,True
49033,"Rich, UT",232426000.0,85315000.0,34493000.0,11765271.796164334,880.0,11955905.0,2.7996536e+07,232426000.1820977,True
49035,"Salt Lake, UT",146456829000.0,18335791000.0,19412800.0,105200.0,775993.0,10425133120.35313,1.692217e+07,146456829001.1028,True
49037,"San Juan, UT",737234000.0,99867000.0,10403800.0,31256274.169625282,4444.0,48539239.0,1.6542254e+08,737233999.8841115,True
49039,"Sanpete, UT",1383810000.0,153954000.0,160217200.0,85716646.89203453,8877.0,134046766.0,9.202356e+07,1383809998.6143045,True
49041,"Sevier, UT",1698167000.0,134194565.97163096,89795000.0,38385364.604850054,9028.0,103666708.0,7.259469e+07,1698166995.7643392,True
49043,"Summit, UT",5752948000.0,1386347000.0,22998800.0,5457200.0,32548.0,755736749.0,5.7516068e+07,5752948000.477966,True
49045,"Tooele, UT",2898172000.0,575487004.4380937,21591389.215263214,0.0,18741.0,465337177.44178563,7.310242e+07,2898171999.31954,True
49047,"Uintah, UT",2696259000.0,362377000.0,18242600.0,6255400.0,13294.0,163593481.0,1.13572504e+08,2696259000.2700744,True
49049,"Utah, UT",43850622000.0,5788302836.933486,27692498.504271917,0.0,295403.0,4796499699.6994,1.12187816e+08,43850621999.94563,True
49051,"Wasatch, UT",1812708000.0,493590895.511468,929122.3172789166,0.0,11903.0,434502269.59551734,3.9177772e+07,1812707999.9721775,True
49053,"Washington, UT",10769137000.0,2307161500.8453054,3026571.6931393533,0.0,87513.0,1610871056.0,5.420491e+07,10769137000.08952,True
49055,"Wayne, UT",158451000.0,23475000.0,16464400.000000002,6649485.864016563,1146.0,19716126.0,3.7103412e+07,158451000.4565407,True
49057,"Weber, UT",17039853000.0,2297079594.4378643,56912765.7541045,0.0,122390.0,1913213744.0,3.9819716e+07,17039852998.715368,True
50001,"Addison, VT",2149426000.0,283791000.0,110047600.0,13026498.129051685,15101.0,257503628.0,9.19648e+07,2149426000.7102,True
50003,"Bennington, VT",2262480000.0,325155320.8684993,10942800.0,15750555.96013403,16869.0,214014950.0,3.1540962e+07,2262480000.078773,True
50005,"Caledonia, VT",1538291000.0,237164000.0,29793400.0,22408774.533223152,10231.0,153408542.0,4.269077e+07,1538291000.534321,True
50007,"Chittenden, VT",15550300000.0,1836966000.0,38245500.0,2458500.0,103357.0,1477104283.3153543,3.543511e+07,15550299997.965538,True
50009,"Essex, VT",179176000.0,55690686.79905225,8025078.112959298,0.0,1013.0,26147593.000000004,2.8241882e+07,179175999.85292748,True
50011,"Franklin, VT",2704589000.0,315150570.2304649,132145061.71520014,0.0,17183.0,301176093.0,6.443621e+07,2704588999.34173,True
50013,"Grand Isle, VT",245626000.0,73106377.19221586,8596453.401010618,0.0,1075.0,59436318.0,1.0425805e+07,245625999.75576153,True
50015,"Lamoille, VT",1582360000.0,276893500.0515409,25519676.11358728,0.0,13066.0,190089493.0,2.4987912e+07,1582359999.2220712,True
50017,"Orange, VT",1101579000.0,229768000.0,47146000.0,618260.8695523739,7731.0,179181479.0,4.526668e+07,1101579001.792141,True
50019,"Orleans, VT",1456095000.0,248002000.0,48360200.0,6158110.699474812,10647.0,137233507.0,5.5352012e+07,1456094999.0526197,True
50021,"Rutland, VT",3558499000.0,473492574.2070768,9914000.0,46616667.560453415,27134.0,311649489.0,5.611335e+07,3558498999.682704,True
50023,"Washington, VT",4927631000.0,561293675.5639293,15646759.625187946,0.0,30099.0,410152020.0,3.5722976e+07,4927631000.03422,True
50025,"Windham, VT",3046730000.0,472977000.0,23373000.0,2811457.2526102066,21744.0,280666477.0,3.8460412e+07,3046730000.9709206,True
50027,"Windsor, VT",3628778000.0,543312000.0,10666400.0,16947600.0,27956.0,381226394.0,5.028684e+07,3628778000.036871,True
51001,"Accomack, VA",1953310000.0,607191570.5555274,75506920.31842953,0.0,11376.0,164613464.09567466,3.4646428e+07,2875607992.9238763,True
51007,"Amelia, VA",384048000.0,44665885.25681771,43167403.0175476,0.0,2451.0,73007893.0,2.908856e+07,582760410.7112465,True
51009,"Amherst, VA",1033764000.0,148967056.72950742,3537990.4264003946,0.0,8562.0,144622371.0,2.8186348e+07,1727919717.723125,True
51011,"Appomattox, VA",447992000.0,159043270.0099471,2395729.7142125885,0.0,3433.0,67382966.0,2.8480664e+07,726319094.0402182,True
51013,"Arlington, VA",46907846000.0,5256280000.0,662000.0,818000.0,166762.0,2803484753.052807,70155.61,60427910913.804726,True
51017,"Bath, VA",302924000.0,39602067.76431138,3242621.1214776407,0.0,2056.0,18899921.0,2.4294258e+07,469612175.04526716,True
51019,"Bedford, VA*",2627985000.0,595905000.0,12729200.0,3696800.0,19528.0,498853339.0,6.592402e+07,4211198368.0788407,True
51021,"Bland, VA",268505000.0,59623387.682074025,1136968.4749166712,0.0,2061.0,20822135.0,2.1818824e+07,435598545.2659618,True
51023,"Botetourt, VA",1783097000.0,580696950.3999429,4202412.799336127,2.384185791015625e-07,12044.0,191512563.0,3.5527724e+07,2759552438.649345,True
51025,"Brunswick, VA",1018835000.0,61214073.3768587,21478688.732091542,0.0,3445.0,52489216.24929414,3.2226462e+07,1298134982.0738,True
51027,"Buchanan, VA",1499291000.0,98139543.89341973,2550607.600220647,0.0,5997.0,42778762.0,1.886281e+07,1985491868.7840276,True
51029,"Buckingham, VA",692614000.0,66521432.764554344,18475451.739307776,0.0,3142.0,59622959.0,3.557764e+07,947348554.9091524,True
51033,"Caroline, VA",1150926000.0,242441921.0739782,7549709.568930836,0.0,6321.0,184497205.0,3.759451e+07,1663394849.3957899,True
51036,"Charles City, VA",335927000.0,15396011.96764225,2540836.6405208986,0.0,1775.0,37756651.0,1.3315221e+07,479833376.9538058,True
51037,"Charlotte, VA",375652000.0,116815198.11139743,7650037.065929852,0.0,2934.0,36830498.0,3.823681e+07,613523160.5629911,True
51041,"Chesterfield, VA",22427632000.0,4005985000.0,5205000.0,773000.0,149426.0,2667811073.0,1.4364064e+07,34542197787.35085,True
51043,"Clarke, VA",583098000.0,293635951.1302264,1686887.535925869,0.0,3824.0,154806750.0,1.5821187e+07,893125033.9270167,True
51045,"Craig, VA",142802000.0,32724186.025550257,792798.636383279,0.0,703.0,19450794.0,1.9040202e+07,199797032.68146282,True
51047,"Culpeper, VA",2542229000.0,1142212779.4229908,5836822.115511499,0.0,16635.0,377032265.0,4.0824452e+07,3890895241.8267865,True
51049,"Cumberland, VA",207819000.0,30017367.823413067,16621756.018508164,2.9802322387695312e-08,1258.0,49346578.0,2.0441776e+07,309810111.30458283,True
51051,"Dickenson, VA",915171000.0,53434060.169216245,770831.887847322,0.0,3377.0,36406912.0,1.3127334e+07,1188957949.1613162,True
51057,"Essex, VA",528674000.0,73992062.190334,3724954.7205246673,0.0,3291.0,54128538.0,2.4134908e+07,795488583.9572927,True
51061,"Fauquier, VA",3813652000.0,717367000.0,18265200.0,5288800.0,23349.0,741314341.0,5.3085252e+07,5706649180.23042,True
51063,"Floyd, VA",506391000.0,100134882.61333749,4523348.47010293,0.0,3579.0,77205246.0,2.9469288e+07,796554900.2920439,True
51065,"Fluvanna, VA",1215165000.0,219200841.7116369,8958239.546310613,0.0,5432.0,158870634.0,1.7359666e+07,1655559049.9444535,True
51067,"Franklin, VA",2111765000.0,991166903.9860702,7277060.748106498,0.0,15404.0,303410503.0,5.690041e+07,3360629129.447543,True
51071,"Giles, VA",929486000.0,83460078.70681415,464299.5816105411,0.0,5291.0,58208670.0,1.86601e+07,1358448614.1622725,True
51073,"Gloucester, VA",1285793000.0,255940613.2289672,7130543.959582485,0.0,9415.0,238560103.0,1.2259542e+07,2049104852.7335443,True
51075,"Goochland, VA",3905866000.0,316647588.0426803,4168358.325556314,0.0,24945.0,268996146.0,2.0401196e+07,5928257308.021868,True
51077,"Grayson, VA",383928000.0,38322637.91143997,4097519.265109435,0.0,3062.0,45698145.0,3.259801e+07,632176634.3760431,True
51079,"Greene, VA",631488000.0,295141193.2766465,657787.4112104139,0.0,4272.0,133913006.0,1.0699743e+07,977836192.7188035,True
51083,"Halifax, VA",1519167000.0,418379982.54246235,11016329.259601908,0.0,11938.0,114753756.0,5.762925e+07,2487028592.6437125,True
51085,"Hanover, VA",8949741000.0,1315042920.1113994,26133141.78730013,0.0,61897.0,869538594.0,3.72851e+07,13967979315.360683,True
51087,"Henrico, VA",36079283000.0,5309978000.0,5733600.0,527400.0,205453.0,2646668416.162751,9.559134e+06,52736182633.554665,True
51091,"Highland, VA",96865000.0,1924881.5350632684,1030908.4615739447,0.0,585.0,10747765.0,2.044582e+07,144293298.89861488,True
51093,"Isle of Wight, VA",1963883000.0,304652000.0,36114200.0,144489531.73690796,10181.0,271679914.0,3.188722e+07,2789297547.4696207,True
51097,"King and Queen, VA",200003000.0,37629464.05918908,7258169.184912536,0.0,1263.0,37209651.0,2.470465e+07,302399481.398295,True
51099,"King George, VA",2720566000.0,766580989.658442,2880729.5814819345,0.0,7426.0,206690424.0,1.1951857e+07,3322621636.5448914,True
51101,"King William, VA",767946000.0,347852060.2366785,4713421.519024663,0.0,4369.0,107517408.0,2.3210184e+07,1122158372.126281,True
51103,"Lancaster, VA",660098000.0,100545771.88573146,2537912.6303593838,0.0,4634.0,91601450.0,1.0307889e+07,1035794986.1052544,True
51105,"Lee, VA",539176000.0,102641300.24736331,5582246.15380397,0.0,3872.0,53772376.0,3.349679e+07,853094586.6023135,True
51107,"Loudoun, VA",42018144000.0,5708856000.0,16474400.000000002,7645600.0,195681.0,5237734671.953146,2.9141256e+07,57882788358.29005,True
51109,"Louisa, VA",3183769000.0,241542787.03706473,3984218.554849209,0.0,10414.0,241936830.0,3.5052876e+07,4028073793.901069,True
51111,"Lunenburg, VA",321108000.0,39442552.446855575,6933924.165771193,0.0,2252.0,38690126.0,3.0486142e+07,503686682.0421379,True
51113,"Madison, VA",491562000.0,86618257.2765139,4966956.722805435,5.960464477539063e-08,3244.0,93124517.0,3.0749688e+07,754566105.2755642,True
51115,"Mathews, VA",252421000.0,60585002.604895994,3534885.6695231623,2.9802322387695312e-08,1609.0,66264539.0,3.0854182e+06,382869090.43486154,True
51117,"Mecklenburg, VA",1481379000.0,211989000.0,16763333.333333332,12409666.666666746,10820.0,137807153.0,4.7275156e+07,2358599843.6471844,True
51119,"Middlesex, VA",500040000.0,66233305.9094324,2449248.3607992316,0.0,3164.0,81224355.0,1.2195548e+07,756558183.9512123,True
51125,"Nelson, VA",680230000.0,292318351.99319565,5051091.463959408,0.0,3841.0,101190111.0,2.78055e+07,991635292.2218764,True
51127,"New Kent, VA",957318000.0,506680358.67124784,2329562.5718384846,0.0,5543.0,183103028.0,1.1787553e+07,1406711265.917575,True
51131,"Northampton, VA",670256000.0,94524961.38182567,97449772.94226237,0.0,4117.0,73663259.0,2.1128026e+07,1004037716.2246859,True
51133,"Northumberland, VA",469118000.0,116539885.35465303,28263936.880238004,0.0,2334.0,93200026.0,1.8943838e+07,658344750.1224778,True
51135,"Nottoway, VA",686327000.0,157732878.45131746,16276761.46919475,1.1920928955078125e-07,5560.0,58641737.0,2.4183054e+07,1137098524.287957,True
51137,"Orange, VA",1539492000.0,694737629.5570643,44447719.83633746,0.0,9522.0,254759943.0,3.3394002e+07,2311478773.18199,True
51139,"Page, VA",890340000.0,288973912.2416338,42235014.70159473,0.0,5310.0,111536315.0,2.2471916e+07,1320843020.2049644,True
51141,"Patrick, VA",522003000.0,202403948.4780495,5373982.525495198,0.0,4064.0,62837842.0,3.0798962e+07,851487797.4299414,True
51145,"Powhatan, VA",1157538000.0,550767650.6855253,1722822.2823487937,0.0,7943.0,230524631.0,1.6721899e+07,1801508902.3166816,True
51147,"Prince Edward, VA",956396000.0,285517410.3329293,8210734.362460702,0.0,8275.0,84975838.0,2.7385774e+07,1627283475.3928065,True
51155,"Pulaski, VA",1798230000.0,461787319.68165475,1646201.7097994299,0.0,14839.0,148150437.59827864,2.4244856e+07,3001287310.692615,True
51157,"Rappahannock, VA",382627000.0,82658587.53176959,5057329.515898733,0.0,1514.0,71210929.0,1.6641722e+07,505373058.9856368,True
51159,"Richmond, VA",374797000.0,43528793.475229435,5797490.026061156,0.0,2495.0,34943027.0,1.8326052e+07,577076668.0271302,True
51167,"Russell, VA",869631000.0,98469930.01977688,2818147.7819219064,0.0,6677.0,75487274.0,3.1059388e+07,1410962199.053581,True
51169,"Scott, VA",570933000.0,159123562.1167284,3170903.967119108,0.0,4908.0,65238788.0,3.3106006e+07,968844266.3933944,True
51171,"Shenandoah, VA",2182575000.0,863981106.996219,39823956.36434761,0.0,13347.0,245996886.0,4.1095476e+07,3264669879.112563,True
51173,"Smyth, VA",1310819000.0,265281528.8713958,2498349.3534964095,0.0,11597.0,92088705.0,3.0874556e+07,2251034353.7033763,True
51179,"Stafford, VA",8090807000.0,1473796299.2195723,2619978.4505115338,0.0,42246.0,1307454961.0,1.2600374e+07,11515859843.834192,True
51181,"Surry, VA",1695233000.0,44820787.056434445,7450514.46735486,0.0,2182.0,34688217.0,2.3768614e+07,1872136500.7406027,True
51183,"Sussex, VA",450931000.0,35124068.46932578,10239455.176167428,0.0,3265.0,36931993.75053551,3.4703276e+07,715637658.9249378,True
51185,"Tazewell, VA",1687926000.0,470016369.42086893,5795662.433549657,0.0,14139.0,114850203.0,3.0627096e+07,2834231500.0844903,True
51187,"Warren, VA",2530781000.0,967079544.7581431,2315792.025510799,0.0,13436.0,262435677.0,1.1228801e+07,3620091467.569713,True
51193,"Westmoreland, VA",655252000.0,167317000.0,86102600.0,530387.7493338585,3039.0,106777576.0,2.3921064e+07,901635930.99699,True
51197,"Wythe, VA",1860793000.0,146586596.96019453,7011765.438487763,0.0,11749.0,116960578.0,4.3474756e+07,2813331603.9278855,True
51510,"Alexandria (Independent City), VA",17257613000.0,2853627758.7727065,1301403.5285981458,0.0,79808.0,1951525188.7612655,47618.086,23727968000.771267,True
51550,"Chesapeake (Independent City), VA",14529650000.0,2706883287.3632765,12568802.796381986,0.0,110716.0,1829814268.0,2.0215542e+07,23505840661.31795,True
51650,"Hampton (Independent City), VA",8479834000.0,3079290016.0449266,746870.6222219212,0.0,49061.0,821734871.0,201107.66,12457406257.05684,True
51700,"Newport News (Independent City), VA",18289477000.0,2024938876.2717261,5753136.943072158,0.0,98238.0,1106959325.0,646392.8,26254026100.145477,True
51710,"Norfolk (Independent City), VA",25588343000.0,2114240000.0,104666.66666666667,52333.33333206177,130869.0,1461298043.5637393,32198.97,36198418288.141045,True
51740,"Portsmouth (Independent City), VA",7560908000.0,2039122644.5827613,484250.4606872749,0.0,32664.0,536601785.49526083,45054.43,10209109630.730637,True
51760,"Richmond (Independent City), VA",32931476000.0,4106587191.682397,1636988.914905362,0.0,174706.0,1707591761.0,375627.78,47095592890.032196,True
51770,"Roanoke (Independent City), VA",9528855000.0,724247292.1575432,1151482.9781879075,0.0,69862.0,504368754.0,520082.4,15192847846.096027,True
51800,"Suffolk (Independent City), VA",5338931000.0,2236072846.023172,29020349.2872561,0.0,32634.0,678929865.0,3.1901798e+07,7984700409.505782,True
51810,"Virginia Beach (Independent City), VA",29838552000.0,6490194000.0,4139000.0,3114000.0,180420.0,3892595681.0,1.1567311e+07,44465925812.76808,True
51901,"Albemarle + Charlottesville, VA*",16519881000.0,0.0,22096666.666666668,2432100333.333334,0.0,0.0,0.0,0.0,False
51903,"Alleghany + Covington, VA*",1071386000.0,176358000.0,1390333.3333333333,558595666.6666667,0.0,0.0,0.0,0.0,False
51907,"Augusta, Staunton + Waynesboro, VA*",6874817000.0,966538053.8136817,154707985.2658282,0.0,0.0,0.0,0.0,0.0,False
51911,"Campbell + Lynchburg, VA*",9428891000.0,1105393000.0,9908000.0,3358000.0,0.0,0.0,0.0,0.0,False
51913,"Carroll + Galax, VA*",1252051000.0,220137000.0,17139666.666666668,122271333.33333325,0.0,0.0,0.0,0.0,False
51918,"Dinwiddie, Colonial Heights + Petersburg, VA*",3994172000.0,636946000.0,4459000.0,648239000.0,0.0,0.0,0.0,0.0,False
51919,"Fairfax, Fairfax City + Falls Church, VA*",167801845000.0,0.0,35762666.666666664,20489779333.333344,0.0,0.0,0.0,0.0,False
51921,"Frederick + Winchester, VA*",9382163000.0,0.0,7960333.333333333,2477069666.666667,0.0,0.0,0.0,0.0,False
51923,"Greensville + Emporia, VA*",2025806000.0,98262000.0,9227800.0,487015200.0,0.0,0.0,0.0,0.0,False
51929,"Henry + Martinsville, VA*",2927353000.0,342116000.0,21711750.0,487196250.0,0.0,0.0,0.0,0.0,False
51931,"James City + Williamsburg, VA*",7313666000.0,1174951000.0,6230333.333333333,1857653666.666667,0.0,0.0,0.0,0.0,False
51933,"Montgomery + Radford, VA*",7352097000.0,914877000.0,7192666.666666667,1462171333.333333,0.0,0.0,0.0,0.0,False
51939,"Pittsylvania + Danville, VA*",4752515000.0,585589000.0,18240333.333333332,337785666.666667,0.0,0.0,0.0,0.0,False
51941,"Prince George + Hopewell, VA*",5024012000.0,354075000.0,1737750.0,565175250.0,0.0,0.0,0.0,0.0,False
51942,"Prince William, Manassas + Manassas Park, VA*",29820283000.0,5884389000.0,6522500.0,12155543500.0,0.0,0.0,0.0,0.0,False
51944,"Roanoke + Salem, VA*",7819301000.0,1008083000.0,12091333.333333334,2103117666.666667,0.0,0.0,0.0,0.0,False
51945,"Rockbridge, Buena Vista + Lexington, VA*",1729450000.0,286504000.0,5523500.0,185991500.0,0.0,0.0,0.0,0.0,False
51947,"Rockingham + Harrisonburg, VA*",10269381000.0,1131530000.0,480517500.0,1068061500.0,0.0,0.0,0.0,0.0,False
51949,"Southampton + Franklin, VA*",1024755000.0,0.0,42554200.0,248863800.0,0.0,0.0,0.0,0.0,False
51951,"Spotsylvania + Fredericksburg, VA*",9292153000.0,2077406000.0,5842000.0,1150931000.0,0.0,0.0,0.0,0.0,False
51953,"Washington + Bristol, VA*",4345784000.0,0.0,19823333.333333332,1222029666.6666665,0.0,0.0,0.0,0.0,False
51955,"Wise + Norton, VA*",2078140000.0,0.0,1506250.0,442406750.0,0.0,0.0,0.0,0.0,False
51958,"York + Poquoson, VA*",3674631000.0,766252000.0,5941600.0,634325400.0,0.0,0.0,0.0,0.0,False
53001,"Adams, WA",1168566000.0,117159423.02083647,329917200.0,15385402.814083815,8184.0,82501740.0,4.174718e+08,1168566010.5297863,True
53003,"Asotin, WA",927453000.0,191065080.39199904,22430646.43051312,0.0,6655.0,140748013.0,4.2318156e+07,927453000.8622335,True
53005,"Benton, WA",15753981000.0,1830706610.31699,522406043.46773547,0.0,96177.0,1472485434.1391654,1.03136346e+09,15753981015.738491,True
53007,"Chelan, WA",7079832000.0,1159906000.0,400638200.0,367480800.0,42458.0,667771118.0,1.5646536e+08,7079831989.493249,True
53009,"Clallam, WA",3548006000.0,713489000.0,64378600.0,23561400.0,23717.0,671688867.0,6.1555364e+07,3548006001.521588,True
53011,"Clark, WA",31385230000.0,5650341000.0,62427250.0,27302750.0,180756.0,4953067061.0,3.4763724e+07,31385229996.674835,True
53013,"Columbia, WA",495641000.0,33875000.0,71923200.0,8620491.445579052,1408.0,25507847.000000004,1.0136651e+08,495640998.5642981,True
53015,"Cowlitz, WA",6987707000.0,817824000.0,91479600.0,6682400.0,40531.0,797693299.0,4.5175736e+07,6987707002.818758,True
53017,"Douglas, WA",2590971000.0,378323000.0,163917800.0,61275918.32989788,11460.0,314958421.0,2.3807408e+08,2590971001.5928655,True
53019,"Ferry, WA",257112000.0,54364000.0,15044800.0,8927723.633661896,1455.0,41714379.0,7.25135e+07,257111999.8738227,True
53021,"Franklin, WA",5395648000.0,744841773.4545567,551946000.0,178206266.1863203,34282.0,524505334.27224106,4.292712e+08,5395647982.630742,True
53023,"Garfield, WA",215799000.0,17610633.19746604,70741671.3070783,0.0,627.0,11776505.999999998,8.822054e+07,215798998.26939523,True
53025,"Grant, WA",8489992000.0,859663000.0,787103000.0,702408000.0,39791.0,505151674.0,9.9000845e+08,8489991997.530374,True
53027,"Grays Harbor, WA",3657607000.0,588522000.0,148067666.66666666,499704.46292066574,21888.0,446363715.0,7.1046856e+07,3657607000.633468,True
53029,"Island, WA",4401151000.0,938826000.0,28685750.0,4153250.0,16025.0,980722964.0,8.510045e+06,4401151000.920677,True
53031,"Jefferson, WA",1761048000.0,516535870.6568531,14360905.765338013,0.0,8967.0,407657577.0,6.105178e+07,1761048000.0775657,True
53033,"King, WA",442138178000.0,45785584747.42303,386353298.3167454,0.0,1503962.0,34068411951.0,6.755894e+07,442138177994.7815,True
53035,"Kitsap, WA",17162235000.0,3126923000.0,35489600.0,9492400.0,71510.0,2987383819.0,1.1115113e+07,17162234998.817444,True
53037,"Kittitas, WA",2542427000.0,528005376.76014376,46954331.74344622,0.0,18312.0,451606960.0,9.715406e+07,2542426998.741019,True
53039,"Klickitat, WA",2188615000.0,150627738.97243795,112718732.75133888,0.0,7282.0,205302307.0,3.2080237e+08,2188614998.3561506,True
53041,"Lewis, WA",4777134000.0,645113000.0,217916200.0,28453022.081285477,25436.0,560960762.0,1.1447123e+08,4777134000.5381975,True
53043,"Lincoln, WA",550245000.0,75420840.87410112,192680675.72685763,0.0,2413.0,64388486.0,3.593168e+08,550244997.3389528,True
53045,"Mason, WA",2268687000.0,539786000.0,47011600.0,8738415.295174599,13833.0,506303876.0,3.3901336e+07,2268687000.1411767,True
53047,"Okanogan, WA",2190260000.0,299087000.0,244069400.0,211624885.04201674,14908.0,260819428.0,2.6508269e+08,2190260002.232139,True
53049,"Pacific, WA",957001000.0,251443023.55222118,69756370.02579811,0.0,6247.0,158334582.0,4.8042028e+07,957001000.9074914,True
53051,"Pend Oreille, WA",711760000.0,112971000.0,12231800.0,1546737.200017929,2866.0,90777568.0,5.4939684e+07,711759999.7630095,True
53053,"Pierce, WA",61448385000.0,11745029024.877605,65461036.641866826,0.0,329848.0,8857130868.0,5.752369e+07,61448385001.12663,True
53055,"San Juan, WA",1182612000.0,357660000.0,5127000.0,3485000.0,5552.0,316009435.0,4.874198e+06,1182611999.7452514,True
53057,"Skagit, WA",8764623000.0,1496749334.1883218,228891086.6714444,0.0,49731.0,1251341021.0,2.0785642e+08,8764623001.787851,True
53059,"Skamania, WA",413978000.0,93382000.0,3013600.0,10038457.695963562,2184.0,114152741.0,6.386563e+07,413978000.0368574,True
53061,"Snohomish, WA",59160159000.0,10127033865.613773,242740133.93957824,0.0,295384.0,10047203957.0,1.1257696e+08,59160159000.31995,True
53063,"Spokane, WA",37820433000.0,5989859215.475228,122861053.31600541,0.0,243284.0,4042932449.0,1.9307107e+08,37820432995.18315,True
53065,"Stevens, WA",1605121000.0,407639480.4876079,57877208.334153555,0.0,10412.0,305249092.0,1.1147802e+08,1605120998.3762937,True
53067,"Thurston, WA",19911399000.0,3271315000.0,247227400.0,40401600.0,136091.0,2759303782.0,3.1223898e+07,19911398999.598404,True
53069,"Wahkiakum, WA",132414000.0,36643000.0,17542200.0,1759213.818870619,701.0,36586800.0,8.893001e+06,132414000.75263193,True
53071,"Walla Walla, WA",4380880000.0,480490000.0,245834200.0,48364769.128481865,26913.0,433483078.40444595,3.6451914e+08,4380880001.822759,True
53073,"Whatcom, WA",20577052000.0,2509323656.759425,308456155.335048,0.0,90570.0,2360570414.0,3.926709e+08,20577052006.816635,True
53075,"Whitman, WA",3229714000.0,359630232.0472763,323936004.1395231,0.0,19571.0,266506821.0,4.5374294e+08,3229714001.726236,True
53077,"Yakima, WA",13226439000.0,1470947103.2596402,1689122956.1464953,0.0,108597.0,1277222086.0,1.5784654e+09,13226438954.116688,True
54001,"Barbour, WV",718001000.0,59768991.504768625,2891524.863464826,0.0,4127.0,46274563.0,1.5595284e+07,718001000.0159338,True
54003,"Berkeley, WV",5599184000.0,1067631000.0,6647800.0,9818200.0,38190.0,694976054.0,3.1204336e+07,5599183999.934673,True
54005,"Boone, WV",799554000.0,80935476.01388803,2618915.72057697,0.0,3929.0,50011477.0,1.8534634e+07,799554000.0739609,True
54007,"Braxton, WV",396875000.0,45773358.94397404,7871155.8794491915,0.0,3426.0,27770584.999999996,2.3906608e+07,396874999.7402043,True
54009,"Brooke, WV",1321693000.0,117865000.0,930333.3333333334,96149509.40708208,7914.0,70444675.0,5.1630305e+06,1321693000.0146055,True
54011,"Cabell, WV",6288777000.0,733991000.0,1206400.0,56600.0,51698.0,353728053.0,1.2049612e+07,6288776999.971921,True
54013,"Calhoun, WV",152792000.0,21617679.918229423,1210135.5044374724,0.0,1288.0,13683806.0,1.3705766e+07,152791999.98413473,True
54015,"Clay, WV",198268000.0,25804653.940266665,797235.1662321009,0.0,1537.0,17562824.0,1.4488483e+07,198267999.9931218,True
54017,"Doddridge, WV",766255000.0,30530000.0,2946000.0,345779857.85082126,1544.0,21639653.0,1.3446474e+07,766255000.0136932,True
54019,"Fayette, WV",1477259000.0,206948000.0,4100000.0,5967190.611940622,8970.0,107378048.0,2.973276e+07,1477258999.8930774,True
54021,"Gilmer, WV",222232000.0,19069167.97869765,1903511.2823475949,0.0,1719.0,13062074.433437964,1.518969e+07,222231999.937342,True
54023,"Grant, WV",584593000.0,49075180.77557632,17881122.580956496,0.0,3871.0,39352973.0,2.793797e+07,584592999.3549703,True
54025,"Greenbrier, WV",1447224000.0,165163171.04267785,27037459.875770982,0.0,12698.0,126940839.0,6.526142e+07,1447223999.3113968,True
54027,"Hampshire, WV",511001000.0,112349460.25714828,12788219.981395211,0.0,4159.0,90983075.0,3.3155388e+07,511000999.99397326,True
54029,"Hancock, WV",1223246000.0,157093809.45827198,1011264.144720935,0.0,9070.0,95399126.0,3.6547428e+06,1223246000.0129704,True
54031,"Hardy, WV",1025610000.0,85190099.66776523,51053189.717756666,0.0,5666.0,53085649.0,3.3800196e+07,1025609998.4187576,True
54033,"Harrison, WV",5947189000.0,488334000.0,4493600.0,2827400.0,34505.0,242697810.0,1.926115e+07,5947189000.228287,True
54035,"Jackson, WV",1159778000.0,163509619.64951602,5520400.0,1820812.2069187164,7871.0,98519436.0,2.8836484e+07,1159778000.0183213,True
54037,"Jefferson, WV",2642763000.0,520330000.0,8059750.0,4750250.0,17187.0,378639958.0,2.6800522e+07,2642762999.8884006,True
54039,"Kanawha, WV",13756593000.0,1245646000.0,5157200.0,540800.0,104812.0,675222828.0,3.4382664e+07,13756592999.828161,True
54041,"Lewis, WV",695464000.0,82431000.0,8966600.0,12994077.31277275,6049.0,55836794.0,1.6766874e+07,695464000.1347396,True
54043,"Lincoln, WV",309599000.0,82115543.03362139,1899854.487932653,0.0,2363.0,50449828.0,1.815025e+07,309599000.0141064,True
54045,"Logan, WV",1918244000.0,136589539.4122878,922576.625901596,0.0,10535.0,80307058.0,1.6615654e+07,1918243999.9758167,True
54047,"McDowell, WV",692676000.0,42541036.85421472,1903800.0,48611115.372776985,3064.0,25632247.0,2.0372518e+07,692675999.922247,True
54049,"Marion, WV",2846495000.0,362714000.0,3855000.0,2805000.0,18773.0,214562686.0,1.643581e+07,2846494999.996335,True
54051,"Marshall, WV",3532195000.0,141525000.0,8197200.000000001,39683986.92529774,10039.0,103440412.0,1.8949906e+07,3532195000.2399426,True
54053,"Mason, WV",1001985000.0,130069807.98044875,52582333.10095566,0.0,5376.0,78709777.0,3.4358524e+07,1001985000.143475,True
54055,"Mercer, WV",2264196000.0,253260000.0,24703200.0,4315800.0,19809.0,186027685.0,2.0721234e+07,2264196000.769554,True
54057,"Mineral, WV",1007487000.0,119815000.0,5742400.0,33975119.54453421,8490.0,104596513.0,1.6809272e+07,1007486999.912593,True
54059,"Mingo, WV",880919000.0,82168083.91606449,1917800.0,14197444.954477549,4165.0,49508728.0,1.5488426e+07,880918999.9530832,True
54061,"Monongalia, WV",9023505000.0,848189000.0,3205600.0,2357400.0,64605.0,563619152.0,2.020001e+07,9023504999.89489,True
54063,"Monroe, WV",286250000.0,47871000.0,17866500.0,1503956.041147232,1616.0,39958679.0,3.663738e+07,286250000.5162314,True
54065,"Morgan, WV",402598000.0,88976532.40279679,1549063.146619286,0.0,3253.0,84478463.0,1.1726437e+07,402597999.9447863,True
54067,"Nicholas, WV",880336000.0,116486428.6893795,6281344.219074137,0.0,6859.0,70660950.0,3.2343274e+07,880336000.1433805,True
54069,"Ohio, WV",4781599000.0,279465466.15778756,3223116.7299230346,0.0,28166.0,170553525.0,6.437662e+06,4781598999.982398,True
54071,"Pendleton, WV",206763000.0,26315917.52365403,21311166.556610305,0.0,1501.0,22081590.0,3.998348e+07,206763000.20820287,True
54073,"Pleasants, WV",715740000.0,31219743.71582974,1837928.6053531098,0.0,2729.0,19847179.0,5.3746365e+06,715740000.0601106,True
54075,"Pocahontas, WV",344325000.0,38653830.64102577,11652800.0,44548316.25344312,3077.0,23290089.0,4.616299e+07,344325000.3411713,True
54077,"Preston, WV",954811000.0,179207568.19473177,4975177.556115145,0.0,6983.0,110564554.0,3.6593796e+07,954811000.019119,True
54079,"Putnam, WV",3523886000.0,438166000.0,10630400.0,1472600.0,22705.0,271970755.0,1.9577844e+07,3523886000.059919,True
54081,"Raleigh, WV",4231596000.0,437134000.0,4743000.0,2393000.0,34669.0,249229158.0,2.5886546e+07,4231596000.052739,True
54083,"Randolph, WV",1102301000.0,154308000.0,12784800.0,43959678.81041038,10659.0,83898563.0,4.35523e+07,1102301000.5779276,True
54085,"Ritchie, WV",755581000.0,40800512.453414716,3515788.839070842,0.0,2714.0,19786842.0,1.9915238e+07,755581000.0579267,True
54087,"Roane, WV",359507000.0,53066000.0,2876800.0,25353623.914982975,3008.0,38937483.0,2.7861544e+07,359506999.96975,True
54089,"Summers, WV",277693000.0,59794000.0,3007000.0,9506950.898189127,1800.0,38414861.0,2.1252222e+07,277692999.92593825,True
54091,"Taylor, WV",791419000.0,92389522.45011254,2335988.681646602,0.0,3443.0,57558262.0,9.977627e+06,791419000.0850524,True
54093,"Tucker, WV",381624000.0,44697967.47031855,6052629.1590149915,0.0,2625.0,22593731.0,1.5960202e+07,381623999.91630214,True
54095,"Tyler, WV",1659135000.0,37300047.21635051,873141.4328466646,0.0,1894.0,20693194.0,1.231933e+07,1659134999.9803429,True
54097,"Upshur, WV",1004419000.0,127879000.0,7888600.0,63823302.58651316,7754.0,86526596.0,1.4815396e+07,1004419000.1476743,True
54099,"Wayne, WV",1256227000.0,187606283.08194157,2928371.757369677,0.0,8769.0,123986761.0,2.0412378e+07,1256226999.8954868,True
54101,"Webster, WV",178744000.0,33642063.95823432,6947502.025796512,0.0,1522.0,15258869.0,2.2350188e+07,178744000.18699425,True
54103,"Wetzel, WV",1327083000.0,63834839.60269064,2423200.0,6071124.277189732,3984.0,38462400.0,1.5635736e+07,1327083000.0,True
54105,"Wirt, WV",99998000.0,26281503.454918813,2374684.067165006,0.0,696.0,12916842.0,1.0635195e+07,99998000.04709926,True
54107,"Wood, WV",4544919000.0,504792604.4989218,6264157.477229022,0.0,37360.0,308839500.0,1.4129162e+07,4544919000.177782,True
54109,"Wyoming, WV",1001714000.0,94338297.61307052,2226808.5576871424,0.0,4322.0,38356153.0,1.9208678e+07,1001713999.9538102,True
55001,"Adams, WI",723869000.0,139635916.6493253,18960750.0,72140586.94691181,4649.0,95936548.0,7.243429e+07,723869000.7287465,True
55003,"Ashland, WI",889460000.0,109224000.0,12517200.0,65719706.212430954,7396.0,58235452.0,3.0983544e+07,889459999.7009859,True
55005,"Barron, WI",2860047000.0,353707528.0989094,152319568.69505367,0.0,20886.0,214982597.0,1.1155731e+08,2860047000.54369,True
55007,"Bayfield, WI",563323000.0,139169313.17359877,7710930.550626101,0.0,4075.0,93586218.0,5.973088e+07,563322999.8320172,True
55009,"Brown, WI",24178368000.0,2458567991.4339776,163826924.6830609,0.0,158307.0,1465048194.0973203,8.035253e+07,24178368002.9103,True
55011,"Buffalo, WI",728332000.0,89484558.21481629,73961400.0,37643567.29800391,3547.0,61480168.0,8.194614e+07,728332003.6058992,True
55013,"Burnett, WI",721418000.0,166289365.98368344,27521717.34156603,0.0,5205.0,82269627.0,3.856232e+07,721418000.4483242,True
55015,"Calumet, WI",2230511000.0,317807296.4401434,124011746.14192036,0.0,17565.0,281566262.0,6.196582e+07,2230511002.3172774,True
55017,"Chippewa, WI",3713093000.0,427554831.8364765,152363805.7003344,0.0,25936.0,338910154.0,1.3955914e+08,3713093004.301434,True
55019,"Clark, WI",1726035000.0,167289723.57199773,244375637.92975032,0.0,11412.0,116487432.0,1.7308565e+08,1726034998.5522742,True
55021,"Columbia, WI",4178102000.0,481049451.4974643,135289418.69198942,0.0,21803.0,336138803.0,1.2099607e+08,4178101997.710098,True
55023,"Crawford, WI",906477000.0,96385000.0,51728400.0,54037333.44580281,6636.0,65187667.0,4.5650376e+07,906477001.3928618,True
55025,"Dane, WI",59184322000.0,6398877000.0,385244400.0,69236600.0,369475.0,4574289624.225209,1.804422e+08,59184322005.776695,True
55027,"Dodge, WI",4859720000.0,629241251.2482948,200153200.27985728,0.0,34764.0,442418976.0,1.5358022e+08,4859720010.017968,True
55029,"Door, WI",1855871000.0,361234192.065989,31855174.030491512,0.0,12670.0,232571261.0,4.9568524e+07,1855870999.687697,True
55031,"Douglas, WI",2359245000.0,295129000.0,5005000.0,4189000.0,16736.0,204022700.0,3.5735536e+07,2359244999.8080034,True
55033,"Dunn, WI",2472611000.0,403012680.8536651,98866924.43394154,0.0,19544.0,208769833.0,1.206903e+08,2472611002.8807254,True
55035,"Eau Claire, WI",8045218000.0,787729000.0,59610400.0,26966600.0,60899.0,564237834.0,7.548309e+07,8045217998.726733,True
55037,"Florence, WI",166348000.0,45449000.0,1855250.0,34343037.4620567,1094.0,20689403.0,1.3427686e+07,166348000.0586936,True
55039,"Fond du Lac, WI",6582221000.0,734580766.712308,196020076.36018845,0.0,49885.0,505028323.0,1.26411576e+08,6582221004.383326,True
55041,"Forest, WI",411333000.0,91692937.14412211,4716177.416433355,0.0,3301.0,34969668.0,2.5438028e+07,411332999.83645785,True
55043,"Grant, WI",2911257000.0,316399000.0,363243000.0,133599000.0,17860.0,202223566.0,1.4712648e+08,2911257000.2843065,True
55045,"Green, WI",2429748000.0,291201678.8116526,128502000.0,2834499.8188962936,15476.0,200069470.0,1.0708442e+08,2429748004.209398,True
55047,"Green Lake, WI",865005000.0,140510000.0,37635600.0,38607517.00615406,5671.0,90051188.0,5.2449644e+07,865004999.9325757,True
55049,"Iowa, WI",1609877000.0,188133689.96820185,81568000.0,53413609.02137685,10800.0,129256836.0,9.4389496e+07,1609877002.9452465,True
55051,"Iron, WI",224306000.0,64016000.0,8087000.0,12516672.15157187,1835.0,27359045.0,1.6342441e+07,224305999.84181917,True
55053,"Jackson, WI",1059451000.0,127955000.0,77492800.0,9852274.498865247,7471.0,83284682.0,8.554756e+07,1059451003.4315003,True
55055,"Jefferson, WI",4668978000.0,616876000.0,65384200.0,47508800.0,34853.0,486090973.0,8.802105e+07,4668978001.104848,True
55057,"Juneau, WI",1205165000.0,161225000.0,61357200.0,8783800.0,9044.0,103183969.0,6.225426e+07,1205165001.0975552,True
55059,"Kenosha, WI",9930284000.0,1383590299.287698,20697250.0,112011095.01400566,76591.0,950592658.0,5.9284916e+07,9930284000.303354,True
55061,"Kewaunee, WI",912316000.0,120141409.5000327,184210289.46186718,0.0,6613.0,93154238.0,6.2754204e+07,912316002.473182,True
55063,"La Crosse, WI",9511455000.0,981429451.372603,45853621.26382841,0.0,72268.0,680562618.0,3.9059828e+07,9511455000.124842,True
55065,"Lafayette, WI",899475000.0,104875000.0,168442800.0,21461448.801799774,5035.0,68127480.0,1.1632001e+08,899475003.5467093,True
55067,"Langlade, WI",976339000.0,166766238.98889402,55776736.7464896,0.0,7265.0,73347632.0,5.753187e+07,976339000.8237345,True
55069,"Lincoln, WI",1738997000.0,206823000.0,26298800.0,1090037.08953166,10506.0,124239964.0,4.357001e+07,1738996999.8744469,True
55071,"Manitowoc, WI",5160497000.0,498852652.26203424,152585507.51316452,0.0,33176.0,342896198.0,9.731452e+07,5160497000.775488,True
55073,"Marathon, WI",11279952000.0,943155153.129736,292224000.0,90901326.97911263,72449.0,647992664.0,2.1202912e+08,11279952010.674181,True
55075,"Marinette, WI",2351785000.0,233879874.49470487,71962600.0,174251934.5313177,17150.0,160686651.0,6.7606744e+07,2351785003.467576,True
55077,"Marquette, WI",552739000.0,112618981.45789011,16877298.40315606,0.0,3800.0,73853550.0,5.460438e+07,552739000.4638135,True
55078,"Menominee, WI",207646000.0,17423874.983378377,225725.45649961173,0.0,1834.0,8010626.0,7.841831e+06,207645999.993619,True
55079,"Milwaukee, WI",74896001000.0,8564013000.0,4901400.0,2652600.0,496935.0,4666736589.450926,5.871169e+06,74896001000.14983,True
55081,"Monroe, WI",2926319000.0,217475059.11889607,119608435.02855061,0.0,19806.0,204671924.0,8.096682e+07,2926318994.1717772,True
55083,"Oconto, WI",1294560000.0,264298479.23736143,82333616.75884931,0.0,8756.0,188100436.0,8.6516824e+07,1294559996.7166698,True
55085,"Oneida, WI",2330142000.0,457514000.0,5663666.666666667,1763810.2050714493,15222.0,208017383.0,2.358329e+07,2330142000.1417937,True
55087,"Outagamie, WI",16441871000.0,1794556355.3346252,173962546.08174676,0.0,112656.0,1038215825.0,1.02598696e+08,16441870999.543844,True
55089,"Ozaukee, WI",6931629000.0,1051573609.2055628,58464628.53949584,0.0,42307.0,730794328.0,2.7819472e+07,6931629000.363753,True
55091,"Pepin, WI",370842000.0,51439000.0,27439000.0,9420605.93500036,2371.0,32694602.0,3.293454e+07,370841999.2587036,True
55093,"Pierce, WI",1495710000.0,226914000.0,83410800.0,11175200.0,10112.0,247778120.0,8.647802e+07,1495709997.7146347,True
55095,"Polk, WI",2122714000.0,330713000.0,65039400.0,12837600.0,16552.0,246752404.0,8.871947e+07,2122714001.3029537,True
55097,"Portage, WI",5523345000.0,488671000.0,124819750.0,12190250.0,33759.0,362813960.0,1.0912396e+08,5523345004.436066,True
55099,"Price, WI",747116000.0,81678842.11380892,22766200.0,48633089.50090718,5160.0,56117268.0,3.950713e+07,747116000.009848,True
55101,"Racine, WI",11204002000.0,1537360435.033746,42586333.333333336,165625541.42072868,75599.0,1056240090.0,7.002396e+07,11204002001.422924,True
55103,"Richland, WI",976030000.0,116333000.0,84115600.0,74017338.90163839,5615.0,71235244.0,5.380452e+07,976029997.2011507,True
55105,"Rock, WI",10433174000.0,1185757262.1591086,167219399.09618655,0.0,69632.0,815275699.0,1.3899542e+08,10433173991.628988,True
55107,"Rusk, WI",707617000.0,78685452.09259577,42780400.0,5663288.758728981,4892.0,54060666.0,6.0145984e+07,707617001.401714,True
55109,"St. Croix, WI",5708657000.0,983153377.5821308,135536692.71989942,0.0,37396.0,690942611.0,1.0541835e+08,5708656999.202713,True
55111,"Sauk, WI",5374830000.0,550071000.0,140253000.0,21489518.582653046,36015.0,360644778.0,1.018756e+08,5374829998.83437,True
55113,"Sawyer, WI",920597000.0,193136000.0,17948200.0,4130108.3932020664,6857.0,100584607.0,4.107283e+07,920597000.8497385,True
55115,"Shawano, WI",1633737000.0,218343100.14569965,180375613.9917545,0.0,12350.0,168494880.0,1.0792741e+08,1633737006.4499397,True
55117,"Sheboygan, WI",8921311000.0,809761276.9179922,66532192.017155014,0.0,58857.0,588659624.0,7.695707e+07,8921310999.560865,True
55119,"Taylor, WI",1053920000.0,117057838.07044962,90981200.0,31522366.129582524,7954.0,80424329.0,8.3393256e+07,1053920001.9236153,True
55121,"Trempealeau, WI",1746121000.0,195528976.64944002,81167850.88744691,0.0,12717.0,140420988.0,1.0027666e+08,1746120999.8022563,True
55123,"Vernon, WI",1497323000.0,163640000.0,122478800.0,60950508.279568434,8856.0,137363059.0,7.4986104e+07,1497323003.5113008,True
55125,"Vilas, WI",1291850000.0,342292000.0,9010800.0,121200.0,7876.0,154289708.0,1.8512614e+07,1291849999.6059659,True
55127,"Walworth, WI",6139026000.0,1063552000.0,102696000.0,2282000.0,43660.0,647058906.0,9.408016e+07,6139025999.600251,True
55129,"Washburn, WI",778691000.0,150211000.0,27773800.0,18365115.503968477,5324.0,83709366.0,3.926191e+07,778690999.5400229,True
55131,"Washington, WI",8741377000.0,1382353965.5887482,52468727.342032835,0.0,59079.0,965556493.0,4.8715784e+07,8741377000.754137,True
55133,"Waukesha, WI",40277090000.0,4878214674.17895,12946454.23859748,0.0,265439.0,3361480586.0,3.2864682e+07,40277089999.99466,True
55135,"Waupaca, WI",2400383000.0,320378940.200093,73764383.31442773,0.0,18125.0,242851175.0,9.503008e+07,2400382998.4702983,True
55137,"Waushara, WI",855358000.0,176083136.6284878,44323409.37867511,0.0,5727.0,105979527.0,9.873587e+07,855357999.0827751,True
55139,"Winnebago, WI",13211241000.0,1194506309.2652316,61424707.36720674,0.0,96519.0,854907121.0,6.306874e+07,13211241000.559347,True
55141,"Wood, WI",5110170000.0,443488456.3194811,53389000.0,47105814.507730484,37937.0,304697764.0,7.9380776e+07,5110170001.9520855,True
56001,"Albany, WY",2245774000.0,303429000.0,9395600.0,11602400.0,16736.0,253561228.0,1.2438698e+08,2245773999.717075,True
56003,"Big Horn, WY",707036000.0,127715000.0,38828600.0,9648850.985378265,4155.0,46363847.0,1.1752586e+08,707036000.3873295,True
56005,"Campbell, WY",7468619000.0,384969387.27576184,41349333.333333336,72958020.78311539,24989.0,257632518.0,1.7445184e+08,7468619001.698405,True
56007,"Carbon, WY",1984496000.0,123960000.0,45397666.666666664,11649318.30980897,6074.0,69476578.0,1.39782e+08,1984496000.0091927,True
56009,"Converse, WY",1977193000.0,121486586.08084801,19067000.0,704910.9167654514,5840.0,81302296.0,1.3592555e+08,1977193000.1716456,True
56011,"Crook, WY",477977000.0,57616628.744582474,26266494.594384983,0.0,2505.0,40906723.0,2.0587994e+08,477976999.47777504,True
56013,"Fremont, WY",2048514000.0,253361000.0,103828666.66666667,12513333.333333254,15452.0,193059573.0,2.0519694e+08,2048514003.867957,True
56015,"Goshen, WY",637975000.0,96459000.0,80738000.0,37486501.62738562,4178.0,61844509.0,1.8405997e+08,637974996.7152616,True
56017,"Hot Springs, WY",295902000.0,35940486.747678325,3060167.6723950063,0.0,1991.0,24897325.0,3.729435e+07,295902000.16034275,True
56019,"Johnson, WY",541777000.0,80644000.0,22155200.0,7781800.0,3376.0,62664810.0,1.1406763e+08,541776999.6725237,True
56021,"Laramie, WY",8038429000.0,1032329020.9606748,75362210.59476599,0.0,48452.0,711806264.9111354,2.2315106e+08,8038429001.372517,True
56023,"Lincoln, WY",1209372000.0,239514000.0,25248800.0,2831200.0,7080.0,134693349.0,1.14160936e+08,1209371999.4128723,True
56025,"Natrona, WY",6706830000.0,718387372.2124186,13496000.0,270915109.0155382,41461.0,480765364.0,8.73918e+07,6706829999.678159,True
56027,"Niobrara, WY",153363000.0,23261000.0,26580800.0,1174861.5520886779,765.0,11643924.0,1.22750216e+08,153362999.95559162,True
56029,"Park, WY",2034347000.0,401880000.0,76108200.0,36239800.0,12969.0,248982177.0,1.8328997e+08,2034347000.8540375,True
56031,"Platte, WY",715464000.0,70116240.75241522,73449575.50225922,0.0,3092.0,49326678.0,1.3064577e+08,715463998.1324834,True
56033,"Sheridan, WY",2157875000.0,389158255.80268157,20526404.88600694,0.0,14161.0,257333144.0,1.09326536e+08,2157875000.432254,True
56035,"Sublette, WY",1061045000.0,85667000.0,56103400.0,280129.9071087837,3765.0,66505921.0,1.5408189e+08,1061045002.3543857,True
56037,"Sweetwater, WY",4303942000.0,315399005.404431,45272595.62923818,0.0,21166.0,212706163.0,1.175716e+08,4303941999.137273,True
56039,"Teton, WY",4631947000.0,763554745.0775087,9896125.11981621,0.0,21694.0,541575351.0,1.0289415e+08,4631947000.22404,True
56041,"Uinta, WY",1087352000.0,133650000.0,12901000.0,3737000.0,8529.0,96079151.0,6.897017e+07,1087352000.1075914,True
56043,"Washakie, WY",442453000.0,70268000.0,19808600.0,21181165.056928158,3595.0,35710995.0,5.516338e+07,442452999.6451185,True
56045,"Weston, WY",422377000.0,54352000.0,6567000.0,7408577.007444084,2383.0,31468492.0,1.1038212e+08,422377000.2167091,True
