caja,region,year,direction,counterparty,account,currency,currency_assumed,amount_raw,pesos_272mrv,includes_freight
ARICA,Upper Peru (Charcas),1759,out,Lima,REMITIDO A LIMA,OCHO,False,12913.0,12913.0,False
ARICA,Upper Peru (Charcas),1761,out,Lima,REMITIDO A LIMA,OCHO,False,10409.0,10409.0,False
ARICA,Upper Peru (Charcas),1762,out,Lima,REMITIDO A LIMA,OCHO,False,15228.0,15228.0,False
ARICA,Upper Peru (Charcas),1763,out,Lima,REMITIDO A LIMA,OCHO,False,13099.0,13099.0,False
ARICA,Upper Peru (Charcas),1765,out,Lima,REMITIDO A LIMA,OCHO,False,9858.0,9858.0,False
ARICA,Upper Peru (Charcas),1766,out,Lima,REMITIDO A LIMA,OCHO,False,8469.0,8469.0,False
ARICA,Upper Peru (Charcas),1767,out,Lima,REMITIDO A LIMA,OCHO,False,4956.0,4956.0,False
ARICA,Upper Peru (Charcas),1768,out,Lima,REMITIDO A LIMA,OCHO,False,13774.0,13774.0,False
ARICA,Upper Peru (Charcas),1770,out,Lima,REMITIDO A LIMA,OCHO,False,11291.0,11291.0,False
ARICA,Upper Peru (Charcas),1771,out,Lima,REMITIDO A LIMA,OCHO,False,7493.0,7493.0,False
ARICA,Upper Peru (Charcas),1772,out,Lima,REMITIDO A LIMA,OCHO,False,8600.0,8600.0,False
ARICA,Upper Peru (Charcas),1773,out,Lima,REMITIDO A LIMA,OCHO,False,7517.0,7517.0,False
ARICA,Upper Peru (Charcas),1774,out,Lima,REMITIDO A LIMA,OCHO,False,12668.0,12668.0,False
ARICA,Upper Peru (Charcas),1775,out,Lima,REMITIDO A LIMA,OCHO,False,12668.0,12668.0,False
ARICA,Upper Peru (Charcas),1776,out,Lima,REMITIDO A LIMA,OCHO,False,14465.0,14465.0,False
ARICA,Upper Peru (Charcas),1777,out,Lima,REMITIDO A LIMA,OCHO,False,12269.0,12269.0,False
ARICA,Upper Peru (Charcas),1778,out,Lima,REMITIDO A LIMA,OCHO,False,17096.0,17096.0,False
ARICA,Upper Peru (Charcas),1779,out,Lima,REMITIDO A LIMA,OCHO,False,13784.0,13784.0,False
ARICA,Upper Peru (Charcas),1780,out,Lima,REMITIDO A LIMA,OCHO,False,39063.0,39063.0,False
ARICA,Upper Peru (Charcas),1783,out,Lima,REMITIDO A LIMA,OCHO,False,35308.0,35308.0,False
ARICA,Upper Peru (Charcas),1784,out,Lima,REMITIDO A LIMA,OCHO,False,29177.0,29177.0,False
ARICA,Upper Peru (Charcas),1785,out,Lima,REMITIDO A LIMA,OCHO,False,37200.0,37200.0,False
ARICA,Upper Peru (Charcas),1786,out,Lima,REMITIDO A LIMA,OCHO,False,75250.0,75250.0,False
ARICA,Upper Peru (Charcas),1787,out,unspecified,OTRAS TESORERIAS,OCHO,False,67946.0,67946.0,False
ARICA,Upper Peru (Charcas),1788,out,unspecified,OTRAS TESORERIAS,OCHO,False,73412.0,73412.0,False
ARICA,Upper Peru (Charcas),1789,out,unspecified,OTRAS TESORERIAS,OCHO,False,58642.0,58642.0,False
ARICA,Upper Peru (Charcas),1789,in,unspecified,OTRAS TESORERIAS,OCHO,False,52.0,52.0,False
ARICA,Upper Peru (Charcas),1791,out,unspecified,OTRAS TESORERIAS,OCHO,False,56776.0,56776.0,False
ARICA,Upper Peru (Charcas),1792,out,unspecified,OTRAS TESORERIAS,OCHO,False,59393.0,59393.0,False
ARICA,Upper Peru (Charcas),1793,out,unspecified,OTRAS TESORERIAS,OCHO,False,55973.0,55973.0,False
ARICA,Upper Peru (Charcas),1794,out,unspecified,OTRAS TESORERIAS,OCHO,False,49387.0,49387.0,False
ARICA,Upper Peru (Charcas),1795,out,unspecified,OTRAS TESORERIAS,OCHO,False,52194.0,52194.0,False
ARICA,Upper Peru (Charcas),1796,out,unspecified,OTRAS TESORERIAS,OCHO,False,49396.0,49396.0,False
ARICA,Upper Peru (Charcas),1797,out,unspecified,OTRAS TESORERIAS,OCHO,False,65582.0,65582.0,False
ARICA,Upper Peru (Charcas),1798,out,unspecified,OTRAS TESORERIAS,OCHO,False,78575.0,78575.0,False
ARICA,Upper Peru (Charcas),1799,out,unspecified,OTRAS TESORERIAS,OCHO,False,54776.0,54776.0,False
ARICA,Upper Peru (Charcas),1800,out,unspecified,OTRAS TESORERIAS,OCHO,False,58762.0,58762.0,False
ARICA,Upper Peru (Charcas),1801,out,unspecified,OTRAS TESORERIAS,OCHO,False,38222.0,38222.0,False
ARICA,Upper Peru (Charcas),1803,out,unspecified,OTRAS TESORERIAS,OCHO,False,41968.0,41968.0,False
ARICA,Upper Peru (Charcas),1804,out,unspecified,OTRAS TESORERIAS,OCHO,False,61006.0,61006.0,False
ARICA,Upper Peru (Charcas),1805,out,unspecified,OTRAS TESORERIAS,OCHO,False,15815.0,15815.0,False
ARICA,Upper Peru (Charcas),1806,out,unspecified,OTRAS TESORERIAS,OCHO,False,11599.0,11599.0,False
ARICA,Upper Peru (Charcas),1807,out,unspecified,OTRAS TESORERIAS,OCHO,False,25031.0,25031.0,False
ARICA,Upper Peru (Charcas),1808,out,unspecified,OTRAS TESORERIAS,OCHO,False,37526.0,37526.0,False
ARICA,Upper Peru (Charcas),1809,out,unspecified,OTRAS TESORERIAS,OCHO,False,36048.0,36048.0,False
ARICA,Upper Peru (Charcas),1809,in,unspecified,OTRAS TESORERIAS,OCHO,False,2.0,2.0,False
ARICA,Upper Peru (Charcas),1811,out,unspecified,OTRAS TESORERIAS,OCHO,False,21948.0,21948.0,False
ARICA,Upper Peru (Charcas),1812,out,unspecified,OTRAS TESORERIAS,OCHO,False,1782.0,1782.0,False
ARICA,Upper Peru (Charcas),1815,out,unspecified,OTRAS TESORERIAS,OCHO,False,1400.0,1400.0,False
ARICA,Upper Peru (Charcas),1815,in,unspecified,OTRAS TESORERIAS,OCHO,False,36630.0,36630.0,False
ARICA,Upper Peru (Charcas),1817,out,unspecified,OTRAS TESORERIAS,OCHO,False,8370.0,8370.0,False
ARICA,Upper Peru (Charcas),1817,in,unspecified,OTRAS TESORERIAS,OCHO,False,42532.0,42532.0,False
ARICA,Upper Peru (Charcas),1818,out,unspecified,OTRAS TESORERIAS,OCHO,False,55.0,55.0,False
ARICA,Upper Peru (Charcas),1818,in,unspecified,OTRAS TESORERIAS,OCHO,False,39347.0,39347.0,False
ARICA,Upper Peru (Charcas),1819,out,unspecified,OTRAS TESORERIAS,OCHO,False,250.0,250.0,False
ARICA,Upper Peru (Charcas),1819,in,unspecified,OTRAS TESORERIAS,OCHO,False,40701.0,40701.0,False
CARANGAS,Upper Peru (Charcas),1652,out,Lima,REMITIDO A LIMA,ENSAYADOS,False,43596.0,72125.74,False
CARANGAS,Upper Peru (Charcas),1654,out,Lima,REMITIDO A LIMA,ENSAYADOS,False,30792.0,50942.65,False
CARANGAS,Upper Peru (Charcas),1656,out,Lima,REMITIDO A LIMA,ENSAYADOS,False,45751.0,75690.99,False
CARANGAS,Upper Peru (Charcas),1657,out,Lima,REMITIDO A LIMA,ENSAYADOS,False,34778.0,57537.13,False
CARANGAS,Upper Peru (Charcas),1658,out,Lima,REMITIDO A LIMA,ENSAYADOS,False,35939.0,59457.9,False
CARANGAS,Upper Peru (Charcas),1659,out,Lima,REMITIDO A LIMA,ENSAYADOS,False,22364.0,36999.26,False
CARANGAS,Upper Peru (Charcas),1660,out,Lima,REMITIDO A LIMA,ENSAYADOS,False,25113.0,41547.24,False
CARANGAS,Upper Peru (Charcas),1661,out,Lima,REMITIDO A LIMA,ENSAYADOS,False,12548.0,20759.56,False
CARANGAS,Upper Peru (Charcas),1718,out,Lima,REMITIDO A LIMA,ENSAYADOS,False,6506.0,10763.6,False
CARANGAS,Upper Peru (Charcas),1719,out,Lima,REMITIDO A LIMA,ENSAYADOS,False,5120.0,8470.59,False
CARANGAS,Upper Peru (Charcas),1720,out,Lima,REMITIDO A LIMA,ENSAYADOS,False,5878.0,9724.63,False
CARANGAS,Upper Peru (Charcas),1721,out,Lima,REMITIDO A LIMA,ENSAYADOS,False,6769.0,11198.71,False
CARANGAS,Upper Peru (Charcas),1722,out,Lima,REMITIDO A LIMA,ENSAYADOS,False,4865.0,8048.71,False
CARANGAS,Upper Peru (Charcas),1723,out,Lima,REMITIDO A LIMA,ENSAYADOS,False,6001.0,9928.12,False
CARANGAS,Upper Peru (Charcas),1724,out,Lima,REMITIDO A LIMA,ENSAYADOS,False,6651.0,11003.49,False
CARANGAS,Upper Peru (Charcas),1725,out,Lima,REMITIDO A LIMA,ENSAYADOS,False,4619.0,7641.73,False
CARANGAS,Upper Peru (Charcas),1726,out,Lima,REMITIDO A LIMA,ENSAYADOS,False,6213.0,10278.86,False
CARANGAS,Upper Peru (Charcas),1727,out,Lima,REMITIDO A LIMA,ENSAYADOS,False,7698.0,12735.66,False
CARANGAS,Upper Peru (Charcas),1728,out,Lima,REMITIDO A LIMA,ENSAYADOS,False,4188.0,6928.68,False
CARANGAS,Upper Peru (Charcas),1729,out,Lima,REMITIDO A LIMA,ENSAYADOS,False,5335.0,8826.29,False
CARANGAS,Upper Peru (Charcas),1730,out,Lima,REMITIDO A LIMA,ENSAYADOS,False,8024.0,13275.0,False
CARANGAS,Upper Peru (Charcas),1731,out,Lima,REMITIDO A LIMA,ENSAYADOS,False,7277.0,12039.15,False
CARANGAS,Upper Peru (Charcas),1732,out,Lima,REMITIDO A LIMA,ENSAYADOS,False,4244.0,7021.32,False
CARANGAS,Upper Peru (Charcas),1735,out,Lima,REMITIDO A LIMA,ENSAYADOS,False,8743.0,14464.52,False
CARANGAS,Upper Peru (Charcas),1736,out,Lima,REMITIDO A LIMA,ENSAYADOS,False,7402.0,12245.96,False
CARANGAS,Upper Peru (Charcas),1743,out,Lima,REMITIDO A LIMA,OCHO,False,6048.0,6048.0,False
CARANGAS,Upper Peru (Charcas),1745,out,Lima,REMITIDO A LIMA,OCHO,False,2031.0,2031.0,False
CARANGAS,Upper Peru (Charcas),1746,out,Lima,REMITIDO A LIMA,OCHO,False,5334.0,5334.0,False
CARANGAS,Upper Peru (Charcas),1747,out,Lima,REMITIDO A LIMA,OCHO,False,3381.0,3381.0,False
CARANGAS,Upper Peru (Charcas),1749,out,Lima,REMITIDO A LIMA,OCHO,False,2847.0,2847.0,False
CARANGAS,Upper Peru (Charcas),1750,out,Lima,REMITIDO A LIMA,OCHO,False,2201.0,2201.0,False
CARANGAS,Upper Peru (Charcas),1751,out,Lima,REMITIDO A LIMA,OCHO,False,3545.0,3545.0,False
CARANGAS,Upper Peru (Charcas),1754,out,Lima,REMITIDO A LIMA,OCHO,False,5354.0,5354.0,False
CARANGAS,Upper Peru (Charcas),1757,out,Lima,REMITIDO A LIMA,OCHO,False,16949.0,16949.0,False
CARANGAS,Upper Peru (Charcas),1758,out,Lima,REMITIDO A LIMA,OCHO,False,12509.0,12509.0,False
CARANGAS,Upper Peru (Charcas),1759,out,Lima,REMITIDO A LIMA,OCHO,False,28901.0,28901.0,False
CARANGAS,Upper Peru (Charcas),1764,out,Lima,REMITIDO A LIMA,OCHO,False,13057.0,13057.0,False
CARANGAS,Upper Peru (Charcas),1765,out,Lima,REMITIDO A LIMA,OCHO,False,17043.0,17043.0,False
CARANGAS,Upper Peru (Charcas),1766,out,Lima,REMITIDO A LIMA,OCHO,False,17343.0,17343.0,False
CARANGAS,Upper Peru (Charcas),1767,out,Lima,REMITIDO A LIMA,OCHO,False,12187.0,12187.0,False
CARANGAS,Upper Peru (Charcas),1768,out,Lima,REMITIDO A LIMA,OCHO,False,13043.0,13043.0,False
CARANGAS,Upper Peru (Charcas),1769,out,Lima,REMITIDO A LIMA,OCHO,False,17235.0,17235.0,False
CARANGAS,Upper Peru (Charcas),1770,out,Lima,REMITIDO A LIMA,OCHO,False,15227.0,15227.0,False
CARANGAS,Upper Peru (Charcas),1771,out,Lima,REMITIDO A LIMA,OCHO,False,10809.0,10809.0,False
CARANGAS,Upper Peru (Charcas),1772,out,Lima,REMITIDO A LIMA,OCHO,False,30264.0,30264.0,False
CARANGAS,Upper Peru (Charcas),1773,out,Lima,REMITIDO A LIMA,OCHO,False,27296.0,27296.0,False
CARANGAS,Upper Peru (Charcas),1774,out,Lima,REMITIDO A LIMA,OCHO,False,31054.0,31054.0,False
CARANGAS,Upper Peru (Charcas),1775,out,Lima,REMITIDO A LIMA,OCHO,False,49637.0,49637.0,False
CARANGAS,Upper Peru (Charcas),1776,out,Lima,REMITIDO A LIMA,OCHO,False,49637.0,49637.0,False
CARANGAS,Upper Peru (Charcas),1776,out,Potosi,REMITIDO A POTOSI,OCHO,False,63403.0,63403.0,False
CARANGAS,Upper Peru (Charcas),1777,out,Potosi,REMITIDO A POTOSI,OCHO,False,43284.0,43284.0,False
CARANGAS,Upper Peru (Charcas),1778,out,Potosi,REMITIDO A POTOSI,OCHO,False,20200.0,20200.0,False
CARANGAS,Upper Peru (Charcas),1785,out,Potosi,REMITIDO A POTOSI,OCHO,False,48866.0,48866.0,False
CARANGAS,Upper Peru (Charcas),1786,out,Potosi,REMITIDO A POTOSI Y LA PLATA,OCHO,False,10770.0,10770.0,False
CARANGAS,Upper Peru (Charcas),1787,out,unspecified,OTRAS TESORERIAS,OCHO,False,12788.0,12788.0,False
CARANGAS,Upper Peru (Charcas),1788,out,Potosi,REMITIDO A POTOSI,OCHO,False,20855.0,20855.0,False
CARANGAS,Upper Peru (Charcas),1789,out,Potosi,REMITIDO A POTOSI,OCHO,False,8000.0,8000.0,False
CARANGAS,Upper Peru (Charcas),1790,out,Potosi,REMITIDO A POTOSI,OCHO,False,51699.0,51699.0,False
CARANGAS,Upper Peru (Charcas),1791,out,Potosi,REMITIDO A POTOSI,OCHO,False,7897.0,7897.0,False
CARANGAS,Upper Peru (Charcas),1794,out,Potosi,REMITIDO A POTOSI,OCHO,False,36800.0,36800.0,False
CARANGAS,Upper Peru (Charcas),1795,out,Potosi,REMITIDO A POTOSI,OCHO,False,9000.0,9000.0,False
CARANGAS,Upper Peru (Charcas),1796,out,Potosi,REMITIDO A POTOSI,OCHO,False,6857.0,6857.0,False
CARANGAS,Upper Peru (Charcas),1797,out,Potosi,REMITIDO A POTOSI,OCHO,False,11934.0,11934.0,False
CARANGAS,Upper Peru (Charcas),1798,out,Potosi,REMITIDO A POTOSI,OCHO,False,34427.0,34427.0,False
CARANGAS,Upper Peru (Charcas),1799,out,Potosi,REMITIDO A POTOSI,OCHO,False,17000.0,17000.0,False
CARANGAS,Upper Peru (Charcas),1800,out,Potosi,REMITIDO A POTOSI,OCHO,False,23287.0,23287.0,False
CHARCAS,Upper Peru (Charcas),1774,out,Potosi,REMITIDO A POTOSI,OCHO,False,37109.0,37109.0,False
CHARCAS,Upper Peru (Charcas),1779,out,Potosi,REMITIDO A POTOSI,OCHO,False,46405.0,46405.0,False
CHARCAS,Upper Peru (Charcas),1780,out,Potosi,REMITIDO A POTOSI,OCHO,False,32384.0,32384.0,False
CHARCAS,Upper Peru (Charcas),1781,out,Potosi,REMITIDO A POTOSI,OCHO,False,23873.0,23873.0,False
CHARCAS,Upper Peru (Charcas),1782,out,Potosi,REMITIDO A POTOSI,OCHO,False,55275.0,55275.0,False
CHARCAS,Upper Peru (Charcas),1785,out,Potosi,REMITIDO A POTOSI,OCHO,False,92185.0,92185.0,False
CHARCAS,Upper Peru (Charcas),1786,out,Potosi,REMITIDO A POTOSI,OCHO,False,92071.0,92071.0,False
CHARCAS,Upper Peru (Charcas),1786,in,unspecified,OTRAS TESORERIAS,OCHO,False,36709.0,36709.0,False
CHARCAS,Upper Peru (Charcas),1787,out,Potosi,REMITIDO A POTOSI,OCHO,False,22724.0,22724.0,False
CHARCAS,Upper Peru (Charcas),1787,in,unspecified,OTRAS TESORERIAS,OCHO,False,28734.0,28734.0,False
CHARCAS,Upper Peru (Charcas),1788,out,unspecified,OTRAS TESORERIAS,OCHO,False,4630.0,4630.0,False
CHARCAS,Upper Peru (Charcas),1788,in,unspecified,OTRAS TESORERIAS,OCHO,False,23670.0,23670.0,False
CHARCAS,Upper Peru (Charcas),1789,out,Potosi,REMITIDO A POTOSI,OCHO,False,42705.0,42705.0,False
CHARCAS,Upper Peru (Charcas),1804,in,unspecified,OTRAS TESORERIAS,OCHO,False,677.0,677.0,False
CHARCAS,Upper Peru (Charcas),1807,out,unspecified,OTRAS TESORERIAS,OCHO,False,17149.0,17149.0,False
CHARCAS,Upper Peru (Charcas),1807,in,unspecified,OTRAS TESORERIAS,OCHO,False,60096.0,60096.0,False
CHARCAS,Upper Peru (Charcas),1808,in,unspecified,OTRAS TESORERIAS,OCHO,False,40482.0,40482.0,False
CHARCAS,Upper Peru (Charcas),1810,in,unspecified,OTRAS TESORERIAS,OCHO,False,143286.0,143286.0,False
CHARCAS,Upper Peru (Charcas),1813,in,unspecified,OTRAS TESORERIAS,OCHO,False,7439.0,7439.0,False
CHARCAS,Upper Peru (Charcas),1816,out,unspecified,OTRAS TESORERIAS,OCHO,False,37.0,37.0,False
CHARCAS,Upper Peru (Charcas),1816,in,unspecified,OTRAS TESORERIAS,OCHO,False,6500.0,6500.0,False
CHARCAS,Upper Peru (Charcas),1818,in,unspecified,OTRAS TESORERIAS,OCHO,False,5355.0,5355.0,False
CHARCAS,Upper Peru (Charcas),1819,in,unspecified,OTRAS TESORERIAS,OCHO,False,1284.0,1284.0,False
CHARCAS,Upper Peru (Charcas),1820,in,unspecified,OTRAS TESORERIAS,OCHO,False,400.0,400.0,False
CHARCAS,Upper Peru (Charcas),1821,in,unspecified,OTRAS TESORERIAS,OCHO,False,54.0,54.0,False
CHARCAS,Upper Peru (Charcas),1823,in,unspecified,OTRAS TESORERIAS,OCHO,False,840.0,840.0,False
CHARCAS,Upper Peru (Charcas),1824,in,unspecified,OTRAS TESORERIAS,OCHO,False,3853.0,3853.0,False
CHUCUITO,Upper Peru (Charcas),1658,out,Lima,REMITIDO A LIMA,ENSAYADOS,False,207711.0,343639.52,False
CHUCUITO,Upper Peru (Charcas),1661,out,Lima,REMITIDO A LIMA,ENSAYADOS,False,163899.0,271156.43,False
CHUCUITO,Upper Peru (Charcas),1679,out,Lima,REMITIDO A LIMA,ENSAYADOS,False,120115.0,198719.67,False
CHUCUITO,Upper Peru (Charcas),1681,out,Lima,REMITIDO A LIMA,ENSAYADOS,False,124560.0,206073.53,False
CHUCUITO,Upper Peru (Charcas),1683,out,Lima,REMITIDO A LIMA,ENSAYADOS,False,107491.0,177834.38,False
CHUCUITO,Upper Peru (Charcas),1684,out,Lima,REMITIDO A LIMA,ENSAYADOS,False,166123.0,274835.85,False
CHUCUITO,Upper Peru (Charcas),1708,out,Lima,REMITIDO A LIMA,ENSAYADOS,False,19005.0,31442.1,False
CHUCUITO,Upper Peru (Charcas),1709,out,Lima,REMITIDO A LIMA,ENSAYADOS,False,14189.0,23474.45,False
CHUCUITO,Upper Peru (Charcas),1710,out,Lima,REMITIDO A LIMA,ENSAYADOS,False,18510.0,30623.16,False
CHUCUITO,Upper Peru (Charcas),1711,out,Lima,REMITIDO A LIMA,ENSAYADOS,False,13741.0,22733.27,False
CHUCUITO,Upper Peru (Charcas),1712,out,Lima,REMITIDO A LIMA,ENSAYADOS,False,20613.0,34102.39,False
CHUCUITO,Upper Peru (Charcas),1714,out,Huancavelica,REMITIDO A HUANCAVELICA,ENSAYADOS,False,15124.0,25021.32,False
CHUCUITO,Upper Peru (Charcas),1715,out,Huancavelica,REMITIDO A HUANCAVELICA,ENSAYADOS,False,15111.0,24999.82,False
CHUCUITO,Upper Peru (Charcas),1717,out,Huancavelica,REMITIDO A HUANCAVELICA,ENSAYADOS,False,9071.0,15007.17,False
CHUCUITO,Upper Peru (Charcas),1717,out,Lima,REMITIDO A LIMA,ENSAYADOS,False,38324.0,63403.68,False
CHUCUITO,Upper Peru (Charcas),1718,out,Huancavelica,REMITIDO A HUANCAVELICA,ENSAYADOS,False,18134.0,30001.1,False
CHUCUITO,Upper Peru (Charcas),1718,out,Lima,REMITIDO A LIMA,ENSAYADOS,False,17873.0,29569.3,False
CHUCUITO,Upper Peru (Charcas),1718,out,Concepcion,SITUADO DE LA CONCEPCION,ENSAYADOS,False,21156.0,35000.74,False
CHUCUITO,Upper Peru (Charcas),1718,out,Valdivia,SITUADO DE VALDIVIA,ENSAYADOS,False,18436.0,30500.74,False
CHUCUITO,Upper Peru (Charcas),1720,out,Lima,REMITIDO A LIMA,ENSAYADOS,False,3285.0,5434.74,False
CHUCUITO,Upper Peru (Charcas),1720,out,Valdivia,SITUADO DE VALDIVIA,ENSAYADOS,False,15111.0,24999.82,False
CHUCUITO,Upper Peru (Charcas),1721,out,Lima,REMITIDO A LIMA,ENSAYADOS,False,18854.0,31192.28,False
CHUCUITO,Upper Peru (Charcas),1722,out,Lima,REMITIDO A LIMA,ENSAYADOS,False,14089.0,23309.01,False
CHUCUITO,Upper Peru (Charcas),1722,out,Valdivia,SITUADO DE VALDIVIA,ENSAYADOS,False,27016.0,44695.59,False
CHUCUITO,Upper Peru (Charcas),1723,out,Lima,REMITIDO A LIMA,ENSAYADOS,False,11336.0,18754.41,False
CHUCUITO,Upper Peru (Charcas),1723,out,Valdivia,SITUADO DE VALDIVIA,ENSAYADOS,False,18123.0,29982.9,False
CHUCUITO,Upper Peru (Charcas),1724,out,Huancavelica,REMITIDO A HUANCAVELICA,ENSAYADOS,False,18134.0,30001.1,False
CHUCUITO,Upper Peru (Charcas),1724,out,Lima,REMITIDO A LIMA,ENSAYADOS,False,46379.0,76729.96,False
CHUCUITO,Upper Peru (Charcas),1725,out,Huancavelica,REMITIDO A HUANCAVELICA,ENSAYADOS,False,21156.0,35000.74,False
CHUCUITO,Upper Peru (Charcas),1725,out,Lima,REMITIDO A LIMA,ENSAYADOS,False,35829.0,59275.92,False
CHUCUITO,Upper Peru (Charcas),1726,out,Lima,REMITIDO A LIMA,ENSAYADOS,False,52547.0,86934.38,False
CHUCUITO,Upper Peru (Charcas),1727,out,Lima,REMITIDO A LIMA,ENSAYADOS,False,67164.0,111116.91,False
CHUCUITO,Upper Peru (Charcas),1728,out,Huancavelica,REMITIDO A HUANCAVELICA,ENSAYADOS,False,30884.0,51094.85,False
CHUCUITO,Upper Peru (Charcas),1728,out,Lima,REMITIDO A LIMA,ENSAYADOS,False,24817.0,41057.54,False
CHUCUITO,Upper Peru (Charcas),1729,out,Lima,REMITIDO A LIMA,ENSAYADOS,False,56585.0,93614.89,False
CHUCUITO,Upper Peru (Charcas),1730,out,Lima,REMITIDO A LIMA,ENSAYADOS,False,20611.0,34099.08,False
CHUCUITO,Upper Peru (Charcas),1730,out,Chile,SITUADO DE CHILE,ENSAYADOS,False,21760.0,36000.0,False
CHUCUITO,Upper Peru (Charcas),1731,out,Lima,REMITIDO A LIMA,ENSAYADOS,False,21167.0,35018.93,False
CHUCUITO,Upper Peru (Charcas),1731,out,Chile,SITUADO DE CHILE,ENSAYADOS,False,22969.0,38000.18,False
CHUCUITO,Upper Peru (Charcas),1732,out,Lima,REMITIDO A LIMA,ENSAYADOS,False,25099.0,41524.08,False
CHUCUITO,Upper Peru (Charcas),1732,out,Chile,SITUADO DE CHILE,ENSAYADOS,False,12089.0,20000.18,False
CHUCUITO,Upper Peru (Charcas),1733,out,Huancavelica,REMITIDO A HUANCAVELICA,OCHO,False,25000.0,25000.0,False
CHUCUITO,Upper Peru (Charcas),1733,out,Chile,SITUADO DE CHILE,OCHO,False,35000.0,35000.0,False
CHUCUITO,Upper Peru (Charcas),1734,out,Lima,REMITIDO A LIMA,OCHO,False,33248.0,33248.0,False
CHUCUITO,Upper Peru (Charcas),1734,out,Chile,SITUADO DE CHILE,OCHO,False,35000.0,35000.0,False
CHUCUITO,Upper Peru (Charcas),1735,out,Lima,REMITIDO A LIMA,OCHO,False,23893.0,23893.0,False
CHUCUITO,Upper Peru (Charcas),1735,out,Chile,SITUADO DE CHILE,OCHO,False,31782.0,31782.0,False
CHUCUITO,Upper Peru (Charcas),1736,out,Huancavelica,REMITIDO A HUANCAVELICA,OCHO,False,67625.0,67625.0,False
CHUCUITO,Upper Peru (Charcas),1743,out,Chile,SITUADO DE CHILE,OCHO,False,14000.0,14000.0,False
CHUCUITO,Upper Peru (Charcas),1745,out,Lima,REMITIDO A LIMA,OCHO,False,33101.0,33101.0,False
CHUCUITO,Upper Peru (Charcas),1746,out,Lima,REMITIDO A LIMA,OCHO,False,33893.0,33893.0,False
CHUCUITO,Upper Peru (Charcas),1747,out,Lima,REMITIDO A LIMA,OCHO,False,33703.0,33703.0,False
CHUCUITO,Upper Peru (Charcas),1748,out,Lima,REMITIDO A LIMA,OCHO,False,40675.0,40675.0,False
CHUCUITO,Upper Peru (Charcas),1749,out,Lima,REMITIDO A LIMA,OCHO,False,40141.0,40141.0,False
CHUCUITO,Upper Peru (Charcas),1750,out,Lima,REMITIDO A LIMA,OCHO,False,56797.0,56797.0,False
CHUCUITO,Upper Peru (Charcas),1751,out,Lima,REMITIDO A LIMA,OCHO,False,70052.0,70052.0,False
CHUCUITO,Upper Peru (Charcas),1754,out,Lima,REMITIDO A LIMA,OCHO,False,79368.0,79368.0,False
CHUCUITO,Upper Peru (Charcas),1757,out,Lima,REMITIDO A LIMA,OCHO,False,61166.0,61166.0,False
CHUCUITO,Upper Peru (Charcas),1758,out,Lima,REMITIDO A LIMA,OCHO,False,59932.0,59932.0,False
CHUCUITO,Upper Peru (Charcas),1759,out,Lima,REMITIDO A LIMA,OCHO,False,67682.0,67682.0,False
CHUCUITO,Upper Peru (Charcas),1760,out,Lima,REMITIDO A LIMA,OCHO,False,24705.0,24705.0,False
CHUCUITO,Upper Peru (Charcas),1761,out,Lima,REMITIDO A LIMA,OCHO,False,33394.0,33394.0,False
CHUCUITO,Upper Peru (Charcas),1762,out,Lima,REMITIDO A LIMA,OCHO,False,24876.0,24876.0,False
CHUCUITO,Upper Peru (Charcas),1763,out,Lima,REMITIDO A LIMA,OCHO,False,17839.0,17839.0,False
CHUCUITO,Upper Peru (Charcas),1764,out,Lima,REMITIDO A LIMA,OCHO,False,73895.0,73895.0,False
CHUCUITO,Upper Peru (Charcas),1765,out,Potosi,REMITIDO A POTOSI,OCHO,False,86468.0,86468.0,False
CHUCUITO,Upper Peru (Charcas),1766,out,Lima,REMITIDO A LIMA,OCHO,False,5798.0,5798.0,False
CHUCUITO,Upper Peru (Charcas),1766,out,Potosi,REMITIDO A POTOSI,OCHO,False,88332.0,88332.0,False
CHUCUITO,Upper Peru (Charcas),1767,out,Lima,REMITIDO A LIMA,OCHO,False,83274.0,83274.0,False
CHUCUITO,Upper Peru (Charcas),1768,out,Lima,REMITIDO A LIMA,OCHO,False,99950.0,99950.0,False
CHUCUITO,Upper Peru (Charcas),1769,out,Lima,REMITIDO A LIMA,OCHO,False,58886.0,58886.0,False
CHUCUITO,Upper Peru (Charcas),1770,out,Potosi,REMITIDO A POTOSI,OCHO,False,62746.0,62746.0,False
CHUCUITO,Upper Peru (Charcas),1770,out,Potosi,REMITIDO A POTOSI,OCHO,False,34115.0,34115.0,False
CHUCUITO,Upper Peru (Charcas),1771,out,Potosi,REMITIDO A POTOSI,OCHO,False,53240.0,53240.0,False
CHUCUITO,Upper Peru (Charcas),1771,out,Potosi,REMITIDO A POTOSI,OCHO,False,34429.0,34429.0,False
CHUCUITO,Upper Peru (Charcas),1772,out,Potosi,REMITIDO A POTOSI,OCHO,False,75781.0,75781.0,False
CHUCUITO,Upper Peru (Charcas),1773,out,Lima,REMITIDO A LIMA,OCHO,False,23771.0,23771.0,False
CHUCUITO,Upper Peru (Charcas),1773,out,Potosi,REMITIDO A POTOSI,OCHO,False,49179.0,49179.0,False
CHUCUITO,Upper Peru (Charcas),1774,out,Lima,REMITIDO A LIMA,OCHO,False,120.0,120.0,False
CHUCUITO,Upper Peru (Charcas),1774,out,Potosi,REMITIDO A POTOSI PARA B AIRES,OCHO,False,76640.0,76640.0,False
CHUCUITO,Upper Peru (Charcas),1775,out,Potosi,REMITIDO A POTOSI,OCHO,False,1320.0,1320.0,False
CHUCUITO,Upper Peru (Charcas),1776,out,Potosi,REMITIDO A POTOSI,OCHO,False,109004.0,109004.0,False
CHUCUITO,Upper Peru (Charcas),1777,out,Huancavelica,REMITIDO A POTOSI Y HUANCAVELICA,OCHO,False,73149.0,73149.0,False
CHUCUITO,Upper Peru (Charcas),1778,out,Potosi,REMITIDO A POTOSI,OCHO,False,48567.0,48567.0,False
CHUCUITO,Upper Peru (Charcas),1785,out,Potosi,REMITIDO A POTOSI,OCHO,False,19516.0,19516.0,False
CHUCUITO,Upper Peru (Charcas),1786,out,unspecified,OTRAS TESORERIAS,OCHO,False,38579.0,38579.0,False
CHUCUITO,Upper Peru (Charcas),1787,out,unspecified,OTRAS TESORERIAS,OCHO,False,46995.0,46995.0,False
CHUCUITO,Upper Peru (Charcas),1788,out,unspecified,OTRAS TESORERIAS,OCHO,False,66520.0,66520.0,False
CHUCUITO,Upper Peru (Charcas),1788,in,unspecified,OTRAS TESORERIAS,OCHO,False,2260.0,2260.0,False
CHUCUITO,Upper Peru (Charcas),1789,out,Potosi,REMITIDO A POTOSI,OCHO,False,137653.0,137653.0,False
CHUCUITO,Upper Peru (Charcas),1789,in,unspecified,OTRAS TESORERIAS,OCHO,False,14000.0,14000.0,False
CHUCUITO,Upper Peru (Charcas),1791,in,unspecified,OTRAS TESORERIAS,OCHO,False,4663.0,4663.0,False
CHUCUITO,Upper Peru (Charcas),1798,out,Potosi,REMITIDO A POTOSI,OCHO,False,117329.0,117329.0,False
CHUCUITO,Upper Peru (Charcas),1800,out,unspecified,OTRAS TESORERIAS,OCHO,False,240146.0,240146.0,False
COCHABAMBA,Upper Peru (Charcas),1774,out,Potosi,REMITIDO A POTOSI,OCHO,False,49189.0,49189.0,False
COCHABAMBA,Upper Peru (Charcas),1775,out,Potosi,REMITIDO A POTOSI,OCHO,False,58098.0,58098.0,False
COCHABAMBA,Upper Peru (Charcas),1775,out,Potosi,REMITIDO A POTOSI PARA B AIRES,OCHO,False,23000.0,23000.0,False
COCHABAMBA,Upper Peru (Charcas),1776,out,Potosi,REMITIDO A POTOSI,OCHO,False,32202.0,32202.0,False
COCHABAMBA,Upper Peru (Charcas),1776,out,Potosi,REMITIDO A POTOSI PARA B AIRES,OCHO,False,12000.0,12000.0,False
COCHABAMBA,Upper Peru (Charcas),1777,out,Potosi,REMITIDO A POTOSI Y LA PLATA,OCHO,False,48825.0,48825.0,False
COCHABAMBA,Upper Peru (Charcas),1778,out,Potosi,REMITIDO A POTOSI,OCHO,False,61858.0,61858.0,False
COCHABAMBA,Upper Peru (Charcas),1780,out,Potosi,REMITIDO A POTOSI,OCHO,False,83450.0,83450.0,False
COCHABAMBA,Upper Peru (Charcas),1781,in,unspecified,OTRAS TESORERIAS,OCHO,False,88113.0,88113.0,False
COCHABAMBA,Upper Peru (Charcas),1783,out,unspecified,REMITIDO A OTRAS TESORERIAS,OCHO,False,1303.0,1303.0,False
COCHABAMBA,Upper Peru (Charcas),1783,in,unspecified,OTRAS TESORERIAS,OCHO,False,478.0,478.0,False
COCHABAMBA,Upper Peru (Charcas),1784,out,unspecified,REMITIDO A OTRAS TESORERIAS,OCHO,False,16437.0,16437.0,False
COCHABAMBA,Upper Peru (Charcas),1787,out,unspecified,OTRAS TESORERIAS,OCHO,False,30653.0,30653.0,False
COCHABAMBA,Upper Peru (Charcas),1794,in,unspecified,OTRAS TESORERIAS,OCHO,False,603.0,603.0,False
COCHABAMBA,Upper Peru (Charcas),1795,out,unspecified,OTRAS TESORERIAS,OCHO,False,1723.0,1723.0,False
COCHABAMBA,Upper Peru (Charcas),1795,in,unspecified,OTRAS TESORERIAS,OCHO,False,1120.0,1120.0,False
COCHABAMBA,Upper Peru (Charcas),1796,out,unspecified,OTRAS TESORERIAS,OCHO,False,404.0,404.0,False
COCHABAMBA,Upper Peru (Charcas),1796,in,unspecified,OTRAS TESORERIAS,OCHO,False,819.0,819.0,False
COCHABAMBA,Upper Peru (Charcas),1797,out,unspecified,OTRAS TESORERIAS,OCHO,False,1526.0,1526.0,False
COCHABAMBA,Upper Peru (Charcas),1797,in,unspecified,OTRAS TESORERIAS,OCHO,False,3960.0,3960.0,False
COCHABAMBA,Upper Peru (Charcas),1798,out,unspecified,OTRAS TESORERIAS,OCHO,False,3932.0,3932.0,False
COCHABAMBA,Upper Peru (Charcas),1798,in,unspecified,OTRAS TESORERIAS,OCHO,False,1084.0,1084.0,False
COCHABAMBA,Upper Peru (Charcas),1799,in,unspecified,OTRAS TESORERIAS,OCHO,False,3932.0,3932.0,False
COCHABAMBA,Upper Peru (Charcas),1800,out,unspecified,OTRAS TESORERIAS,OCHO,False,4631.0,4631.0,False
COCHABAMBA,Upper Peru (Charcas),1800,in,unspecified,OTRAS TESORERIAS,OCHO,False,708.0,708.0,False
COCHABAMBA,Upper Peru (Charcas),1804,out,unspecified,OTRAS TESORERIAS,OCHO,False,127553.0,127553.0,False
COCHABAMBA,Upper Peru (Charcas),1805,out,unspecified,OTRAS TESORERIAS,OCHO,False,94776.0,94776.0,False
COCHABAMBA,Upper Peru (Charcas),1805,in,unspecified,OTRAS TESORERIAS,OCHO,False,18600.0,18600.0,False
COCHABAMBA,Upper Peru (Charcas),1806,out,unspecified,OTRAS TESORERIAS,OCHO,False,92892.0,92892.0,False
COCHABAMBA,Upper Peru (Charcas),1806,in,unspecified,OTRAS TESORERIAS,OCHO,False,22600.0,22600.0,False
COCHABAMBA,Upper Peru (Charcas),1807,out,unspecified,OTRAS TESORERIAS,OCHO,False,141925.0,141925.0,False
COCHABAMBA,Upper Peru (Charcas),1807,in,unspecified,OTRAS TESORERIAS,OCHO,False,33195.0,33195.0,False
COCHABAMBA,Upper Peru (Charcas),1808,out,unspecified,OTRAS TESORERIAS,OCHO,False,114496.0,114496.0,False
COCHABAMBA,Upper Peru (Charcas),1808,in,unspecified,OTRAS TESORERIAS,OCHO,False,13610.0,13610.0,False
COCHABAMBA,Upper Peru (Charcas),1809,out,unspecified,OTRAS TESORERIAS,OCHO,False,23710.0,23710.0,False
COCHABAMBA,Upper Peru (Charcas),1809,in,unspecified,OTRAS TESORERIAS,OCHO,False,68199.0,68199.0,False
LA PAZ,Upper Peru (Charcas),1624,out,Lima,REMITIDO A LIMA,OCHO,False,259953.0,259953.0,False
LA PAZ,Upper Peru (Charcas),1655,out,Lima,REMITIDO A LIMA,ENSAYADOS,False,46405.0,76772.98,False
LA PAZ,Upper Peru (Charcas),1656,out,Lima,REMITIDO A LIMA,ENSAYADOS,False,53271.0,88132.17,False
LA PAZ,Upper Peru (Charcas),1657,out,Lima,REMITIDO A LIMA,ENSAYADOS,False,76716.0,126919.85,False
LA PAZ,Upper Peru (Charcas),1658,out,Lima,REMITIDO A LIMA,ENSAYADOS,False,89816.0,148592.65,False
LA PAZ,Upper Peru (Charcas),1659,out,Lima,REMITIDO A LIMA,ENSAYADOS,False,54891.0,90812.32,False
LA PAZ,Upper Peru (Charcas),1660,out,Lima,REMITIDO A LIMA,ENSAYADOS,False,95061.0,157270.04,False
LA PAZ,Upper Peru (Charcas),1661,out,Lima,REMITIDO A LIMA,ENSAYADOS,False,42103.0,69655.7,False
LA PAZ,Upper Peru (Charcas),1689,out,Lima,REMITIDO A LIMA,OCHO,False,41147.0,41147.0,False
LA PAZ,Upper Peru (Charcas),1689,out,Lima,REMITIDO A LIMA,ENSAYADOS,False,21595.0,35727.02,False
LA PAZ,Upper Peru (Charcas),1690,out,Lima,REMITIDO A LIMA,OCHO,False,39082.0,39082.0,False
LA PAZ,Upper Peru (Charcas),1690,out,Lima,REMITIDO A LIMA,ENSAYADOS,False,16067.0,26581.43,False
LA PAZ,Upper Peru (Charcas),1691,out,Lima,REMITIDO A LIMA,OCHO,False,44171.0,44171.0,False
LA PAZ,Upper Peru (Charcas),1691,out,Lima,REMITIDO A LIMA,ENSAYADOS,False,18889.0,31250.18,False
LA PAZ,Upper Peru (Charcas),1692,out,Lima,REMITIDO A LIMA,OCHO,False,46950.0,46950.0,False
LA PAZ,Upper Peru (Charcas),1692,out,Lima,REMITIDO A LIMA,ENSAYADOS,False,19773.0,32712.68,False
LA PAZ,Upper Peru (Charcas),1693,out,Lima,REMITIDO A LIMA,OCHO,False,40684.0,40684.0,False
LA PAZ,Upper Peru (Charcas),1693,out,Lima,REMITIDO A LIMA,ENSAYADOS,False,9370.0,15501.84,False
LA PAZ,Upper Peru (Charcas),1694,out,Lima,REMITIDO A LIMA,OCHO,False,50754.0,50754.0,False
LA PAZ,Upper Peru (Charcas),1694,out,Lima,REMITIDO A LIMA,ENSAYADOS,False,9847.0,16290.99,False
LA PAZ,Upper Peru (Charcas),1695,out,Lima,REMITIDO A LIMA,OCHO,False,48410.0,48410.0,False
LA PAZ,Upper Peru (Charcas),1695,out,Lima,REMITIDO A LIMA,ENSAYADOS,False,18753.0,31025.18,False
LA PAZ,Upper Peru (Charcas),1696,out,Lima,REMITIDO A LIMA,OCHO,False,52723.0,52723.0,False
LA PAZ,Upper Peru (Charcas),1696,out,Lima,REMITIDO A LIMA,ENSAYADOS,False,15895.0,26296.88,False
LA PAZ,Upper Peru (Charcas),1697,out,Lima,REMITIDO A LIMA,OCHO,False,55541.0,55541.0,False
LA PAZ,Upper Peru (Charcas),1697,out,Lima,REMITIDO A LIMA,ENSAYADOS,False,12750.0,21093.75,False
LA PAZ,Upper Peru (Charcas),1698,out,Lima,REMITIDO A LIMA,OCHO,False,62541.0,62541.0,False
LA PAZ,Upper Peru (Charcas),1698,out,Lima,REMITIDO A LIMA,ENSAYADOS,False,12138.0,20081.25,False
LA PAZ,Upper Peru (Charcas),1699,out,Lima,REMITIDO A LIMA,OCHO,False,43328.0,43328.0,False
LA PAZ,Upper Peru (Charcas),1699,out,Lima,REMITIDO A LIMA,ENSAYADOS,False,8680.0,14360.29,False
LA PAZ,Upper Peru (Charcas),1704,out,Lima,REMITIDO A LIMA,OCHO,False,63402.0,63402.0,False
LA PAZ,Upper Peru (Charcas),1704,out,Lima,REMITIDO A LIMA,ENSAYADOS,False,270.0,446.69,False
LA PAZ,Upper Peru (Charcas),1707,out,Lima,REMITIDO A LIMA,OCHO,False,112775.0,112775.0,False
LA PAZ,Upper Peru (Charcas),1707,out,Lima,REMITIDO A LIMA,ENSAYADOS,False,4062.0,6720.22,False
LA PAZ,Upper Peru (Charcas),1708,out,Lima,REMITIDO A LIMA,OCHO,False,33833.0,33833.0,False
LA PAZ,Upper Peru (Charcas),1708,out,Lima,REMITIDO A LIMA,ENSAYADOS,False,1295.0,2142.46,False
LA PAZ,Upper Peru (Charcas),1709,out,Lima,REMITIDO A LIMA,OCHO,False,71922.0,71922.0,False
LA PAZ,Upper Peru (Charcas),1709,out,Lima,REMITIDO A LIMA,ENSAYADOS,False,2543.0,4207.17,False
LA PAZ,Upper Peru (Charcas),1710,out,Lima,REMITIDO A LIMA,OCHO,False,54413.0,54413.0,False
LA PAZ,Upper Peru (Charcas),1710,out,Lima,REMITIDO A LIMA,ENSAYADOS,False,708.0,1171.32,False
LA PAZ,Upper Peru (Charcas),1711,out,Lima,REMITIDO A LIMA,OCHO,False,30792.0,30792.0,False
LA PAZ,Upper Peru (Charcas),1716,out,Lima,REMITIDO A LIMA,OCHO,False,41512.0,41512.0,False
LA PAZ,Upper Peru (Charcas),1717,out,Lima,REMITIDO A LIMA,OCHO,False,32674.0,32674.0,False
LA PAZ,Upper Peru (Charcas),1717,out,Potosi,REMITIDO A POTOSI,OCHO,False,1671.0,1671.0,False
LA PAZ,Upper Peru (Charcas),1718,out,Lima,REMITIDO A LIMA,OCHO,False,17579.0,17579.0,False
LA PAZ,Upper Peru (Charcas),1718,out,Potosi,REMITIDO A POTOSI,OCHO,False,2280.0,2280.0,False
LA PAZ,Upper Peru (Charcas),1719,out,Lima,REMITIDO A LIMA,OCHO,False,40335.0,40335.0,False
LA PAZ,Upper Peru (Charcas),1720,out,Lima,REMITIDO A LIMA,OCHO,False,9178.0,9178.0,False
LA PAZ,Upper Peru (Charcas),1721,out,Lima,REMITIDO A LIMA,OCHO,False,5173.0,5173.0,False
LA PAZ,Upper Peru (Charcas),1721,out,Potosi,REMITIDO A POTOSI,OCHO,False,1313.0,1313.0,False
LA PAZ,Upper Peru (Charcas),1722,out,Lima,REMITIDO A LIMA,OCHO,False,21645.0,21645.0,False
LA PAZ,Upper Peru (Charcas),1723,out,Lima,REMITIDO A LIMA,OCHO,False,36599.0,36599.0,False
LA PAZ,Upper Peru (Charcas),1724,out,Lima,REMITIDO A LIMA,OCHO,False,21834.0,21834.0,False
LA PAZ,Upper Peru (Charcas),1725,out,Lima,REMITIDO A LIMA,OCHO,False,10373.0,10373.0,False
LA PAZ,Upper Peru (Charcas),1726,out,Lima,REMITIDO A LIMA,OCHO,False,27993.0,27993.0,False
LA PAZ,Upper Peru (Charcas),1727,out,Lima,REMITIDO A LIMA,OCHO,False,25191.0,25191.0,False
LA PAZ,Upper Peru (Charcas),1728,out,Lima,REMITIDO A LIMA,OCHO,False,27334.0,27334.0,False
LA PAZ,Upper Peru (Charcas),1729,out,Lima,REMITIDO A LIMA,OCHO,False,28982.0,28982.0,False
LA PAZ,Upper Peru (Charcas),1730,out,Lima,REMITIDO A LIMA,OCHO,False,40439.0,40439.0,False
LA PAZ,Upper Peru (Charcas),1731,out,Lima,REMITIDO A LIMA,OCHO,False,34772.0,34772.0,False
LA PAZ,Upper Peru (Charcas),1732,out,Lima,REMITIDO A LIMA,OCHO,False,41863.0,41863.0,False
LA PAZ,Upper Peru (Charcas),1733,out,Lima,REMITIDO A LIMA,OCHO,False,21635.0,21635.0,False
LA PAZ,Upper Peru (Charcas),1734,out,Lima,REMITIDO A LIMA,OCHO,False,45539.0,45539.0,False
LA PAZ,Upper Peru (Charcas),1735,out,Lima,REMITIDO A LIMA,OCHO,False,49209.0,49209.0,False
LA PAZ,Upper Peru (Charcas),1736,out,Lima,REMITIDO A LIMA,OCHO,False,41609.0,41609.0,False
LA PAZ,Upper Peru (Charcas),1738,out,Lima,REMITIDO A LIMA,OCHO,False,42100.0,42100.0,False
LA PAZ,Upper Peru (Charcas),1740,out,Huancavelica,REMITIDO A HUANCAVELICA,OCHO,False,5017.0,5017.0,False
LA PAZ,Upper Peru (Charcas),1740,out,Lima,REMITIDO A LIMA,OCHO,False,53659.0,53659.0,False
LA PAZ,Upper Peru (Charcas),1741,out,Huancavelica,REMITIDO A HUANCAVELICA,OCHO,False,2917.0,2917.0,False
LA PAZ,Upper Peru (Charcas),1741,out,Lima,REMITIDO A LIMA,OCHO,False,53672.0,53672.0,False
LA PAZ,Upper Peru (Charcas),1742,out,Huancavelica,REMITIDO A HUANCAVELICA,OCHO,False,1715.0,1715.0,False
LA PAZ,Upper Peru (Charcas),1742,out,Lima,REMITIDO A LIMA,OCHO,False,32747.0,32747.0,False
LA PAZ,Upper Peru (Charcas),1743,out,Lima,REMITIDO A LIMA,OCHO,False,76324.0,76324.0,False
LA PAZ,Upper Peru (Charcas),1744,out,Huancavelica,REMITIDO A HUANCAVELICA,OCHO,False,3412.0,3412.0,False
LA PAZ,Upper Peru (Charcas),1744,out,Lima,REMITIDO A LIMA,OCHO,False,51195.0,51195.0,False
LA PAZ,Upper Peru (Charcas),1745,out,unspecified,REMITIDO A OTRAS TESORERIAS,OCHO,False,57599.0,57599.0,False
LA PAZ,Upper Peru (Charcas),1746,out,unspecified,REMITIDO A OTRAS TESORERIAS,OCHO,False,67848.0,67848.0,False
LA PAZ,Upper Peru (Charcas),1747,out,unspecified,REMITIDO A OTRAS TESORERIAS,OCHO,False,73875.0,73875.0,False
LA PAZ,Upper Peru (Charcas),1748,out,unspecified,REMITIDO A OTRAS TESORERIAS,OCHO,False,120802.0,120802.0,False
LA PAZ,Upper Peru (Charcas),1749,out,unspecified,REMITIDO A OTRAS TESORERIAS,OCHO,False,87765.0,87765.0,False
LA PAZ,Upper Peru (Charcas),1750,out,unspecified,REMITIDO A OTRAS TESORERIAS,OCHO,False,33646.0,33646.0,False
LA PAZ,Upper Peru (Charcas),1751,out,unspecified,REMITIDO A OTRAS TESORERIAS,OCHO,False,50034.0,50034.0,False
LA PAZ,Upper Peru (Charcas),1752,out,Huancavelica,REMITIDO A HUANCAVELICA,OCHO,False,1990.0,1990.0,False
LA PAZ,Upper Peru (Charcas),1752,out,Lima,REMITIDO A LIMA,OCHO,False,78642.0,78642.0,False
LA PAZ,Upper Peru (Charcas),1753,out,Huancavelica,REMITIDO A HUANCAVELICA,OCHO,False,2078.0,2078.0,False
LA PAZ,Upper Peru (Charcas),1753,out,Lima,REMITIDO A LIMA,OCHO,False,91663.0,91663.0,False
LA PAZ,Upper Peru (Charcas),1754,out,unspecified,REMITIDO A OTRAS TESORERIAS,OCHO,False,94260.0,94260.0,False
LA PAZ,Upper Peru (Charcas),1755,out,Huancavelica,REMITIDO A HUANCAVELICA,OCHO,False,2671.0,2671.0,False
LA PAZ,Upper Peru (Charcas),1755,out,Lima,REMITIDO A LIMA,OCHO,False,110728.0,110728.0,False
LA PAZ,Upper Peru (Charcas),1756,out,Huancavelica,REMITIDO A HUANCAVELICA,OCHO,False,5796.0,5796.0,False
LA PAZ,Upper Peru (Charcas),1756,out,Lima,REMITIDO A LIMA,OCHO,False,105341.0,105341.0,False
LA PAZ,Upper Peru (Charcas),1757,out,unspecified,REMITIDO A OTRAS TESORERIAS,OCHO,False,112894.0,112894.0,False
LA PAZ,Upper Peru (Charcas),1758,out,unspecified,REMITIDO A OTRAS TESORERIAS,OCHO,False,118672.0,118672.0,False
LA PAZ,Upper Peru (Charcas),1759,out,unspecified,REMITIDO A OTRAS TESORERIAS,OCHO,False,113686.0,113686.0,False
LA PAZ,Upper Peru (Charcas),1760,out,unspecified,REMITIDO A OTRAS TESORERIAS,OCHO,False,119785.0,119785.0,False
LA PAZ,Upper Peru (Charcas),1764,out,Lima,REMITIDO A LIMA,OCHO,False,149197.0,149197.0,False
LA PAZ,Upper Peru (Charcas),1765,out,Huancavelica,REMITIDO A HUANCAVELICA,OCHO,False,3276.0,3276.0,False
LA PAZ,Upper Peru (Charcas),1765,out,Lima,REMITIDO A LIMA,OCHO,False,144986.0,144986.0,False
LA PAZ,Upper Peru (Charcas),1766,out,Huancavelica,REMITIDO A HUANCAVELICA,OCHO,False,1779.0,1779.0,False
LA PAZ,Upper Peru (Charcas),1766,out,Potosi,REMITIDO A POTOSI PARA B AIRES,OCHO,False,131329.0,131329.0,False
LA PAZ,Upper Peru (Charcas),1767,out,Potosi,REMITIDO A POTOSI,OCHO,False,47640.0,47640.0,False
LA PAZ,Upper Peru (Charcas),1768,out,Potosi,REMITIDO A POTOSI,OCHO,False,203385.0,203385.0,False
LA PAZ,Upper Peru (Charcas),1769,out,Lima,REMITIDO A LIMA,OCHO,False,798.0,798.0,False
LA PAZ,Upper Peru (Charcas),1769,out,Potosi,REMITIDO A POTOSI,OCHO,False,44160.0,44160.0,False
LA PAZ,Upper Peru (Charcas),1770,out,Lima,REMITIDO A LIMA,OCHO,False,3343.0,3343.0,False
LA PAZ,Upper Peru (Charcas),1770,out,Potosi,REMITIDO A POTOSI,OCHO,False,161129.0,161129.0,False
LA PAZ,Upper Peru (Charcas),1771,out,Lima,REMITIDO A LIMA,OCHO,False,5022.0,5022.0,False
LA PAZ,Upper Peru (Charcas),1771,out,Potosi,REMITIDO A POTOSI,OCHO,False,153603.0,153603.0,False
LA PAZ,Upper Peru (Charcas),1772,out,Lima,REMITIDO A LIMA,OCHO,False,10949.0,10949.0,False
LA PAZ,Upper Peru (Charcas),1772,out,Potosi,REMITIDO A POTOSI,OCHO,False,137400.0,137400.0,False
LA PAZ,Upper Peru (Charcas),1773,out,Lima,REMITIDO A LIMA,OCHO,False,9124.0,9124.0,False
LA PAZ,Upper Peru (Charcas),1773,out,Potosi,REMITIDO A POTOSI,OCHO,False,73000.0,73000.0,False
LA PAZ,Upper Peru (Charcas),1774,out,Potosi,REMITIDO A POTOSI,OCHO,False,166175.0,166175.0,False
LA PAZ,Upper Peru (Charcas),1775,out,Potosi,REMITIDO A POTOSI,OCHO,False,204737.0,204737.0,False
LA PAZ,Upper Peru (Charcas),1776,out,Potosi,REMITIDO A POTOSI PARA B AIRES,OCHO,False,136373.0,136373.0,False
LA PAZ,Upper Peru (Charcas),1777,out,Potosi,REMITIDO A POTOSI,OCHO,False,298978.0,298978.0,False
LA PAZ,Upper Peru (Charcas),1778,out,Huancavelica,REMITIDO A POTOSI Y HUANCAVELICA,OCHO,False,250493.0,250493.0,False
LA PAZ,Upper Peru (Charcas),1779,out,Huancavelica,REMITIDO A POTOSI Y HUANCAVELICA,OCHO,False,142065.0,142065.0,False
LA PAZ,Upper Peru (Charcas),1780,out,Huancavelica,REMITIDO A POTOSI Y HUANCAVELICA,OCHO,False,334100.0,334100.0,False
LA PAZ,Upper Peru (Charcas),1789,out,Potosi,REMITIDO A POTOSI,OCHO,False,290011.0,290011.0,False
LA PAZ,Upper Peru (Charcas),1790,out,Potosi,REMITIDO A POTOSI,OCHO,False,125000.0,125000.0,False
LA PAZ,Upper Peru (Charcas),1791,out,Potosi,REMITIDO A POTOSI,OCHO,False,141300.0,141300.0,False
LA PAZ,Upper Peru (Charcas),1793,out,Potosi,REMITIDO A POTOSI,OCHO,False,379015.0,379015.0,False
LA PAZ,Upper Peru (Charcas),1795,out,Potosi,REMITIDO A POTOSI,OCHO,False,428355.0,428355.0,False
LA PAZ,Upper Peru (Charcas),1798,out,Potosi,REMITIDO A POTOSI,OCHO,False,421506.0,421506.0,False
LA PAZ,Upper Peru (Charcas),1799,out,Potosi,REMITIDO A POTOSI,OCHO,False,156500.0,156500.0,False
LA PAZ,Upper Peru (Charcas),1800,out,Potosi,REMITIDO A POTOSI,OCHO,False,566518.0,566518.0,False
LA PAZ,Upper Peru (Charcas),1801,out,Potosi,REMITIDO A POTOSI,OCHO,False,433516.0,433516.0,False
LA PAZ,Upper Peru (Charcas),1803,in,unspecified,OTRAS TESORERIAS,OCHO,False,106234.0,106234.0,False
LA PAZ,Upper Peru (Charcas),1803,out,unspecified,OTRAS TESORERIAS,OCHO,False,336835.0,336835.0,False
LA PAZ,Upper Peru (Charcas),1804,in,unspecified,OTRAS TESORERIAS,OCHO,False,60058.0,60058.0,False
LA PAZ,Upper Peru (Charcas),1804,out,unspecified,OTRAS TESORERIAS,OCHO,False,130542.0,130542.0,False
LA PAZ,Upper Peru (Charcas),1805,in,unspecified,OTRAS TESORERIAS,OCHO,False,54462.0,54462.0,False
LA PAZ,Upper Peru (Charcas),1805,out,unspecified,OTRAS TESORERIAS,OCHO,False,101192.0,101192.0,False
LA PAZ,Upper Peru (Charcas),1806,out,unspecified,OTRAS TESORERIAS,OCHO,False,193202.0,193202.0,False
LA PAZ,Upper Peru (Charcas),1806,in,unspecified,OTRAS TESORERIAS,OCHO,False,48934.0,48934.0,False
LA PAZ,Upper Peru (Charcas),1807,out,unspecified,OTRAS TESORERIAS,OCHO,False,322835.0,322835.0,False
LA PAZ,Upper Peru (Charcas),1807,in,unspecified,OTRAS TESORERIAS,OCHO,False,139332.0,139332.0,False
LA PAZ,Upper Peru (Charcas),1808,out,unspecified,OTRAS TESORERIAS,OCHO,False,257047.0,257047.0,False
LA PAZ,Upper Peru (Charcas),1808,in,unspecified,OTRAS TESORERIAS,OCHO,False,102685.0,102685.0,False
LA PAZ,Upper Peru (Charcas),1809,out,unspecified,OTRAS TESORERIAS,OCHO,False,153386.0,153386.0,False
LA PAZ,Upper Peru (Charcas),1816,out,unspecified,OTRAS TESORERIAS,OCHO,False,92778.0,92778.0,False
LA PAZ,Upper Peru (Charcas),1816,in,unspecified,OTRAS TESORERIAS,OCHO,False,92778.0,92778.0,False
LA PAZ,Upper Peru (Charcas),1820,out,unspecified,OTRAS TESORERIAS,OCHO,False,87215.0,87215.0,False
LA PAZ,Upper Peru (Charcas),1820,in,unspecified,OTRAS TESORERIAS,OCHO,False,90835.0,90835.0,False
LA PAZ,Upper Peru (Charcas),1824,in,unspecified,OTRAS TESORERIAS,OCHO,False,267482.0,267482.0,False
ORURO,Upper Peru (Charcas),1609,out,Lima,REMITIDO A LIMA,ENSAYADOS,False,1555394.0,2573262.13,False
ORURO,Upper Peru (Charcas),1609,in,Potosi,REMITIDO DE POTOSI,OCHO,False,15290.0,15290.0,False
ORURO,Upper Peru (Charcas),1624,out,Lima,REMITIDO A LIMA,ENSAYADOS,False,283711.0,469374.82,False
ORURO,Upper Peru (Charcas),1625,out,Lima,REMITIDO A LIMA,ENSAYADOS,False,218433.0,361378.12,False
ORURO,Upper Peru (Charcas),1626,out,Lima,REMITIDO A LIMA,ENSAYADOS,False,384642.0,636356.25,False
ORURO,Upper Peru (Charcas),1627,out,Lima,REMITIDO A LIMA,ENSAYADOS,False,285102.0,471676.1,False
ORURO,Upper Peru (Charcas),1628,out,Lima,REMITIDO A LIMA,ENSAYADOS,False,295250.0,488465.07,False
ORURO,Upper Peru (Charcas),1629,out,Lima,REMITIDO A LIMA,ENSAYADOS,False,291383.0,482067.46,False
ORURO,Upper Peru (Charcas),1631,out,Lima,REMITIDO A LIMA,ENSAYADOS,False,89767.0,148511.58,False
ORURO,Upper Peru (Charcas),1632,out,Lima,REMITIDO A LIMA,ENSAYADOS,False,582205.0,963206.8,False
ORURO,Upper Peru (Charcas),1633,out,Lima,REMITIDO A LIMA,ENSAYADOS,False,987060.0,1633003.68,False
ORURO,Upper Peru (Charcas),1645,out,Lima,REMITIDO A LIMA,ENSAYADOS,False,278828.0,461296.32,False
ORURO,Upper Peru (Charcas),1646,out,Lima,REMITIDO A LIMA,ENSAYADOS,False,222230.0,367659.93,False
ORURO,Upper Peru (Charcas),1647,out,Lima,REMITIDO A LIMA,ENSAYADOS,False,245618.0,406353.31,False
ORURO,Upper Peru (Charcas),1648,out,Lima,REMITIDO A LIMA,ENSAYADOS,False,47939.0,79310.85,False
ORURO,Upper Peru (Charcas),1650,out,Lima,REMITIDO A LIMA,OCHO,False,13957.0,13957.0,False
ORURO,Upper Peru (Charcas),1650,out,Lima,REMITIDO A LIMA,ENSAYADOS,False,184355.0,304999.08,False
ORURO,Upper Peru (Charcas),1652,out,Lima,REMITIDO A LIMA,OCHO,False,31873.0,31873.0,False
ORURO,Upper Peru (Charcas),1652,out,Lima,REMITIDO A LIMA,ENSAYADOS,False,101052.0,167181.62,False
ORURO,Upper Peru (Charcas),1652,out,Lima,REMITIDO A LIMA,OCHO,False,4439.0,4439.0,False
ORURO,Upper Peru (Charcas),1652,out,Lima,REMITIDO A LIMA,ENSAYADOS,False,49051.0,81150.55,False
ORURO,Upper Peru (Charcas),1652,out,Lima,REMITIDO A LIMA,OCHO,False,12226.0,12226.0,False
ORURO,Upper Peru (Charcas),1652,out,Lima,REMITIDO A LIMA,ENSAYADOS,False,35529.0,58779.6,False
ORURO,Upper Peru (Charcas),1653,out,Lima,REMITIDO A LIMA,OCHO,False,11905.0,11905.0,False
ORURO,Upper Peru (Charcas),1653,out,Lima,REMITIDO A LIMA,ENSAYADOS,False,67304.0,111348.53,False
ORURO,Upper Peru (Charcas),1654,out,Lima,REMITIDO A LIMA,OCHO,False,1031.0,1031.0,False
ORURO,Upper Peru (Charcas),1654,out,Lima,REMITIDO A LIMA,ENSAYADOS,False,8199.0,13564.52,False
ORURO,Upper Peru (Charcas),1684,out,Lima,REMITIDO A LIMA,ENSAYADOS,False,63641.0,105288.42,False
ORURO,Upper Peru (Charcas),1686,out,Lima,REMITIDO A LIMA,ENSAYADOS,False,44756.0,74044.85,False
ORURO,Upper Peru (Charcas),1687,out,Lima,REMITIDO A LIMA,ENSAYADOS,False,50114.0,82909.19,False
ORURO,Upper Peru (Charcas),1688,out,Lima,REMITIDO A LIMA Y FLETES,ENSAYADOS,False,58233.0,96341.36,True
ORURO,Upper Peru (Charcas),1689,out,Lima,REMITIDO A LIMA Y FLETES,ENSAYADOS,False,61844.0,102315.44,True
ORURO,Upper Peru (Charcas),1690,out,Lima,REMITIDO A LIMA Y FLETES,ENSAYADOS,False,53520.0,88544.12,True
ORURO,Upper Peru (Charcas),1691,out,Lima,REMITIDO A LIMA,ENSAYADOS,False,62787.0,103875.55,False
ORURO,Upper Peru (Charcas),1692,out,Lima,REMITIDO A LIMA,ENSAYADOS,False,64113.0,106069.3,False
ORURO,Upper Peru (Charcas),1693,out,Lima,REMITIDO A LIMA Y FLETES,ENSAYADOS,False,99089.0,163934.01,True
ORURO,Upper Peru (Charcas),1694,out,Lima,REMITIDO A LIMA,ENSAYADOS,False,119993.0,198517.83,False
ORURO,Upper Peru (Charcas),1695,out,Huancavelica,REMITIDO A HUANCAVELICA,ENSAYADOS,False,37269.0,61658.27,False
ORURO,Upper Peru (Charcas),1695,out,Lima,REMITIDO A LIMA,ENSAYADOS,False,90134.0,149118.75,False
ORURO,Upper Peru (Charcas),1700,out,Lima,REMITIDO A LIMA Y FLETES,ENSAYADOS,False,103844.0,171800.74,True
ORURO,Upper Peru (Charcas),1702,out,Lima,REMITIDO A LIMA Y FLETES,ENSAYADOS,False,68852.0,113909.56,True
ORURO,Upper Peru (Charcas),1706,out,Spain,REMITIDO A CASTILLA DE ACAPULCO,ENSAYADOS,False,403.0,666.73,False
ORURO,Upper Peru (Charcas),1706,out,Lima,REMITIDO A LIMA Y FLETES,ENSAYADOS,False,80720.0,133544.12,True
ORURO,Upper Peru (Charcas),1706,out,Valdivia,SITUADO DE VALDIVIA,ENSAYADOS,False,45527.0,75320.4,False
ORURO,Upper Peru (Charcas),1707,out,Lima,REMITIDO A LIMA Y FLETES,ENSAYADOS,False,62492.0,103387.5,True
ORURO,Upper Peru (Charcas),1708,out,Lima,REMITIDO A LIMA Y FLETES,ENSAYADOS,False,136651.0,226077.02,True
ORURO,Upper Peru (Charcas),1709,out,Lima,REMITIDO A LIMA Y FLETES,ENSAYADOS,False,103815.0,171752.76,True
ORURO,Upper Peru (Charcas),1710,out,Lima,REMITIDO A LIMA Y FLETES,ENSAYADOS,False,96246.0,159230.51,True
ORURO,Upper Peru (Charcas),1721,out,Lima,REMITIDO A LIMA,OCHO,False,162666.0,162666.0,False
ORURO,Upper Peru (Charcas),1722,out,Lima,REMITIDO A LIMA,OCHO,False,225709.0,225709.0,False
ORURO,Upper Peru (Charcas),1723,out,Lima,REMITIDO A LIMA,OCHO,False,142415.0,142415.0,False
ORURO,Upper Peru (Charcas),1724,out,Huancavelica,REMITIDO A HUANCAVELICA,OCHO,False,84982.0,84982.0,False
ORURO,Upper Peru (Charcas),1724,out,Lima,REMITIDO A LIMA,OCHO,False,87230.0,87230.0,False
ORURO,Upper Peru (Charcas),1725,out,Lima,REMITIDO A LIMA,OCHO,False,192308.0,192308.0,False
ORURO,Upper Peru (Charcas),1726,out,Lima,REMITIDO A LIMA,ENSAYADOS,False,70354.0,116394.49,False
ORURO,Upper Peru (Charcas),1727,out,Lima,REMITIDO A LIMA,OCHO,False,202625.0,202625.0,False
ORURO,Upper Peru (Charcas),1728,out,Lima,REMITIDO A LIMA,OCHO,False,185802.0,185802.0,False
ORURO,Upper Peru (Charcas),1729,out,Lima,REMITIDO A LIMA,OCHO,False,15627.0,15627.0,False
ORURO,Upper Peru (Charcas),1729,out,Lima,REMITIDO A LIMA,ENSAYADOS,False,116353.0,192495.77,False
ORURO,Upper Peru (Charcas),1730,out,Lima,REMITIDO A LIMA,OCHO,False,12681.0,12681.0,False
ORURO,Upper Peru (Charcas),1730,out,Lima,REMITIDO A LIMA,ENSAYADOS,False,103094.0,170559.93,False
ORURO,Upper Peru (Charcas),1731,out,Lima,REMITIDO A LIMA Y FLETES,OCHO,False,14217.0,14217.0,True
ORURO,Upper Peru (Charcas),1731,out,Lima,REMITIDO A LIMA Y FLETES,ENSAYADOS,False,88052.0,145674.26,True
ORURO,Upper Peru (Charcas),1732,out,Lima,REMITIDO A LIMA Y FLETES,OCHO,False,12669.0,12669.0,True
ORURO,Upper Peru (Charcas),1732,out,Lima,REMITIDO A LIMA Y FLETES,ENSAYADOS,False,57710.0,95476.1,True
ORURO,Upper Peru (Charcas),1733,out,Lima,REMITIDO A LIMA Y FLETES,OCHO,False,12260.0,12260.0,True
ORURO,Upper Peru (Charcas),1733,out,Lima,REMITIDO A LIMA Y FLETES,ENSAYADOS,False,62044.0,102646.32,True
ORURO,Upper Peru (Charcas),1734,out,Lima,REMITIDO A LIMA Y FLETES,OCHO,False,10599.0,10599.0,True
ORURO,Upper Peru (Charcas),1734,out,Lima,REMITIDO A LIMA Y FLETES,ENSAYADOS,False,93084.0,153999.26,True
ORURO,Upper Peru (Charcas),1735,out,Lima,REMITIDO A LIMA Y FLETES,OCHO,False,12777.0,12777.0,True
ORURO,Upper Peru (Charcas),1735,out,Lima,REMITIDO A LIMA Y FLETES,ENSAYADOS,False,63148.0,104472.79,True
ORURO,Upper Peru (Charcas),1736,out,Lima,REMITIDO A LIMA Y FLETES,OCHO,False,7451.0,7451.0,True
ORURO,Upper Peru (Charcas),1736,out,Lima,REMITIDO A LIMA Y FLETES,ENSAYADOS,False,32105.0,53114.89,True
ORURO,Upper Peru (Charcas),1737,out,Huancavelica,REMITIDO A HUANCAVELICA,ENSAYADOS,False,48310.0,79924.63,False
ORURO,Upper Peru (Charcas),1737,out,Lima,REMITIDO A LIMA Y FLETES,OCHO,False,11629.0,11629.0,True
ORURO,Upper Peru (Charcas),1737,out,Lima,REMITIDO A LIMA Y FLETES,ENSAYADOS,False,48443.0,80144.67,True
ORURO,Upper Peru (Charcas),1738,out,Huancavelica,REMITIDO A HUANCAVELICA,ENSAYADOS,False,56665.0,93747.24,False
ORURO,Upper Peru (Charcas),1738,out,Lima,REMITIDO A LIMA Y FLETES,OCHO,False,40422.0,40422.0,True
ORURO,Upper Peru (Charcas),1738,out,Lima,REMITIDO A LIMA Y FLETES,ENSAYADOS,False,25661.0,42453.86,True
ORURO,Upper Peru (Charcas),1743,out,Lima,REMITIDO A LIMA,OCHO,False,35937.0,35937.0,False
ORURO,Upper Peru (Charcas),1745,out,Lima,REMITIDO A LIMA,OCHO,False,107389.0,107389.0,False
ORURO,Upper Peru (Charcas),1746,out,Lima,REMITIDO A LIMA,OCHO,False,116442.0,116442.0,False
ORURO,Upper Peru (Charcas),1747,out,Lima,REMITIDO A LIMA,OCHO,False,117707.0,117707.0,False
ORURO,Upper Peru (Charcas),1748,out,Lima,REMITIDO A LIMA,OCHO,False,136798.0,136798.0,False
ORURO,Upper Peru (Charcas),1749,out,Lima,REMITIDO A LIMA,OCHO,False,130158.0,130158.0,False
ORURO,Upper Peru (Charcas),1750,out,Lima,REMITIDO A LIMA,OCHO,False,142237.0,142237.0,False
ORURO,Upper Peru (Charcas),1751,out,Lima,REMITIDO A LIMA,OCHO,False,132257.0,132257.0,False
ORURO,Upper Peru (Charcas),1752,out,Lima,REMITIDO A LIMA,OCHO,False,91363.0,91363.0,False
ORURO,Upper Peru (Charcas),1753,out,Lima,REMITIDO A LIMA,OCHO,False,98371.0,98371.0,False
ORURO,Upper Peru (Charcas),1754,out,Lima,REMITIDO A LIMA,OCHO,False,93245.0,93245.0,False
ORURO,Upper Peru (Charcas),1755,out,Lima,REMITIDO A LIMA,OCHO,False,105241.0,105241.0,False
ORURO,Upper Peru (Charcas),1755,out,Potosi,REMITIDO A POTOSI,OCHO,False,100000.0,100000.0,False
ORURO,Upper Peru (Charcas),1756,out,Huancavelica,REMITIDO A HUANCAVELICA,OCHO,False,1000.0,1000.0,False
ORURO,Upper Peru (Charcas),1757,out,Lima,REMITIDO A LIMA,OCHO,False,116007.0,116007.0,False
ORURO,Upper Peru (Charcas),1758,out,Lima,REMITIDO A LIMA,OCHO,False,124681.0,124681.0,False
ORURO,Upper Peru (Charcas),1759,out,Lima,REMITIDO A LIMA,OCHO,False,136413.0,136413.0,False
ORURO,Upper Peru (Charcas),1761,out,Lima,REMITIDO A LIMA,OCHO,False,152208.0,152208.0,False
ORURO,Upper Peru (Charcas),1762,out,Lima,REMITIDO A LIMA,OCHO,False,142289.0,142289.0,False
ORURO,Upper Peru (Charcas),1763,out,Lima,REMITIDO A LIMA,OCHO,False,148060.0,148060.0,False
ORURO,Upper Peru (Charcas),1763,out,Potosi,REMITIDO A POTOSI,OCHO,False,154.0,154.0,False
ORURO,Upper Peru (Charcas),1764,out,Lima,REMITIDO A LIMA,OCHO,False,113584.0,113584.0,False
ORURO,Upper Peru (Charcas),1766,out,Potosi,REMITIDO A POTOSI PARA B AIRES,OCHO,False,52236.0,52236.0,False
ORURO,Upper Peru (Charcas),1767,out,Lima,REMITIDO A LIMA,OCHO,False,10371.0,10371.0,False
ORURO,Upper Peru (Charcas),1767,out,Potosi,REMITIDO A POTOSI PARA B AIRES,OCHO,False,74820.0,74820.0,False
ORURO,Upper Peru (Charcas),1768,out,unspecified,REMITIDO A OTRAS TESORERIAS,OCHO,False,149542.0,149542.0,False
ORURO,Upper Peru (Charcas),1769,out,Potosi,REMITIDO A POTOSI PARA B AIRES,OCHO,False,51009.0,51009.0,False
ORURO,Upper Peru (Charcas),1773,out,Buenos Aires,REMITIDO A BUENOS AIRES,OCHO,False,48015.0,48015.0,False
ORURO,Upper Peru (Charcas),1773,out,Huancavelica,REMITIDO A HUANCAVELICA,OCHO,False,229977.0,229977.0,False
ORURO,Upper Peru (Charcas),1773,out,Potosi,REMITIDO A POTOSI,OCHO,False,132410.0,132410.0,False
ORURO,Upper Peru (Charcas),1774,out,Potosi,REMITIDO A POTOSI PARA B AIRES,OCHO,False,110209.0,110209.0,False
ORURO,Upper Peru (Charcas),1775,out,Potosi,REMITIDO A POTOSI,OCHO,False,106361.0,106361.0,False
ORURO,Upper Peru (Charcas),1775,in,Potosi,REMITIDO DE CARANGAS PARA POTOSI,OCHO,False,160.0,160.0,False
ORURO,Upper Peru (Charcas),1776,out,Buenos Aires,REMITIDO A BUENOS AIRES,OCHO,False,100331.0,100331.0,False
ORURO,Upper Peru (Charcas),1776,in,Potosi,REMITIDO DE CARANGAS PARA POTOSI,OCHO,False,63089.0,63089.0,False
ORURO,Upper Peru (Charcas),1777,out,Potosi,REMITIDO A POTOSI,OCHO,False,236107.0,236107.0,False
ORURO,Upper Peru (Charcas),1777,in,Potosi,REMITIDO DE CARANGAS PARA POTOSI,OCHO,False,21422.0,21422.0,False
ORURO,Upper Peru (Charcas),1778,out,Potosi,REMITIDO A POTOSI,OCHO,False,177026.0,177026.0,False
ORURO,Upper Peru (Charcas),1779,out,Potosi,REMITIDO A POTOSI,OCHO,False,221426.0,221426.0,False
ORURO,Upper Peru (Charcas),1779,out,Potosi,REMITIDO A POTOSI DE COCHABAMBA,OCHO,False,22000.0,22000.0,False
ORURO,Upper Peru (Charcas),1780,out,Potosi,REMITIDO A POTOSI,OCHO,False,324483.0,324483.0,False
ORURO,Upper Peru (Charcas),1781,out,Potosi,REMITIDO A POTOSI,OCHO,False,78055.0,78055.0,False
ORURO,Upper Peru (Charcas),1781,in,Potosi,REMITIDO DE CARANGAS PARA POTOSI,OCHO,False,15172.0,15172.0,False
ORURO,Upper Peru (Charcas),1782,out,Potosi,REMITIDO A POTOSI,OCHO,False,35394.0,35394.0,False
ORURO,Upper Peru (Charcas),1783,out,Potosi,REMITIDO A POTOSI,OCHO,False,130462.0,130462.0,False
ORURO,Upper Peru (Charcas),1785,out,unspecified,REMITIDO A OTRAS TESORERIAS,OCHO,False,92065.0,92065.0,False
ORURO,Upper Peru (Charcas),1786,out,unspecified,REMITIDO A OTRAS TESORERIAS,OCHO,False,86443.0,86443.0,False
ORURO,Upper Peru (Charcas),1787,out,Potosi,REMITIDO A POTOSI,OCHO,False,19825.0,19825.0,False
ORURO,Upper Peru (Charcas),1788,out,Buenos Aires,REMITIDO A BUENOS AIRES,OCHO,False,220478.0,220478.0,False
ORURO,Upper Peru (Charcas),1789,out,Potosi,REMITIDO A POTOSI,OCHO,False,83199.0,83199.0,False
ORURO,Upper Peru (Charcas),1790,out,Potosi,REMITIDO A POTOSI,OCHO,False,42150.0,42150.0,False
ORURO,Upper Peru (Charcas),1793,out,unspecified,REMITIDO A OTRAS TESORERIAS,OCHO,False,148018.0,148018.0,False
ORURO,Upper Peru (Charcas),1794,out,Potosi,REMITIDO A POTOSI,OCHO,False,39368.0,39368.0,False
ORURO,Upper Peru (Charcas),1795,out,Potosi,REMITIDO A POTOSI,OCHO,False,82221.0,82221.0,False
ORURO,Upper Peru (Charcas),1796,out,Potosi,REMITIDO A POTOSI,OCHO,False,110753.0,110753.0,False
ORURO,Upper Peru (Charcas),1798,out,Potosi,REMITIDO A POTOSI,OCHO,False,99395.0,99395.0,False
ORURO,Upper Peru (Charcas),1799,out,Potosi,REMITIDO A POTOSI,OCHO,False,84465.0,84465.0,False
ORURO,Upper Peru (Charcas),1800,out,Potosi,REMITIDO A POTOSI,OCHO,False,30000.0,30000.0,False
ORURO,Upper Peru (Charcas),1803,out,unspecified,OTRAS TESORERIAS,OCHO,False,14266.0,14266.0,False
ORURO,Upper Peru (Charcas),1808,out,unspecified,OTRAS TESORERIAS,OCHO,False,87220.0,87220.0,False
ORURO,Upper Peru (Charcas),1809,out,unspecified,OTRAS TESORERIAS,OCHO,False,87769.0,87769.0,False
Potosí,Upper Peru (Charcas),1587,out,Lima,REMITIDO A LIMA,ENSAYADOS,False,762855.0,1262076.29,False
Potosí,Upper Peru (Charcas),1619,out,Lima,REMITIDO A LIMA,ENSAYADOS,False,986670.0,1632358.46,False
Potosí,Upper Peru (Charcas),1620,out,Lima,REMITIDO A LIMA,ENSAYADOS,False,885387.0,1464794.67,False
Potosí,Upper Peru (Charcas),1621,out,Lima,REMITIDO A LIMA,ENSAYADOS,False,1065687.0,1763085.11,False
Potosí,Upper Peru (Charcas),1622,out,Lima,REMITIDO A LIMA,ENSAYADOS,False,1004400.0,1661691.18,False
Potosí,Upper Peru (Charcas),1622,out,Cartagena,SITUADO DE CARTAGENA,ENSAYADOS,False,2777.0,4594.3,False
Potosí,Upper Peru (Charcas),1622,in,Cartagena,SITUADO DE CARTAGENA,ENSAYADOS,False,2778.0,4595.96,False
Potosí,Upper Peru (Charcas),1624,out,Lima,REMITIDO A LIMA,ENSAYADOS,False,885563.0,1465085.85,False
Potosí,Upper Peru (Charcas),1625,out,Lima,REMITIDO A LIMA,ENSAYADOS,False,988812.0,1635902.21,False
Potosí,Upper Peru (Charcas),1626,out,Lima,REMITIDO A LIMA,ENSAYADOS,False,723121.0,1196339.89,False
Potosí,Upper Peru (Charcas),1627,out,Lima,REMITIDO A LIMA,ENSAYADOS,False,861935.0,1425995.4,False
Potosí,Upper Peru (Charcas),1628,out,Lima,REMITIDO A LIMA,ENSAYADOS,False,1043561.0,1726479.6,False
Potosí,Upper Peru (Charcas),1629,out,Lima,REMITIDO A LIMA,ENSAYADOS,False,735205.0,1216331.8,False
Potosí,Upper Peru (Charcas),1630,out,Lima,REMITIDO A LIMA,ENSAYADOS,False,996156.0,1648052.21,False
Potosí,Upper Peru (Charcas),1660,out,Lima,REMITIDO A LIMA,ENSAYADOS,False,633726.0,1048443.75,False
Potosí,Upper Peru (Charcas),1661,out,Lima,REMITIDO A LIMA,ENSAYADOS,False,609947.0,1009103.49,False
Potosí,Upper Peru (Charcas),1662,out,Lima,REMITIDO A LIMA,ENSAYADOS,False,601738.0,995522.43,False
Potosí,Upper Peru (Charcas),1663,out,Lima,REMITIDO A LIMA,ENSAYADOS,False,549294.0,908758.46,False
Potosí,Upper Peru (Charcas),1664,out,Lima,REMITIDO A LIMA,ENSAYADOS,False,613155.0,1014410.85,False
Potosí,Upper Peru (Charcas),1665,out,Lima,REMITIDO A LIMA,ENSAYADOS,False,496313.0,821106.07,False
Potosí,Upper Peru (Charcas),1666,out,Lima,REMITIDO A LIMA,ENSAYADOS,False,621431.0,1028102.76,False
Potosí,Upper Peru (Charcas),1667,out,Lima,REMITIDO A LIMA,ENSAYADOS,False,668931.0,1106687.32,False
Potosí,Upper Peru (Charcas),1668,out,Lima,REMITIDO A LIMA,ENSAYADOS,False,598600.0,990330.88,False
Potosí,Upper Peru (Charcas),1669,out,Lima,REMITIDO A LIMA,ENSAYADOS,False,526894.0,871699.63,False
Potosí,Upper Peru (Charcas),1670,out,Lima,REMITIDO A LIMA,ENSAYADOS,False,452810.0,749134.19,False
Potosí,Upper Peru (Charcas),1671,out,Lima,REMITIDO A LIMA,ENSAYADOS,False,614076.0,1015934.56,False
Potosí,Upper Peru (Charcas),1672,out,Lima,REMITIDO A LIMA,ENSAYADOS,False,495033.0,818988.42,False
Potosí,Upper Peru (Charcas),1673,out,Lima,REMITIDO A LIMA,ENSAYADOS,False,650661.0,1076461.21,False
Potosí,Upper Peru (Charcas),1674,out,Lima,REMITIDO A LIMA,ENSAYADOS,False,559963.0,926409.37,False
Potosí,Upper Peru (Charcas),1675,out,Lima,REMITIDO A LIMA,ENSAYADOS,False,248674.0,411409.19,False
Potosí,Upper Peru (Charcas),1676,out,Lima,REMITIDO A LIMA,ENSAYADOS,False,364531.0,603084.38,False
Potosí,Upper Peru (Charcas),1677,out,Lima,REMITIDO A LIMA,ENSAYADOS,False,433029.0,716408.27,False
Potosí,Upper Peru (Charcas),1678,out,Lima,REMITIDO A LIMA,ENSAYADOS,False,482904.0,798922.06,False
Potosí,Upper Peru (Charcas),1679,out,Lima,REMITIDO A LIMA,ENSAYADOS,False,476885.0,788964.15,False
Potosí,Upper Peru (Charcas),1680,out,Lima,REMITIDO A LIMA,ENSAYADOS,False,481491.0,796584.38,False
Potosí,Upper Peru (Charcas),1681,out,Lima,REMITIDO A LIMA,ENSAYADOS,False,545360.0,902250.0,False
Potosí,Upper Peru (Charcas),1682,out,Lima,REMITIDO A LIMA,ENSAYADOS,False,438380.0,725261.03,False
Potosí,Upper Peru (Charcas),1683,out,Lima,REMITIDO A LIMA,ENSAYADOS,False,592163.0,979681.43,False
Potosí,Upper Peru (Charcas),1684,out,Lima,REMITIDO A LIMA,ENSAYADOS,False,543568.0,899285.29,False
Potosí,Upper Peru (Charcas),1685,out,Lima,REMITIDO A LIMA,ENSAYADOS,False,544898.0,901485.66,False
Potosí,Upper Peru (Charcas),1686,out,Lima,REMITIDO A LIMA,ENSAYADOS,False,451389.0,746783.27,False
Potosí,Upper Peru (Charcas),1687,out,Lima,REMITIDO A LIMA,ENSAYADOS,False,532961.0,881736.95,False
Potosí,Upper Peru (Charcas),1688,out,Lima,REMITIDO A LIMA,ENSAYADOS,False,423053.0,699903.86,False
Potosí,Upper Peru (Charcas),1689,out,Lima,REMITIDO A LIMA,ENSAYADOS,False,244210.0,404023.9,False
Potosí,Upper Peru (Charcas),1689,out,Chile,SITUADO DE CHILE,ENSAYADOS,False,10101.0,16711.21,False
Potosí,Upper Peru (Charcas),1689,in,Chile,SITUADO DE CHILE,ENSAYADOS,False,148342.0,245418.75,False
Potosí,Upper Peru (Charcas),1690,out,Lima,REMITIDO A LIMA,ENSAYADOS,False,502868.0,831950.74,False
Potosí,Upper Peru (Charcas),1691,out,Lima,REMITIDO A LIMA,ENSAYADOS,False,448296.0,741666.18,False
Potosí,Upper Peru (Charcas),1691,out,Chile,SITUADO DE CHILE,ENSAYADOS,False,7904.0,13076.47,False
Potosí,Upper Peru (Charcas),1691,out,Concepcion,SITUADO DE LA CONCEPCION,ENSAYADOS,False,5779.0,9560.85,False
Potosí,Upper Peru (Charcas),1691,in,Chile,SITUADO DE CHILE,ENSAYADOS,False,15603.0,25813.79,False
Potosí,Upper Peru (Charcas),1692,out,Lima,REMITIDO A LIMA,ENSAYADOS,False,67416.0,111533.82,False
Potosí,Upper Peru (Charcas),1692,in,Chile,SITUADO DE CHILE,ENSAYADOS,False,6930.0,11465.07,False
Potosí,Upper Peru (Charcas),1693,out,Lima,REMITIDO A LIMA,ENSAYADOS,False,321454.0,531817.28,False
Potosí,Upper Peru (Charcas),1694,out,Lima,REMITIDO A LIMA,ENSAYADOS,False,382355.0,632572.61,False
Potosí,Upper Peru (Charcas),1695,out,Lima,REMITIDO A LIMA,ENSAYADOS,False,504531.0,834702.02,False
Potosí,Upper Peru (Charcas),1696,out,Lima,REMITIDO A LIMA,ENSAYADOS,False,1379.0,2281.43,False
Potosí,Upper Peru (Charcas),1696,out,Lima,REMITIDO A LIMA,ENSAYADOS,False,300557.0,497245.04,False
Potosí,Upper Peru (Charcas),1697,out,Lima,REMITIDO A LIMA,ENSAYADOS,False,341389.0,564797.98,False
Potosí,Upper Peru (Charcas),1698,out,Lima,REMITIDO A LIMA,ENSAYADOS,False,348896.0,577217.65,False
Potosí,Upper Peru (Charcas),1705,out,Lima,REMITIDO A LIMA,ENSAYADOS,False,238962.0,395341.54,False
Potosí,Upper Peru (Charcas),1706,out,Lima,REMITIDO A LIMA,ENSAYADOS,False,327034.0,541048.9,False
Potosí,Upper Peru (Charcas),1711,out,Lima,REMITIDO A LIMA,ENSAYADOS,False,73036.0,120831.62,False
Potosí,Upper Peru (Charcas),1718,out,Huancavelica,REMITIDO A HUANCAVELICA,ENSAYADOS,False,28226.0,46697.43,False
Potosí,Upper Peru (Charcas),1752,out,unspecified,REMITIDO A OTRAS TESORERIAS,OCHO,False,45618.0,45618.0,False
Potosí,Upper Peru (Charcas),1756,in,Potosi,REMITIDO DE POTOSI,OCHO,False,100000.0,100000.0,False
Potosí,Upper Peru (Charcas),1763,in,Quito,REMITIDO DE CHUQUITO,OCHO,False,66269.0,66269.0,False
Potosí,Upper Peru (Charcas),1765,in,Quito,REMITIDO DE CHUQUITO,OCHO,False,30000.0,30000.0,False
Potosí,Upper Peru (Charcas),1766,in,unspecified,VENIDO DE FUERA,OCHO,False,294360.0,294360.0,False
Potosí,Upper Peru (Charcas),1769,in,unspecified,VENIDO DE FUERA,OCHO,False,350915.0,350915.0,False
Potosí,Upper Peru (Charcas),1770,in,Quito,REMITIDO DE CHUQUITO,OCHO,False,62746.0,62746.0,False
Potosí,Upper Peru (Charcas),1770,in,unspecified,VENIDO DE FUERA,OCHO,False,1571.0,1571.0,False
Potosí,Upper Peru (Charcas),1771,in,unspecified,VENIDO DE FUERA,OCHO,False,443141.0,443141.0,False
Potosí,Upper Peru (Charcas),1772,out,Buenos Aires,SITUADO DE BUENOS AIRES,OCHO,False,871750.0,871750.0,False
Potosí,Upper Peru (Charcas),1772,in,unspecified,VENIDO DE FUERA,OCHO,False,311029.0,311029.0,False
Potosí,Upper Peru (Charcas),1773,out,Lima,REMITIDO A LIMA,OCHO,False,1040.0,1040.0,False
Potosí,Upper Peru (Charcas),1773,out,Buenos Aires,SITUADO DE BUENOS AIRES,OCHO,False,538125.0,538125.0,False
Potosí,Upper Peru (Charcas),1773,in,unspecified,VENIDO DE FUERA,OCHO,False,270322.0,270322.0,False
Potosí,Upper Peru (Charcas),1774,out,Lima,REMITIDO A LIMA,OCHO,False,694.0,694.0,False
Potosí,Upper Peru (Charcas),1774,out,Buenos Aires,SITUADO DE BUENOS AIRES,OCHO,False,558625.0,558625.0,False
Potosí,Upper Peru (Charcas),1774,in,unspecified,VENIDO DE FUERA,OCHO,False,249169.0,249169.0,False
Potosí,Upper Peru (Charcas),1775,out,Buenos Aires,SITUADO DE BUENOS AIRES,OCHO,False,948125.0,948125.0,False
Potosí,Upper Peru (Charcas),1775,in,unspecified,VENIDO DE FUERA,OCHO,False,684327.0,684327.0,False
Potosí,Upper Peru (Charcas),1776,out,Buenos Aires,SITUADO DE BUENOS AIRES,OCHO,False,1924576.0,1924576.0,False
Potosí,Upper Peru (Charcas),1776,in,unspecified,VENIDO DE FUERA,OCHO,False,567156.0,567156.0,False
Potosí,Upper Peru (Charcas),1777,out,Buenos Aires,SITUADO DE BUENOS AIRES,OCHO,False,1186558.0,1186558.0,False
Potosí,Upper Peru (Charcas),1777,in,unspecified,VENIDO DE FUERA,OCHO,False,714340.0,714340.0,False
Potosí,Upper Peru (Charcas),1778,out,Buenos Aires,SITUADO DE BUENOS AIRES,OCHO,False,1133959.0,1133959.0,False
Potosí,Upper Peru (Charcas),1778,in,unspecified,VENIDO DE FUERA,OCHO,False,771693.0,771693.0,False
Potosí,Upper Peru (Charcas),1779,out,Buenos Aires,SITUADO DE BUENOS AIRES,OCHO,False,1051850.0,1051850.0,False
Potosí,Upper Peru (Charcas),1779,in,unspecified,VENIDO DE FUERA,OCHO,False,745490.0,745490.0,False
Potosí,Upper Peru (Charcas),1780,out,Buenos Aires,SITUADO DE BUENOS AIRES,OCHO,False,663972.0,663972.0,False
Potosí,Upper Peru (Charcas),1780,in,unspecified,VENIDO DE FUERA,OCHO,False,663972.0,663972.0,False
Potosí,Upper Peru (Charcas),1781,in,unspecified,VENIDO DE FUERA,OCHO,False,266724.0,266724.0,False
Potosí,Upper Peru (Charcas),1783,in,unspecified,VENIDO DE FUERA,OCHO,False,166410.0,166410.0,False
Potosí,Upper Peru (Charcas),1784,in,unspecified,VENIDO DE FUERA,OCHO,False,361.0,361.0,False
Potosí,Upper Peru (Charcas),1785,in,unspecified,VENIDO DE FUERA,OCHO,False,363377.0,363377.0,False
Potosí,Upper Peru (Charcas),1786,out,Buenos Aires,SITUADO DE BUENOS AIRES,OCHO,False,717886.0,717886.0,False
Potosí,Upper Peru (Charcas),1786,in,unspecified,VENIDO DE FUERA,OCHO,False,52412.0,52412.0,False
Potosí,Upper Peru (Charcas),1787,out,Buenos Aires,SITUADO DE BUENOS AIRES,OCHO,False,918793.0,918793.0,False
Potosí,Upper Peru (Charcas),1787,in,unspecified,VENIDO DE FUERA,OCHO,False,500356.0,500356.0,False
Potosí,Upper Peru (Charcas),1788,out,Buenos Aires,SITUADO DE BUENOS AIRES,OCHO,False,920246.0,920246.0,False
Potosí,Upper Peru (Charcas),1788,in,unspecified,VENIDO DE FUERA,OCHO,False,993848.0,993848.0,False
Potosí,Upper Peru (Charcas),1789,in,unspecified,VENIDO DE FUERA,OCHO,False,1073659.0,1073659.0,False
Potosí,Upper Peru (Charcas),1790,in,unspecified,VENIDO DE FUERA,OCHO,False,558904.0,558904.0,False
Potosí,Upper Peru (Charcas),1791,in,unspecified,VENIDO DE FUERA,OCHO,False,1120120.0,1120120.0,False
Potosí,Upper Peru (Charcas),1792,in,unspecified,VENIDO DE FUERA,OCHO,False,589573.0,589573.0,False
Potosí,Upper Peru (Charcas),1793,in,unspecified,VENIDO DE FUERA,OCHO,False,1243494.0,1243494.0,False
Potosí,Upper Peru (Charcas),1794,in,unspecified,VENIDO DE FUERA,OCHO,False,1055603.0,1055603.0,False
Potosí,Upper Peru (Charcas),1795,in,unspecified,VENIDO DE FUERA,OCHO,False,1195457.0,1195457.0,False
Potosí,Upper Peru (Charcas),1796,in,unspecified,VENIDO DE FUERA,OCHO,False,1250304.0,1250304.0,False
Potosí,Upper Peru (Charcas),1797,in,unspecified,VENIDO DE FUERA,OCHO,False,756283.0,756283.0,False
Potosí,Upper Peru (Charcas),1798,in,unspecified,VENIDO DE FUERA,OCHO,False,1579311.0,1579311.0,False
Potosí,Upper Peru (Charcas),1799,in,unspecified,VENIDO DE FUERA,OCHO,False,691859.0,691859.0,False
Potosí,Upper Peru (Charcas),1800,in,unspecified,VENIDO DE FUERA,OCHO,False,1087728.0,1087728.0,False
Potosí,Upper Peru (Charcas),1801,in,unspecified,VENIDO DE FUERA,OCHO,False,975528.0,975528.0,False
Potosí,Upper Peru (Charcas),1802,in,unspecified,VENIDO DE FUERA,OCHO,False,1382708.0,1382708.0,False
Potosí,Upper Peru (Charcas),1803,out,unspecified,OTRAS TESORERIAS,OCHO,False,771441.0,771441.0,False
Potosí,Upper Peru (Charcas),1803,in,unspecified,OTRAS TESORERIAS,OCHO,False,365536.0,365536.0,False
Potosí,Upper Peru (Charcas),1804,out,unspecified,OTRAS TESORERIAS,OCHO,False,902334.0,902334.0,False
Potosí,Upper Peru (Charcas),1804,in,unspecified,OTRAS TESORERIAS,OCHO,False,825177.0,825177.0,False
Potosí,Upper Peru (Charcas),1805,out,unspecified,OTRAS TESORERIAS,OCHO,False,449536.0,449536.0,False
Potosí,Upper Peru (Charcas),1805,in,unspecified,OTRAS TESORERIAS,OCHO,False,259587.0,259587.0,False
Potosí,Upper Peru (Charcas),1806,out,unspecified,OTRAS TESORERIAS,OCHO,False,1507205.0,1507205.0,False
Potosí,Upper Peru (Charcas),1806,in,unspecified,OTRAS TESORERIAS,OCHO,False,1215322.0,1215322.0,False
Potosí,Upper Peru (Charcas),1807,out,unspecified,OTRAS TESORERIAS,OCHO,False,1618894.0,1618894.0,False
Potosí,Upper Peru (Charcas),1807,in,unspecified,OTRAS TESORERIAS,OCHO,False,1389278.0,1389278.0,False
Potosí,Upper Peru (Charcas),1808,out,unspecified,OTRAS TESORERIAS,OCHO,False,1667587.0,1667587.0,False
Potosí,Upper Peru (Charcas),1808,in,unspecified,OTRAS TESORERIAS,OCHO,False,912538.0,912538.0,False
Potosí,Upper Peru (Charcas),1809,out,unspecified,OTRAS TESORERIAS,OCHO,False,705266.0,705266.0,False
Potosí,Upper Peru (Charcas),1809,in,unspecified,OTRAS TESORERIAS,OCHO,False,584717.0,584717.0,False
Potosí,Upper Peru (Charcas),1810,out,unspecified,OTRAS TESORERIAS,OCHO,False,307575.0,307575.0,False
Potosí,Upper Peru (Charcas),1810,in,unspecified,OTRAS TESORERIAS,OCHO,False,416736.0,416736.0,False
Potosí,Upper Peru (Charcas),1812,out,unspecified,OTRAS TESORERIAS,OCHO,False,6150.0,6150.0,False
Potosí,Upper Peru (Charcas),1812,in,unspecified,OTRAS TESORERIAS,OCHO,False,85148.0,85148.0,False
Potosí,Upper Peru (Charcas),1814,in,unspecified,OTRAS TESORERIAS,OCHO,False,57835.0,57835.0,False
Potosí,Upper Peru (Charcas),1820,out,unspecified,OTRAS TESORERIAS,OCHO,False,1507.0,1507.0,False
Potosí,Upper Peru (Charcas),1820,in,unspecified,OTRAS TESORERIAS,OCHO,False,70681.0,70681.0,False
Potosí,Upper Peru (Charcas),1822,out,unspecified,OTRAS TESORERIAS,OCHO,False,28408.0,28408.0,False
Potosí,Upper Peru (Charcas),1822,in,unspecified,OTRAS TESORERIAS,OCHO,False,89554.0,89554.0,False
Potosí,Upper Peru (Charcas),1823,out,unspecified,OTRAS TESORERIAS,OCHO,False,70563.0,70563.0,False
Potosí,Upper Peru (Charcas),1823,in,unspecified,OTRAS TESORERIAS,OCHO,False,139622.0,139622.0,False
CHILOÉ,Chile,1782,out,Chiloe,SITUADO DE CHILOE,OCHO,False,44726.0,44726.0,False
CHILOÉ,Chile,1782,in,Chiloe,SITUADO DE CHILOE,OCHO,False,45714.0,45714.0,False
CHILOÉ,Chile,1783,in,Chiloe,SITUADO DE CHILOE,OCHO,False,41044.0,41044.0,False
CHILOÉ,Chile,1784,out,Chiloe,SITUADO DE CHILOE,OCHO,False,77419.0,77419.0,False
CHILOÉ,Chile,1784,in,Chiloe,SITUADO DE CHILOE,OCHO,False,75085.0,75085.0,False
CHILOÉ,Chile,1785,in,Chiloe,SITUADO DE CHILOE,OCHO,False,48936.0,48936.0,False
CHILOÉ,Chile,1785,out,Chiloe,SITUADO DE CHILOE,OCHO,False,32936.0,32936.0,False
CHILOÉ,Chile,1786,out,Chiloe,SITUADO DE CHILOE,OCHO,False,16197.0,16197.0,False
CHILOÉ,Chile,1787,out,Chiloe,SITUADO DE CHILOE,OCHO,False,7343.0,7343.0,False
CHILOÉ,Chile,1787,in,Chiloe,SITUADO DE CHILOE,OCHO,False,8847.0,8847.0,False
CHILOÉ,Chile,1788,out,Chiloe,SITUADO DE CHILOE,OCHO,False,38121.0,38121.0,False
CHILOÉ,Chile,1788,in,Chiloe,SITUADO DE CHILOE,OCHO,False,24203.0,24203.0,False
CHILOÉ,Chile,1789,out,unspecified,OTRAS TESORERIAS,OCHO,False,10050.0,10050.0,False
CHILOÉ,Chile,1789,in,Chiloe,SITUADO DE CHILOE,OCHO,False,42035.0,42035.0,False
CHILOÉ,Chile,1790,in,Chiloe,SITUADO DE CHILOE,OCHO,False,58056.0,58056.0,False
CHILOÉ,Chile,1791,in,Chiloe,SITUADO DE CHILOE,OCHO,False,54140.0,54140.0,False
CHILOÉ,Chile,1792,in,Chiloe,SITUADO DE CHILOE,OCHO,False,53291.0,53291.0,False
CHILOÉ,Chile,1795,out,unspecified,OTRAS TESORERIAS,OCHO,False,4246.0,4246.0,False
CHILOÉ,Chile,1796,out,unspecified,OTRAS TESORERIAS,OCHO,False,1150.0,1150.0,False
CHILOÉ,Chile,1796,in,unspecified,OTRAS TESORERIAS,OCHO,False,21182.0,21182.0,False
CHILOÉ,Chile,1797,out,unspecified,OTRAS TESORERIAS,OCHO,False,1332.0,1332.0,False
CHILOÉ,Chile,1797,in,unspecified,OTRAS TESORERIAS,OCHO,False,14285.0,14285.0,False
CHILOÉ,Chile,1798,out,unspecified,OTRAS TESORERIAS,OCHO,False,1759.0,1759.0,False
CHILOÉ,Chile,1799,out,unspecified,OTRAS TESORERIAS,OCHO,False,7213.0,7213.0,False
CHILOÉ,Chile,1800,out,unspecified,OTRAS TESORERIAS,OCHO,False,6574.0,6574.0,False
CHILOÉ,Chile,1802,out,unspecified,OTRAS TESORERIAS,OCHO,False,7972.0,7972.0,False
CHILOÉ,Chile,1802,in,unspecified,OTRAS TESORERIAS,OCHO,False,19145.0,19145.0,False
CHILOÉ,Chile,1803,out,unspecified,OTRAS TESORERIAS,OCHO,False,1264.0,1264.0,False
CHILOÉ,Chile,1803,in,unspecified,OTRAS TESORERIAS,OCHO,False,589.0,589.0,False
CHILOÉ,Chile,1804,out,unspecified,OTRAS TESORERIAS,OCHO,False,60.0,60.0,False
CHILOÉ,Chile,1804,in,unspecified,OTRAS TESORERIAS,OCHO,False,3211.0,3211.0,False
CHILOÉ,Chile,1806,out,unspecified,OTRAS TESORERIAS,OCHO,False,1879.0,1879.0,False
CHILOÉ,Chile,1806,in,unspecified,OTRAS TESORERIAS,OCHO,False,22881.0,22881.0,False
CHILOÉ,Chile,1810,out,unspecified,OTRAS TESORERIAS,OCHO,False,1410.0,1410.0,False
CHILOÉ,Chile,1810,in,unspecified,OTRAS TESORERIAS,OCHO,False,1410.0,1410.0,False
CHILOÉ,Chile,1817,out,unspecified,OTRAS TESORERIAS,OCHO,False,22418.0,22418.0,False
CHILOÉ,Chile,1817,in,unspecified,OTRAS TESORERIAS,OCHO,False,30102.0,30102.0,False
Concepción,Chile,1708,in,Concepcion,SITUADO DE LA CONCEPCION,OCHO,False,210.0,210.0,False
Concepción,Chile,1710,in,Concepcion,SITUADO DE LA CONCEPCION,OCHO,False,10067.0,10067.0,False
Concepción,Chile,1711,in,Concepcion,SITUADO DE LA CONCEPCION,OCHO,False,1603.0,1603.0,False
Concepción,Chile,1712,in,Concepcion,SITUADO DE LA CONCEPCION,OCHO,False,17774.0,17774.0,False
Concepción,Chile,1735,out,Concepcion,SITUADO DE LA CONCEPCION,OCHO,False,116912.0,116912.0,False
Concepción,Chile,1735,in,Concepcion,SITUADO DE LA CONCEPCION,OCHO,False,100000.0,100000.0,False
Concepción,Chile,1761,in,Concepcion,SITUADO DE LA CONCEPCION,OCHO,False,142193.0,142193.0,False
Concepción,Chile,1761,out,Concepcion,SITUADO DE LA CONCEPCION,OCHO,False,142193.0,142193.0,False
Concepción,Chile,1763,in,Concepcion,SITUADO DE LA CONCEPCION,OCHO,False,64544.0,64544.0,False
Concepción,Chile,1763,out,Concepcion,SITUADO DE LA CONCEPCION,OCHO,False,74239.0,74239.0,False
Concepción,Chile,1765,in,Concepcion,SITUADO DE LA CONCEPCION,OCHO,False,83621.0,83621.0,False
Concepción,Chile,1765,out,Concepcion,SITUADO DE LA CONCEPCION,OCHO,False,83621.0,83621.0,False
Concepción,Chile,1766,in,Concepcion,SITUADO DE LA CONCEPCION,OCHO,False,66818.0,66818.0,False
Concepción,Chile,1767,in,Concepcion,SITUADO DE LA CONCEPCION,OCHO,False,91019.0,91019.0,False
Concepción,Chile,1768,in,Concepcion,SITUADO DE LA CONCEPCION,OCHO,False,66818.0,66818.0,False
Concepción,Chile,1769,in,Concepcion,SITUADO DE LA CONCEPCION,OCHO,False,66818.0,66818.0,False
Concepción,Chile,1770,in,Concepcion,SITUADO DE LA CONCEPCION,OCHO,False,66818.0,66818.0,False
Concepción,Chile,1771,in,Concepcion,SITUADO DE LA CONCEPCION,OCHO,False,166924.0,166924.0,False
Concepción,Chile,1772,in,Concepcion,SITUADO DE LA CONCEPCION,OCHO,False,151059.0,151059.0,False
Concepción,Chile,1773,in,Concepcion,SITUADO DE LA CONCEPCION,OCHO,False,156494.0,156494.0,False
Concepción,Chile,1774,in,Concepcion,SITUADO DE LA CONCEPCION,OCHO,False,148296.0,148296.0,False
Concepción,Chile,1775,in,Concepcion,SITUADO DE LA CONCEPCION,OCHO,False,135673.0,135673.0,False
Concepción,Chile,1776,in,Concepcion,SITUADO DE LA CONCEPCION,OCHO,False,128140.0,128140.0,False
Concepción,Chile,1777,in,Concepcion,SITUADO DE LA CONCEPCION,OCHO,False,142883.0,142883.0,False
Concepción,Chile,1778,in,Concepcion,SITUADO DE LA CONCEPCION,OCHO,False,120615.0,120615.0,False
Concepción,Chile,1779,in,Concepcion,SITUADO DE LA CONCEPCION,OCHO,False,119147.0,119147.0,False
Concepción,Chile,1780,in,Concepcion,SITUADO DE LA CONCEPCION,OCHO,False,196844.0,196844.0,False
Concepción,Chile,1781,in,Concepcion,SITUADO DE LA CONCEPCION,OCHO,False,129123.0,129123.0,False
Concepción,Chile,1782,in,Concepcion,SITUADO DE LA CONCEPCION,OCHO,False,141316.0,141316.0,False
Concepción,Chile,1783,in,Concepcion,SITUADO DE LA CONCEPCION,OCHO,False,173419.0,173419.0,False
Concepción,Chile,1784,in,Concepcion,SITUADO DE LA CONCEPCION,OCHO,False,111931.0,111931.0,False
Concepción,Chile,1785,in,Concepcion,SITUADO DE LA CONCEPCION,OCHO,False,180054.0,180054.0,False
Concepción,Chile,1786,in,Concepcion,SITUADO DE LA CONCEPCION,OCHO,False,197662.0,197662.0,False
Concepción,Chile,1787,in,Concepcion,SITUADO DE LA CONCEPCION,OCHO,False,163322.0,163322.0,False
Concepción,Chile,1788,in,Concepcion,SITUADO DE LA CONCEPCION,OCHO,False,128248.0,128248.0,False
Concepción,Chile,1789,in,Concepcion,SITUADO DE LA CONCEPCION,OCHO,False,168524.0,168524.0,False
Concepción,Chile,1793,out,unspecified,SUPLEMENTOS A OTRAS TESORERIAS,OCHO,False,310.0,310.0,False
Concepción,Chile,1808,out,unspecified,SUPLEMENTOS A OTRAS TESORERIAS,OCHO,False,14293.0,14293.0,False
Concepción,Chile,1809,out,unspecified,SUPLEMENTOS A OTRAS TESORERIAS,OCHO,False,35.0,35.0,False
MENDOZA,Chile,1779,out,Buenos Aires,REMITIDO A BUENOS AIRES,OCHO,False,9000.0,9000.0,False
MENDOZA,Chile,1780,out,Buenos Aires,REMITIDO A BUENOS AIRES,OCHO,False,3799.0,3799.0,False
MENDOZA,Chile,1781,out,Buenos Aires,REMITIDO A BUENOS AIRES,OCHO,False,15140.0,15140.0,False
MENDOZA,Chile,1782,out,Buenos Aires,REMITIDO A BUENOS AIRES,OCHO,False,8457.0,8457.0,False
MENDOZA,Chile,1783,out,Buenos Aires,REMITIDO A BUENOS AIRES,OCHO,False,6635.0,6635.0,False
MENDOZA,Chile,1791,out,Buenos Aires,REMITIDO A BUENOS AIRES,OCHO,False,65.0,65.0,False
MENDOZA,Chile,1791,out,Chile,REMITIDO A SANTIAGO DE CHILE,OCHO,False,978.0,978.0,False
MENDOZA,Chile,1794,out,Chile,REMITIDO A SANTIAGO DE CHILE,OCHO,False,1081.0,1081.0,False
MENDOZA,Chile,1798,out,Buenos Aires,REMITIDO A BUENOS AIRES,OCHO,False,3000.0,3000.0,False
MENDOZA,Chile,1799,out,Buenos Aires,REMITIDO A BUENOS AIRES,OCHO,False,735.0,735.0,False
MENDOZA,Chile,1799,out,Chile,REMITIDO A SANTIAGO DE CHILE,OCHO,False,1239.0,1239.0,False
MENDOZA,Chile,1800,out,Buenos Aires,REMITIDO A BUENOS AIRES,OCHO,False,823.0,823.0,False
MENDOZA,Chile,1800,out,Chile,REMITIDO A SANTIAGO DE CHILE,OCHO,False,1084.0,1084.0,False
MENDOZA,Chile,1801,out,unspecified,REMITIDO A OTRAS TESORERIAS,OCHO,False,20000.0,20000.0,False
MENDOZA,Chile,1802,out,Chile,REMITIDO A SANTIAGO DE CHILE,OCHO,False,779.0,779.0,False
MENDOZA,Chile,1803,out,unspecified,OTRAS TESORERIAS,OCHO,False,10212.0,10212.0,False
MENDOZA,Chile,1803,in,unspecified,OTRAS TESORERIAS,OCHO,False,9054.0,9054.0,False
MENDOZA,Chile,1805,in,unspecified,OTRAS TESORERIAS,OCHO,False,4413.0,4413.0,False
MENDOZA,Chile,1806,in,unspecified,OTRAS TESORERIAS,OCHO,False,500.0,500.0,False
MENDOZA,Chile,1807,in,unspecified,OTRAS TESORERIAS,OCHO,False,30001.0,30001.0,False
MENDOZA,Chile,1808,out,unspecified,OTRAS TESORERIAS,OCHO,False,6853.0,6853.0,False
MENDOZA,Chile,1808,in,unspecified,OTRAS TESORERIAS,OCHO,False,8756.0,8756.0,False
MENDOZA,Chile,1809,out,unspecified,OTRAS TESORERIAS,OCHO,False,24.0,24.0,False
MENDOZA,Chile,1810,in,unspecified,OTRAS TESORERIAS,OCHO,False,3592.0,3592.0,False
MENDOZA,Chile,1812,out,unspecified,OTRAS TESORERIAS,OCHO,False,62.0,62.0,False
MENDOZA,Chile,1812,in,unspecified,OTRAS TESORERIAS,OCHO,False,4951.0,4951.0,False
MENDOZA,Chile,1814,out,unspecified,OTRAS TESORERIAS,OCHO,False,500.0,500.0,False
MENDOZA,Chile,1814,in,unspecified,OTRAS TESORERIAS,OCHO,False,3188.0,3188.0,False
Santiago de Chile,Chile,1613,out,Chile,SITUADO DE SANTIAGO DE CHILE,OCHO,False,27046.0,27046.0,False
Santiago de Chile,Chile,1613,in,Chile,SITUADO DE SANTIAGO DE CHILE,OCHO,False,27047.0,27047.0,False
Santiago de Chile,Chile,1614,out,Chile,SITUADO DE SANTIAGO DE CHILE,OCHO,False,18083.0,18083.0,False
Santiago de Chile,Chile,1614,in,Chile,SITUADO DE SANTIAGO DE CHILE,OCHO,False,18083.0,18083.0,False
Santiago de Chile,Chile,1616,out,Chile,SITUADO DE SANTIAGO DE CHILE,OCHO,False,5573.0,5573.0,False
Santiago de Chile,Chile,1616,in,Chile,SITUADO DE SANTIAGO DE CHILE,OCHO,False,5573.0,5573.0,False
Santiago de Chile,Chile,1617,out,Chile,SITUADO DE SANTIAGO DE CHILE,OCHO,False,736.0,736.0,False
Santiago de Chile,Chile,1617,in,Chile,SITUADO DE SANTIAGO DE CHILE,OCHO,False,796.0,796.0,False
Santiago de Chile,Chile,1621,out,Chile,SITUADO DE SANTIAGO DE CHILE,OCHO,False,8494.0,8494.0,False
Santiago de Chile,Chile,1621,in,Chile,SITUADO DE SANTIAGO DE CHILE,OCHO,False,8452.0,8452.0,False
Santiago de Chile,Chile,1622,out,Chile,SITUADO DE SANTIAGO DE CHILE,OCHO,False,5112.0,5112.0,False
Santiago de Chile,Chile,1622,in,Lima,REMITIDO DE LIMA,OCHO,False,427.0,427.0,False
Santiago de Chile,Chile,1622,in,Chile,SITUADO DE SANTIAGO DE CHILE,OCHO,False,6483.0,6483.0,False
Santiago de Chile,Chile,1623,out,Chile,SITUADO DE SANTIAGO DE CHILE,OCHO,False,14920.0,14920.0,False
Santiago de Chile,Chile,1623,in,Chile,SITUADO DE SANTIAGO DE CHILE,OCHO,False,14931.0,14931.0,False
Santiago de Chile,Chile,1625,out,Chile,SITUADO DE SANTIAGO DE CHILE,OCHO,False,6279.0,6279.0,False
Santiago de Chile,Chile,1626,out,Chile,SITUADO DE SANTIAGO DE CHILE,OCHO,False,13605.0,13605.0,False
Santiago de Chile,Chile,1629,in,Chile,SITUADO DE SANTIAGO DE CHILE,OCHO,False,4982.0,4982.0,False
Santiago de Chile,Chile,1630,in,Chile,SITUADO DE SANTIAGO DE CHILE,OCHO,False,24487.0,24487.0,False
Santiago de Chile,Chile,1630,out,Chile,SITUADO DE SANTIAGO DE CHILE,OCHO,False,24056.0,24056.0,False
Santiago de Chile,Chile,1633,in,Chile,SITUADO DE SANTIAGO DE CHILE,OCHO,False,2530.0,2530.0,False
Santiago de Chile,Chile,1633,out,Chile,SITUADO DE SANTIAGO DE CHILE,OCHO,False,12529.0,12529.0,False
Santiago de Chile,Chile,1634,in,Chile,SITUADO DE SANTIAGO DE CHILE,OCHO,False,10158.0,10158.0,False
Santiago de Chile,Chile,1634,out,Chile,SITUADO DE SANTIAGO DE CHILE,OCHO,False,10158.0,10158.0,False
Santiago de Chile,Chile,1635,out,Chile,SITUADO DE SANTIAGO DE CHILE,OCHO,False,9327.0,9327.0,False
Santiago de Chile,Chile,1635,in,Chile,SITUADO DE SANTIAGO DE CHILE,OCHO,False,8560.0,8560.0,False
Santiago de Chile,Chile,1637,in,Chile,SITUADO DE SANTIAGO DE CHILE,OCHO,False,2501.0,2501.0,False
Santiago de Chile,Chile,1637,out,Chile,SITUADO DE SANTIAGO DE CHILE,OCHO,False,2684.0,2684.0,False
Santiago de Chile,Chile,1638,out,Chile,SITUADO DE SANTIAGO DE CHILE,OCHO,False,11295.0,11295.0,False
Santiago de Chile,Chile,1638,in,Chile,SITUADO DE SANTIAGO DE CHILE,OCHO,False,12698.0,12698.0,False
Santiago de Chile,Chile,1639,in,Chile,SITUADO DE SANTIAGO DE CHILE,OCHO,False,1450.0,1450.0,False
Santiago de Chile,Chile,1639,out,Chile,SITUADO DE SANTIAGO DE CHILE,OCHO,False,1284.0,1284.0,False
Santiago de Chile,Chile,1643,in,Chile,SITUADO DE SANTIAGO DE CHILE,OCHO,False,1003.0,1003.0,False
Santiago de Chile,Chile,1643,out,Chile,SITUADO DE SANTIAGO DE CHILE,OCHO,False,1012.0,1012.0,False
Santiago de Chile,Chile,1649,in,Chile,SITUADO DE SANTIAGO DE CHILE,OCHO,False,5684.0,5684.0,False
Santiago de Chile,Chile,1649,out,Chile,SITUADO DE SANTIAGO DE CHILE,OCHO,False,5684.0,5684.0,False
Santiago de Chile,Chile,1654,in,Chile,SITUADO DE SANTIAGO DE CHILE,OCHO,False,4025.0,4025.0,False
Santiago de Chile,Chile,1655,in,Chile,SITUADO DE SANTIAGO DE CHILE,OCHO,False,21216.0,21216.0,False
Santiago de Chile,Chile,1656,in,Concepcion,SITUADO DE LA CONCEPCION,OCHO,False,2209.0,2209.0,False
Santiago de Chile,Chile,1656,in,Chile,SITUADO DE SANTIAGO DE CHILE,OCHO,False,8727.0,8727.0,False
Santiago de Chile,Chile,1657,in,Concepcion,SITUADO DE LA CONCEPCION,OCHO,False,222.0,222.0,False
Santiago de Chile,Chile,1658,in,Concepcion,SITUADO DE LA CONCEPCION,OCHO,False,5150.0,5150.0,False
Santiago de Chile,Chile,1664,in,Chile,SITUADO DE SANTIAGO DE CHILE,OCHO,False,1000.0,1000.0,False
Santiago de Chile,Chile,1671,in,Chile,SITUADO DE SANTIAGO DE CHILE,OCHO,False,13320.0,13320.0,False
Santiago de Chile,Chile,1671,out,Chile,SITUADO DE SANTIAGO DE CHILE,OCHO,False,13320.0,13320.0,False
Santiago de Chile,Chile,1679,out,Valdivia,SITUADO DE VALDIVIA,OCHO,False,20976.0,20976.0,False
Santiago de Chile,Chile,1679,in,Valdivia,SITUADO DE VALDIVIA,OCHO,False,20976.0,20976.0,False
Santiago de Chile,Chile,1707,in,Lima,REMITIDO DE LIMA,OCHO,False,23000.0,23000.0,False
Santiago de Chile,Chile,1707,in,Potosi,REMITIDO DE POTOSI,OCHO,False,1654.0,1654.0,False
Santiago de Chile,Chile,1741,in,Lima,REMITIDO DE LIMA,OCHO,False,50000.0,50000.0,False
Santiago de Chile,Chile,1742,in,Lima,REMITIDO DE LIMA,OCHO,False,75000.0,75000.0,False
Santiago de Chile,Chile,1743,in,Lima,REMITIDO DE LIMA,OCHO,False,13294.0,13294.0,False
Santiago de Chile,Chile,1746,out,Chile,SITUADO DE SANTIAGO DE CHILE,OCHO,False,155000.0,155000.0,False
Santiago de Chile,Chile,1746,in,Chile,SITUADO DE SANTIAGO DE CHILE,OCHO,False,155000.0,155000.0,False
Santiago de Chile,Chile,1747,out,Chile,SITUADO DE SANTIAGO DE CHILE,OCHO,False,62168.0,62168.0,False
Santiago de Chile,Chile,1747,in,Chile,SITUADO DE SANTIAGO DE CHILE,OCHO,False,62168.0,62168.0,False
Santiago de Chile,Chile,1751,in,Lima,REMITIDO DE LIMA,OCHO,False,50000.0,50000.0,False
Santiago de Chile,Chile,1752,in,Lima,REMITIDO DE LIMA,OCHO,False,38842.0,38842.0,False
Santiago de Chile,Chile,1754,in,Lima,REMITIDO DE LIMA,OCHO,False,20000.0,20000.0,False
Santiago de Chile,Chile,1755,in,Lima,REMITIDO DE LIMA,OCHO,False,20678.0,20678.0,False
Santiago de Chile,Chile,1777,out,Concepcion,REMITIDO A CONCEPCION,OCHO,False,30012.0,30012.0,False
Santiago de Chile,Chile,1781,out,Valdivia,REMITIDO A VALDIVIA,OCHO,False,30434.0,30434.0,False
Santiago de Chile,Chile,1781,in,Lima,REMITIDO DE LIMA,OCHO,False,50000.0,50000.0,False
Santiago de Chile,Chile,1782,out,Valdivia,REMITIDO A VALDIVIA,OCHO,False,24531.0,24531.0,False
Santiago de Chile,Chile,1782,in,Lima,REMITIDO DE LIMA,OCHO,False,94405.0,94405.0,False
Santiago de Chile,Chile,1783,out,Valdivia,REMITIDO A VALDIVIA,OCHO,False,43783.0,43783.0,False
Santiago de Chile,Chile,1783,in,Lima,REMITIDO DE LIMA,OCHO,False,63676.0,63676.0,False
Santiago de Chile,Chile,1784,out,Valdivia,REMITIDO A VALDIVIA,OCHO,False,26886.0,26886.0,False
Santiago de Chile,Chile,1784,in,Lima,REMITIDO DE LIMA,OCHO,False,37039.0,37039.0,False
Santiago de Chile,Chile,1785,out,Valdivia,REMITIDO A VALDIVIA,OCHO,False,24445.0,24445.0,False
Santiago de Chile,Chile,1786,out,Valdivia,REMITIDO A VALDIVIA,OCHO,False,26046.0,26046.0,False
Santiago de Chile,Chile,1787,out,unspecified,OTRAS TESORERIAS,OCHO,False,22023.0,22023.0,False
Santiago de Chile,Chile,1787,in,unspecified,OTRAS TESORERIAS,OCHO,False,6221.0,6221.0,False
Santiago de Chile,Chile,1788,out,unspecified,OTRAS TESORERIAS,OCHO,False,57931.0,57931.0,False
Santiago de Chile,Chile,1788,in,unspecified,OTRAS TESORERIAS,OCHO,False,24715.0,24715.0,False
Santiago de Chile,Chile,1789,out,Valdivia,REMITIDO A VALDIVIA,OCHO,False,20265.0,20265.0,False
Santiago de Chile,Chile,1792,out,Valdivia,REMITIDO A VALDIVIA,OCHO,False,24952.0,24952.0,False
Santiago de Chile,Chile,1793,out,Valdivia,REMITIDO A VALDIVIA,OCHO,False,21850.0,21850.0,False
Santiago de Chile,Chile,1801,out,Valdivia,REMITIDO A VALDIVIA,OCHO,False,33115.0,33115.0,False
Santiago de Chile,Chile,1803,out,Valdivia,REMITIDO A VALDIVIA,OCHO,False,6925.0,6925.0,False
Santiago de Chile,Chile,1804,out,Valdivia,REMITIDO A VALDIVIA,OCHO,False,21217.0,21217.0,False
Santiago de Chile,Chile,1805,out,Valdivia,REMITIDO A VALDIVIA,OCHO,False,17003.0,17003.0,False
Santiago de Chile,Chile,1807,out,Valdivia,REMITIDO A VALDIVIA,OCHO,False,20.0,20.0,False
Santiago de Chile,Chile,1808,out,Valdivia,REMITIDO A VALDIVIA,OCHO,False,14125.0,14125.0,False
Santiago de Chile,Chile,1809,out,Valdivia,REMITIDO A VALDIVIA,OCHO,False,16806.0,16806.0,False
Santiago de Chile,Chile,1810,out,Valdivia,REMITIDO A VALDIVIA,OCHO,False,1426.0,1426.0,False
VALDIVIA,Chile,1768,in,Valdivia,SITUADO DE VALDIVIA,OCHO,False,50992.0,50992.0,False
VALDIVIA,Chile,1769,in,Valdivia,SITUADO DE VALDIVIA,OCHO,False,49242.0,49242.0,False
VALDIVIA,Chile,1770,in,Valdivia,SITUADO DE VALDIVIA,OCHO,False,49242.0,49242.0,False
VALDIVIA,Chile,1771,in,Valdivia,SITUADO DE VALDIVIA,OCHO,False,48686.0,48686.0,False
VALDIVIA,Chile,1772,in,Valdivia,SITUADO DE VALDIVIA,OCHO,False,49799.0,49799.0,False
VALDIVIA,Chile,1773,in,Valdivia,SITUADO DE VALDIVIA,OCHO,False,50646.0,50646.0,False
VALDIVIA,Chile,1774,in,Valdivia,SITUADO DE VALDIVIA,OCHO,False,50992.0,50992.0,False
VALDIVIA,Chile,1775,in,Valdivia,SITUADO DE VALDIVIA,OCHO,False,50992.0,50992.0,False
VALDIVIA,Chile,1776,in,Valdivia,SITUADO DE VALDIVIA,OCHO,False,50992.0,50992.0,False
VALDIVIA,Chile,1777,in,Valdivia,SITUADO DE VALDIVIA,OCHO,False,50992.0,50992.0,False
VALDIVIA,Chile,1778,in,Valdivia,SITUADO DE VALDIVIA,OCHO,False,50992.0,50992.0,False
VALDIVIA,Chile,1779,in,Valdivia,SITUADO DE VALDIVIA,OCHO,False,64659.0,64659.0,False
VALDIVIA,Chile,1780,in,Valdivia,SITUADO DE VALDIVIA,OCHO,False,36532.0,36532.0,False
VALDIVIA,Chile,1781,in,Valdivia,SITUADO DE VALDIVIA,OCHO,False,140124.0,140124.0,False
VALDIVIA,Chile,1782,in,Chile,REMITIDO DE SANTIAGO DE CHILE,OCHO,False,39399.0,39399.0,False
VALDIVIA,Chile,1782,in,Valdivia,SITUADO DE VALDIVIA,OCHO,False,50487.0,50487.0,False
VALDIVIA,Chile,1783,in,Chile,REMITIDO DE SANTIAGO DE CHILE,OCHO,False,48371.0,48371.0,False
VALDIVIA,Chile,1783,in,Valdivia,SITUADO DE VALDIVIA,OCHO,False,43017.0,43017.0,False
VALDIVIA,Chile,1784,in,Valdivia,SITUADO DE VALDIVIA,OCHO,False,51532.0,51532.0,False
VALDIVIA,Chile,1785,in,Chile,REMITIDO DE SANTIAGO DE CHILE,OCHO,False,12401.0,12401.0,False
VALDIVIA,Chile,1785,in,Valdivia,SITUADO DE VALDIVIA,OCHO,False,62639.0,62639.0,False
VALDIVIA,Chile,1786,in,Chile,REMITIDO DE SANTIAGO DE CHILE,OCHO,False,4908.0,4908.0,False
VALDIVIA,Chile,1786,in,Valdivia,SITUADO DE VALDIVIA,OCHO,False,57968.0,57968.0,False
VALDIVIA,Chile,1787,in,Valdivia,SITUADO DE VALDIVIA,OCHO,False,43009.0,43009.0,False
VALDIVIA,Chile,1788,in,Valdivia,SITUADO DE VALDIVIA,OCHO,False,69959.0,69959.0,False
VALDIVIA,Chile,1788,out,unspecified,OTRAS TESORERIAS,OCHO,False,5242.0,5242.0,False
VALDIVIA,Chile,1792,out,unspecified,REMITIDO A OTRAS TESORERIAS,OCHO,False,4636.0,4636.0,False
VALDIVIA,Chile,1793,out,unspecified,REMITIDO A OTRAS TESORERIAS,OCHO,False,50.0,50.0,False
VALDIVIA,Chile,1795,out,unspecified,REMITIDO A OTRAS TESORERIAS,OCHO,False,1635.0,1635.0,False
VALDIVIA,Chile,1796,out,unspecified,REMITIDO A OTRAS TESORERIAS,OCHO,False,754.0,754.0,False
VALDIVIA,Chile,1797,out,unspecified,REMITIDO A OTRAS TESORERIAS,OCHO,False,1218.0,1218.0,False
VALDIVIA,Chile,1799,out,unspecified,REMITIDO A OTRAS TESORERIAS,OCHO,False,465.0,465.0,False
VALDIVIA,Chile,1800,out,unspecified,REMITIDO A OTRAS TESORERIAS,OCHO,False,308.0,308.0,False
VALDIVIA,Chile,1801,out,unspecified,REMITIDO A OTRAS TESORERIAS,OCHO,False,2941.0,2941.0,False
VALDIVIA,Chile,1802,out,unspecified,REMITIDO A OTRAS TESORERIAS,OCHO,False,2002.0,2002.0,False
VALDIVIA,Chile,1803,out,unspecified,REMITIDO A OTRAS TESORERIAS,OCHO,False,2834.0,2834.0,False
VALDIVIA,Chile,1805,out,unspecified,REMITIDO A OTRAS TESORERIAS,OCHO,False,1306.0,1306.0,False
VALDIVIA,Chile,1806,out,unspecified,REMITIDO A OTRAS TESORERIAS,OCHO,False,1870.0,1870.0,False
VALDIVIA,Chile,1809,out,unspecified,REMITIDO A OTRAS TESORERIAS,OCHO,False,7514.0,7514.0,False
GUAYAQUIL,Quito,1726,out,Lima,REMITIDO A LIMA,MONTO,True,8093.0,8093.0,False
GUAYAQUIL,Quito,1727,out,Quito,REMITIDO A QUITO,MONTO,True,300.0,300.0,False
GUAYAQUIL,Quito,1735,out,Lima,REMITIDO A LIMA,MONTO,True,25000.0,25000.0,False
GUAYAQUIL,Quito,1741,out,Quito,REMITIDO A QUITO,MONTO,True,9000.0,9000.0,False
GUAYAQUIL,Quito,1744,out,Cartagena,REMITIDO A CARTAGENA,MONTO,True,6000.0,6000.0,False
GUAYAQUIL,Quito,1745,out,Quito,REMITIDO A QUITO,MONTO,True,7650.0,7650.0,False
GUAYAQUIL,Quito,1746,out,Quito,REMITIDO A QUITO,MONTO,True,1484.0,1484.0,False
GUAYAQUIL,Quito,1747,out,Quito,REMITIDO A QUITO,MONTO,True,25000.0,25000.0,False
GUAYAQUIL,Quito,1748,out,Quito,REMITIDO A QUITO,MONTO,True,5000.0,5000.0,False
GUAYAQUIL,Quito,1756,out,Quito,REMITIDO A QUITO,MONTO,True,333.0,333.0,False
GUAYAQUIL,Quito,1756,in,Lima,REMITIDO DE CAJA DE LIMA,MONTO,True,28000.0,28000.0,False
GUAYAQUIL,Quito,1761,out,Quito,REMITIDO A QUITO,MONTO,True,12180.0,12180.0,False
GUAYAQUIL,Quito,1763,out,Quito,REMITIDO A QUITO,MONTO,True,19000.0,19000.0,False
GUAYAQUIL,Quito,1764,out,Cartagena,REMITIDO A CARTAGENA,MONTO,True,18.0,18.0,False
GUAYAQUIL,Quito,1764,out,Quito,REMITIDO A QUITO,MONTO,True,19000.0,19000.0,False
GUAYAQUIL,Quito,1765,out,Quito,REMITIDO A QUITO,MONTO,True,1370.0,1370.0,False
GUAYAQUIL,Quito,1766,out,Panama,REMITIDO A TROPA PANAMA,MONTO,True,12061.0,12061.0,False
GUAYAQUIL,Quito,1767,out,Quito,REMITIDO A QUITO,MONTO,True,4571.0,4571.0,False
GUAYAQUIL,Quito,1767,in,Lima,RECIBIDO PERT CAJA DE LIMA,MONTO,True,469.0,469.0,False
GUAYAQUIL,Quito,1767,in,Quito,RECIBIDO PERT CAJA DE QUITO,MONTO,True,24551.0,24551.0,False
GUAYAQUIL,Quito,1768,out,Lima,REMITIDO A LIMA,MONTO,True,1606.0,1606.0,False
GUAYAQUIL,Quito,1769,out,Quito,REMITIDO A QUITO,MONTO,True,24360.0,24360.0,False
GUAYAQUIL,Quito,1773,out,Quito,REMITIDO A QUITO,MONTO,True,17255.0,17255.0,False
GUAYAQUIL,Quito,1774,out,Quito,REMITIDO A QUITO,MONTO,True,30450.0,30450.0,False
GUAYAQUIL,Quito,1775,out,Quito,REMITIDO A QUITO,MONTO,True,34640.0,34640.0,False
GUAYAQUIL,Quito,1776,out,Quito,REMITIDO A QUITO,MONTO,True,24560.0,24560.0,False
GUAYAQUIL,Quito,1777,out,Quito,REMITIDO A QUITO,MONTO,True,15150.0,15150.0,False
GUAYAQUIL,Quito,1778,out,Quito,REMITIDO A QUITO,MONTO,True,24360.0,24360.0,False
GUAYAQUIL,Quito,1779,out,Quito,REMITIDO A QUITO,MONTO,True,38517.0,38517.0,False
GUAYAQUIL,Quito,1780,out,Quito,REMITIDO A QUITO,MONTO,True,95675.0,95675.0,False
GUAYAQUIL,Quito,1781,out,Lima,REMITIDO A LIMA,MONTO,True,876.0,876.0,False
GUAYAQUIL,Quito,1781,out,Quito,REMITIDO A QUITO,MONTO,True,32480.0,32480.0,False
GUAYAQUIL,Quito,1782,out,Quito,REMITIDO A QUITO,MONTO,True,69321.0,69321.0,False
GUAYAQUIL,Quito,1783,out,Quito,REMITIDO A QUITO,MONTO,True,121293.0,121293.0,False
GUAYAQUIL,Quito,1784,out,Quito,REMITIDO A QUITO,MONTO,True,111684.0,111684.0,False
GUAYAQUIL,Quito,1785,out,Quito,REMITIDO A QUITO,MONTO,True,97113.0,97113.0,False
GUAYAQUIL,Quito,1786,out,Quito,REMITIDO A QUITO,MONTO,True,80000.0,80000.0,False
GUAYAQUIL,Quito,1787,out,Quito,REMITIDO A QUITO,MONTO,True,56476.0,56476.0,False
GUAYAQUIL,Quito,1788,out,Quito,REMITIDO A QUITO Y SUPLEMENTOS,MONTO,True,48403.0,48403.0,False
GUAYAQUIL,Quito,1789,out,Quito,REMITIDO A QUITO Y SUPLEMENTOS,MONTO,True,47287.0,47287.0,False
GUAYAQUIL,Quito,1790,in,Panama,CAJAS DE PORTOBELO Y PANAMA,MONTO,True,48.0,48.0,False
GUAYAQUIL,Quito,1791,in,Panama,CAJAS DE PORTOBELO Y PANAMA,MONTO,True,140.0,140.0,False
GUAYAQUIL,Quito,1791,out,Quito,REMITIDO A QUITO,MONTO,True,71727.0,71727.0,False
GUAYAQUIL,Quito,1792,out,Quito,REMITIDO A QUITO,MONTO,True,82851.0,82851.0,False
GUAYAQUIL,Quito,1794,out,Quito,REMITIDO A QUITO,MONTO,True,70035.0,70035.0,False
GUAYAQUIL,Quito,1795,out,Lima,REMITIDO A LIMA,MONTO,True,9464.0,9464.0,False
GUAYAQUIL,Quito,1795,out,Quito,REMITIDO A QUITO,MONTO,True,32487.0,32487.0,False
GUAYAQUIL,Quito,1796,out,Lima,REMITIDO A LIMA,MONTO,True,2114.0,2114.0,False
GUAYAQUIL,Quito,1796,out,Quito,REMITIDO A QUITO,MONTO,True,14226.0,14226.0,False
GUAYAQUIL,Quito,1797,out,Lima,REMITIDO A LIMA,MONTO,True,1982.0,1982.0,False
GUAYAQUIL,Quito,1797,out,Quito,REMITIDO A QUITO,MONTO,True,20631.0,20631.0,False
GUAYAQUIL,Quito,1798,out,Lima,REMITIDO A LIMA,MONTO,True,31654.0,31654.0,False
GUAYAQUIL,Quito,1798,out,Quito,REMITIDO A QUITO,MONTO,True,17253.0,17253.0,False
GUAYAQUIL,Quito,1800,out,unspecified,OTRAS TESORERIAS,MONTO,True,37211.0,37211.0,False
GUAYAQUIL,Quito,1800,in,unspecified,OTRAS TESORERIAS,MONTO,True,210.0,210.0,False
GUAYAQUIL,Quito,1801,out,Lima,REMITIDO A LIMA,MONTO,True,85993.0,85993.0,False
GUAYAQUIL,Quito,1801,in,unspecified,OTRAS TESORERIAS,MONTO,True,81682.0,81682.0,False
GUAYAQUIL,Quito,1802,out,unspecified,OTRAS TESORERIAS,MONTO,True,44677.0,44677.0,False
GUAYAQUIL,Quito,1802,in,unspecified,OTRAS TESORERIAS,MONTO,True,20542.0,20542.0,False
GUAYAQUIL,Quito,1803,out,Lima,REMITIDO A LIMA,MONTO,True,46081.0,46081.0,False
GUAYAQUIL,Quito,1803,out,Quito,REMITIDO A QUITO,MONTO,True,18336.0,18336.0,False
GUAYAQUIL,Quito,1804,out,unspecified,OTRAS TESORERIAS,MONTO,True,67901.0,67901.0,False
GUAYAQUIL,Quito,1804,in,unspecified,OTRAS TESORERIAS,MONTO,True,289.0,289.0,False
LOJA Y CUENCA,Quito,1725,out,Lima,REMITIDO A LIMA,MONTO,True,8460.0,8460.0,False
LOJA Y CUENCA,Quito,1725,out,Lima,REMITIDO A LIMA,MONTO,True,3064.0,3064.0,False
LOJA Y CUENCA,Quito,1753,out,Quito,REMITIDO A QUITO,MONTO,True,5000.0,5000.0,False
LOJA Y CUENCA,Quito,1756,out,Quito,REMITIDO A QUITO,MONTO,True,17000.0,17000.0,False
LOJA Y CUENCA,Quito,1757,out,Quito,REMITIDO A QUITO,MONTO,True,15300.0,15300.0,False
LOJA Y CUENCA,Quito,1759,out,Quito,REMITIDO A QUITO,MONTO,True,2800.0,2800.0,False
LOJA Y CUENCA,Quito,1761,out,Quito,REMITIDO A QUITO,MONTO,True,410.0,410.0,False
LOJA Y CUENCA,Quito,1762,out,Quito,REMITIDO A QUITO,MONTO,True,9200.0,9200.0,False
LOJA Y CUENCA,Quito,1764,out,Quito,REMITIDO A QUITO,MONTO,True,17231.0,17231.0,False
LOJA Y CUENCA,Quito,1767,out,Quito,REMITIDO A QUITO,MONTO,True,25500.0,25500.0,False
LOJA Y CUENCA,Quito,1768,out,Quito,REMITIDO A QUITO,MONTO,True,1650.0,1650.0,False
LOJA Y CUENCA,Quito,1769,out,Quito,REMITIDO A QUITO,MONTO,True,18000.0,18000.0,False
LOJA Y CUENCA,Quito,1769,out,Quito,REMITIDO A QUITO,MONTO,True,21992.0,21992.0,False
LOJA Y CUENCA,Quito,1773,out,Quito,REMITIDO A QUITO,MONTO,True,42279.0,42279.0,False
LOJA Y CUENCA,Quito,1774,out,Quito,REMITIDO A QUITO,MONTO,True,46445.0,46445.0,False
LOJA Y CUENCA,Quito,1775,out,Quito,REMITIDO A QUITO,MONTO,True,29849.0,29849.0,False
LOJA Y CUENCA,Quito,1776,out,Quito,REMITIDO A QUITO,MONTO,True,43792.0,43792.0,False
LOJA Y CUENCA,Quito,1778,out,Quito,REMITIDO A QUITO,MONTO,True,31619.0,31619.0,False
LOJA Y CUENCA,Quito,1779,out,Quito,REMITIDO A QUITO,MONTO,True,22814.0,22814.0,False
LOJA Y CUENCA,Quito,1780,out,Quito,REMITIDO A QUITO,MONTO,True,26000.0,26000.0,False
LOJA Y CUENCA,Quito,1781,out,Quito,REMITIDO A QUITO,MONTO,True,32799.0,32799.0,False
LOJA Y CUENCA,Quito,1782,out,Quito,REMITIDO A QUITO,MONTO,True,42008.0,42008.0,False
LOJA Y CUENCA,Quito,1783,out,Quito,REMITIDO A QUITO,MONTO,True,81966.0,81966.0,False
LOJA Y CUENCA,Quito,1784,out,Quito,REMITIDO A QUITO,MONTO,True,29477.0,29477.0,False
LOJA Y CUENCA,Quito,1785,out,Quito,REMITIDO A QUITO,MONTO,True,55028.0,55028.0,False
LOJA Y CUENCA,Quito,1786,out,Quito,REMITIDO A QUITO,MONTO,True,51998.0,51998.0,False
LOJA Y CUENCA,Quito,1787,out,Quito,REMITIDO A QUITO,MONTO,True,47216.0,47216.0,False
LOJA Y CUENCA,Quito,1788,out,Quito,REMITIDO A QUITO,MONTO,True,37250.0,37250.0,False
LOJA Y CUENCA,Quito,1789,out,Quito,REMITIDO A QUITO,MONTO,True,54385.0,54385.0,False
LOJA Y CUENCA,Quito,1790,out,Quito,REMITIDO A QUITO,MONTO,True,93242.0,93242.0,False
LOJA Y CUENCA,Quito,1793,out,Quito,REMITIDO A QUITO DE RL HAC,MONTO,True,72087.0,72087.0,False
LOJA Y CUENCA,Quito,1793,out,Quito,REMITIDO A QUITO RAMOS AGENOS,MONTO,True,1611.0,1611.0,False
LOJA Y CUENCA,Quito,1794,out,Quito,REMITIDO A QUITO DE RL HAC,MONTO,True,51810.0,51810.0,False
LOJA Y CUENCA,Quito,1795,out,Quito,REMITIDO A QUITO DE RL HAC,MONTO,True,55059.0,55059.0,False
LOJA Y CUENCA,Quito,1796,out,Quito,REMITIDO A QUITO DE RL HAC,MONTO,True,56863.0,56863.0,False
LOJA Y CUENCA,Quito,1797,out,Quito,REMITIDO A QUITO DE RL HAC,MONTO,True,38801.0,38801.0,False
LOJA Y CUENCA,Quito,1797,in,Guayaquil,REMITIDO DE GUAYAQUIL,MONTO,True,1000.0,1000.0,False
LOJA Y CUENCA,Quito,1798,out,Quito,REMITIDO A QUITO DE RL HAC,MONTO,True,79503.0,79503.0,False
LOJA Y CUENCA,Quito,1799,out,Quito,REMITIDO A QUITO DE RL HAC,MONTO,True,52307.0,52307.0,False
LOJA Y CUENCA,Quito,1800,out,Quito,REMITIDO A QUITO DE RL HAC,MONTO,True,50357.0,50357.0,False
QUITO,Quito,1702,out,Cartagena,REMITIDO A CARTAGENA,MONTO,True,15000.0,15000.0,False
QUITO,Quito,1703,out,Cartagena,REMITIDO A CARTAGENA,MONTO,True,36375.0,36375.0,False
QUITO,Quito,1704,out,Cartagena,REMITIDO A CARTAGENA,MONTO,True,33924.0,33924.0,False
QUITO,Quito,1705,out,Cartagena,REMITIDO A CARTAGENA,MONTO,True,77073.0,77073.0,False
QUITO,Quito,1712,out,Cartagena,REMITIDO A CARTAGENA,MONTO,True,30375.0,30375.0,False
QUITO,Quito,1719,out,Spain,REMITIDO A ESPANA,MONTO,True,54500.0,54500.0,False
QUITO,Quito,1727,out,Cartagena,REMITIDO A CARTAGENA,MONTO,True,57725.0,57725.0,False
QUITO,Quito,1728,out,Cartagena,REMITIDO A CARTAGENA,MONTO,True,27025.0,27025.0,False
QUITO,Quito,1728,out,Spain,REMITIDO A ESPANA,MONTO,True,30.0,30.0,False
QUITO,Quito,1729,out,Cartagena,REMITIDO A CARTAGENA,MONTO,True,42375.0,42375.0,False
QUITO,Quito,1729,out,Spain,REMITIDO A ESPANA,MONTO,True,24.0,24.0,False
QUITO,Quito,1730,out,Cartagena,REMITIDO A CARTAGENA,MONTO,True,43690.0,43690.0,False
QUITO,Quito,1731,out,Cartagena,REMITIDO A CARTAGENA,MONTO,True,42375.0,42375.0,False
QUITO,Quito,1732,out,Cartagena,REMITIDO A CARTAGENA,MONTO,True,42375.0,42375.0,False
QUITO,Quito,1735,out,Cartagena,REMITIDO A CARTAGENA,MONTO,True,30375.0,30375.0,False
QUITO,Quito,1739,out,Cartagena,REMITIDO A CARTAGENA,MONTO,True,60750.0,60750.0,False
QUITO,Quito,1743,out,Cartagena,REMITIDO A CARTAGENA,MONTO,True,50000.0,50000.0,False
QUITO,Quito,1744,out,Cartagena,REMITIDO A CARTAGENA,MONTO,True,64520.0,64520.0,False
QUITO,Quito,1745,out,Cartagena,REMITIDO A CARTAGENA,MONTO,True,57750.0,57750.0,False
QUITO,Quito,1745,out,Spain,REMITIDO A ESPANA,MONTO,True,2000.0,2000.0,False
QUITO,Quito,1746,out,Cartagena,REMITIDO A CARTAGENA,MONTO,True,62282.0,62282.0,False
QUITO,Quito,1747,out,Cartagena,REMITIDO A CARTAGENA,MONTO,True,42375.0,42375.0,False
QUITO,Quito,1748,out,Spain,REMITIDO A ESPANA,MONTO,True,1000.0,1000.0,False
QUITO,Quito,1749,out,Cartagena,REMITIDO A CARTAGENA,MONTO,True,44275.0,44275.0,False
QUITO,Quito,1749,out,Spain,REMITIDO A ESPANA,MONTO,True,34563.0,34563.0,False
QUITO,Quito,1751,out,Cartagena,REMITIDO A CARTAGENA,MONTO,True,56931.0,56931.0,False
QUITO,Quito,1754,out,Spain,REMITIDO A ESPANA,MONTO,True,336.0,336.0,False
QUITO,Quito,1757,out,Cartagena,REMITIDO A CARTAGENA,MONTO,True,84175.0,84175.0,False
QUITO,Quito,1765,out,Cartagena,REMITIDO A CARTAGENA,MONTO,True,49034.0,49034.0,False
QUITO,Quito,1766,out,Cartagena,REMITIDO A CARTAGENA,MONTO,True,42375.0,42375.0,False
QUITO,Quito,1767,out,Cartagena,REMITIDO A CARTAGENA,MONTO,True,72611.0,72611.0,False
QUITO,Quito,1770,out,Cartagena,REMITIDO A CARTAGENA,MONTO,True,42000.0,42000.0,False
QUITO,Quito,1772,out,Cartagena,REMITIDO A CARTAGENA,MONTO,True,64477.0,64477.0,False
QUITO,Quito,1779,in,Cuenca,CAJAS DE CUENCA,MONTO,True,35211.0,35211.0,False
QUITO,Quito,1779,in,Guayaquil,CAJAS DE GUAYAQUIL,MONTO,True,54116.0,54116.0,False
QUITO,Quito,1779,out,Cartagena,REMITIDO A CARTAGENA,MONTO,True,16618.0,16618.0,False
QUITO,Quito,1780,in,Cuenca,CAJAS DE CUENCA,MONTO,True,26235.0,26235.0,False
QUITO,Quito,1780,in,Guayaquil,CAJAS DE GUAYAQUIL,MONTO,True,103495.0,103495.0,False
QUITO,Quito,1781,in,Cuenca,CAJAS DE CUENCA,MONTO,True,33814.0,33814.0,False
QUITO,Quito,1781,in,Guayaquil,CAJAS DE GUAYAQUIL,MONTO,True,51481.0,51481.0,False
QUITO,Quito,1782,in,Cuenca,CAJAS DE CUENCA,MONTO,True,38162.0,38162.0,False
QUITO,Quito,1782,in,Guayaquil,CAJAS DE GUAYAQUIL,MONTO,True,57499.0,57499.0,False
QUITO,Quito,1782,in,Lima,CAUDAL REMITIDO DE LIMA,MONTO,True,8000.0,8000.0,False
QUITO,Quito,1782,out,Cartagena,REMITIDO A CARTAGENA,MONTO,True,87206.0,87206.0,False
QUITO,Quito,1783,in,Cuenca,CAJAS DE CUENCA,MONTO,True,78612.0,78612.0,False
QUITO,Quito,1783,in,Guayaquil,CAJAS DE GUAYAQUIL,MONTO,True,127020.0,127020.0,False
QUITO,Quito,1783,out,Cartagena,REMITIDO A CARTAGENA,MONTO,True,153226.0,153226.0,False
QUITO,Quito,1784,in,Cuenca,CAJAS DE CUENCA,MONTO,True,58317.0,58317.0,False
QUITO,Quito,1784,in,Guayaquil,CAJAS DE GUAYAQUIL,MONTO,True,113438.0,113438.0,False
QUITO,Quito,1784,out,Cartagena,REMITIDO A CARTAGENA,MONTO,True,127685.0,127685.0,False
QUITO,Quito,1785,in,Cuenca,CAJAS DE CUENCA,MONTO,True,57022.0,57022.0,False
QUITO,Quito,1785,in,Guayaquil,CAJAS DE GUAYAQUIL,MONTO,True,97444.0,97444.0,False
QUITO,Quito,1785,out,Cartagena,REMITIDO A CARTAGENA,MONTO,True,181833.0,181833.0,False
QUITO,Quito,1786,in,Cartagena,CAJAS DE CARTAGENA,MONTO,True,169.0,169.0,False
QUITO,Quito,1786,in,Cuenca,CAJAS DE CUENCA,MONTO,True,46299.0,46299.0,False
QUITO,Quito,1786,in,Guayaquil,CAJAS DE GUAYAQUIL,MONTO,True,48250.0,48250.0,False
QUITO,Quito,1787,in,Cartagena,CAJAS DE CARTAGENA,MONTO,True,505.0,505.0,False
QUITO,Quito,1787,in,Cuenca,CAJAS DE CUENCA,MONTO,True,48797.0,48797.0,False
QUITO,Quito,1787,in,Guayaquil,CAJAS DE GUAYAQUIL,MONTO,True,107573.0,107573.0,False
QUITO,Quito,1788,in,Cartagena,CAJAS DE CARTAGENA,MONTO,True,1393.0,1393.0,False
QUITO,Quito,1788,in,Cuenca,CAJAS DE CUENCA,MONTO,True,29963.0,29963.0,False
QUITO,Quito,1788,in,Guayaquil,CAJAS DE GUAYAQUIL,MONTO,True,40252.0,40252.0,False
QUITO,Quito,1789,in,Cuenca,CAJAS DE CUENCA,MONTO,True,52971.0,52971.0,False
QUITO,Quito,1789,in,Guayaquil,CAJAS DE GUAYAQUIL,MONTO,True,16595.0,16595.0,False
QUITO,Quito,1789,in,Panama,CAJAS DE PANAMA,MONTO,True,375.0,375.0,False
QUITO,Quito,1790,in,Cuenca,CAJAS DE CUENCA,MONTO,True,4016.0,4016.0,False
QUITO,Quito,1790,in,Guayaquil,CAJAS DE GUAYAQUIL,MONTO,True,43902.0,43902.0,False
QUITO,Quito,1790,out,Cartagena,REMITIDO A CARTAGENA,MONTO,True,39501.0,39501.0,False
QUITO,Quito,1791,in,Cuenca,CAJAS DE CUENCA,MONTO,True,72411.0,72411.0,False
QUITO,Quito,1791,in,Guayaquil,CAJAS DE GUAYAQUIL,MONTO,True,55589.0,55589.0,False
QUITO,Quito,1791,out,Cartagena,REMITIDO A CARTAGENA,MONTO,True,17129.0,17129.0,False
QUITO,Quito,1792,in,Cuenca,CAJAS DE CUENCA,MONTO,True,64819.0,64819.0,False
QUITO,Quito,1792,in,Guayaquil,CAJAS DE GUAYAQUIL,MONTO,True,89660.0,89660.0,False
QUITO,Quito,1792,out,Cartagena,REMITIDO A CARTAGENA,MONTO,True,97784.0,97784.0,False
QUITO,Quito,1793,in,Cuenca,CAJAS DE CUENCA,MONTO,True,70366.0,70366.0,False
QUITO,Quito,1793,in,Guayaquil,CAJAS DE GUAYAQUIL,MONTO,True,60635.0,60635.0,False
QUITO,Quito,1793,out,Cartagena,REMITIDO A CARTAGENA,MONTO,True,86702.0,86702.0,False
QUITO,Quito,1794,in,Cuenca,CAJAS DE CUENCA,MONTO,True,51148.0,51148.0,False
QUITO,Quito,1794,in,Guayaquil,CAJAS DE GUAYAQUIL,MONTO,True,72365.0,72365.0,False
QUITO,Quito,1795,in,Cuenca,CAJAS DE CUENCA,MONTO,True,52059.0,52059.0,False
QUITO,Quito,1795,in,Guayaquil,CAJAS DE GUAYAQUIL,MONTO,True,34871.0,34871.0,False
QUITO,Quito,1796,in,Cuenca,CAJAS DE CUENCA,MONTO,True,59227.0,59227.0,False
QUITO,Quito,1796,in,Guayaquil,CAJAS DE GUAYAQUIL,MONTO,True,11622.0,11622.0,False
QUITO,Quito,1797,in,Cuenca,CAJAS DE CUENCA,MONTO,True,42467.0,42467.0,False
QUITO,Quito,1797,in,Guayaquil,CAJAS DE GUAYAQUIL,MONTO,True,19331.0,19331.0,False
QUITO,Quito,1798,in,Cuenca,CAJAS DE CUENCA,MONTO,True,47592.0,47592.0,False
QUITO,Quito,1798,in,Guayaquil,CAJAS DE GUAYAQUIL,MONTO,True,18458.0,18458.0,False
QUITO,Quito,1799,in,Cuenca,CAJAS DE CUENCA,MONTO,True,56581.0,56581.0,False
QUITO,Quito,1799,in,Guayaquil,CAJAS DE GUAYAQUIL,MONTO,True,2544.0,2544.0,False
QUITO,Quito,1800,in,Cuenca,CAJAS DE CUENCA,MONTO,True,48257.0,48257.0,False
QUITO,Quito,1800,in,Guayaquil,CAJAS DE GUAYAQUIL,MONTO,True,20970.0,20970.0,False
QUITO,Quito,1801,in,Cuenca,CAJAS DE CUENCA,MONTO,True,35212.0,35212.0,False
QUITO,Quito,1801,in,Guayaquil,CAJAS DE GUAYAQUIL,MONTO,True,29116.0,29116.0,False
QUITO,Quito,1802,in,Cuenca,CAJAS DE CUENCA,MONTO,True,55658.0,55658.0,False
QUITO,Quito,1802,in,Guayaquil,CAJAS DE GUAYAQUIL,MONTO,True,799.0,799.0,False
QUITO,Quito,1802,out,Cartagena,REMITIDO A CARTAGENA,MONTO,True,22723.0,22723.0,False
QUITO,Quito,1803,in,Cuenca,CAJAS DE CUENCA,MONTO,True,58805.0,58805.0,False
QUITO,Quito,1803,in,Guayaquil,CAJAS DE GUAYAQUIL,MONTO,True,60197.0,60197.0,False
QUITO,Quito,1813,in,Cuenca,CAJAS DE CUENCA,MONTO,True,396.0,396.0,False
ACAPULCO,New Spain,1590,in,Mexico City,REMITIDO DE RL CAJA DE MEXICO,MONTO,True,15100.0,15100.0,False
ACAPULCO,New Spain,1591,in,Mexico City,REMITIDO DE RL CAJA DE MEXICO,MONTO,True,50860.0,50860.0,False
ACAPULCO,New Spain,1593,out,Manila,ENVIADO A RLS OFICIALES FILIPINAS,MONTO,True,81060.0,81060.0,False
ACAPULCO,New Spain,1593,in,Mexico City,REMITIDO DE RL CAJA DE MEXICO,MONTO,True,90010.0,90010.0,False
ACAPULCO,New Spain,1595,in,Mexico City,REMITIDO DE RL CAJA DE MEXICO,MONTO,True,99000.0,99000.0,False
ACAPULCO,New Spain,1595,out,Manila,ENVIADO A RLS OFICIALES FILIPINAS,MONTO,True,46625.0,46625.0,False
ACAPULCO,New Spain,1606,in,Mexico City,REMITIDO DE RL CAJA DE MEXICO,MONTO,True,111986.0,111986.0,False
ACAPULCO,New Spain,1607,in,Mexico City,REMITIDO DE RL CAJA DE MEXICO,MONTO,True,5956.0,5956.0,False
ACAPULCO,New Spain,1608,in,Mexico City,REMITIDO DE RL CAJA DE MEXICO,MONTO,True,6000.0,6000.0,False
ACAPULCO,New Spain,1609,in,Mexico City,REMITIDO DE RL CAJA DE MEXICO,MONTO,True,224007.0,224007.0,False
ACAPULCO,New Spain,1610,in,Mexico City,REMITIDO DE RL CAJA DE MEXICO,MONTO,True,319761.0,319761.0,False
ACAPULCO,New Spain,1611,in,Mexico City,REMITIDO DE RL CAJA DE MEXICO,MONTO,True,54000.0,54000.0,False
ACAPULCO,New Spain,1614,in,Mexico City,REMITIDO DE RL CAJA DE MEXICO,MONTO,True,8000.0,8000.0,False
ACAPULCO,New Spain,1616,in,Mexico City,REMITIDO DE RL CAJA DE MEXICO,MONTO,True,316000.0,316000.0,False
ACAPULCO,New Spain,1617,in,Mexico City,REMITIDO DE RL CAJA DE MEXICO,MONTO,True,66000.0,66000.0,False
ACAPULCO,New Spain,1618,in,Mexico City,REMITIDO DE RL CAJA DE MEXICO,MONTO,True,79000.0,79000.0,False
ACAPULCO,New Spain,1619,in,Mexico City,REMITIDO DE RL CAJA DE MEXICO,MONTO,True,428586.0,428586.0,False
ACAPULCO,New Spain,1620,in,Mexico City,REMITIDO DE RL CAJA DE MEXICO,MONTO,True,392163.0,392163.0,False
ACAPULCO,New Spain,1621,in,Mexico City,REMITIDO DE RL CAJA DE MEXICO,MONTO,True,373541.0,373541.0,False
ACAPULCO,New Spain,1622,in,Mexico City,REMITIDO DE RL CAJA DE MEXICO,MONTO,True,536000.0,536000.0,False
ACAPULCO,New Spain,1623,in,Mexico City,REMITIDO DE RL CAJA DE MEXICO,MONTO,True,363500.0,363500.0,False
ACAPULCO,New Spain,1624,in,Mexico City,REMITIDO DE RL CAJA DE MEXICO,MONTO,True,349446.0,349446.0,False
ACAPULCO,New Spain,1625,in,Mexico City,REMITIDO DE RL CAJA DE MEXICO,MONTO,True,327000.0,327000.0,False
ACAPULCO,New Spain,1626,in,Mexico City,REMITIDO DE RL CAJA DE MEXICO,MONTO,True,425029.0,425029.0,False
ACAPULCO,New Spain,1627,in,Mexico City,REMITIDO DE RL CAJA DE MEXICO,MONTO,True,252000.0,252000.0,False
ACAPULCO,New Spain,1628,in,Mexico City,REMITIDO DE RL CAJA DE MEXICO,MONTO,True,328454.0,328454.0,False
ACAPULCO,New Spain,1629,in,Mexico City,REMITIDO DE RL CAJA DE MEXICO,MONTO,True,359608.0,359608.0,False
ACAPULCO,New Spain,1630,in,Mexico City,REMITIDO DE RL CAJA DE MEXICO,MONTO,True,178006.0,178006.0,False
ACAPULCO,New Spain,1631,in,Mexico City,REMITIDO DE RL CAJA DE MEXICO,MONTO,True,250000.0,250000.0,False
ACAPULCO,New Spain,1632,in,Mexico City,REMITIDO DE RL CAJA DE MEXICO,MONTO,True,342283.0,342283.0,False
ACAPULCO,New Spain,1634,in,Mexico City,REMITIDO DE RL CAJA DE MEXICO,MONTO,True,393246.0,393246.0,False
ACAPULCO,New Spain,1635,in,Mexico City,REMITIDO DE RL CAJA DE MEXICO,MONTO,True,396382.0,396382.0,False
ACAPULCO,New Spain,1636,in,Mexico City,REMITIDO DE RL CAJA DE MEXICO,MONTO,True,359763.0,359763.0,False
ACAPULCO,New Spain,1639,in,Mexico City,REMITIDO DE RL CAJA DE MEXICO,MONTO,True,490000.0,490000.0,False
ACAPULCO,New Spain,1640,in,Mexico City,REMITIDO DE RL CAJA DE MEXICO,MONTO,True,470000.0,470000.0,False
ACAPULCO,New Spain,1641,in,Mexico City,REMITIDO DE RL CAJA DE MEXICO,MONTO,True,330901.0,330901.0,False
ACAPULCO,New Spain,1642,in,Mexico City,REMITIDO DE RL CAJA DE MEXICO,MONTO,True,299646.0,299646.0,False
ACAPULCO,New Spain,1643,in,Mexico City,REMITIDO DE RL CAJA DE MEXICO,MONTO,True,70093.0,70093.0,False
ACAPULCO,New Spain,1644,in,Mexico City,REMITIDO DE RL CAJA DE MEXICO,MONTO,True,234276.0,234276.0,False
ACAPULCO,New Spain,1645,in,Mexico City,REMITIDO DE RL CAJA DE MEXICO,MONTO,True,379268.0,379268.0,False
ACAPULCO,New Spain,1646,in,Mexico City,REMITIDO DE RL CAJA DE MEXICO,MONTO,True,150000.0,150000.0,False
ACAPULCO,New Spain,1647,in,Mexico City,REMITIDO DE RL CAJA DE MEXICO,MONTO,True,10000.0,10000.0,False
ACAPULCO,New Spain,1648,in,Mexico City,REMITIDO DE RL CAJA DE MEXICO,MONTO,True,121191.0,121191.0,False
ACAPULCO,New Spain,1649,in,Mexico City,REMITIDO DE RL CAJA DE MEXICO,MONTO,True,140000.0,140000.0,False
ACAPULCO,New Spain,1650,in,Mexico City,REMITIDO DE RL CAJA DE MEXICO,MONTO,True,244000.0,244000.0,False
ACAPULCO,New Spain,1651,in,Mexico City,REMITIDO DE RL CAJA DE MEXICO,MONTO,True,17835.0,17835.0,False
ACAPULCO,New Spain,1652,in,Mexico City,REMITIDO DE RL CAJA DE MEXICO,MONTO,True,18000.0,18000.0,False
ACAPULCO,New Spain,1653,in,Mexico City,REMITIDO DE RL CAJA DE MEXICO,MONTO,True,272000.0,272000.0,False
ACAPULCO,New Spain,1654,in,Mexico City,REMITIDO DE RL CAJA DE MEXICO,MONTO,True,230000.0,230000.0,False
ACAPULCO,New Spain,1655,in,Mexico City,REMITIDO DE RL CAJA DE MEXICO,MONTO,True,313724.0,313724.0,False
ACAPULCO,New Spain,1656,in,Mexico City,REMITIDO DE RL CAJA DE MEXICO,MONTO,True,15000.0,15000.0,False
ACAPULCO,New Spain,1657,in,Mexico City,REMITIDO DE RL CAJA DE MEXICO,MONTO,True,4000.0,4000.0,False
ACAPULCO,New Spain,1658,in,Mexico City,REMITIDO DE RL CAJA DE MEXICO,MONTO,True,269650.0,269650.0,False
ACAPULCO,New Spain,1659,in,Mexico City,REMITIDO DE RL CAJA DE MEXICO,MONTO,True,212000.0,212000.0,False
ACAPULCO,New Spain,1662,in,Mexico City,REMITIDO DE RL CAJA DE MEXICO,MONTO,True,184000.0,184000.0,False
ACAPULCO,New Spain,1663,in,Mexico City,REMITIDO DE RL CAJA DE MEXICO,MONTO,True,278000.0,278000.0,False
ACAPULCO,New Spain,1664,in,Mexico City,REMITIDO DE RL CAJA DE MEXICO,MONTO,True,150000.0,150000.0,False
ACAPULCO,New Spain,1665,in,Mexico City,REMITIDO DE RL CAJA DE MEXICO,MONTO,True,194397.0,194397.0,False
ACAPULCO,New Spain,1666,in,Mexico City,REMITIDO DE RL CAJA DE MEXICO,MONTO,True,166000.0,166000.0,False
ACAPULCO,New Spain,1667,in,Mexico City,REMITIDO DE RL CAJA DE MEXICO,MONTO,True,140000.0,140000.0,False
ACAPULCO,New Spain,1668,in,Mexico City,REMITIDO DE RL CAJA DE MEXICO,MONTO,True,80000.0,80000.0,False
ACAPULCO,New Spain,1669,in,Mexico City,REMITIDO DE RL CAJA DE MEXICO,MONTO,True,123362.0,123362.0,False
ACAPULCO,New Spain,1669,in,Mexico City,REMITIDO DE RL CAJA DE MEXICO,MONTO,True,4000.0,4000.0,False
ACAPULCO,New Spain,1671,in,Mexico City,REMITIDO DE RL CAJA DE MEXICO,MONTO,True,226192.0,226192.0,False
ACAPULCO,New Spain,1672,in,Mexico City,REMITIDO DE RL CAJA DE MEXICO,MONTO,True,156000.0,156000.0,False
ACAPULCO,New Spain,1673,in,Mexico City,REMITIDO DE RL CAJA DE MEXICO,MONTO,True,199168.0,199168.0,False
ACAPULCO,New Spain,1674,in,Mexico City,REMITIDO DE RL CAJA DE MEXICO,MONTO,True,137767.0,137767.0,False
ACAPULCO,New Spain,1675,in,Mexico City,REMITIDO DE RL CAJA DE MEXICO,MONTO,True,138932.0,138932.0,False
ACAPULCO,New Spain,1676,in,Mexico City,REMITIDO DE RL CAJA DE MEXICO,MONTO,True,144000.0,144000.0,False
ACAPULCO,New Spain,1677,in,Mexico City,REMITIDO DE RL CAJA DE MEXICO,MONTO,True,212741.0,212741.0,False
ACAPULCO,New Spain,1678,in,Mexico City,REMITIDO DE RL CAJA DE MEXICO,MONTO,True,137296.0,137296.0,False
ACAPULCO,New Spain,1679,out,Spain,REMITIDO A CASTILLA DE ACAPULCO,MONTO,True,63361.0,63361.0,False
ACAPULCO,New Spain,1679,in,Mexico City,REMITIDO DE RL CAJA DE MEXICO,MONTO,True,53737.0,53737.0,False
ACAPULCO,New Spain,1680,in,Mexico City,REMITIDO DE RL CAJA DE MEXICO,MONTO,True,189318.0,189318.0,False
ACAPULCO,New Spain,1681,in,Mexico City,REMITIDO DE RL CAJA DE MEXICO,MONTO,True,47455.0,47455.0,False
ACAPULCO,New Spain,1682,in,Mexico City,REMITIDO DE RL CAJA DE MEXICO,MONTO,True,192095.0,192095.0,False
ACAPULCO,New Spain,1683,in,Mexico City,REMITIDO DE RL CAJA DE MEXICO,MONTO,True,16000.0,16000.0,False
ACAPULCO,New Spain,1684,in,Mexico City,REMITIDO DE RL CAJA DE MEXICO,MONTO,True,356730.0,356730.0,False
ACAPULCO,New Spain,1685,in,Mexico City,REMITIDO DE RL CAJA DE MEXICO,MONTO,True,231596.0,231596.0,False
ACAPULCO,New Spain,1686,in,Mexico City,REMITIDO DE RL CAJA DE MEXICO,MONTO,True,214661.0,214661.0,False
ACAPULCO,New Spain,1687,in,Mexico City,REMITIDO DE RL CAJA DE MEXICO,MONTO,True,22000.0,22000.0,False
ACAPULCO,New Spain,1688,in,Mexico City,REMITIDO DE RL CAJA DE MEXICO,MONTO,True,148000.0,148000.0,False
ACAPULCO,New Spain,1689,in,Mexico City,REMITIDO DE RL CAJA DE MEXICO,MONTO,True,273715.0,273715.0,False
ACAPULCO,New Spain,1690,in,Mexico City,REMITIDO DE RL CAJA DE MEXICO,MONTO,True,208294.0,208294.0,False
ACAPULCO,New Spain,1691,in,Mexico City,REMITIDO DE RL CAJA DE MEXICO,MONTO,True,200987.0,200987.0,False
ACAPULCO,New Spain,1692,in,Mexico City,REMITIDO DE RL CAJA DE MEXICO,MONTO,True,233470.0,233470.0,False
ACAPULCO,New Spain,1693,in,Mexico City,REMITIDO DE RL CAJA DE MEXICO,MONTO,True,473688.0,473688.0,False
ACAPULCO,New Spain,1695,in,Mexico City,REMITIDO DE RL CAJA DE MEXICO,MONTO,True,157364.0,157364.0,False
ACAPULCO,New Spain,1696,in,Mexico City,REMITIDO DE RL CAJA DE MEXICO,MONTO,True,25897.0,25897.0,False
ACAPULCO,New Spain,1698,in,Mexico City,REMITIDO DE RL CAJA DE MEXICO,MONTO,True,8000.0,8000.0,False
ACAPULCO,New Spain,1703,out,Mexico City,REMITIDO A RL CAJA DE MEXICO,MONTO,True,26299.0,26299.0,False
ACAPULCO,New Spain,1703,in,Mexico City,REMITIDO DE RL CAJA DE MEXICO,MONTO,True,7875.0,7875.0,False
ACAPULCO,New Spain,1704,in,Mexico City,REMITIDO DE RL CAJA DE MEXICO,MONTO,True,12000.0,12000.0,False
ACAPULCO,New Spain,1704,out,Veracruz,REMITIDO A RL CAJA DE VERACRUZ,MONTO,True,123118.0,123118.0,False
ACAPULCO,New Spain,1705,out,Mexico City,REMITIDO A RL CAJA DE MEXICO,MONTO,True,140612.0,140612.0,False
ACAPULCO,New Spain,1705,in,Mexico City,REMITIDO DE RL CAJA DE MEXICO,MONTO,True,23000.0,23000.0,False
ACAPULCO,New Spain,1707,out,Mexico City,REMITIDO A RL CAJA DE MEXICO,MONTO,True,23324.0,23324.0,False
ACAPULCO,New Spain,1707,in,Mexico City,REMITIDO DE RL CAJA DE MEXICO,MONTO,True,150000.0,150000.0,False
ACAPULCO,New Spain,1708,out,Veracruz,REMITIDO A RL CAJA DE VERACRUZ,MONTO,True,124002.0,124002.0,False
ACAPULCO,New Spain,1708,in,Mexico City,REMITIDO DE RL CAJA DE MEXICO,MONTO,True,7000.0,7000.0,False
ACAPULCO,New Spain,1709,out,Veracruz,REMITIDO A RL CAJA DE VERACRUZ,MONTO,True,21700.0,21700.0,False
ACAPULCO,New Spain,1710,out,Mexico City,REMITIDO A RL CAJA DE MEXICO,MONTO,True,6366.0,6366.0,False
ACAPULCO,New Spain,1711,out,Mexico City,REMITIDO A RL CAJA DE MEXICO,MONTO,True,64376.0,64376.0,False
ACAPULCO,New Spain,1713,in,Mexico City,REMITIDO DE RL CAJA DE MEXICO,MONTO,True,133529.0,133529.0,False
ACAPULCO,New Spain,1717,in,Mexico City,REMITIDO DE RL CAJA DE MEXICO,MONTO,True,6000.0,6000.0,False
ACAPULCO,New Spain,1718,out,Mexico City,REMITIDO A RL CAJA DE MEXICO,MONTO,True,504992.0,504992.0,False
ACAPULCO,New Spain,1718,in,Mexico City,REMITIDO DE RL CAJA DE MEXICO,MONTO,True,182293.0,182293.0,False
ACAPULCO,New Spain,1720,in,Mexico City,REMITIDO DE RL CAJA DE MEXICO,MONTO,True,10750.0,10750.0,False
ACAPULCO,New Spain,1720,in,Mexico City,REMITIDO DE RL CAJA DE MEXICO,MONTO,True,38625.0,38625.0,False
ACAPULCO,New Spain,1721,in,Mexico City,REMITIDO DE RL CAJA DE MEXICO,MONTO,True,70814.0,70814.0,False
ACAPULCO,New Spain,1722,in,Mexico City,REMITIDO DE RL CAJA DE MEXICO,MONTO,True,91768.0,91768.0,False
ACAPULCO,New Spain,1724,in,Mexico City,REMITIDO DE RL CAJA DE MEXICO,MONTO,True,173157.0,173157.0,False
ACAPULCO,New Spain,1724,out,Mexico City,REMITIDO A RL CAJA DE MEXICO,MONTO,True,14000.0,14000.0,False
ACAPULCO,New Spain,1726,in,Mexico City,REMITIDO DE RL CAJA DE MEXICO,MONTO,True,82701.0,82701.0,False
ACAPULCO,New Spain,1726,in,Mexico City,REMITIDO DE RL CAJA DE MEXICO,MONTO,True,66311.0,66311.0,False
ACAPULCO,New Spain,1727,out,Veracruz,REMITIDO A RL CAJA DE VERACRUZ,MONTO,True,85000.0,85000.0,False
ACAPULCO,New Spain,1727,in,Mexico City,REMITIDO DE RL CAJA DE MEXICO,MONTO,True,91766.0,91766.0,False
ACAPULCO,New Spain,1728,in,Mexico City,REMITIDO DE RL CAJA DE MEXICO,MONTO,True,97276.0,97276.0,False
ACAPULCO,New Spain,1728,out,Veracruz,REMITIDO A RL CAJA DE VERACRUZ,MONTO,True,286992.0,286992.0,False
ACAPULCO,New Spain,1729,in,Mexico City,REMITIDO DE RL CAJA DE MEXICO,MONTO,True,56722.0,56722.0,False
ACAPULCO,New Spain,1729,out,Mexico City,REMITIDO A RL CAJA DE MEXICO,MONTO,True,47101.0,47101.0,False
ACAPULCO,New Spain,1730,out,Mexico City,REMITIDO A RL CAJA DE MEXICO,MONTO,True,74000.0,74000.0,False
ACAPULCO,New Spain,1733,out,Mexico City,REMITIDO A RL CAJA DE MEXICO,MONTO,True,9000.0,9000.0,False
ACAPULCO,New Spain,1734,in,Mexico City,REMITIDO DE RL CAJA DE MEXICO,MONTO,True,137923.0,137923.0,False
ACAPULCO,New Spain,1735,out,Mexico City,REMITIDO A RL CAJA DE MEXICO,MONTO,True,172000.0,172000.0,False
ACAPULCO,New Spain,1735,in,Mexico City,REMITIDO DE RL CAJA DE MEXICO,MONTO,True,6000.0,6000.0,False
ACAPULCO,New Spain,1736,in,Mexico City,REMITIDO DE RL CAJA DE MEXICO,MONTO,True,22730.0,22730.0,False
ACAPULCO,New Spain,1738,out,Mexico City,REMITIDO A RL CAJA DE MEXICO,MONTO,True,74000.0,74000.0,False
ACAPULCO,New Spain,1738,in,Mexico City,REMITIDO DE RL CAJA DE MEXICO,MONTO,True,18735.0,18735.0,False
ACAPULCO,New Spain,1741,in,Mexico City,REMITIDO DE RL CAJA DE MEXICO,MONTO,True,94252.0,94252.0,False
ACAPULCO,New Spain,1743,in,Mexico City,REMITIDO DE RL CAJA DE MEXICO,MONTO,True,6000.0,6000.0,False
ACAPULCO,New Spain,1744,in,Mexico City,REMITIDO DE RL CAJA DE MEXICO,MONTO,True,15547.0,15547.0,False
ACAPULCO,New Spain,1745,in,Mexico City,REMITIDO DE RL CAJA DE MEXICO,MONTO,True,69547.0,69547.0,False
ACAPULCO,New Spain,1746,in,Mexico City,REMITIDO DE RL CAJA DE MEXICO,MONTO,True,93788.0,93788.0,False
ACAPULCO,New Spain,1749,in,Mexico City,REMITIDO DE RL CAJA DE MEXICO,MONTO,True,132700.0,132700.0,False
ACAPULCO,New Spain,1749,out,Mexico City,REMITIDO A RL CAJA DE MEXICO,MONTO,True,34816.0,34816.0,False
ACAPULCO,New Spain,1750,in,Mexico City,REMITIDO DE RL CAJA DE MEXICO,MONTO,True,10000.0,10000.0,False
ACAPULCO,New Spain,1753,out,Mexico City,REMITIDO A RL CAJA DE MEXICO,MONTO,True,4963.0,4963.0,False
ACAPULCO,New Spain,1753,in,Mexico City,REMITIDO DE RL CAJA DE MEXICO,MONTO,True,170681.0,170681.0,False
ACAPULCO,New Spain,1754,in,Mexico City,REMITIDO DE RL CAJA DE MEXICO,MONTO,True,97969.0,97969.0,False
ACAPULCO,New Spain,1755,out,Mexico City,REMITIDO A RL CAJA DE MEXICO,MONTO,True,14000.0,14000.0,False
ACAPULCO,New Spain,1755,in,Mexico City,REMITIDO DE RL CAJA DE MEXICO,MONTO,True,164874.0,164874.0,False
ACAPULCO,New Spain,1756,in,Mexico City,REMITIDO DE RL CAJA DE MEXICO,MONTO,True,124552.0,124552.0,False
ACAPULCO,New Spain,1756,out,Mexico City,REMITIDO A RL CAJA DE MEXICO,MONTO,True,18000.0,18000.0,False
ACAPULCO,New Spain,1757,in,Mexico City,REMITIDO DE RL CAJA DE MEXICO,MONTO,True,160146.0,160146.0,False
ACAPULCO,New Spain,1757,out,Mexico City,REMITIDO A RL CAJA DE MEXICO,MONTO,True,9000.0,9000.0,False
ACAPULCO,New Spain,1758,in,Mexico City,REMITIDO DE RL CAJA DE MEXICO,MONTO,True,169315.0,169315.0,False
ACAPULCO,New Spain,1759,in,Mexico City,REMITIDO DE RL CAJA DE MEXICO,MONTO,True,225287.0,225287.0,False
ACAPULCO,New Spain,1761,in,Mexico City,REMITIDO DE RL CAJA DE MEXICO,MONTO,True,187288.0,187288.0,False
ACAPULCO,New Spain,1762,out,Mexico City,REMITIDO A RL CAJA DE MEXICO,MONTO,True,34700.0,34700.0,False
ACAPULCO,New Spain,1762,in,Mexico City,REMITIDO DE RL CAJA DE MEXICO,MONTO,True,207799.0,207799.0,False
ACAPULCO,New Spain,1764,in,Mexico City,REMITIDO DE RL CAJA DE MEXICO,MONTO,True,15000.0,15000.0,False
ACAPULCO,New Spain,1765,in,Mexico City,REMITIDO DE RL CAJA DE MEXICO,MONTO,True,190000.0,190000.0,False
ACAPULCO,New Spain,1765,out,Mexico City,REMITIDO A RL CAJA DE MEXICO,MONTO,True,12000.0,12000.0,False
ACAPULCO,New Spain,1766,in,Mexico City,REMITIDO DE RL CAJA DE MEXICO,MONTO,True,220675.0,220675.0,False
ACAPULCO,New Spain,1766,out,Mexico City,REMITIDO A RL CAJA DE MEXICO,MONTO,True,38000.0,38000.0,False
ACAPULCO,New Spain,1767,in,Mexico City,REMITIDO DE RL CAJA DE MEXICO,MONTO,True,280000.0,280000.0,False
ACAPULCO,New Spain,1767,out,Mexico City,REMITIDO A RL CAJA DE MEXICO,MONTO,True,90544.0,90544.0,False
ACAPULCO,New Spain,1769,in,Mexico City,REMITIDO DE RL CAJA DE MEXICO,MONTO,True,28865.0,28865.0,False
ACAPULCO,New Spain,1770,in,Mexico City,REMITIDO DE RL CAJA DE MEXICO,MONTO,True,250000.0,250000.0,False
ACAPULCO,New Spain,1770,out,Manila,REMITIDO A FILIPINAS MISIONES,MONTO,True,1620.0,1620.0,False
ACAPULCO,New Spain,1770,out,Mexico City,REMITIDO A RL CAJA DE MEXICO,MONTO,True,45316.0,45316.0,False
ACAPULCO,New Spain,1772,in,Mexico City,REMITIDO DE RL CAJA DE MEXICO,MONTO,True,344774.0,344774.0,False
ACAPULCO,New Spain,1772,out,Mexico City,REMITIDO A RL CAJA DE MEXICO,MONTO,True,160774.0,160774.0,False
ACAPULCO,New Spain,1774,in,Mexico City,REMITIDO DE RL CAJA DE MEXICO,MONTO,True,259191.0,259191.0,False
ACAPULCO,New Spain,1774,out,Manila,REMITIDO A MANILA PARA SUP GOB,MONTO,True,38503.0,38503.0,False
ACAPULCO,New Spain,1774,out,Mexico City,REMITIDO A RL CAJA DE MEXICO,MONTO,True,36000.0,36000.0,False
ACAPULCO,New Spain,1775,in,Mexico City,REMITIDO DE RL CAJA DE MEXICO,MONTO,True,177667.0,177667.0,False
ACAPULCO,New Spain,1775,out,Manila,REMITIDO A MANILA PARA SUP GOB,MONTO,True,50076.0,50076.0,False
ACAPULCO,New Spain,1775,out,Mexico City,REMITIDO A RL CAJA DE MEXICO,MONTO,True,47000.0,47000.0,False
ACAPULCO,New Spain,1776,out,Manila,REMITIDO A MANILA PARA SUP GOB,MONTO,True,15000.0,15000.0,False
ACAPULCO,New Spain,1776,in,Mexico City,REMITIDO DE RL CAJA DE MEXICO,MONTO,True,196752.0,196752.0,False
ACAPULCO,New Spain,1776,out,Mexico City,REMITIDO A RL CAJA DE MEXICO,MONTO,True,46000.0,46000.0,False
ACAPULCO,New Spain,1777,in,Mexico City,REMITIDO DE RL CAJA DE MEXICO,MONTO,True,13581.0,13581.0,False
ACAPULCO,New Spain,1778,out,Manila,REMITIDO A MANILA PARA SUP GOB,MONTO,True,30000.0,30000.0,False
ACAPULCO,New Spain,1778,in,Mexico City,REMITIDO DE RL CAJA DE MEXICO,MONTO,True,401900.0,401900.0,False
ACAPULCO,New Spain,1779,in,Mexico City,REMITIDO DE RL CAJA DE MEXICO,MONTO,True,191103.0,191103.0,False
ACAPULCO,New Spain,1780,in,Mexico City,REMITIDO DE RL CAJA DE MEXICO,MONTO,True,754424.0,754424.0,False
ACAPULCO,New Spain,1781,in,Mexico City,REMITIDO DE RL CAJA DE MEXICO,MONTO,True,219355.0,219355.0,False
ACAPULCO,New Spain,1782,in,Mexico City,REMITIDO DE RL CAJA DE MEXICO,MONTO,True,533697.0,533697.0,False
ACAPULCO,New Spain,1783,in,Mexico City,REMITIDO DE RL CAJA DE MEXICO,MONTO,True,13000.0,13000.0,False
ACAPULCO,New Spain,1784,out,Mexico City,REMITIDO A RL CAJA DE MEXICO,MONTO,True,50000.0,50000.0,False
ACAPULCO,New Spain,1784,in,Mexico City,REMITIDO DE RL CAJA DE MEXICO,MONTO,True,130427.0,130427.0,False
ACAPULCO,New Spain,1785,out,Mexico City,REMITIDO A RL CAJA DE MEXICO,MONTO,True,122000.0,122000.0,False
ACAPULCO,New Spain,1785,in,Mexico City,REMITIDO DE RL CAJA DE MEXICO,MONTO,True,89095.0,89095.0,False
ACAPULCO,New Spain,1786,in,unspecified,OTRAS TESORERIAS,MONTO,True,242036.0,242036.0,False
ACAPULCO,New Spain,1787,in,unspecified,OTRAS TESORERIAS,MONTO,True,105445.0,105445.0,False
ACAPULCO,New Spain,1788,in,unspecified,OTRAS TESORERIAS,MONTO,True,186663.0,186663.0,False
ACAPULCO,New Spain,1789,in,unspecified,OTRAS TESORERIAS,MONTO,True,12000.0,12000.0,False
ACAPULCO,New Spain,1790,out,unspecified,OTRAS TESORERIAS,MONTO,True,211865.0,211865.0,False
ACAPULCO,New Spain,1790,in,unspecified,OTRAS TESORERIAS,MONTO,True,218627.0,218627.0,False
ACAPULCO,New Spain,1791,out,unspecified,OTRAS TESORERIAS,MONTO,True,4203.0,4203.0,False
ACAPULCO,New Spain,1792,out,unspecified,OTRAS TESORERIAS,MONTO,True,233548.0,233548.0,False
ACAPULCO,New Spain,1792,in,unspecified,OTRAS TESORERIAS,MONTO,True,483830.0,483830.0,False
ACAPULCO,New Spain,1793,out,Mexico City,REMITIDO A RL CAJA DE MEXICO,MONTO,True,12898.0,12898.0,False
ACAPULCO,New Spain,1794,out,unspecified,OTRAS TESORERIAS,MONTO,True,9000.0,9000.0,False
ACAPULCO,New Spain,1794,in,unspecified,OTRAS TESORERIAS,MONTO,True,59000.0,59000.0,False
ACAPULCO,New Spain,1795,out,unspecified,OTRAS TESORERIAS,MONTO,True,1863.0,1863.0,False
ACAPULCO,New Spain,1795,out,Manila,REMITIDO A MANILA PARA SUP GOB,MONTO,True,409064.0,409064.0,False
ACAPULCO,New Spain,1795,out,Mexico City,REMITIDO A RL CAJA DE MEXICO,MONTO,True,112.0,112.0,False
ACAPULCO,New Spain,1795,in,Mexico City,REMITIDO DE RL CAJA DE MEXICO,MONTO,True,597811.0,597811.0,False
ACAPULCO,New Spain,1796,out,unspecified,OTRAS TESORERIAS,MONTO,True,16239.0,16239.0,False
ACAPULCO,New Spain,1796,in,unspecified,OTRAS TESORERIAS,MONTO,True,25307.0,25307.0,False
ACAPULCO,New Spain,1797,out,unspecified,OTRAS TESORERIAS,MONTO,True,230287.0,230287.0,False
ACAPULCO,New Spain,1797,in,unspecified,OTRAS TESORERIAS,MONTO,True,81831.0,81831.0,False
ACAPULCO,New Spain,1797,in,Mexico City,REMITIDO DE RL CAJA DE MEXICO,MONTO,True,524300.0,524300.0,False
ACAPULCO,New Spain,1798,out,unspecified,OTRAS TESORERIAS,MONTO,True,4950.0,4950.0,False
ACAPULCO,New Spain,1798,in,unspecified,OTRAS TESORERIAS,MONTO,True,71593.0,71593.0,False
ACAPULCO,New Spain,1798,in,Mexico City,REMITIDO DE RL CAJA DE MEXICO,MONTO,True,1299062.0,1299062.0,False
ACAPULCO,New Spain,1799,in,unspecified,OTRAS TESORERIAS,MONTO,True,25762.0,25762.0,False
ACAPULCO,New Spain,1799,in,Mexico City,REMITIDO DE RL CAJA DE MEXICO,MONTO,True,734412.0,734412.0,False
ACAPULCO,New Spain,1801,out,unspecified,OTRAS TESORERIAS,MONTO,True,3678.0,3678.0,False
ACAPULCO,New Spain,1801,out,San Blas,SITUADO DE SAN BLAS,MONTO,True,8814.0,8814.0,False
ACAPULCO,New Spain,1801,in,unspecified,OTRAS TESORERIAS,MONTO,True,7874.0,7874.0,False
ACAPULCO,New Spain,1801,in,Mexico City,REMITIDO DE RL CAJA DE MEXICO,MONTO,True,367901.0,367901.0,False
ACAPULCO,New Spain,1802,out,unspecified,OTRAS TESORERIAS,MONTO,True,112830.0,112830.0,False
ACAPULCO,New Spain,1802,out,San Blas,SITUADO DE SAN BLAS,MONTO,True,3664.0,3664.0,False
ACAPULCO,New Spain,1802,in,unspecified,OTRAS TESORERIAS,MONTO,True,156262.0,156262.0,False
ACAPULCO,New Spain,1802,in,Mexico City,REMITIDO DE RL CAJA DE MEXICO,MONTO,True,247927.0,247927.0,False
ACAPULCO,New Spain,1804,out,unspecified,OTRAS TESORERIAS,MONTO,True,5390.0,5390.0,False
ACAPULCO,New Spain,1804,out,San Blas,SITUADO DE SAN BLAS,MONTO,True,15116.0,15116.0,False
ACAPULCO,New Spain,1804,in,unspecified,OTRAS TESORERIAS,MONTO,True,10128.0,10128.0,False
ACAPULCO,New Spain,1804,in,Mexico City,REMITIDO DE RL CAJA DE MEXICO,MONTO,True,13524.0,13524.0,False
ACAPULCO,New Spain,1805,out,unspecified,OTRAS TESORERIAS,MONTO,True,3343.0,3343.0,False
ACAPULCO,New Spain,1805,out,San Blas,SITUADO DE SAN BLAS,MONTO,True,3233.0,3233.0,False
ACAPULCO,New Spain,1805,in,unspecified,OTRAS TESORERIAS,MONTO,True,22140.0,22140.0,False
ACAPULCO,New Spain,1805,in,Mexico City,REMITIDO DE RL CAJA DE MEXICO,MONTO,True,1171.0,1171.0,False
ACAPULCO,New Spain,1805,in,San Blas,SITUADO DE SAN BLAS,MONTO,True,279.0,279.0,False
ACAPULCO,New Spain,1806,out,unspecified,OTRAS TESORERIAS,MONTO,True,2653.0,2653.0,False
ACAPULCO,New Spain,1806,in,unspecified,OTRAS TESORERIAS,MONTO,True,503.0,503.0,False
ACAPULCO,New Spain,1806,in,Mexico City,REMITIDO DE RL CAJA DE MEXICO,MONTO,True,500000.0,500000.0,False
ACAPULCO,New Spain,1808,out,unspecified,OTRAS TESORERIAS,MONTO,True,4857.0,4857.0,False
ACAPULCO,New Spain,1808,in,unspecified,OTRAS TESORERIAS,MONTO,True,2469.0,2469.0,False
ACAPULCO,New Spain,1809,out,unspecified,OTRAS TESORERIAS,MONTO,True,2440.0,2440.0,False
ACAPULCO,New Spain,1809,out,San Blas,SITUADO DE SAN BLAS,MONTO,True,724.0,724.0,False
ACAPULCO,New Spain,1809,in,unspecified,OTRAS TESORERIAS,MONTO,True,5379.0,5379.0,False
ARISPE,New Spain,1781,out,unspecified,OTRAS TESORERIAS,MONTO,True,1261.0,1261.0,False
ARISPE,New Spain,1781,in,Mexico City,REMITIDO DE RL CAJA DE MEXICO,MONTO,True,98662.0,98662.0,False
ARISPE,New Spain,1781,in,Guadalajara,REMITIDO DE RL CAJA GUADALAJARA,MONTO,True,7422.0,7422.0,False
ARISPE,New Spain,1781,in,Alamos,REMITIDO DE LOS ALAMOS,MONTO,True,33887.0,33887.0,False
ARISPE,New Spain,1781,in,Mexico City,REMITIDO DE RL CAJA DE MEXICO,MONTO,True,117820.0,117820.0,False
ARISPE,New Spain,1783,in,Mexico City,REMITIDO DE RL CAJA DE MEXICO,MONTO,True,132403.0,132403.0,False
ARISPE,New Spain,1784,out,unspecified,OTRAS TESORERIAS,MONTO,True,4759.0,4759.0,False
ARISPE,New Spain,1784,in,Mexico City,REMITIDO DE RL CAJA DE MEXICO,MONTO,True,81837.0,81837.0,False
ARISPE,New Spain,1785,in,Mexico City,REMITIDO DE RL CAJA DE MEXICO,MONTO,True,124700.0,124700.0,False
ARISPE,New Spain,1786,out,unspecified,OTRAS TESORERIAS,MONTO,True,2605.0,2605.0,False
ARISPE,New Spain,1786,in,unspecified,OTRAS TESORERIAS,MONTO,True,169071.0,169071.0,False
ARISPE,New Spain,1787,in,unspecified,OTRAS TESORERIAS,MONTO,True,236028.0,236028.0,False
ARISPE,New Spain,1788,out,unspecified,OTRAS TESORERIAS,MONTO,True,186.0,186.0,False
ARISPE,New Spain,1788,in,unspecified,OTRAS TESORERIAS,MONTO,True,315138.0,315138.0,False
ARISPE,New Spain,1789,in,Mexico City,REMITIDO DE RL CAJA DE MEXICO,MONTO,True,145968.0,145968.0,False
ARISPE,New Spain,1790,out,Mexico City,REMITIDO A RL CAJA DE MEXICO,MONTO,True,920.0,920.0,False
ARISPE,New Spain,1790,in,Mexico City,REMITIDO DE RL CAJA DE MEXICO,MONTO,True,167513.0,167513.0,False
ARISPE,New Spain,1791,in,Mexico City,REMITIDO DE RL CAJA DE MEXICO,MONTO,True,148887.0,148887.0,False
ARISPE,New Spain,1791,in,Veracruz,REMITIDO DE RL CAJA DE VERACRUZ,MONTO,True,400.0,400.0,False
ARISPE,New Spain,1792,in,Mexico City,REMITIDO DE RL CAJA DE MEXICO,MONTO,True,122669.0,122669.0,False
ARISPE,New Spain,1792,in,Guadalajara,REMITIDO DE RL CAJA GUADALAJARA,MONTO,True,1000.0,1000.0,False
ARISPE,New Spain,1793,in,Mexico City,REMITIDO DE RL CAJA DE MEXICO,MONTO,True,144682.0,144682.0,False
ARISPE,New Spain,1794,in,Durango,REMITIDO DE RL CAJA DE DURANGO,MONTO,True,1489.0,1489.0,False
ARISPE,New Spain,1794,in,Mexico City,REMITIDO DE RL CAJA DE MEXICO,MONTO,True,131414.0,131414.0,False
ARISPE,New Spain,1795,in,Mexico City,REMITIDO DE RL CAJA DE MEXICO,MONTO,True,134944.0,134944.0,False
ARISPE,New Spain,1796,in,Mexico City,REMITIDO DE RL CAJA DE MEXICO,MONTO,True,625.0,625.0,False
ARISPE,New Spain,1796,in,Mexico City,REMITIDO DE RL CAJA DE MEXICO,MONTO,True,62130.0,62130.0,False
ARISPE,New Spain,1797,in,Durango,REMITIDO DE RL CAJA DE DURANGO,MONTO,True,100000.0,100000.0,False
ARISPE,New Spain,1797,in,Guatemala,REMITIDO DE RL CAJA DE GUATEMALA,MONTO,True,608.0,608.0,False
ARISPE,New Spain,1797,in,Mexico City,REMITIDO DE RL CAJA DE MEXICO,MONTO,True,145676.0,145676.0,False
ARISPE,New Spain,1797,in,Guadalajara,REMITIDO DE RL CAJA GUADALAJARA,MONTO,True,75000.0,75000.0,False
ARISPE,New Spain,1798,out,unspecified,OTRAS TESORERIAS,MONTO,True,100.0,100.0,False
ARISPE,New Spain,1798,in,unspecified,OTRAS TESORERIAS,MONTO,True,170968.0,170968.0,False
ARISPE,New Spain,1799,out,unspecified,OTRAS TESORERIAS,MONTO,True,4344.0,4344.0,False
ARISPE,New Spain,1799,in,unspecified,OTRAS TESORERIAS,MONTO,True,242236.0,242236.0,False
ARISPE,New Spain,1800,out,unspecified,OTRAS TESORERIAS,MONTO,True,8943.0,8943.0,False
ARISPE,New Spain,1800,in,unspecified,OTRAS TESORERIAS,MONTO,True,141026.0,141026.0,False
ARISPE,New Spain,1801,out,unspecified,OTRAS TESORERIAS,MONTO,True,2155.0,2155.0,False
ARISPE,New Spain,1801,in,unspecified,OTRAS TESORERIAS,MONTO,True,155883.0,155883.0,False
ARISPE,New Spain,1802,out,unspecified,OTRAS TESORERIAS,MONTO,True,2155.0,2155.0,False
ARISPE,New Spain,1802,in,unspecified,OTRAS TESORERIAS,MONTO,True,139134.0,139134.0,False
ARISPE,New Spain,1803,out,unspecified,OTRAS TESORERIAS,MONTO,True,2375.0,2375.0,False
ARISPE,New Spain,1803,in,unspecified,OTRAS TESORERIAS,MONTO,True,107377.0,107377.0,False
ARISPE,New Spain,1804,out,unspecified,OTRAS TESORERIAS,MONTO,True,3614.0,3614.0,False
ARISPE,New Spain,1804,in,unspecified,OTRAS TESORERIAS,MONTO,True,183512.0,183512.0,False
ARISPE,New Spain,1805,out,unspecified,OTRAS TESORERIAS,MONTO,True,3119.0,3119.0,False
ARISPE,New Spain,1805,in,unspecified,OTRAS TESORERIAS,MONTO,True,136104.0,136104.0,False
ARISPE,New Spain,1807,out,unspecified,OTRAS TESORERIAS,MONTO,True,12581.0,12581.0,False
ARISPE,New Spain,1807,out,Mexico City,REMITIDO A MEXICO PAPEL SELLADO,MONTO,True,2478.0,2478.0,False
ARISPE,New Spain,1807,in,unspecified,OTRAS TESORERIAS,MONTO,True,173544.0,173544.0,False
ARISPE,New Spain,1808,out,unspecified,OTRAS TESORERIAS,MONTO,True,44433.0,44433.0,False
ARISPE,New Spain,1808,in,unspecified,OTRAS TESORERIAS,MONTO,True,134831.0,134831.0,False
ARISPE,New Spain,1809,out,unspecified,OTRAS TESORERIAS,MONTO,True,30811.0,30811.0,False
ARISPE,New Spain,1809,in,unspecified,OTRAS TESORERIAS,MONTO,True,186274.0,186274.0,False
ARISPE,New Spain,1813,out,unspecified,OTRAS TESORERIAS,MONTO,True,90177.0,90177.0,False
ARISPE,New Spain,1813,in,unspecified,OTRAS TESORERIAS,MONTO,True,345639.0,345639.0,False
BOLAÑOS,New Spain,1753,out,Mexico City,REMITIDO A RL CAJA DE MEXICO,MONTO,True,342431.0,342431.0,False
BOLAÑOS,New Spain,1754,out,Mexico City,REMITIDO A RL CAJA DE MEXICO,MONTO,True,367743.0,367743.0,False
BOLAÑOS,New Spain,1755,out,Mexico City,REMITIDO A RL CAJA DE MEXICO,MONTO,True,362829.0,362829.0,False
BOLAÑOS,New Spain,1756,out,Mexico City,REMITIDO A RL CAJA DE MEXICO,MONTO,True,458103.0,458103.0,False
BOLAÑOS,New Spain,1757,out,Mexico City,REMITIDO A RL CAJA DE MEXICO,MONTO,True,454839.0,454839.0,False
BOLAÑOS,New Spain,1758,out,Mexico City,REMITIDO A RL CAJA DE MEXICO,MONTO,True,464600.0,464600.0,False
BOLAÑOS,New Spain,1759,out,Mexico City,REMITIDO A RL CAJA DE MEXICO,MONTO,True,377665.0,377665.0,False
BOLAÑOS,New Spain,1760,out,Mexico City,REMITIDO A RL CAJA DE MEXICO,MONTO,True,414911.0,414911.0,False
BOLAÑOS,New Spain,1761,out,Mexico City,REMITIDO A RL CAJA DE MEXICO,MONTO,True,214004.0,214004.0,False
BOLAÑOS,New Spain,1762,out,Mexico City,REMITIDO A RL CAJA DE MEXICO,MONTO,True,141522.0,141522.0,False
BOLAÑOS,New Spain,1763,out,Mexico City,REMITIDO A RL CAJA DE MEXICO,MONTO,True,108228.0,108228.0,False
BOLAÑOS,New Spain,1764,out,Mexico City,REMITIDO A RL CAJA DE MEXICO,MONTO,True,120202.0,120202.0,False
BOLAÑOS,New Spain,1765,out,Mexico City,REMITIDO A RL CAJA DE MEXICO,MONTO,True,152801.0,152801.0,False
BOLAÑOS,New Spain,1766,out,Mexico City,REMITIDO A RL CAJA DE MEXICO,MONTO,True,128629.0,128629.0,False
BOLAÑOS,New Spain,1767,out,Mexico City,REMITIDO A RL CAJA DE MEXICO,MONTO,True,163395.0,163395.0,False
BOLAÑOS,New Spain,1768,out,Mexico City,REMITIDO A RL CAJA DE MEXICO,MONTO,True,100623.0,100623.0,False
BOLAÑOS,New Spain,1769,out,Mexico City,REMITIDO A RL CAJA DE MEXICO,MONTO,True,100094.0,100094.0,False
BOLAÑOS,New Spain,1770,out,Mexico City,REMITIDO A RL CAJA DE MEXICO,MONTO,True,100369.0,100369.0,False
BOLAÑOS,New Spain,1771,out,Mexico City,REMITIDO A RL CAJA DE MEXICO,MONTO,True,126443.0,126443.0,False
BOLAÑOS,New Spain,1772,out,Mexico City,REMITIDO A RL CAJA DE MEXICO,MONTO,True,79977.0,79977.0,False
BOLAÑOS,New Spain,1773,out,Mexico City,REMITIDO A RL CAJA DE MEXICO,MONTO,True,119928.0,119928.0,False
BOLAÑOS,New Spain,1774,out,Mexico City,REMITIDO A RL CAJA DE MEXICO,MONTO,True,124148.0,124148.0,False
BOLAÑOS,New Spain,1775,out,Mexico City,REMITIDO A RL CAJA DE MEXICO,MONTO,True,122996.0,122996.0,False
BOLAÑOS,New Spain,1776,out,Mexico City,REMITIDO A RL CAJA DE MEXICO,MONTO,True,212130.0,212130.0,False
BOLAÑOS,New Spain,1777,out,Mexico City,REMITIDO A RL CAJA DE MEXICO,MONTO,True,225134.0,225134.0,False
BOLAÑOS,New Spain,1778,out,Mexico City,REMITIDO A RL CAJA DE MEXICO,MONTO,True,208706.0,208706.0,False
BOLAÑOS,New Spain,1779,out,Mexico City,REMITIDO A RL CAJA DE MEXICO,MONTO,True,206357.0,206357.0,False
BOLAÑOS,New Spain,1780,out,Mexico City,REMITIDO A RL CAJA DE MEXICO,MONTO,True,222973.0,222973.0,False
BOLAÑOS,New Spain,1781,out,Mexico City,REMITIDO A RL CAJA DE MEXICO,MONTO,True,209847.0,209847.0,False
BOLAÑOS,New Spain,1782,out,Mexico City,REMITIDO A RL CAJA DE MEXICO,MONTO,True,77826.0,77826.0,False
BOLAÑOS,New Spain,1783,out,Mexico City,REMITIDO A RL CAJA DE MEXICO,MONTO,True,371100.0,371100.0,False
BOLAÑOS,New Spain,1784,out,Mexico City,REMITIDO A RL CAJA DE MEXICO,MONTO,True,209271.0,209271.0,False
BOLAÑOS,New Spain,1785,out,Mexico City,REMITIDO A RL CAJA DE MEXICO,MONTO,True,145591.0,145591.0,False
BOLAÑOS,New Spain,1786,out,Mexico City,REMITIDO A RL CAJA DE MEXICO,MONTO,True,123871.0,123871.0,False
BOLAÑOS,New Spain,1786,in,unspecified,OTRAS TESORERIAS,MONTO,True,6.0,6.0,False
BOLAÑOS,New Spain,1788,out,Mexico City,REMITIDO A RL CAJA DE MEXICO,MONTO,True,170805.0,170805.0,False
BOLAÑOS,New Spain,1788,out,Mexico City,REMITIDO A RL CAJA DE MEXICO,MONTO,True,113153.0,113153.0,False
BOLAÑOS,New Spain,1789,out,Mexico City,REMITIDO A RL CAJA DE MEXICO,MONTO,True,25117.0,25117.0,False
BOLAÑOS,New Spain,1790,out,Mexico City,REMITIDO A RL CAJA DE MEXICO,MONTO,True,27187.0,27187.0,False
BOLAÑOS,New Spain,1791,out,Mexico City,REMITIDO A RL CAJA DE MEXICO,MONTO,True,44273.0,44273.0,False
BOLAÑOS,New Spain,1792,out,Mexico City,REMITIDO A RL CAJA DE MEXICO,MONTO,True,173002.0,173002.0,False
BOLAÑOS,New Spain,1793,out,Mexico City,REMITIDO A RL CAJA DE MEXICO,MONTO,True,342315.0,342315.0,False
BOLAÑOS,New Spain,1794,out,Mexico City,REMITIDO A RL CAJA DE MEXICO,MONTO,True,159600.0,159600.0,False
BOLAÑOS,New Spain,1795,out,Mexico City,REMITIDO A RL CAJA DE MEXICO,MONTO,True,391047.0,391047.0,False
BOLAÑOS,New Spain,1796,out,Mexico City,REMITIDO A RL CAJA DE MEXICO,MONTO,True,166354.0,166354.0,False
BOLAÑOS,New Spain,1797,out,Mexico City,REMITIDO A RL CAJA DE MEXICO,MONTO,True,175024.0,175024.0,False
BOLAÑOS,New Spain,1798,out,Mexico City,REMITIDO A RL CAJA DE MEXICO,MONTO,True,92886.0,92886.0,False
BOLAÑOS,New Spain,1799,out,Mexico City,REMITIDO A RL CAJA DE MEXICO,MONTO,True,119258.0,119258.0,False
BOLAÑOS,New Spain,1800,out,Mexico City,REMITIDO A RL CAJA DE MEXICO,MONTO,True,52739.0,52739.0,False
BOLAÑOS,New Spain,1801,out,Mexico City,REMITIDO A RL CAJA DE MEXICO,MONTO,True,74219.0,74219.0,False
BOLAÑOS,New Spain,1802,out,Mexico City,REMITIDO A RL CAJA DE MEXICO,MONTO,True,365.0,365.0,False
BOLAÑOS,New Spain,1804,out,Mexico City,REMITIDO A RL CAJA DE MEXICO,MONTO,True,43322.0,43322.0,False
CAMPECHE,New Spain,1716,in,Yucatan,REMITIDO DE RL CAJA DE YUCATAN,MONTO,True,10720.0,10720.0,False
CAMPECHE,New Spain,1717,in,Yucatan,REMITIDO DE RL CAJA DE YUCATAN,MONTO,True,14700.0,14700.0,False
CAMPECHE,New Spain,1718,in,Yucatan,REMITIDO DE RL CAJA DE YUCATAN,MONTO,True,16000.0,16000.0,False
CAMPECHE,New Spain,1721,in,Yucatan,REMITIDO DE RL CAJA DE YUCATAN,MONTO,True,10000.0,10000.0,False
CAMPECHE,New Spain,1722,in,Yucatan,REMITIDO DE RL CAJA DE YUCATAN,MONTO,True,27705.0,27705.0,False
CAMPECHE,New Spain,1723,in,Yucatan,REMITIDO DE RL CAJA DE YUCATAN,MONTO,True,12000.0,12000.0,False
CAMPECHE,New Spain,1724,in,Yucatan,REMITIDO DE RL CAJA DE YUCATAN,MONTO,True,16000.0,16000.0,False
CAMPECHE,New Spain,1725,in,Yucatan,REMITIDO DE RL CAJA DE YUCATAN,MONTO,True,3242.0,3242.0,False
CAMPECHE,New Spain,1726,in,Yucatan,REMITIDO DE RL CAJA DE YUCATAN,MONTO,True,1600.0,1600.0,False
CAMPECHE,New Spain,1528,in,Yucatan,REMITIDO DE RL CAJA DE YUCATAN,MONTO,True,12000.0,12000.0,False
CAMPECHE,New Spain,1729,in,Yucatan,REMITIDO DE RL CAJA DE YUCATAN,MONTO,True,8000.0,8000.0,False
CAMPECHE,New Spain,1755,out,Yucatan,REMITIDO A MERIDA DE YUCATAN,MONTO,True,6635.0,6635.0,False
CAMPECHE,New Spain,1755,out,Veracruz,REMITIDO A RL CAJA DE VERACRUZ,MONTO,True,12288.0,12288.0,False
CAMPECHE,New Spain,1757,out,Yucatan,REMITIDO A MERIDA DE YUCATAN,MONTO,True,6000.0,6000.0,False
CAMPECHE,New Spain,1757,out,Veracruz,REMITIDO A RL CAJA DE VERACRUZ,MONTO,True,12912.0,12912.0,False
CAMPECHE,New Spain,1760,in,Yucatan,REMITIDO DE RL CAJA DE YUCATAN,MONTO,True,96688.0,96688.0,False
CAMPECHE,New Spain,1762,in,Yucatan,REMITIDO DE RL CAJA DE YUCATAN,MONTO,True,17487.0,17487.0,False
CAMPECHE,New Spain,1763,in,Yucatan,REMITIDO DE RL CAJA DE YUCATAN,MONTO,True,14406.0,14406.0,False
CAMPECHE,New Spain,1764,in,Veracruz,REMITIDO DE RL CAJA DE VERACRUZ,MONTO,True,86021.0,86021.0,False
CAMPECHE,New Spain,1764,in,Yucatan,REMITIDO DE RL CAJA DE YUCATAN,MONTO,True,28505.0,28505.0,False
CAMPECHE,New Spain,1765,in,Yucatan,REMITIDO DE RL CAJA DE YUCATAN,MONTO,True,11668.0,11668.0,False
CAMPECHE,New Spain,1766,in,Yucatan,REMITIDO DE RL CAJA DE YUCATAN,MONTO,True,11601.0,11601.0,False
CAMPECHE,New Spain,1767,in,Yucatan,REMITIDO DE RL CAJA DE YUCATAN,MONTO,True,12426.0,12426.0,False
CAMPECHE,New Spain,1768,in,Veracruz,REMITIDO DE VERACRUZ Y MERIDA,MONTO,True,53538.0,53538.0,False
CAMPECHE,New Spain,1769,in,Yucatan,REMITIDO DE RL CAJA DE YUCATAN,MONTO,True,16825.0,16825.0,False
CAMPECHE,New Spain,1770,in,Veracruz,REMITIDO DE RL CAJA DE VERACRUZ,MONTO,True,67644.0,67644.0,False
CAMPECHE,New Spain,1770,in,Yucatan,REMITIDO DE RL CAJA DE YUCATAN,MONTO,True,16020.0,16020.0,False
CAMPECHE,New Spain,1771,in,Veracruz,REMITIDO DE RL CAJA DE VERACRUZ,MONTO,True,48010.0,48010.0,False
CAMPECHE,New Spain,1771,in,Yucatan,REMITIDO DE RL CAJA DE YUCATAN,MONTO,True,17527.0,17527.0,False
CAMPECHE,New Spain,1772,in,Veracruz,REMITIDO DE RL CAJA DE VERACRUZ,MONTO,True,100287.0,100287.0,False
CAMPECHE,New Spain,1772,in,Yucatan,REMITIDO DE RL CAJA DE YUCATAN,MONTO,True,20736.0,20736.0,False
CAMPECHE,New Spain,1773,in,Veracruz,REMITIDO DE RL CAJA DE VERACRUZ,MONTO,True,45988.0,45988.0,False
CAMPECHE,New Spain,1773,in,Yucatan,REMITIDO DE RL CAJA DE YUCATAN,MONTO,True,21578.0,21578.0,False
CAMPECHE,New Spain,1774,in,Veracruz,REMITIDO DE RL CAJA DE VERACRUZ,MONTO,True,54365.0,54365.0,False
CAMPECHE,New Spain,1774,in,Yucatan,REMITIDO DE RL CAJA DE YUCATAN,MONTO,True,20658.0,20658.0,False
CAMPECHE,New Spain,1775,in,Veracruz,REMITIDO DE RL CAJA DE VERACRUZ,MONTO,True,32742.0,32742.0,False
CAMPECHE,New Spain,1775,in,Yucatan,REMITIDO DE RL CAJA DE YUCATAN,MONTO,True,18367.0,18367.0,False
CAMPECHE,New Spain,1776,out,Isla del Carmen,SITUADO DE YSLA DEL CARMEN,MONTO,True,10000.0,10000.0,False
CAMPECHE,New Spain,1776,in,Veracruz,REMITIDO DE RL CAJA DE VERACRUZ,MONTO,True,127002.0,127002.0,False
CAMPECHE,New Spain,1776,in,Yucatan,REMITIDO DE RL CAJA DE YUCATAN,MONTO,True,18022.0,18022.0,False
CAMPECHE,New Spain,1777,out,Veracruz,REMITIDO A RL CAJA DE VERACRUZ,MONTO,True,773.0,773.0,False
CAMPECHE,New Spain,1777,out,Isla del Carmen,SITUADO DE YSLA DEL CARMEN,MONTO,True,8477.0,8477.0,False
CAMPECHE,New Spain,1777,in,Yucatan,REMITIDO DE RL CAJA DE YUCATAN,MONTO,True,6213.0,6213.0,False
CAMPECHE,New Spain,1777,in,Isla del Carmen,SITUADO DE YSLA DEL CARMEN,MONTO,True,18478.0,18478.0,False
CAMPECHE,New Spain,1778,in,Veracruz,REMITIDO DE RL CAJA DE VERACRUZ,MONTO,True,74426.0,74426.0,False
CAMPECHE,New Spain,1780,out,Isla del Carmen,SITUADO DE YSLA DEL CARMEN,MONTO,True,44108.0,44108.0,False
CAMPECHE,New Spain,1780,in,Veracruz,REMITIDO DE RL CAJA DE VERACRUZ,MONTO,True,125100.0,125100.0,False
CAMPECHE,New Spain,1881,out,Guatemala,REMITIDO A GUATEMALA,MONTO,True,12467.0,12467.0,False
CAMPECHE,New Spain,1881,out,Veracruz,REMITIDO A RL CAJA DE VERACRUZ,MONTO,True,13466.0,13466.0,False
CAMPECHE,New Spain,1881,out,Isla del Carmen,SITUADO DE YSLA DEL CARMEN,MONTO,True,43759.0,43759.0,False
CAMPECHE,New Spain,1881,in,Veracruz,REMITIDO DE RL CAJA DE VERACRUZ,MONTO,True,30000.0,30000.0,False
CAMPECHE,New Spain,1782,out,Guatemala,REMITIDO A GUATEMALA,MONTO,True,10158.0,10158.0,False
CAMPECHE,New Spain,1782,out,Veracruz,REMITIDO A RL CAJA DE VERACRUZ,MONTO,True,2408.0,2408.0,False
CAMPECHE,New Spain,1782,in,Veracruz,REMITIDO DE RL CAJA DE VERACRUZ,MONTO,True,175125.0,175125.0,False
CAMPECHE,New Spain,1782,in,Yucatan,REMITIDO DE RL CAJA DE YUCATAN,MONTO,True,56000.0,56000.0,False
CAMPECHE,New Spain,1783,out,Havana,REMITIDO A HAVANA,MONTO,True,8763.0,8763.0,False
CAMPECHE,New Spain,1783,in,Havana,REMITIDO DE HAVANA,MONTO,True,4917.0,4917.0,False
CAMPECHE,New Spain,1783,in,Veracruz,REMITIDO DE RL CAJA DE VERACRUZ,MONTO,True,480611.0,480611.0,False
CAMPECHE,New Spain,1783,in,Isla del Carmen,SITUADO DE YSLA DEL CARMEN,MONTO,True,102416.0,102416.0,False
CAMPECHE,New Spain,1784,out,Veracruz,REMITIDO A RL CAJA DE VERACRUZ,MONTO,True,1957.0,1957.0,False
CAMPECHE,New Spain,1784,in,Havana,REMITIDO DE HAVANA,MONTO,True,10000.0,10000.0,False
CAMPECHE,New Spain,1784,in,Veracruz,REMITIDO DE RL CAJA DE VERACRUZ,MONTO,True,77493.0,77493.0,False
CAMPECHE,New Spain,1784,in,Yucatan,REMITIDO DE RL CAJA DE YUCATAN,MONTO,True,19005.0,19005.0,False
CAMPECHE,New Spain,1785,in,Veracruz,REMITIDO DE RL CAJA DE VERACRUZ,MONTO,True,99234.0,99234.0,False
CAMPECHE,New Spain,1787,out,Veracruz,REMITIDO A RL CAJA DE VERACRUZ,MONTO,True,1750.0,1750.0,False
CAMPECHE,New Spain,1787,in,Veracruz,REMITIDO DE RL CAJA DE VERACRUZ,MONTO,True,300.0,300.0,False
CAMPECHE,New Spain,1788,out,unspecified,OTRAS TESORERIAS,MONTO,True,115152.0,115152.0,False
CAMPECHE,New Spain,1788,in,unspecified,OTRAS TESORERIAS,MONTO,True,115152.0,115152.0,False
CAMPECHE,New Spain,1789,out,unspecified,OTRAS TESORERIAS,MONTO,True,137699.0,137699.0,False
CAMPECHE,New Spain,1789,in,unspecified,OTRAS TESORERIAS,MONTO,True,137699.0,137699.0,False
CAMPECHE,New Spain,1790,out,unspecified,OTRAS TESORERIAS,MONTO,True,93268.0,93268.0,False
CAMPECHE,New Spain,1790,in,unspecified,OTRAS TESORERIAS,MONTO,True,238594.0,238594.0,False
CAMPECHE,New Spain,1791,out,unspecified,OTRAS TESORERIAS,MONTO,True,112729.0,112729.0,False
CAMPECHE,New Spain,1791,in,unspecified,OTRAS TESORERIAS,MONTO,True,112729.0,112729.0,False
CAMPECHE,New Spain,1792,out,unspecified,OTRAS TESORERIAS,MONTO,True,25020.0,25020.0,False
CAMPECHE,New Spain,1792,in,unspecified,OTRAS TESORERIAS,MONTO,True,124054.0,124054.0,False
CAMPECHE,New Spain,1793,in,unspecified,OTRAS TESORERIAS,MONTO,True,224074.0,224074.0,False
CAMPECHE,New Spain,1794,out,Isla del Carmen,SITUADO DE YSLA DEL CARMEN,MONTO,True,11301.0,11301.0,False
CAMPECHE,New Spain,1794,in,Veracruz,REMITIDO DE RL CAJA DE VERACRUZ,MONTO,True,25000.0,25000.0,False
CAMPECHE,New Spain,1794,in,Isla del Carmen,SITUADO DE YSLA DEL CARMEN,MONTO,True,14000.0,14000.0,False
CAMPECHE,New Spain,1795,in,Veracruz,REMITIDO DE RL CAJA DE VERACRUZ,MONTO,True,152881.0,152881.0,False
CAMPECHE,New Spain,1796,out,Veracruz,REMITIDO A RL CAJA DE VERACRUZ,MONTO,True,42832.0,42832.0,False
CAMPECHE,New Spain,1796,in,Veracruz,REMITIDO DE RL CAJA DE VERACRUZ,MONTO,True,93171.0,93171.0,False
CAMPECHE,New Spain,1797,out,Veracruz,REMITIDO A RL CAJA DE VERACRUZ,MONTO,True,236.0,236.0,False
CAMPECHE,New Spain,1797,in,Veracruz,REMITIDO DE RL CAJA DE VERACRUZ,MONTO,True,150412.0,150412.0,False
CAMPECHE,New Spain,1799,out,Veracruz,REMITIDO A RL CAJA DE VERACRUZ,MONTO,True,239689.0,239689.0,False
CAMPECHE,New Spain,1799,in,Veracruz,REMITIDO DE RL CAJA DE VERACRUZ,MONTO,True,239689.0,239689.0,False
CAMPECHE,New Spain,1800,out,Veracruz,REMITIDO A RL CAJA DE VERACRUZ,MONTO,True,110461.0,110461.0,False
CAMPECHE,New Spain,1800,in,Veracruz,REMITIDO DE RL CAJA DE VERACRUZ,MONTO,True,110461.0,110461.0,False
CAMPECHE,New Spain,1803,out,Veracruz,REMITIDO A RL CAJA DE VERACRUZ,MONTO,True,123.0,123.0,False
CAMPECHE,New Spain,1803,in,Veracruz,REMITIDO DE RL CAJA DE VERACRUZ,MONTO,True,169244.0,169244.0,False
CAMPECHE,New Spain,1805,out,Veracruz,REMITIDO A RL CAJA DE VERACRUZ,MONTO,True,75.0,75.0,False
CAMPECHE,New Spain,1805,in,Veracruz,REMITIDO DE RL CAJA DE VERACRUZ,MONTO,True,105961.0,105961.0,False
CAMPECHE,New Spain,1807,in,Veracruz,REMITIDO DE RL CAJA DE VERACRUZ,MONTO,True,406045.0,406045.0,False
CAMPECHE,New Spain,1812,in,Veracruz,REMITIDO DE RL CAJA DE VERACRUZ,MONTO,True,1084.0,1084.0,False
CAMPECHE,New Spain,1815,in,Veracruz,REMITIDO DE RL CAJA DE VERACRUZ,MONTO,True,1053.0,1053.0,False
CHIHUAHA,New Spain,1785,in,Durango,REMITIDO DE RL CAJA DE DURANGO,MONTO,True,419724.0,419724.0,False
CHIHUAHA,New Spain,1786,in,Mexico City,REMITIDO DE RL CAJA DE MEXICO,MONTO,True,153089.0,153089.0,False
CHIHUAHA,New Spain,1788,in,Durango,REMITIDO DE RL CAJA DE DURANGO,MONTO,True,200000.0,200000.0,False
CHIHUAHA,New Spain,1788,in,Mexico City,REMITIDO DE RL CAJA DE MEXICO,MONTO,True,172060.0,172060.0,False
CHIHUAHA,New Spain,1789,out,unspecified,OTRAS TESORERIAS,MONTO,True,11844.0,11844.0,False
CHIHUAHA,New Spain,1789,out,Mexico City,REMITIDO A RL CAJA DE MEXICO,MONTO,True,45681.0,45681.0,False
CHIHUAHA,New Spain,1789,in,Mexico City,REMITIDO DE RL CAJA DE MEXICO,MONTO,True,117478.0,117478.0,False
CHIHUAHA,New Spain,1790,in,Durango,REMITIDO DE RL CAJA DE DURANGO,MONTO,True,440000.0,440000.0,False
CHIHUAHA,New Spain,1790,in,Mexico City,REMITIDO DE RL CAJA DE MEXICO,MONTO,True,102800.0,102800.0,False
CHIHUAHA,New Spain,1797,out,unspecified,OTRAS TESORERIAS,MONTO,True,28032.0,28032.0,False
CHIHUAHA,New Spain,1797,in,unspecified,OTRAS TESORERIAS,MONTO,True,397714.0,397714.0,False
CHIHUAHA,New Spain,1798,out,unspecified,OTRAS TESORERIAS,MONTO,True,1531.0,1531.0,False
CHIHUAHA,New Spain,1798,out,Mexico City,REMITIDO A RL CAJA DE MEXICO,MONTO,True,167773.0,167773.0,False
CHIHUAHA,New Spain,1798,in,unspecified,OTRAS TESORERIAS,MONTO,True,431458.0,431458.0,False
CHIHUAHA,New Spain,1799,out,unspecified,OTRAS TESORERIAS,MONTO,True,6209.0,6209.0,False
CHIHUAHA,New Spain,1799,out,Mexico City,REMITIDO A RL CAJA DE MEXICO,MONTO,True,37279.0,37279.0,False
CHIHUAHA,New Spain,1799,in,unspecified,OTRAS TESORERIAS,MONTO,True,352963.0,352963.0,False
CHIHUAHA,New Spain,1800,out,unspecified,OTRAS TESORERIAS,MONTO,True,946.0,946.0,False
CHIHUAHA,New Spain,1800,out,Mexico City,REMITIDO A RL CAJA DE MEXICO,MONTO,True,234844.0,234844.0,False
CHIHUAHA,New Spain,1800,in,unspecified,OTRAS TESORERIAS,MONTO,True,361668.0,361668.0,False
CHIHUAHA,New Spain,1801,out,unspecified,OTRAS TESORERIAS,MONTO,True,3630.0,3630.0,False
CHIHUAHA,New Spain,1801,out,Mexico City,REMITIDO A RL CAJA DE MEXICO,MONTO,True,259937.0,259937.0,False
CHIHUAHA,New Spain,1801,in,unspecified,OTRAS TESORERIAS,MONTO,True,602178.0,602178.0,False
CHIHUAHA,New Spain,1802,out,unspecified,OTRAS TESORERIAS,MONTO,True,3710.0,3710.0,False
CHIHUAHA,New Spain,1802,out,Mexico City,REMITIDO A RL CAJA DE MEXICO,MONTO,True,156345.0,156345.0,False
CHIHUAHA,New Spain,1802,in,unspecified,OTRAS TESORERIAS,MONTO,True,399957.0,399957.0,False
CHIHUAHA,New Spain,1803,out,unspecified,OTRAS TESORERIAS,MONTO,True,8058.0,8058.0,False
CHIHUAHA,New Spain,1803,out,Mexico City,REMITIDO A RL CAJA DE MEXICO,MONTO,True,96463.0,96463.0,False
CHIHUAHA,New Spain,1803,in,unspecified,OTRAS TESORERIAS,MONTO,True,335235.0,335235.0,False
CHIHUAHA,New Spain,1804,out,unspecified,OTRAS TESORERIAS,MONTO,True,31993.0,31993.0,False
CHIHUAHA,New Spain,1804,out,Mexico City,REMITIDO A RL CAJA DE MEXICO,MONTO,True,67962.0,67962.0,False
CHIHUAHA,New Spain,1804,in,unspecified,OTRAS TESORERIAS,MONTO,True,493666.0,493666.0,False
CHIHUAHA,New Spain,1804,out,unspecified,OTRAS TESORERIAS,MONTO,True,175270.0,175270.0,False
CHIHUAHA,New Spain,1804,out,Mexico City,REMITIDO A RL CAJA DE MEXICO,MONTO,True,157692.0,157692.0,False
CHIHUAHA,New Spain,1804,in,unspecified,OTRAS TESORERIAS,MONTO,True,550187.0,550187.0,False
CHIHUAHA,New Spain,1806,out,unspecified,OTRAS TESORERIAS,MONTO,True,245019.0,245019.0,False
CHIHUAHA,New Spain,1806,out,Mexico City,REMITIDO A RL CAJA DE MEXICO,MONTO,True,63305.0,63305.0,False
CHIHUAHA,New Spain,1806,in,unspecified,OTRAS TESORERIAS,MONTO,True,360726.0,360726.0,False
CHIHUAHA,New Spain,1807,out,unspecified,OTRAS TESORERIAS,MONTO,True,16766.0,16766.0,False
CHIHUAHA,New Spain,1807,out,Mexico City,REMITIDO A RL CAJA DE MEXICO,MONTO,True,54907.0,54907.0,False
CHIHUAHA,New Spain,1807,in,unspecified,OTRAS TESORERIAS,MONTO,True,504297.0,504297.0,False
CHIHUAHA,New Spain,1808,out,unspecified,OTRAS TESORERIAS,MONTO,True,11909.0,11909.0,False
CHIHUAHA,New Spain,1808,out,Mexico City,REMITIDO A RL CAJA DE MEXICO,MONTO,True,112656.0,112656.0,False
CHIHUAHA,New Spain,1808,in,unspecified,OTRAS TESORERIAS,MONTO,True,383723.0,383723.0,False
CHIHUAHA,New Spain,1809,out,unspecified,OTRAS TESORERIAS,MONTO,True,136562.0,136562.0,False
CHIHUAHA,New Spain,1809,out,Mexico City,REMITIDO A RL CAJA DE MEXICO,MONTO,True,95426.0,95426.0,False
CHIHUAHA,New Spain,1809,in,unspecified,OTRAS TESORERIAS,MONTO,True,364348.0,364348.0,False
CHIHUAHA,New Spain,1810,out,unspecified,OTRAS TESORERIAS,MONTO,True,74034.0,74034.0,False
CHIHUAHA,New Spain,1810,out,Mexico City,REMITIDO A RL CAJA DE MEXICO,MONTO,True,38651.0,38651.0,False
CHIHUAHA,New Spain,1810,in,unspecified,OTRAS TESORERIAS,MONTO,True,358161.0,358161.0,False
CHIHUAHA,New Spain,1811,out,unspecified,OTRAS TESORERIAS,MONTO,True,318830.0,318830.0,False
CHIHUAHA,New Spain,1811,in,unspecified,OTRAS TESORERIAS,MONTO,True,717170.0,717170.0,False
CHIHUAHA,New Spain,1813,out,unspecified,OTRAS TESORERIAS,MONTO,True,138120.0,138120.0,False
CHIHUAHA,New Spain,1813,in,unspecified,OTRAS TESORERIAS,MONTO,True,309724.0,309724.0,False
CHIHUAHA,New Spain,1814,out,unspecified,OTRAS TESORERIAS,MONTO,True,86655.0,86655.0,False
CHIHUAHA,New Spain,1814,in,unspecified,OTRAS TESORERIAS,MONTO,True,336379.0,336379.0,False
CHIHUAHUA,New Spain,1785,in,Durango,REMITIDO DE RL CAJA DE DURANGO,MONTO,True,419724.0,419724.0,False
CHIHUAHUA,New Spain,1786,in,Mexico City,REMITIDO DE RL CAJA DE MEXICO,MONTO,True,153089.0,153089.0,False
CHIHUAHUA,New Spain,1788,in,Durango,REMITIDO DE RL CAJA DE DURANGO,MONTO,True,200000.0,200000.0,False
CHIHUAHUA,New Spain,1788,in,Mexico City,REMITIDO DE RL CAJA DE MEXICO,MONTO,True,172060.0,172060.0,False
CHIHUAHUA,New Spain,1789,out,unspecified,OTRAS TESORERIAS,MONTO,True,11844.0,11844.0,False
CHIHUAHUA,New Spain,1789,out,Mexico City,REMITIDO A RL CAJA DE MEXICO,MONTO,True,45681.0,45681.0,False
CHIHUAHUA,New Spain,1789,in,Mexico City,REMITIDO DE RL CAJA DE MEXICO,MONTO,True,117478.0,117478.0,False
CHIHUAHUA,New Spain,1790,in,Durango,REMITIDO DE RL CAJA DE DURANGO,MONTO,True,440000.0,440000.0,False
CHIHUAHUA,New Spain,1790,in,Mexico City,REMITIDO DE RL CAJA DE MEXICO,MONTO,True,102800.0,102800.0,False
CHIHUAHUA,New Spain,1797,out,unspecified,OTRAS TESORERIAS,MONTO,True,28032.0,28032.0,False
CHIHUAHUA,New Spain,1797,in,unspecified,OTRAS TESORERIAS,MONTO,True,397714.0,397714.0,False
CHIHUAHUA,New Spain,1798,out,unspecified,OTRAS TESORERIAS,MONTO,True,1531.0,1531.0,False
CHIHUAHUA,New Spain,1798,out,Mexico City,REMITIDO A RL CAJA DE MEXICO,MONTO,True,167773.0,167773.0,False
CHIHUAHUA,New Spain,1798,in,unspecified,OTRAS TESORERIAS,MONTO,True,431458.0,431458.0,False
CHIHUAHUA,New Spain,1799,out,unspecified,OTRAS TESORERIAS,MONTO,True,6209.0,6209.0,False
CHIHUAHUA,New Spain,1799,out,Mexico City,REMITIDO A RL CAJA DE MEXICO,MONTO,True,37279.0,37279.0,False
CHIHUAHUA,New Spain,1799,in,unspecified,OTRAS TESORERIAS,MONTO,True,352963.0,352963.0,False
CHIHUAHUA,New Spain,1800,out,unspecified,OTRAS TESORERIAS,MONTO,True,946.0,946.0,False
CHIHUAHUA,New Spain,1800,out,Mexico City,REMITIDO A RL CAJA DE MEXICO,MONTO,True,234844.0,234844.0,False
CHIHUAHUA,New Spain,1800,in,unspecified,OTRAS TESORERIAS,MONTO,True,361668.0,361668.0,False
CHIHUAHUA,New Spain,1801,out,unspecified,OTRAS TESORERIAS,MONTO,True,3630.0,3630.0,False
CHIHUAHUA,New Spain,1801,out,Mexico City,REMITIDO A RL CAJA DE MEXICO,MONTO,True,259937.0,259937.0,False
CHIHUAHUA,New Spain,1801,in,unspecified,OTRAS TESORERIAS,MONTO,True,602178.0,602178.0,False
CHIHUAHUA,New Spain,1802,out,unspecified,OTRAS TESORERIAS,MONTO,True,3710.0,3710.0,False
CHIHUAHUA,New Spain,1802,out,Mexico City,REMITIDO A RL CAJA DE MEXICO,MONTO,True,156345.0,156345.0,False
CHIHUAHUA,New Spain,1802,in,unspecified,OTRAS TESORERIAS,MONTO,True,399957.0,399957.0,False
CHIHUAHUA,New Spain,1803,out,unspecified,OTRAS TESORERIAS,MONTO,True,8058.0,8058.0,False
CHIHUAHUA,New Spain,1803,out,Mexico City,REMITIDO A RL CAJA DE MEXICO,MONTO,True,96463.0,96463.0,False
CHIHUAHUA,New Spain,1803,in,unspecified,OTRAS TESORERIAS,MONTO,True,335235.0,335235.0,False
CHIHUAHUA,New Spain,1804,out,unspecified,OTRAS TESORERIAS,MONTO,True,31993.0,31993.0,False
CHIHUAHUA,New Spain,1804,out,Mexico City,REMITIDO A RL CAJA DE MEXICO,MONTO,True,67962.0,67962.0,False
CHIHUAHUA,New Spain,1804,in,unspecified,OTRAS TESORERIAS,MONTO,True,493666.0,493666.0,False
CHIHUAHUA,New Spain,1804,out,unspecified,OTRAS TESORERIAS,MONTO,True,175270.0,175270.0,False
CHIHUAHUA,New Spain,1804,out,Mexico City,REMITIDO A RL CAJA DE MEXICO,MONTO,True,157692.0,157692.0,False
CHIHUAHUA,New Spain,1804,in,unspecified,OTRAS TESORERIAS,MONTO,True,550187.0,550187.0,False
CHIHUAHUA,New Spain,1806,out,unspecified,OTRAS TESORERIAS,MONTO,True,245019.0,245019.0,False
CHIHUAHUA,New Spain,1806,out,Mexico City,REMITIDO A RL CAJA DE MEXICO,MONTO,True,63305.0,63305.0,False
CHIHUAHUA,New Spain,1806,in,unspecified,OTRAS TESORERIAS,MONTO,True,360726.0,360726.0,False
CHIHUAHUA,New Spain,1807,out,unspecified,OTRAS TESORERIAS,MONTO,True,16766.0,16766.0,False
CHIHUAHUA,New Spain,1807,out,Mexico City,REMITIDO A RL CAJA DE MEXICO,MONTO,True,54907.0,54907.0,False
CHIHUAHUA,New Spain,1807,in,unspecified,OTRAS TESORERIAS,MONTO,True,504297.0,504297.0,False
CHIHUAHUA,New Spain,1808,out,unspecified,OTRAS TESORERIAS,MONTO,True,11909.0,11909.0,False
CHIHUAHUA,New Spain,1808,out,Mexico City,REMITIDO A RL CAJA DE MEXICO,MONTO,True,112656.0,112656.0,False
CHIHUAHUA,New Spain,1808,in,unspecified,OTRAS TESORERIAS,MONTO,True,383723.0,383723.0,False
CHIHUAHUA,New Spain,1809,out,unspecified,OTRAS TESORERIAS,MONTO,True,136562.0,136562.0,False
CHIHUAHUA,New Spain,1809,out,Mexico City,REMITIDO A RL CAJA DE MEXICO,MONTO,True,95426.0,95426.0,False
CHIHUAHUA,New Spain,1809,in,unspecified,OTRAS TESORERIAS,MONTO,True,364348.0,364348.0,False
CHIHUAHUA,New Spain,1810,out,unspecified,OTRAS TESORERIAS,MONTO,True,74034.0,74034.0,False
CHIHUAHUA,New Spain,1810,out,Mexico City,REMITIDO A RL CAJA DE MEXICO,MONTO,True,38651.0,38651.0,False
CHIHUAHUA,New Spain,1810,in,unspecified,OTRAS TESORERIAS,MONTO,True,358161.0,358161.0,False
CHIHUAHUA,New Spain,1811,out,unspecified,OTRAS TESORERIAS,MONTO,True,318830.0,318830.0,False
CHIHUAHUA,New Spain,1811,in,unspecified,OTRAS TESORERIAS,MONTO,True,717170.0,717170.0,False
CHIHUAHUA,New Spain,1813,out,unspecified,OTRAS TESORERIAS,MONTO,True,138120.0,138120.0,False
CHIHUAHUA,New Spain,1813,in,unspecified,OTRAS TESORERIAS,MONTO,True,309724.0,309724.0,False
CHIHUAHUA,New Spain,1814,out,unspecified,OTRAS TESORERIAS,MONTO,True,86655.0,86655.0,False
CHIHUAHUA,New Spain,1814,in,unspecified,OTRAS TESORERIAS,MONTO,True,336379.0,336379.0,False
DURANGO,New Spain,1600,out,Mexico City,REMITIDO A RL CAJA DE MEXICO,MONTO,True,8822.0,8822.0,False
DURANGO,New Spain,1603,in,Mexico City,REMITIDO DE RL CAJA DE MEXICO,MONTO,True,1510.0,1510.0,False
DURANGO,New Spain,1603,out,Mexico City,REMITIDO A RL CAJA DE MEXICO,MONTO,True,3038.0,3038.0,False
DURANGO,New Spain,1604,out,Mexico City,REMITIDO A RL CAJA DE MEXICO,MONTO,True,26148.0,26148.0,False
DURANGO,New Spain,1605,out,Mexico City,REMITIDO A RL CAJA DE MEXICO,MONTO,True,26048.0,26048.0,False
DURANGO,New Spain,1606,out,Mexico City,REMITIDO A RL CAJA DE MEXICO,MONTO,True,30292.0,30292.0,False
DURANGO,New Spain,1607,out,Mexico City,REMITIDO A RL CAJA DE MEXICO,MONTO,True,17247.0,17247.0,False
DURANGO,New Spain,1608,out,Mexico City,REMITIDO A RL CAJA DE MEXICO,MONTO,True,10799.0,10799.0,False
DURANGO,New Spain,1609,out,Mexico City,REMITIDO A RL CAJA DE MEXICO,MONTO,True,4905.0,4905.0,False
DURANGO,New Spain,1610,out,Mexico City,REMITIDO A RL CAJA DE MEXICO,MONTO,True,696.0,696.0,False
DURANGO,New Spain,1612,out,Mexico City,REMITIDO A RL CAJA DE MEXICO,MONTO,True,12028.0,12028.0,False
DURANGO,New Spain,1613,out,Mexico City,REMITIDO A RL CAJA DE MEXICO,MONTO,True,7486.0,7486.0,False
DURANGO,New Spain,1614,out,Mexico City,REMITIDO A RL CAJA DE MEXICO,MONTO,True,3289.0,3289.0,False
DURANGO,New Spain,1622,out,Mexico City,REMITIDO A MEXICO DE DONATIVO,MONTO,True,19041.0,19041.0,False
DURANGO,New Spain,1622,out,Mexico City,REMITIDO A RL CAJA DE MEXICO,MONTO,True,45424.0,45424.0,False
DURANGO,New Spain,1623,in,Mexico City,REMITIDO DE RL CAJA DE MEXICO,MONTO,True,16985.0,16985.0,False
DURANGO,New Spain,1623,out,Mexico City,REMITIDO A MEXICO BIENES Y RAMOS,MONTO,True,1166.0,1166.0,False
DURANGO,New Spain,1623,out,Mexico City,REMITIDO A RL CAJA DE MEXICO,MONTO,True,44542.0,44542.0,False
DURANGO,New Spain,1624,out,Mexico City,REMITIDO A RL CAJA DE MEXICO,MONTO,True,48849.0,48849.0,False
DURANGO,New Spain,1636,out,Mexico City,REMITIDO A RL CAJA DE MEXICO,MONTO,True,80100.0,80100.0,False
DURANGO,New Spain,1638,out,Mexico City,REMITIDO A RL CAJA DE MEXICO,MONTO,True,150398.0,150398.0,False
DURANGO,New Spain,1640,out,Mexico City,REMITIDO A RL CAJA DE MEXICO,MONTO,True,96338.0,96338.0,False
DURANGO,New Spain,1641,out,Mexico City,REMITIDO A RL CAJA DE MEXICO,MONTO,True,139249.0,139249.0,False
DURANGO,New Spain,1642,out,Mexico City,REMITIDO A RL CAJA DE MEXICO,MONTO,True,173153.0,173153.0,False
DURANGO,New Spain,1644,out,Mexico City,REMITIDO A RL CAJA DE MEXICO,MONTO,True,147918.0,147918.0,False
DURANGO,New Spain,1645,out,Mexico City,REMITIDO A RL CAJA DE MEXICO,MONTO,True,46210.0,46210.0,False
DURANGO,New Spain,1646,out,Mexico City,REMITIDO A RL CAJA DE MEXICO,MONTO,True,117693.0,117693.0,False
DURANGO,New Spain,1647,out,Mexico City,REMITIDO A RL CAJA DE MEXICO,MONTO,True,80417.0,80417.0,False
DURANGO,New Spain,1648,out,Mexico City,REMITIDO A RL CAJA DE MEXICO,MONTO,True,34750.0,34750.0,False
DURANGO,New Spain,1649,out,Mexico City,REMITIDO A RL CAJA DE MEXICO,MONTO,True,89360.0,89360.0,False
DURANGO,New Spain,1651,out,Mexico City,REMITIDO A RL CAJA DE MEXICO,MONTO,True,119733.0,119733.0,False
DURANGO,New Spain,1655,out,Mexico City,REMITIDO A MEXICO DE AZOGUES,MONTO,True,19365.0,19365.0,False
DURANGO,New Spain,1655,out,Mexico City,REMITIDO A MEXICO DE OFICIOS VEND,MONTO,True,11249.0,11249.0,False
DURANGO,New Spain,1655,out,Mexico City,REMITIDO A RL CAJA DE MEXICO,MONTO,True,48642.0,48642.0,False
DURANGO,New Spain,1656,out,Mexico City,REMITIDO A MEXICO DE AZOGUES,MONTO,True,20148.0,20148.0,False
DURANGO,New Spain,1656,out,Mexico City,REMITIDO A RL CAJA DE MEXICO,MONTO,True,5361.0,5361.0,False
DURANGO,New Spain,1657,out,Mexico City,REMITIDO A MEXICO DE AZOGUES,MONTO,True,35654.0,35654.0,False
DURANGO,New Spain,1658,out,Mexico City,REMITIDO A RL CAJA DE MEXICO,MONTO,True,32422.0,32422.0,False
DURANGO,New Spain,1659,out,Mexico City,REMITIDO A MEXICO BIENES Y RAMOS,MONTO,True,91.0,91.0,False
DURANGO,New Spain,1659,out,Mexico City,REMITIDO A MEXICO PAPEL SELLADO,MONTO,True,1574.0,1574.0,False
DURANGO,New Spain,1659,out,Mexico City,REMITIDO A RL CAJA DE MEXICO,MONTO,True,39936.0,39936.0,False
DURANGO,New Spain,1664,out,Mexico City,REMITIDO A MEXICO DE AZOGUES,MONTO,True,21322.0,21322.0,False
DURANGO,New Spain,1666,out,Mexico City,REMITIDO A MEXICO DE AZOGUES,MONTO,True,71776.0,71776.0,False
DURANGO,New Spain,1666,out,Mexico City,REMITIDO A RL CAJA DE MEXICO,MONTO,True,17433.0,17433.0,False
DURANGO,New Spain,1667,out,Mexico City,REMITIDO A MEXICO BIENES Y RAMOS,MONTO,True,4481.0,4481.0,False
DURANGO,New Spain,1667,out,Mexico City,REMITIDO A MEXICO DE AZOGUES,MONTO,True,29547.0,29547.0,False
DURANGO,New Spain,1668,out,Mexico City,REMITIDO A MEXICO DE AZOGUES,MONTO,True,14836.0,14836.0,False
DURANGO,New Spain,1668,out,Mexico City,REMITIDO A MEXICO PAPEL SELLADO,MONTO,True,1632.0,1632.0,False
DURANGO,New Spain,1669,out,Mexico City,REMITIDO A MEXICO DE AZOGUES,MONTO,True,13529.0,13529.0,False
DURANGO,New Spain,1670,out,Mexico City,REMITIDO A MEXICO BIENES Y RAMOS,MONTO,True,2000.0,2000.0,False
DURANGO,New Spain,1670,out,Mexico City,REMITIDO A MEXICO DE AZOGUES,MONTO,True,35180.0,35180.0,False
DURANGO,New Spain,1671,out,Mexico City,REMITIDO A MEXICO BIENES Y RAMOS,MONTO,True,1021.0,1021.0,False
DURANGO,New Spain,1671,out,Mexico City,REMITIDO A MEXICO DE AZOGUES,MONTO,True,42250.0,42250.0,False
DURANGO,New Spain,1671,out,Mexico City,REMITIDO A MEXICO DE MEDIA ANATA,MONTO,True,2141.0,2141.0,False
DURANGO,New Spain,1671,out,Mexico City,REMITIDO A MEXICO MESADAS ECLES,MONTO,True,109.0,109.0,False
DURANGO,New Spain,1673,out,Mexico City,REMITIDO A RL CAJA DE MEXICO,MONTO,True,118049.0,118049.0,False
DURANGO,New Spain,1675,out,Mexico City,REMITIDO A RL CAJA DE MEXICO,MONTO,True,83759.0,83759.0,False
DURANGO,New Spain,1686,out,Mexico City,REMITIDO A MEXICO BIENES Y RAMOS,MONTO,True,3568.0,3568.0,False
DURANGO,New Spain,1686,out,Mexico City,REMITIDO A MEXICO DE AZOGUES,MONTO,True,32430.0,32430.0,False
DURANGO,New Spain,1686,out,Mexico City,REMITIDO A MEXICO DE MEDIA ANATA,MONTO,True,2273.0,2273.0,False
DURANGO,New Spain,1686,out,Mexico City,REMITIDO A MEXICO DE NOVENOS,MONTO,True,2379.0,2379.0,False
DURANGO,New Spain,1686,out,Mexico City,REMITIDO A MEXICO PAPEL SELLADO,MONTO,True,1451.0,1451.0,False
DURANGO,New Spain,1686,out,Mexico City,REMITIDO A MEXICO PENAS DE CAMARA,MONTO,True,66.0,66.0,False
DURANGO,New Spain,1688,out,Mexico City,REMITIDO A MEXICO DE AZOGUES,MONTO,True,42392.0,42392.0,False
DURANGO,New Spain,1688,out,Mexico City,REMITIDO A MEXICO DE MEDIA ANATA,MONTO,True,234.0,234.0,False
DURANGO,New Spain,1688,out,Mexico City,REMITIDO A RL CAJA DE MEXICO,MONTO,True,3790.0,3790.0,False
DURANGO,New Spain,1689,out,Mexico City,REMITIDO A MEXICO DE AZOGUES,MONTO,True,81932.0,81932.0,False
DURANGO,New Spain,1689,out,Mexico City,REMITIDO A RL CAJA DE MEXICO,MONTO,True,9507.0,9507.0,False
DURANGO,New Spain,1701,out,Mexico City,REMITIDO A MEXICO DE AZOGUES,MONTO,True,51416.0,51416.0,False
DURANGO,New Spain,1701,out,Mexico City,REMITIDO A MEXICO DE DESFALCOS,MONTO,True,6534.0,6534.0,False
DURANGO,New Spain,1705,out,Mexico City,REMITIDO A MEXICO DE AZOGUES,MONTO,True,21577.0,21577.0,False
DURANGO,New Spain,1705,out,Mexico City,REMITIDO A MEXICO DE DESFALCOS,MONTO,True,6.0,6.0,False
DURANGO,New Spain,1705,out,Mexico City,REMITIDO A MEXICO DE SENOREAGE,MONTO,True,709.0,709.0,False
DURANGO,New Spain,1708,out,Mexico City,REMITIDO A RL CAJA DE MEXICO,MONTO,True,78271.0,78271.0,False
DURANGO,New Spain,1710,out,Mexico City,REMITIDO A RL CAJA DE MEXICO,MONTO,True,38361.0,38361.0,False
DURANGO,New Spain,1711,out,Mexico City,REMITIDO A RL CAJA DE MEXICO,MONTO,True,121886.0,121886.0,False
DURANGO,New Spain,1712,out,Mexico City,REMITIDO A RL CAJA DE MEXICO,MONTO,True,58238.0,58238.0,False
DURANGO,New Spain,1712,out,Mexico City,REMITIDO A RL CAJA DE MEXICO,MONTO,True,46544.0,46544.0,False
DURANGO,New Spain,1715,out,Mexico City,REMITIDO A RL CAJA DE MEXICO,MONTO,True,120515.0,120515.0,False
DURANGO,New Spain,1715,out,Mexico City,REMITIDO A RL CAJA DE MEXICO,MONTO,True,87444.0,87444.0,False
DURANGO,New Spain,1717,out,Mexico City,REMITIDO A RL CAJA DE MEXICO,MONTO,True,176958.0,176958.0,False
DURANGO,New Spain,1718,out,Mexico City,REMITIDO A RL CAJA DE MEXICO,MONTO,True,147211.0,147211.0,False
DURANGO,New Spain,1719,out,Mexico City,REMITIDO A RL CAJA DE MEXICO,MONTO,True,134810.0,134810.0,False
DURANGO,New Spain,1720,out,Mexico City,REMITIDO A RL CAJA DE MEXICO,MONTO,True,143855.0,143855.0,False
DURANGO,New Spain,1721,out,Mexico City,REMITIDO A RL CAJA DE MEXICO,MONTO,True,195244.0,195244.0,False
DURANGO,New Spain,1722,out,Mexico City,REMITIDO A RL CAJA DE MEXICO,MONTO,True,24407.0,24407.0,False
DURANGO,New Spain,1723,out,Mexico City,REMITIDO A RL CAJA DE MEXICO,MONTO,True,166685.0,166685.0,False
DURANGO,New Spain,1724,out,Mexico City,REMITIDO A RL CAJA DE MEXICO,MONTO,True,77084.0,77084.0,False
DURANGO,New Spain,1725,out,Mexico City,REMITIDO A RL CAJA DE MEXICO,MONTO,True,101358.0,101358.0,False
DURANGO,New Spain,1726,out,Mexico City,REMITIDO A RL CAJA DE MEXICO,MONTO,True,170048.0,170048.0,False
DURANGO,New Spain,1728,out,Mexico City,REMITIDO A RL CAJA DE MEXICO,MONTO,True,245415.0,245415.0,False
DURANGO,New Spain,1729,out,Mexico City,REMITIDO A RL CAJA DE MEXICO,MONTO,True,168051.0,168051.0,False
DURANGO,New Spain,1730,out,Mexico City,REMITIDO A RL CAJA DE MEXICO,MONTO,True,184495.0,184495.0,False
DURANGO,New Spain,1731,out,Mexico City,REMITIDO A RL CAJA DE MEXICO,MONTO,True,98438.0,98438.0,False
DURANGO,New Spain,1732,out,Mexico City,REMITIDO A RL CAJA DE MEXICO,MONTO,True,151346.0,151346.0,False
DURANGO,New Spain,1733,out,Mexico City,REMITIDO A RL CAJA DE MEXICO,MONTO,True,374066.0,374066.0,False
DURANGO,New Spain,1734,out,Mexico City,REMITIDO A RL CAJA DE MEXICO,MONTO,True,381535.0,381535.0,False
DURANGO,New Spain,1735,out,Mexico City,REMITIDO A RL CAJA DE MEXICO,MONTO,True,234406.0,234406.0,False
DURANGO,New Spain,1736,out,Mexico City,REMITIDO A RL CAJA DE MEXICO,MONTO,True,168743.0,168743.0,False
DURANGO,New Spain,1737,out,Mexico City,REMITIDO A RL CAJA DE MEXICO,MONTO,True,243821.0,243821.0,False
DURANGO,New Spain,1738,out,Mexico City,REMITIDO A RL CAJA DE MEXICO,MONTO,True,311931.0,311931.0,False
DURANGO,New Spain,1740,out,Mexico City,REMITIDO A RL CAJA DE MEXICO,MONTO,True,261235.0,261235.0,False
DURANGO,New Spain,1741,out,Mexico City,REMITIDO A RL CAJA DE MEXICO,MONTO,True,288984.0,288984.0,False
DURANGO,New Spain,1742,out,Mexico City,REMITIDO A RL CAJA DE MEXICO,MONTO,True,180658.0,180658.0,False
DURANGO,New Spain,1743,out,Mexico City,REMITIDO A RL CAJA DE MEXICO,MONTO,True,235044.0,235044.0,False
DURANGO,New Spain,1744,out,Mexico City,REMITIDO A RL CAJA DE MEXICO,MONTO,True,331708.0,331708.0,False
DURANGO,New Spain,1745,out,Mexico City,REMITIDO A RL CAJA DE MEXICO,MONTO,True,263334.0,263334.0,False
DURANGO,New Spain,1746,out,Mexico City,REMITIDO A RL CAJA DE MEXICO,MONTO,True,267342.0,267342.0,False
DURANGO,New Spain,1747,out,Mexico City,REMITIDO A RL CAJA DE MEXICO,MONTO,True,156285.0,156285.0,False
DURANGO,New Spain,1748,out,Mexico City,REMITIDO A RL CAJA DE MEXICO,MONTO,True,311911.0,311911.0,False
DURANGO,New Spain,1749,out,Mexico City,REMITIDO A RL CAJA DE MEXICO,MONTO,True,196804.0,196804.0,False
DURANGO,New Spain,1750,out,Mexico City,REMITIDO A RL CAJA DE MEXICO,MONTO,True,221439.0,221439.0,False
DURANGO,New Spain,1752,out,Mexico City,REMITIDO A RL CAJA DE MEXICO,MONTO,True,236622.0,236622.0,False
DURANGO,New Spain,1753,out,Mexico City,REMITIDO A RL CAJA DE MEXICO,MONTO,True,218141.0,218141.0,False
DURANGO,New Spain,1754,out,Mexico City,REMITIDO A RL CAJA DE MEXICO,MONTO,True,238658.0,238658.0,False
DURANGO,New Spain,1754,in,Guadalajara,REMITIDO DE RL CAJA GUADALAJARA,MONTO,True,1391.0,1391.0,False
DURANGO,New Spain,1755,out,Mexico City,REMITIDO A RL CAJA DE MEXICO,MONTO,True,239443.0,239443.0,False
DURANGO,New Spain,1756,out,Mexico City,REMITIDO A RL CAJA DE MEXICO,MONTO,True,258982.0,258982.0,False
DURANGO,New Spain,1757,out,Mexico City,REMITIDO A RL CAJA DE MEXICO,MONTO,True,297141.0,297141.0,False
DURANGO,New Spain,1758,out,Mexico City,REMITIDO A RL CAJA DE MEXICO,MONTO,True,161933.0,161933.0,False
DURANGO,New Spain,1759,out,Mexico City,REMITIDO A RL CAJA DE MEXICO,MONTO,True,358360.0,358360.0,False
DURANGO,New Spain,1760,out,Mexico City,REMITIDO A RL CAJA DE MEXICO,MONTO,True,354842.0,354842.0,False
DURANGO,New Spain,1761,out,Mexico City,REMITIDO A RL CAJA DE MEXICO,MONTO,True,203835.0,203835.0,False
DURANGO,New Spain,1762,out,Mexico City,REMITIDO A RL CAJA DE MEXICO,MONTO,True,341127.0,341127.0,False
DURANGO,New Spain,1763,out,Mexico City,REMITIDO A RL CAJA DE MEXICO,MONTO,True,314589.0,314589.0,False
DURANGO,New Spain,1764,out,Mexico City,REMITIDO A RL CAJA DE MEXICO,MONTO,True,431178.0,431178.0,False
DURANGO,New Spain,1765,out,Mexico City,REMITIDO A RL CAJA DE MEXICO,MONTO,True,318612.0,318612.0,False
DURANGO,New Spain,1766,out,Mexico City,REMITIDO A RL CAJA DE MEXICO,MONTO,True,141319.0,141319.0,False
DURANGO,New Spain,1767,out,Mexico City,REMITIDO A RL CAJA DE MEXICO,MONTO,True,524752.0,524752.0,False
DURANGO,New Spain,1768,out,Mexico City,REMITIDO A RL CAJA DE MEXICO,MONTO,True,378731.0,378731.0,False
DURANGO,New Spain,1769,out,Mexico City,REMITIDO A RL CAJA DE MEXICO,MONTO,True,225798.0,225798.0,False
DURANGO,New Spain,1770,out,Mexico City,REMITIDO A RL CAJA DE MEXICO,MONTO,True,164410.0,164410.0,False
DURANGO,New Spain,1771,out,Mexico City,REMITIDO A RL CAJA DE MEXICO,MONTO,True,319451.0,319451.0,False
DURANGO,New Spain,1772,out,Mexico City,REMITIDO A RL CAJA DE MEXICO,MONTO,True,317073.0,317073.0,False
DURANGO,New Spain,1773,out,Mexico City,REMITIDO A RL CAJA DE MEXICO,MONTO,True,301754.0,301754.0,False
DURANGO,New Spain,1774,out,Mexico City,REMITIDO A RL CAJA DE MEXICO,MONTO,True,240786.0,240786.0,False
DURANGO,New Spain,1775,out,Mexico City,REMITIDO A RL CAJA DE MEXICO,MONTO,True,328470.0,328470.0,False
DURANGO,New Spain,1776,out,Mexico City,REMITIDO A RL CAJA DE MEXICO,MONTO,True,412337.0,412337.0,False
DURANGO,New Spain,1776,in,Guanajuato,REMITIDO DE RL CAJA DE GUANAJUATO,MONTO,True,142670.0,142670.0,False
DURANGO,New Spain,1777,out,Mexico City,REMITIDO A RL CAJA DE MEXICO,MONTO,True,239632.0,239632.0,False
DURANGO,New Spain,1778,out,Mexico City,REMITIDO A RL CAJA DE MEXICO,MONTO,True,403120.0,403120.0,False
DURANGO,New Spain,1778,in,Guanajuato,REMITIDO DE RL CAJA DE GUANAJUATO,MONTO,True,100835.0,100835.0,False
DURANGO,New Spain,1779,out,Mexico City,REMITIDO A RL CAJA DE MEXICO,MONTO,True,215893.0,215893.0,False
DURANGO,New Spain,1779,in,Guanajuato,REMITIDO DE RL CAJA DE GUANAJUATO,MONTO,True,200835.0,200835.0,False
DURANGO,New Spain,1780,out,Mexico City,REMITIDO A RL CAJA DE MEXICO,MONTO,True,349165.0,349165.0,False
DURANGO,New Spain,1780,in,Guanajuato,REMITIDO DE RL CAJA DE GUANAJUATO,MONTO,True,201670.0,201670.0,False
DURANGO,New Spain,1781,out,Mexico City,REMITIDO A RL CAJA DE MEXICO,MONTO,True,170361.0,170361.0,False
DURANGO,New Spain,1782,out,Mexico City,REMITIDO A RL CAJA DE MEXICO,MONTO,True,450316.0,450316.0,False
DURANGO,New Spain,1783,out,Mexico City,REMITIDO A RL CAJA DE MEXICO,MONTO,True,278513.0,278513.0,False
DURANGO,New Spain,1784,out,Mexico City,REMITIDO A RL CAJA DE MEXICO,MONTO,True,183150.0,183150.0,False
DURANGO,New Spain,1785,out,Mexico City,REMITIDO A RL CAJA DE MEXICO,MONTO,True,256835.0,256835.0,False
DURANGO,New Spain,1785,in,Guanajuato,REMITIDO DE RL CAJA DE GUANAJUATO,MONTO,True,229000.0,229000.0,False
DURANGO,New Spain,1788,out,Mexico City,REMITIDO A RL CAJA DE MEXICO,MONTO,True,234003.0,234003.0,False
DURANGO,New Spain,1789,out,Mexico City,REMITIDO A RL CAJA DE MEXICO,MONTO,True,278719.0,278719.0,False
DURANGO,New Spain,1789,in,Guanajuato,REMITIDO DE RL CAJA DE GUANAJUATO,MONTO,True,200000.0,200000.0,False
DURANGO,New Spain,1790,out,Mexico City,REMITIDO A RL CAJA DE MEXICO,MONTO,True,306785.0,306785.0,False
DURANGO,New Spain,1790,in,unspecified,OTRAS TESORERIAS,MONTO,True,340000.0,340000.0,False
DURANGO,New Spain,1791,out,Mexico City,REMITIDO A RL CAJA DE MEXICO,MONTO,True,301384.0,301384.0,False
DURANGO,New Spain,1791,in,Guanajuato,REMITIDO DE RL CAJA DE GUANAJUATO,MONTO,True,240000.0,240000.0,False
DURANGO,New Spain,1792,out,Mexico City,REMITIDO A RL CAJA DE MEXICO,MONTO,True,310472.0,310472.0,False
DURANGO,New Spain,1792,in,Guanajuato,REMITIDO DE RL CAJA DE GUANAJUATO,MONTO,True,240000.0,240000.0,False
DURANGO,New Spain,1793,out,Mexico City,REMITIDO A RL CAJA DE MEXICO,MONTO,True,341909.0,341909.0,False
DURANGO,New Spain,1793,in,Guanajuato,REMITIDO DE RL CAJA DE GUANAJUATO,MONTO,True,240000.0,240000.0,False
DURANGO,New Spain,1794,out,Mexico City,REMITIDO A RL CAJA DE MEXICO,MONTO,True,582877.0,582877.0,False
DURANGO,New Spain,1795,out,Mexico City,REMITIDO A RL CAJA DE MEXICO,MONTO,True,455134.0,455134.0,False
DURANGO,New Spain,1796,out,Mexico City,REMITIDO A RL CAJA DE MEXICO,MONTO,True,303900.0,303900.0,False
DURANGO,New Spain,1797,out,Mexico City,REMITIDO A RL CAJA DE MEXICO,MONTO,True,388907.0,388907.0,False
DURANGO,New Spain,1797,in,Guanajuato,REMITIDO DE RL CAJA DE GUANAJUATO,MONTO,True,300000.0,300000.0,False
DURANGO,New Spain,1798,out,Mexico City,REMITIDO A RL CAJA DE MEXICO,MONTO,True,362254.0,362254.0,False
DURANGO,New Spain,1798,in,Guanajuato,REMITIDO DE RL CAJA DE GUANAJUATO,MONTO,True,150000.0,150000.0,False
DURANGO,New Spain,1799,out,Mexico City,REMITIDO A RL CAJA DE MEXICO,MONTO,True,447623.0,447623.0,False
DURANGO,New Spain,1800,out,unspecified,OTRAS TESORERIAS,MONTO,True,6180.0,6180.0,False
DURANGO,New Spain,1800,out,Mexico City,REMITIDO A RL CAJA DE MEXICO,MONTO,True,334759.0,334759.0,False
DURANGO,New Spain,1801,out,unspecified,OTRAS TESORERIAS,MONTO,True,179805.0,179805.0,False
DURANGO,New Spain,1801,out,Mexico City,REMITIDO A RL CAJA DE MEXICO,MONTO,True,325213.0,325213.0,False
DURANGO,New Spain,1801,in,unspecified,OTRAS TESORERIAS,MONTO,True,1815.0,1815.0,False
DURANGO,New Spain,1802,out,unspecified,OTRAS TESORERIAS,MONTO,True,103505.0,103505.0,False
DURANGO,New Spain,1802,out,Mexico City,REMITIDO A RL CAJA DE MEXICO,MONTO,True,203613.0,203613.0,False
DURANGO,New Spain,1803,out,unspecified,OTRAS TESORERIAS,MONTO,True,150885.0,150885.0,False
DURANGO,New Spain,1803,out,Mexico City,REMITIDO A RL CAJA DE MEXICO,MONTO,True,277984.0,277984.0,False
DURANGO,New Spain,1804,out,unspecified,OTRAS TESORERIAS,MONTO,True,203141.0,203141.0,False
DURANGO,New Spain,1804,out,Mexico City,REMITIDO A RL CAJA DE MEXICO,MONTO,True,410354.0,410354.0,False
DURANGO,New Spain,1805,out,unspecified,OTRAS TESORERIAS,MONTO,True,316506.0,316506.0,False
DURANGO,New Spain,1805,out,Mexico City,REMITIDO A RL CAJA DE MEXICO,MONTO,True,193227.0,193227.0,False
DURANGO,New Spain,1805,in,unspecified,OTRAS TESORERIAS,MONTO,True,105013.0,105013.0,False
DURANGO,New Spain,1807,out,unspecified,OTRAS TESORERIAS,MONTO,True,149141.0,149141.0,False
DURANGO,New Spain,1807,out,Mexico City,REMITIDO A RL CAJA DE MEXICO,MONTO,True,720370.0,720370.0,False
DURANGO,New Spain,1807,in,unspecified,OTRAS TESORERIAS,MONTO,True,3000.0,3000.0,False
DURANGO,New Spain,1808,out,unspecified,OTRAS TESORERIAS,MONTO,True,204215.0,204215.0,False
DURANGO,New Spain,1808,out,Mexico City,REMITIDO A RL CAJA DE MEXICO,MONTO,True,327407.0,327407.0,False
DURANGO,New Spain,1808,in,unspecified,OTRAS TESORERIAS,MONTO,True,90478.0,90478.0,False
DURANGO,New Spain,1809,out,unspecified,OTRAS TESORERIAS,MONTO,True,78951.0,78951.0,False
DURANGO,New Spain,1809,out,Mexico City,REMITIDO A MEXICO POR SU RESCATE,MONTO,True,200485.0,200485.0,False
DURANGO,New Spain,1809,out,Mexico City,REMITIDO A RL CAJA DE MEXICO,MONTO,True,580032.0,580032.0,False
DURANGO,New Spain,1809,in,unspecified,OTRAS TESORERIAS,MONTO,True,3706.0,3706.0,False
DURANGO,New Spain,1810,out,unspecified,OTRAS TESORERIAS,MONTO,True,29469.0,29469.0,False
DURANGO,New Spain,1810,out,Mexico City,REMITIDO A MEXICO POR SU RESCATE,MONTO,True,303827.0,303827.0,False
DURANGO,New Spain,1810,out,Mexico City,REMITIDO A RL CAJA DE MEXICO,MONTO,True,178404.0,178404.0,False
DURANGO,New Spain,1810,in,unspecified,OTRAS TESORERIAS,MONTO,True,118602.0,118602.0,False
DURANGO,New Spain,1811,out,unspecified,OTRAS TESORERIAS,MONTO,True,186350.0,186350.0,False
DURANGO,New Spain,1811,in,unspecified,OTRAS TESORERIAS,MONTO,True,175202.0,175202.0,False
DURANGO,New Spain,1813,out,unspecified,OTRAS TESORERIAS,MONTO,True,211972.0,211972.0,False
DURANGO,New Spain,1813,out,Mexico City,REMITIDO A RL CAJA DE MEXICO,MONTO,True,128650.0,128650.0,False
DURANGO,New Spain,1813,in,unspecified,OTRAS TESORERIAS,MONTO,True,351588.0,351588.0,False
GUADALAJARA,New Spain,1584,out,Mexico City,REMITIDO A RL CAJA DE MEXICO,MONTO,True,26770.0,26770.0,False
GUADALAJARA,New Spain,1586,out,Mexico City,REMITIDO A RL CAJA DE MEXICO,MONTO,True,33211.0,33211.0,False
GUADALAJARA,New Spain,1587,out,Mexico City,REMITIDO A RL CAJA DE MEXICO,MONTO,True,42897.0,42897.0,False
GUADALAJARA,New Spain,1591,out,Mexico City,REMITIDO A RL CAJA DE MEXICO,MONTO,True,55835.0,55835.0,False
GUADALAJARA,New Spain,1593,out,Mexico City,REMITIDO A RL CAJA DE MEXICO,MONTO,True,20648.0,20648.0,False
GUADALAJARA,New Spain,1594,out,Mexico City,REMITIDO A RL CAJA DE MEXICO,MONTO,True,2504.0,2504.0,False
GUADALAJARA,New Spain,1595,out,Mexico City,REMITIDO A RL CAJA DE MEXICO,MONTO,True,9498.0,9498.0,False
GUADALAJARA,New Spain,1596,out,Mexico City,REMITIDO A RL CAJA DE MEXICO,MONTO,True,5107.0,5107.0,False
GUADALAJARA,New Spain,1597,out,Mexico City,REMITIDO A RL CAJA DE MEXICO,MONTO,True,6177.0,6177.0,False
GUADALAJARA,New Spain,1598,out,Mexico City,REMITIDO A RL CAJA DE MEXICO,MONTO,True,7259.0,7259.0,False
GUADALAJARA,New Spain,1599,out,Mexico City,REMITIDO A RL CAJA DE MEXICO,MONTO,True,22975.0,22975.0,False
GUADALAJARA,New Spain,1604,out,Mexico City,REMITIDO A RL CAJA DE MEXICO,MONTO,True,18476.0,18476.0,False
GUADALAJARA,New Spain,1606,out,Mexico City,REMITIDO A RL CAJA DE MEXICO,MONTO,True,23408.0,23408.0,False
GUADALAJARA,New Spain,1609,out,Mexico City,REMITIDO A MEXICO DE OFICIOS VEND,MONTO,True,9130.0,9130.0,False
GUADALAJARA,New Spain,1609,out,Mexico City,REMITIDO A RL CAJA DE MEXICO,MONTO,True,46871.0,46871.0,False
GUADALAJARA,New Spain,1610,out,Mexico City,REMITIDO A RL CAJA DE MEXICO,MONTO,True,10191.0,10191.0,False
GUADALAJARA,New Spain,1613,out,Mexico City,REMITIDO A RL CAJA DE MEXICO,MONTO,True,30076.0,30076.0,False
GUADALAJARA,New Spain,1614,out,Mexico City,REMITIDO A MEXICO DE AZOGUES,MONTO,True,27904.0,27904.0,False
GUADALAJARA,New Spain,1615,out,Mexico City,REMITIDO A MEXICO DE AZOGUES,MONTO,True,21183.0,21183.0,False
GUADALAJARA,New Spain,1616,out,Mexico City,REMITIDO A MEXICO DE AZOGUES,MONTO,True,11704.0,11704.0,False
GUADALAJARA,New Spain,1616,out,Mexico City,REMITIDO A MEXICO EXTRAORDINARIO,MONTO,True,5775.0,5775.0,False
GUADALAJARA,New Spain,1617,out,Mexico City,REMITIDO A MEXICO DE AZOGUES,MONTO,True,12439.0,12439.0,False
GUADALAJARA,New Spain,1618,out,Mexico City,REMITIDO A MEXICO DE AZOGUES,MONTO,True,20815.0,20815.0,False
GUADALAJARA,New Spain,1618,out,Mexico City,REMITIDO A MEXICO EXTRAORDINARIO,MONTO,True,15129.0,15129.0,False
GUADALAJARA,New Spain,1619,out,Mexico City,REMITIDO A MEXICO DE AZOGUES,MONTO,True,14733.0,14733.0,False
GUADALAJARA,New Spain,1619,out,Mexico City,REMITIDO A RL CAJA DE MEXICO,MONTO,True,15912.0,15912.0,False
GUADALAJARA,New Spain,1621,out,Mexico City,REMITIDO A MEXICO DE AZOGUES,MONTO,True,12899.0,12899.0,False
GUADALAJARA,New Spain,1622,out,Mexico City,REMITIDO A MEXICO DE AZOGUES,MONTO,True,13674.0,13674.0,False
GUADALAJARA,New Spain,1622,out,Mexico City,REMITIDO A MEXICO EXTRAORDINARIO,MONTO,True,27023.0,27023.0,False
GUADALAJARA,New Spain,1623,out,Mexico City,REMITIDO A MEXICO DE AZOGUES,MONTO,True,17460.0,17460.0,False
GUADALAJARA,New Spain,1623,out,Mexico City,REMITIDO A MEXICO EXTRAORDINARIO,MONTO,True,30493.0,30493.0,False
GUADALAJARA,New Spain,1624,out,Mexico City,REMITIDO A MEXICO DE AZOGUES,MONTO,True,24003.0,24003.0,False
GUADALAJARA,New Spain,1624,out,Mexico City,REMITIDO A MEXICO EXTRAORDINARIO,MONTO,True,30311.0,30311.0,False
GUADALAJARA,New Spain,1625,out,Mexico City,REMITIDO A RL CAJA DE MEXICO,MONTO,True,42326.0,42326.0,False
GUADALAJARA,New Spain,1626,out,Mexico City,REMITIDO A MEXICO DE AZOGUES,MONTO,True,78818.0,78818.0,False
GUADALAJARA,New Spain,1627,out,Mexico City,REMITIDO A MEXICO DE AZOGUES,MONTO,True,79453.0,79453.0,False
GUADALAJARA,New Spain,1628,out,Mexico City,REMITIDO A MEXICO DE AZOGUES,MONTO,True,63303.0,63303.0,False
GUADALAJARA,New Spain,1629,out,Mexico City,REMITIDO A MEXICO EXTRAORDINARIO,MONTO,True,71176.0,71176.0,False
GUADALAJARA,New Spain,1630,out,Mexico City,REMITIDO A RL CAJA DE MEXICO,MONTO,True,80601.0,80601.0,False
GUADALAJARA,New Spain,1631,out,Mexico City,REMITIDO A RL CAJA DE MEXICO,MONTO,True,59510.0,59510.0,False
GUADALAJARA,New Spain,1632,out,Mexico City,REMITIDO A RL CAJA DE MEXICO,MONTO,True,40538.0,40538.0,False
GUADALAJARA,New Spain,1633,out,Mexico City,REMITIDO A RL CAJA DE MEXICO,MONTO,True,80466.0,80466.0,False
GUADALAJARA,New Spain,1634,out,Mexico City,REMITIDO A MEXICO DE MEDIA ANATA,MONTO,True,2337.0,2337.0,False
GUADALAJARA,New Spain,1634,out,Mexico City,REMITIDO A RL CAJA DE MEXICO,MONTO,True,57507.0,57507.0,False
GUADALAJARA,New Spain,1635,out,Mexico City,REMITIDO A MEXICO DE AZOGUES,MONTO,True,20447.0,20447.0,False
GUADALAJARA,New Spain,1635,out,Mexico City,REMITIDO A MEXICO EXTRAORDINARIO,MONTO,True,21874.0,21874.0,False
GUADALAJARA,New Spain,1635,out,Mexico City,REMITIDO A RL CAJA DE MEXICO,MONTO,True,1436.0,1436.0,False
GUADALAJARA,New Spain,1636,out,Mexico City,REMITIDO A MEXICO DE AZOGUES,MONTO,True,37271.0,37271.0,False
GUADALAJARA,New Spain,1636,out,Mexico City,REMITIDO A MEXICO DE MEDIA ANATA,MONTO,True,20598.0,20598.0,False
GUADALAJARA,New Spain,1637,out,Mexico City,REMITIDO A MEXICO DE AZOGUES,MONTO,True,34528.0,34528.0,False
GUADALAJARA,New Spain,1637,out,Mexico City,REMITIDO A MEXICO DE MEDIA ANATA,MONTO,True,3599.0,3599.0,False
GUADALAJARA,New Spain,1638,out,Mexico City,REMITIDO A RL CAJA DE MEXICO,MONTO,True,24135.0,24135.0,False
GUADALAJARA,New Spain,1639,out,Mexico City,REMITIDO A MEXICO EXTRAORDINARIO,MONTO,True,5709.0,5709.0,False
GUADALAJARA,New Spain,1640,out,Mexico City,REMITIDO A MEXICO DE AZOGUES,MONTO,True,23467.0,23467.0,False
GUADALAJARA,New Spain,1640,out,Mexico City,REMITIDO A MEXICO DE MEDIA ANATA,MONTO,True,4752.0,4752.0,False
GUADALAJARA,New Spain,1641,out,Mexico City,REMITIDO A RL CAJA DE MEXICO,MONTO,True,40490.0,40490.0,False
GUADALAJARA,New Spain,1642,out,Mexico City,REMITIDO A MEXICO 2% ARMADA BARLO,MONTO,True,2410.0,2410.0,False
GUADALAJARA,New Spain,1642,out,Mexico City,REMITIDO A RL CAJA DE MEXICO,MONTO,True,11276.0,11276.0,False
GUADALAJARA,New Spain,1643,out,Mexico City,REMITIDO A MEXICO CONDENACIONES,MONTO,True,2327.0,2327.0,False
GUADALAJARA,New Spain,1643,out,Mexico City,REMITIDO A MEXICO DE AZOGUES,MONTO,True,22779.0,22779.0,False
GUADALAJARA,New Spain,1643,out,Mexico City,REMITIDO A MEXICO VACANTES OBISPO,MONTO,True,595.0,595.0,False
GUADALAJARA,New Spain,1643,out,Mexico City,REMITIDO A RL CAJA DE MEXICO,MONTO,True,5939.0,5939.0,False
GUADALAJARA,New Spain,1644,out,Mexico City,REMITIDO A MEXICO 2% ARMADA BARLO,MONTO,True,2344.0,2344.0,False
GUADALAJARA,New Spain,1644,out,Mexico City,REMITIDO A MEXICO COMP DE TIERRAS,MONTO,True,7162.0,7162.0,False
GUADALAJARA,New Spain,1644,out,Mexico City,REMITIDO A MEXICO DE AZOGUES,MONTO,True,31374.0,31374.0,False
GUADALAJARA,New Spain,1644,out,Mexico City,REMITIDO A MEXICO DE MEDIA ANATA,MONTO,True,8174.0,8174.0,False
GUADALAJARA,New Spain,1644,out,Mexico City,REMITIDO A RL CAJA DE MEXICO,MONTO,True,33526.0,33526.0,False
GUADALAJARA,New Spain,1645,out,Mexico City,REMITIDO A MEXICO COMP DE TIERRAS,MONTO,True,13324.0,13324.0,False
GUADALAJARA,New Spain,1645,out,Mexico City,REMITIDO A MEXICO DE AZOGUES,MONTO,True,6365.0,6365.0,False
GUADALAJARA,New Spain,1645,out,Mexico City,REMITIDO A MEXICO DE MEDIA ANATA,MONTO,True,2954.0,2954.0,False
GUADALAJARA,New Spain,1645,out,Mexico City,REMITIDO A MEXICO EXTRAORDINARIO,MONTO,True,500.0,500.0,False
GUADALAJARA,New Spain,1645,out,Mexico City,REMITIDO A MEXICO VACANTES OBISPO,MONTO,True,3856.0,3856.0,False
GUADALAJARA,New Spain,1646,out,Mexico City,REMITIDO A MEXICO 2% ARMADA BARLO,MONTO,True,4933.0,4933.0,False
GUADALAJARA,New Spain,1646,out,Mexico City,REMITIDO A MEXICO BIENES Y RAMOS,MONTO,True,2610.0,2610.0,False
GUADALAJARA,New Spain,1646,out,Mexico City,REMITIDO A MEXICO COMP DE TIERRAS,MONTO,True,7078.0,7078.0,False
GUADALAJARA,New Spain,1646,out,Mexico City,REMITIDO A MEXICO DE AZOGUES,MONTO,True,21776.0,21776.0,False
GUADALAJARA,New Spain,1646,out,Mexico City,REMITIDO A MEXICO DE MEDIA ANATA,MONTO,True,2629.0,2629.0,False
GUADALAJARA,New Spain,1646,out,Mexico City,REMITIDO A MEXICO VACANTES OBISPO,MONTO,True,767.0,767.0,False
GUADALAJARA,New Spain,1646,out,Mexico City,REMITIDO A RL CAJA DE MEXICO,MONTO,True,22338.0,22338.0,False
GUADALAJARA,New Spain,1647,out,Mexico City,REMITIDO A RL CAJA DE MEXICO,MONTO,True,21801.0,21801.0,False
GUADALAJARA,New Spain,1648,out,Mexico City,REMITIDO A MEXICO 2% ARMADA BARLO,MONTO,True,1592.0,1592.0,False
GUADALAJARA,New Spain,1648,out,Mexico City,REMITIDO A MEXICO ALCANCES,MONTO,True,55.0,55.0,False
GUADALAJARA,New Spain,1648,out,Mexico City,REMITIDO A MEXICO DE AZOGUES,MONTO,True,10111.0,10111.0,False
GUADALAJARA,New Spain,1648,out,Mexico City,REMITIDO A MEXICO DE MEDIA ANATA,MONTO,True,1949.0,1949.0,False
GUADALAJARA,New Spain,1648,out,Mexico City,REMITIDO A MEXICO DE NOVENOS,MONTO,True,2394.0,2394.0,False
GUADALAJARA,New Spain,1648,out,Mexico City,REMITIDO A MEXICO MESADAS ECLES,MONTO,True,10.0,10.0,False
GUADALAJARA,New Spain,1648,out,Mexico City,REMITIDO A RL CAJA DE MEXICO,MONTO,True,4780.0,4780.0,False
GUADALAJARA,New Spain,1649,out,Mexico City,REMITIDO A MEXICO COMP DE TIERRAS,MONTO,True,160.0,160.0,False
GUADALAJARA,New Spain,1649,out,Mexico City,REMITIDO A MEXICO CREC DE AZOGUES,MONTO,True,997.0,997.0,False
GUADALAJARA,New Spain,1649,out,Mexico City,REMITIDO A MEXICO DE AZOGUES,MONTO,True,11577.0,11577.0,False
GUADALAJARA,New Spain,1649,out,Mexico City,REMITIDO A MEXICO DE MEDIA ANATA,MONTO,True,1438.0,1438.0,False
GUADALAJARA,New Spain,1649,out,Mexico City,REMITIDO A RL CAJA DE MEXICO,MONTO,True,9878.0,9878.0,False
GUADALAJARA,New Spain,1650,out,Mexico City,REMITIDO A RL CAJA DE MEXICO,MONTO,True,45466.0,45466.0,False
GUADALAJARA,New Spain,1651,out,Mexico City,REMITIDO A MEXICO DE AZOGUES,MONTO,True,10711.0,10711.0,False
GUADALAJARA,New Spain,1651,out,Mexico City,REMITIDO A MEXICO DE OFICIOS VEND,MONTO,True,1263.0,1263.0,False
GUADALAJARA,New Spain,1652,out,Mexico City,REMITIDO A MEXICO 2% ARMADA BARLO,MONTO,True,1482.0,1482.0,False
GUADALAJARA,New Spain,1652,out,Mexico City,REMITIDO A MEXICO DE AZOGUES,MONTO,True,19872.0,19872.0,False
GUADALAJARA,New Spain,1652,out,Mexico City,REMITIDO A MEXICO DE MEDIA ANATA,MONTO,True,2350.0,2350.0,False
GUADALAJARA,New Spain,1652,out,Mexico City,REMITIDO A MEXICO DE NOVENOS,MONTO,True,2547.0,2547.0,False
GUADALAJARA,New Spain,1652,out,Mexico City,REMITIDO A MEXICO DE OFICIOS VEND,MONTO,True,2681.0,2681.0,False
GUADALAJARA,New Spain,1652,out,Mexico City,REMITIDO A MEXICO MESADAS ECLES,MONTO,True,115.0,115.0,False
GUADALAJARA,New Spain,1653,out,Mexico City,REMITIDO A MEXICO 2% ARMADA BARLO,MONTO,True,658.0,658.0,False
GUADALAJARA,New Spain,1653,out,Mexico City,REMITIDO A MEXICO DE AZOGUES,MONTO,True,27308.0,27308.0,False
GUADALAJARA,New Spain,1653,out,Mexico City,REMITIDO A MEXICO DE MEDIA ANATA,MONTO,True,3178.0,3178.0,False
GUADALAJARA,New Spain,1655,out,Mexico City,REMITIDO A RL CAJA DE MEXICO,MONTO,True,107967.0,107967.0,False
GUADALAJARA,New Spain,1657,out,Mexico City,REMITIDO A RL CAJA DE MEXICO,MONTO,True,59876.0,59876.0,False
GUADALAJARA,New Spain,1657,out,Mexico City,REMITIDO A RL CAJA DE MEXICO,MONTO,True,121316.0,121316.0,False
GUADALAJARA,New Spain,1658,out,Mexico City,REMITIDO A MEXICO DEL ORO,MONTO,True,1326.0,1326.0,False
GUADALAJARA,New Spain,1658,out,Mexico City,REMITIDO A RL CAJA DE MEXICO,MONTO,True,146209.0,146209.0,False
GUADALAJARA,New Spain,1659,out,Mexico City,REMITIDO A RL CAJA DE MEXICO,MONTO,True,82591.0,82591.0,False
GUADALAJARA,New Spain,1661,out,Mexico City,REMITIDO A RL CAJA DE MEXICO,MONTO,True,40815.0,40815.0,False
GUADALAJARA,New Spain,1662,out,Mexico City,REMITIDO A RL CAJA DE MEXICO,MONTO,True,175549.0,175549.0,False
GUADALAJARA,New Spain,1663,out,Mexico City,REMITIDO A RL CAJA DE MEXICO,MONTO,True,90337.0,90337.0,False
GUADALAJARA,New Spain,1664,out,Mexico City,REMITIDO A RL CAJA DE MEXICO,MONTO,True,48846.0,48846.0,False
GUADALAJARA,New Spain,1665,out,Mexico City,REMITIDO A RL CAJA DE MEXICO,MONTO,True,66963.0,66963.0,False
GUADALAJARA,New Spain,1666,out,Mexico City,REMITIDO A RL CAJA DE MEXICO,MONTO,True,97253.0,97253.0,False
GUADALAJARA,New Spain,1668,out,Mexico City,REMITIDO A RL CAJA DE MEXICO,MONTO,True,85527.0,85527.0,False
GUADALAJARA,New Spain,1669,out,Mexico City,REMITIDO A RL CAJA DE MEXICO,MONTO,True,121421.0,121421.0,False
GUADALAJARA,New Spain,1670,out,Mexico City,REMITIDO A RL CAJA DE MEXICO,MONTO,True,170275.0,170275.0,False
GUADALAJARA,New Spain,1671,out,Mexico City,REMITIDO A RL CAJA DE MEXICO,MONTO,True,128544.0,128544.0,False
GUADALAJARA,New Spain,1673,out,Mexico City,REMITIDO A RL CAJA DE MEXICO,MONTO,True,191729.0,191729.0,False
GUADALAJARA,New Spain,1675,out,Mexico City,REMITIDO A RL CAJA DE MEXICO,MONTO,True,208432.0,208432.0,False
GUADALAJARA,New Spain,1677,out,Mexico City,REMITIDO A RL CAJA DE MEXICO,MONTO,True,186624.0,186624.0,False
GUADALAJARA,New Spain,1678,out,Mexico City,REMITIDO A RL CAJA DE MEXICO,MONTO,True,79852.0,79852.0,False
GUADALAJARA,New Spain,1680,out,Mexico City,REMITIDO A RL CAJA DE MEXICO,MONTO,True,233654.0,233654.0,False
GUADALAJARA,New Spain,1682,out,Mexico City,REMITIDO A RL CAJA DE MEXICO,MONTO,True,174187.0,174187.0,False
GUADALAJARA,New Spain,1683,out,Mexico City,REMITIDO A RL CAJA DE MEXICO,MONTO,True,80569.0,80569.0,False
GUADALAJARA,New Spain,1684,out,Mexico City,REMITIDO A RL CAJA DE MEXICO,MONTO,True,61491.0,61491.0,False
GUADALAJARA,New Spain,1685,out,Mexico City,REMITIDO A RL CAJA DE MEXICO,MONTO,True,81746.0,81746.0,False
GUADALAJARA,New Spain,1686,out,Mexico City,REMITIDO A RL CAJA DE MEXICO,MONTO,True,29900.0,29900.0,False
GUADALAJARA,New Spain,1687,out,Mexico City,REMITIDO A RL CAJA DE MEXICO,MONTO,True,206939.0,206939.0,False
GUADALAJARA,New Spain,1688,out,Mexico City,REMITIDO A RL CAJA DE MEXICO,MONTO,True,141248.0,141248.0,False
GUADALAJARA,New Spain,1689,out,Mexico City,REMITIDO A RL CAJA DE MEXICO,MONTO,True,179360.0,179360.0,False
GUADALAJARA,New Spain,1690,out,Mexico City,REMITIDO A RL CAJA DE MEXICO,MONTO,True,1342.0,1342.0,False
GUADALAJARA,New Spain,1690,out,Mexico City,REMITIDO A RL CAJA DE MEXICO,MONTO,True,93354.0,93354.0,False
GUADALAJARA,New Spain,1691,out,Mexico City,REMITIDO A RL CAJA DE MEXICO,MONTO,True,176605.0,176605.0,False
GUADALAJARA,New Spain,1692,out,Mexico City,REMITIDO A RL CAJA DE MEXICO,MONTO,True,72780.0,72780.0,False
GUADALAJARA,New Spain,1696,out,Mexico City,REMITIDO A RL CAJA DE MEXICO,MONTO,True,76250.0,76250.0,False
GUADALAJARA,New Spain,1697,out,Mexico City,REMITIDO A RL CAJA DE MEXICO,MONTO,True,9658.0,9658.0,False
GUADALAJARA,New Spain,1701,out,Mexico City,REMITIDO A RL CAJA DE MEXICO,MONTO,True,102921.0,102921.0,False
GUADALAJARA,New Spain,1703,out,Mexico City,REMITIDO A RL CAJA DE MEXICO,MONTO,True,66769.0,66769.0,False
GUADALAJARA,New Spain,1704,out,Mexico City,REMITIDO A RL CAJA DE MEXICO,MONTO,True,53427.0,53427.0,False
GUADALAJARA,New Spain,1706,out,Mexico City,REMITIDO A RL CAJA DE MEXICO,MONTO,True,80483.0,80483.0,False
GUADALAJARA,New Spain,1707,out,Mexico City,REMITIDO A RL CAJA DE MEXICO,MONTO,True,90779.0,90779.0,False
GUADALAJARA,New Spain,1708,out,Mexico City,REMITIDO A RL CAJA DE MEXICO,MONTO,True,97406.0,97406.0,False
GUADALAJARA,New Spain,1709,out,Veracruz,REMITIDO A RL CAJA DE VERACRUZ,MONTO,True,700.0,700.0,False
GUADALAJARA,New Spain,1710,out,Mexico City,REMITIDO A MEXICO DE MERCEDES,MONTO,True,600.0,600.0,False
GUADALAJARA,New Spain,1710,out,Mexico City,REMITIDO A RL CAJA DE MEXICO,MONTO,True,79237.0,79237.0,False
GUADALAJARA,New Spain,1711,out,Mexico City,REMITIDO A RL CAJA DE MEXICO,MONTO,True,71066.0,71066.0,False
GUADALAJARA,New Spain,1712,out,Mexico City,REMITIDO A RL CAJA DE MEXICO,MONTO,True,64514.0,64514.0,False
GUADALAJARA,New Spain,1713,out,Mexico City,REMITIDO A RL CAJA DE MEXICO,MONTO,True,32430.0,32430.0,False
GUADALAJARA,New Spain,1714,out,Mexico City,REMITIDO A RL CAJA DE MEXICO,MONTO,True,32748.0,32748.0,False
GUADALAJARA,New Spain,1715,out,Mexico City,REMITIDO A RL CAJA DE MEXICO,MONTO,True,79218.0,79218.0,False
GUADALAJARA,New Spain,1716,out,Mexico City,REMITIDO A RL CAJA DE MEXICO,MONTO,True,24044.0,24044.0,False
GUADALAJARA,New Spain,1717,out,Mexico City,REMITIDO A RL CAJA DE MEXICO,MONTO,True,56615.0,56615.0,False
GUADALAJARA,New Spain,1718,out,Mexico City,REMITIDO A RL CAJA DE MEXICO,MONTO,True,34259.0,34259.0,False
GUADALAJARA,New Spain,1720,out,Mexico City,REMITIDO A RL CAJA DE MEXICO,MONTO,True,64147.0,64147.0,False
GUADALAJARA,New Spain,1721,out,Mexico City,REMITIDO A RL CAJA DE MEXICO,MONTO,True,38467.0,38467.0,False
GUADALAJARA,New Spain,1722,out,Mexico City,REMITIDO A RL CAJA DE MEXICO,MONTO,True,74437.0,74437.0,False
GUADALAJARA,New Spain,1723,out,Mexico City,REMITIDO A RL CAJA DE MEXICO,MONTO,True,93809.0,93809.0,False
GUADALAJARA,New Spain,1724,out,Mexico City,REMITIDO A RL CAJA DE MEXICO,MONTO,True,92666.0,92666.0,False
GUADALAJARA,New Spain,1725,out,Mexico City,REMITIDO A RL CAJA DE MEXICO,MONTO,True,131434.0,131434.0,False
GUADALAJARA,New Spain,1726,out,Mexico City,REMITIDO A RL CAJA DE MEXICO,MONTO,True,141748.0,141748.0,False
GUADALAJARA,New Spain,1727,out,Mexico City,REMITIDO A RL CAJA DE MEXICO,MONTO,True,92588.0,92588.0,False
GUADALAJARA,New Spain,1728,out,Mexico City,REMITIDO A RL CAJA DE MEXICO,MONTO,True,160258.0,160258.0,False
GUADALAJARA,New Spain,1729,out,Mexico City,REMITIDO A RL CAJA DE MEXICO,MONTO,True,218026.0,218026.0,False
GUADALAJARA,New Spain,1730,out,Mexico City,REMITIDO A RL CAJA DE MEXICO,MONTO,True,195875.0,195875.0,False
GUADALAJARA,New Spain,1731,out,Mexico City,REMITIDO A RL CAJA DE MEXICO,MONTO,True,156138.0,156138.0,False
GUADALAJARA,New Spain,1732,out,Mexico City,REMITIDO A RL CAJA DE MEXICO,MONTO,True,21833.0,21833.0,False
GUADALAJARA,New Spain,1733,out,Mexico City,REMITIDO A RL CAJA DE MEXICO,MONTO,True,313609.0,313609.0,False
GUADALAJARA,New Spain,1734,out,Mexico City,REMITIDO A RL CAJA DE MEXICO,MONTO,True,235223.0,235223.0,False
GUADALAJARA,New Spain,1735,out,Mexico City,REMITIDO A RL CAJA DE MEXICO,MONTO,True,260461.0,260461.0,False
GUADALAJARA,New Spain,1736,out,Mexico City,REMITIDO A RL CAJA DE MEXICO,MONTO,True,69529.0,69529.0,False
GUADALAJARA,New Spain,1737,out,Mexico City,REMITIDO A RL CAJA DE MEXICO,MONTO,True,203503.0,203503.0,False
GUADALAJARA,New Spain,1738,out,Mexico City,REMITIDO A RL CAJA DE MEXICO,MONTO,True,263311.0,263311.0,False
GUADALAJARA,New Spain,1739,out,Mexico City,REMITIDO A RL CAJA DE MEXICO,MONTO,True,204423.0,204423.0,False
GUADALAJARA,New Spain,1740,out,Mexico City,REMITIDO A RL CAJA DE MEXICO,MONTO,True,173472.0,173472.0,False
GUADALAJARA,New Spain,1741,out,Mexico City,REMITIDO A RL CAJA DE MEXICO,MONTO,True,153755.0,153755.0,False
GUADALAJARA,New Spain,1742,out,Mexico City,REMITIDO A RL CAJA DE MEXICO,MONTO,True,180078.0,180078.0,False
GUADALAJARA,New Spain,1743,out,Mexico City,REMITIDO A RL CAJA DE MEXICO,MONTO,True,218063.0,218063.0,False
GUADALAJARA,New Spain,1744,out,Mexico City,REMITIDO A RL CAJA DE MEXICO,MONTO,True,198127.0,198127.0,False
GUADALAJARA,New Spain,1745,out,Mexico City,REMITIDO A RL CAJA DE MEXICO,MONTO,True,196567.0,196567.0,False
GUADALAJARA,New Spain,1746,out,Mexico City,REMITIDO A RL CAJA DE MEXICO,MONTO,True,166428.0,166428.0,False
GUADALAJARA,New Spain,1747,out,Mexico City,REMITIDO A RL CAJA DE MEXICO,MONTO,True,177873.0,177873.0,False
GUADALAJARA,New Spain,1748,out,Mexico City,REMITIDO A RL CAJA DE MEXICO,MONTO,True,218975.0,218975.0,False
GUADALAJARA,New Spain,1749,out,Mexico City,REMITIDO A RL CAJA DE MEXICO,MONTO,True,185972.0,185972.0,False
GUADALAJARA,New Spain,1750,out,Mexico City,REMITIDO A RL CAJA DE MEXICO,MONTO,True,313844.0,313844.0,False
GUADALAJARA,New Spain,1751,out,Mexico City,REMITIDO A RL CAJA DE MEXICO,MONTO,True,138962.0,138962.0,False
GUADALAJARA,New Spain,1752,out,Mexico City,REMITIDO A RL CAJA DE MEXICO,MONTO,True,266599.0,266599.0,False
GUADALAJARA,New Spain,1753,out,Mexico City,REMITIDO A RL CAJA DE MEXICO,MONTO,True,489884.0,489884.0,False
GUADALAJARA,New Spain,1754,out,Mexico City,REMITIDO A RL CAJA DE MEXICO,MONTO,True,212995.0,212995.0,False
GUADALAJARA,New Spain,1755,out,Mexico City,REMITIDO A RL CAJA DE MEXICO,MONTO,True,248485.0,248485.0,False
GUADALAJARA,New Spain,1756,out,Mexico City,REMITIDO A RL CAJA DE MEXICO,MONTO,True,219532.0,219532.0,False
GUADALAJARA,New Spain,1757,out,Mexico City,REMITIDO A RL CAJA DE MEXICO,MONTO,True,229253.0,229253.0,False
GUADALAJARA,New Spain,1758,out,Mexico City,REMITIDO A RL CAJA DE MEXICO,MONTO,True,268521.0,268521.0,False
GUADALAJARA,New Spain,1759,out,Mexico City,REMITIDO A RL CAJA DE MEXICO,MONTO,True,270098.0,270098.0,False
GUADALAJARA,New Spain,1760,out,Mexico City,REMITIDO A RL CAJA DE MEXICO,MONTO,True,241478.0,241478.0,False
GUADALAJARA,New Spain,1760,out,Mexico City,REMITIDO A RL CAJA DE MEXICO,MONTO,True,285301.0,285301.0,False
GUADALAJARA,New Spain,1762,out,Mexico City,REMITIDO A RL CAJA DE MEXICO,MONTO,True,312493.0,312493.0,False
GUADALAJARA,New Spain,1763,out,Mexico City,REMITIDO A RL CAJA DE MEXICO,MONTO,True,372497.0,372497.0,False
GUADALAJARA,New Spain,1764,out,Mexico City,REMITIDO A RL CAJA DE MEXICO,MONTO,True,312641.0,312641.0,False
GUADALAJARA,New Spain,1765,out,Mexico City,REMITIDO A RL CAJA DE MEXICO,MONTO,True,372629.0,372629.0,False
GUADALAJARA,New Spain,1766,out,Mexico City,REMITIDO A RL CAJA DE MEXICO,MONTO,True,477209.0,477209.0,False
GUADALAJARA,New Spain,1767,out,Mexico City,REMITIDO A RL CAJA DE MEXICO,MONTO,True,382677.0,382677.0,False
GUADALAJARA,New Spain,1768,out,Mexico City,REMITIDO A RL CAJA DE MEXICO,MONTO,True,399239.0,399239.0,False
GUADALAJARA,New Spain,1769,out,Mexico City,REMITIDO A RL CAJA DE MEXICO,MONTO,True,387738.0,387738.0,False
GUADALAJARA,New Spain,1770,out,Mexico City,REMITIDO A RL CAJA DE MEXICO,MONTO,True,301345.0,301345.0,False
GUADALAJARA,New Spain,1771,out,Mexico City,REMITIDO A RL CAJA DE MEXICO,MONTO,True,295461.0,295461.0,False
GUADALAJARA,New Spain,1772,out,Mexico City,REMITIDO A RL CAJA DE MEXICO,MONTO,True,314930.0,314930.0,False
GUADALAJARA,New Spain,1773,out,Alamos,REMITIDO A LOS ALAMOS,MONTO,True,91995.0,91995.0,False
GUADALAJARA,New Spain,1773,out,Mexico City,REMITIDO A RL CAJA DE MEXICO,MONTO,True,390905.0,390905.0,False
GUADALAJARA,New Spain,1773,in,unspecified,OTRAS TESORERIAS,MONTO,True,81995.0,81995.0,False
GUADALAJARA,New Spain,1774,out,Alamos,AZOGUES REMITIDO A LOS ALAMOS,MONTO,True,943.0,943.0,False
GUADALAJARA,New Spain,1774,out,Alamos,REMITIDO A LOS ALAMOS,MONTO,True,104493.0,104493.0,False
GUADALAJARA,New Spain,1774,out,Mexico City,REMITIDO A RL CAJA DE MEXICO,MONTO,True,324480.0,324480.0,False
GUADALAJARA,New Spain,1775,out,Alamos,AZOGUES REMITIDO A LOS ALAMOS,MONTO,True,6197.0,6197.0,False
GUADALAJARA,New Spain,1775,out,Alamos,REMITIDO A LOS ALAMOS,MONTO,True,132991.0,132991.0,False
GUADALAJARA,New Spain,1775,out,Mexico City,REMITIDO A RL CAJA DE MEXICO,MONTO,True,316991.0,316991.0,False
GUADALAJARA,New Spain,1775,out,San Blas,REMITIDO A SAN BLAS,MONTO,True,419.0,419.0,False
GUADALAJARA,New Spain,1776,out,Alamos,REMITIDO A LOS ALAMOS,MONTO,True,110000.0,110000.0,False
GUADALAJARA,New Spain,1776,out,Mexico City,REMITIDO A RL CAJA DE MEXICO,MONTO,True,314027.0,314027.0,False
GUADALAJARA,New Spain,1777,out,Alamos,REMITIDO A LOS ALAMOS,MONTO,True,50000.0,50000.0,False
GUADALAJARA,New Spain,1777,out,Mexico City,REMITIDO A RL CAJA DE MEXICO,MONTO,True,290485.0,290485.0,False
GUADALAJARA,New Spain,1777,out,San Blas,REMITIDO A SAN BLAS,MONTO,True,12000.0,12000.0,False
GUADALAJARA,New Spain,1778,out,Alamos,AZOGUES REMITIDO A LOS ALAMOS,MONTO,True,3924.0,3924.0,False
GUADALAJARA,New Spain,1778,out,Alamos,REMITIDO A LOS ALAMOS,MONTO,True,120000.0,120000.0,False
GUADALAJARA,New Spain,1778,out,Mexico City,REMITIDO A RL CAJA DE MEXICO,MONTO,True,350030.0,350030.0,False
GUADALAJARA,New Spain,1779,out,Alamos,REMITIDO A LOS ALAMOS,MONTO,True,520000.0,520000.0,False
GUADALAJARA,New Spain,1779,out,Mexico City,REMITIDO A RL CAJA DE MEXICO,MONTO,True,312670.0,312670.0,False
GUADALAJARA,New Spain,1779,in,Mexico City,REMITIDO DE RL CAJA DE MEXICO,MONTO,True,320000.0,320000.0,False
GUADALAJARA,New Spain,1780,out,Alamos,REMITIDO A LOS ALAMOS,MONTO,True,140000.0,140000.0,False
GUADALAJARA,New Spain,1780,out,Mexico City,REMITIDO A RL CAJA DE MEXICO,MONTO,True,307813.0,307813.0,False
GUADALAJARA,New Spain,1781,out,Mexico City,REMITIDO A RL CAJA DE MEXICO,MONTO,True,495514.0,495514.0,False
GUADALAJARA,New Spain,1781,out,San Blas,REMITIDO A SAN BLAS,MONTO,True,130000.0,130000.0,False
GUADALAJARA,New Spain,1782,out,Alamos,REMITIDO A LOS ALAMOS,MONTO,True,171066.0,171066.0,False
GUADALAJARA,New Spain,1782,out,Mexico City,REMITIDO A RL CAJA DE MEXICO,MONTO,True,233566.0,233566.0,False
GUADALAJARA,New Spain,1782,out,San Blas,REMITIDO A SAN BLAS,MONTO,True,180356.0,180356.0,False
GUADALAJARA,New Spain,1783,out,Mexico City,REMITIDO A RL CAJA DE MEXICO,MONTO,True,684667.0,684667.0,False
GUADALAJARA,New Spain,1783,out,San Blas,REMITIDO A SAN BLAS,MONTO,True,100181.0,100181.0,False
GUADALAJARA,New Spain,1784,out,Mexico City,REMITIDO A RL CAJA DE MEXICO,MONTO,True,233915.0,233915.0,False
GUADALAJARA,New Spain,1784,out,San Blas,REMITIDO A SAN BLAS,MONTO,True,180092.0,180092.0,False
GUADALAJARA,New Spain,1785,out,Mexico City,REMITIDO A RL CAJA DE MEXICO,MONTO,True,279745.0,279745.0,False
GUADALAJARA,New Spain,1785,out,San Blas,REMITIDO A SAN BLAS,MONTO,True,846740.0,846740.0,False
GUADALAJARA,New Spain,1785,in,Mexico City,REMITIDO DE RL CAJA DE MEXICO,MONTO,True,350000.0,350000.0,False
GUADALAJARA,New Spain,1786,out,unspecified,BULAS DE SC DE OTRAS TESORERIAS,MONTO,True,1275.0,1275.0,False
GUADALAJARA,New Spain,1786,out,Mexico City,REMITIDO A RL CAJA DE MEXICO,MONTO,True,252696.0,252696.0,False
GUADALAJARA,New Spain,1787,out,unspecified,OTRAS TESORERIAS,MONTO,True,447475.0,447475.0,False
GUADALAJARA,New Spain,1788,out,unspecified,OTRAS TESORERIAS,MONTO,True,620957.0,620957.0,False
GUADALAJARA,New Spain,1788,in,unspecified,OTRAS TESORERIAS,MONTO,True,106912.0,106912.0,False
GUADALAJARA,New Spain,1789,out,unspecified,OTRAS TESORERIAS,MONTO,True,175286.0,175286.0,False
GUADALAJARA,New Spain,1789,out,San Blas,REMITIDO A SAN BLAS,MONTO,True,287960.0,287960.0,False
GUADALAJARA,New Spain,1789,in,unspecified,OTRAS TESORERIAS,MONTO,True,14053.0,14053.0,False
GUADALAJARA,New Spain,1789,in,San Blas,SITUADO DE SAN BLAS,MONTO,True,75.0,75.0,False
GUADALAJARA,New Spain,1790,out,Mexico City,REMITIDO A RL CAJA DE MEXICO,MONTO,True,237289.0,237289.0,False
GUADALAJARA,New Spain,1790,out,San Blas,REMITIDO A SAN BLAS,MONTO,True,295930.0,295930.0,False
GUADALAJARA,New Spain,1790,in,San Blas,SITUADO DE SAN BLAS,MONTO,True,37587.0,37587.0,False
GUADALAJARA,New Spain,1791,out,Mexico City,REMITIDO A RL CAJA DE MEXICO,MONTO,True,240888.0,240888.0,False
GUADALAJARA,New Spain,1791,out,San Blas,REMITIDO A SAN BLAS,MONTO,True,267107.0,267107.0,False
GUADALAJARA,New Spain,1791,in,San Blas,SITUADO DE SAN BLAS,MONTO,True,28596.0,28596.0,False
GUADALAJARA,New Spain,1792,out,Mexico City,REMITIDO A RL CAJA DE MEXICO,MONTO,True,300891.0,300891.0,False
GUADALAJARA,New Spain,1792,out,San Blas,REMITIDO A SAN BLAS,MONTO,True,261460.0,261460.0,False
GUADALAJARA,New Spain,1792,out,Mexico City,REMITIDO A RL CAJA DE MEXICO,MONTO,True,557635.0,557635.0,False
GUADALAJARA,New Spain,1792,out,San Blas,REMITIDO A SAN BLAS,MONTO,True,243648.0,243648.0,False
GUADALAJARA,New Spain,1792,in,San Blas,SITUADO DE SAN BLAS,MONTO,True,871.0,871.0,False
GUADALAJARA,New Spain,1794,out,unspecified,OTRAS TESORERIAS,MONTO,True,612448.0,612448.0,False
GUADALAJARA,New Spain,1794,out,San Blas,REMITIDO A SAN BLAS,MONTO,True,276787.0,276787.0,False
GUADALAJARA,New Spain,1794,in,unspecified,OTRAS TESORERIAS,MONTO,True,184292.0,184292.0,False
GUADALAJARA,New Spain,1794,in,San Blas,SITUADO DE SAN BLAS,MONTO,True,62.0,62.0,False
GUADALAJARA,New Spain,1795,out,unspecified,OTRAS TESORERIAS,MONTO,True,1359836.0,1359836.0,False
GUADALAJARA,New Spain,1795,out,San Blas,REMITIDO A SAN BLAS,MONTO,True,322101.0,322101.0,False
GUADALAJARA,New Spain,1795,in,unspecified,OTRAS TESORERIAS,MONTO,True,377031.0,377031.0,False
GUADALAJARA,New Spain,1795,in,San Blas,SITUADO DE SAN BLAS,MONTO,True,148.0,148.0,False
GUADALAJARA,New Spain,1796,out,unspecified,OTRAS TESORERIAS,MONTO,True,731611.0,731611.0,False
GUADALAJARA,New Spain,1796,out,San Blas,REMITIDO A SAN BLAS,MONTO,True,361432.0,361432.0,False
GUADALAJARA,New Spain,1796,in,unspecified,OTRAS TESORERIAS,MONTO,True,201885.0,201885.0,False
GUADALAJARA,New Spain,1797,out,unspecified,OTRAS TESORERIAS,MONTO,True,572055.0,572055.0,False
GUADALAJARA,New Spain,1797,out,San Blas,REMITIDO A SAN BLAS,MONTO,True,222181.0,222181.0,False
GUADALAJARA,New Spain,1797,in,unspecified,OTRAS TESORERIAS,MONTO,True,161.0,161.0,False
GUADALAJARA,New Spain,1798,out,unspecified,OTRAS TESORERIAS,MONTO,True,570939.0,570939.0,False
GUADALAJARA,New Spain,1798,out,San Blas,REMITIDO A SAN BLAS,MONTO,True,216659.0,216659.0,False
GUADALAJARA,New Spain,1798,in,unspecified,OTRAS TESORERIAS,MONTO,True,113478.0,113478.0,False
GUADALAJARA,New Spain,1798,in,San Blas,SITUADO DE SAN BLAS,MONTO,True,20.0,20.0,False
GUADALAJARA,New Spain,1799,out,unspecified,OTRAS TESORERIAS,MONTO,True,675133.0,675133.0,False
GUADALAJARA,New Spain,1799,out,San Blas,REMITIDO A SAN BLAS,MONTO,True,208020.0,208020.0,False
GUADALAJARA,New Spain,1799,in,unspecified,OTRAS TESORERIAS,MONTO,True,77270.0,77270.0,False
GUADALAJARA,New Spain,1799,in,San Blas,SITUADO DE SAN BLAS,MONTO,True,7328.0,7328.0,False
GUADALAJARA,New Spain,1800,out,unspecified,OTRAS TESORERIAS,MONTO,True,379516.0,379516.0,False
GUADALAJARA,New Spain,1800,out,San Blas,REMITIDO A SAN BLAS,MONTO,True,282905.0,282905.0,False
GUADALAJARA,New Spain,1800,in,unspecified,OTRAS TESORERIAS,MONTO,True,57929.0,57929.0,False
GUADALAJARA,New Spain,1800,in,San Blas,SITUADO DE SAN BLAS,MONTO,True,184.0,184.0,False
GUADALAJARA,New Spain,1801,out,unspecified,OTRAS TESORERIAS,MONTO,True,399268.0,399268.0,False
GUADALAJARA,New Spain,1801,out,San Blas,REMITIDO A SAN BLAS,MONTO,True,401682.0,401682.0,False
GUADALAJARA,New Spain,1801,in,unspecified,OTRAS TESORERIAS,MONTO,True,72540.0,72540.0,False
GUADALAJARA,New Spain,1801,in,San Blas,SITUADO DE SAN BLAS,MONTO,True,4770.0,4770.0,False
GUADALAJARA,New Spain,1802,out,unspecified,OTRAS TESORERIAS,MONTO,True,277407.0,277407.0,False
GUADALAJARA,New Spain,1802,out,San Blas,REMITIDO A SAN BLAS,MONTO,True,301560.0,301560.0,False
GUADALAJARA,New Spain,1802,in,unspecified,OTRAS TESORERIAS,MONTO,True,46601.0,46601.0,False
GUADALAJARA,New Spain,1802,in,San Blas,SITUADO DE SAN BLAS,MONTO,True,41.0,41.0,False
GUADALAJARA,New Spain,1803,out,unspecified,OTRAS TESORERIAS,MONTO,True,427149.0,427149.0,False
GUADALAJARA,New Spain,1803,out,San Blas,REMITIDO A SAN BLAS,MONTO,True,255821.0,255821.0,False
GUADALAJARA,New Spain,1803,in,unspecified,OTRAS TESORERIAS,MONTO,True,44126.0,44126.0,False
GUADALAJARA,New Spain,1803,in,San Blas,SITUADO DE SAN BLAS,MONTO,True,563.0,563.0,False
GUADALAJARA,New Spain,1804,out,unspecified,OTRAS TESORERIAS,MONTO,True,683150.0,683150.0,False
GUADALAJARA,New Spain,1804,out,San Blas,REMITIDO A SAN BLAS,MONTO,True,217977.0,217977.0,False
GUADALAJARA,New Spain,1804,in,unspecified,OTRAS TESORERIAS,MONTO,True,65582.0,65582.0,False
GUADALAJARA,New Spain,1804,in,San Blas,SITUADO DE SAN BLAS,MONTO,True,19.0,19.0,False
GUADALAJARA,New Spain,1816,out,unspecified,OTRAS TESORERIAS,MONTO,True,25408.0,25408.0,False
GUADALAJARA,New Spain,1816,out,San Blas,REMITIDO A SAN BLAS,MONTO,True,23385.0,23385.0,False
GUADALAJARA,New Spain,1816,in,unspecified,OTRAS TESORERIAS,MONTO,True,38494.0,38494.0,False
GUANAJUATO,New Spain,1665,out,Mexico City,REMITIDO A RL CAJA DE MEXICO,MONTO,True,93542.0,93542.0,False
GUANAJUATO,New Spain,1667,out,Mexico City,REMITIDO A RL CAJA DE MEXICO,MONTO,True,52446.0,52446.0,False
GUANAJUATO,New Spain,1667,out,Mexico City,REMITIDO A RL CAJA DE MEXICO,MONTO,True,64324.0,64324.0,False
GUANAJUATO,New Spain,1668,out,Mexico City,REMITIDO A RL CAJA DE MEXICO,MONTO,True,65420.0,65420.0,False
GUANAJUATO,New Spain,1669,out,Mexico City,REMITIDO A RL CAJA DE MEXICO,MONTO,True,154815.0,154815.0,False
GUANAJUATO,New Spain,1671,out,Mexico City,REMITIDO A RL CAJA DE MEXICO,MONTO,True,72529.0,72529.0,False
GUANAJUATO,New Spain,1672,out,Mexico City,REMITIDO A RL CAJA DE MEXICO,MONTO,True,185969.0,185969.0,False
GUANAJUATO,New Spain,1674,out,Mexico City,REMITIDO A RL CAJA DE MEXICO,MONTO,True,216470.0,216470.0,False
GUANAJUATO,New Spain,1676,out,Mexico City,REMITIDO A RL CAJA DE MEXICO,MONTO,True,248446.0,248446.0,False
GUANAJUATO,New Spain,1678,out,Mexico City,REMITIDO A RL CAJA DE MEXICO,MONTO,True,118699.0,118699.0,False
GUANAJUATO,New Spain,1679,out,Mexico City,REMITIDO A RL CAJA DE MEXICO,MONTO,True,207184.0,207184.0,False
GUANAJUATO,New Spain,1681,out,Mexico City,REMITIDO A RL CAJA DE MEXICO,MONTO,True,188636.0,188636.0,False
GUANAJUATO,New Spain,1683,out,Mexico City,REMITIDO A RL CAJA DE MEXICO,MONTO,True,92706.0,92706.0,False
GUANAJUATO,New Spain,1690,out,Mexico City,REMITIDO A RL CAJA DE MEXICO,MONTO,True,356194.0,356194.0,False
GUANAJUATO,New Spain,1693,out,Mexico City,REMITIDO A RL CAJA DE MEXICO,MONTO,True,372887.0,372887.0,False
GUANAJUATO,New Spain,1696,out,Mexico City,REMITIDO A RL CAJA DE MEXICO,MONTO,True,189370.0,189370.0,False
GUANAJUATO,New Spain,1698,out,Mexico City,REMITIDO A RL CAJA DE MEXICO,MONTO,True,288928.0,288928.0,False
GUANAJUATO,New Spain,1701,out,Mexico City,REMITIDO A RL CAJA DE MEXICO,MONTO,True,217661.0,217661.0,False
GUANAJUATO,New Spain,1702,out,Mexico City,REMITIDO A RL CAJA DE MEXICO,MONTO,True,134487.0,134487.0,False
GUANAJUATO,New Spain,1703,out,Mexico City,REMITIDO A RL CAJA DE MEXICO,MONTO,True,180755.0,180755.0,False
GUANAJUATO,New Spain,1704,out,Mexico City,REMITIDO A RL CAJA DE MEXICO,MONTO,True,95737.0,95737.0,False
GUANAJUATO,New Spain,1705,out,Mexico City,REMITIDO A RL CAJA DE MEXICO,MONTO,True,137229.0,137229.0,False
GUANAJUATO,New Spain,1706,out,Mexico City,REMITIDO A RL CAJA DE MEXICO,MONTO,True,78670.0,78670.0,False
GUANAJUATO,New Spain,1707,out,Mexico City,REMITIDO A RL CAJA DE MEXICO,MONTO,True,116599.0,116599.0,False
GUANAJUATO,New Spain,1708,out,Mexico City,REMITIDO A RL CAJA DE MEXICO,MONTO,True,128334.0,128334.0,False
GUANAJUATO,New Spain,1709,out,Mexico City,REMITIDO A RL CAJA DE MEXICO,MONTO,True,105705.0,105705.0,False
GUANAJUATO,New Spain,1711,out,Mexico City,REMITIDO A RL CAJA DE MEXICO,MONTO,True,85673.0,85673.0,False
GUANAJUATO,New Spain,1712,out,Mexico City,REMITIDO A RL CAJA DE MEXICO,MONTO,True,169964.0,169964.0,False
GUANAJUATO,New Spain,1713,out,Mexico City,REMITIDO A RL CAJA DE MEXICO,MONTO,True,141409.0,141409.0,False
GUANAJUATO,New Spain,1714,out,Mexico City,REMITIDO A RL CAJA DE MEXICO,MONTO,True,66287.0,66287.0,False
GUANAJUATO,New Spain,1715,out,Mexico City,REMITIDO A RL CAJA DE MEXICO,MONTO,True,93356.0,93356.0,False
GUANAJUATO,New Spain,1716,out,Mexico City,REMITIDO A RL CAJA DE MEXICO,MONTO,True,174534.0,174534.0,False
GUANAJUATO,New Spain,1717,out,Mexico City,REMITIDO A RL CAJA DE MEXICO,MONTO,True,188047.0,188047.0,False
GUANAJUATO,New Spain,1718,out,Mexico City,REMITIDO A RL CAJA DE MEXICO,MONTO,True,157400.0,157400.0,False
GUANAJUATO,New Spain,1719,out,Mexico City,REMITIDO A RL CAJA DE MEXICO,MONTO,True,195871.0,195871.0,False
GUANAJUATO,New Spain,1720,out,Mexico City,REMITIDO A RL CAJA DE MEXICO,MONTO,True,80967.0,80967.0,False
GUANAJUATO,New Spain,1721,out,Mexico City,REMITIDO A RL CAJA DE MEXICO,MONTO,True,73574.0,73574.0,False
GUANAJUATO,New Spain,1722,out,Mexico City,REMITIDO A RL CAJA DE MEXICO,MONTO,True,109798.0,109798.0,False
GUANAJUATO,New Spain,1723,out,Mexico City,REMITIDO A RL CAJA DE MEXICO,MONTO,True,172341.0,172341.0,False
GUANAJUATO,New Spain,1724,out,Mexico City,REMITIDO A RL CAJA DE MEXICO,MONTO,True,133932.0,133932.0,False
GUANAJUATO,New Spain,1724,out,Mexico City,REMITIDO A RL CAJA DE MEXICO,MONTO,True,218585.0,218585.0,False
GUANAJUATO,New Spain,1726,out,Mexico City,REMITIDO A RL CAJA DE MEXICO,MONTO,True,284270.0,284270.0,False
GUANAJUATO,New Spain,1727,out,Mexico City,REMITIDO A RL CAJA DE MEXICO,MONTO,True,308017.0,308017.0,False
GUANAJUATO,New Spain,1728,out,Mexico City,REMITIDO A RL CAJA DE MEXICO,MONTO,True,321563.0,321563.0,False
GUANAJUATO,New Spain,1729,out,Mexico City,REMITIDO A RL CAJA DE MEXICO,MONTO,True,384407.0,384407.0,False
GUANAJUATO,New Spain,1730,out,Mexico City,REMITIDO A RL CAJA DE MEXICO,MONTO,True,313107.0,313107.0,False
GUANAJUATO,New Spain,1731,out,Mexico City,REMITIDO A RL CAJA DE MEXICO,MONTO,True,378334.0,378334.0,False
GUANAJUATO,New Spain,1732,out,Mexico City,REMITIDO A RL CAJA DE MEXICO,MONTO,True,206238.0,206238.0,False
GUANAJUATO,New Spain,1733,out,Mexico City,REMITIDO A RL CAJA DE MEXICO,MONTO,True,470738.0,470738.0,False
GUANAJUATO,New Spain,1734,out,Mexico City,REMITIDO A RL CAJA DE MEXICO,MONTO,True,253719.0,253719.0,False
GUANAJUATO,New Spain,1735,out,Mexico City,REMITIDO A RL CAJA DE MEXICO,MONTO,True,530554.0,530554.0,False
GUANAJUATO,New Spain,1736,out,Mexico City,REMITIDO A RL CAJA DE MEXICO,MONTO,True,444248.0,444248.0,False
GUANAJUATO,New Spain,1737,out,Mexico City,REMITIDO A RL CAJA DE MEXICO,MONTO,True,393824.0,393824.0,False
GUANAJUATO,New Spain,1738,out,Mexico City,REMITIDO A RL CAJA DE MEXICO,MONTO,True,452142.0,452142.0,False
GUANAJUATO,New Spain,1739,out,Mexico City,REMITIDO A RL CAJA DE MEXICO,MONTO,True,287059.0,287059.0,False
GUANAJUATO,New Spain,1740,out,Mexico City,REMITIDO A RL CAJA DE MEXICO,MONTO,True,404812.0,404812.0,False
GUANAJUATO,New Spain,1741,out,Mexico City,REMITIDO A RL CAJA DE MEXICO,MONTO,True,576808.0,576808.0,False
GUANAJUATO,New Spain,1742,out,Mexico City,REMITIDO A RL CAJA DE MEXICO,MONTO,True,487527.0,487527.0,False
GUANAJUATO,New Spain,1743,out,Mexico City,REMITIDO A RL CAJA DE MEXICO,MONTO,True,247095.0,247095.0,False
GUANAJUATO,New Spain,1744,out,Mexico City,REMITIDO A RL CAJA DE MEXICO,MONTO,True,623646.0,623646.0,False
GUANAJUATO,New Spain,1745,out,Mexico City,REMITIDO A RL CAJA DE MEXICO,MONTO,True,654588.0,654588.0,False
GUANAJUATO,New Spain,1746,out,Mexico City,REMITIDO A RL CAJA DE MEXICO,MONTO,True,577038.0,577038.0,False
GUANAJUATO,New Spain,1748,out,Mexico City,REMITIDO A RL CAJA DE MEXICO,MONTO,True,1035342.0,1035342.0,False
GUANAJUATO,New Spain,1749,out,Mexico City,REMITIDO A RL CAJA DE MEXICO,MONTO,True,581922.0,581922.0,False
GUANAJUATO,New Spain,1750,out,Mexico City,REMITIDO A RL CAJA DE MEXICO,MONTO,True,512468.0,512468.0,False
GUANAJUATO,New Spain,1751,out,Mexico City,REMITIDO A RL CAJA DE MEXICO,MONTO,True,481665.0,481665.0,False
GUANAJUATO,New Spain,1752,out,Mexico City,REMITIDO A RL CAJA DE MEXICO,MONTO,True,594355.0,594355.0,False
GUANAJUATO,New Spain,1753,out,Mexico City,REMITIDO A RL CAJA DE MEXICO,MONTO,True,380618.0,380618.0,False
GUANAJUATO,New Spain,1754,out,Mexico City,REMITIDO A RL CAJA DE MEXICO,MONTO,True,348904.0,348904.0,False
GUANAJUATO,New Spain,1755,out,Mexico City,REMITIDO A RL CAJA DE MEXICO,MONTO,True,387399.0,387399.0,False
GUANAJUATO,New Spain,1756,out,Mexico City,REMITIDO A RL CAJA DE MEXICO,MONTO,True,397288.0,397288.0,False
GUANAJUATO,New Spain,1756,out,Mexico City,REMITIDO A RL CAJA DE MEXICO,MONTO,True,411362.0,411362.0,False
GUANAJUATO,New Spain,1758,out,Mexico City,REMITIDO A RL CAJA DE MEXICO,MONTO,True,167174.0,167174.0,False
GUANAJUATO,New Spain,1759,out,Mexico City,REMITIDO A RL CAJA DE MEXICO,MONTO,True,401076.0,401076.0,False
GUANAJUATO,New Spain,1760,out,Mexico City,REMITIDO A RL CAJA DE MEXICO,MONTO,True,545428.0,545428.0,False
GUANAJUATO,New Spain,1761,out,Mexico City,REMITIDO A RL CAJA DE MEXICO,MONTO,True,450528.0,450528.0,False
GUANAJUATO,New Spain,1762,out,Mexico City,REMITIDO A RL CAJA DE MEXICO,MONTO,True,423683.0,423683.0,False
GUANAJUATO,New Spain,1763,out,Mexico City,REMITIDO A RL CAJA DE MEXICO,MONTO,True,386052.0,386052.0,False
GUANAJUATO,New Spain,1764,out,Mexico City,REMITIDO A RL CAJA DE MEXICO,MONTO,True,549816.0,549816.0,False
GUANAJUATO,New Spain,1765,out,Mexico City,REMITIDO A RL CAJA DE MEXICO,MONTO,True,382372.0,382372.0,False
GUANAJUATO,New Spain,1766,out,Mexico City,REMITIDO A RL CAJA DE MEXICO,MONTO,True,465374.0,465374.0,False
GUANAJUATO,New Spain,1767,out,Mexico City,REMITIDO A RL CAJA DE MEXICO,MONTO,True,465257.0,465257.0,False
GUANAJUATO,New Spain,1768,out,Mexico City,REMITIDO A RL CAJA DE MEXICO,MONTO,True,389285.0,389285.0,False
GUANAJUATO,New Spain,1769,out,Mexico City,REMITIDO A MEXICO DE DEPOSITOS,MONTO,True,1397.0,1397.0,False
GUANAJUATO,New Spain,1769,out,Mexico City,REMITIDO A RL CAJA DE MEXICO,MONTO,True,468325.0,468325.0,False
GUANAJUATO,New Spain,1770,out,Mexico City,REMITIDO A RL CAJA DE MEXICO,MONTO,True,536935.0,536935.0,False
GUANAJUATO,New Spain,1771,out,Mexico City,REMITIDO A RL CAJA DE MEXICO,MONTO,True,770884.0,770884.0,False
GUANAJUATO,New Spain,1772,out,Mexico City,REMITIDO A RL CAJA DE MEXICO,MONTO,True,615490.0,615490.0,False
GUANAJUATO,New Spain,1773,out,Mexico City,REMITIDO A RL CAJA DE MEXICO,MONTO,True,560202.0,560202.0,False
GUANAJUATO,New Spain,1774,out,Durango,REMITIDO A DURANGO,MONTO,True,201670.0,201670.0,False
GUANAJUATO,New Spain,1774,out,Mexico City,REMITIDO A MEXICO BIENES Y RAMOS,MONTO,True,8000.0,8000.0,False
GUANAJUATO,New Spain,1774,out,Mexico City,REMITIDO A RL CAJA DE MEXICO,MONTO,True,549232.0,549232.0,False
GUANAJUATO,New Spain,1775,out,Durango,REMITIDO A DURANGO,MONTO,True,187670.0,187670.0,False
GUANAJUATO,New Spain,1775,out,Mexico City,REMITIDO A RL CAJA DE MEXICO,MONTO,True,525382.0,525382.0,False
GUANAJUATO,New Spain,1776,out,Durango,REMITIDO A DURANGO,MONTO,True,142670.0,142670.0,False
GUANAJUATO,New Spain,1776,out,Mexico City,REMITIDO A RL CAJA DE MEXICO,MONTO,True,1161326.0,1161326.0,False
GUANAJUATO,New Spain,1777,out,Durango,REMITIDO A DURANGO,MONTO,True,187670.0,187670.0,False
GUANAJUATO,New Spain,1777,out,Mexico City,REMITIDO A RL CAJA DE MEXICO,MONTO,True,755603.0,755603.0,False
GUANAJUATO,New Spain,1778,out,Durango,REMITIDO A DURANGO,MONTO,True,100835.0,100835.0,False
GUANAJUATO,New Spain,1778,out,Mexico City,REMITIDO A RL CAJA DE MEXICO,MONTO,True,830005.0,830005.0,False
GUANAJUATO,New Spain,1779,out,Durango,REMITIDO A DURANGO,MONTO,True,200835.0,200835.0,False
GUANAJUATO,New Spain,1779,out,Mexico City,REMITIDO A RL CAJA DE MEXICO,MONTO,True,657138.0,657138.0,False
GUANAJUATO,New Spain,1780,out,Durango,REMITIDO A DURANGO,MONTO,True,201670.0,201670.0,False
GUANAJUATO,New Spain,1780,out,Mexico City,REMITIDO A RL CAJA DE MEXICO,MONTO,True,485868.0,485868.0,False
GUANAJUATO,New Spain,1781,out,Durango,REMITIDO A DURANGO,MONTO,True,201670.0,201670.0,False
GUANAJUATO,New Spain,1781,out,Mexico City,REMITIDO A RL CAJA DE MEXICO,MONTO,True,724619.0,724619.0,False
GUANAJUATO,New Spain,1783,out,Durango,REMITIDO A DURANGO,MONTO,True,100835.0,100835.0,False
GUANAJUATO,New Spain,1783,out,Mexico City,REMITIDO A RL CAJA DE MEXICO,MONTO,True,775022.0,775022.0,False
GUANAJUATO,New Spain,1785,out,Mexico City,AUMENTO EN LA REMESA A MEXICO,MONTO,True,648.0,648.0,False
GUANAJUATO,New Spain,1785,out,Durango,REMITIDO A DURANGO,MONTO,True,229000.0,229000.0,False
GUANAJUATO,New Spain,1785,out,Mexico City,REMITIDO A RL CAJA DE MEXICO,MONTO,True,928845.0,928845.0,False
GUANAJUATO,New Spain,1786,out,Mexico City,AUMENTO EN LA REMESA A MEXICO,MONTO,True,527.0,527.0,False
GUANAJUATO,New Spain,1786,out,Mexico City,REMITIDO A RL CAJA DE MEXICO,MONTO,True,520441.0,520441.0,False
GUANAJUATO,New Spain,1787,out,unspecified,OTRAS TESORERIAS,MONTO,True,751264.0,751264.0,False
GUANAJUATO,New Spain,1787,in,unspecified,OTRAS TESORERIAS,MONTO,True,751264.0,751264.0,False
GUANAJUATO,New Spain,1788,out,Durango,REMITIDO A DURANGO,MONTO,True,110000.0,110000.0,False
GUANAJUATO,New Spain,1788,out,Mexico City,REMITIDO A RL CAJA DE MEXICO,MONTO,True,1024868.0,1024868.0,False
GUANAJUATO,New Spain,1788,out,San Blas,REMITIDO A SAN BLAS,MONTO,True,1003.0,1003.0,False
GUANAJUATO,New Spain,1789,out,Durango,REMITIDO A DURANGO,MONTO,True,200000.0,200000.0,False
GUANAJUATO,New Spain,1789,out,Mexico City,REMITIDO A RL CAJA DE MEXICO,MONTO,True,1035937.0,1035937.0,False
GUANAJUATO,New Spain,1789,in,unspecified,OTRAS TESORERIAS,MONTO,True,89000.0,89000.0,False
GUANAJUATO,New Spain,1790,out,Durango,REMITIDO A DURANGO,MONTO,True,340000.0,340000.0,False
GUANAJUATO,New Spain,1790,out,Mexico City,REMITIDO A RL CAJA DE MEXICO,MONTO,True,999446.0,999446.0,False
GUANAJUATO,New Spain,1791,out,Durango,REMITIDO A DURANGO,MONTO,True,240000.0,240000.0,False
GUANAJUATO,New Spain,1791,out,Mexico City,REMITIDO A RL CAJA DE MEXICO,MONTO,True,1130376.0,1130376.0,False
GUANAJUATO,New Spain,1792,out,Durango,REMITIDO A DURANGO,MONTO,True,240000.0,240000.0,False
GUANAJUATO,New Spain,1792,out,Mexico City,REMITIDO A RL CAJA DE MEXICO,MONTO,True,1032202.0,1032202.0,False
GUANAJUATO,New Spain,1793,out,Durango,REMITIDO A DURANGO,MONTO,True,240000.0,240000.0,False
GUANAJUATO,New Spain,1793,out,Mexico City,REMITIDO A MEXICO DE DONATIVO,MONTO,True,76230.0,76230.0,False
GUANAJUATO,New Spain,1793,out,Mexico City,REMITIDO A RL CAJA DE MEXICO,MONTO,True,875401.0,875401.0,False
GUANAJUATO,New Spain,1793,out,unspecified,OTRAS TESORERIAS,MONTO,True,1174713.0,1174713.0,False
GUANAJUATO,New Spain,1793,out,Mexico City,REMITIDO A RL CAJA DE MEXICO,MONTO,True,393809.0,393809.0,False
GUANAJUATO,New Spain,1793,in,unspecified,OTRAS TESORERIAS,MONTO,True,2180.0,2180.0,False
GUANAJUATO,New Spain,1795,out,unspecified,OTRAS TESORERIAS,MONTO,True,849953.0,849953.0,False
GUANAJUATO,New Spain,1795,out,Mexico City,REMITIDO A RL CAJA DE MEXICO,MONTO,True,361544.0,361544.0,False
GUANAJUATO,New Spain,1795,in,unspecified,OTRAS TESORERIAS,MONTO,True,40.0,40.0,False
GUANAJUATO,New Spain,1796,out,unspecified,OTRAS TESORERIAS,MONTO,True,747183.0,747183.0,False
GUANAJUATO,New Spain,1796,out,Mexico City,REMITIDO A RL CAJA DE MEXICO,MONTO,True,68345.0,68345.0,False
GUANAJUATO,New Spain,1797,out,unspecified,OTRAS TESORERIAS,MONTO,True,1094892.0,1094892.0,False
GUANAJUATO,New Spain,1798,out,unspecified,OTRAS TESORERIAS,MONTO,True,773133.0,773133.0,False
GUANAJUATO,New Spain,1798,in,unspecified,OTRAS TESORERIAS,MONTO,True,154.0,154.0,False
GUANAJUATO,New Spain,1799,out,unspecified,OTRAS TESORERIAS,MONTO,True,1040522.0,1040522.0,False
GUANAJUATO,New Spain,1799,in,unspecified,OTRAS TESORERIAS,MONTO,True,269.0,269.0,False
GUANAJUATO,New Spain,1800,out,unspecified,OTRAS TESORERIAS,MONTO,True,733942.0,733942.0,False
GUANAJUATO,New Spain,1800,out,unspecified,OTRAS TESORERIAS,MONTO,True,546135.0,546135.0,False
GUANAJUATO,New Spain,1802,out,unspecified,OTRAS TESORERIAS,MONTO,True,979883.0,979883.0,False
GUANAJUATO,New Spain,1803,out,unspecified,OTRAS TESORERIAS,MONTO,True,1277933.0,1277933.0,False
GUANAJUATO,New Spain,1804,out,unspecified,OTRAS TESORERIAS,MONTO,True,2153547.0,2153547.0,False
GUANAJUATO,New Spain,1805,out,unspecified,OTRAS TESORERIAS,MONTO,True,1634808.0,1634808.0,False
GUANAJUATO,New Spain,1806,out,unspecified,OTRAS TESORERIAS,MONTO,True,1631368.0,1631368.0,False
GUANAJUATO,New Spain,1812,out,unspecified,OTRAS TESORERIAS,MONTO,True,210528.0,210528.0,False
GUANAJUATO,New Spain,1812,in,unspecified,OTRAS TESORERIAS,MONTO,True,1162.0,1162.0,False
GUANAJUATO,New Spain,1813,out,unspecified,OTRAS TESORERIAS,MONTO,True,463007.0,463007.0,False
GUANAJUATO,New Spain,1813,in,unspecified,OTRAS TESORERIAS,MONTO,True,2802.0,2802.0,False
GUANAJUATO,New Spain,1815,out,unspecified,OTRAS TESORERIAS,MONTO,True,96495.0,96495.0,False
GUANAJUATO,New Spain,1815,out,Mint,REMITIDO A LA CASA DE MONEDA MEX,MONTO,True,156877.0,156877.0,False
GUANAJUATO,New Spain,1815,in,unspecified,OTRAS TESORERIAS,MONTO,True,1544.0,1544.0,False
GUANAJUATO,New Spain,1816,out,unspecified,OTRAS TESORERIAS,MONTO,True,927.0,927.0,False
GUANAJUATO,New Spain,1816,out,Mint,REMITIDO A LA CASA DE MONEDA MEX,MONTO,True,237999.0,237999.0,False
GUANAJUATO,New Spain,1816,in,unspecified,OTRAS TESORERIAS,MONTO,True,1776.0,1776.0,False
MERIDA,New Spain,1609,out,Spain,REMITIDO A CASTILLA,MONTO,True,13000.0,13000.0,False
MERIDA,New Spain,1610,out,Spain,REMITIDO A CASTILLA,MONTO,True,10085.0,10085.0,False
MERIDA,New Spain,1612,out,Spain,REMITIDO A CASTILLA,MONTO,True,11778.0,11778.0,False
MERIDA,New Spain,1613,out,Spain,REMITIDO A CASTILLA,MONTO,True,4020.0,4020.0,False
MERIDA,New Spain,1613,out,Spain,REMITIDO A CASTILLA,MONTO,True,10000.0,10000.0,False
MERIDA,New Spain,1614,out,Spain,REMITIDO A CASTILLA,MONTO,True,5000.0,5000.0,False
MERIDA,New Spain,1615,out,Spain,REMITIDO A CASTILLA,MONTO,True,6000.0,6000.0,False
MERIDA,New Spain,1616,out,Spain,REMITIDO A CASTILLA,MONTO,True,11514.0,11514.0,False
MERIDA,New Spain,1617,out,Spain,REMITIDO A CASTILLA,MONTO,True,12994.0,12994.0,False
MERIDA,New Spain,1618,out,Spain,REMITIDO A CASTILLA,MONTO,True,19884.0,19884.0,False
MERIDA,New Spain,1619,out,Spain,REMITIDO A CASTILLA,MONTO,True,10146.0,10146.0,False
MERIDA,New Spain,1620,out,Spain,REMITIDO A CASTILLA,MONTO,True,8922.0,8922.0,False
MERIDA,New Spain,1621,out,Spain,REMITIDO A CASTILLA,MONTO,True,5650.0,5650.0,False
MERIDA,New Spain,1622,out,Spain,REMITIDO A CASTILLA,MONTO,True,13889.0,13889.0,False
MERIDA,New Spain,1623,out,Spain,REMITIDO A CASTILLA,MONTO,True,12916.0,12916.0,False
MERIDA,New Spain,1624,out,Spain,REMITIDO A CASTILLA,MONTO,True,3405.0,3405.0,False
MERIDA,New Spain,1625,out,Spain,REMITIDO A CASTILLA,MONTO,True,15213.0,15213.0,False
MERIDA,New Spain,1627,out,Spain,REMITIDO A CASTILLA,MONTO,True,20663.0,20663.0,False
MERIDA,New Spain,1628,out,Spain,REMITIDO A CASTILLA,MONTO,True,21070.0,21070.0,False
MERIDA,New Spain,1632,out,Spain,REMITIDO A CASTILLA,MONTO,True,27345.0,27345.0,False
MERIDA,New Spain,1632,out,Spain,REMITIDO A CASTILLA,MONTO,True,22447.0,22447.0,False
MERIDA,New Spain,1634,out,Spain,REMITIDO A CASTILLA,MONTO,True,10220.0,10220.0,False
MERIDA,New Spain,1635,out,Spain,REMITIDO A CASTILLA,MONTO,True,10158.0,10158.0,False
MERIDA,New Spain,1636,out,Spain,REMITIDO A CASTILLA,MONTO,True,21937.0,21937.0,False
MERIDA,New Spain,1637,out,Spain,REMITIDO A CASTILLA,MONTO,True,12571.0,12571.0,False
MERIDA,New Spain,1639,out,Spain,REMITIDO A CASTILLA,MONTO,True,25539.0,25539.0,False
MERIDA,New Spain,1642,out,Spain,REMITIDO A CASTILLA,MONTO,True,14158.0,14158.0,False
MERIDA,New Spain,1642,out,Spain,REMITIDO A CASTILLA,MONTO,True,27984.0,27984.0,False
MERIDA,New Spain,1644,out,Spain,REMITIDO A CASTILLA,MONTO,True,42661.0,42661.0,False
MERIDA,New Spain,1645,out,Spain,REMITIDO A CASTILLA,MONTO,True,9753.0,9753.0,False
MERIDA,New Spain,1646,out,Spain,REMITIDO A CASTILLA,MONTO,True,13978.0,13978.0,False
MERIDA,New Spain,1647,out,Spain,REMITIDO A CASTILLA,MONTO,True,3158.0,3158.0,False
MERIDA,New Spain,1647,out,Spain,REMITIDO A CASTILLA,MONTO,True,7611.0,7611.0,False
MERIDA,New Spain,1650,out,Spain,REMITIDO A CASTILLA,MONTO,True,3993.0,3993.0,False
MERIDA,New Spain,1651,out,Spain,REMITIDO A CASTILLA,MONTO,True,12049.0,12049.0,False
MERIDA,New Spain,1651,out,Spain,REMITIDO A CASTILLA,MONTO,True,22346.0,22346.0,False
MERIDA,New Spain,1652,out,Spain,REMITIDO A CASTILLA,MONTO,True,53721.0,53721.0,False
MERIDA,New Spain,1652,out,Veracruz,REMITIDO A VERACRUZ ARMADA DE BAR,MONTO,True,7406.0,7406.0,False
MERIDA,New Spain,1652,out,Veracruz,REMITIDO A VERACRUZ MEDIA ANATA,MONTO,True,6905.0,6905.0,False
MERIDA,New Spain,1652,out,Veracruz,REMITIDO A VERACRUZ N SERVICIO,MONTO,True,6358.0,6358.0,False
MERIDA,New Spain,1654,out,Spain,REMITIDO A CASTILLA,MONTO,True,22000.0,22000.0,False
MERIDA,New Spain,1657,out,Spain,REMITIDO A CASTILLA,MONTO,True,66194.0,66194.0,False
MERIDA,New Spain,1659,out,Spain,REMITIDO A CASTILLA,MONTO,True,23433.0,23433.0,False
MERIDA,New Spain,1660,out,Spain,REMITIDO A CASTILLA,MONTO,True,13058.0,13058.0,False
MERIDA,New Spain,1660,out,Spain,REMITIDO A CASTILLA,MONTO,True,48651.0,48651.0,False
MERIDA,New Spain,1661,out,Spain,REMITIDO A CASTILLA,MONTO,True,50137.0,50137.0,False
MERIDA,New Spain,1664,out,Spain,REMITIDO A CASTILLA,MONTO,True,42912.0,42912.0,False
MERIDA,New Spain,1666,out,Spain,REMITIDO A CASTILLA,MONTO,True,11939.0,11939.0,False
MERIDA,New Spain,1667,out,Spain,REMITIDO A CASTILLA,MONTO,True,14790.0,14790.0,False
MERIDA,New Spain,1667,out,Veracruz,REMITIDO A VERACRUZ MEDIA ANATA,MONTO,True,12103.0,12103.0,False
MERIDA,New Spain,1667,out,Veracruz,REMITIDO A VERACRUZ N SERVICIO,MONTO,True,4709.0,4709.0,False
MERIDA,New Spain,1667,out,Veracruz,REMITIDO A VERACRUZ ARMADA DE BAR,MONTO,True,12356.0,12356.0,False
MERIDA,New Spain,1669,out,Spain,REMITIDO A CASTILLA,MONTO,True,17357.0,17357.0,False
MERIDA,New Spain,1669,out,Veracruz,REMITIDO A VERACRUZ MEDIA ANATA,MONTO,True,2677.0,2677.0,False
MERIDA,New Spain,1669,out,Veracruz,REMITIDO A VERACRUZ N SERVICIO,MONTO,True,1432.0,1432.0,False
MERIDA,New Spain,1669,out,Veracruz,REMITIDO A VERACRUZ ARMADA DE BAR,MONTO,True,3453.0,3453.0,False
MERIDA,New Spain,1670,out,Spain,REMITIDO A CASTILLA,MONTO,True,13030.0,13030.0,False
MERIDA,New Spain,1670,out,Veracruz,REMITIDO A VERACRUZ ARMADA DE BAR,MONTO,True,10189.0,10189.0,False
MERIDA,New Spain,1670,out,Veracruz,REMITIDO A VERACRUZ MEDIA ANATA,MONTO,True,7162.0,7162.0,False
MERIDA,New Spain,1670,out,Veracruz,REMITIDO A VERACRUZ N SERVICIO,MONTO,True,8903.0,8903.0,False
MERIDA,New Spain,1672,out,Spain,REMITIDO A CASTILLA,MONTO,True,4035.0,4035.0,False
MERIDA,New Spain,1672,out,Veracruz,REMITIDO A VERACRUZ ARMADA DE BAR,MONTO,True,11649.0,11649.0,False
MERIDA,New Spain,1672,out,Veracruz,REMITIDO A VERACRUZ CONDENACIONES,MONTO,True,6544.0,6544.0,False
MERIDA,New Spain,1672,out,Veracruz,REMITIDO A VERACRUZ MEDIA ANATA,MONTO,True,5631.0,5631.0,False
MERIDA,New Spain,1672,out,Veracruz,REMITIDO A VERACRUZ N SERVICIO,MONTO,True,9996.0,9996.0,False
MERIDA,New Spain,1674,out,Spain,REMITIDO A CASTILLA,MONTO,True,10881.0,10881.0,False
MERIDA,New Spain,1674,out,Veracruz,REMITIDO A VERACRUZ CONDENACIONES,MONTO,True,1217.0,1217.0,False
MERIDA,New Spain,1674,out,Veracruz,REMITIDO A VERACRUZ MEDIA ANATA,MONTO,True,7988.0,7988.0,False
MERIDA,New Spain,1674,out,Veracruz,REMITIDO A VERACRUZ N SERVICIO,MONTO,True,9545.0,9545.0,False
MERIDA,New Spain,1674,out,Veracruz,REMITIDO A VERACRUZ ARMADA DE BAR,MONTO,True,15186.0,15186.0,False
MERIDA,New Spain,1676,out,Spain,REMITIDO A CASTILLA,MONTO,True,8765.0,8765.0,False
MERIDA,New Spain,1676,out,Veracruz,REMITIDO A VERACRUZ MEDIA ANATA,MONTO,True,6271.0,6271.0,False
MERIDA,New Spain,1676,out,Veracruz,REMITIDO A VERACRUZ N SERVICIO,MONTO,True,3558.0,3558.0,False
MERIDA,New Spain,1676,out,Veracruz,REMITIDO A VERACRUZ ARMADA DE BAR,MONTO,True,4811.0,4811.0,False
MERIDA,New Spain,1681,out,Spain,REMITIDO A CASTILLA,MONTO,True,1359.0,1359.0,False
MERIDA,New Spain,1681,out,Veracruz,REMITIDO A VERACRUZ MEDIA ANATA,MONTO,True,1283.0,1283.0,False
MERIDA,New Spain,1681,out,Veracruz,REMITIDO A VERACRUZ N SERVICIO,MONTO,True,120.0,120.0,False
MERIDA,New Spain,1681,out,Veracruz,REMITIDO A VERACRUZ ARMADA DE BAR,MONTO,True,6876.0,6876.0,False
MERIDA,New Spain,1681,out,Veracruz,REMITIDO A VERACRUZ CONDENACIONES,MONTO,True,619.0,619.0,False
MERIDA,New Spain,1681,out,Veracruz,REMITIDO A VERACRUZ MEDIA ANATA,MONTO,True,3614.0,3614.0,False
MERIDA,New Spain,1681,out,Veracruz,REMITIDO A VERACRUZ N SERVICIO,MONTO,True,272.0,272.0,False
MERIDA,New Spain,1719,out,Campeche,REMITIDO A CAMPECHE,MONTO,True,11898.0,11898.0,False
MERIDA,New Spain,1726,out,Campeche,REMITIDO A CAMPECHE,MONTO,True,4600.0,4600.0,False
MERIDA,New Spain,1726,out,Veracruz,REMITIDO A RL CAJA DE VERACRUZ,MONTO,True,3270.0,3270.0,False
MERIDA,New Spain,1732,out,Veracruz,REMITIDO A RL CAJA DE VERACRUZ,MONTO,True,1045.0,1045.0,False
MERIDA,New Spain,1744,out,Veracruz,REMITIDO A RL CAJA DE VERACRUZ,MONTO,True,9259.0,9259.0,False
MERIDA,New Spain,1784,in,Campeche,REMITIDO DE RL CAJA DE CAMPECHE,MONTO,True,15000.0,15000.0,False
MERIDA,New Spain,1786,out,unspecified,OTRAS TESORERIAS,MONTO,True,254.0,254.0,False
MERIDA,New Spain,1786,in,unspecified,OTRAS TESORERIAS,MONTO,True,185.0,185.0,False
MERIDA,New Spain,1787,in,unspecified,OTRAS TESORERIAS,MONTO,True,100.0,100.0,False
MERIDA,New Spain,1788,out,unspecified,OTRAS TESORERIAS,MONTO,True,576.0,576.0,False
MERIDA,New Spain,1788,in,unspecified,OTRAS TESORERIAS,MONTO,True,25000.0,25000.0,False
MERIDA,New Spain,1789,out,unspecified,OTRAS TESORERIAS,MONTO,True,50.0,50.0,False
MERIDA,New Spain,1789,in,unspecified,OTRAS TESORERIAS,MONTO,True,32000.0,32000.0,False
MERIDA,New Spain,1790,out,unspecified,OTRAS TESORERIAS,MONTO,True,2920.0,2920.0,False
MERIDA,New Spain,1790,in,unspecified,OTRAS TESORERIAS,MONTO,True,83249.0,83249.0,False
MERIDA,New Spain,1791,out,unspecified,OTRAS TESORERIAS,MONTO,True,1200.0,1200.0,False
MERIDA,New Spain,1791,in,unspecified,OTRAS TESORERIAS,MONTO,True,58528.0,58528.0,False
MERIDA,New Spain,1792,out,unspecified,OTRAS TESORERIAS,MONTO,True,322.0,322.0,False
MERIDA,New Spain,1792,in,unspecified,OTRAS TESORERIAS,MONTO,True,26046.0,26046.0,False
MERIDA,New Spain,1793,out,unspecified,OTRAS TESORERIAS,MONTO,True,5229.0,5229.0,False
MERIDA,New Spain,1793,in,unspecified,OTRAS TESORERIAS,MONTO,True,74945.0,74945.0,False
MERIDA,New Spain,1794,out,unspecified,OTRAS TESORERIAS,MONTO,True,8082.0,8082.0,False
MERIDA,New Spain,1794,in,unspecified,OTRAS TESORERIAS,MONTO,True,16517.0,16517.0,False
MERIDA,New Spain,1795,out,unspecified,OTRAS TESORERIAS,MONTO,True,32817.0,32817.0,False
MERIDA,New Spain,1795,in,unspecified,OTRAS TESORERIAS,MONTO,True,134930.0,134930.0,False
MERIDA,New Spain,1796,out,unspecified,OTRAS TESORERIAS,MONTO,True,44601.0,44601.0,False
MERIDA,New Spain,1796,in,unspecified,OTRAS TESORERIAS,MONTO,True,5671.0,5671.0,False
MERIDA,New Spain,1798,out,unspecified,OTRAS TESORERIAS,MONTO,True,63860.0,63860.0,False
MERIDA,New Spain,1798,in,unspecified,OTRAS TESORERIAS,MONTO,True,10336.0,10336.0,False
MERIDA,New Spain,1799,out,unspecified,OTRAS TESORERIAS,MONTO,True,29970.0,29970.0,False
MERIDA,New Spain,1799,in,unspecified,OTRAS TESORERIAS,MONTO,True,132731.0,132731.0,False
MERIDA,New Spain,1800,out,unspecified,OTRAS TESORERIAS,MONTO,True,56622.0,56622.0,False
MERIDA,New Spain,1800,in,unspecified,OTRAS TESORERIAS,MONTO,True,46357.0,46357.0,False
MERIDA,New Spain,1801,out,unspecified,OTRAS TESORERIAS,MONTO,True,13726.0,13726.0,False
MERIDA,New Spain,1801,in,unspecified,OTRAS TESORERIAS,MONTO,True,25215.0,25215.0,False
MERIDA,New Spain,1802,out,unspecified,OTRAS TESORERIAS,MONTO,True,25904.0,25904.0,False
MERIDA,New Spain,1802,in,unspecified,OTRAS TESORERIAS,MONTO,True,12699.0,12699.0,False
MERIDA,New Spain,1803,out,unspecified,OTRAS TESORERIAS,MONTO,True,30705.0,30705.0,False
MERIDA,New Spain,1803,in,unspecified,OTRAS TESORERIAS,MONTO,True,61394.0,61394.0,False
MERIDA,New Spain,1806,out,unspecified,OTRAS TESORERIAS,MONTO,True,28453.0,28453.0,False
MERIDA,New Spain,1806,in,unspecified,OTRAS TESORERIAS,MONTO,True,66876.0,66876.0,False
MERIDA,New Spain,1808,out,unspecified,OTRAS TESORERIAS,MONTO,True,35347.0,35347.0,False
MERIDA,New Spain,1808,in,unspecified,OTRAS TESORERIAS,MONTO,True,271961.0,271961.0,False
MERIDA,New Spain,1816,out,unspecified,OTRAS TESORERIAS,MONTO,True,8155.0,8155.0,False
MERIDA,New Spain,1816,in,unspecified,OTRAS TESORERIAS,MONTO,True,8155.0,8155.0,False
MEXICO01,New Spain,1576,out,Spain,REMITIDO A CASTILLA,MONTO,True,764019.0,764019.0,False
MEXICO01,New Spain,1577,out,Spain,REMITIDO A CASTILLA,MONTO,True,767332.0,767332.0,False
MEXICO01,New Spain,1578,out,Spain,REMITIDO A CASTILLA,MONTO,True,688209.0,688209.0,False
MEXICO01,New Spain,1580,out,Spain,REMITIDO A CASTILLA,MONTO,True,513262.0,513262.0,False
MEXICO01,New Spain,1581,out,Spain,REMITIDO A CASTILLA,MONTO,True,499934.0,499934.0,False
MEXICO01,New Spain,1582,out,Spain,REMITIDO A CASTILLA,MONTO,True,673759.0,673759.0,False
MEXICO01,New Spain,1583,out,Spain,REMITIDO A CASTILLA,MONTO,True,679433.0,679433.0,False
MEXICO01,New Spain,1584,out,Spain,REMITIDO A CASTILLA,MONTO,True,765062.0,765062.0,False
MEXICO01,New Spain,1585,out,Spain,REMITIDO A CASTILLA,MONTO,True,140334.0,140334.0,False
MEXICO01,New Spain,1586,out,Spain,REMITIDO A CASTILLA,MONTO,True,856667.0,856667.0,False
MEXICO01,New Spain,1586,out,Spain,REMITIDO A CASTILLA,MONTO,True,1799807.0,1799807.0,False
MEXICO01,New Spain,1587,out,Spain,REMITIDO A CASTILLA,MONTO,True,1042875.0,1042875.0,False
MEXICO01,New Spain,1588,out,Spain,REMITIDO A CASTILLA,MONTO,True,808330.0,808330.0,False
MEXICO01,New Spain,1589,out,Spain,REMITIDO A CASTILLA,MONTO,True,1039338.0,1039338.0,False
MEXICO01,New Spain,1592,out,Spain,REMITIDO A CASTILLA,MONTO,True,2036115.0,2036115.0,False
MEXICO01,New Spain,1595,out,Spain,REMITIDO A CASTILLA,MONTO,True,899385.0,899385.0,False
MEXICO01,New Spain,1596,out,Spain,REMITIDO A CASTILLA,MONTO,True,1311054.0,1311054.0,False
MEXICO01,New Spain,1597,out,Spain,REMITIDO A CASTILLA,MONTO,True,840056.0,840056.0,False
MEXICO01,New Spain,1599,out,Spain,REMITIDO A CASTILLA,MONTO,True,277255.0,277255.0,False
MEXICO01,New Spain,1601,out,Spain,REMITIDO A CASTILLA,MONTO,True,839482.0,839482.0,False
MEXICO01,New Spain,1601,out,Spain,REMITIDO A CASTILLA,MONTO,True,503436.0,503436.0,False
MEXICO01,New Spain,1602,out,Spain,REMITIDO A CASTILLA,MONTO,True,838176.0,838176.0,False
MEXICO01,New Spain,1603,out,Spain,REMITIDO A CASTILLA,MONTO,True,774491.0,774491.0,False
MEXICO01,New Spain,1604,out,Spain,REMITIDO A CASTILLA,MONTO,True,47872.0,47872.0,False
MEXICO01,New Spain,1605,out,Spain,REMITIDO A CASTILLA,MONTO,True,786033.0,786033.0,False
MEXICO01,New Spain,1605,out,Spain,REMITIDO A CASTILLA,MONTO,True,762648.0,762648.0,False
MEXICO01,New Spain,1606,out,Spain,REMITIDO A CASTILLA,MONTO,True,760224.0,760224.0,False
MEXICO01,New Spain,1607,out,Spain,REMITIDO A CASTILLA,MONTO,True,700976.0,700976.0,False
MEXICO01,New Spain,1607,out,Spain,REMITIDO A CASTILLA,MONTO,True,946282.0,946282.0,False
MEXICO01,New Spain,1609,out,Spain,REMITIDO A CASTILLA,MONTO,True,804161.0,804161.0,False
MEXICO01,New Spain,1610,out,Spain,REMITIDO A CASTILLA,MONTO,True,405607.0,405607.0,False
MEXICO01,New Spain,1613,out,Spain,ENVIADO A CASTILLA Y OTRAS PARTES,MONTO,True,787001.0,787001.0,False
MEXICO01,New Spain,1613,out,Spain,ENVIADO A CASTILLA Y OTRAS PARTES,MONTO,True,1054380.0,1054380.0,False
MEXICO01,New Spain,1614,out,Spain,ENVIADO A CASTILLA Y OTRAS PARTES,MONTO,True,516645.0,516645.0,False
MEXICO01,New Spain,1615,out,Spain,ENVIADO A CASTILLA Y OTRAS PARTES,MONTO,True,70954.0,70954.0,False
MEXICO01,New Spain,1616,out,Spain,ENVIADO A CASTILLA Y OTRAS PARTES,MONTO,True,791862.0,791862.0,False
MEXICO01,New Spain,1617,out,Spain,ENVIADO A CASTILLA Y OTRAS PARTES,MONTO,True,516999.0,516999.0,False
MEXICO01,New Spain,1618,out,Spain,ENVIADO A CASTILLA Y OTRAS PARTES,MONTO,True,321421.0,321421.0,False
MEXICO01,New Spain,1619,out,Spain,ENVIADO A CASTILLA Y OTRAS PARTES,MONTO,True,327550.0,327550.0,False
MEXICO01,New Spain,1620,out,Spain,ENVIADO A CASTILLA Y OTRAS PARTES,MONTO,True,383863.0,383863.0,False
MEXICO01,New Spain,1621,out,Spain,ENVIADO A CASTILLA Y OTRAS PARTES,MONTO,True,6238.0,6238.0,False
MEXICO01,New Spain,1622,out,Spain,ENVIADO A CASTILLA Y OTRAS PARTES,MONTO,True,1627838.0,1627838.0,False
MEXICO01,New Spain,1623,out,Spain,ENVIADO A CASTILLA Y OTRAS PARTES,MONTO,True,758959.0,758959.0,False
MEXICO01,New Spain,1624,out,Spain,ENVIADO A CASTILLA Y OTRAS PARTES,MONTO,True,539484.0,539484.0,False
MEXICO01,New Spain,1625,out,Spain,ENVIADO A CASTILLA Y OTRAS PARTES,MONTO,True,500140.0,500140.0,False
MEXICO01,New Spain,1626,out,Spain,ENVIADO A CASTILLA Y OTRAS PARTES,MONTO,True,396234.0,396234.0,False
MEXICO01,New Spain,1627,out,Spain,ENVIADO A CASTILLA Y OTRAS PARTES,MONTO,True,325357.0,325357.0,False
MEXICO01,New Spain,1628,out,Spain,ENVIADO A CASTILLA Y OTRAS PARTES,MONTO,True,650256.0,650256.0,False
MEXICO01,New Spain,1630,out,Spain,ENVIADO A CASTILLA Y OTRAS PARTES,MONTO,True,1252868.0,1252868.0,False
MEXICO01,New Spain,1631,out,Spain,ENVIADO A CASTILLA Y OTRAS PARTES,MONTO,True,43315.0,43315.0,False
MEXICO01,New Spain,1631,out,Spain,ENVIADO A CASTILLA Y OTRAS PARTES,MONTO,True,772658.0,772658.0,False
MEXICO01,New Spain,1636,out,Spain,ENVIADO A CASTILLA Y OTRAS PARTES,MONTO,True,938132.0,938132.0,False
MEXICO01,New Spain,1637,out,Spain,ENVIADO A CASTILLA Y OTRAS PARTES,MONTO,True,1556050.0,1556050.0,False
MEXICO01,New Spain,1640,out,Spain,ENVIADO A CASTILLA Y OTRAS PARTES,MONTO,True,375102.0,375102.0,False
MEXICO02,New Spain,1652,in,Havana,SITUADO DE HAVANA,MONTO,True,30.0,30.0,False
MEXICO02,New Spain,1653,in,Durango,VENIDO DE DURANGO,MONTO,True,30775.0,30775.0,False
MEXICO02,New Spain,1658,out,Havana,SITUADO DE HABANA,MONTO,True,200.0,200.0,False
MEXICO02,New Spain,1675,out,Santo Domingo,SITUADO DE SANTO DOMINGO,MONTO,True,12778.0,12778.0,False
MEXICO02,New Spain,1676,out,Santo Domingo,SITUADO DE SANTO DOMINGO,MONTO,True,11114.0,11114.0,False
MEXICO03,New Spain,1769,out,Internal presidios,SITUADO DE PRESIDIOS INTERNOS,MONTO,True,958678.0,958678.0,False
MEXICO03,New Spain,1770,out,Internal presidios,SITUADO DE PRESIDIOS INTERNOS,MONTO,True,522340.0,522340.0,False
MEXICO03,New Spain,1771,out,Internal presidios,SITUADO DE PRESIDIOS INTERNOS,MONTO,True,293313.0,293313.0,False
MEXICO03,New Spain,1772,out,Internal presidios,SITUADO DE PRESIDIOS INTERNOS,MONTO,True,580272.0,580272.0,False
MEXICO03,New Spain,1773,out,Internal presidios,SITUADO DE PRESIDIOS INTERNOS,MONTO,True,865937.0,865937.0,False
MEXICO03,New Spain,1774,out,Internal presidios,SITUADO DE PRESIDIOS INTERNOS,MONTO,True,787569.0,787569.0,False
MEXICO03,New Spain,1775,out,Internal presidios,SITUADO DE PRESIDIOS INTERNOS,MONTO,True,635314.0,635314.0,False
MEXICO03,New Spain,1776,out,Internal presidios,SITUADO DE PRESIDIOS INTERNOS,MONTO,True,527238.0,527238.0,False
MEXICO03,New Spain,1777,out,Internal presidios,SITUADO DE PRESIDIOS INTERNOS,MONTO,True,811722.0,811722.0,False
MEXICO03,New Spain,1778,out,Internal presidios,SITUADO DE PRESIDIOS INTERNOS,MONTO,True,457122.0,457122.0,False
MEXICO03,New Spain,1779,out,Internal presidios,SITUADO DE PRESIDIOS INTERNOS,MONTO,True,556534.0,556534.0,False
MEXICO03,New Spain,1780,out,Internal presidios,SITUADO DE PRESIDIOS INTERNOS,MONTO,True,175026.0,175026.0,False
MEXICO03,New Spain,1781,out,Internal presidios,SITUADO DE PRESIDIOS INTERNOS,MONTO,True,1215495.0,1215495.0,False
MEXICO03,New Spain,1782,out,Internal presidios,SITUADO DE PRESIDIOS INTERNOS,MONTO,True,632761.0,632761.0,False
MEXICO03,New Spain,1783,out,Internal presidios,SITUADO DE PRESIDIOS INTERNOS,MONTO,True,708739.0,708739.0,False
MEXICO03,New Spain,1784,out,Internal presidios,SITUADO DE PRESIDIOS INTERNOS,MONTO,True,642006.0,642006.0,False
MEXICO03,New Spain,1785,out,Internal presidios,SITUADO DE PRESIDIOS INTERNOS,MONTO,True,1699584.0,1699584.0,False
MEXICO03,New Spain,1786,out,unspecified,OTRAS TESORERIAS,MONTO,True,126275.0,126275.0,False
MEXICO03,New Spain,1786,in,unspecified,OTRAS TESORERIAS,MONTO,True,609357.0,609357.0,False
MEXICO03,New Spain,1786,out,Internal presidios,SITUADO DE PRESIDIOS INTERNOS,MONTO,True,852327.0,852327.0,False
MEXICO03,New Spain,1787,out,unspecified,OTRAS TESORERIAS,MONTO,True,5140527.0,5140527.0,False
MEXICO03,New Spain,1787,in,unspecified,OTRAS TESORERIAS,MONTO,True,1923273.0,1923273.0,False
MEXICO03,New Spain,1787,out,Internal presidios,SITUADO DE PRESIDIOS INTERNOS,MONTO,True,660.0,660.0,False
MEXICO03,New Spain,1788,out,unspecified,OTRAS TESORERIAS,MONTO,True,5250572.0,5250572.0,False
MEXICO03,New Spain,1788,out,Internal presidios,SITUADO DE PRESIDIOS INTERNOS,MONTO,True,52749.0,52749.0,False
MEXICO03,New Spain,1788,in,unspecified,OTRAS TESORERIAS,MONTO,True,336682.0,336682.0,False
MEXICO03,New Spain,1789,out,unspecified,OTRAS TESORERIAS,MONTO,True,5546179.0,5546179.0,False
MEXICO03,New Spain,1789,in,unspecified,OTRAS TESORERIAS,MONTO,True,1309305.0,1309305.0,False
MEXICO03,New Spain,1789,out,Manila,SITUADO DE FILIPINAS,MONTO,True,1000.0,1000.0,False
MEXICO03,New Spain,1789,out,Internal presidios,SITUADO DE PRESIDIOS INTERNOS,MONTO,True,98399.0,98399.0,False
MEXICO03,New Spain,1789,out,Trinidad,SITUADO DE TRINIDAD,MONTO,True,7623.0,7623.0,False
MEXICO03,New Spain,1789,out,Isla del Carmen,SITUADO DE YSLA DEL CARMEN,MONTO,True,6851.0,6851.0,False
MEXICO03,New Spain,1790,out,unspecified,OTRAS TESORERIAS,MONTO,True,5606614.0,5606614.0,False
MEXICO03,New Spain,1790,out,Manila,SITUADO DE FILIPINAS,MONTO,True,497072.0,497072.0,False
MEXICO03,New Spain,1790,out,Internal presidios,SITUADO DE PRESIDIOS INTERNOS,MONTO,True,57457.0,57457.0,False
MEXICO03,New Spain,1790,in,unspecified,OTRAS TESORERIAS,MONTO,True,170347.0,170347.0,False
MEXICO03,New Spain,1790,in,Manila,SITUADO DE FILIPINAS,MONTO,True,170597.0,170597.0,False
MEXICO03,New Spain,1791,out,unspecified,OTRAS TESORERIAS,MONTO,True,6197982.0,6197982.0,False
MEXICO03,New Spain,1791,in,unspecified,OTRAS TESORERIAS,MONTO,True,478468.0,478468.0,False
MEXICO03,New Spain,1791,out,Manila,SITUADO DE FILIPINAS,MONTO,True,51482.0,51482.0,False
MEXICO03,New Spain,1791,out,Internal presidios,SITUADO DE PRESIDIOS INTERNOS,MONTO,True,67731.0,67731.0,False
MEXICO04,New Spain,1792,out,unspecified,OTRAS TESORERIAS,MONTO,True,7731369.0,7731369.0,False
MEXICO04,New Spain,1792,in,unspecified,OTRAS TESORERIAS,MONTO,True,2104081.0,2104081.0,False
MEXICO04,New Spain,1792,out,Manila,SITUADO DE FILIPINAS,MONTO,True,497619.0,497619.0,False
MEXICO04,New Spain,1792,out,Internal presidios,SITUADO DE PRESIDIOS INTERNOS,MONTO,True,94007.0,94007.0,False
MEXICO04,New Spain,1792,out,Isla del Carmen,SITUADO DE YSLA DEL CARMEN,MONTO,True,52201.0,52201.0,False
MEXICO04,New Spain,1792,in,Manila,SITUADO DE FILIPINAS,MONTO,True,172682.0,172682.0,False
MEXICO04,New Spain,1793,out,unspecified,OTRAS TESORERIAS,MONTO,True,8596570.0,8596570.0,False
MEXICO04,New Spain,1793,out,Manila,SITUADO DE FILIPINAS,MONTO,True,1000.0,1000.0,False
MEXICO04,New Spain,1793,out,Internal presidios,SITUADO DE PRESIDIOS INTERNOS,MONTO,True,94774.0,94774.0,False
MEXICO04,New Spain,1793,out,Isla del Carmen,SITUADO DE YSLA DEL CARMEN,MONTO,True,41195.0,41195.0,False
MEXICO04,New Spain,1793,in,unspecified,OTRAS TESORERIAS,MONTO,True,2570552.0,2570552.0,False
MEXICO04,New Spain,1793,in,Internal presidios,SITUADO DE PRESIDIOS INTERNOS,MONTO,True,2879.0,2879.0,False
MEXICO04,New Spain,1793,in,Isla del Carmen,SITUADO DE YSLA DEL CARMEN,MONTO,True,43.0,43.0,False
MEXICO04,New Spain,1794,out,unspecified,OTRAS TESORERIAS,MONTO,True,9295779.0,9295779.0,False
MEXICO04,New Spain,1794,out,Manila,SITUADO DE FILIPINAS,MONTO,True,5250.0,5250.0,False
MEXICO04,New Spain,1794,out,Internal presidios,SITUADO DE PRESIDIOS INTERNOS,MONTO,True,87551.0,87551.0,False
MEXICO04,New Spain,1794,out,Isla del Carmen,SITUADO DE YSLA DEL CARMEN,MONTO,True,36619.0,36619.0,False
MEXICO04,New Spain,1794,in,unspecified,OTRAS TESORERIAS,MONTO,True,2512414.0,2512414.0,False
MEXICO04,New Spain,1794,in,Internal presidios,SITUADO DE PRESIDIOS INTERNOS,MONTO,True,1434.0,1434.0,False
MEXICO04,New Spain,1794,in,Isla del Carmen,SITUADO DE YSLA DEL CARMEN,MONTO,True,327.0,327.0,False
MEXICO04,New Spain,1795,out,unspecified,OTRAS TESORERIAS,MONTO,True,11001819.0,11001819.0,False
MEXICO04,New Spain,1795,out,Manila,SITUADO DE FILIPINAS,MONTO,True,588787.0,588787.0,False
MEXICO04,New Spain,1795,out,Havana,SITUADO DE HABANA,MONTO,True,13729.0,13729.0,False
MEXICO04,New Spain,1795,out,Louisiana,SITUADO DE LUISIANA,MONTO,True,1000.0,1000.0,False
MEXICO04,New Spain,1795,in,unspecified,OTRAS TESORERIAS,MONTO,True,9496000.0,9496000.0,False
MEXICO04,New Spain,1795,out,Internal presidios,SITUADO DE PRESIDIOS INTERNOS,MONTO,True,180429.0,180429.0,False
MEXICO04,New Spain,1795,out,Isla del Carmen,SITUADO DE YSLA DEL CARMEN,MONTO,True,54162.0,54162.0,False
MEXICO04,New Spain,1795,in,Manila,SITUADO DE FILIPINAS,MONTO,True,20137.0,20137.0,False
MEXICO04,New Spain,1795,in,Havana,SITUADO DE HAVANA,MONTO,True,22936.0,22936.0,False
MEXICO04,New Spain,1795,in,Internal presidios,SITUADO DE PRESIDIOS INTERNOS,MONTO,True,93233.0,93233.0,False
MEXICO04,New Spain,1795,in,Isla del Carmen,SITUADO DE YSLA DEL CARMEN,MONTO,True,94.0,94.0,False
MEXICO04,New Spain,1796,out,unspecified,OTRAS TESORERIAS,MONTO,True,6644077.0,6644077.0,False
MEXICO04,New Spain,1796,out,Manila,SITUADO DE FILIPINAS,MONTO,True,23414.0,23414.0,False
MEXICO04,New Spain,1796,out,Florida,SITUADO DE FLORIDA,MONTO,True,670.0,670.0,False
MEXICO04,New Spain,1796,out,Havana,SITUADO DE HABANA,MONTO,True,3175752.0,3175752.0,False
MEXICO04,New Spain,1796,out,Louisiana,SITUADO DE LUISIANA,MONTO,True,22011.0,22011.0,False
MEXICO04,New Spain,1796,out,Internal presidios,SITUADO DE PRESIDIOS INTERNOS,MONTO,True,196941.0,196941.0,False
MEXICO04,New Spain,1796,out,Puerto Rico,SITUADO DE PUERTO RICO,MONTO,True,8000.0,8000.0,False
MEXICO04,New Spain,1796,out,Isla del Carmen,SITUADO DE YSLA DEL CARMEN,MONTO,True,44564.0,44564.0,False
MEXICO04,New Spain,1796,in,unspecified,OTRAS TESORERIAS,MONTO,True,7537942.0,7537942.0,False
MEXICO04,New Spain,1796,out,Yucatan,SITUADO DE YUCATAN,MONTO,True,147081.0,147081.0,False
MEXICO04,New Spain,1796,in,Internal presidios,SITUADO DE PRESIDIOS INTERNOS,MONTO,True,82723.0,82723.0,False
MEXICO04,New Spain,1796,in,Puerto Rico,SITUADO DE PUERTO RICO,MONTO,True,450.0,450.0,False
MEXICO04,New Spain,1797,out,unspecified,OTRAS TESORERIAS,MONTO,True,2257273.0,2257273.0,False
MEXICO04,New Spain,1797,out,Manila,SITUADO DE FILIPINAS,MONTO,True,663893.0,663893.0,False
MEXICO04,New Spain,1797,out,Florida,SITUADO DE FLORIDA,MONTO,True,391.0,391.0,False
MEXICO04,New Spain,1797,out,Havana,SITUADO DE HABANA,MONTO,True,2914272.0,2914272.0,False
MEXICO04,New Spain,1797,out,Louisiana,SITUADO DE LUISIANA,MONTO,True,13343.0,13343.0,False
MEXICO04,New Spain,1797,out,Internal presidios,SITUADO DE PRESIDIOS INTERNOS,MONTO,True,7134.0,7134.0,False
MEXICO04,New Spain,1797,out,Isla del Carmen,SITUADO DE YSLA DEL CARMEN,MONTO,True,46736.0,46736.0,False
MEXICO04,New Spain,1797,out,Yucatan,SITUADO DE YUCATAN,MONTO,True,181358.0,181358.0,False
MEXICO04,New Spain,1797,in,unspecified,OTRAS TESORERIAS,MONTO,True,5645801.0,5645801.0,False
MEXICO04,New Spain,1797,in,Manila,SITUADO DE FILIPINAS,MONTO,True,225.0,225.0,False
MEXICO04,New Spain,1797,in,Internal presidios,SITUADO DE PRESIDIOS INTERNOS,MONTO,True,10248.0,10248.0,False
MEXICO04,New Spain,1798,out,unspecified,OTRAS TESORERIAS,MONTO,True,6140509.0,6140509.0,False
MEXICO04,New Spain,1798,out,Manila,SITUADO DE FILIPINAS,MONTO,True,1484257.0,1484257.0,False
MEXICO04,New Spain,1798,out,Internal presidios,SITUADO DE PRESIDIOS INTERNOS,MONTO,True,286836.0,286836.0,False
MEXICO04,New Spain,1798,in,unspecified,OTRAS TESORERIAS,MONTO,True,3812178.0,3812178.0,False
MEXICO04,New Spain,1798,in,Manila,SITUADO DE FILIPINAS,MONTO,True,125.0,125.0,False
MEXICO04,New Spain,1798,in,Internal presidios,SITUADO DE PRESIDIOS INTERNOS,MONTO,True,182774.0,182774.0,False
MEXICO04,New Spain,1799,out,unspecified,OTRAS TESORERIAS,MONTO,True,9037815.0,9037815.0,False
MEXICO04,New Spain,1799,in,unspecified,OTRAS TESORERIAS,MONTO,True,5641411.0,5641411.0,False
MEXICO04,New Spain,1799,out,Manila,SITUADO DE FILIPINAS,MONTO,True,868346.0,868346.0,False
MEXICO04,New Spain,1799,out,Internal presidios,SITUADO DE PRESIDIOS INTERNOS,MONTO,True,107283.0,107283.0,False
MEXICO04,New Spain,1799,in,Manila,SITUADO DE FILIPINAS,MONTO,True,15700.0,15700.0,False
MEXICO04,New Spain,1800,out,unspecified,OTRAS TESORERIAS,MONTO,True,8974836.0,8974836.0,False
MEXICO04,New Spain,1800,out,Manila,SITUADO DE FILIPINAS,MONTO,True,1301713.0,1301713.0,False
MEXICO04,New Spain,1800,out,Internal presidios,SITUADO DE PRESIDIOS INTERNOS,MONTO,True,138358.0,138358.0,False
MEXICO04,New Spain,1800,in,unspecified,OTRAS TESORERIAS,MONTO,True,3664954.0,3664954.0,False
MEXICO04,New Spain,1800,in,Manila,SITUADO DE FILIPINAS,MONTO,True,152.0,152.0,False
MEXICO04,New Spain,1801,out,unspecified,OTRAS TESORERIAS,MONTO,True,4736935.0,4736935.0,False
MEXICO04,New Spain,1801,out,Manila,SITUADO DE FILIPINAS,MONTO,True,535051.0,535051.0,False
MEXICO04,New Spain,1801,out,Internal presidios,SITUADO DE PRESIDIOS INTERNOS,MONTO,True,11135.0,11135.0,False
MEXICO04,New Spain,1801,in,unspecified,OTRAS TESORERIAS,MONTO,True,3498302.0,3498302.0,False
MEXICO04,New Spain,1801,in,Internal presidios,SITUADO DE PRESIDIOS INTERNOS,MONTO,True,51469.0,51469.0,False
MEXICO04,New Spain,1802,out,unspecified,OTRAS TESORERIAS,MONTO,True,6077439.0,6077439.0,False
MEXICO04,New Spain,1802,in,unspecified,OTRAS TESORERIAS,MONTO,True,5846500.0,5846500.0,False
MEXICO04,New Spain,1802,out,Manila,SITUADO DE FILIPINAS,MONTO,True,927316.0,927316.0,False
MEXICO04,New Spain,1802,out,Internal presidios,SITUADO DE PRESIDIOS INTERNOS,MONTO,True,104057.0,104057.0,False
MEXICO04,New Spain,1802,in,Manila,SITUADO DE FILIPINAS,MONTO,True,759.0,759.0,False
MEXICO04,New Spain,1803,out,unspecified,OTRAS TESORERIAS,MONTO,True,1758315.0,1758315.0,False
MEXICO04,New Spain,1803,out,Manila,SITUADO DE FILIPINAS,MONTO,True,158470.0,158470.0,False
MEXICO04,New Spain,1803,out,Internal presidios,SITUADO DE PRESIDIOS INTERNOS,MONTO,True,100714.0,100714.0,False
MEXICO04,New Spain,1803,in,unspecified,OTRAS TESORERIAS,MONTO,True,4937027.0,4937027.0,False
MEXICO04,New Spain,1804,out,unspecified,OTRAS TESORERIAS,MONTO,True,3800956.0,3800956.0,False
MEXICO04,New Spain,1804,in,unspecified,OTRAS TESORERIAS,MONTO,True,5987882.0,5987882.0,False
MEXICO04,New Spain,1804,out,Manila,SITUADO DE FILIPINAS,MONTO,True,153049.0,153049.0,False
MEXICO04,New Spain,1804,out,Internal presidios,SITUADO DE PRESIDIOS INTERNOS,MONTO,True,105432.0,105432.0,False
MEXICO04,New Spain,1804,in,Manila,SITUADO DE FILIPINAS,MONTO,True,12485.0,12485.0,False
MEXICO04,New Spain,1804,in,Internal presidios,SITUADO DE PRESIDIOS INTERNOS,MONTO,True,24.0,24.0,False
MEXICO04,New Spain,1805,out,unspecified,OTRAS TESORERIAS,MONTO,True,2601511.0,2601511.0,False
MEXICO04,New Spain,1805,out,Manila,SITUADO DE FILIPINAS,MONTO,True,71961.0,71961.0,False
MEXICO04,New Spain,1805,out,Internal presidios,SITUADO DE PRESIDIOS INTERNOS,MONTO,True,1349.0,1349.0,False
MEXICO04,New Spain,1805,in,unspecified,OTRAS TESORERIAS,MONTO,True,6688579.0,6688579.0,False
MEXICO04,New Spain,1805,in,Manila,SITUADO DE FILIPINAS,MONTO,True,1500.0,1500.0,False
MEXICO04,New Spain,1806,out,unspecified,OTRAS TESORERIAS,MONTO,True,3328306.0,3328306.0,False
MEXICO04,New Spain,1806,out,Manila,SITUADO DE FILIPINAS,MONTO,True,506410.0,506410.0,False
MEXICO04,New Spain,1806,out,Guatemala,SITUADO DE GUATEMALA,MONTO,True,310220.0,310220.0,False
MEXICO04,New Spain,1806,out,Internal presidios,SITUADO DE PRESIDIOS INTERNOS,MONTO,True,91314.0,91314.0,False
MEXICO04,New Spain,1806,in,unspecified,OTRAS TESORERIAS,MONTO,True,4858503.0,4858503.0,False
MEXICO04,New Spain,1807,out,unspecified,OTRAS TESORERIAS,MONTO,True,4264915.0,4264915.0,False
MEXICO04,New Spain,1807,out,Manila,SITUADO DE FILIPINAS,MONTO,True,573668.0,573668.0,False
MEXICO04,New Spain,1807,out,Guatemala,SITUADO DE GUATEMALA,MONTO,True,332399.0,332399.0,False
MEXICO04,New Spain,1807,out,Internal presidios,SITUADO DE PRESIDIOS INTERNOS,MONTO,True,189146.0,189146.0,False
MEXICO04,New Spain,1807,in,unspecified,OTRAS TESORERIAS,MONTO,True,6587710.0,6587710.0,False
MEXICO04,New Spain,1807,in,Guatemala,SITUADO DE GUATEMALA,MONTO,True,142754.0,142754.0,False
MEXICO04,New Spain,1808,out,unspecified,OTRAS TESORERIAS,MONTO,True,5471247.0,5471247.0,False
MEXICO04,New Spain,1808,out,Manila,SITUADO DE FILIPINAS,MONTO,True,72797.0,72797.0,False
MEXICO04,New Spain,1808,out,Guatemala,SITUADO DE GUATEMALA,MONTO,True,151329.0,151329.0,False
MEXICO04,New Spain,1808,out,Internal presidios,SITUADO DE PRESIDIOS INTERNOS,MONTO,True,232959.0,232959.0,False
MEXICO04,New Spain,1808,in,unspecified,OTRAS TESORERIAS,MONTO,True,7299313.0,7299313.0,False
MEXICO04,New Spain,1808,in,Manila,SITUADO DE FILIPINAS,MONTO,True,257.0,257.0,False
MEXICO04,New Spain,1808,in,Guatemala,SITUADO DE GUATEMALA,MONTO,True,500.0,500.0,False
MEXICO04,New Spain,1809,out,unspecified,OTRAS TESORERIAS,MONTO,True,3360021.0,3360021.0,False
MEXICO04,New Spain,1809,in,unspecified,OTRAS TESORERIAS,MONTO,True,7952653.0,7952653.0,False
MEXICO04,New Spain,1809,out,Manila,SITUADO DE FILIPINAS,MONTO,True,316395.0,316395.0,False
MEXICO04,New Spain,1809,out,Internal presidios,SITUADO DE PRESIDIOS INTERNOS,MONTO,True,117774.0,117774.0,False
MEXICO04,New Spain,1809,in,Manila,SITUADO DE FILIPINAS,MONTO,True,78709.0,78709.0,False
MEXICO04,New Spain,1810,out,unspecified,OTRAS TESORERIAS,MONTO,True,4489734.0,4489734.0,False
MEXICO04,New Spain,1810,out,Manila,SITUADO DE FILIPINAS,MONTO,True,444403.0,444403.0,False
MEXICO04,New Spain,1810,out,Guatemala,SITUADO DE GUATEMALA,MONTO,True,107512.0,107512.0,False
MEXICO04,New Spain,1810,out,Internal presidios,SITUADO DE PRESIDIOS INTERNOS,MONTO,True,88649.0,88649.0,False
MEXICO04,New Spain,1810,in,unspecified,OTRAS TESORERIAS,MONTO,True,5210390.0,5210390.0,False
MEXICO04,New Spain,1810,in,Manila,SITUADO DE FILIPINAS,MONTO,True,315.0,315.0,False
MEXICO04,New Spain,1811,out,unspecified,OTRAS TESORERIAS,MONTO,True,3532231.0,3532231.0,False
MEXICO04,New Spain,1811,out,Manila,SITUADO DE FILIPINAS,MONTO,True,11908.0,11908.0,False
MEXICO04,New Spain,1811,out,Guatemala,SITUADO DE GUATEMALA,MONTO,True,12000.0,12000.0,False
MEXICO04,New Spain,1811,out,Internal presidios,SITUADO DE PRESIDIOS INTERNOS,MONTO,True,2137.0,2137.0,False
MEXICO04,New Spain,1811,in,unspecified,OTRAS TESORERIAS,MONTO,True,3714349.0,3714349.0,False
MEXICO04,New Spain,1811,in,Manila,SITUADO DE FILIPINAS,MONTO,True,108.0,108.0,False
MEXICO04,New Spain,1812,out,unspecified,OTRAS TESORERIAS,MONTO,True,1680906.0,1680906.0,False
MEXICO04,New Spain,1812,out,Manila,SITUADO DE FILIPINAS,MONTO,True,4432.0,4432.0,False
MEXICO04,New Spain,1812,out,Internal presidios,SITUADO DE PRESIDIOS INTERNOS,MONTO,True,1389.0,1389.0,False
MEXICO04,New Spain,1812,in,unspecified,OTRAS TESORERIAS,MONTO,True,418417.0,418417.0,False
MEXICO04,New Spain,1812,in,Manila,SITUADO DE FILIPINAS,MONTO,True,160.0,160.0,False
MEXICO04,New Spain,1814,out,unspecified,OTRAS TESORERIAS,MONTO,True,573194.0,573194.0,False
MEXICO04,New Spain,1814,out,Manila,SITUADO DE FILIPINAS,MONTO,True,84995.0,84995.0,False
MEXICO04,New Spain,1814,out,Internal presidios,SITUADO DE PRESIDIOS INTERNOS,MONTO,True,1500.0,1500.0,False
MEXICO04,New Spain,1814,in,unspecified,OTRAS TESORERIAS,MONTO,True,451363.0,451363.0,False
MEXICO04,New Spain,1814,in,Manila,SITUADO DE FILIPINAS,MONTO,True,25612.0,25612.0,False
MEXICO04,New Spain,1814,in,Guatemala,SITUADO DE GUATEMALA,MONTO,True,3000.0,3000.0,False
MEXICO04,New Spain,1815,out,unspecified,OTRAS TESORERIAS,MONTO,True,833131.0,833131.0,False
MEXICO04,New Spain,1815,out,Manila,SITUADO DE FILIPINAS,MONTO,True,5879.0,5879.0,False
MEXICO04,New Spain,1815,out,Internal presidios,SITUADO DE PRESIDIOS INTERNOS,MONTO,True,1502.0,1502.0,False
MEXICO04,New Spain,1815,in,unspecified,OTRAS TESORERIAS,MONTO,True,136086.0,136086.0,False
MEXICO04,New Spain,1816,out,unspecified,OTRAS TESORERIAS,MONTO,True,234222.0,234222.0,False
MEXICO04,New Spain,1816,out,Manila,SITUADO DE FILIPINAS,MONTO,True,20067.0,20067.0,False
MEXICO04,New Spain,1816,out,Internal presidios,SITUADO DE PRESIDIOS INTERNOS,MONTO,True,1191.0,1191.0,False
MEXICO04,New Spain,1816,in,unspecified,OTRAS TESORERIAS,MONTO,True,87742.0,87742.0,False
MEXICO04,New Spain,1816,in,Manila,SITUADO DE FILIPINAS,MONTO,True,7836.0,7836.0,False
Michoacán,New Spain,1794,out,unspecified,OTRAS TESORERIAS,MONTO,True,1522.0,1522.0,False
Michoacán,New Spain,1794,in,unspecified,OTRAS TESORERIAS,MONTO,True,2358.0,2358.0,False
Michoacán,New Spain,1795,in,unspecified,OTRAS TESORERIAS,MONTO,True,428.0,428.0,False
Michoacán,New Spain,1797,in,unspecified,OTRAS TESORERIAS,MONTO,True,11.0,11.0,False
Michoacán,New Spain,1798,out,unspecified,OTRAS TESORERIAS,MONTO,True,36893.0,36893.0,False
Michoacán,New Spain,1798,in,unspecified,OTRAS TESORERIAS,MONTO,True,37237.0,37237.0,False
Michoacán,New Spain,1799,out,unspecified,OTRAS TESORERIAS,MONTO,True,32434.0,32434.0,False
Michoacán,New Spain,1799,in,unspecified,OTRAS TESORERIAS,MONTO,True,26869.0,26869.0,False
Michoacán,New Spain,1800,out,unspecified,OTRAS TESORERIAS,MONTO,True,50743.0,50743.0,False
Michoacán,New Spain,1800,in,unspecified,OTRAS TESORERIAS,MONTO,True,57029.0,57029.0,False
Michoacán,New Spain,1801,out,unspecified,OTRAS TESORERIAS,MONTO,True,34870.0,34870.0,False
Michoacán,New Spain,1801,in,unspecified,OTRAS TESORERIAS,MONTO,True,31797.0,31797.0,False
Michoacán,New Spain,1802,out,unspecified,OTRAS TESORERIAS,MONTO,True,33913.0,33913.0,False
Michoacán,New Spain,1802,in,unspecified,OTRAS TESORERIAS,MONTO,True,33575.0,33575.0,False
Michoacán,New Spain,1803,out,unspecified,OTRAS TESORERIAS,MONTO,True,29189.0,29189.0,False
Michoacán,New Spain,1803,in,unspecified,OTRAS TESORERIAS,MONTO,True,29174.0,29174.0,False
Michoacán,New Spain,1805,out,unspecified,OTRAS TESORERIAS,MONTO,True,12300.0,12300.0,False
OAXACA,New Spain,1790,out,unspecified,OTRAS TESORERIAS,MONTO,True,40000.0,40000.0,False
OAXACA,New Spain,1790,in,unspecified,OTRAS TESORERIAS,MONTO,True,9147.0,9147.0,False
OAXACA,New Spain,1791,out,unspecified,OTRAS TESORERIAS,MONTO,True,266556.0,266556.0,False
OAXACA,New Spain,1791,in,unspecified,OTRAS TESORERIAS,MONTO,True,127.0,127.0,False
OAXACA,New Spain,1792,out,unspecified,OTRAS TESORERIAS,MONTO,True,335607.0,335607.0,False
OAXACA,New Spain,1793,out,unspecified,OTRAS TESORERIAS,MONTO,True,285991.0,285991.0,False
OAXACA,New Spain,1794,out,unspecified,OTRAS TESORERIAS,MONTO,True,352900.0,352900.0,False
OAXACA,New Spain,1794,in,unspecified,OTRAS TESORERIAS,MONTO,True,50.0,50.0,False
OAXACA,New Spain,1795,out,unspecified,OTRAS TESORERIAS,MONTO,True,299950.0,299950.0,False
OAXACA,New Spain,1795,in,unspecified,OTRAS TESORERIAS,MONTO,True,300.0,300.0,False
OAXACA,New Spain,1796,out,unspecified,OTRAS TESORERIAS,MONTO,True,100474.0,100474.0,False
OAXACA,New Spain,1797,out,unspecified,OTRAS TESORERIAS,MONTO,True,288553.0,288553.0,False
OAXACA,New Spain,1797,in,unspecified,OTRAS TESORERIAS,MONTO,True,81206.0,81206.0,False
OAXACA,New Spain,1798,out,unspecified,OTRAS TESORERIAS,MONTO,True,428096.0,428096.0,False
OAXACA,New Spain,1798,in,unspecified,OTRAS TESORERIAS,MONTO,True,19831.0,19831.0,False
OAXACA,New Spain,1799,out,unspecified,OTRAS TESORERIAS,MONTO,True,371475.0,371475.0,False
OAXACA,New Spain,1799,in,unspecified,OTRAS TESORERIAS,MONTO,True,4699.0,4699.0,False
OAXACA,New Spain,1800,out,unspecified,OTRAS TESORERIAS,MONTO,True,273915.0,273915.0,False
OAXACA,New Spain,1800,in,unspecified,OTRAS TESORERIAS,MONTO,True,18679.0,18679.0,False
OAXACA,New Spain,1801,out,unspecified,OTRAS TESORERIAS,MONTO,True,195452.0,195452.0,False
OAXACA,New Spain,1801,in,unspecified,OTRAS TESORERIAS,MONTO,True,22183.0,22183.0,False
OAXACA,New Spain,1804,out,unspecified,OTRAS TESORERIAS,MONTO,True,240253.0,240253.0,False
OAXACA,New Spain,1804,in,unspecified,OTRAS TESORERIAS,MONTO,True,882.0,882.0,False
OAXACA,New Spain,1805,out,unspecified,OTRAS TESORERIAS,MONTO,True,209628.0,209628.0,False
OAXACA,New Spain,1805,in,unspecified,OTRAS TESORERIAS,MONTO,True,50270.0,50270.0,False
OAXACA,New Spain,1806,out,unspecified,OTRAS TESORERIAS,MONTO,True,560187.0,560187.0,False
OAXACA,New Spain,1806,in,unspecified,OTRAS TESORERIAS,MONTO,True,134547.0,134547.0,False
PACHUCA,New Spain,1667,out,Mexico City,REMITIDO A RL CAJA DE MEXICO,MONTO,True,116096.0,116096.0,False
PACHUCA,New Spain,1669,out,Mexico City,REMITIDO A RL CAJA DE MEXICO,MONTO,True,78641.0,78641.0,False
PACHUCA,New Spain,1671,out,Mexico City,REMITIDO A RL CAJA DE MEXICO,MONTO,True,81691.0,81691.0,False
PACHUCA,New Spain,1672,out,Mexico City,REMITIDO A RL CAJA DE MEXICO,MONTO,True,110116.0,110116.0,False
PACHUCA,New Spain,1674,out,Mexico City,REMITIDO A RL CAJA DE MEXICO,MONTO,True,117381.0,117381.0,False
PACHUCA,New Spain,1676,out,Mexico City,REMITIDO A RL CAJA DE MEXICO,MONTO,True,126793.0,126793.0,False
PACHUCA,New Spain,1678,out,Mexico City,REMITIDO A RL CAJA DE MEXICO,MONTO,True,58288.0,58288.0,False
PACHUCA,New Spain,1679,out,Mexico City,REMITIDO A RL CAJA DE MEXICO,MONTO,True,101796.0,101796.0,False
PACHUCA,New Spain,1680,out,Mexico City,REMITIDO A RL CAJA DE MEXICO,MONTO,True,77294.0,77294.0,False
PACHUCA,New Spain,1682,out,Mexico City,REMITIDO A RL CAJA DE MEXICO,MONTO,True,95386.0,95386.0,False
PACHUCA,New Spain,1683,out,Mexico City,REMITIDO A RL CAJA DE MEXICO,MONTO,True,66073.0,66073.0,False
PACHUCA,New Spain,1684,out,Mexico City,REMITIDO A RL CAJA DE MEXICO,MONTO,True,122371.0,122371.0,False
PACHUCA,New Spain,1686,out,Mexico City,REMITIDO A RL CAJA DE MEXICO,MONTO,True,214202.0,214202.0,False
PACHUCA,New Spain,1688,out,Mexico City,REMITIDO A RL CAJA DE MEXICO,MONTO,True,179761.0,179761.0,False
PACHUCA,New Spain,1689,out,Mexico City,REMITIDO A RL CAJA DE MEXICO,MONTO,True,226430.0,226430.0,False
PACHUCA,New Spain,1690,out,Mexico City,REMITIDO A RL CAJA DE MEXICO,MONTO,True,112183.0,112183.0,False
PACHUCA,New Spain,1691,out,Mexico City,REMITIDO A RL CAJA DE MEXICO,MONTO,True,299093.0,299093.0,False
PACHUCA,New Spain,1706,out,Mexico City,REMITIDO A RL CAJA DE MEXICO,MONTO,True,73201.0,73201.0,False
PACHUCA,New Spain,1707,out,Mexico City,REMITIDO A RL CAJA DE MEXICO,MONTO,True,78468.0,78468.0,False
PACHUCA,New Spain,1708,out,Mexico City,REMITIDO A RL CAJA DE MEXICO,MONTO,True,61770.0,61770.0,False
PACHUCA,New Spain,1709,out,Mexico City,REMITIDO A RL CAJA DE MEXICO,MONTO,True,86003.0,86003.0,False
PACHUCA,New Spain,1710,out,Mexico City,REMITIDO A RL CAJA DE MEXICO,MONTO,True,122067.0,122067.0,False
PACHUCA,New Spain,1711,out,Mexico City,REMITIDO A RL CAJA DE MEXICO,MONTO,True,107353.0,107353.0,False
PACHUCA,New Spain,1712,out,Mexico City,REMITIDO A RL CAJA DE MEXICO,MONTO,True,119963.0,119963.0,False
PACHUCA,New Spain,1713,out,Mexico City,REMITIDO A RL CAJA DE MEXICO,MONTO,True,123156.0,123156.0,False
PACHUCA,New Spain,1714,out,Mexico City,REMITIDO A RL CAJA DE MEXICO,MONTO,True,182480.0,182480.0,False
PACHUCA,New Spain,1715,out,Mexico City,REMITIDO A RL CAJA DE MEXICO,MONTO,True,144878.0,144878.0,False
PACHUCA,New Spain,1716,out,Mexico City,REMITIDO A RL CAJA DE MEXICO,MONTO,True,98351.0,98351.0,False
PACHUCA,New Spain,1717,out,Mexico City,REMITIDO A RL CAJA DE MEXICO,MONTO,True,126434.0,126434.0,False
PACHUCA,New Spain,1718,out,Mexico City,REMITIDO A RL CAJA DE MEXICO,MONTO,True,109507.0,109507.0,False
PACHUCA,New Spain,1719,out,Mexico City,REMITIDO A RL CAJA DE MEXICO,MONTO,True,166230.0,166230.0,False
PACHUCA,New Spain,1720,out,Mexico City,REMITIDO A RL CAJA DE MEXICO,MONTO,True,132039.0,132039.0,False
PACHUCA,New Spain,1721,out,Mexico City,REMITIDO A RL CAJA DE MEXICO,MONTO,True,148651.0,148651.0,False
PACHUCA,New Spain,1722,out,Mexico City,REMITIDO A RL CAJA DE MEXICO,MONTO,True,233701.0,233701.0,False
PACHUCA,New Spain,1723,out,Mexico City,REMITIDO A MEXICO DE MASA COMUN,MONTO,True,26250.0,26250.0,False
PACHUCA,New Spain,1723,out,Mexico City,REMITIDO A RL CAJA DE MEXICO,MONTO,True,249996.0,249996.0,False
PACHUCA,New Spain,1724,out,Mexico City,REMITIDO A RL CAJA DE MEXICO,MONTO,True,281662.0,281662.0,False
PACHUCA,New Spain,1725,out,Mexico City,REMITIDO A RL CAJA DE MEXICO,MONTO,True,179093.0,179093.0,False
PACHUCA,New Spain,1726,out,Mexico City,REMITIDO A RL CAJA DE MEXICO,MONTO,True,291180.0,291180.0,False
PACHUCA,New Spain,1727,out,Mexico City,REMITIDO A RL CAJA DE MEXICO,MONTO,True,366472.0,366472.0,False
PACHUCA,New Spain,1728,out,Mexico City,REMITIDO A RL CAJA DE MEXICO,MONTO,True,142938.0,142938.0,False
PACHUCA,New Spain,1730,out,Mexico City,REMITIDO A RL CAJA DE MEXICO,MONTO,True,405373.0,405373.0,False
PACHUCA,New Spain,1731,out,Mexico City,REMITIDO A RL CAJA DE MEXICO,MONTO,True,141332.0,141332.0,False
PACHUCA,New Spain,1733,out,Mexico City,REMITIDO A RL CAJA DE MEXICO,MONTO,True,464586.0,464586.0,False
PACHUCA,New Spain,1734,out,Mexico City,REMITIDO A RL CAJA DE MEXICO,MONTO,True,78533.0,78533.0,False
PACHUCA,New Spain,1735,out,Mexico City,REMITIDO A RL CAJA DE MEXICO,MONTO,True,249922.0,249922.0,False
PACHUCA,New Spain,1736,out,Mexico City,REMITIDO A RL CAJA DE MEXICO,MONTO,True,98565.0,98565.0,False
PACHUCA,New Spain,1737,out,Mexico City,REMITIDO A RL CAJA DE MEXICO,MONTO,True,136744.0,136744.0,False
PACHUCA,New Spain,1738,out,Mexico City,REMITIDO A RL CAJA DE MEXICO,MONTO,True,85424.0,85424.0,False
PACHUCA,New Spain,1739,out,Mexico City,REMITIDO A RL CAJA DE MEXICO,MONTO,True,71807.0,71807.0,False
PACHUCA,New Spain,1740,out,Mexico City,REMITIDO A RL CAJA DE MEXICO,MONTO,True,81806.0,81806.0,False
PACHUCA,New Spain,1741,out,Mexico City,REMITIDO A RL CAJA DE MEXICO,MONTO,True,63414.0,63414.0,False
PACHUCA,New Spain,1742,out,Mexico City,REMITIDO A RL CAJA DE MEXICO,MONTO,True,58880.0,58880.0,False
PACHUCA,New Spain,1743,out,Mexico City,REMITIDO A RL CAJA DE MEXICO,MONTO,True,64906.0,64906.0,False
PACHUCA,New Spain,1744,out,Mexico City,REMITIDO A RL CAJA DE MEXICO,MONTO,True,99437.0,99437.0,False
PACHUCA,New Spain,1747,out,Mexico City,REMITIDO A RL CAJA DE MEXICO,MONTO,True,97870.0,97870.0,False
PACHUCA,New Spain,1748,out,Mexico City,REMITIDO A RL CAJA DE MEXICO,MONTO,True,91550.0,91550.0,False
PACHUCA,New Spain,1749,out,Mexico City,REMITIDO A RL CAJA DE MEXICO,MONTO,True,46342.0,46342.0,False
PACHUCA,New Spain,1751,out,Mexico City,REMITIDO A RL CAJA DE MEXICO,MONTO,True,115110.0,115110.0,False
PACHUCA,New Spain,1752,out,Mexico City,REMITIDO A RL CAJA DE MEXICO,MONTO,True,150336.0,150336.0,False
PACHUCA,New Spain,1753,out,Mexico City,REMITIDO A RL CAJA DE MEXICO,MONTO,True,143539.0,143539.0,False
PACHUCA,New Spain,1754,out,Mexico City,REMITIDO A RL CAJA DE MEXICO,MONTO,True,149362.0,149362.0,False
PACHUCA,New Spain,1755,out,Mexico City,REMITIDO A RL CAJA DE MEXICO,MONTO,True,217802.0,217802.0,False
PACHUCA,New Spain,1756,out,Mexico City,REMITIDO A RL CAJA DE MEXICO,MONTO,True,228484.0,228484.0,False
PACHUCA,New Spain,1757,out,Mexico City,REMITIDO A RL CAJA DE MEXICO,MONTO,True,207337.0,207337.0,False
PACHUCA,New Spain,1758,out,Mexico City,REMITIDO A RL CAJA DE MEXICO,MONTO,True,191544.0,191544.0,False
PACHUCA,New Spain,1759,out,Mexico City,REMITIDO A RL CAJA DE MEXICO,MONTO,True,115478.0,115478.0,False
PACHUCA,New Spain,1760,out,Mexico City,REMITIDO A RL CAJA DE MEXICO,MONTO,True,262224.0,262224.0,False
PACHUCA,New Spain,1761,out,Mexico City,REMITIDO A RL CAJA DE MEXICO,MONTO,True,210216.0,210216.0,False
PACHUCA,New Spain,1762,out,Mexico City,REMITIDO A RL CAJA DE MEXICO,MONTO,True,135249.0,135249.0,False
PACHUCA,New Spain,1763,out,Mexico City,REMITIDO A RL CAJA DE MEXICO,MONTO,True,193638.0,193638.0,False
PACHUCA,New Spain,1764,out,Mexico City,REMITIDO A RL CAJA DE MEXICO,MONTO,True,189745.0,189745.0,False
PACHUCA,New Spain,1765,out,Mexico City,REMITIDO A RL CAJA DE MEXICO,MONTO,True,231800.0,231800.0,False
PACHUCA,New Spain,1766,out,Mexico City,REMITIDO A RL CAJA DE MEXICO,MONTO,True,200785.0,200785.0,False
PACHUCA,New Spain,1767,out,Mexico City,REMITIDO A RL CAJA DE MEXICO,MONTO,True,104687.0,104687.0,False
PACHUCA,New Spain,1768,out,Mexico City,REMITIDO A RL CAJA DE MEXICO,MONTO,True,54727.0,54727.0,False
PACHUCA,New Spain,1769,out,Mexico City,REMITIDO A RL CAJA DE MEXICO,MONTO,True,292499.0,292499.0,False
PACHUCA,New Spain,1770,out,Mexico City,REMITIDO A RL CAJA DE MEXICO,MONTO,True,196418.0,196418.0,False
PACHUCA,New Spain,1771,out,Mexico City,REMITIDO A RL CAJA DE MEXICO,MONTO,True,246273.0,246273.0,False
PACHUCA,New Spain,1772,out,Mexico City,REMITIDO A RL CAJA DE MEXICO,MONTO,True,101066.0,101066.0,False
PACHUCA,New Spain,1773,out,Mexico City,REMITIDO A RL CAJA DE MEXICO,MONTO,True,122905.0,122905.0,False
PACHUCA,New Spain,1774,in,Mexico City,REMITIDO DE RL CAJA DE MEXICO,MONTO,True,15000.0,15000.0,False
PACHUCA,New Spain,1774,out,Mexico City,REMITIDO A RL CAJA DE MEXICO,MONTO,True,120590.0,120590.0,False
PACHUCA,New Spain,1775,in,Mexico City,REMITIDO DE RL CAJA DE MEXICO,MONTO,True,14285.0,14285.0,False
PACHUCA,New Spain,1775,out,Mexico City,REMITIDO A RL CAJA DE MEXICO,MONTO,True,89205.0,89205.0,False
PACHUCA,New Spain,1776,out,Mexico City,REMITIDO A RL CAJA DE MEXICO,MONTO,True,167469.0,167469.0,False
PACHUCA,New Spain,1777,out,Mexico City,REMITIDO A RL CAJA DE MEXICO,MONTO,True,145317.0,145317.0,False
PACHUCA,New Spain,1778,out,Mexico City,REMITIDO A RL CAJA DE MEXICO,MONTO,True,150962.0,150962.0,False
PACHUCA,New Spain,1779,out,Mexico City,REMITIDO A RL CAJA DE MEXICO,MONTO,True,180271.0,180271.0,False
PACHUCA,New Spain,1780,out,Mexico City,REMITIDO A RL CAJA DE MEXICO,MONTO,True,126761.0,126761.0,False
PACHUCA,New Spain,1781,out,Mexico City,REMITIDO A RL CAJA DE MEXICO,MONTO,True,167800.0,167800.0,False
PACHUCA,New Spain,1782,out,Mexico City,REMITIDO A RL CAJA DE MEXICO,MONTO,True,61500.0,61500.0,False
PACHUCA,New Spain,1783,out,Mexico City,REMITIDO A RL CAJA DE MEXICO,MONTO,True,104634.0,104634.0,False
PACHUCA,New Spain,1784,out,Mexico City,REMITIDO A RL CAJA DE MEXICO,MONTO,True,84481.0,84481.0,False
PACHUCA,New Spain,1785,out,Mexico City,REMITIDO A RL CAJA DE MEXICO,MONTO,True,74883.0,74883.0,False
PACHUCA,New Spain,1786,out,Mexico City,REMITIDO A RL CAJA DE MEXICO,MONTO,True,107315.0,107315.0,False
PACHUCA,New Spain,1787,out,unspecified,OTRAS TESORERIAS,MONTO,True,12.0,12.0,False
PACHUCA,New Spain,1787,out,Mexico City,REMITIDO A RL CAJA DE MEXICO,MONTO,True,156062.0,156062.0,False
PACHUCA,New Spain,1788,out,Mexico City,REMITIDO A RL CAJA DE MEXICO,MONTO,True,85331.0,85331.0,False
PACHUCA,New Spain,1789,out,Mexico City,REMITIDO A RL CAJA DE MEXICO,MONTO,True,129257.0,129257.0,False
PACHUCA,New Spain,1790,out,Mexico City,REMITIDO A RL CAJA DE MEXICO,MONTO,True,118128.0,118128.0,False
PACHUCA,New Spain,1791,out,Mexico City,REMITIDO A MEXICO POR SU RESCATE,MONTO,True,195351.0,195351.0,False
PACHUCA,New Spain,1791,out,Mexico City,REMITIDO A RL CAJA DE MEXICO,MONTO,True,115649.0,115649.0,False
PACHUCA,New Spain,1792,out,Mexico City,REMITIDO A MEXICO POR SU RESCATE,MONTO,True,620576.0,620576.0,False
PACHUCA,New Spain,1792,out,Mexico City,REMITIDO A RL CAJA DE MEXICO,MONTO,True,134954.0,134954.0,False
PACHUCA,New Spain,1793,out,Mexico City,REMITIDO A MEXICO POR SU RESCATE,MONTO,True,505947.0,505947.0,False
PACHUCA,New Spain,1793,out,Mexico City,REMITIDO A RL CAJA DE MEXICO,MONTO,True,164658.0,164658.0,False
PACHUCA,New Spain,1794,out,Mexico City,REMITIDO A MEXICO POR SU RESCATE,MONTO,True,501636.0,501636.0,False
PACHUCA,New Spain,1794,out,Mexico City,REMITIDO A RL CAJA DE MEXICO,MONTO,True,74041.0,74041.0,False
PACHUCA,New Spain,1795,out,Mexico City,REMITIDO A MEXICO MONTEPIO DE MIN,MONTO,True,177.0,177.0,False
PACHUCA,New Spain,1795,out,Mexico City,REMITIDO A MEXICO MONTEPIO DE OF,MONTO,True,901.0,901.0,False
PACHUCA,New Spain,1795,out,Mexico City,REMITIDO A MEXICO POR SU RESCATE,MONTO,True,446399.0,446399.0,False
PACHUCA,New Spain,1795,out,Mexico City,REMITIDO A RL CAJA DE MEXICO,MONTO,True,233309.0,233309.0,False
PACHUCA,New Spain,1796,out,Mexico City,REMITIDO A MEXICO MONTEPIO DE MIN,MONTO,True,177.0,177.0,False
PACHUCA,New Spain,1796,out,Mexico City,REMITIDO A MEXICO MONTEPIO DE OF,MONTO,True,190.0,190.0,False
PACHUCA,New Spain,1796,out,Mexico City,REMITIDO A MEXICO POR SU RESCATE,MONTO,True,549386.0,549386.0,False
PACHUCA,New Spain,1796,out,Mexico City,REMITIDO A RL CAJA DE MEXICO,MONTO,True,250509.0,250509.0,False
PACHUCA,New Spain,1797,out,Mexico City,REMITIDO A MEXICO MONTEPIO DE MIN,MONTO,True,176.0,176.0,False
PACHUCA,New Spain,1797,out,Mexico City,REMITIDO A MEXICO MONTEPIO DE OF,MONTO,True,137.0,137.0,False
PACHUCA,New Spain,1797,out,Mexico City,REMITIDO A MEXICO POR SU RESCATE,MONTO,True,347934.0,347934.0,False
PACHUCA,New Spain,1797,out,Mexico City,REMITIDO A RL CAJA DE MEXICO,MONTO,True,166300.0,166300.0,False
PACHUCA,New Spain,1798,out,Mexico City,REMITIDO A MEXICO MONTEPIO DE MIN,MONTO,True,237.0,237.0,False
PACHUCA,New Spain,1798,out,Mexico City,REMITIDO A MEXICO MONTEPIO DE OF,MONTO,True,92.0,92.0,False
PACHUCA,New Spain,1798,out,Mexico City,REMITIDO A MEXICO POR SU RESCATE,MONTO,True,437291.0,437291.0,False
PACHUCA,New Spain,1798,out,Mexico City,REMITIDO A RL CAJA DE MEXICO,MONTO,True,187636.0,187636.0,False
PACHUCA,New Spain,1799,out,Mexico City,REMITIDO A MEXICO MONTEPIO DE MIN,MONTO,True,101.0,101.0,False
PACHUCA,New Spain,1799,out,Mexico City,REMITIDO A MEXICO MONTEPIO DE OF,MONTO,True,233.0,233.0,False
PACHUCA,New Spain,1799,out,Mexico City,REMITIDO A MEXICO POR SU RESCATE,MONTO,True,463924.0,463924.0,False
PACHUCA,New Spain,1799,out,Mexico City,REMITIDO A RL CAJA DE MEXICO,MONTO,True,112969.0,112969.0,False
PACHUCA,New Spain,1800,out,Mexico City,REMITIDO A MEXICO MONTEPIO DE MIN,MONTO,True,309.0,309.0,False
PACHUCA,New Spain,1800,out,Mexico City,REMITIDO A MEXICO MONTEPIO DE OF,MONTO,True,171.0,171.0,False
PACHUCA,New Spain,1800,out,Mexico City,REMITIDO A MEXICO POR SU RESCATE,MONTO,True,324530.0,324530.0,False
PACHUCA,New Spain,1800,out,Mexico City,REMITIDO A RL CAJA DE MEXICO,MONTO,True,209564.0,209564.0,False
PACHUCA,New Spain,1801,out,Mexico City,REMITIDO A MEXICO POR SU RESCATE,MONTO,True,391943.0,391943.0,False
PACHUCA,New Spain,1801,out,Mexico City,REMITIDO A RL CAJA DE MEXICO,MONTO,True,115561.0,115561.0,False
PACHUCA,New Spain,1802,out,Mexico City,REMITIDO A MEXICO POR SU RESCATE,MONTO,True,444979.0,444979.0,False
PACHUCA,New Spain,1802,out,Mexico City,REMITIDO A RL CAJA DE MEXICO,MONTO,True,95587.0,95587.0,False
PACHUCA,New Spain,1803,out,Mexico City,REMITIDO A MEXICO POR SU RESCATE,MONTO,True,542526.0,542526.0,False
PACHUCA,New Spain,1803,out,Mexico City,REMITIDO A RL CAJA DE MEXICO,MONTO,True,163427.0,163427.0,False
PACHUCA,New Spain,1803,in,unspecified,OTRAS TESORERIAS,MONTO,True,1360.0,1360.0,False
PACHUCA,New Spain,1804,out,Mexico City,REMITIDO A MEXICO POR SU RESCATE,MONTO,True,636353.0,636353.0,False
PACHUCA,New Spain,1804,out,Mexico City,REMITIDO A RL CAJA DE MEXICO,MONTO,True,177024.0,177024.0,False
PACHUCA,New Spain,1806,out,Mexico City,REMITIDO A MEXICO POR SU RESCATE,MONTO,True,656347.0,656347.0,False
PACHUCA,New Spain,1806,out,Mexico City,REMITIDO A RL CAJA DE MEXICO,MONTO,True,251348.0,251348.0,False
PACHUCA,New Spain,1806,in,unspecified,OTRAS TESORERIAS,MONTO,True,2208.0,2208.0,False
PRESIDIO DEL CARMEN,New Spain,1729,in,Veracruz,REMITIDO DE RL CAJA DE VERACRUZ,MONTO,True,96406.0,96406.0,False
PRESIDIO DEL CARMEN,New Spain,1787,in,unspecified,OTRAS TESORERIAS,MONTO,True,12347.0,12347.0,False
PRESIDIO DEL CARMEN,New Spain,1792,out,unspecified,OTRAS TESORERIAS,MONTO,True,8470.0,8470.0,False
PRESIDIO DEL CARMEN,New Spain,1792,in,unspecified,OTRAS TESORERIAS,MONTO,True,9412.0,9412.0,False
PRESIDIO DEL CARMEN,New Spain,1793,out,unspecified,OTRAS TESORERIAS,MONTO,True,120388.0,120388.0,False
PRESIDIO DEL CARMEN,New Spain,1793,in,unspecified,OTRAS TESORERIAS,MONTO,True,120388.0,120388.0,False
PRESIDIO DEL CARMEN,New Spain,1794,out,unspecified,OTRAS TESORERIAS,MONTO,True,73661.0,73661.0,False
PRESIDIO DEL CARMEN,New Spain,1794,in,unspecified,OTRAS TESORERIAS,MONTO,True,77416.0,77416.0,False
PRESIDIO DEL CARMEN,New Spain,1795,out,unspecified,OTRAS TESORERIAS,MONTO,True,12753.0,12753.0,False
PRESIDIO DEL CARMEN,New Spain,1795,out,Isla del Carmen,SITUADO DE YSLA DEL CARMEN,MONTO,True,77938.0,77938.0,False
PRESIDIO DEL CARMEN,New Spain,1795,in,unspecified,OTRAS TESORERIAS,MONTO,True,12753.0,12753.0,False
PRESIDIO DEL CARMEN,New Spain,1797,in,Isla del Carmen,SITUADO DE YSLA DEL CARMEN,MONTO,True,24137.0,24137.0,False
PRESIDIO DEL CARMEN,New Spain,1797,out,Isla del Carmen,SITUADO DE YSLA DEL CARMEN,MONTO,True,35547.0,35547.0,False
PRESIDIO DEL CARMEN,New Spain,1798,in,Isla del Carmen,SITUADO DE YSLA DEL CARMEN,MONTO,True,53761.0,53761.0,False
PRESIDIO DEL CARMEN,New Spain,1798,out,Isla del Carmen,SITUADO DE YSLA DEL CARMEN,MONTO,True,53761.0,53761.0,False
PRESIDIO DEL CARMEN,New Spain,1800,in,Isla del Carmen,SITUADO DE YSLA DEL CARMEN,MONTO,True,39642.0,39642.0,False
PRESIDIO DEL CARMEN,New Spain,1800,out,Isla del Carmen,SITUADO DE YSLA DEL CARMEN,MONTO,True,49642.0,49642.0,False
PRESIDIO DEL CARMEN,New Spain,1801,out,Isla del Carmen,SITUADO DE YSLA DEL CARMEN,MONTO,True,44781.0,44781.0,False
PRESIDIO DEL CARMEN,New Spain,1801,in,Isla del Carmen,SITUADO DE YSLA DEL CARMEN,MONTO,True,44781.0,44781.0,False
PRESIDIO DEL CARMEN,New Spain,1803,out,Isla del Carmen,SITUADO DE YSLA DEL CARMEN,MONTO,True,58177.0,58177.0,False
PRESIDIO DEL CARMEN,New Spain,1803,in,Isla del Carmen,SITUADO DE YSLA DEL CARMEN,MONTO,True,58177.0,58177.0,False
PRESIDIO DEL CARMEN,New Spain,1804,in,Isla del Carmen,SITUADO DE YSLA DEL CARMEN,MONTO,True,53105.0,53105.0,False
PRESIDIO DEL CARMEN,New Spain,1804,out,Isla del Carmen,SITUADO DE YSLA DEL CARMEN,MONTO,True,53105.0,53105.0,False
PRESIDIO DEL CARMEN,New Spain,1805,out,Isla del Carmen,SITUADO DE YSLA DEL CARMEN,MONTO,True,47154.0,47154.0,False
PRESIDIO DEL CARMEN,New Spain,1805,in,Isla del Carmen,SITUADO DE YSLA DEL CARMEN,MONTO,True,47154.0,47154.0,False
PRESIDIO DEL CARMEN,New Spain,1815,out,Isla del Carmen,SITUADO DE YSLA DEL CARMEN,MONTO,True,40732.0,40732.0,False
PRESIDIO DEL CARMEN,New Spain,1815,in,Isla del Carmen,SITUADO DE YSLA DEL CARMEN,MONTO,True,340.0,340.0,False
PRESIDIO DEL CARMEN,New Spain,1816,out,Isla del Carmen,SITUADO DE YSLA DEL CARMEN,MONTO,True,57662.0,57662.0,False
PRESIDIO DEL CARMEN,New Spain,1816,in,Isla del Carmen,SITUADO DE YSLA DEL CARMEN,MONTO,True,24365.0,24365.0,False
PUEBLA,New Spain,1790,out,unspecified,OTRAS TESORERIAS,MONTO,True,854.0,854.0,False
PUEBLA,New Spain,1790,in,unspecified,OTRAS TESORERIAS,MONTO,True,1456.0,1456.0,False
PUEBLA,New Spain,1791,out,unspecified,OTRAS TESORERIAS,MONTO,True,1375.0,1375.0,False
PUEBLA,New Spain,1791,in,unspecified,OTRAS TESORERIAS,MONTO,True,780.0,780.0,False
PUEBLA,New Spain,1792,out,unspecified,OTRAS TESORERIAS,MONTO,True,4555.0,4555.0,False
PUEBLA,New Spain,1792,in,unspecified,OTRAS TESORERIAS,MONTO,True,4956.0,4956.0,False
PUEBLA,New Spain,1793,out,unspecified,OTRAS TESORERIAS,MONTO,True,28414.0,28414.0,False
PUEBLA,New Spain,1793,in,unspecified,OTRAS TESORERIAS,MONTO,True,30828.0,30828.0,False
PUEBLA,New Spain,1794,out,unspecified,OTRAS TESORERIAS,MONTO,True,2770.0,2770.0,False
PUEBLA,New Spain,1794,in,unspecified,OTRAS TESORERIAS,MONTO,True,13071.0,13071.0,False
PUEBLA,New Spain,1795,out,unspecified,OTRAS TESORERIAS,MONTO,True,24067.0,24067.0,False
PUEBLA,New Spain,1795,in,unspecified,OTRAS TESORERIAS,MONTO,True,67289.0,67289.0,False
PUEBLA,New Spain,1796,out,unspecified,OTRAS TESORERIAS,MONTO,True,13041.0,13041.0,False
PUEBLA,New Spain,1796,in,unspecified,OTRAS TESORERIAS,MONTO,True,37754.0,37754.0,False
PUEBLA,New Spain,1797,out,unspecified,OTRAS TESORERIAS,MONTO,True,490568.0,490568.0,False
PUEBLA,New Spain,1797,in,unspecified,OTRAS TESORERIAS,MONTO,True,19318.0,19318.0,False
PUEBLA,New Spain,1798,out,unspecified,OTRAS TESORERIAS,MONTO,True,204137.0,204137.0,False
PUEBLA,New Spain,1798,in,unspecified,OTRAS TESORERIAS,MONTO,True,203878.0,203878.0,False
PUEBLA,New Spain,1799,out,unspecified,OTRAS TESORERIAS,MONTO,True,121472.0,121472.0,False
PUEBLA,New Spain,1799,in,unspecified,OTRAS TESORERIAS,MONTO,True,118986.0,118986.0,False
PUEBLA,New Spain,1800,out,unspecified,OTRAS TESORERIAS,MONTO,True,16005.0,16005.0,False
PUEBLA,New Spain,1800,in,unspecified,OTRAS TESORERIAS,MONTO,True,94343.0,94343.0,False
PUEBLA,New Spain,1801,out,unspecified,OTRAS TESORERIAS,MONTO,True,154927.0,154927.0,False
PUEBLA,New Spain,1801,in,unspecified,OTRAS TESORERIAS,MONTO,True,143910.0,143910.0,False
PUEBLA,New Spain,1802,out,unspecified,OTRAS TESORERIAS,MONTO,True,12064.0,12064.0,False
PUEBLA,New Spain,1802,in,unspecified,OTRAS TESORERIAS,MONTO,True,57618.0,57618.0,False
PUEBLA,New Spain,1803,out,unspecified,OTRAS TESORERIAS,MONTO,True,32525.0,32525.0,False
PUEBLA,New Spain,1803,in,unspecified,OTRAS TESORERIAS,MONTO,True,66001.0,66001.0,False
PUEBLA,New Spain,1804,out,unspecified,OTRAS TESORERIAS,MONTO,True,138068.0,138068.0,False
PUEBLA,New Spain,1804,in,unspecified,OTRAS TESORERIAS,MONTO,True,95845.0,95845.0,False
PUEBLA,New Spain,1805,out,unspecified,OTRAS TESORERIAS,MONTO,True,211651.0,211651.0,False
PUEBLA,New Spain,1805,in,unspecified,OTRAS TESORERIAS,MONTO,True,313011.0,313011.0,False
PUEBLA,New Spain,1806,out,unspecified,OTRAS TESORERIAS,MONTO,True,20658.0,20658.0,False
PUEBLA,New Spain,1806,in,unspecified,OTRAS TESORERIAS,MONTO,True,134655.0,134655.0,False
PUEBLA,New Spain,1807,out,unspecified,OTRAS TESORERIAS,MONTO,True,1068518.0,1068518.0,False
PUEBLA,New Spain,1807,in,unspecified,OTRAS TESORERIAS,MONTO,True,1377638.0,1377638.0,False
PUEBLA,New Spain,1816,out,unspecified,OTRAS TESORERIAS,MONTO,True,30647.0,30647.0,False
PUEBLA,New Spain,1816,in,unspecified,OTRAS TESORERIAS,MONTO,True,64096.0,64096.0,False
ROSARIO,New Spain,1770,out,Mexico City,REMITIDO A RL CAJA DE MEXICO,MONTO,True,27304.0,27304.0,False
ROSARIO,New Spain,1771,out,Mexico City,REMITIDO A RL CAJA DE MEXICO,MONTO,True,68497.0,68497.0,False
ROSARIO,New Spain,1771,out,Mexico City,REMITIDO A RL CAJA DE MEXICO,MONTO,True,98729.0,98729.0,False
ROSARIO,New Spain,1773,in,Guadalajara,REMITIDO DE RL CAJA GUADALAJARA,MONTO,True,91995.0,91995.0,False
ROSARIO,New Spain,1774,out,Mexico City,REMITIDO A RL CAJA DE MEXICO,MONTO,True,64905.0,64905.0,False
ROSARIO,New Spain,1775,out,Mexico City,REMITIDO A RL CAJA DE MEXICO,MONTO,True,115564.0,115564.0,False
ROSARIO,New Spain,1775,in,Guadalajara,REMITIDO DE RL CAJA GUADALAJARA,MONTO,True,104493.0,104493.0,False
ROSARIO,New Spain,1776,out,Mexico City,REMITIDO A RL CAJA DE MEXICO,MONTO,True,98397.0,98397.0,False
ROSARIO,New Spain,1776,in,Guadalajara,REMITIDO DE RL CAJA GUADALAJARA,MONTO,True,132992.0,132992.0,False
ROSARIO,New Spain,1777,out,Mexico City,REMITIDO A RL CAJA DE MEXICO,MONTO,True,129323.0,129323.0,False
ROSARIO,New Spain,1777,in,Guadalajara,REMITIDO DE RL CAJA GUADALAJARA,MONTO,True,110000.0,110000.0,False
ROSARIO,New Spain,1778,out,Mexico City,REMITIDO A RL CAJA DE MEXICO,MONTO,True,159606.0,159606.0,False
ROSARIO,New Spain,1778,in,Guadalajara,REMITIDO DE RL CAJA GUADALAJARA,MONTO,True,50000.0,50000.0,False
ROSARIO,New Spain,1779,out,Mexico City,REMITIDO A RL CAJA DE MEXICO,MONTO,True,144678.0,144678.0,False
ROSARIO,New Spain,1779,in,Guadalajara,REMITIDO DE RL CAJA GUADALAJARA,MONTO,True,116000.0,116000.0,False
ROSARIO,New Spain,1780,out,Mexico City,REMITIDO A RL CAJA DE MEXICO,MONTO,True,153134.0,153134.0,False
ROSARIO,New Spain,1780,in,Guadalajara,REMITIDO DE RL CAJA GUADALAJARA,MONTO,True,120000.0,120000.0,False
ROSARIO,New Spain,1781,out,Mexico City,REMITIDO A RL CAJA DE MEXICO,MONTO,True,191432.0,191432.0,False
ROSARIO,New Spain,1781,in,Guadalajara,REMITIDO DE RL CAJA GUADALAJARA,MONTO,True,133000.0,133000.0,False
ROSARIO,New Spain,1782,out,Mexico City,REMITIDO A RL CAJA DE MEXICO,MONTO,True,187036.0,187036.0,False
ROSARIO,New Spain,1782,in,Guadalajara,REMITIDO DE RL CAJA GUADALAJARA,MONTO,True,162578.0,162578.0,False
ROSARIO,New Spain,1783,out,Mexico City,REMITIDO A RL CAJA DE MEXICO,MONTO,True,195317.0,195317.0,False
ROSARIO,New Spain,1784,out,Mexico City,REMITIDO A RL CAJA DE MEXICO,MONTO,True,274404.0,274404.0,False
ROSARIO,New Spain,1785,out,Mexico City,REMITIDO A RL CAJA DE MEXICO,MONTO,True,397392.0,397392.0,False
ROSARIO,New Spain,1785,in,Guadalajara,REMITIDO DE RL CAJA GUADALAJARA,MONTO,True,88198.0,88198.0,False
ROSARIO,New Spain,1786,out,unspecified,OTRAS TESORERIAS,MONTO,True,189630.0,189630.0,False
ROSARIO,New Spain,1787,out,unspecified,OTRAS TESORERIAS,MONTO,True,170318.0,170318.0,False
ROSARIO,New Spain,1788,out,Mexico City,REMITIDO A RL CAJA DE MEXICO,MONTO,True,398306.0,398306.0,False
ROSARIO,New Spain,1788,in,Guadalajara,REMITIDO DE RL CAJA GUADALAJARA,MONTO,True,150000.0,150000.0,False
ROSARIO,New Spain,1789,out,Mexico City,REMITIDO A RL CAJA DE MEXICO,MONTO,True,387832.0,387832.0,False
ROSARIO,New Spain,1790,out,Mexico City,REMITIDO A RL CAJA DE MEXICO,MONTO,True,432115.0,432115.0,False
ROSARIO,New Spain,1790,in,Guadalajara,REMITIDO DE RL CAJA GUADALAJARA,MONTO,True,271839.0,271839.0,False
ROSARIO,New Spain,1791,out,Guadalajara,REMITIDO A GUADALAJARA,MONTO,True,183.0,183.0,False
ROSARIO,New Spain,1791,out,Mexico City,REMITIDO A RL CAJA DE MEXICO,MONTO,True,463946.0,463946.0,False
ROSARIO,New Spain,1791,in,Guadalajara,REMITIDO DE RL CAJA GUADALAJARA,MONTO,True,30000.0,30000.0,False
ROSARIO,New Spain,1792,out,Guadalajara,REMITIDO A GUADALAJARA,MONTO,True,15.0,15.0,False
ROSARIO,New Spain,1792,out,Mexico City,REMITIDO A RL CAJA DE MEXICO,MONTO,True,446800.0,446800.0,False
ROSARIO,New Spain,1792,in,Guadalajara,REMITIDO DE RL CAJA GUADALAJARA,MONTO,True,29834.0,29834.0,False
ROSARIO,New Spain,1793,out,Mexico City,REMITIDO A RL CAJA DE MEXICO,MONTO,True,457797.0,457797.0,False
ROSARIO,New Spain,1793,in,Guadalajara,REMITIDO DE RL CAJA GUADALAJARA,MONTO,True,300523.0,300523.0,False
ROSARIO,New Spain,1795,out,Mexico City,REMITIDO A RL CAJA DE MEXICO,MONTO,True,442444.0,442444.0,False
ROSARIO,New Spain,1795,in,Guadalajara,REMITIDO DE RL CAJA GUADALAJARA,MONTO,True,171000.0,171000.0,False
ROSARIO,New Spain,1796,out,unspecified,OTRAS TESORERIAS,MONTO,True,723570.0,723570.0,False
ROSARIO,New Spain,1796,in,unspecified,OTRAS TESORERIAS,MONTO,True,427902.0,427902.0,False
ROSARIO,New Spain,1797,out,unspecified,OTRAS TESORERIAS,MONTO,True,538875.0,538875.0,False
ROSARIO,New Spain,1797,in,unspecified,OTRAS TESORERIAS,MONTO,True,246231.0,246231.0,False
ROSARIO,New Spain,1798,out,unspecified,OTRAS TESORERIAS,MONTO,True,474001.0,474001.0,False
ROSARIO,New Spain,1798,in,unspecified,OTRAS TESORERIAS,MONTO,True,270072.0,270072.0,False
ROSARIO,New Spain,1799,out,unspecified,OTRAS TESORERIAS,MONTO,True,868615.0,868615.0,False
ROSARIO,New Spain,1800,out,unspecified,OTRAS TESORERIAS,MONTO,True,140857.0,140857.0,False
ROSARIO,New Spain,1800,in,unspecified,OTRAS TESORERIAS,MONTO,True,173417.0,173417.0,False
ROSARIO,New Spain,1801,out,unspecified,OTRAS TESORERIAS,MONTO,True,466946.0,466946.0,False
ROSARIO,New Spain,1801,in,unspecified,OTRAS TESORERIAS,MONTO,True,201118.0,201118.0,False
ROSARIO,New Spain,1802,out,Guadalajara,REMITIDO A RL CAJA DE GUADALAJARA,MONTO,True,40249.0,40249.0,False
ROSARIO,New Spain,1802,out,Mexico City,REMITIDO A RL CAJA DE MEXICO,MONTO,True,283264.0,283264.0,False
ROSARIO,New Spain,1802,in,Guadalajara,REMITIDO DE RL CAJA GUADALAJARA,MONTO,True,110324.0,110324.0,False
ROSARIO,New Spain,1803,out,Guadalajara,REMITIDO A RL CAJA DE GUADALAJARA,MONTO,True,97986.0,97986.0,False
ROSARIO,New Spain,1803,out,Mexico City,REMITIDO A RL CAJA DE MEXICO,MONTO,True,733939.0,733939.0,False
ROSARIO,New Spain,1803,in,Guadalajara,REMITIDO DE RL CAJA GUADALAJARA,MONTO,True,70786.0,70786.0,False
ROSARIO,New Spain,1804,out,Guadalajara,REMITIDO A RL CAJA DE GUADALAJARA,MONTO,True,19443.0,19443.0,False
ROSARIO,New Spain,1804,out,Mexico City,REMITIDO A RL CAJA DE MEXICO,MONTO,True,419441.0,419441.0,False
ROSARIO,New Spain,1805,out,Guadalajara,REMITIDO A RL CAJA DE GUADALAJARA,MONTO,True,529.0,529.0,False
ROSARIO,New Spain,1805,out,Mexico City,REMITIDO A RL CAJA DE MEXICO,MONTO,True,291890.0,291890.0,False
ROSARIO,New Spain,1805,in,Guadalajara,REMITIDO DE RL CAJA GUADALAJARA,MONTO,True,529.0,529.0,False
ROSARIO,New Spain,1807,out,Mexico City,REMITIDO A RL CAJA DE MEXICO,MONTO,True,249495.0,249495.0,False
ROSARIO,New Spain,1807,in,Durango,REMITIDO DE RL CAJA DE DURANGO,MONTO,True,196.0,196.0,False
ROSARIO,New Spain,1807,in,Mexico City,REMITIDO DE RL CAJA DE MEXICO,MONTO,True,508.0,508.0,False
ROSARIO,New Spain,1808,out,Durango,REMITIDO A DURANGO,MONTO,True,90000.0,90000.0,False
ROSARIO,New Spain,1808,out,Guadalajara,REMITIDO A RL CAJA DE GUADALAJARA,MONTO,True,15.0,15.0,False
ROSARIO,New Spain,1808,out,Mexico City,REMITIDO A RL CAJA DE MEXICO,MONTO,True,444730.0,444730.0,False
ROSARIO,New Spain,1808,in,Guadalajara,REMITIDO DE RL CAJA GUADALAJARA,MONTO,True,49.0,49.0,False
ROSARIO,New Spain,1809,out,Mexico City,REMITIDO A RL CAJA DE MEXICO,MONTO,True,351411.0,351411.0,False
ROSARIO,New Spain,1813,out,Durango,REMITIDO A DURANGO,MONTO,True,70828.0,70828.0,False
ROSARIO,New Spain,1813,in,Durango,REMITIDO DE RL CAJA DE DURANGO,MONTO,True,95289.0,95289.0,False
ROSARIO,New Spain,1813,in,Guadalajara,REMITIDO DE RL CAJA GUADALAJARA,MONTO,True,4836.0,4836.0,False
SALTILLO,New Spain,1794,out,Internal presidios,SITUADO DE PRESIDIOS INTERNOS,MONTO,True,366344.0,366344.0,False
SALTILLO,New Spain,1794,in,unspecified,OTRAS TESORERIAS,MONTO,True,180000.0,180000.0,False
SALTILLO,New Spain,1794,in,unspecified,REMISIBLE A OTRAS TESORERIAS,MONTO,True,250.0,250.0,False
SALTILLO,New Spain,1794,in,Internal presidios,SITUADO DE PRESIDIOS INTERNOS,MONTO,True,289.0,289.0,False
SALTILLO,New Spain,1795,out,unspecified,REMISIBLE A OTRAS TESORERIAS,MONTO,True,250.0,250.0,False
SALTILLO,New Spain,1795,out,Internal presidios,SITUADO DE PRESIDIOS INTERNOS,MONTO,True,366241.0,366241.0,False
SALTILLO,New Spain,1795,in,unspecified,OTRAS TESORERIAS,MONTO,True,103109.0,103109.0,False
SALTILLO,New Spain,1795,in,unspecified,REMISIBLE A OTRAS TESORERIAS,MONTO,True,500.0,500.0,False
SALTILLO,New Spain,1796,out,unspecified,REMISIBLE A OTRAS TESORERIAS,MONTO,True,820.0,820.0,False
SALTILLO,New Spain,1796,out,Internal presidios,SITUADO DE PRESIDIOS INTERNOS,MONTO,True,381176.0,381176.0,False
SALTILLO,New Spain,1796,in,unspecified,OTRAS TESORERIAS,MONTO,True,133691.0,133691.0,False
SALTILLO,New Spain,1796,in,unspecified,REMISIBLE A OTRAS TESORERIAS,MONTO,True,200.0,200.0,False
SALTILLO,New Spain,1797,out,unspecified,OTRAS TESORERIAS,MONTO,True,9800.0,9800.0,False
SALTILLO,New Spain,1797,out,Internal presidios,SITUADO DE PRESIDIOS INTERNOS,MONTO,True,356681.0,356681.0,False
SALTILLO,New Spain,1797,in,unspecified,OTRAS TESORERIAS,MONTO,True,169064.0,169064.0,False
SALTILLO,New Spain,1797,in,Internal presidios,SITUADO DE PRESIDIOS INTERNOS,MONTO,True,363.0,363.0,False
SALTILLO,New Spain,1798,out,unspecified,OTRAS TESORERIAS,MONTO,True,6915.0,6915.0,False
SALTILLO,New Spain,1798,out,Internal presidios,SITUADO DE PRESIDIOS INTERNOS,MONTO,True,347298.0,347298.0,False
SALTILLO,New Spain,1798,in,unspecified,OTRAS TESORERIAS,MONTO,True,75451.0,75451.0,False
SALTILLO,New Spain,1799,out,unspecified,REMISIBLE A OTRAS TESORERIAS,MONTO,True,215.0,215.0,False
SALTILLO,New Spain,1799,out,Internal presidios,SITUADO DE PRESIDIOS INTERNOS,MONTO,True,358614.0,358614.0,False
SALTILLO,New Spain,1799,in,unspecified,OTRAS TESORERIAS,MONTO,True,99375.0,99375.0,False
SALTILLO,New Spain,1799,in,unspecified,REMISIBLE A OTRAS TESORERIAS,MONTO,True,215.0,215.0,False
SALTILLO,New Spain,1800,out,Internal presidios,SITUADO DE PRESIDIOS INTERNOS,MONTO,True,346123.0,346123.0,False
SALTILLO,New Spain,1800,in,unspecified,OTRAS TESORERIAS,MONTO,True,167564.0,167564.0,False
SALTILLO,New Spain,1800,in,Internal presidios,SITUADO DE PRESIDIOS INTERNOS,MONTO,True,107.0,107.0,False
SALTILLO,New Spain,1801,in,unspecified,OTRAS TESORERIAS,MONTO,True,113593.0,113593.0,False
SALTILLO,New Spain,1802,out,unspecified,OTRAS TESORERIAS,MONTO,True,3271.0,3271.0,False
SALTILLO,New Spain,1802,in,unspecified,OTRAS TESORERIAS,MONTO,True,163338.0,163338.0,False
SALTILLO,New Spain,1803,out,unspecified,OTRAS TESORERIAS,MONTO,True,404.0,404.0,False
SALTILLO,New Spain,1803,in,unspecified,OTRAS TESORERIAS,MONTO,True,108328.0,108328.0,False
SALTILLO,New Spain,1804,out,unspecified,OTRAS TESORERIAS,MONTO,True,137260.0,137260.0,False
SALTILLO,New Spain,1804,in,unspecified,OTRAS TESORERIAS,MONTO,True,126040.0,126040.0,False
SALTILLO,New Spain,1805,out,unspecified,OTRAS TESORERIAS,MONTO,True,80475.0,80475.0,False
SALTILLO,New Spain,1805,in,unspecified,OTRAS TESORERIAS,MONTO,True,161761.0,161761.0,False
SALTILLO,New Spain,1806,out,unspecified,OTRAS TESORERIAS,MONTO,True,53311.0,53311.0,False
SALTILLO,New Spain,1806,in,unspecified,OTRAS TESORERIAS,MONTO,True,287959.0,287959.0,False
SALTILLO,New Spain,1806,in,unspecified,REMISIBLE A OTRAS TESORERIAS,MONTO,True,152.0,152.0,False
SALTILLO,New Spain,1807,out,unspecified,OTRAS TESORERIAS,MONTO,True,13673.0,13673.0,False
SALTILLO,New Spain,1807,in,unspecified,OTRAS TESORERIAS,MONTO,True,389377.0,389377.0,False
SALTILLO,New Spain,1807,in,unspecified,REMISIBLE A OTRAS TESORERIAS,MONTO,True,40.0,40.0,False
SALTILLO,New Spain,1808,out,unspecified,OTRAS TESORERIAS,MONTO,True,1919.0,1919.0,False
SALTILLO,New Spain,1808,out,unspecified,REMISIBLE A OTRAS TESORERIAS,MONTO,True,40.0,40.0,False
SALTILLO,New Spain,1808,in,unspecified,OTRAS TESORERIAS,MONTO,True,182777.0,182777.0,False
SALTILLO,New Spain,1809,out,unspecified,OTRAS TESORERIAS,MONTO,True,499.0,499.0,False
SALTILLO,New Spain,1809,in,unspecified,OTRAS TESORERIAS,MONTO,True,301642.0,301642.0,False
SALTILLO,New Spain,1810,out,unspecified,OTRAS TESORERIAS,MONTO,True,219925.0,219925.0,False
SALTILLO,New Spain,1810,in,unspecified,OTRAS TESORERIAS,MONTO,True,119310.0,119310.0,False
SALTILLO,New Spain,1811,in,unspecified,OTRAS TESORERIAS,MONTO,True,16471.0,16471.0,False
SALTILLO,New Spain,1813,in,unspecified,OTRAS TESORERIAS,MONTO,True,209780.0,209780.0,False
SALTILLO,New Spain,1813,out,unspecified,OTRAS TESORERIAS,MONTO,True,9963.0,9963.0,False
SALTILLO,New Spain,1816,in,unspecified,OTRAS TESORERIAS,MONTO,True,137983.0,137983.0,False
SANLUISPOTOSI,New Spain,1528,out,Mexico City,REMITIDO A RL CAJA DE MEXICO,MONTO,True,153774.0,153774.0,False
SANLUISPOTOSI,New Spain,1630,out,Mexico City,REMITIDO A RL CAJA DE MEXICO,MONTO,True,61590.0,61590.0,False
SANLUISPOTOSI,New Spain,1630,out,Mexico City,REMITIDO A RL CAJA DE MEXICO,MONTO,True,162327.0,162327.0,False
SANLUISPOTOSI,New Spain,1631,out,Mexico City,REMITIDO A RL CAJA DE MEXICO,MONTO,True,115307.0,115307.0,False
SANLUISPOTOSI,New Spain,1632,out,Mexico City,REMITIDO A RL CAJA DE MEXICO,MONTO,True,148488.0,148488.0,False
SANLUISPOTOSI,New Spain,1633,out,Mexico City,REMITIDO A RL CAJA DE MEXICO,MONTO,True,160824.0,160824.0,False
SANLUISPOTOSI,New Spain,1634,out,Mexico City,REMITIDO A RL CAJA DE MEXICO,MONTO,True,137411.0,137411.0,False
SANLUISPOTOSI,New Spain,1635,out,Mexico City,REMITIDO A RL CAJA DE MEXICO,MONTO,True,53232.0,53232.0,False
SANLUISPOTOSI,New Spain,1636,out,Mexico City,REMITIDO A MEXICO DE MEDIA ANATA,MONTO,True,878.0,878.0,False
SANLUISPOTOSI,New Spain,1636,out,Mexico City,REMITIDO A RL CAJA DE MEXICO,MONTO,True,72880.0,72880.0,False
SANLUISPOTOSI,New Spain,1639,out,Mexico City,REMITIDO A MEXICO DE MEDIA ANATA,MONTO,True,961.0,961.0,False
SANLUISPOTOSI,New Spain,1639,out,Mexico City,REMITIDO A RL CAJA DE MEXICO,MONTO,True,151689.0,151689.0,False
SANLUISPOTOSI,New Spain,1640,out,Mexico City,REMITIDO A MEXICO DE MEDIA ANATA,MONTO,True,137.0,137.0,False
SANLUISPOTOSI,New Spain,1640,out,Mexico City,REMITIDO A RL CAJA DE MEXICO,MONTO,True,92837.0,92837.0,False
SANLUISPOTOSI,New Spain,1641,out,Mexico City,REMITIDO A MEXICO DE MEDIA ANATA,MONTO,True,138.0,138.0,False
SANLUISPOTOSI,New Spain,1641,out,Mexico City,REMITIDO A RL CAJA DE MEXICO,MONTO,True,99576.0,99576.0,False
SANLUISPOTOSI,New Spain,1642,out,Mexico City,REMITIDO A RL CAJA DE MEXICO,MONTO,True,49611.0,49611.0,False
SANLUISPOTOSI,New Spain,1643,out,Mexico City,REMITIDO A MEXICO DE MEDIA ANATA,MONTO,True,281.0,281.0,False
SANLUISPOTOSI,New Spain,1643,out,Mexico City,REMITIDO A RL CAJA DE MEXICO,MONTO,True,99946.0,99946.0,False
SANLUISPOTOSI,New Spain,1644,out,Mexico City,REMITIDO A MEXICO DE MEDIA ANATA,MONTO,True,225.0,225.0,False
SANLUISPOTOSI,New Spain,1644,out,Mexico City,REMITIDO A RL CAJA DE MEXICO,MONTO,True,98766.0,98766.0,False
SANLUISPOTOSI,New Spain,1644,out,Mexico City,REMITIDO A MEXICO DE MEDIA ANATA,MONTO,True,1483.0,1483.0,False
SANLUISPOTOSI,New Spain,1644,out,Mexico City,REMITIDO A RL CAJA DE MEXICO,MONTO,True,126960.0,126960.0,False
SANLUISPOTOSI,New Spain,1646,out,Mexico City,REMITIDO A MEXICO DE MEDIA ANATA,MONTO,True,1009.0,1009.0,False
SANLUISPOTOSI,New Spain,1646,out,Mexico City,REMITIDO A MEXICO MEDIA ANATA NUE,MONTO,True,263.0,263.0,False
SANLUISPOTOSI,New Spain,1646,out,Mexico City,REMITIDO A MEXICO PAPEL SELLADO,MONTO,True,742.0,742.0,False
SANLUISPOTOSI,New Spain,1646,out,Mexico City,REMITIDO A RL CAJA DE MEXICO,MONTO,True,56531.0,56531.0,False
SANLUISPOTOSI,New Spain,1647,out,Mexico City,REMITIDO A RL CAJA DE MEXICO,MONTO,True,130547.0,130547.0,False
SANLUISPOTOSI,New Spain,1647,out,Mexico City,REMITIDO A RL CAJA DE MEXICO,MONTO,True,46337.0,46337.0,False
SANLUISPOTOSI,New Spain,1648,out,Mexico City,REMITIDO A RL CAJA DE MEXICO,MONTO,True,19061.0,19061.0,False
SANLUISPOTOSI,New Spain,1648,out,Mexico City,REMITIDO A RL CAJA DE MEXICO,MONTO,True,59891.0,59891.0,False
SANLUISPOTOSI,New Spain,1649,out,Mexico City,REMITIDO A RL CAJA DE MEXICO,MONTO,True,59706.0,59706.0,False
SANLUISPOTOSI,New Spain,1650,out,Mexico City,REMITIDO A RL CAJA DE MEXICO,MONTO,True,62816.0,62816.0,False
SANLUISPOTOSI,New Spain,1653,out,Mexico City,REMITIDO A RL CAJA DE MEXICO,MONTO,True,32834.0,32834.0,False
SANLUISPOTOSI,New Spain,1654,out,Mexico City,REMITIDO A RL CAJA DE MEXICO,MONTO,True,91427.0,91427.0,False
SANLUISPOTOSI,New Spain,1655,out,Mexico City,REMITIDO A MEXICO DE MEDIA ANATA,MONTO,True,116.0,116.0,False
SANLUISPOTOSI,New Spain,1655,out,Mexico City,REMITIDO A RL CAJA DE MEXICO,MONTO,True,91459.0,91459.0,False
SANLUISPOTOSI,New Spain,1656,out,Mexico City,REMITIDO A RL CAJA DE MEXICO,MONTO,True,63959.0,63959.0,False
SANLUISPOTOSI,New Spain,1657,out,Mexico City,REMITIDO A RL CAJA DE MEXICO,MONTO,True,81474.0,81474.0,False
SANLUISPOTOSI,New Spain,1658,out,Mexico City,REMITIDO A RL CAJA DE MEXICO,MONTO,True,53530.0,53530.0,False
SANLUISPOTOSI,New Spain,1659,out,Mexico City,REMITIDO A RL CAJA DE MEXICO,MONTO,True,33544.0,33544.0,False
SANLUISPOTOSI,New Spain,1660,out,Mexico City,REMITIDO A RL CAJA DE MEXICO,MONTO,True,64153.0,64153.0,False
SANLUISPOTOSI,New Spain,1661,out,Mexico City,REMITIDO A RL CAJA DE MEXICO,MONTO,True,34980.0,34980.0,False
SANLUISPOTOSI,New Spain,1662,out,Mexico City,REMITIDO A RL CAJA DE MEXICO,MONTO,True,36121.0,36121.0,False
SANLUISPOTOSI,New Spain,1663,out,Mexico City,REMITIDO A RL CAJA DE MEXICO,MONTO,True,142736.0,142736.0,False
SANLUISPOTOSI,New Spain,1665,out,Mexico City,REMITIDO A RL CAJA DE MEXICO,MONTO,True,59298.0,59298.0,False
SANLUISPOTOSI,New Spain,1666,out,Mexico City,REMITIDO A RL CAJA DE MEXICO,MONTO,True,84250.0,84250.0,False
SANLUISPOTOSI,New Spain,1667,out,Mexico City,REMITIDO A RL CAJA DE MEXICO,MONTO,True,67181.0,67181.0,False
SANLUISPOTOSI,New Spain,1668,out,Mexico City,REMITIDO A RL CAJA DE MEXICO,MONTO,True,60645.0,60645.0,False
SANLUISPOTOSI,New Spain,1669,out,Mexico City,REMITIDO A RL CAJA DE MEXICO,MONTO,True,81880.0,81880.0,False
SANLUISPOTOSI,New Spain,1671,out,Mexico City,REMITIDO A RL CAJA DE MEXICO,MONTO,True,47105.0,47105.0,False
SANLUISPOTOSI,New Spain,1671,out,Mexico City,REMITIDO A RL CAJA DE MEXICO,MONTO,True,91814.0,91814.0,False
SANLUISPOTOSI,New Spain,1672,out,Mexico City,REMITIDO A RL CAJA DE MEXICO,MONTO,True,83189.0,83189.0,False
SANLUISPOTOSI,New Spain,1674,out,Mexico City,REMITIDO A RL CAJA DE MEXICO,MONTO,True,41169.0,41169.0,False
SANLUISPOTOSI,New Spain,1677,out,Mexico City,REMITIDO A RL CAJA DE MEXICO,MONTO,True,164279.0,164279.0,False
SANLUISPOTOSI,New Spain,1678,out,Mexico City,REMITIDO A RL CAJA DE MEXICO,MONTO,True,75341.0,75341.0,False
SANLUISPOTOSI,New Spain,1679,out,Mexico City,REMITIDO A RL CAJA DE MEXICO,MONTO,True,158860.0,158860.0,False
SANLUISPOTOSI,New Spain,1682,out,Mexico City,REMITIDO A RL CAJA DE MEXICO,MONTO,True,171379.0,171379.0,False
SANLUISPOTOSI,New Spain,1683,out,Mexico City,REMITIDO A RL CAJA DE MEXICO,MONTO,True,86818.0,86818.0,False
SANLUISPOTOSI,New Spain,1684,out,Mexico City,REMITIDO A RL CAJA DE MEXICO,MONTO,True,24078.0,24078.0,False
SANLUISPOTOSI,New Spain,1685,out,Mexico City,REMITIDO A RL CAJA DE MEXICO,MONTO,True,72073.0,72073.0,False
SANLUISPOTOSI,New Spain,1686,out,Mexico City,REMITIDO A RL CAJA DE MEXICO,MONTO,True,24202.0,24202.0,False
SANLUISPOTOSI,New Spain,1687,out,Mexico City,REMITIDO A RL CAJA DE MEXICO,MONTO,True,121168.0,121168.0,False
SANLUISPOTOSI,New Spain,1688,out,Mexico City,REMITIDO A RL CAJA DE MEXICO,MONTO,True,68763.0,68763.0,False
SANLUISPOTOSI,New Spain,1690,out,Mexico City,REMITIDO A RL CAJA DE MEXICO,MONTO,True,61959.0,61959.0,False
SANLUISPOTOSI,New Spain,1690,out,Mexico City,REMITIDO A RL CAJA DE MEXICO,MONTO,True,76929.0,76929.0,False
SANLUISPOTOSI,New Spain,1692,out,Mexico City,REMITIDO A RL CAJA DE MEXICO,MONTO,True,89489.0,89489.0,False
SANLUISPOTOSI,New Spain,1693,out,Mexico City,REMITIDO A RL CAJA DE MEXICO,MONTO,True,223377.0,223377.0,False
SANLUISPOTOSI,New Spain,1696,out,Mexico City,REMITIDO A RL CAJA DE MEXICO,MONTO,True,65419.0,65419.0,False
SANLUISPOTOSI,New Spain,1697,out,Mexico City,REMITIDO A RL CAJA DE MEXICO,MONTO,True,32343.0,32343.0,False
SANLUISPOTOSI,New Spain,1698,out,Mexico City,REMITIDO A RL CAJA DE MEXICO,MONTO,True,162947.0,162947.0,False
SANLUISPOTOSI,New Spain,1700,out,Mexico City,REMITIDO A RL CAJA DE MEXICO,MONTO,True,101084.0,101084.0,False
SANLUISPOTOSI,New Spain,1706,out,Mexico City,REMITIDO A RL CAJA DE MEXICO,MONTO,True,299139.0,299139.0,False
SANLUISPOTOSI,New Spain,1712,out,Mexico City,REMITIDO A RL CAJA DE MEXICO,MONTO,True,52147.0,52147.0,False
SANLUISPOTOSI,New Spain,1713,out,Mexico City,REMITIDO A RL CAJA DE MEXICO,MONTO,True,50025.0,50025.0,False
SANLUISPOTOSI,New Spain,1714,out,Mexico City,REMITIDO A RL CAJA DE MEXICO,MONTO,True,32540.0,32540.0,False
SANLUISPOTOSI,New Spain,1715,out,Mexico City,REMITIDO A RL CAJA DE MEXICO,MONTO,True,68930.0,68930.0,False
SANLUISPOTOSI,New Spain,1716,out,Mexico City,REMITIDO A RL CAJA DE MEXICO,MONTO,True,27530.0,27530.0,False
SANLUISPOTOSI,New Spain,1717,out,Mexico City,REMITIDO A RL CAJA DE MEXICO,MONTO,True,58923.0,58923.0,False
SANLUISPOTOSI,New Spain,1718,out,Mexico City,REMITIDO A RL CAJA DE MEXICO,MONTO,True,38621.0,38621.0,False
SANLUISPOTOSI,New Spain,1719,out,Mexico City,REMITIDO A RL CAJA DE MEXICO,MONTO,True,35834.0,35834.0,False
SANLUISPOTOSI,New Spain,1720,out,Mexico City,REMITIDO A RL CAJA DE MEXICO,MONTO,True,53730.0,53730.0,False
SANLUISPOTOSI,New Spain,1721,out,Mexico City,REMITIDO A RL CAJA DE MEXICO,MONTO,True,20207.0,20207.0,False
SANLUISPOTOSI,New Spain,1722,out,Mexico City,REMITIDO A RL CAJA DE MEXICO,MONTO,True,37714.0,37714.0,False
SANLUISPOTOSI,New Spain,1723,out,Mexico City,REMITIDO A RL CAJA DE MEXICO,MONTO,True,35145.0,35145.0,False
SANLUISPOTOSI,New Spain,1724,out,Mexico City,REMITIDO A RL CAJA DE MEXICO,MONTO,True,23716.0,23716.0,False
SANLUISPOTOSI,New Spain,1725,out,Mexico City,REMITIDO A RL CAJA DE MEXICO,MONTO,True,20934.0,20934.0,False
SANLUISPOTOSI,New Spain,1726,out,Mexico City,REMITIDO A RL CAJA DE MEXICO,MONTO,True,60397.0,60397.0,False
SANLUISPOTOSI,New Spain,1727,out,Mexico City,REMITIDO A RL CAJA DE MEXICO,MONTO,True,49936.0,49936.0,False
SANLUISPOTOSI,New Spain,1728,out,Mexico City,REMITIDO A RL CAJA DE MEXICO,MONTO,True,50852.0,50852.0,False
SANLUISPOTOSI,New Spain,1729,out,Mexico City,REMITIDO A RL CAJA DE MEXICO,MONTO,True,57924.0,57924.0,False
SANLUISPOTOSI,New Spain,1730,out,Mexico City,REMITIDO A RL CAJA DE MEXICO,MONTO,True,104874.0,104874.0,False
SANLUISPOTOSI,New Spain,1731,out,Mexico City,REMITIDO A RL CAJA DE MEXICO,MONTO,True,53126.0,53126.0,False
SANLUISPOTOSI,New Spain,1733,out,Mexico City,REMITIDO A RL CAJA DE MEXICO,MONTO,True,148905.0,148905.0,False
SANLUISPOTOSI,New Spain,1734,out,Mexico City,REMITIDO A RL CAJA DE MEXICO,MONTO,True,53334.0,53334.0,False
SANLUISPOTOSI,New Spain,1735,out,Mexico City,REMITIDO A RL CAJA DE MEXICO,MONTO,True,82035.0,82035.0,False
SANLUISPOTOSI,New Spain,1736,out,Mexico City,REMITIDO A RL CAJA DE MEXICO,MONTO,True,62992.0,62992.0,False
SANLUISPOTOSI,New Spain,1737,out,Mexico City,REMITIDO A RL CAJA DE MEXICO,MONTO,True,82518.0,82518.0,False
SANLUISPOTOSI,New Spain,1738,out,Mexico City,REMITIDO A RL CAJA DE MEXICO,MONTO,True,69214.0,69214.0,False
SANLUISPOTOSI,New Spain,1739,out,Mexico City,REMITIDO A RL CAJA DE MEXICO,MONTO,True,35383.0,35383.0,False
SANLUISPOTOSI,New Spain,1740,out,Mexico City,REMITIDO A RL CAJA DE MEXICO,MONTO,True,83420.0,83420.0,False
SANLUISPOTOSI,New Spain,1741,out,Mexico City,REMITIDO A RL CAJA DE MEXICO,MONTO,True,37062.0,37062.0,False
SANLUISPOTOSI,New Spain,1742,out,Mexico City,REMITIDO A RL CAJA DE MEXICO,MONTO,True,41670.0,41670.0,False
SANLUISPOTOSI,New Spain,1743,out,Mexico City,REMITIDO A RL CAJA DE MEXICO,MONTO,True,76604.0,76604.0,False
SANLUISPOTOSI,New Spain,1744,out,Mexico City,REMITIDO A RL CAJA DE MEXICO,MONTO,True,39427.0,39427.0,False
SANLUISPOTOSI,New Spain,1745,out,Mexico City,REMITIDO A RL CAJA DE MEXICO,MONTO,True,26713.0,26713.0,False
SANLUISPOTOSI,New Spain,1746,out,Mexico City,REMITIDO A RL CAJA DE MEXICO,MONTO,True,60030.0,60030.0,False
SANLUISPOTOSI,New Spain,1752,out,Mexico City,REMITIDO A RL CAJA DE MEXICO,MONTO,True,56686.0,56686.0,False
SANLUISPOTOSI,New Spain,1753,out,Mexico City,REMITIDO A RL CAJA DE MEXICO,MONTO,True,124673.0,124673.0,False
SANLUISPOTOSI,New Spain,1754,out,Mexico City,REMITIDO A RL CAJA DE MEXICO,MONTO,True,146832.0,146832.0,False
SANLUISPOTOSI,New Spain,1755,out,Mexico City,REMITIDO A RL CAJA DE MEXICO,MONTO,True,181667.0,181667.0,False
SANLUISPOTOSI,New Spain,1756,out,Mexico City,REMITIDO A RL CAJA DE MEXICO,MONTO,True,191862.0,191862.0,False
SANLUISPOTOSI,New Spain,1757,out,Mexico City,REMITIDO A RL CAJA DE MEXICO,MONTO,True,180660.0,180660.0,False
SANLUISPOTOSI,New Spain,1758,out,Mexico City,REMITIDO A RL CAJA DE MEXICO,MONTO,True,188044.0,188044.0,False
SANLUISPOTOSI,New Spain,1759,out,Mexico City,REMITIDO A RL CAJA DE MEXICO,MONTO,True,298618.0,298618.0,False
SANLUISPOTOSI,New Spain,1760,out,Mexico City,REMITIDO A RL CAJA DE MEXICO,MONTO,True,266972.0,266972.0,False
SANLUISPOTOSI,New Spain,1761,out,Mexico City,REMITIDO A RL CAJA DE MEXICO,MONTO,True,133735.0,133735.0,False
SANLUISPOTOSI,New Spain,1762,out,Mexico City,REMITIDO A RL CAJA DE MEXICO,MONTO,True,75406.0,75406.0,False
SANLUISPOTOSI,New Spain,1763,out,Mexico City,REMITIDO A RL CAJA DE MEXICO,MONTO,True,108375.0,108375.0,False
SANLUISPOTOSI,New Spain,1764,out,Mexico City,REMITIDO A RL CAJA DE MEXICO,MONTO,True,112198.0,112198.0,False
SANLUISPOTOSI,New Spain,1766,out,Mexico City,REMITIDO A RL CAJA DE MEXICO,MONTO,True,136854.0,136854.0,False
SANLUISPOTOSI,New Spain,1767,out,Mexico City,REMITIDO A RL CAJA DE MEXICO,MONTO,True,104280.0,104280.0,False
SANLUISPOTOSI,New Spain,1768,out,Mexico City,REMITIDO A RL CAJA DE MEXICO,MONTO,True,159508.0,159508.0,False
SANLUISPOTOSI,New Spain,1769,out,Mexico City,REMITIDO A RL CAJA DE MEXICO,MONTO,True,228388.0,228388.0,False
SANLUISPOTOSI,New Spain,1770,out,Mexico City,REMITIDO A RL CAJA DE MEXICO,MONTO,True,241432.0,241432.0,False
SANLUISPOTOSI,New Spain,1771,out,Mexico City,REMITIDO A RL CAJA DE MEXICO,MONTO,True,283913.0,283913.0,False
SANLUISPOTOSI,New Spain,1772,out,Mexico City,REMITIDO A RL CAJA DE MEXICO,MONTO,True,249578.0,249578.0,False
SANLUISPOTOSI,New Spain,1773,out,Mexico City,REMITIDO A RL CAJA DE MEXICO,MONTO,True,264639.0,264639.0,False
SANLUISPOTOSI,New Spain,1774,out,Mexico City,REMITIDO A RL CAJA DE MEXICO,MONTO,True,190133.0,190133.0,False
SANLUISPOTOSI,New Spain,1775,out,Mexico City,REMITIDO A RL CAJA DE MEXICO,MONTO,True,171483.0,171483.0,False
SANLUISPOTOSI,New Spain,1776,out,Mexico City,REMITIDO A RL CAJA DE MEXICO,MONTO,True,188307.0,188307.0,False
SANLUISPOTOSI,New Spain,1777,out,Mexico City,REMITIDO A RL CAJA DE MEXICO,MONTO,True,222862.0,222862.0,False
SANLUISPOTOSI,New Spain,1778,out,Mexico City,REMITIDO A RL CAJA DE MEXICO,MONTO,True,225700.0,225700.0,False
SANLUISPOTOSI,New Spain,1779,out,Mexico City,REMITIDO A RL CAJA DE MEXICO,MONTO,True,272900.0,272900.0,False
SANLUISPOTOSI,New Spain,1779,out,Mexico City,REMITIDO A RL CAJA DE MEXICO,MONTO,True,324704.0,324704.0,False
SANLUISPOTOSI,New Spain,1781,out,Mexico City,REMITIDO A RL CAJA DE MEXICO,MONTO,True,364612.0,364612.0,False
SANLUISPOTOSI,New Spain,1783,out,Mexico City,REMITIDO A RL CAJA DE MEXICO,MONTO,True,674659.0,674659.0,False
SANLUISPOTOSI,New Spain,1784,out,Mexico City,REMITIDO A RL CAJA DE MEXICO,MONTO,True,565281.0,565281.0,False
SANLUISPOTOSI,New Spain,1785,out,Mexico City,REMITIDO A RL CAJA DE MEXICO,MONTO,True,653289.0,653289.0,False
SANLUISPOTOSI,New Spain,1786,out,unspecified,OTRAS TESORERIAS,MONTO,True,265475.0,265475.0,False
SANLUISPOTOSI,New Spain,1786,in,unspecified,OTRAS TESORERIAS,MONTO,True,265475.0,265475.0,False
SANLUISPOTOSI,New Spain,1786,out,Internal presidios,SITUADO DE PRESIDIOS INTERNOS,MONTO,True,182217.0,182217.0,False
SANLUISPOTOSI,New Spain,1787,out,unspecified,OTRAS TESORERIAS,MONTO,True,462022.0,462022.0,False
SANLUISPOTOSI,New Spain,1787,out,Internal presidios,SITUADO DE PRESIDIOS INTERNOS,MONTO,True,259225.0,259225.0,False
SANLUISPOTOSI,New Spain,1787,in,Internal presidios,SITUADO DE PRESIDIOS INTERNOS,MONTO,True,259225.0,259225.0,False
SANLUISPOTOSI,New Spain,1788,out,unspecified,OTRAS TESORERIAS,MONTO,True,351104.0,351104.0,False
SANLUISPOTOSI,New Spain,1788,out,Internal presidios,SITUADO DE PRESIDIOS INTERNOS,MONTO,True,595289.0,595289.0,False
SANLUISPOTOSI,New Spain,1789,out,unspecified,OTRAS TESORERIAS,MONTO,True,555660.0,555660.0,False
SANLUISPOTOSI,New Spain,1789,out,Internal presidios,SITUADO DE PRESIDIOS INTERNOS,MONTO,True,384028.0,384028.0,False
SANLUISPOTOSI,New Spain,1790,out,unspecified,OTRAS TESORERIAS,MONTO,True,419201.0,419201.0,False
SANLUISPOTOSI,New Spain,1790,out,Internal presidios,SITUADO DE PRESIDIOS INTERNOS,MONTO,True,376008.0,376008.0,False
SANLUISPOTOSI,New Spain,1791,out,unspecified,OTRAS TESORERIAS,MONTO,True,496291.0,496291.0,False
SANLUISPOTOSI,New Spain,1791,out,Internal presidios,SITUADO DE PRESIDIOS INTERNOS,MONTO,True,477940.0,477940.0,False
SANLUISPOTOSI,New Spain,1791,in,unspecified,OTRAS TESORERIAS,MONTO,True,100.0,100.0,False
SANLUISPOTOSI,New Spain,1792,out,unspecified,OTRAS TESORERIAS,MONTO,True,602625.0,602625.0,False
SANLUISPOTOSI,New Spain,1792,out,Internal presidios,SITUADO DE PRESIDIOS INTERNOS,MONTO,True,411428.0,411428.0,False
SANLUISPOTOSI,New Spain,1792,in,unspecified,OTRAS TESORERIAS,MONTO,True,2214.0,2214.0,False
SANLUISPOTOSI,New Spain,1793,out,unspecified,OTRAS TESORERIAS,MONTO,True,673443.0,673443.0,False
SANLUISPOTOSI,New Spain,1793,out,Internal presidios,SITUADO DE PRESIDIOS INTERNOS,MONTO,True,395978.0,395978.0,False
SANLUISPOTOSI,New Spain,1793,in,unspecified,OTRAS TESORERIAS,MONTO,True,2034.0,2034.0,False
SANLUISPOTOSI,New Spain,1794,out,unspecified,OTRAS TESORERIAS,MONTO,True,770874.0,770874.0,False
SANLUISPOTOSI,New Spain,1794,out,Internal presidios,SITUADO DE PRESIDIOS INTERNOS,MONTO,True,24142.0,24142.0,False
SANLUISPOTOSI,New Spain,1794,in,unspecified,OTRAS TESORERIAS,MONTO,True,1699.0,1699.0,False
SANLUISPOTOSI,New Spain,1795,out,unspecified,OTRAS TESORERIAS,MONTO,True,876333.0,876333.0,False
SANLUISPOTOSI,New Spain,1795,out,Internal presidios,SITUADO DE PRESIDIOS INTERNOS,MONTO,True,2407.0,2407.0,False
SANLUISPOTOSI,New Spain,1795,in,unspecified,OTRAS TESORERIAS,MONTO,True,4018.0,4018.0,False
SANLUISPOTOSI,New Spain,1796,out,unspecified,OTRAS TESORERIAS,MONTO,True,1040860.0,1040860.0,False
SANLUISPOTOSI,New Spain,1796,out,Internal presidios,SITUADO DE PRESIDIOS INTERNOS,MONTO,True,1628.0,1628.0,False
SANLUISPOTOSI,New Spain,1796,in,unspecified,OTRAS TESORERIAS,MONTO,True,3621.0,3621.0,False
SANLUISPOTOSI,New Spain,1797,out,unspecified,OTRAS TESORERIAS,MONTO,True,815218.0,815218.0,False
SANLUISPOTOSI,New Spain,1797,out,Internal presidios,SITUADO DE PRESIDIOS INTERNOS,MONTO,True,390.0,390.0,False
SANLUISPOTOSI,New Spain,1798,out,unspecified,OTRAS TESORERIAS,MONTO,True,703053.0,703053.0,False
SANLUISPOTOSI,New Spain,1798,out,Internal presidios,SITUADO DE PRESIDIOS INTERNOS,MONTO,True,1359.0,1359.0,False
SANLUISPOTOSI,New Spain,1799,out,unspecified,OTRAS TESORERIAS,MONTO,True,785869.0,785869.0,False
SANLUISPOTOSI,New Spain,1800,out,unspecified,OTRAS TESORERIAS,MONTO,True,783298.0,783298.0,False
SANLUISPOTOSI,New Spain,1800,out,Internal presidios,SITUADO DE PRESIDIOS INTERNOS,MONTO,True,520.0,520.0,False
SANLUISPOTOSI,New Spain,1801,out,unspecified,OTRAS TESORERIAS,MONTO,True,568481.0,568481.0,False
SANLUISPOTOSI,New Spain,1801,out,Internal presidios,SITUADO DE PRESIDIOS INTERNOS,MONTO,True,240.0,240.0,False
SANLUISPOTOSI,New Spain,1802,out,unspecified,OTRAS TESORERIAS,MONTO,True,609844.0,609844.0,False
SANLUISPOTOSI,New Spain,1802,out,Internal presidios,SITUADO DE PRESIDIOS INTERNOS,MONTO,True,1395.0,1395.0,False
SANLUISPOTOSI,New Spain,1802,in,unspecified,OTRAS TESORERIAS,MONTO,True,1000.0,1000.0,False
SANLUISPOTOSI,New Spain,1802,in,Internal presidios,SITUADO DE PRESIDIOS INTERNOS,MONTO,True,26.0,26.0,False
SANLUISPOTOSI,New Spain,1803,out,unspecified,OTRAS TESORERIAS,MONTO,True,698861.0,698861.0,False
SANLUISPOTOSI,New Spain,1803,out,Internal presidios,SITUADO DE PRESIDIOS INTERNOS,MONTO,True,5.0,5.0,False
SANLUISPOTOSI,New Spain,1803,in,unspecified,OTRAS TESORERIAS,MONTO,True,839.0,839.0,False
SANLUISPOTOSI,New Spain,1804,out,unspecified,OTRAS TESORERIAS,MONTO,True,1036747.0,1036747.0,False
SANLUISPOTOSI,New Spain,1805,out,unspecified,OTRAS TESORERIAS,MONTO,True,759559.0,759559.0,False
SANLUISPOTOSI,New Spain,1805,in,unspecified,OTRAS TESORERIAS,MONTO,True,3875.0,3875.0,False
SANLUISPOTOSI,New Spain,1806,out,unspecified,OTRAS TESORERIAS,MONTO,True,724758.0,724758.0,False
SANLUISPOTOSI,New Spain,1806,out,Internal presidios,SITUADO DE PRESIDIOS INTERNOS,MONTO,True,3420.0,3420.0,False
SANLUISPOTOSI,New Spain,1806,in,unspecified,OTRAS TESORERIAS,MONTO,True,1500.0,1500.0,False
SOMBRERETE,New Spain,1688,out,Mexico City,REMITIDO A RL CAJA DE MEXICO,MONTO,True,83680.0,83680.0,False
SOMBRERETE,New Spain,1689,out,Mexico City,REMITIDO A RL CAJA DE MEXICO,MONTO,True,88611.0,88611.0,False
SOMBRERETE,New Spain,1690,out,Mexico City,REMITIDO A RL CAJA DE MEXICO,MONTO,True,126673.0,126673.0,False
SOMBRERETE,New Spain,1693,out,Mexico City,REMITIDO A RL CAJA DE MEXICO,MONTO,True,48574.0,48574.0,False
SOMBRERETE,New Spain,1699,out,Mexico City,REMITIDO A RL CAJA DE MEXICO,MONTO,True,8890.0,8890.0,False
SOMBRERETE,New Spain,1703,out,Mexico City,REMITIDO A RL CAJA DE MEXICO,MONTO,True,29506.0,29506.0,False
SOMBRERETE,New Spain,1705,out,Mexico City,REMITIDO A RL CAJA DE MEXICO,MONTO,True,32253.0,32253.0,False
SOMBRERETE,New Spain,1707,out,Mexico City,REMITIDO A RL CAJA DE MEXICO,MONTO,True,66815.0,66815.0,False
SOMBRERETE,New Spain,1708,out,Mexico City,REMITIDO A RL CAJA DE MEXICO,MONTO,True,20552.0,20552.0,False
SOMBRERETE,New Spain,1709,out,Mexico City,REMITIDO A RL CAJA DE MEXICO,MONTO,True,8107.0,8107.0,False
SOMBRERETE,New Spain,1710,out,Mexico City,REMITIDO A RL CAJA DE MEXICO,MONTO,True,10415.0,10415.0,False
SOMBRERETE,New Spain,1711,out,Mexico City,REMITIDO A RL CAJA DE MEXICO,MONTO,True,7971.0,7971.0,False
SOMBRERETE,New Spain,1712,out,Mexico City,REMITIDO A RL CAJA DE MEXICO,MONTO,True,21078.0,21078.0,False
SOMBRERETE,New Spain,1713,out,Mexico City,REMITIDO A RL CAJA DE MEXICO,MONTO,True,29847.0,29847.0,False
SOMBRERETE,New Spain,1715,out,Mexico City,REMITIDO A MEXICO DE VALIMIENTOS,MONTO,True,265.0,265.0,False
SOMBRERETE,New Spain,1716,out,Mexico City,REMITIDO A MEXICO DE AZOGUES,MONTO,True,8240.0,8240.0,False
SOMBRERETE,New Spain,1716,out,Mexico City,REMITIDO A RL CAJA DE MEXICO,MONTO,True,2414.0,2414.0,False
SOMBRERETE,New Spain,1717,out,Mexico City,REMITIDO A MEXICO DE ALCABALAS,MONTO,True,6267.0,6267.0,False
SOMBRERETE,New Spain,1717,out,Mexico City,REMITIDO A MEXICO DE AZOGUES,MONTO,True,6101.0,6101.0,False
SOMBRERETE,New Spain,1717,out,Mexico City,REMITIDO A MEXICO DE DESFALCOS,MONTO,True,246.0,246.0,False
SOMBRERETE,New Spain,1717,out,Mexico City,REMITIDO A MEXICO DE MEDIA ANATA,MONTO,True,74.0,74.0,False
SOMBRERETE,New Spain,1717,out,Mexico City,REMITIDO A MEXICO DE SENOREAGE,MONTO,True,35.0,35.0,False
SOMBRERETE,New Spain,1717,out,Mexico City,REMITIDO A MEXICO DE VALIMIENTOS,MONTO,True,147.0,147.0,False
SOMBRERETE,New Spain,1717,out,Mexico City,REMITIDO A MEXICO EXTRAORDINARIO,MONTO,True,142.0,142.0,False
SOMBRERETE,New Spain,1717,out,Mexico City,REMITIDO A MEXICO PAPEL SELLADO,MONTO,True,772.0,772.0,False
SOMBRERETE,New Spain,1718,out,Mexico City,REMITIDO A MEXICO DE AZOGUES,MONTO,True,4122.0,4122.0,False
SOMBRERETE,New Spain,1718,out,Mexico City,REMITIDO A MEXICO DE VALIMIENTOS,MONTO,True,324.0,324.0,False
SOMBRERETE,New Spain,1719,out,Mexico City,REMITIDO A MEXICO DE VALIMIENTOS,MONTO,True,20.0,20.0,False
SOMBRERETE,New Spain,1719,out,Mexico City,REMITIDO A MEXICO PAPEL SELLADO,MONTO,True,147.0,147.0,False
SOMBRERETE,New Spain,1720,out,Mexico City,REMITIDO A MEXICO DE AZOGUES,MONTO,True,496.0,496.0,False
SOMBRERETE,New Spain,1720,out,Mexico City,REMITIDO A MEXICO DE MEDIA ANATA,MONTO,True,40.0,40.0,False
SOMBRERETE,New Spain,1720,out,Mexico City,REMITIDO A MEXICO PAPEL SELLADO,MONTO,True,392.0,392.0,False
SOMBRERETE,New Spain,1721,out,Mexico City,REMITIDO A MEXICO DE AZOGUES,MONTO,True,6245.0,6245.0,False
SOMBRERETE,New Spain,1723,out,Mexico City,REMITIDO A RL CAJA DE MEXICO,MONTO,True,30229.0,30229.0,False
SOMBRERETE,New Spain,1724,out,Mexico City,REMITIDO A RL CAJA DE MEXICO,MONTO,True,8712.0,8712.0,False
SOMBRERETE,New Spain,1725,out,Mexico City,REMITIDO A RL CAJA DE MEXICO,MONTO,True,18610.0,18610.0,False
SOMBRERETE,New Spain,1726,out,Mexico City,REMITIDO A RL CAJA DE MEXICO,MONTO,True,10754.0,10754.0,False
SOMBRERETE,New Spain,1727,out,Mexico City,REMITIDO A RL CAJA DE MEXICO,MONTO,True,19582.0,19582.0,False
SOMBRERETE,New Spain,1728,out,Mexico City,REMITIDO A RL CAJA DE MEXICO,MONTO,True,23366.0,23366.0,False
SOMBRERETE,New Spain,1729,out,Mexico City,REMITIDO A RL CAJA DE MEXICO,MONTO,True,9355.0,9355.0,False
SOMBRERETE,New Spain,1730,out,Mexico City,REMITIDO A RL CAJA DE MEXICO,MONTO,True,13297.0,13297.0,False
SOMBRERETE,New Spain,1731,out,Mexico City,REMITIDO A RL CAJA DE MEXICO,MONTO,True,7303.0,7303.0,False
SOMBRERETE,New Spain,1732,out,Mexico City,REMITIDO A MEXICO DE AZOGUES,MONTO,True,11508.0,11508.0,False
SOMBRERETE,New Spain,1732,out,Mexico City,REMITIDO A MEXICO PAPEL SELLADO,MONTO,True,153.0,153.0,False
SOMBRERETE,New Spain,1732,out,Mexico City,REMITIDO A RL CAJA DE MEXICO,MONTO,True,5382.0,5382.0,False
SOMBRERETE,New Spain,1733,out,Mexico City,REMITIDO A MEXICO PAPEL SELLADO,MONTO,True,528.0,528.0,False
SOMBRERETE,New Spain,1733,out,Mexico City,REMITIDO A RL CAJA DE MEXICO,MONTO,True,73634.0,73634.0,False
SOMBRERETE,New Spain,1734,out,Mexico City,REMITIDO A RL CAJA DE MEXICO,MONTO,True,58074.0,58074.0,False
SOMBRERETE,New Spain,1735,out,Mexico City,REMITIDO A RL CAJA DE MEXICO,MONTO,True,79597.0,79597.0,False
SOMBRERETE,New Spain,1736,out,Mexico City,REMITIDO A RL CAJA DE MEXICO,MONTO,True,93473.0,93473.0,False
SOMBRERETE,New Spain,1737,out,Mexico City,REMITIDO A RL CAJA DE MEXICO,MONTO,True,64437.0,64437.0,False
SOMBRERETE,New Spain,1738,out,Mexico City,REMITIDO A RL CAJA DE MEXICO,MONTO,True,113793.0,113793.0,False
SOMBRERETE,New Spain,1739,out,Mexico City,REMITIDO A RL CAJA DE MEXICO,MONTO,True,66354.0,66354.0,False
SOMBRERETE,New Spain,1740,out,Mexico City,REMITIDO A RL CAJA DE MEXICO,MONTO,True,122981.0,122981.0,False
SOMBRERETE,New Spain,1741,out,Mexico City,REMITIDO A RL CAJA DE MEXICO,MONTO,True,78615.0,78615.0,False
SOMBRERETE,New Spain,1742,out,Mexico City,REMITIDO A RL CAJA DE MEXICO,MONTO,True,111310.0,111310.0,False
SOMBRERETE,New Spain,1743,out,Mexico City,REMITIDO A RL CAJA DE MEXICO,MONTO,True,104289.0,104289.0,False
SOMBRERETE,New Spain,1744,out,Mexico City,REMITIDO A RL CAJA DE MEXICO,MONTO,True,52700.0,52700.0,False
SOMBRERETE,New Spain,1745,out,Mexico City,REMITIDO A RL CAJA DE MEXICO,MONTO,True,121781.0,121781.0,False
SOMBRERETE,New Spain,1746,out,Mexico City,REMITIDO A RL CAJA DE MEXICO,MONTO,True,151372.0,151372.0,False
SOMBRERETE,New Spain,1749,out,Mexico City,REMITIDO A RL CAJA DE MEXICO,MONTO,True,105422.0,105422.0,False
SOMBRERETE,New Spain,1750,out,Mexico City,REMITIDO A RL CAJA DE MEXICO,MONTO,True,59768.0,59768.0,False
SOMBRERETE,New Spain,1753,out,Mexico City,REMITIDO A RL CAJA DE MEXICO,MONTO,True,33907.0,33907.0,False
SOMBRERETE,New Spain,1754,out,Mexico City,REMITIDO A RL CAJA DE MEXICO,MONTO,True,27139.0,27139.0,False
SOMBRERETE,New Spain,1755,out,Mexico City,REMITIDO A RL CAJA DE MEXICO,MONTO,True,17765.0,17765.0,False
SOMBRERETE,New Spain,1756,out,Mexico City,REMITIDO A RL CAJA DE MEXICO,MONTO,True,25998.0,25998.0,False
SOMBRERETE,New Spain,1757,out,Mexico City,REMITIDO A RL CAJA DE MEXICO,MONTO,True,31862.0,31862.0,False
SOMBRERETE,New Spain,1758,out,Mexico City,REMITIDO A RL CAJA DE MEXICO,MONTO,True,19545.0,19545.0,False
SOMBRERETE,New Spain,1759,out,Mexico City,REMITIDO A RL CAJA DE MEXICO,MONTO,True,19287.0,19287.0,False
SOMBRERETE,New Spain,1760,out,Mexico City,REMITIDO A RL CAJA DE MEXICO,MONTO,True,28558.0,28558.0,False
SOMBRERETE,New Spain,1761,out,Mexico City,REMITIDO A RL CAJA DE MEXICO,MONTO,True,10688.0,10688.0,False
SOMBRERETE,New Spain,1762,out,Mexico City,REMITIDO A RL CAJA DE MEXICO,MONTO,True,22931.0,22931.0,False
SOMBRERETE,New Spain,1763,out,Mexico City,REMITIDO A RL CAJA DE MEXICO,MONTO,True,13087.0,13087.0,False
SOMBRERETE,New Spain,1764,out,Mexico City,REMITIDO A RL CAJA DE MEXICO,MONTO,True,13155.0,13155.0,False
SOMBRERETE,New Spain,1765,out,Mexico City,REMITIDO A RL CAJA DE MEXICO,MONTO,True,18845.0,18845.0,False
SOMBRERETE,New Spain,1766,out,Mexico City,REMITIDO A RL CAJA DE MEXICO,MONTO,True,11260.0,11260.0,False
SOMBRERETE,New Spain,1767,out,Mexico City,REMITIDO A RL CAJA DE MEXICO,MONTO,True,18336.0,18336.0,False
SOMBRERETE,New Spain,1768,out,Mexico City,REMITIDO A RL CAJA DE MEXICO,MONTO,True,22872.0,22872.0,False
SOMBRERETE,New Spain,1769,out,Mexico City,REMITIDO A RL CAJA DE MEXICO,MONTO,True,21296.0,21296.0,False
SOMBRERETE,New Spain,1770,out,Mexico City,REMITIDO A RL CAJA DE MEXICO,MONTO,True,25039.0,25039.0,False
SOMBRERETE,New Spain,1771,out,Mexico City,REMITIDO A RL CAJA DE MEXICO,MONTO,True,31911.0,31911.0,False
SOMBRERETE,New Spain,1772,out,Mexico City,REMITIDO A RL CAJA DE MEXICO,MONTO,True,34192.0,34192.0,False
SOMBRERETE,New Spain,1773,out,Mexico City,REMITIDO A RL CAJA DE MEXICO,MONTO,True,37553.0,37553.0,False
SOMBRERETE,New Spain,1774,out,Mexico City,REMITIDO A RL CAJA DE MEXICO,MONTO,True,60124.0,60124.0,False
SOMBRERETE,New Spain,1775,out,Mexico City,REMITIDO A RL CAJA DE MEXICO,MONTO,True,53466.0,53466.0,False
SOMBRERETE,New Spain,1776,out,Mexico City,REMITIDO A RL CAJA DE MEXICO,MONTO,True,43387.0,43387.0,False
SOMBRERETE,New Spain,1777,out,Mexico City,REMITIDO A RL CAJA DE MEXICO,MONTO,True,65773.0,65773.0,False
SOMBRERETE,New Spain,1778,out,Mexico City,REMITIDO A RL CAJA DE MEXICO,MONTO,True,74006.0,74006.0,False
SOMBRERETE,New Spain,1779,out,Mexico City,REMITIDO A RL CAJA DE MEXICO,MONTO,True,82724.0,82724.0,False
SOMBRERETE,New Spain,1780,out,Mexico City,REMITIDO A RL CAJA DE MEXICO,MONTO,True,77369.0,77369.0,False
SOMBRERETE,New Spain,1781,out,Mexico City,REMITIDO A RL CAJA DE MEXICO,MONTO,True,61526.0,61526.0,False
SOMBRERETE,New Spain,1782,out,Mexico City,REMITIDO A RL CAJA DE MEXICO,MONTO,True,47765.0,47765.0,False
SOMBRERETE,New Spain,1783,out,Mexico City,REMITIDO A RL CAJA DE MEXICO,MONTO,True,117446.0,117446.0,False
SOMBRERETE,New Spain,1784,out,Mexico City,REMITIDO A RL CAJA DE MEXICO,MONTO,True,103416.0,103416.0,False
SOMBRERETE,New Spain,1786,out,unspecified,OTRAS TESORERIAS,MONTO,True,102742.0,102742.0,False
SOMBRERETE,New Spain,1787,out,unspecified,OTRAS TESORERIAS,MONTO,True,62320.0,62320.0,False
SOMBRERETE,New Spain,1788,out,unspecified,OTRAS TESORERIAS,MONTO,True,74644.0,74644.0,False
SOMBRERETE,New Spain,1789,out,Mexico City,REMITIDO A RL CAJA DE MEXICO,MONTO,True,95094.0,95094.0,False
SOMBRERETE,New Spain,1790,out,Mexico City,REMITIDO A RL CAJA DE MEXICO,MONTO,True,78515.0,78515.0,False
SOMBRERETE,New Spain,1791,out,Mexico City,REMITIDO A RL CAJA DE MEXICO,MONTO,True,45193.0,45193.0,False
SOMBRERETE,New Spain,1792,out,Mexico City,REMITIDO A RL CAJA DE MEXICO,MONTO,True,365878.0,365878.0,False
SOMBRERETE,New Spain,1792,in,Mexico City,REMITIDO DE RL CAJA DE MEXICO,MONTO,True,181701.0,181701.0,False
SOMBRERETE,New Spain,1793,out,unspecified,OTRAS TESORERIAS,MONTO,True,533738.0,533738.0,False
SOMBRERETE,New Spain,1793,in,unspecified,OTRAS TESORERIAS,MONTO,True,304364.0,304364.0,False
SOMBRERETE,New Spain,1794,out,unspecified,OTRAS TESORERIAS,MONTO,True,291439.0,291439.0,False
SOMBRERETE,New Spain,1794,in,unspecified,OTRAS TESORERIAS,MONTO,True,108613.0,108613.0,False
SOMBRERETE,New Spain,1795,out,unspecified,OTRAS TESORERIAS,MONTO,True,386604.0,386604.0,False
SOMBRERETE,New Spain,1795,in,unspecified,OTRAS TESORERIAS,MONTO,True,237160.0,237160.0,False
SOMBRERETE,New Spain,1796,out,Mexico City,REMITIDO A RL CAJA DE MEXICO,MONTO,True,332963.0,332963.0,False
SOMBRERETE,New Spain,1796,in,Mexico City,REMITIDO DE RL CAJA DE MEXICO,MONTO,True,121860.0,121860.0,False
SOMBRERETE,New Spain,1797,out,Mexico City,REMITIDO A RL CAJA DE MEXICO,MONTO,True,542713.0,542713.0,False
SOMBRERETE,New Spain,1797,in,Mexico City,REMITIDO DE RL CAJA DE MEXICO,MONTO,True,400969.0,400969.0,False
SOMBRERETE,New Spain,1798,out,Mexico City,REMITIDO A RL CAJA DE MEXICO,MONTO,True,470111.0,470111.0,False
SOMBRERETE,New Spain,1798,in,Mexico City,REMITIDO DE RL CAJA DE MEXICO,MONTO,True,241420.0,241420.0,False
SOMBRERETE,New Spain,1799,out,Mexico City,REMITIDO A RL CAJA DE MEXICO,MONTO,True,409595.0,409595.0,False
SOMBRERETE,New Spain,1799,in,Mexico City,REMITIDO DE RL CAJA DE MEXICO,MONTO,True,240179.0,240179.0,False
SOMBRERETE,New Spain,1800,out,unspecified,OTRAS TESORERIAS,MONTO,True,237258.0,237258.0,False
SOMBRERETE,New Spain,1800,in,unspecified,OTRAS TESORERIAS,MONTO,True,96522.0,96522.0,False
SOMBRERETE,New Spain,1801,out,Mexico City,REMITIDO A RL CAJA DE MEXICO,MONTO,True,302079.0,302079.0,False
SOMBRERETE,New Spain,1801,in,Mexico City,REMITIDO DE RL CAJA DE MEXICO,MONTO,True,204999.0,204999.0,False
SOMBRERETE,New Spain,1802,out,unspecified,OTRAS TESORERIAS,MONTO,True,319511.0,319511.0,False
SOMBRERETE,New Spain,1802,in,unspecified,OTRAS TESORERIAS,MONTO,True,171171.0,171171.0,False
SOMBRERETE,New Spain,1803,out,unspecified,OTRAS TESORERIAS,MONTO,True,337845.0,337845.0,False
SOMBRERETE,New Spain,1803,in,unspecified,OTRAS TESORERIAS,MONTO,True,200461.0,200461.0,False
SOMBRERETE,New Spain,1804,out,unspecified,OTRAS TESORERIAS,MONTO,True,373165.0,373165.0,False
SOMBRERETE,New Spain,1804,in,unspecified,OTRAS TESORERIAS,MONTO,True,281641.0,281641.0,False
SOMBRERETE,New Spain,1805,out,unspecified,OTRAS TESORERIAS,MONTO,True,461208.0,461208.0,False
SOMBRERETE,New Spain,1805,in,unspecified,OTRAS TESORERIAS,MONTO,True,324523.0,324523.0,False
SOMBRERETE,New Spain,1806,out,unspecified,OTRAS TESORERIAS,MONTO,True,465267.0,465267.0,False
SOMBRERETE,New Spain,1806,in,unspecified,OTRAS TESORERIAS,MONTO,True,319439.0,319439.0,False
SOMBRERETE,New Spain,1808,out,Mint,REMITIDO A LA CASA DE MONEDA MEX,MONTO,True,359623.0,359623.0,False
SOMBRERETE,New Spain,1808,out,Mexico City,REMITIDO A RL CAJA DE MEXICO,MONTO,True,238124.0,238124.0,False
SOMBRERETE,New Spain,1808,in,unspecified,OTRAS TESORERIAS,MONTO,True,400.0,400.0,False
SOMBRERETE,New Spain,1808,in,Mexico City,REMITIDO DE RL CAJA DE MEXICO,MONTO,True,501487.0,501487.0,False
SOMBRERETE,New Spain,1809,out,Mint,REMITIDO A LA CASA DE MONEDA MEX,MONTO,True,473745.0,473745.0,False
SOMBRERETE,New Spain,1809,out,Mexico City,REMITIDO A RL CAJA DE MEXICO,MONTO,True,254662.0,254662.0,False
SOMBRERETE,New Spain,1809,in,Mexico City,REMITIDO DE RL CAJA DE MEXICO,MONTO,True,402908.0,402908.0,False
SOMBRERETE,New Spain,1811,out,unspecified,OTRAS TESORERIAS,MONTO,True,58573.0,58573.0,False
SOMBRERETE,New Spain,1811,in,Durango,REMITIDO DE RL CAJA DE DURANGO,MONTO,True,140539.0,140539.0,False
SOMBRERETE,New Spain,1812,out,unspecified,OTRAS TESORERIAS,MONTO,True,448675.0,448675.0,False
SOMBRERETE,New Spain,1812,out,Mint,REMITIDO A LA CASA DE MONEDA MEX,MONTO,True,1237783.0,1237783.0,False
SOMBRERETE,New Spain,1812,in,Durango,REMITIDO DE RL CAJA DE DURANGO,MONTO,True,140688.0,140688.0,False
SOMBRERETE,New Spain,1813,out,unspecified,OTRAS TESORERIAS,MONTO,True,45818.0,45818.0,False
SOMBRERETE,New Spain,1814,out,Mexico City,REMITIDO A RL CAJA DE MEXICO,MONTO,True,72708.0,72708.0,False
SOMBRERETE,New Spain,1815,out,unspecified,OTRAS TESORERIAS,MONTO,True,54204.0,54204.0,False
SOMBRERETE,New Spain,1816,out,unspecified,OTRAS TESORERIAS,MONTO,True,222625.0,222625.0,False
SOMBRERETE,New Spain,1816,in,unspecified,OTRAS TESORERIAS,MONTO,True,72303.0,72303.0,False
TABASCO,New Spain,1605,out,Mexico City,REMITIDO A RL CAJA DE MEXICO,MONTO,True,13881.0,13881.0,False
TABASCO,New Spain,1606,out,Veracruz,REMITIDO A MEXICO Y VERACRUZ,MONTO,True,23753.0,23753.0,False
TABASCO,New Spain,1611,out,Veracruz,REMITIDO A MEXICO Y VERACRUZ,MONTO,True,4369.0,4369.0,False
TABASCO,New Spain,1729,out,Veracruz,REMITIDO A RL CAJA DE VERACRUZ,MONTO,True,2566.0,2566.0,False
TABASCO,New Spain,1755,out,Mexico City,REMITIDO A RL CAJA DE MEXICO,MONTO,True,3000.0,3000.0,False
TABASCO,New Spain,1760,out,Mexico City,REMITIDO A RL CAJA DE MEXICO,MONTO,True,5529.0,5529.0,False
TABASCO,New Spain,1764,out,Mexico City,REMITIDO A RL CAJA DE MEXICO,MONTO,True,5761.0,5761.0,False
TABASCO,New Spain,1768,out,Mexico City,REMITIDO A RL CAJA DE MEXICO,MONTO,True,6013.0,6013.0,False
TABASCO,New Spain,1778,out,Mexico City,REMITIDO A RL CAJA DE MEXICO,MONTO,True,2009.0,2009.0,False
TABASCO,New Spain,1782,out,Campeche,REMITIDO A CAMPECHE,MONTO,True,7435.0,7435.0,False
TABASCO,New Spain,1783,out,Campeche,REMITIDO A CAMPECHE,MONTO,True,12139.0,12139.0,False
TABASCO,New Spain,1785,out,Campeche,REMITIDO A CAMPECHE,MONTO,True,2774.0,2774.0,False
TABASCO,New Spain,1786,out,Campeche,REMITIDO A CAMPECHE,MONTO,True,6457.0,6457.0,False
TABASCO,New Spain,1788,out,Campeche,REMITIDO A CAMPECHE,MONTO,True,10446.0,10446.0,False
TABASCO,New Spain,1789,out,Campeche,REMITIDO A CAMPECHE,MONTO,True,8660.0,8660.0,False
TABASCO,New Spain,1790,out,Campeche,REMITIDO A CAMPECHE,MONTO,True,13284.0,13284.0,False
TABASCO,New Spain,1793,out,Campeche,REMITIDO A CAMPECHE,MONTO,True,8041.0,8041.0,False
TABASCO,New Spain,1794,out,Campeche,REMITIDO A CAMPECHE,MONTO,True,8437.0,8437.0,False
TABASCO,New Spain,1795,out,Campeche,REMITIDO A CAMPECHE,MONTO,True,6000.0,6000.0,False
TABASCO,New Spain,1796,out,Campeche,REMITIDO A CAMPECHE,MONTO,True,6379.0,6379.0,False
TABASCO,New Spain,1803,out,unspecified,OTRAS TESORERIAS,MONTO,True,18018.0,18018.0,False
TABASCO,New Spain,1803,in,unspecified,OTRAS TESORERIAS,MONTO,True,41.0,41.0,False
TABASCO,New Spain,1804,out,unspecified,OTRAS TESORERIAS,MONTO,True,8700.0,8700.0,False
TABASCO,New Spain,1806,out,unspecified,OTRAS TESORERIAS,MONTO,True,850.0,850.0,False
VERACRUZ,New Spain,1569,out,Spain,REMITIDO A CASTILLA DE MEXICO,MONTO,True,261407.0,261407.0,False
VERACRUZ,New Spain,1572,out,Spain,REMITIDO A CASTILLA DE VERACRUZ,MONTO,True,151627.0,151627.0,False
VERACRUZ,New Spain,1587,out,Spain,REMITIDO A CASTILLA DE VERACRUZ,MONTO,True,60242.0,60242.0,False
VERACRUZ,New Spain,1587,out,Florida,SITUADO DE FLORIDA,MONTO,True,139427.0,139427.0,False
VERACRUZ,New Spain,1590,out,Spain,REMITIDO A CASTILLA DE VERACRUZ,MONTO,True,116626.0,116626.0,False
VERACRUZ,New Spain,1590,out,Florida,SITUADO DE FLORIDA,MONTO,True,110652.0,110652.0,False
VERACRUZ,New Spain,1591,out,Spain,REMITIDO A CASTILLA DE VERACRUZ,MONTO,True,54880.0,54880.0,False
VERACRUZ,New Spain,1591,out,Florida,SITUADO DE FLORIDA,MONTO,True,53326.0,53326.0,False
VERACRUZ,New Spain,1595,out,Spain,REMITIDO A CASTILLA DE VERACRUZ,MONTO,True,38091.0,38091.0,False
VERACRUZ,New Spain,1595,out,Florida,SITUADO DE FLORIDA,MONTO,True,32857.0,32857.0,False
VERACRUZ,New Spain,1595,out,Spain,REMITIDO A CASTILLA DE VERACRUZ,MONTO,True,118235.0,118235.0,False
VERACRUZ,New Spain,1596,out,Spain,REMITIDO A CASTILLA DE VERACRUZ,MONTO,True,11788.0,11788.0,False
VERACRUZ,New Spain,1597,out,Spain,REMITIDO A CASTILLA DE VERACRUZ,MONTO,True,249296.0,249296.0,False
VERACRUZ,New Spain,1600,out,Spain,REMITIDO A CASTILLA DE VERACRUZ,MONTO,True,114577.0,114577.0,False
VERACRUZ,New Spain,1600,out,Spain,REMITIDO A CASTILLA DE VERACRUZ,MONTO,True,197624.0,197624.0,False
VERACRUZ,New Spain,1601,out,Spain,REMITIDO A CASTILLA DE VERACRUZ,MONTO,True,117719.0,117719.0,False
VERACRUZ,New Spain,1602,out,Spain,REMITIDO A CASTILLA DE VERACRUZ,MONTO,True,168979.0,168979.0,False
VERACRUZ,New Spain,1603,out,Spain,REMITIDO A CASTILLA DE VERACRUZ,MONTO,True,114533.0,114533.0,False
VERACRUZ,New Spain,1604,out,Spain,REMITIDO A CASTILLA DE VERACRUZ,MONTO,True,169930.0,169930.0,False
VERACRUZ,New Spain,1605,out,Spain,REMITIDO A CASTILLA DE VERACRUZ,MONTO,True,232820.0,232820.0,False
VERACRUZ,New Spain,1606,out,Spain,REMITIDO A CASTILLA DE VERACRUZ,MONTO,True,75728.0,75728.0,False
VERACRUZ,New Spain,1606,in,Mexico City,REMITIDO DE RL CAJA DE MEXICO,MONTO,True,20020.0,20020.0,False
VERACRUZ,New Spain,1608,out,Spain,REMITIDO A CASTILLA DE VERACRUZ,MONTO,True,5059.0,5059.0,False
VERACRUZ,New Spain,1608,out,Spain,REMITIDO A CASTILLA DE VERACRUZ,MONTO,True,187591.0,187591.0,False
VERACRUZ,New Spain,1608,in,Campeche,REMITIDO DE RL CAJA DE CAMPECHE,MONTO,True,33000.0,33000.0,False
VERACRUZ,New Spain,1608,in,Mexico City,REMITIDO DE RL CAJA DE MEXICO,MONTO,True,21000.0,21000.0,False
VERACRUZ,New Spain,1611,out,Spain,REMITIDO A CASTILLA DE VERACRUZ,MONTO,True,37735.0,37735.0,False
VERACRUZ,New Spain,1611,out,Spain,REMITIDO A CASTILLA DE VERACRUZ,MONTO,True,12481.0,12481.0,False
VERACRUZ,New Spain,1612,out,Spain,REMITIDO A CASTILLA DE VERACRUZ,MONTO,True,96744.0,96744.0,False
VERACRUZ,New Spain,1612,in,Campeche,REMITIDO DE RL CAJA DE CAMPECHE,MONTO,True,11700.0,11700.0,False
VERACRUZ,New Spain,1612,in,Mexico City,REMITIDO DE RL CAJA DE MEXICO,MONTO,True,12000.0,12000.0,False
VERACRUZ,New Spain,1613,out,Spain,REMITIDO A CASTILLA DE VERACRUZ,MONTO,True,77761.0,77761.0,False
VERACRUZ,New Spain,1613,in,Mexico City,REMITIDO DE RL CAJA DE MEXICO,MONTO,True,17967.0,17967.0,False
VERACRUZ,New Spain,1614,out,Spain,REMITIDO A CASTILLA DE VERACRUZ,MONTO,True,54672.0,54672.0,False
VERACRUZ,New Spain,1614,in,Mexico City,REMITIDO DE RL CAJA DE MEXICO,MONTO,True,12000.0,12000.0,False
VERACRUZ,New Spain,1615,in,Mexico City,REMITIDO DE RL CAJA DE MEXICO,MONTO,True,19950.0,19950.0,False
VERACRUZ,New Spain,1615,in,Yucatan,REMITIDO DE RL CAJA DE YUCATAN,MONTO,True,6000.0,6000.0,False
VERACRUZ,New Spain,1615,out,Spain,REMITIDO A CASTILLA DE VERACRUZ,MONTO,True,117171.0,117171.0,False
VERACRUZ,New Spain,1616,out,Spain,REMITIDO A CASTILLA DE VERACRUZ,MONTO,True,26791.0,26791.0,False
VERACRUZ,New Spain,1616,in,Mexico City,REMITIDO DE RL CAJA DE MEXICO,MONTO,True,24000.0,24000.0,False
VERACRUZ,New Spain,1617,in,Mexico City,REMITIDO DE RL CAJA DE MEXICO,MONTO,True,30000.0,30000.0,False
VERACRUZ,New Spain,1618,out,Spain,REMITIDO A CASTILLA DE VERACRUZ,MONTO,True,25367.0,25367.0,False
VERACRUZ,New Spain,1618,in,Mexico City,REMITIDO DE RL CAJA DE MEXICO,MONTO,True,22808.0,22808.0,False
VERACRUZ,New Spain,1618,out,Spain,REMITIDO A CASTILLA DE VERACRUZ,MONTO,True,66315.0,66315.0,False
VERACRUZ,New Spain,1618,in,Mexico City,REMITIDO DE RL CAJA DE MEXICO,MONTO,True,50108.0,50108.0,False
VERACRUZ,New Spain,1619,out,Spain,REMITIDO A CASTILLA DE VERACRUZ,MONTO,True,107203.0,107203.0,False
VERACRUZ,New Spain,1619,in,Mexico City,REMITIDO DE RL CAJA DE MEXICO,MONTO,True,50138.0,50138.0,False
VERACRUZ,New Spain,1620,out,Spain,REMITIDO A CASTILLA DE VERACRUZ,MONTO,True,75416.0,75416.0,False
VERACRUZ,New Spain,1620,in,Mexico City,REMITIDO DE RL CAJA DE MEXICO,MONTO,True,22259.0,22259.0,False
VERACRUZ,New Spain,1621,out,Spain,REMITIDO A CASTILLA DE VERACRUZ,MONTO,True,61102.0,61102.0,False
VERACRUZ,New Spain,1622,out,Spain,REMITIDO A CASTILLA DE VERACRUZ,MONTO,True,62907.0,62907.0,False
VERACRUZ,New Spain,1624,out,Spain,REMITIDO A CASTILLA DE VERACRUZ,MONTO,True,52770.0,52770.0,False
VERACRUZ,New Spain,1624,out,Spain,REMITIDO A CASTILLA DE VERACRUZ,MONTO,True,50138.0,50138.0,False
VERACRUZ,New Spain,1626,out,Spain,REMITIDO A CASTILLA DE VERACRUZ,MONTO,True,37848.0,37848.0,False
VERACRUZ,New Spain,1626,out,Spain,REMITIDO A CASTILLA DE VERACRUZ,MONTO,True,40854.0,40854.0,False
VERACRUZ,New Spain,1628,out,Spain,REMITIDO A CASTILLA DE VERACRUZ,MONTO,True,81222.0,81222.0,False
VERACRUZ,New Spain,1630,out,Havana,REMITIDO A HAVANA,MONTO,True,6839.0,6839.0,False
VERACRUZ,New Spain,1631,out,Spain,REMITIDO A CASTILLA DE VERACRUZ,MONTO,True,19210.0,19210.0,False
VERACRUZ,New Spain,1636,out,Spain,REMITIDO A CASTILLA DE VERACRUZ,MONTO,True,26543.0,26543.0,False
VERACRUZ,New Spain,1638,out,Spain,REMITIDO A CASTILLA DE VERACRUZ,MONTO,True,92151.0,92151.0,False
VERACRUZ,New Spain,1638,out,Spain,REMITIDO A CASTILLA DER ESCLAVOS,MONTO,True,64707.0,64707.0,False
VERACRUZ,New Spain,1640,out,Spain,REMITIDO A CASTILLA DE MEXICO,MONTO,True,391226.0,391226.0,False
VERACRUZ,New Spain,1644,out,Spain,REMITIDO A CASTILLA DE MEXICO,MONTO,True,1492946.0,1492946.0,False
VERACRUZ,New Spain,1646,out,Spain,REMITIDO A CASTILLA DE MEXICO,MONTO,True,1007711.0,1007711.0,False
VERACRUZ,New Spain,1646,out,Spain,REMITIDO A CASTILLA DE MEXICO,MONTO,True,89538.0,89538.0,False
VERACRUZ,New Spain,1651,out,Spain,REMITIDO A CASTILLA DE MEXICO,MONTO,True,901975.0,901975.0,False
VERACRUZ,New Spain,1652,out,Spain,REMITIDO A CASTILLA DE MEXICO,MONTO,True,156416.0,156416.0,False
VERACRUZ,New Spain,1653,out,Spain,REMITIDO A CASTILLA DE GUATEMALA,MONTO,True,105374.0,105374.0,False
VERACRUZ,New Spain,1653,in,Guatemala,REMITIDO DE RL CAJA DE GUATEMALA,MONTO,True,113893.0,113893.0,False
VERACRUZ,New Spain,1653,out,Spain,REMITIDO A CASTILLA DE MEXICO,MONTO,True,556079.0,556079.0,False
VERACRUZ,New Spain,1653,in,Mexico City,REMITIDO DE RL CAJA DE MEXICO,MONTO,True,556078.0,556078.0,False
VERACRUZ,New Spain,1653,out,Spain,REMITIDO A CASTILLA DE PUEBLA,MONTO,True,6000.0,6000.0,False
VERACRUZ,New Spain,1653,out,Spain,REMITIDO A CASTILLA DE CAMPECHE,MONTO,True,31244.0,31244.0,False
VERACRUZ,New Spain,1653,out,Spain,REMITIDO A CASTILLA DE GUATEMALA,MONTO,True,77729.0,77729.0,False
VERACRUZ,New Spain,1653,in,Guatemala,REMITIDO DE RL CAJA DE GUATEMALA,MONTO,True,79003.0,79003.0,False
VERACRUZ,New Spain,1653,out,Spain,REMITIDO A CASTILLA DE MEXICO,MONTO,True,28251.0,28251.0,False
VERACRUZ,New Spain,1653,in,Yucatan,REMITIDO DE RL CAJA DE YUCATAN,MONTO,True,48321.0,48321.0,False
VERACRUZ,New Spain,1655,out,Spain,REMITIDO A CASTILLA DE GUATEMALA,MONTO,True,83998.0,83998.0,False
VERACRUZ,New Spain,1655,out,Spain,REMITIDO A CASTILLA DE VERACRUZ,MONTO,True,19593.0,19593.0,False
VERACRUZ,New Spain,1655,out,Spain,REMITIDO A CASTILLA DE YUCATAN,MONTO,True,48474.0,48474.0,False
VERACRUZ,New Spain,1655,in,Guatemala,REMITIDO DE RL CAJA DE GUATEMALA,MONTO,True,83998.0,83998.0,False
VERACRUZ,New Spain,1655,in,Yucatan,REMITIDO DE RL CAJA DE YUCATAN,MONTO,True,6000.0,6000.0,False
VERACRUZ,New Spain,1655,in,Campeche,REMITIDO DE RL CAJA DE CAMPECHE,MONTO,True,69402.0,69402.0,False
VERACRUZ,New Spain,1655,out,Windward squadron,REMITIDO A LAS ISLAS BARLOVENTO,MONTO,True,58071.0,58071.0,False
VERACRUZ,New Spain,1655,in,Guatemala,REMITIDO DE RL CAJA DE GUATEMALA,MONTO,True,98964.0,98964.0,False
VERACRUZ,New Spain,1655,in,Mexico City,REMITIDO DE RL CAJA DE MEXICO,MONTO,True,771376.0,771376.0,False
VERACRUZ,New Spain,1655,out,Spain,REMITIDO A CASTILLA DE MEXICO,MONTO,True,585620.0,585620.0,False
VERACRUZ,New Spain,1655,out,Spain,REMITIDO A CASTILLA DE GUATEMALA,MONTO,True,52418.0,52418.0,False
VERACRUZ,New Spain,1655,out,Spain,REMITIDO A CASTILLA DE YUCATAN,MONTO,True,15508.0,15508.0,False
VERACRUZ,New Spain,1655,out,Spain,REMITIDO A CASTILLA DE TABASCO,MONTO,True,23479.0,23479.0,False
VERACRUZ,New Spain,1655,out,Windward squadron,REMITIDO A LAS ISLAS BARLOVENTO,MONTO,True,53681.0,53681.0,False
VERACRUZ,New Spain,1655,in,Yucatan,REMITIDO DE RL CAJA DE YUCATAN,MONTO,True,41331.0,41331.0,False
VERACRUZ,New Spain,1658,in,Guatemala,REMITIDO DE RL CAJA DE GUATEMALA,MONTO,True,356509.0,356509.0,False
VERACRUZ,New Spain,1658,in,Mexico City,REMITIDO DE RL CAJA DE MEXICO,MONTO,True,1602460.0,1602460.0,False
VERACRUZ,New Spain,1658,in,Yucatan,REMITIDO DE RL CAJA DE YUCATAN,MONTO,True,78122.0,78122.0,False
VERACRUZ,New Spain,1658,out,Spain,REMITIDO A CASTILLA DE CAMPECHE,MONTO,True,1206.0,1206.0,False
VERACRUZ,New Spain,1658,out,Spain,REMITIDO A CASTILLA DE GUATEMALA,MONTO,True,349202.0,349202.0,False
VERACRUZ,New Spain,1658,out,Spain,REMITIDO A CASTILLA DE MEXICO,MONTO,True,1210101.0,1210101.0,False
VERACRUZ,New Spain,1658,out,Spain,REMITIDO A CASTILLA DE VERACRUZ,MONTO,True,64472.0,64472.0,False
VERACRUZ,New Spain,1658,out,Havana,REMITIDO A HAVANA,MONTO,True,210799.0,210799.0,False
VERACRUZ,New Spain,1658,out,Windward squadron,REMITIDO A LAS ISLAS BARLOVENTO,MONTO,True,131502.0,131502.0,False
VERACRUZ,New Spain,1658,out,Florida,SITUADO DE FLORIDA,MONTO,True,11523.0,11523.0,False
VERACRUZ,New Spain,1658,out,Puerto Rico,SITUADO DE PUERTO RICO,MONTO,True,12064.0,12064.0,False
VERACRUZ,New Spain,1660,in,Guatemala,REMITIDO DE RL CAJA DE GUATEMALA,MONTO,True,100891.0,100891.0,False
VERACRUZ,New Spain,1660,in,Mexico City,REMITIDO DE RL CAJA DE MEXICO,MONTO,True,519802.0,519802.0,False
VERACRUZ,New Spain,1660,out,Spain,REMITIDO A CASTILLA DE GUATEMALA,MONTO,True,100891.0,100891.0,False
VERACRUZ,New Spain,1660,in,Yucatan,REMITIDO DE RL CAJA DE YUCATAN,MONTO,True,15719.0,15719.0,False
VERACRUZ,New Spain,1660,out,Spain,REMITIDO A CASTILLA DE MEXICO,MONTO,True,544413.0,544413.0,False
VERACRUZ,New Spain,1660,out,Spain,REMITIDO A CASTILLA DE YUCATAN,MONTO,True,16184.0,16184.0,False
VERACRUZ,New Spain,1661,in,Guatemala,REMITIDO DE RL CAJA DE GUATEMALA,MONTO,True,182934.0,182934.0,False
VERACRUZ,New Spain,1661,in,Mexico City,REMITIDO DE RL CAJA DE MEXICO,MONTO,True,452318.0,452318.0,False
VERACRUZ,New Spain,1661,out,Spain,REMITIDO A CASTILLA BSC GUATEMAL,MONTO,True,29474.0,29474.0,False
VERACRUZ,New Spain,1661,in,Yucatan,REMITIDO DE RL CAJA DE YUCATAN,MONTO,True,73769.0,73769.0,False
VERACRUZ,New Spain,1661,out,Spain,REMITIDO A CASTILLA DE GUATEMALA,MONTO,True,147772.0,147772.0,False
VERACRUZ,New Spain,1661,out,Spain,REMITIDO A CASTILLA DE MEXICO,MONTO,True,380410.0,380410.0,False
VERACRUZ,New Spain,1661,out,Spain,REMITIDO A CASTILLA DE VERACRUZ,MONTO,True,59988.0,59988.0,False
VERACRUZ,New Spain,1661,out,Spain,REMITIDO A CASTILLA DE YUCATAN,MONTO,True,21629.0,21629.0,False
VERACRUZ,New Spain,1661,out,Windward squadron,REMITIDO A LAS ISLAS BARLOVENTO,MONTO,True,32576.0,32576.0,False
VERACRUZ,New Spain,1664,out,Spain,REMITIDO A CASTILLA BSC MEXICO,MONTO,True,168603.0,168603.0,False
VERACRUZ,New Spain,1664,out,Spain,REMITIDO A CASTILLA DE GUATEMALA,MONTO,True,87470.0,87470.0,False
VERACRUZ,New Spain,1664,out,Spain,REMITIDO A CASTILLA DE MEXICO,MONTO,True,115300.0,115300.0,False
VERACRUZ,New Spain,1664,out,Spain,REMITIDO A CASTILLA DE VERACRUZ,MONTO,True,6268.0,6268.0,False
VERACRUZ,New Spain,1664,in,Guatemala,REMITIDO DE RL CAJA DE GUATEMALA,MONTO,True,87470.0,87470.0,False
VERACRUZ,New Spain,1664,in,Mexico City,REMITIDO DE RL CAJA DE MEXICO,MONTO,True,416106.0,416106.0,False
VERACRUZ,New Spain,1665,in,Yucatan,REMITIDO DE RL CAJA DE YUCATAN,MONTO,True,39441.0,39441.0,False
VERACRUZ,New Spain,1665,out,Spain,REMITIDO A CASTILLA DE GUATEMALA,MONTO,True,113164.0,113164.0,False
VERACRUZ,New Spain,1665,in,Guatemala,REMITIDO DE RL CAJA DE GUATEMALA,MONTO,True,188731.0,188731.0,False
VERACRUZ,New Spain,1665,out,Spain,REMITIDO A CASTILLA DE MEXICO,MONTO,True,520338.0,520338.0,False
VERACRUZ,New Spain,1665,in,Mexico City,REMITIDO DE RL CAJA DE MEXICO,MONTO,True,520338.0,520338.0,False
VERACRUZ,New Spain,1665,out,Spain,REMITIDO A CASTILLA DE VERACRUZ,MONTO,True,21453.0,21453.0,False
VERACRUZ,New Spain,1665,in,Yucatan,REMITIDO DE RL CAJA DE YUCATAN,MONTO,True,11751.0,11751.0,False
VERACRUZ,New Spain,1665,out,Spain,REMITIDO A CASTILLA DE YUCATAN,MONTO,True,19659.0,19659.0,False
VERACRUZ,New Spain,1666,out,Spain,REMITIDO A CASTILLA DE GUATEMALA,MONTO,True,57969.0,57969.0,False
VERACRUZ,New Spain,1666,out,Spain,REMITIDO A CASTILLA DE MEXICO,MONTO,True,505774.0,505774.0,False
VERACRUZ,New Spain,1666,in,Guatemala,REMITIDO DE RL CAJA DE GUATEMALA,MONTO,True,177344.0,177344.0,False
VERACRUZ,New Spain,1666,out,Spain,REMITIDO A CASTILLA DE VERACRUZ,MONTO,True,17428.0,17428.0,False
VERACRUZ,New Spain,1666,in,Mexico City,REMITIDO DE RL CAJA DE MEXICO,MONTO,True,754245.0,754245.0,False
VERACRUZ,New Spain,1666,out,Spain,REMITIDO A CASTILLA DE YUCATAN,MONTO,True,18222.0,18222.0,False
VERACRUZ,New Spain,1666,in,Yucatan,REMITIDO DE RL CAJA DE YUCATAN,MONTO,True,41030.0,41030.0,False
VERACRUZ,New Spain,1668,out,Spain,REMITIDO A CASTILLA DE GUATEMALA,MONTO,True,100373.0,100373.0,False
VERACRUZ,New Spain,1668,in,Guatemala,REMITIDO DE RL CAJA DE GUATEMALA,MONTO,True,84155.0,84155.0,False
VERACRUZ,New Spain,1668,out,Spain,REMITIDO A CASTILLA DE MEXICO,MONTO,True,810613.0,810613.0,False
VERACRUZ,New Spain,1668,in,Mexico City,REMITIDO DE RL CAJA DE MEXICO,MONTO,True,954613.0,954613.0,False
VERACRUZ,New Spain,1668,out,Spain,REMITIDO A CASTILLA DE VERACRUZ,MONTO,True,109447.0,109447.0,False
VERACRUZ,New Spain,1668,in,Yucatan,REMITIDO DE RL CAJA DE YUCATAN,MONTO,True,36548.0,36548.0,False
VERACRUZ,New Spain,1668,out,Spain,REMITIDO A CASTILLA DE YUCATAN,MONTO,True,18378.0,18378.0,False
VERACRUZ,New Spain,1670,out,Spain,REMITIDO A CASTILLA DE GUATEMALA,MONTO,True,190284.0,190284.0,False
VERACRUZ,New Spain,1670,out,Spain,REMITIDO A CASTILLA DE MEXICO,MONTO,True,2103993.0,2103993.0,False
VERACRUZ,New Spain,1670,in,Guatemala,REMITIDO DE RL CAJA DE GUATEMALA,MONTO,True,256946.0,256946.0,False
VERACRUZ,New Spain,1670,out,Spain,REMITIDO A CASTILLA DE VERACRUZ,MONTO,True,86325.0,86325.0,False
VERACRUZ,New Spain,1670,in,Mexico City,REMITIDO DE RL CAJA DE MEXICO,MONTO,True,2316038.0,2316038.0,False
VERACRUZ,New Spain,1670,out,Spain,REMITIDO A CASTILLA DE YUCATAN,MONTO,True,41471.0,41471.0,False
VERACRUZ,New Spain,1670,in,Yucatan,REMITIDO DE RL CAJA DE YUCATAN,MONTO,True,18866.0,18866.0,False
VERACRUZ,New Spain,1672,out,Spain,REMITIDO A CASTILLA DE GUATEMALA,MONTO,True,249195.0,249195.0,False
VERACRUZ,New Spain,1672,out,Spain,REMITIDO A CASTILLA DE MEXICO,MONTO,True,1566646.0,1566646.0,False
VERACRUZ,New Spain,1672,in,Guatemala,REMITIDO DE RL CAJA DE GUATEMALA,MONTO,True,250000.0,250000.0,False
VERACRUZ,New Spain,1672,out,Spain,REMITIDO A CASTILLA DE VERACRUZ,MONTO,True,81983.0,81983.0,False
VERACRUZ,New Spain,1672,in,Mexico City,REMITIDO DE RL CAJA DE MEXICO,MONTO,True,1822986.0,1822986.0,False
VERACRUZ,New Spain,1672,out,Spain,REMITIDO A CASTILLA DE YUCATAN,MONTO,True,33423.0,33423.0,False
VERACRUZ,New Spain,1672,in,Yucatan,REMITIDO DE RL CAJA DE YUCATAN,MONTO,True,10192.0,10192.0,False
VERACRUZ,New Spain,1672,out,Santo Domingo,SITUADO DE SANTO DOMINGO,MONTO,True,11500.0,11500.0,False
VERACRUZ,New Spain,1675,out,Spain,REMITIDO A CASTILLA DE GUATEMALA,MONTO,True,186939.0,186939.0,False
VERACRUZ,New Spain,1675,out,Spain,REMITIDO A CASTILLA DE MEXICO,MONTO,True,1637280.0,1637280.0,False
VERACRUZ,New Spain,1675,in,Guatemala,REMITIDO DE RL CAJA DE GUATEMALA,MONTO,True,186134.0,186134.0,False
VERACRUZ,New Spain,1675,out,Spain,REMITIDO A CASTILLA DE VERACRUZ,MONTO,True,155689.0,155689.0,False
VERACRUZ,New Spain,1675,in,Mexico City,REMITIDO DE RL CAJA DE MEXICO,MONTO,True,1730304.0,1730304.0,False
VERACRUZ,New Spain,1675,out,Spain,REMITIDO A CASTILLA DE YUCATAN,MONTO,True,10875.0,10875.0,False
VERACRUZ,New Spain,1675,in,Yucatan,REMITIDO DE RL CAJA DE YUCATAN,MONTO,True,10875.0,10875.0,False
VERACRUZ,New Spain,1675,out,Santo Domingo,SITUADO DE SANTO DOMINGO,MONTO,True,15000.0,15000.0,False
VERACRUZ,New Spain,1676,in,Mexico City,REMITIDO DE RL CAJA DE MEXICO,MONTO,True,225283.0,225283.0,False
VERACRUZ,New Spain,1676,in,Yucatan,REMITIDO DE RL CAJA DE YUCATAN,MONTO,True,4013.0,4013.0,False
VERACRUZ,New Spain,1677,out,Spain,REMITIDO A CASTILLA DE GUATEMALA,MONTO,True,211021.0,211021.0,False
VERACRUZ,New Spain,1677,in,Guatemala,REMITIDO DE RL CAJA DE GUATEMALA,MONTO,True,393648.0,393648.0,False
VERACRUZ,New Spain,1677,out,Spain,REMITIDO A CASTILLA DE MEXICO,MONTO,True,2573802.0,2573802.0,False
VERACRUZ,New Spain,1677,in,Mexico City,REMITIDO DE RL CAJA DE MEXICO,MONTO,True,2792094.0,2792094.0,False
VERACRUZ,New Spain,1677,out,Spain,REMITIDO A CASTILLA DE VERACRUZ,MONTO,True,192103.0,192103.0,False
VERACRUZ,New Spain,1677,in,Yucatan,REMITIDO DE RL CAJA DE YUCATAN,MONTO,True,33494.0,33494.0,False
VERACRUZ,New Spain,1677,out,Spain,REMITIDO A CASTILLA DE YUCATAN,MONTO,True,43666.0,43666.0,False
VERACRUZ,New Spain,1680,out,Spain,REMITIDO A CASTILLA DE GUATEMALA,MONTO,True,72212.0,72212.0,False
VERACRUZ,New Spain,1680,in,Guatemala,REMITIDO DE RL CAJA DE GUATEMALA,MONTO,True,300354.0,300354.0,False
VERACRUZ,New Spain,1680,out,Spain,REMITIDO A CASTILLA DE MEXICO,MONTO,True,1396043.0,1396043.0,False
VERACRUZ,New Spain,1680,in,Mexico City,REMITIDO DE RL CAJA DE MEXICO,MONTO,True,1720442.0,1720442.0,False
VERACRUZ,New Spain,1680,out,Spain,REMITIDO A CASTILLA DE VERACRUZ,MONTO,True,28538.0,28538.0,False
VERACRUZ,New Spain,1680,in,Yucatan,REMITIDO DE RL CAJA DE YUCATAN,MONTO,True,11205.0,11205.0,False
VERACRUZ,New Spain,1680,out,Spain,REMITIDO A CASTILLA DE YUCATAN,MONTO,True,9282.0,9282.0,False
VERACRUZ,New Spain,1682,in,Guatemala,REMITIDO DE RL CAJA DE GUATEMALA,MONTO,True,166298.0,166298.0,False
VERACRUZ,New Spain,1682,in,Mexico City,REMITIDO DE RL CAJA DE MEXICO,MONTO,True,2903991.0,2903991.0,False
VERACRUZ,New Spain,1682,in,Yucatan,REMITIDO DE RL CAJA DE YUCATAN,MONTO,True,3178.0,3178.0,False
VERACRUZ,New Spain,1682,out,Spain,REMITIDO A CASTILLA DE GUATEMALA,MONTO,True,125439.0,125439.0,False
VERACRUZ,New Spain,1682,out,Spain,REMITIDO A CASTILLA DE MEXICO,MONTO,True,1704954.0,1704954.0,False
VERACRUZ,New Spain,1682,out,Spain,REMITIDO A CASTILLA DE VERACRUZ,MONTO,True,59517.0,59517.0,False
VERACRUZ,New Spain,1682,out,Spain,REMITIDO A CASTILLA DE YUCATAN,MONTO,True,7099.0,7099.0,False
VERACRUZ,New Spain,1685,out,Spain,ENVIADO A CASTILLA Y OTRAS PARTES,MONTO,True,670105.0,670105.0,False
VERACRUZ,New Spain,1685,in,Mexico City,REMITIDO DE RL CAJA DE MEXICO,MONTO,True,1060504.0,1060504.0,False
VERACRUZ,New Spain,1685,in,Yucatan,REMITIDO DE RL CAJA DE YUCATAN,MONTO,True,2205.0,2205.0,False
VERACRUZ,New Spain,1687,out,Spain,REMITIDO A CASTILLA DE GUATEMALA,MONTO,True,78148.0,78148.0,False
VERACRUZ,New Spain,1687,in,Guatemala,REMITIDO DE RL CAJA DE GUATEMALA,MONTO,True,73701.0,73701.0,False
VERACRUZ,New Spain,1687,out,Spain,REMITIDO A CASTILLA DE MEXICO,MONTO,True,1167726.0,1167726.0,False
VERACRUZ,New Spain,1687,in,Mexico City,REMITIDO DE RL CAJA DE MEXICO,MONTO,True,2816519.0,2816519.0,False
VERACRUZ,New Spain,1687,out,Spain,REMITIDO A CASTILLA DE VERACRUZ,MONTO,True,44833.0,44833.0,False
VERACRUZ,New Spain,1687,in,Yucatan,REMITIDO DE RL CAJA DE YUCATAN,MONTO,True,5945.0,5945.0,False
VERACRUZ,New Spain,1687,out,Spain,REMITIDO A CASTILLA DE YUCATAN,MONTO,True,8151.0,8151.0,False
VERACRUZ,New Spain,1687,in,Guadalajara,REMITIDO DE RL CAJA GUADALAJARA,MONTO,True,1373.0,1373.0,False
VERACRUZ,New Spain,1687,out,Spain,REMITIDO A CASTILLA GUDALAJARA,MONTO,True,1373.0,1373.0,False
VERACRUZ,New Spain,1687,out,Windward squadron,REMITIDO A LAS ISLAS BARLOVENTO,MONTO,True,839124.0,839124.0,False
VERACRUZ,New Spain,1690,in,Mexico City,REMITIDO DE RL CAJA DE MEXICO,MONTO,True,162940.0,162940.0,False
VERACRUZ,New Spain,1691,out,Spain,REMITIDO A CASTILLA DE GUATEMALA,MONTO,True,133968.0,133968.0,False
VERACRUZ,New Spain,1691,out,Spain,REMITIDO A CASTILLA DE MEXICO,MONTO,True,380040.0,380040.0,False
VERACRUZ,New Spain,1691,out,Spain,REMITIDO A CASTILLA DE VERACRUZ,MONTO,True,66127.0,66127.0,False
VERACRUZ,New Spain,1691,in,Guatemala,REMITIDO DE RL CAJA DE GUATEMALA,MONTO,True,133968.0,133968.0,False
VERACRUZ,New Spain,1691,out,Spain,REMITIDO A CASTILLA DE YUCATAN,MONTO,True,2708.0,2708.0,False
VERACRUZ,New Spain,1691,in,Mexico City,REMITIDO DE RL CAJA DE MEXICO,MONTO,True,1279764.0,1279764.0,False
VERACRUZ,New Spain,1691,out,Spain,REMITIDO A CASTILLA GUADALAJARA,MONTO,True,1149.0,1149.0,False
VERACRUZ,New Spain,1691,in,Yucatan,REMITIDO DE RL CAJA DE YUCATAN,MONTO,True,2708.0,2708.0,False
VERACRUZ,New Spain,1691,out,Windward squadron,REMITIDO A LAS ISLAS BARLOVENTO,MONTO,True,1841.0,1841.0,False
VERACRUZ,New Spain,1691,in,Guadalajara,REMITIDO DE RL CAJA GUADALAJARA,MONTO,True,1149.0,1149.0,False
VERACRUZ,New Spain,1691,out,Windward squadron,REMITIDO A PRESIDIOS BARLOVENTO,MONTO,True,669048.0,669048.0,False
VERACRUZ,New Spain,1693,out,Spain,REMITIDO A CASTILLA DE GUATEMALA,MONTO,True,74501.0,74501.0,False
VERACRUZ,New Spain,1693,out,Spain,REMITIDO A CASTILLA DE MEXICO,MONTO,True,416814.0,416814.0,False
VERACRUZ,New Spain,1693,out,Spain,REMITIDO A CASTILLA DE VERACRUZ,MONTO,True,84338.0,84338.0,False
VERACRUZ,New Spain,1693,out,Spain,REMITIDO A CASTILLA DE YUCATAN,MONTO,True,12943.0,12943.0,False
VERACRUZ,New Spain,1693,out,Spain,REMITIDO A CASTILLA GUADALAJARA,MONTO,True,1072.0,1072.0,False
VERACRUZ,New Spain,1693,in,Guatemala,REMITIDO DE RL CAJA DE GUATEMALA,MONTO,True,171088.0,171088.0,False
VERACRUZ,New Spain,1693,out,Windward squadron,REMITIDO A PRESIDIOS BARLOVENTO,MONTO,True,553310.0,553310.0,False
VERACRUZ,New Spain,1693,in,Mexico City,REMITIDO DE RL CAJA DE MEXICO,MONTO,True,1047546.0,1047546.0,False
VERACRUZ,New Spain,1693,in,Yucatan,REMITIDO DE RL CAJA DE YUCATAN,MONTO,True,12943.0,12943.0,False
VERACRUZ,New Spain,1693,in,Guadalajara,REMITIDO DE RL CAJA GUADALAJARA,MONTO,True,52.0,52.0,False
VERACRUZ,New Spain,1700,out,Windward squadron,REMITIDO A PRESIDIOS BARLOVENTO,MONTO,True,339047.0,339047.0,False
VERACRUZ,New Spain,1700,out,Spain,REMITIDO A CASTILLA GUADALAJARA,MONTO,True,893.0,893.0,False
VERACRUZ,New Spain,1700,out,Spain,REMITIDO A CASTILLA DE YUCATAN,MONTO,True,2120.0,2120.0,False
VERACRUZ,New Spain,1700,out,Spain,REMITIDO A CASTILLA DE VERACRUZ,MONTO,True,186454.0,186454.0,False
VERACRUZ,New Spain,1700,out,Spain,REMITIDO A CASTILLA DE MEXICO,MONTO,True,427437.0,427437.0,False
VERACRUZ,New Spain,1700,out,Spain,REMITIDO A CASTILLA DE GUATEMALA,MONTO,True,70964.0,70964.0,False
VERACRUZ,New Spain,1700,in,Puebla,REMITIDO DE MEXICO Y PUEBLA,MONTO,True,886647.0,886647.0,False
VERACRUZ,New Spain,1700,in,Guatemala,REMITIDO DE RL CAJA DE GUATEMALA,MONTO,True,73722.0,73722.0,False
VERACRUZ,New Spain,1700,in,Yucatan,REMITIDO DE RL CAJA DE YUCATAN,MONTO,True,2051.0,2051.0,False
VERACRUZ,New Spain,1700,in,Guadalajara,REMITIDO DE RL CAJA GUADALAJARA,MONTO,True,884.0,884.0,False
VERACRUZ,New Spain,1702,in,Puebla,REMITIDO DE MEXICO Y PUEBLA,MONTO,True,1040373.0,1040373.0,False
VERACRUZ,New Spain,1702,out,Spain,REMITIDO A CASTILLA DE GUATEMALA,MONTO,True,1374.0,1374.0,False
VERACRUZ,New Spain,1702,in,Guatemala,REMITIDO DE RL CAJA DE GUATEMALA,MONTO,True,45386.0,45386.0,False
VERACRUZ,New Spain,1702,out,Spain,REMITIDO A CASTILLA DE MEXICO,MONTO,True,395706.0,395706.0,False
VERACRUZ,New Spain,1702,out,Spain,REMITIDO A CASTILLA DE VERACRUZ,MONTO,True,56276.0,56276.0,False
VERACRUZ,New Spain,1702,out,Spain,REMITIDO A CASTILLA DE YUCATAN,MONTO,True,6371.0,6371.0,False
VERACRUZ,New Spain,1702,out,Spain,REMITIDO A CASTILLA MEDIA ANATA,MONTO,True,1342.0,1342.0,False
VERACRUZ,New Spain,1702,out,Spain,REMITIDO A CASTILLA P SELLADO,MONTO,True,1701.0,1701.0,False
VERACRUZ,New Spain,1702,out,Windward squadron,REMITIDO A PRESIDIOS BARLOVENTO,MONTO,True,261350.0,261350.0,False
VERACRUZ,New Spain,1703,out,Spain,REMITIDO A CASTILLA DE MEXICO,MONTO,True,126970.0,126970.0,False
VERACRUZ,New Spain,1703,out,Spain,REMITIDO A CASTILLA DE VERACRUZ,MONTO,True,11623.0,11623.0,False
VERACRUZ,New Spain,1703,out,Spain,REMITIDO A CASTILLA MEDIA ANATA,MONTO,True,2181.0,2181.0,False
VERACRUZ,New Spain,1703,in,Puebla,REMITIDO DE MEXICO Y PUEBLA,MONTO,True,1062408.0,1062408.0,False
VERACRUZ,New Spain,1703,out,Spain,REMITIDO A CASTILLA P SELLADO,MONTO,True,1611.0,1611.0,False
VERACRUZ,New Spain,1703,in,Guatemala,REMITIDO DE RL CAJA DE GUATEMALA,MONTO,True,15139.0,15139.0,False
VERACRUZ,New Spain,1703,out,Windward squadron,REMITIDO A PRESIDIOS BARLOVENTO,MONTO,True,362405.0,362405.0,False
VERACRUZ,New Spain,1704,out,Spain,REMITIDO A CASTILLA DE MEXICO,MONTO,True,1000000.0,1000000.0,False
VERACRUZ,New Spain,1704,in,Puebla,REMITIDO DE MEXICO Y PUEBLA,MONTO,True,1200000.0,1200000.0,False
VERACRUZ,New Spain,1704,out,Spain,REMITIDO A CASTILLA GUADALAJARA,MONTO,True,3983.0,3983.0,False
VERACRUZ,New Spain,1704,out,Spain,REMITIDO A CASTILLA MEDIA ANATA,MONTO,True,2604.0,2604.0,False
VERACRUZ,New Spain,1704,out,Spain,REMITIDO A CASTILLA P SELLADO,MONTO,True,2797.0,2797.0,False
VERACRUZ,New Spain,1705,in,Puebla,REMITIDO DE MEXICO Y PUEBLA,MONTO,True,515899.0,515899.0,False
VERACRUZ,New Spain,1705,in,Yucatan,REMITIDO DE RL CAJA DE YUCATAN,MONTO,True,5756.0,5756.0,False
VERACRUZ,New Spain,1705,out,Havana,SITUADO DE HABANA,MONTO,True,50000.0,50000.0,False
VERACRUZ,New Spain,1706,out,Spain,REMITIDO A CASTILLA DE MEXICO,MONTO,True,1114068.0,1114068.0,False
VERACRUZ,New Spain,1706,in,Guatemala,REMITIDO DE RL CAJA DE GUATEMALA,MONTO,True,284176.0,284176.0,False
VERACRUZ,New Spain,1706,out,Windward squadron,REMITIDO A PRESIDIOS BARLOVENTO,MONTO,True,285000.0,285000.0,False
VERACRUZ,New Spain,1706,in,Mexico City,REMITIDO DE RL CAJA DE MEXICO,MONTO,True,2211431.0,2211431.0,False
VERACRUZ,New Spain,1706,in,Yucatan,REMITIDO DE RL CAJA DE YUCATAN,MONTO,True,6592.0,6592.0,False
VERACRUZ,New Spain,1707,in,Guatemala,REMITIDO DE RL CAJA DE GUATEMALA,MONTO,True,153001.0,153001.0,False
VERACRUZ,New Spain,1707,in,Mexico City,REMITIDO DE RL CAJA DE MEXICO,MONTO,True,14000.0,14000.0,False
VERACRUZ,New Spain,1707,in,Yucatan,REMITIDO DE RL CAJA DE YUCATAN,MONTO,True,28591.0,28591.0,False
VERACRUZ,New Spain,1708,out,Spain,REMITIDO A CASTILLA DE CARACAS,MONTO,True,15131.0,15131.0,False
VERACRUZ,New Spain,1708,out,Spain,REMITIDO A CASTILLA DE GUATEMALA,MONTO,True,376066.0,376066.0,False
VERACRUZ,New Spain,1708,out,Spain,REMITIDO A CASTILLA DE MEXICO,MONTO,True,534435.0,534435.0,False
VERACRUZ,New Spain,1708,in,Guatemala,REMITIDO DE RL CAJA DE GUATEMALA,MONTO,True,3500.0,3500.0,False
VERACRUZ,New Spain,1708,out,Spain,REMITIDO A CASTILLA DE VERACRUZ,MONTO,True,123149.0,123149.0,False
VERACRUZ,New Spain,1708,in,Mexico City,REMITIDO DE RL CAJA DE MEXICO,MONTO,True,1454426.0,1454426.0,False
VERACRUZ,New Spain,1708,out,Spain,REMITIDO A CASTILLA DE YUCATAN,MONTO,True,47630.0,47630.0,False
VERACRUZ,New Spain,1708,in,Yucatan,REMITIDO DE RL CAJA DE YUCATAN,MONTO,True,6690.0,6690.0,False
VERACRUZ,New Spain,1708,out,Spain,REMITIDO A CASTILLA MEDIA ANATA,MONTO,True,6091.0,6091.0,False
VERACRUZ,New Spain,1708,out,Spain,REMITIDO A CASTILLA P SELLADO,MONTO,True,7874.0,7874.0,False
VERACRUZ,New Spain,1708,out,Windward squadron,REMITIDO A PRESIDIOS BARLOVENTO,MONTO,True,314305.0,314305.0,False
VERACRUZ,New Spain,1709,out,Spain,REMITIDO A CASTILLA DE GUATEMALA,MONTO,True,69308.0,69308.0,False
VERACRUZ,New Spain,1709,out,Spain,REMITIDO A CASTILLA DE MEXICO,MONTO,True,712906.0,712906.0,False
VERACRUZ,New Spain,1709,out,Spain,REMITIDO A CASTILLA DE VERACRUZ,MONTO,True,195928.0,195928.0,False
VERACRUZ,New Spain,1709,out,Spain,REMITIDO A CASTILLA GUADALAJARA,MONTO,True,3500.0,3500.0,False
VERACRUZ,New Spain,1709,out,Spain,REMITIDO A CASTILLA MEDIA ANATA,MONTO,True,2862.0,2862.0,False
VERACRUZ,New Spain,1709,out,Spain,REMITIDO A CASTILLA P SELLADO,MONTO,True,4351.0,4351.0,False
VERACRUZ,New Spain,1709,in,Guatemala,REMITIDO DE RL CAJA DE GUATEMALA,MONTO,True,101036.0,101036.0,False
VERACRUZ,New Spain,1709,out,Florida,SITUADO LA FLORIDA S M DE GALBE,MONTO,True,12286.0,12286.0,False
VERACRUZ,New Spain,1709,in,Mexico City,REMITIDO DE RL CAJA DE MEXICO,MONTO,True,1023399.0,1023399.0,False
VERACRUZ,New Spain,1709,in,Guadalajara,REMITIDO DE RL CAJA GUADALAJARA,MONTO,True,3500.0,3500.0,False
VERACRUZ,New Spain,1710,in,Mexico City,REMITIDO DE RL CAJA DE MEXICO,MONTO,True,774618.0,774618.0,False
VERACRUZ,New Spain,1710,in,Yucatan,REMITIDO DE RL CAJA DE YUCATAN,MONTO,True,2099.0,2099.0,False
VERACRUZ,New Spain,1710,out,Windward squadron,REMITIDO A PRESIDIOS BARLOVENTO,MONTO,True,345768.0,345768.0,False
VERACRUZ,New Spain,1710,out,Florida,SITUADO LA FLORIDA S M DE GALBE,MONTO,True,4952.0,4952.0,False
VERACRUZ,New Spain,1711,out,Spain,REMITIDO A CASTILLA DE GUATEMALA,MONTO,True,64600.0,64600.0,False
VERACRUZ,New Spain,1711,out,Spain,REMITIDO A CASTILLA DE MEXICO,MONTO,True,1224184.0,1224184.0,False
VERACRUZ,New Spain,1711,out,Spain,REMITIDO A CASTILLA DE VERACRUZ,MONTO,True,362111.0,362111.0,False
VERACRUZ,New Spain,1711,out,Spain,REMITIDO A CASTILLA DE YUCATAN,MONTO,True,5304.0,5304.0,False
VERACRUZ,New Spain,1711,out,Mexico City,REMITIDO A MEXICO PAPEL SELLADO,MONTO,True,2727.0,2727.0,False
VERACRUZ,New Spain,1711,in,Puebla,REMITIDO DE PUEBLA,MONTO,True,240233.0,240233.0,False
VERACRUZ,New Spain,1711,out,Windward squadron,REMITIDO A PRESIDIOS BARLOVENTO,MONTO,True,285125.0,285125.0,False
VERACRUZ,New Spain,1711,in,Campeche,REMITIDO DE RL CAJA DE CAMPECHE,MONTO,True,9204.0,9204.0,False
VERACRUZ,New Spain,1711,in,Guatemala,REMITIDO DE RL CAJA DE GUATEMALA,MONTO,True,71455.0,71455.0,False
VERACRUZ,New Spain,1711,in,Mexico City,REMITIDO DE RL CAJA DE MEXICO,MONTO,True,1816264.0,1816264.0,False
VERACRUZ,New Spain,1712,in,Puebla,REMITIDO DE PUEBLA,MONTO,True,179.0,179.0,False
VERACRUZ,New Spain,1712,in,Mexico City,REMITIDO DE RL CAJA DE MEXICO,MONTO,True,800872.0,800872.0,False
VERACRUZ,New Spain,1712,in,Yucatan,REMITIDO DE RL CAJA DE YUCATAN,MONTO,True,5767.0,5767.0,False
VERACRUZ,New Spain,1712,in,Guadalajara,REMITIDO DE RL CAJA GUADALAJARA,MONTO,True,72385.0,72385.0,False
VERACRUZ,New Spain,1713,in,Puebla,REMITIDO DE PUEBLA,MONTO,True,631502.0,631502.0,False
VERACRUZ,New Spain,1713,in,Mexico City,REMITIDO DE RL CAJA DE MEXICO,MONTO,True,241880.0,241880.0,False
VERACRUZ,New Spain,1713,out,Spain,REMITIDO A CASTILLA,MONTO,True,631502.0,631502.0,False
VERACRUZ,New Spain,1713,in,Yucatan,REMITIDO DE RL CAJA DE YUCATAN,MONTO,True,2226.0,2226.0,False
VERACRUZ,New Spain,1713,out,Spain,REMITIDO A CASTILLA DE CARACAS,MONTO,True,22760.0,22760.0,False
VERACRUZ,New Spain,1713,out,Spain,REMITIDO A CASTILLA DE GUATEMALA,MONTO,True,63561.0,63561.0,False
VERACRUZ,New Spain,1713,out,Spain,REMITIDO A CASTILLA DE MEXICO,MONTO,True,476701.0,476701.0,False
VERACRUZ,New Spain,1713,out,Spain,REMITIDO A CASTILLA DE VERACRUZ,MONTO,True,33205.0,33205.0,False
VERACRUZ,New Spain,1713,out,Spain,REMITIDO A CASTILLA DE YUCATAN,MONTO,True,5767.0,5767.0,False
VERACRUZ,New Spain,1713,out,Spain,REMITIDO A CASTILLA O DE PUEBLA,MONTO,True,10000.0,10000.0,False
VERACRUZ,New Spain,1713,out,Havana,SITUADO DE HABANA,MONTO,True,58223.0,58223.0,False
VERACRUZ,New Spain,1714,out,Windward squadron,REMITIDO A PRESIDIOS BARLOVENTO,MONTO,True,386641.0,386641.0,False
VERACRUZ,New Spain,1714,in,Puebla,REMITIDO DE PUEBLA,MONTO,True,261460.0,261460.0,False
VERACRUZ,New Spain,1714,in,Mexico City,REMITIDO DE RL CAJA DE MEXICO,MONTO,True,342426.0,342426.0,False
VERACRUZ,New Spain,1715,out,Spain,REMITIDO A CASTILLA DE MEXICO,MONTO,True,600618.0,600618.0,False
VERACRUZ,New Spain,1715,out,Spain,REMITIDO A CASTILLA DE VERACRUZ,MONTO,True,6350.0,6350.0,False
VERACRUZ,New Spain,1715,out,Spain,REMITIDO A CASTILLA PATICULARES,MONTO,True,571849.0,571849.0,False
VERACRUZ,New Spain,1715,in,Puebla,REMITIDO DE PUEBLA,MONTO,True,257010.0,257010.0,False
VERACRUZ,New Spain,1715,out,Havana,SITUADO DE HABANA,MONTO,True,44000.0,44000.0,False
VERACRUZ,New Spain,1715,in,Mexico City,REMITIDO DE RL CAJA DE MEXICO,MONTO,True,964511.0,964511.0,False
VERACRUZ,New Spain,1716,out,Spain,REMITIDO A CASTILLA DE MARACAIBO,MONTO,True,2264.0,2264.0,False
VERACRUZ,New Spain,1716,out,Spain,REMITIDO A CASTILLA DE MEXICO,MONTO,True,73062.0,73062.0,False
VERACRUZ,New Spain,1716,out,Spain,REMITIDO A CASTILLA DE VERACRUZ,MONTO,True,4354.0,4354.0,False
VERACRUZ,New Spain,1716,out,Spain,REMITIDO A CASTILLA DE YUCATAN,MONTO,True,6319.0,6319.0,False
VERACRUZ,New Spain,1716,out,Spain,REMITIDO A CASTILLA PARTICULARES,MONTO,True,95938.0,95938.0,False
VERACRUZ,New Spain,1716,out,Windward squadron,REMITIDO A PRESIDIOS BARLOVENTO,MONTO,True,270922.0,270922.0,False
VERACRUZ,New Spain,1716,in,Mexico City,REMITIDO DE RL CAJA DE MEXICO,MONTO,True,444508.0,444508.0,False
VERACRUZ,New Spain,1716,in,Yucatan,REMITIDO DE RL CAJA DE YUCATAN,MONTO,True,9212.0,9212.0,False
VERACRUZ,New Spain,1717,out,Spain,REMITIDO A CASTILLA DE MEXICO,MONTO,True,878552.0,878552.0,False
VERACRUZ,New Spain,1717,out,Spain,REMITIDO A CASTILLA PARTICULARES,MONTO,True,2800.0,2800.0,False
VERACRUZ,New Spain,1717,out,Windward squadron,REMITIDO A PRESIDIOS BARLOVENTO,MONTO,True,297141.0,297141.0,False
VERACRUZ,New Spain,1717,out,Isla del Carmen,SITUADO DE YSLA DEL CARMEN,MONTO,True,8819.0,8819.0,False
VERACRUZ,New Spain,1717,in,Guatemala,REMITIDO DE RL CAJA DE GUATEMALA,MONTO,True,1100.0,1100.0,False
VERACRUZ,New Spain,1717,in,Mexico City,REMITIDO DE RL CAJA DE MEXICO,MONTO,True,1396748.0,1396748.0,False
VERACRUZ,New Spain,1717,in,Yucatan,REMITIDO DE RL CAJA DE YUCATAN,MONTO,True,7390.0,7390.0,False
VERACRUZ,New Spain,1718,out,Spain,REMITIDO A CASTILLA DE MEXICO,MONTO,True,1050500.0,1050500.0,False
VERACRUZ,New Spain,1718,out,Spain,REMITIDO A CASTILLA DE SOCONUSCO,MONTO,True,2282.0,2282.0,False
VERACRUZ,New Spain,1718,out,Spain,REMITIDO A CASTILLA DE VERACRUZ,MONTO,True,422132.0,422132.0,False
VERACRUZ,New Spain,1718,out,Spain,REMITIDO A CASTILLA PARTICULARES,MONTO,True,2000.0,2000.0,False
VERACRUZ,New Spain,1718,out,Havana,REMITIDO A HAVANA,MONTO,True,300000.0,300000.0,False
VERACRUZ,New Spain,1718,out,Windward squadron,REMITIDO A PRESIDIOS BARLOVENTO,MONTO,True,339224.0,339224.0,False
VERACRUZ,New Spain,1718,in,Mexico City,REMITIDO DE RL CAJA DE MEXICO,MONTO,True,1996223.0,1996223.0,False
VERACRUZ,New Spain,1718,in,Yucatan,REMITIDO DE RL CAJA DE YUCATAN,MONTO,True,1338.0,1338.0,False
VERACRUZ,New Spain,1718,out,Isla del Carmen,SITUADO DE YSLA DEL CARMEN,MONTO,True,22368.0,22368.0,False
VERACRUZ,New Spain,1719,out,Isla del Carmen,SITUADO DE YSLA DEL CARMEN,MONTO,True,6738.0,6738.0,False
VERACRUZ,New Spain,1719,in,Mexico City,REMITIDO DE RL CAJA DE MEXICO,MONTO,True,583440.0,583440.0,False
VERACRUZ,New Spain,1719,in,Yucatan,REMITIDO DE RL CAJA DE YUCATAN,MONTO,True,2482.0,2482.0,False
VERACRUZ,New Spain,1719,out,Spain,REMITIDO A CASTILLA DE CARACAS,MONTO,True,7362.0,7362.0,False
VERACRUZ,New Spain,1719,out,Spain,REMITIDO A CASTILLA DE CUMANA,MONTO,True,3610.0,3610.0,False
VERACRUZ,New Spain,1719,out,Spain,REMITIDO A CASTILLA DE MARACAIBO,MONTO,True,1775.0,1775.0,False
VERACRUZ,New Spain,1719,out,Spain,REMITIDO A CASTILLA DE MEXICO,MONTO,True,1169640.0,1169640.0,False
VERACRUZ,New Spain,1719,out,Spain,REMITIDO A CASTILLA DE VERACRUZ,MONTO,True,715.0,715.0,False
VERACRUZ,New Spain,1719,out,Spain,REMITIDO A CASTILLA DE YUCATAN,MONTO,True,2482.0,2482.0,False
VERACRUZ,New Spain,1719,in,Guatemala,REMITIDO DE RL CAJA DE GUATEMALA,MONTO,True,1205.0,1205.0,False
VERACRUZ,New Spain,1719,out,Spain,REMITIDO A CASTILLA PARTICULARES,MONTO,True,11212.0,11212.0,False
VERACRUZ,New Spain,1719,in,Mexico City,REMITIDO DE RL CAJA DE MEXICO,MONTO,True,2459992.0,2459992.0,False
VERACRUZ,New Spain,1719,out,Windward squadron,REMITIDO A PRESIDIOS BARLOVENTO,MONTO,True,391375.0,391375.0,False
VERACRUZ,New Spain,1719,in,Yucatan,REMITIDO DE RL CAJA DE YUCATAN,MONTO,True,1657.0,1657.0,False
VERACRUZ,New Spain,1719,out,Florida,SITUADO DE FLORIDA,MONTO,True,6908.0,6908.0,False
VERACRUZ,New Spain,1719,out,Isla del Carmen,SITUADO DE YSLA DEL CARMEN,MONTO,True,32813.0,32813.0,False
VERACRUZ,New Spain,1721,out,Spain,REMITIDO A CASTILLA DE CARACAS,MONTO,True,15092.0,15092.0,False
VERACRUZ,New Spain,1721,out,Spain,REMITIDO A CASTILLA DE GUATEMALA,MONTO,True,79183.0,79183.0,False
VERACRUZ,New Spain,1721,out,Spain,REMITIDO A CASTILLA DE MEXICO,MONTO,True,386841.0,386841.0,False
VERACRUZ,New Spain,1721,out,Spain,REMITIDO A CASTILLA DE YUCATAN,MONTO,True,4143.0,4143.0,False
VERACRUZ,New Spain,1721,in,Guatemala,REMITIDO DE RL CAJA DE GUATEMALA,MONTO,True,79184.0,79184.0,False
VERACRUZ,New Spain,1721,out,Spain,REMITIDO A CASTILLA P SELLADO,MONTO,True,7003.0,7003.0,False
VERACRUZ,New Spain,1721,in,Mexico City,REMITIDO DE RL CAJA DE MEXICO,MONTO,True,1314111.0,1314111.0,False
VERACRUZ,New Spain,1721,out,Spain,REMITIDO A CASTILLA PARTICULARES,MONTO,True,1422.0,1422.0,False
VERACRUZ,New Spain,1721,in,Yucatan,REMITIDO DE RL CAJA DE YUCATAN,MONTO,True,3740.0,3740.0,False
VERACRUZ,New Spain,1721,out,Windward squadron,REMITIDO A PRESIDIOS BARLOVENTO,MONTO,True,401145.0,401145.0,False
VERACRUZ,New Spain,1722,out,Spain,REMITIDO A CASTILLA DE MEXICO,MONTO,True,457298.0,457298.0,False
VERACRUZ,New Spain,1722,in,Guatemala,REMITIDO DE RL CAJA DE GUATEMALA,MONTO,True,35.0,35.0,False
VERACRUZ,New Spain,1722,in,Mexico City,REMITIDO DE RL CAJA DE MEXICO,MONTO,True,886594.0,886594.0,False
VERACRUZ,New Spain,1722,out,Isla del Carmen,SITUADO DE YSLA DEL CARMEN,MONTO,True,22054.0,22054.0,False
VERACRUZ,New Spain,1722,out,Spain,REMITIDO A CASTILLA DE CARACAS,MONTO,True,7245.0,7245.0,False
VERACRUZ,New Spain,1722,out,Spain,REMITIDO A CASTILLA DE GUATEMALA,MONTO,True,35.0,35.0,False
VERACRUZ,New Spain,1722,in,Mexico City,REMITIDO DE RL CAJA DE MEXICO,MONTO,True,1621774.0,1621774.0,False
VERACRUZ,New Spain,1722,out,Spain,REMITIDO A CASTILLA DE MARACAIBO,MONTO,True,1865.0,1865.0,False
VERACRUZ,New Spain,1722,in,Yucatan,REMITIDO DE RL CAJA DE YUCATAN,MONTO,True,1202.0,1202.0,False
VERACRUZ,New Spain,1722,out,Spain,REMITIDO A CASTILLA DE MEXICO,MONTO,True,467299.0,467299.0,False
VERACRUZ,New Spain,1722,out,Spain,REMITIDO A CASTILLA DE VERACRUZ,MONTO,True,11171.0,11171.0,False
VERACRUZ,New Spain,1722,out,Spain,REMITIDO A CASTILLA DE YUCATAN,MONTO,True,2456.0,2456.0,False
VERACRUZ,New Spain,1722,out,Spain,REMITIDO A CASTILLA PARTICULARES,MONTO,True,1380.0,1380.0,False
VERACRUZ,New Spain,1722,out,Windward squadron,REMITIDO A PRESIDIOS BARLOVENTO,MONTO,True,482980.0,482980.0,False
VERACRUZ,New Spain,1724,out,Spain,REMITIDO A CASTILLA DE CARACAS,MONTO,True,6360.0,6360.0,False
VERACRUZ,New Spain,1724,in,Puebla,REMITIDO DE PUEBLA,MONTO,True,6038.0,6038.0,False
VERACRUZ,New Spain,1724,out,Spain,REMITIDO A CASTILLA DE CUMANIA,MONTO,True,780.0,780.0,False
VERACRUZ,New Spain,1724,out,Spain,REMITIDO A CASTILLA DE GUATEMALA,MONTO,True,72816.0,72816.0,False
VERACRUZ,New Spain,1724,in,Guatemala,REMITIDO DE RL CAJA DE GUATEMALA,MONTO,True,72816.0,72816.0,False
VERACRUZ,New Spain,1724,out,Spain,REMITIDO A CASTILLA DE MEXICO,MONTO,True,511898.0,511898.0,False
VERACRUZ,New Spain,1724,in,Mexico City,REMITIDO DE RL CAJA DE MEXICO,MONTO,True,1382518.0,1382518.0,False
VERACRUZ,New Spain,1724,out,Spain,REMITIDO A CASTILLA DE VERACRUZ,MONTO,True,17185.0,17185.0,False
VERACRUZ,New Spain,1724,in,Yucatan,REMITIDO DE RL CAJA DE YUCATAN,MONTO,True,534.0,534.0,False
VERACRUZ,New Spain,1724,out,Spain,REMITIDO A CASTILLA DE YUCATAN,MONTO,True,534.0,534.0,False
VERACRUZ,New Spain,1724,out,Spain,REMITIDO A CASTILLA PARTICULARES,MONTO,True,18412.0,18412.0,False
VERACRUZ,New Spain,1724,out,Windward squadron,REMITIDO A PRESIDIOS BARLOVENTO,MONTO,True,393951.0,393951.0,False
VERACRUZ,New Spain,1724,out,Isla del Carmen,SITUADO DE YSLA DEL CARMEN,MONTO,True,44951.0,44951.0,False
VERACRUZ,New Spain,1725,out,Windward squadron,REMITIDO A PRESIDIOS BARLOVENTO,MONTO,True,525156.0,525156.0,False
VERACRUZ,New Spain,1725,in,Mexico City,REMITIDO DE RL CAJA DE MEXICO,MONTO,True,965325.0,965325.0,False
VERACRUZ,New Spain,1725,in,Yucatan,REMITIDO DE RL CAJA DE YUCATAN,MONTO,True,11902.0,11902.0,False
VERACRUZ,New Spain,1726,out,Spain,REMITIDO A CASTILLA BIENES DIF,MONTO,True,11562.0,11562.0,False
VERACRUZ,New Spain,1726,out,Spain,REMITIDO A CASTILLA DE CARACAS,MONTO,True,28353.0,28353.0,False
VERACRUZ,New Spain,1726,out,Spain,REMITIDO A CASTILLA DE GUATEMALA,MONTO,True,126768.0,126768.0,False
VERACRUZ,New Spain,1726,out,Spain,REMITIDO A CASTILLA DE MARACAIBO,MONTO,True,729.0,729.0,False
VERACRUZ,New Spain,1726,out,Spain,REMITIDO A CASTILLA DE MEXICO,MONTO,True,1413316.0,1413316.0,False
VERACRUZ,New Spain,1726,out,Spain,REMITIDO A CASTILLA DE PUEBLA,MONTO,True,27000.0,27000.0,False
VERACRUZ,New Spain,1726,out,Spain,REMITIDO A CASTILLA DE S DOMINGO,MONTO,True,2497.0,2497.0,False
VERACRUZ,New Spain,1726,in,Guatemala,REMITIDO DE RL CAJA DE GUATEMALA,MONTO,True,126768.0,126768.0,False
VERACRUZ,New Spain,1726,out,Spain,REMITIDO A CASTILLA DE VERACRUZ,MONTO,True,10041.0,10041.0,False
VERACRUZ,New Spain,1726,in,Mexico City,REMITIDO DE RL CAJA DE MEXICO,MONTO,True,2796771.0,2796771.0,False
VERACRUZ,New Spain,1726,out,Spain,REMITIDO A CASTILLA DE YUCATAN,MONTO,True,16170.0,16170.0,False
VERACRUZ,New Spain,1726,in,Yucatan,REMITIDO DE RL CAJA DE YUCATAN,MONTO,True,4268.0,4268.0,False
VERACRUZ,New Spain,1726,out,Windward squadron,REMITIDO A PRESIDIOS BARLOVENTO,MONTO,True,417563.0,417563.0,False
VERACRUZ,New Spain,1726,in,Santo Domingo,REMITIDO DE SANTO DOMINGO,MONTO,True,2497.0,2497.0,False
VERACRUZ,New Spain,1726,out,Isla del Carmen,SITUADO DE YSLA DEL CARMEN,MONTO,True,25073.0,25073.0,False
VERACRUZ,New Spain,1727,out,Windward squadron,REMITIDO A PRESIDIOS BARLOVENTO,MONTO,True,463730.0,463730.0,False
VERACRUZ,New Spain,1727,out,Isla del Carmen,SITUADO DE YSLA DEL CARMEN,MONTO,True,29149.0,29149.0,False
VERACRUZ,New Spain,1727,in,Mexico City,REMITIDO DE RL CAJA DE MEXICO,MONTO,True,1408643.0,1408643.0,False
VERACRUZ,New Spain,1727,in,Yucatan,REMITIDO DE RL CAJA DE YUCATAN,MONTO,True,8440.0,8440.0,False
VERACRUZ,New Spain,1728,out,Spain,REMITIDO A CASTILLA DE CARACAS,MONTO,True,30586.0,30586.0,False
VERACRUZ,New Spain,1728,out,Spain,REMITIDO A CASTILLA DE CUMANA,MONTO,True,947.0,947.0,False
VERACRUZ,New Spain,1728,out,Spain,REMITIDO A CASTILLA DE DE YUCATAN,MONTO,True,19215.0,19215.0,False
VERACRUZ,New Spain,1728,in,Guatemala,REMITIDO DE RL CAJA DE GUATEMALA,MONTO,True,112975.0,112975.0,False
VERACRUZ,New Spain,1728,out,Spain,REMITIDO A CASTILLA DE GUATEMALA,MONTO,True,112975.0,112975.0,False
VERACRUZ,New Spain,1728,in,Mexico City,REMITIDO DE RL CAJA DE MEXICO,MONTO,True,1939574.0,1939574.0,False
VERACRUZ,New Spain,1728,out,Spain,REMITIDO A CASTILLA DE MEXICO,MONTO,True,1204123.0,1204123.0,False
VERACRUZ,New Spain,1728,in,Yucatan,REMITIDO DE RL CAJA DE YUCATAN,MONTO,True,10775.0,10775.0,False
VERACRUZ,New Spain,1728,out,Spain,REMITIDO A CASTILLA DE VERACRUZ,MONTO,True,55200.0,55200.0,False
VERACRUZ,New Spain,1728,out,Isla del Carmen,SITUADO DE YSLA DEL CARMEN,MONTO,True,68473.0,68473.0,False
VERACRUZ,New Spain,1729,out,Windward squadron,REMITIDO A PRESIDIOS BARLOVENTO,MONTO,True,469335.0,469335.0,False
VERACRUZ,New Spain,1729,out,Isla del Carmen,SITUADO DE YSLA DEL CARMEN,MONTO,True,34158.0,34158.0,False
VERACRUZ,New Spain,1729,in,Mexico City,REMITIDO DE RL CAJA DE MEXICO,MONTO,True,1105801.0,1105801.0,False
VERACRUZ,New Spain,1730,out,Spain,REMITIDO A CASTILLA DE CARACAS,MONTO,True,8847.0,8847.0,False
VERACRUZ,New Spain,1730,out,Spain,REMITIDO A CASTILLA DE CUMANA,MONTO,True,673.0,673.0,False
VERACRUZ,New Spain,1730,out,Spain,REMITIDO A CASTILLA DE MEXICO,MONTO,True,934853.0,934853.0,False
VERACRUZ,New Spain,1730,out,Spain,REMITIDO A CASTILLA DE VERACRUZ,MONTO,True,23240.0,23240.0,False
VERACRUZ,New Spain,1730,out,Spain,REMITIDO A CASTILLA DE YUCATAN,MONTO,True,1286.0,1286.0,False
VERACRUZ,New Spain,1730,out,Windward squadron,REMITIDO A PRESIDIOS BARLOVENTO,MONTO,True,410547.0,410547.0,False
VERACRUZ,New Spain,1730,in,Mexico City,REMITIDO DE RL CAJA DE MEXICO,MONTO,True,2060817.0,2060817.0,False
VERACRUZ,New Spain,1730,out,Isla del Carmen,SITUADO DE YSLA DEL CARMEN,MONTO,True,75521.0,75521.0,False
VERACRUZ,New Spain,1730,in,Yucatan,REMITIDO DE RL CAJA DE YUCATAN,MONTO,True,1286.0,1286.0,False
VERACRUZ,New Spain,1731,out,Spain,REMITIDO A CASTILLA DE CARACAS,MONTO,True,12081.0,12081.0,False
VERACRUZ,New Spain,1731,out,Spain,REMITIDO A CASTILLA DE GUATEMALA,MONTO,True,56772.0,56772.0,False
VERACRUZ,New Spain,1731,out,Spain,REMITIDO A CASTILLA DE VERACRUZ,MONTO,True,3409.0,3409.0,False
VERACRUZ,New Spain,1731,out,Windward squadron,REMITIDO A PRESIDIOS BARLOVENTO,MONTO,True,548286.0,548286.0,False
VERACRUZ,New Spain,1731,in,Campeche,REMITIDO DE RL CAJA DE CAMPECHE,MONTO,True,3212.0,3212.0,False
VERACRUZ,New Spain,1731,out,Isla del Carmen,SITUADO DE YSLA DEL CARMEN,MONTO,True,31680.0,31680.0,False
VERACRUZ,New Spain,1731,in,Guatemala,REMITIDO DE RL CAJA DE GUATEMALA,MONTO,True,56772.0,56772.0,False
VERACRUZ,New Spain,1731,in,Mexico City,REMITIDO DE RL CAJA DE MEXICO,MONTO,True,1899504.0,1899504.0,False
VERACRUZ,New Spain,1732,out,Spain,REMITIDO A CASTILLA DE CARACAS,MONTO,True,6550.0,6550.0,False
VERACRUZ,New Spain,1732,out,Spain,REMITIDO A CASTILLA DE MEXICO,MONTO,True,1516394.0,1516394.0,False
VERACRUZ,New Spain,1732,out,Spain,REMITIDO A CASTILLA DE VERACRUZ,MONTO,True,35214.0,35214.0,False
VERACRUZ,New Spain,1732,out,Spain,REMITIDO A CASTILLA DE YUCATAN,MONTO,True,4257.0,4257.0,False
VERACRUZ,New Spain,1732,out,Windward squadron,REMITIDO A PRESIDIOS BARLOVENTO,MONTO,True,545992.0,545992.0,False
VERACRUZ,New Spain,1732,in,Guatemala,REMITIDO DE RL CAJA DE GUATEMALA,MONTO,True,44116.0,44116.0,False
VERACRUZ,New Spain,1732,in,Mexico City,REMITIDO DE RL CAJA DE MEXICO,MONTO,True,3108257.0,3108257.0,False
VERACRUZ,New Spain,1732,out,Isla del Carmen,SITUADO DE YSLA DEL CARMEN,MONTO,True,29757.0,29757.0,False
VERACRUZ,New Spain,1732,in,Yucatan,REMITIDO DE RL CAJA DE YUCATAN,MONTO,True,1045.0,1045.0,False
VERACRUZ,New Spain,1733,out,Spain,REMITIDO A CASTILLA DE CARACAS,MONTO,True,28799.0,28799.0,False
VERACRUZ,New Spain,1733,out,Spain,REMITIDO A CASTILLA DE GUATEMALA,MONTO,True,80989.0,80989.0,False
VERACRUZ,New Spain,1733,out,Spain,REMITIDO A CASTILLA DE MEXICO,MONTO,True,1378601.0,1378601.0,False
VERACRUZ,New Spain,1733,out,Spain,REMITIDO A CASTILLA DE VERACRUZ,MONTO,True,31774.0,31774.0,False
VERACRUZ,New Spain,1733,out,Windward squadron,REMITIDO A PRESIDIOS BARLOVENTO,MONTO,True,525865.0,525865.0,False
VERACRUZ,New Spain,1733,out,Isla del Carmen,SITUADO DE YSLA DEL CARMEN,MONTO,True,81858.0,81858.0,False
VERACRUZ,New Spain,1733,in,Guatemala,REMITIDO DE RL CAJA DE GUATEMALA,MONTO,True,36873.0,36873.0,False
VERACRUZ,New Spain,1733,in,Mexico City,REMITIDO DE RL CAJA DE MEXICO,MONTO,True,2939420.0,2939420.0,False
VERACRUZ,New Spain,1734,out,Spain,REMITIDO A CASTILLA DE CARACAS,MONTO,True,14059.0,14059.0,False
VERACRUZ,New Spain,1734,out,Spain,REMITIDO A CASTILLA DE CUMANA,MONTO,True,1531.0,1531.0,False
VERACRUZ,New Spain,1734,out,Spain,REMITIDO A CASTILLA DE MEXICO,MONTO,True,958266.0,958266.0,False
VERACRUZ,New Spain,1734,out,Spain,REMITIDO A CASTILLA DE VERACRUZ,MONTO,True,8772.0,8772.0,False
VERACRUZ,New Spain,1734,out,Isla del Carmen,SITUADO DE YSLA DEL CARMEN,MONTO,True,48008.0,48008.0,False
VERACRUZ,New Spain,1734,in,Mexico City,REMITIDO DE RL CAJA DE MEXICO,MONTO,True,2318320.0,2318320.0,False
VERACRUZ,New Spain,1735,out,Spain,REMITIDO A CASTILLA DE CARACAS,MONTO,True,5617.0,5617.0,False
VERACRUZ,New Spain,1735,out,Spain,REMITIDO A CASTILLA DE GUATEMALA,MONTO,True,67431.0,67431.0,False
VERACRUZ,New Spain,1735,out,Spain,REMITIDO A CASTILLA DE MEXICO,MONTO,True,1303912.0,1303912.0,False
VERACRUZ,New Spain,1735,out,Spain,REMITIDO A CASTILLA DE VERACRUZ,MONTO,True,5391.0,5391.0,False
VERACRUZ,New Spain,1735,out,Windward squadron,REMITIDO A PRESIDIOS BARLOVENTO,MONTO,True,551090.0,551090.0,False
VERACRUZ,New Spain,1735,out,Isla del Carmen,SITUADO DE YSLA DEL CARMEN,MONTO,True,51899.0,51899.0,False
VERACRUZ,New Spain,1735,in,Guatemala,REMITIDO DE RL CAJA DE GUATEMALA,MONTO,True,67431.0,67431.0,False
VERACRUZ,New Spain,1735,in,Mexico City,REMITIDO DE RL CAJA DE MEXICO,MONTO,True,1989932.0,1989932.0,False
VERACRUZ,New Spain,1736,out,Spain,REMITIDO A CASTILLA DE CARACAS,MONTO,True,13234.0,13234.0,False
VERACRUZ,New Spain,1736,out,Spain,REMITIDO A CASTILLA DE CUMANA,MONTO,True,933.0,933.0,False
VERACRUZ,New Spain,1736,out,Spain,REMITIDO A CASTILLA DE GUATEMALA,MONTO,True,20000.0,20000.0,False
VERACRUZ,New Spain,1736,out,Spain,REMITIDO A CASTILLA DE MEXICO,MONTO,True,934745.0,934745.0,False
VERACRUZ,New Spain,1736,out,Spain,REMITIDO A CASTILLA DE VERACRUZ,MONTO,True,1082.0,1082.0,False
VERACRUZ,New Spain,1736,out,Spain,REMITIDO A CASTILLA DE YUCATAN,MONTO,True,5282.0,5282.0,False
VERACRUZ,New Spain,1736,in,Guatemala,REMITIDO DE RL CAJA DE GUATEMALA,MONTO,True,20000.0,20000.0,False
VERACRUZ,New Spain,1736,out,Windward squadron,REMITIDO A PRESIDIOS BARLOVENTO,MONTO,True,534815.0,534815.0,False
VERACRUZ,New Spain,1736,in,Mexico City,REMITIDO DE RL CAJA DE MEXICO,MONTO,True,3486821.0,3486821.0,False
VERACRUZ,New Spain,1736,in,Yucatan,REMITIDO DE RL CAJA DE YUCATAN,MONTO,True,9224.0,9224.0,False
VERACRUZ,New Spain,1736,out,Isla del Carmen,SITUADO DE YSLA DEL CARMEN,MONTO,True,64583.0,64583.0,False
VERACRUZ,New Spain,1737,out,Spain,REMITIDO A CASTILLA DE CARACAS,MONTO,True,1501.0,1501.0,False
VERACRUZ,New Spain,1737,out,Spain,REMITIDO A CASTILLA DE GUATEMALA,MONTO,True,26519.0,26519.0,False
VERACRUZ,New Spain,1737,out,Spain,REMITIDO A CASTILLA DE MEXICO,MONTO,True,1028353.0,1028353.0,False
VERACRUZ,New Spain,1737,out,Spain,REMITIDO A CASTILLA DE PUEBLA,MONTO,True,14851.0,14851.0,False
VERACRUZ,New Spain,1737,out,Spain,REMITIDO A CASTILLA DE VERACRUZ,MONTO,True,42692.0,42692.0,False
VERACRUZ,New Spain,1737,out,Spain,REMITIDO A CASTILLA DE YUCATAN,MONTO,True,3942.0,3942.0,False
VERACRUZ,New Spain,1737,out,Windward squadron,REMITIDO A PRESIDIOS BARLOVENTO,MONTO,True,613641.0,613641.0,False
VERACRUZ,New Spain,1737,in,Puebla,REMITIDO DE PUEBLA,MONTO,True,14851.0,14851.0,False
VERACRUZ,New Spain,1737,out,Isla del Carmen,SITUADO DE YSLA DEL CARMEN,MONTO,True,52957.0,52957.0,False
VERACRUZ,New Spain,1737,in,Guatemala,REMITIDO DE RL CAJA DE GUATEMALA,MONTO,True,26519.0,26519.0,False
VERACRUZ,New Spain,1737,in,Mexico City,REMITIDO DE RL CAJA DE MEXICO,MONTO,True,1738773.0,1738773.0,False
VERACRUZ,New Spain,1738,out,Windward squadron,REMITIDO A PRESIDIOS BARLOVENTO,MONTO,True,590305.0,590305.0,False
VERACRUZ,New Spain,1738,out,Isla del Carmen,SITUADO DE YSLA DEL CARMEN,MONTO,True,2066.0,2066.0,False
VERACRUZ,New Spain,1738,in,Puebla,REMITIDO DE PUEBLA,MONTO,True,2256.0,2256.0,False
VERACRUZ,New Spain,1738,in,Guatemala,REMITIDO DE RL CAJA DE GUATEMALA,MONTO,True,152020.0,152020.0,False
VERACRUZ,New Spain,1738,in,Mexico City,REMITIDO DE RL CAJA DE MEXICO,MONTO,True,2522952.0,2522952.0,False
VERACRUZ,New Spain,1739,out,Spain,REMITIDO A CASTILLA DE CARACAS,MONTO,True,18484.0,18484.0,False
VERACRUZ,New Spain,1739,out,Spain,REMITIDO A CASTILLA DE CUMANA,MONTO,True,3351.0,3351.0,False
VERACRUZ,New Spain,1739,out,Spain,REMITIDO A CASTILLA DE GUATEMALA,MONTO,True,152020.0,152020.0,False
VERACRUZ,New Spain,1739,out,Spain,REMITIDO A CASTILLA DE MARACAIBO,MONTO,True,590.0,590.0,False
VERACRUZ,New Spain,1739,out,Spain,REMITIDO A CASTILLA DE MEXICO,MONTO,True,713266.0,713266.0,False
VERACRUZ,New Spain,1739,out,Spain,REMITIDO A CASTILLA DE PUEBLA,MONTO,True,2256.0,2256.0,False
VERACRUZ,New Spain,1739,out,Spain,REMITIDO A CASTILLA DE VERACRUZ,MONTO,True,7830.0,7830.0,False
VERACRUZ,New Spain,1739,out,Windward squadron,REMITIDO A PRESIDIOS BARLOVENTO,MONTO,True,305000.0,305000.0,False
VERACRUZ,New Spain,1739,in,Mexico City,REMITIDO DE RL CAJA DE MEXICO,MONTO,True,1650000.0,1650000.0,False
VERACRUZ,New Spain,1739,out,Isla del Carmen,SITUADO DE YSLA DEL CARMEN,MONTO,True,53328.0,53328.0,False
VERACRUZ,New Spain,1740,out,Havana,REMITIDO A HAVANA,MONTO,True,609311.0,609311.0,False
VERACRUZ,New Spain,1740,out,Windward squadron,REMITIDO A PRESIDIOS BARLOVENTO,MONTO,True,305242.0,305242.0,False
VERACRUZ,New Spain,1740,out,Isla del Carmen,SITUADO DE YSLA DEL CARMEN,MONTO,True,51576.0,51576.0,False
VERACRUZ,New Spain,1740,in,Guatemala,REMITIDO DE RL CAJA DE GUATEMALA,MONTO,True,5380.0,5380.0,False
VERACRUZ,New Spain,1740,in,Mexico City,REMITIDO DE RL CAJA DE MEXICO,MONTO,True,1860628.0,1860628.0,False
VERACRUZ,New Spain,1741,out,Windward squadron,REMITIDO A PRESIDIOS BARLOVENTO,MONTO,True,1217523.0,1217523.0,False
VERACRUZ,New Spain,1741,out,Isla del Carmen,SITUADO DE YSLA DEL CARMEN,MONTO,True,56897.0,56897.0,False
VERACRUZ,New Spain,1741,in,Mexico City,REMITIDO DE RL CAJA DE MEXICO,MONTO,True,2927916.0,2927916.0,False
VERACRUZ,New Spain,1742,out,Windward squadron,REMITIDO A PRESIDIOS BARLOVENTO,MONTO,True,400000.0,400000.0,False
VERACRUZ,New Spain,1742,out,Isla del Carmen,SITUADO DE YSLA DEL CARMEN,MONTO,True,55480.0,55480.0,False
VERACRUZ,New Spain,1742,in,Mexico City,REMITIDO DE RL CAJA DE MEXICO,MONTO,True,1677646.0,1677646.0,False
VERACRUZ,New Spain,1743,out,Windward squadron,REMITIDO A PRESIDIOS BARLOVENTO,MONTO,True,1223137.0,1223137.0,False
VERACRUZ,New Spain,1743,out,Isla del Carmen,SITUADO DE YSLA DEL CARMEN,MONTO,True,2720.0,2720.0,False
VERACRUZ,New Spain,1743,in,Guatemala,REMITIDO DE RL CAJA DE GUATEMALA,MONTO,True,31717.0,31717.0,False
VERACRUZ,New Spain,1743,in,Mexico City,REMITIDO DE RL CAJA DE MEXICO,MONTO,True,3190300.0,3190300.0,False
VERACRUZ,New Spain,1744,out,Spain,REMITIDO A CASTILLA DE GUATEMALA,MONTO,True,142415.0,142415.0,False
VERACRUZ,New Spain,1744,out,Spain,REMITIDO A CASTILLA DE MEXICO,MONTO,True,1548302.0,1548302.0,False
VERACRUZ,New Spain,1744,out,Windward squadron,REMITIDO A PRESIDIOS BARLOVENTO,MONTO,True,760832.0,760832.0,False
VERACRUZ,New Spain,1744,out,Isla del Carmen,SITUADO DE YSLA DEL CARMEN,MONTO,True,58709.0,58709.0,False
VERACRUZ,New Spain,1744,in,Guatemala,REMITIDO DE RL CAJA DE GUATEMALA,MONTO,True,142415.0,142415.0,False
VERACRUZ,New Spain,1744,in,Mexico City,REMITIDO DE RL CAJA DE MEXICO,MONTO,True,4131557.0,4131557.0,False
VERACRUZ,New Spain,1744,in,Yucatan,REMITIDO DE RL CAJA DE YUCATAN,MONTO,True,8374.0,8374.0,False
VERACRUZ,New Spain,1745,out,Spain,REMITIDO A CASTILLA DE MEXICO,MONTO,True,200000.0,200000.0,False
VERACRUZ,New Spain,1745,out,Windward squadron,REMITIDO A PRESIDIOS BARLOVENTO,MONTO,True,1106921.0,1106921.0,False
VERACRUZ,New Spain,1745,out,Isla del Carmen,SITUADO DE YSLA DEL CARMEN,MONTO,True,54443.0,54443.0,False
VERACRUZ,New Spain,1745,in,Guatemala,REMITIDO DE RL CAJA DE GUATEMALA,MONTO,True,120148.0,120148.0,False
VERACRUZ,New Spain,1745,in,Mexico City,REMITIDO DE RL CAJA DE MEXICO,MONTO,True,2405620.0,2405620.0,False
VERACRUZ,New Spain,1745,in,Yucatan,REMITIDO DE RL CAJA DE YUCATAN,MONTO,True,885.0,885.0,False
VERACRUZ,New Spain,1746,out,Spain,REMITIDO A CASTILLA DE MEXICO,MONTO,True,1185061.0,1185061.0,False
VERACRUZ,New Spain,1746,out,Windward squadron,REMITIDO A PRESIDIOS BARLOVENTO,MONTO,True,1058708.0,1058708.0,False
VERACRUZ,New Spain,1746,in,Guatemala,REMITIDO DE RL CAJA DE GUATEMALA,MONTO,True,100000.0,100000.0,False
VERACRUZ,New Spain,1746,in,Mexico City,REMITIDO DE RL CAJA DE MEXICO,MONTO,True,3915785.0,3915785.0,False
VERACRUZ,New Spain,1746,in,Yucatan,REMITIDO DE RL CAJA DE YUCATAN,MONTO,True,2478.0,2478.0,False
VERACRUZ,New Spain,1747,out,Spain,REMITIDO A CASTILLA DE MEXICO,MONTO,True,953258.0,953258.0,False
VERACRUZ,New Spain,1747,out,Windward squadron,REMITIDO A PRESIDIOS BARLOVENTO,MONTO,True,1118227.0,1118227.0,False
VERACRUZ,New Spain,1747,in,Puebla,REMITIDO DE PUEBLA,MONTO,True,60563.0,60563.0,False
VERACRUZ,New Spain,1747,in,Campeche,REMITIDO DE RL CAJA DE CAMPECHE,MONTO,True,250.0,250.0,False
VERACRUZ,New Spain,1747,in,Guatemala,REMITIDO DE RL CAJA DE GUATEMALA,MONTO,True,125476.0,125476.0,False
VERACRUZ,New Spain,1747,in,Mexico City,REMITIDO DE RL CAJA DE MEXICO,MONTO,True,2950000.0,2950000.0,False
VERACRUZ,New Spain,1748,in,unspecified,VENIDO DE FUERA,MONTO,True,3138920.0,3138920.0,False
VERACRUZ,New Spain,1748,out,Spain,REMITIDO A CASTILLA DE MEXICO,MONTO,True,981143.0,981143.0,False
VERACRUZ,New Spain,1748,out,Havana,REMITIDO A HAVANA,MONTO,True,300000.0,300000.0,False
VERACRUZ,New Spain,1748,out,Havana,SITUADO DE HABANA,MONTO,True,1907828.0,1907828.0,False
VERACRUZ,New Spain,1748,out,Isla del Carmen,SITUADO DE YSLA DEL CARMEN,MONTO,True,400.0,400.0,False
VERACRUZ,New Spain,1749,out,Spain,REMITIDO A CASTILLA DE MEXICO,MONTO,True,1212688.0,1212688.0,False
VERACRUZ,New Spain,1749,out,Windward squadron,REMITIDO A PRESIDIOS BARLOVENTO,MONTO,True,1931258.0,1931258.0,False
VERACRUZ,New Spain,1749,in,Puebla,REMITIDO DE PUEBLA,MONTO,True,60000.0,60000.0,False
VERACRUZ,New Spain,1749,out,Isla del Carmen,SITUADO DE YSLA DEL CARMEN,MONTO,True,20179.0,20179.0,False
VERACRUZ,New Spain,1749,in,Guatemala,REMITIDO DE RL CAJA DE GUATEMALA,MONTO,True,80538.0,80538.0,False
VERACRUZ,New Spain,1749,in,Mexico City,REMITIDO DE RL CAJA DE MEXICO,MONTO,True,2981622.0,2981622.0,False
VERACRUZ,New Spain,1749,in,Yucatan,REMITIDO DE RL CAJA DE YUCATAN,MONTO,True,938.0,938.0,False
VERACRUZ,New Spain,1750,out,Spain,REMITIDO A CASTILLA DE MEXICO,MONTO,True,213501.0,213501.0,False
VERACRUZ,New Spain,1750,in,Puebla,REMITIDO DE PUEBLA,MONTO,True,100742.0,100742.0,False
VERACRUZ,New Spain,1750,out,Windward squadron,REMITIDO A PRESIDIOS BARLOVENTO,MONTO,True,1449468.0,1449468.0,False
VERACRUZ,New Spain,1750,in,Guatemala,REMITIDO DE RL CAJA DE GUATEMALA,MONTO,True,113622.0,113622.0,False
VERACRUZ,New Spain,1750,in,Mexico City,REMITIDO DE RL CAJA DE MEXICO,MONTO,True,2765289.0,2765289.0,False
VERACRUZ,New Spain,1750,in,Yucatan,REMITIDO DE RL CAJA DE YUCATAN,MONTO,True,4174.0,4174.0,False
VERACRUZ,New Spain,1750,in,Guadalajara,REMITIDO DE RL CAJA GUADALAJARA,MONTO,True,4354.0,4354.0,False
VERACRUZ,New Spain,1753,out,Spain,REMITIDO A CASTILLA DE MEXICO,MONTO,True,2380088.0,2380088.0,False
VERACRUZ,New Spain,1753,out,Havana,REMITIDO A HAVANA,MONTO,True,2008226.0,2008226.0,False
VERACRUZ,New Spain,1753,in,Mexico City,REMITIDO DE RL CAJA DE MEXICO,MONTO,True,3918976.0,3918976.0,False
VERACRUZ,New Spain,1754,out,Campeche,REMITIDO A CAMPECHE,MONTO,True,86005.0,86005.0,False
VERACRUZ,New Spain,1754,out,Spain,REMITIDO A CASTILLA DE MEXICO,MONTO,True,2394501.0,2394501.0,False
VERACRUZ,New Spain,1754,out,Havana,REMITIDO A HAVANA,MONTO,True,1453284.0,1453284.0,False
VERACRUZ,New Spain,1754,in,Mexico City,REMITIDO DE RL CAJA DE MEXICO,MONTO,True,4175408.0,4175408.0,False
VERACRUZ,New Spain,1755,out,Spain,REMITIDO A CASTILLA DE MEXICO,MONTO,True,69418.0,69418.0,False
VERACRUZ,New Spain,1755,out,Havana,REMITIDO A HAVANA,MONTO,True,1844306.0,1844306.0,False
VERACRUZ,New Spain,1755,in,Campeche,REMITIDO DE RL CAJA DE CAMPECHE,MONTO,True,38717.0,38717.0,False
VERACRUZ,New Spain,1755,in,Guatemala,REMITIDO DE RL CAJA DE GUATEMALA,MONTO,True,1932.0,1932.0,False
VERACRUZ,New Spain,1755,in,Mexico City,REMITIDO DE RL CAJA DE MEXICO,MONTO,True,3724042.0,3724042.0,False
VERACRUZ,New Spain,1755,in,Guadalajara,REMITIDO DE RL CAJA GUADALAJARA,MONTO,True,1547.0,1547.0,False
VERACRUZ,New Spain,1755,in,Santo Domingo,REMITIDO DE SANTO DOMINGO,MONTO,True,224.0,224.0,False
VERACRUZ,New Spain,1756,out,Spain,REMITIDO A CASTILLA DE MEXICO,MONTO,True,2847966.0,2847966.0,False
VERACRUZ,New Spain,1756,out,Havana,REMITIDO A HAVANA,MONTO,True,158367.0,158367.0,False
VERACRUZ,New Spain,1756,in,Campeche,REMITIDO DE RL CAJA DE CAMPECHE,MONTO,True,7494.0,7494.0,False
VERACRUZ,New Spain,1756,in,Mexico City,REMITIDO DE RL CAJA DE MEXICO,MONTO,True,3186867.0,3186867.0,False
VERACRUZ,New Spain,1757,out,Campeche,REMITIDO A CAMPECHE,MONTO,True,10000.0,10000.0,False
VERACRUZ,New Spain,1757,out,Spain,REMITIDO A CASTILLA DE MEXICO,MONTO,True,1017232.0,1017232.0,False
VERACRUZ,New Spain,1757,in,Campeche,REMITIDO DE RL CAJA DE CAMPECHE,MONTO,True,12912.0,12912.0,False
VERACRUZ,New Spain,1757,out,Havana,REMITIDO A HAVANA,MONTO,True,3551836.0,3551836.0,False
VERACRUZ,New Spain,1757,in,Guatemala,REMITIDO DE RL CAJA DE GUATEMALA,MONTO,True,40.0,40.0,False
VERACRUZ,New Spain,1757,in,Mexico City,REMITIDO DE RL CAJA DE MEXICO,MONTO,True,3815429.0,3815429.0,False
VERACRUZ,New Spain,1757,in,Guadalajara,REMITIDO DE RL CAJA GUADALAJARA,MONTO,True,1112.0,1112.0,False
VERACRUZ,New Spain,1758,out,Campeche,REMITIDO A CAMPECHE,MONTO,True,2288.0,2288.0,False
VERACRUZ,New Spain,1758,out,Spain,REMITIDO A CASTILLA DE MEXICO,MONTO,True,1152288.0,1152288.0,False
VERACRUZ,New Spain,1758,out,Havana,REMITIDO A HAVANA,MONTO,True,1993275.0,1993275.0,False
VERACRUZ,New Spain,1758,in,Campeche,REMITIDO DE RL CAJA DE CAMPECHE,MONTO,True,22413.0,22413.0,False
VERACRUZ,New Spain,1758,in,Mexico City,REMITIDO DE RL CAJA DE MEXICO,MONTO,True,3600791.0,3600791.0,False
VERACRUZ,New Spain,1759,out,Spain,REMITIDO A CASTILLA DE MEXICO,MONTO,True,2100002.0,2100002.0,False
VERACRUZ,New Spain,1759,out,Havana,REMITIDO A HAVANA,MONTO,True,1891626.0,1891626.0,False
VERACRUZ,New Spain,1759,in,Campeche,REMITIDO DE RL CAJA DE CAMPECHE,MONTO,True,6656.0,6656.0,False
VERACRUZ,New Spain,1759,in,Guatemala,REMITIDO DE RL CAJA DE GUATEMALA,MONTO,True,32.0,32.0,False
VERACRUZ,New Spain,1759,in,Mexico City,REMITIDO DE RL CAJA DE MEXICO,MONTO,True,4076418.0,4076418.0,False
VERACRUZ,New Spain,1760,out,Campeche,REMITIDO A CAMPECHE,MONTO,True,20000.0,20000.0,False
VERACRUZ,New Spain,1760,out,Spain,REMITIDO A CASTILLA DE MEXICO,MONTO,True,1568395.0,1568395.0,False
VERACRUZ,New Spain,1760,out,Havana,REMITIDO A HAVANA,MONTO,True,248979.0,248979.0,False
VERACRUZ,New Spain,1760,in,Campeche,REMITIDO DE RL CAJA DE CAMPECHE,MONTO,True,1960.0,1960.0,False
VERACRUZ,New Spain,1760,in,Mexico City,REMITIDO DE RL CAJA DE MEXICO,MONTO,True,4055346.0,4055346.0,False
VERACRUZ,New Spain,1760,in,Guadalajara,REMITIDO DE RL CAJA GUADALAJARA,MONTO,True,38050.0,38050.0,False
VERACRUZ,New Spain,1761,out,Spain,REMITIDO A CASTILLA DE MEXICO,MONTO,True,2047134.0,2047134.0,False
VERACRUZ,New Spain,1761,out,Havana,REMITIDO A HAVANA,MONTO,True,5242193.0,5242193.0,False
VERACRUZ,New Spain,1761,in,Campeche,REMITIDO DE RL CAJA DE CAMPECHE,MONTO,True,3500.0,3500.0,False
VERACRUZ,New Spain,1761,in,Mexico City,REMITIDO DE RL CAJA DE MEXICO,MONTO,True,5553203.0,5553203.0,False
VERACRUZ,New Spain,1762,out,Campeche,REMITIDO A CAMPECHE,MONTO,True,35147.0,35147.0,False
VERACRUZ,New Spain,1762,out,Windward squadron,REMITIDO A PRESIDIOS BARLOVENTO,MONTO,True,854246.0,854246.0,False
VERACRUZ,New Spain,1762,in,Mexico City,REMITIDO DE RL CAJA DE MEXICO,MONTO,True,1139904.0,1139904.0,False
VERACRUZ,New Spain,1763,out,Spain,REMITIDO A CASTILLA DE MEXICO,MONTO,True,760111.0,760111.0,False
VERACRUZ,New Spain,1763,out,Havana,REMITIDO A HAVANA,MONTO,True,901975.0,901975.0,False
VERACRUZ,New Spain,1763,out,Windward squadron,REMITIDO A PRESIDIOS BARLOVENTO,MONTO,True,1045436.0,1045436.0,False
VERACRUZ,New Spain,1763,in,Mexico City,REMITIDO DE RL CAJA DE MEXICO,MONTO,True,4683540.0,4683540.0,False
VERACRUZ,New Spain,1763,in,Guadalajara,REMITIDO DE RL CAJA GUADALAJARA,MONTO,True,13167.0,13167.0,False
VERACRUZ,New Spain,1764,out,Campeche,REMITIDO A CAMPECHE,MONTO,True,86289.0,86289.0,False
VERACRUZ,New Spain,1764,out,Spain,REMITIDO A CASTILLA DE MEXICO,MONTO,True,58.0,58.0,False
VERACRUZ,New Spain,1764,out,Havana,REMITIDO A HAVANA,MONTO,True,2127471.0,2127471.0,False
VERACRUZ,New Spain,1764,in,Campeche,REMITIDO DE RL CAJA DE CAMPECHE,MONTO,True,3280.0,3280.0,False
VERACRUZ,New Spain,1764,in,Mexico City,REMITIDO DE RL CAJA DE MEXICO,MONTO,True,2573498.0,2573498.0,False
VERACRUZ,New Spain,1765,out,Spain,REMITIDO A CASTILLA DE MEXICO,MONTO,True,1294947.0,1294947.0,False
VERACRUZ,New Spain,1765,out,Havana,REMITIDO A HAVANA,MONTO,True,1745407.0,1745407.0,False
VERACRUZ,New Spain,1765,in,Campeche,REMITIDO DE RL CAJA DE CAMPECHE,MONTO,True,2791.0,2791.0,False
VERACRUZ,New Spain,1765,in,Mexico City,REMITIDO DE RL CAJA DE MEXICO,MONTO,True,3405699.0,3405699.0,False
VERACRUZ,New Spain,1766,out,Campeche,REMITIDO A CAMPECHE,MONTO,True,51116.0,51116.0,False
VERACRUZ,New Spain,1766,out,Spain,REMITIDO A CASTILLA DE MEXICO,MONTO,True,90404.0,90404.0,False
VERACRUZ,New Spain,1766,out,Havana,REMITIDO A HAVANA,MONTO,True,2322659.0,2322659.0,False
VERACRUZ,New Spain,1766,out,Isla del Carmen,SITUADO DE YSLA DEL CARMEN,MONTO,True,34672.0,34672.0,False
VERACRUZ,New Spain,1766,in,Mexico City,REMITIDO DE RL CAJA DE MEXICO,MONTO,True,2711792.0,2711792.0,False
VERACRUZ,New Spain,1766,in,Guadalajara,REMITIDO DE RL CAJA GUADALAJARA,MONTO,True,24.0,24.0,False
VERACRUZ,New Spain,1767,out,Spain,REMITIDO A CASTILLA DE MEXICO,MONTO,True,2924.0,2924.0,False
VERACRUZ,New Spain,1767,out,Havana,REMITIDO A HAVANA,MONTO,True,2062340.0,2062340.0,False
VERACRUZ,New Spain,1767,out,Isla del Carmen,SITUADO DE YSLA DEL CARMEN,MONTO,True,32636.0,32636.0,False
VERACRUZ,New Spain,1767,in,Mexico City,REMITIDO DE RL CAJA DE MEXICO,MONTO,True,2573377.0,2573377.0,False
VERACRUZ,New Spain,1768,out,Campeche,REMITIDO A CAMPECHE,MONTO,True,40786.0,40786.0,False
VERACRUZ,New Spain,1768,out,Spain,REMITIDO A CASTILLA DE MEXICO,MONTO,True,574118.0,574118.0,False
VERACRUZ,New Spain,1768,out,Havana,REMITIDO A HAVANA,MONTO,True,2340526.0,2340526.0,False
VERACRUZ,New Spain,1768,out,Isla del Carmen,SITUADO DE YSLA DEL CARMEN,MONTO,True,47964.0,47964.0,False
VERACRUZ,New Spain,1768,in,Mexico City,REMITIDO DE RL CAJA DE MEXICO,MONTO,True,3385110.0,3385110.0,False
VERACRUZ,New Spain,1769,out,Campeche,REMITIDO A CAMPECHE,MONTO,True,8600.0,8600.0,False
VERACRUZ,New Spain,1769,out,Havana,REMITIDO A HAVANA,MONTO,True,2606446.0,2606446.0,False
VERACRUZ,New Spain,1769,out,Isla del Carmen,SITUADO DE YSLA DEL CARMEN,MONTO,True,83009.0,83009.0,False
VERACRUZ,New Spain,1769,in,Mexico City,REMITIDO DE RL CAJA DE MEXICO,MONTO,True,3147284.0,3147284.0,False
VERACRUZ,New Spain,1770,out,Campeche,REMITIDO A CAMPECHE,MONTO,True,41018.0,41018.0,False
VERACRUZ,New Spain,1770,out,Spain,REMITIDO A CASTILLA DE MEXICO,MONTO,True,1858859.0,1858859.0,False
VERACRUZ,New Spain,1770,out,Havana,REMITIDO A HAVANA,MONTO,True,2936594.0,2936594.0,False
VERACRUZ,New Spain,1770,out,Isla del Carmen,SITUADO DE YSLA DEL CARMEN,MONTO,True,43250.0,43250.0,False
VERACRUZ,New Spain,1770,in,Mexico City,REMITIDO DE RL CAJA DE MEXICO,MONTO,True,4965087.0,4965087.0,False
VERACRUZ,New Spain,1771,out,Campeche,REMITIDO A CAMPECHE,MONTO,True,43024.0,43024.0,False
VERACRUZ,New Spain,1771,out,Spain,REMITIDO A CASTILLA DE MEXICO,MONTO,True,922311.0,922311.0,False
VERACRUZ,New Spain,1771,out,Havana,REMITIDO A HAVANA,MONTO,True,2783509.0,2783509.0,False
VERACRUZ,New Spain,1771,out,Isla del Carmen,SITUADO DE YSLA DEL CARMEN,MONTO,True,47964.0,47964.0,False
VERACRUZ,New Spain,1771,in,Mexico City,REMITIDO DE RL CAJA DE MEXICO,MONTO,True,4263052.0,4263052.0,False
VERACRUZ,New Spain,1772,out,Campeche,REMITIDO A CAMPECHE,MONTO,True,100287.0,100287.0,False
VERACRUZ,New Spain,1772,out,Havana,REMITIDO A HAVANA,MONTO,True,2670580.0,2670580.0,False
VERACRUZ,New Spain,1772,out,Isla del Carmen,SITUADO DE YSLA DEL CARMEN,MONTO,True,50222.0,50222.0,False
VERACRUZ,New Spain,1772,in,Mexico City,REMITIDO DE RL CAJA DE MEXICO,MONTO,True,3229320.0,3229320.0,False
VERACRUZ,New Spain,1773,out,Campeche,REMITIDO A CAMPECHE,MONTO,True,92780.0,92780.0,False
VERACRUZ,New Spain,1773,out,Spain,REMITIDO A CASTILLA DE MEXICO,MONTO,True,3114061.0,3114061.0,False
VERACRUZ,New Spain,1773,out,Havana,REMITIDO A HAVANA,MONTO,True,2479316.0,2479316.0,False
VERACRUZ,New Spain,1773,out,Isla del Carmen,SITUADO DE YSLA DEL CARMEN,MONTO,True,46143.0,46143.0,False
VERACRUZ,New Spain,1773,in,Mexico City,REMITIDO DE RL CAJA DE MEXICO,MONTO,True,5779661.0,5779661.0,False
VERACRUZ,New Spain,1774,out,Campeche,REMITIDO A CAMPECHE,MONTO,True,55965.0,55965.0,False
VERACRUZ,New Spain,1774,out,Havana,REMITIDO A HAVANA,MONTO,True,2916257.0,2916257.0,False
VERACRUZ,New Spain,1774,out,Isla del Carmen,SITUADO DE YSLA DEL CARMEN,MONTO,True,44401.0,44401.0,False
VERACRUZ,New Spain,1774,in,Mexico City,REMITIDO DE RL CAJA DE MEXICO,MONTO,True,3169813.0,3169813.0,False
VERACRUZ,New Spain,1775,out,Campeche,REMITIDO A CAMPECHE,MONTO,True,32742.0,32742.0,False
VERACRUZ,New Spain,1775,out,Spain,REMITIDO A CASTILLA DE MEXICO,MONTO,True,1893449.0,1893449.0,False
VERACRUZ,New Spain,1775,out,Havana,REMITIDO A HAVANA,MONTO,True,2911974.0,2911974.0,False
VERACRUZ,New Spain,1775,out,Isla del Carmen,SITUADO DE YSLA DEL CARMEN,MONTO,True,53296.0,53296.0,False
VERACRUZ,New Spain,1775,in,Mexico City,REMITIDO DE RL CAJA DE MEXICO,MONTO,True,4858698.0,4858698.0,False
VERACRUZ,New Spain,1776,out,Campeche,REMITIDO A CAMPECHE,MONTO,True,127002.0,127002.0,False
VERACRUZ,New Spain,1776,out,Spain,REMITIDO A CASTILLA DE MEXICO,MONTO,True,1707282.0,1707282.0,False
VERACRUZ,New Spain,1776,in,Mexico City,REMITIDO DE RL CAJA DE MEXICO,MONTO,True,5038272.0,5038272.0,False
VERACRUZ,New Spain,1776,out,Havana,REMITIDO A HAVANA,MONTO,True,3055479.0,3055479.0,False
VERACRUZ,New Spain,1776,out,Isla del Carmen,SITUADO DE YSLA DEL CARMEN,MONTO,True,20250.0,20250.0,False
VERACRUZ,New Spain,1777,out,Campeche,REMITIDO A CAMPECHE,MONTO,True,308.0,308.0,False
VERACRUZ,New Spain,1777,out,Spain,REMITIDO A CASTILLA DE MEXICO,MONTO,True,2603575.0,2603575.0,False
VERACRUZ,New Spain,1777,out,Havana,REMITIDO A HAVANA,MONTO,True,3268599.0,3268599.0,False
VERACRUZ,New Spain,1777,out,Isla del Carmen,SITUADO DE YSLA DEL CARMEN,MONTO,True,69140.0,69140.0,False
VERACRUZ,New Spain,1777,in,Mexico City,REMITIDO DE RL CAJA DE MEXICO,MONTO,True,7495749.0,7495749.0,False
VERACRUZ,New Spain,1778,out,Campeche,REMITIDO A CAMPECHE,MONTO,True,124561.0,124561.0,False
VERACRUZ,New Spain,1778,out,Spain,REMITIDO A CASTILLA DE MEXICO,MONTO,True,2244289.0,2244289.0,False
VERACRUZ,New Spain,1778,out,Havana,REMITIDO A HAVANA,MONTO,True,3364840.0,3364840.0,False
VERACRUZ,New Spain,1778,out,Isla del Carmen,SITUADO DE YSLA DEL CARMEN,MONTO,True,46187.0,46187.0,False
VERACRUZ,New Spain,1778,in,Mexico City,REMITIDO DE RL CAJA DE MEXICO,MONTO,True,5622396.0,5622396.0,False
VERACRUZ,New Spain,1779,out,Campeche,REMITIDO A CAMPECHE,MONTO,True,150250.0,150250.0,False
VERACRUZ,New Spain,1779,out,Spain,REMITIDO A CASTILLA DE MEXICO,MONTO,True,6796.0,6796.0,False
VERACRUZ,New Spain,1779,out,Havana,REMITIDO A HAVANA,MONTO,True,4787469.0,4787469.0,False
VERACRUZ,New Spain,1779,out,Louisiana,SITUADO DE LUISIANA,MONTO,True,362045.0,362045.0,False
VERACRUZ,New Spain,1779,out,Isla del Carmen,SITUADO DE YSLA DEL CARMEN,MONTO,True,49687.0,49687.0,False
VERACRUZ,New Spain,1779,in,Mexico City,REMITIDO DE RL CAJA DE MEXICO,MONTO,True,6146199.0,6146199.0,False
VERACRUZ,New Spain,1780,out,Campeche,REMITIDO A CAMPECHE,MONTO,True,125147.0,125147.0,False
VERACRUZ,New Spain,1780,out,Spain,REMITIDO A CASTILLA DE MEXICO,MONTO,True,3295467.0,3295467.0,False
VERACRUZ,New Spain,1780,out,Havana,REMITIDO A HAVANA,MONTO,True,6232746.0,6232746.0,False
VERACRUZ,New Spain,1780,out,Louisiana,SITUADO DE LUISIANA,MONTO,True,10925.0,10925.0,False
VERACRUZ,New Spain,1780,out,Isla del Carmen,SITUADO DE YSLA DEL CARMEN,MONTO,True,44672.0,44672.0,False
VERACRUZ,New Spain,1780,in,Mexico City,REMITIDO DE RL CAJA DE MEXICO,MONTO,True,10333590.0,10333590.0,False
VERACRUZ,New Spain,1781,out,Campeche,REMITIDO A CAMPECHE,MONTO,True,30150.0,30150.0,False
VERACRUZ,New Spain,1781,out,Spain,REMITIDO A CASTILLA DE MEXICO,MONTO,True,177.0,177.0,False
VERACRUZ,New Spain,1781,out,Havana,REMITIDO A HAVANA,MONTO,True,7885391.0,7885391.0,False
VERACRUZ,New Spain,1781,out,Louisiana,SITUADO DE LUISIANA,MONTO,True,127621.0,127621.0,False
VERACRUZ,New Spain,1781,out,Isla del Carmen,SITUADO DE YSLA DEL CARMEN,MONTO,True,90850.0,90850.0,False
VERACRUZ,New Spain,1781,in,Mexico City,REMITIDO DE RL CAJA DE MEXICO,MONTO,True,7720722.0,7720722.0,False
VERACRUZ,New Spain,1782,out,Campeche,REMITIDO A CAMPECHE,MONTO,True,167693.0,167693.0,False
VERACRUZ,New Spain,1782,out,Havana,REMITIDO A HAVANA,MONTO,True,9341164.0,9341164.0,False
VERACRUZ,New Spain,1782,out,Louisiana,SITUADO DE LUISIANA,MONTO,True,117424.0,117424.0,False
VERACRUZ,New Spain,1782,out,Isla del Carmen,SITUADO DE YSLA DEL CARMEN,MONTO,True,60798.0,60798.0,False
VERACRUZ,New Spain,1782,in,Mexico City,REMITIDO DE RL CAJA DE MEXICO,MONTO,True,10328417.0,10328417.0,False
VERACRUZ,New Spain,1782,in,Louisiana,SITUADO DE LUISIANA,MONTO,True,2000.0,2000.0,False
VERACRUZ,New Spain,1783,out,Campeche,REMITIDO A CAMPECHE,MONTO,True,537908.0,537908.0,False
VERACRUZ,New Spain,1783,out,Spain,REMITIDO A CASTILLA DE MEXICO,MONTO,True,857673.0,857673.0,False
VERACRUZ,New Spain,1783,out,Havana,REMITIDO A HAVANA,MONTO,True,9627984.0,9627984.0,False
VERACRUZ,New Spain,1783,out,Louisiana,SITUADO DE LUISIANA,MONTO,True,41261.0,41261.0,False
VERACRUZ,New Spain,1783,out,Isla del Carmen,SITUADO DE YSLA DEL CARMEN,MONTO,True,111634.0,111634.0,False
VERACRUZ,New Spain,1783,in,Mexico City,REMITIDO DE RL CAJA DE MEXICO,MONTO,True,10914952.0,10914952.0,False
VERACRUZ,New Spain,1784,out,Campeche,REMITIDO A CAMPECHE,MONTO,True,90200.0,90200.0,False
VERACRUZ,New Spain,1784,out,Spain,REMITIDO A CASTILLA DE MEXICO,MONTO,True,2491087.0,2491087.0,False
VERACRUZ,New Spain,1784,out,Havana,REMITIDO A HAVANA,MONTO,True,3306525.0,3306525.0,False
VERACRUZ,New Spain,1784,out,Louisiana,SITUADO DE LUISIANA,MONTO,True,572341.0,572341.0,False
VERACRUZ,New Spain,1784,in,Mexico City,REMITIDO DE RL CAJA DE MEXICO,MONTO,True,5125000.0,5125000.0,False
VERACRUZ,New Spain,1785,out,Campeche,REMITIDO A CAMPECHE,MONTO,True,155119.0,155119.0,False
VERACRUZ,New Spain,1785,out,Spain,REMITIDO A CASTILLA DE MEXICO,MONTO,True,3023422.0,3023422.0,False
VERACRUZ,New Spain,1785,out,Havana,REMITIDO A HAVANA,MONTO,True,5841164.0,5841164.0,False
VERACRUZ,New Spain,1785,out,Louisiana,SITUADO DE LUISIANA,MONTO,True,483691.0,483691.0,False
VERACRUZ,New Spain,1785,out,Isla del Carmen,SITUADO DE YSLA DEL CARMEN,MONTO,True,56300.0,56300.0,False
VERACRUZ,New Spain,1785,in,Mexico City,REMITIDO DE RL CAJA DE MEXICO,MONTO,True,5972000.0,5972000.0,False
VERACRUZ,New Spain,1785,in,Louisiana,SITUADO DE LUISIANA,MONTO,True,281.0,281.0,False
VERACRUZ,New Spain,1786,in,unspecified,OTRAS TESORERIAS,MONTO,True,10589955.0,10589955.0,False
VERACRUZ,New Spain,1786,out,unspecified,OTRAS TESORERIAS,MONTO,True,12501729.0,12501729.0,False
VERACRUZ,New Spain,1786,out,Havana,REMITIDO A HAVANA,MONTO,True,775113.0,775113.0,False
VERACRUZ,New Spain,1786,out,Louisiana,SITUADO DE LUISIANA,MONTO,True,406886.0,406886.0,False
VERACRUZ,New Spain,1786,out,Havana,SITUADO DE MARINA DE HAVANA,MONTO,True,878243.0,878243.0,False
VERACRUZ,New Spain,1786,out,Puerto Rico,SITUADO DE PUERTO RICO,MONTO,True,376896.0,376896.0,False
VERACRUZ,New Spain,1786,out,Santo Domingo,SITUADO DE SANTO DOMINGO,MONTO,True,274893.0,274893.0,False
VERACRUZ,New Spain,1786,out,Trinidad,SITUADO DE TRINIDAD,MONTO,True,100000.0,100000.0,False
VERACRUZ,New Spain,1786,out,Isla del Carmen,SITUADO DE YSLA DEL CARMEN,MONTO,True,4000.0,4000.0,False
VERACRUZ,New Spain,1787,out,unspecified,OTRAS TESORERIAS,MONTO,True,71335.0,71335.0,False
VERACRUZ,New Spain,1787,in,unspecified,OTRAS TESORERIAS,MONTO,True,3468854.0,3468854.0,False
VERACRUZ,New Spain,1787,out,Havana,REMITIDO A HAVANA,MONTO,True,315570.0,315570.0,False
VERACRUZ,New Spain,1787,out,Florida,SITUADO DE FLORIDA,MONTO,True,50000.0,50000.0,False
VERACRUZ,New Spain,1787,out,Louisiana,SITUADO DE LUISIANA,MONTO,True,650476.0,650476.0,False
VERACRUZ,New Spain,1787,out,Havana,SITUADO DE MARINA DE HAVANA,MONTO,True,309705.0,309705.0,False
VERACRUZ,New Spain,1787,out,Puerto Rico,SITUADO DE PUERTO RICO,MONTO,True,536008.0,536008.0,False
VERACRUZ,New Spain,1787,out,Santo Domingo,SITUADO DE SANTO DOMINGO,MONTO,True,408899.0,408899.0,False
VERACRUZ,New Spain,1787,out,Trinidad,SITUADO DE TRINIDAD,MONTO,True,400363.0,400363.0,False
VERACRUZ,New Spain,1787,out,Isla del Carmen,SITUADO DE YSLA DEL CARMEN,MONTO,True,93085.0,93085.0,False
VERACRUZ,New Spain,1788,out,Campeche,REMITIDO A CAMPECHE,MONTO,True,82562.0,82562.0,False
VERACRUZ,New Spain,1788,out,Spain,REMITIDO A CASTILLA DE MEXICO,MONTO,True,3279348.0,3279348.0,False
VERACRUZ,New Spain,1788,out,Havana,REMITIDO A HAVANA,MONTO,True,4721366.0,4721366.0,False
VERACRUZ,New Spain,1788,in,Mexico City,REMITIDO DE RL CAJA DE MEXICO,MONTO,True,4104184.0,4104184.0,False
VERACRUZ,New Spain,1789,out,Campeche,REMITIDO A CAMPECHE,MONTO,True,120524.0,120524.0,False
VERACRUZ,New Spain,1789,out,Spain,REMITIDO A CASTILLA DE MEXICO,MONTO,True,3608876.0,3608876.0,False
VERACRUZ,New Spain,1789,out,Havana,REMITIDO A HAVANA,MONTO,True,2491536.0,2491536.0,False
VERACRUZ,New Spain,1789,out,Florida,SITUADO DE FLORIDA,MONTO,True,66667.0,66667.0,False
VERACRUZ,New Spain,1789,out,Louisiana,SITUADO DE LUISIANA,MONTO,True,366908.0,366908.0,False
VERACRUZ,New Spain,1789,out,Havana,SITUADO DE MARINA DE HAVANA,MONTO,True,536956.0,536956.0,False
VERACRUZ,New Spain,1789,out,Puerto Rico,SITUADO DE PUERTO RICO,MONTO,True,619160.0,619160.0,False
VERACRUZ,New Spain,1789,out,Santo Domingo,SITUADO DE SANTO DOMINGO,MONTO,True,456034.0,456034.0,False
VERACRUZ,New Spain,1789,out,Havana,SITUADO DE TIERRA DE HAVANA,MONTO,True,341482.0,341482.0,False
VERACRUZ,New Spain,1789,out,Trinidad,SITUADO DE TRINIDAD,MONTO,True,327234.0,327234.0,False
VERACRUZ,New Spain,1789,in,Mexico City,REMITIDO DE RL CAJA DE MEXICO,MONTO,True,5149721.0,5149721.0,False
VERACRUZ,New Spain,1789,out,Isla del Carmen,SITUADO DE YSLA DEL CARMEN,MONTO,True,81998.0,81998.0,False
VERACRUZ,New Spain,1790,out,Campeche,REMITIDO A CAMPECHE,MONTO,True,200987.0,200987.0,False
VERACRUZ,New Spain,1790,out,Spain,REMITIDO A CASTILLA DE MEXICO,MONTO,True,3759537.0,3759537.0,False
VERACRUZ,New Spain,1790,out,Havana,REMITIDO A HAVANA,MONTO,True,222303.0,222303.0,False
VERACRUZ,New Spain,1790,out,Florida,SITUADO DE FLORIDA,MONTO,True,66667.0,66667.0,False
VERACRUZ,New Spain,1790,out,Louisiana,SITUADO DE LUISIANA,MONTO,True,858376.0,858376.0,False
VERACRUZ,New Spain,1790,out,Havana,SITUADO DE MARINA DE HAVANA,MONTO,True,944591.0,944591.0,False
VERACRUZ,New Spain,1790,out,Puerto Rico,SITUADO DE PUERTO RICO,MONTO,True,192448.0,192448.0,False
VERACRUZ,New Spain,1790,out,Santo Domingo,SITUADO DE SANTO DOMINGO,MONTO,True,193253.0,193253.0,False
VERACRUZ,New Spain,1790,out,Havana,SITUADO DE TIERRA DE HAVANA,MONTO,True,1234377.0,1234377.0,False
VERACRUZ,New Spain,1790,out,Trinidad,SITUADO DE TRINIDAD,MONTO,True,100000.0,100000.0,False
VERACRUZ,New Spain,1790,in,Mexico City,REMITIDO DE RL CAJA DE MEXICO,MONTO,True,6209935.0,6209935.0,False
VERACRUZ,New Spain,1791,out,Campeche,REMITIDO A CAMPECHE,MONTO,True,101705.0,101705.0,False
VERACRUZ,New Spain,1791,out,Spain,REMITIDO A CASTILLA DE MEXICO,MONTO,True,5384410.0,5384410.0,False
VERACRUZ,New Spain,1791,out,Havana,REMITIDO A HAVANA,MONTO,True,7398.0,7398.0,False
VERACRUZ,New Spain,1791,out,Florida,SITUADO DE FLORIDA,MONTO,True,118889.0,118889.0,False
VERACRUZ,New Spain,1791,out,Louisiana,SITUADO DE LUISIANA,MONTO,True,929596.0,929596.0,False
VERACRUZ,New Spain,1791,out,Havana,SITUADO DE MARINA DE HAVANA,MONTO,True,999341.0,999341.0,False
VERACRUZ,New Spain,1791,out,Puerto Rico,SITUADO DE PUERTO RICO,MONTO,True,376806.0,376806.0,False
VERACRUZ,New Spain,1791,out,Santo Domingo,SITUADO DE SANTO DOMINGO,MONTO,True,328304.0,328304.0,False
VERACRUZ,New Spain,1791,out,Havana,SITUADO DE TIERRA DE HAVANA,MONTO,True,1667510.0,1667510.0,False
VERACRUZ,New Spain,1791,out,Trinidad,SITUADO DE TRINIDAD,MONTO,True,200000.0,200000.0,False
VERACRUZ,New Spain,1791,out,Isla del Carmen,SITUADO DE YSLA DEL CARMEN,MONTO,True,65852.0,65852.0,False
VERACRUZ,New Spain,1791,in,Mexico City,REMITIDO DE RL CAJA DE MEXICO,MONTO,True,3609000.0,3609000.0,False
VERACRUZ,New Spain,1791,in,Puerto Rico,SITUADO DE PUERTO RICO,MONTO,True,60.0,60.0,False
VERACRUZ,New Spain,1791,in,Isla del Carmen,SITUADO DE YSLA DEL CARMEN,MONTO,True,66642.0,66642.0,False
VERACRUZ,New Spain,1792,out,Campeche,REMITIDO A CAMPECHE,MONTO,True,183121.0,183121.0,False
VERACRUZ,New Spain,1792,out,Spain,REMITIDO A CASTILLA DE MEXICO,MONTO,True,4411480.0,4411480.0,False
VERACRUZ,New Spain,1792,out,Havana,REMITIDO A HAVANA,MONTO,True,16957.0,16957.0,False
VERACRUZ,New Spain,1792,out,Florida,SITUADO DE FLORIDA,MONTO,True,147333.0,147333.0,False
VERACRUZ,New Spain,1792,out,Louisiana,SITUADO DE LUISIANA,MONTO,True,683258.0,683258.0,False
VERACRUZ,New Spain,1792,out,Havana,SITUADO DE MARINA DE HAVANA,MONTO,True,749696.0,749696.0,False
VERACRUZ,New Spain,1792,out,Puerto Rico,SITUADO DE PUERTO RICO,MONTO,True,376896.0,376896.0,False
VERACRUZ,New Spain,1792,out,Santo Domingo,SITUADO DE SANTO DOMINGO,MONTO,True,637909.0,637909.0,False
VERACRUZ,New Spain,1792,out,Havana,SITUADO DE TIERRA DE HAVANA,MONTO,True,1225623.0,1225623.0,False
VERACRUZ,New Spain,1792,out,Trinidad,SITUADO DE TRINIDAD,MONTO,True,200000.0,200000.0,False
VERACRUZ,New Spain,1792,out,Isla del Carmen,SITUADO DE YSLA DEL CARMEN,MONTO,True,17203.0,17203.0,False
VERACRUZ,New Spain,1792,in,Mexico City,REMITIDO DE RL CAJA DE MEXICO,MONTO,True,3574048.0,3574048.0,False
VERACRUZ,New Spain,1792,in,Havana,SITUADO DE HAVANA,MONTO,True,43026.0,43026.0,False
VERACRUZ,New Spain,1792,in,Havana,SITUADO DE LA MARINA DE HAVANA,MONTO,True,38.0,38.0,False
VERACRUZ,New Spain,1792,in,Louisiana,SITUADO DE LUISIANA,MONTO,True,144500.0,144500.0,False
VERACRUZ,New Spain,1792,in,Isla del Carmen,SITUADO DE YSLA DEL CARMEN,MONTO,True,23784.0,23784.0,False
VERACRUZ,New Spain,1793,out,Campeche,REMITIDO A CAMPECHE,MONTO,True,137730.0,137730.0,False
VERACRUZ,New Spain,1793,out,Spain,REMITIDO A CASTILLA DE MEXICO,MONTO,True,10298360.0,10298360.0,False
VERACRUZ,New Spain,1793,out,Florida,SITUADO DE FLORIDA,MONTO,True,181778.0,181778.0,False
VERACRUZ,New Spain,1793,out,Havana,SITUADO DE HABANA,MONTO,True,755764.0,755764.0,False
VERACRUZ,New Spain,1793,out,Louisiana,SITUADO DE LUISIANA,MONTO,True,531583.0,531583.0,False
VERACRUZ,New Spain,1793,out,Havana,SITUADO DE MARINA DE HAVANA,MONTO,True,952023.0,952023.0,False
VERACRUZ,New Spain,1793,out,Puerto Rico,SITUADO DE PUERTO RICO,MONTO,True,374201.0,374201.0,False
VERACRUZ,New Spain,1793,out,Santo Domingo,SITUADO DE SANTO DOMINGO,MONTO,True,787208.0,787208.0,False
VERACRUZ,New Spain,1793,out,Havana,SITUADO DE TIERRA DE HAVANA,MONTO,True,958101.0,958101.0,False
VERACRUZ,New Spain,1793,out,Trinidad,SITUADO DE TRINIDAD,MONTO,True,200000.0,200000.0,False
VERACRUZ,New Spain,1793,out,Isla del Carmen,SITUADO DE YSLA DEL CARMEN,MONTO,True,50637.0,50637.0,False
VERACRUZ,New Spain,1793,in,Havana,SITUADO DE HAVANA,MONTO,True,4813475.0,4813475.0,False
VERACRUZ,New Spain,1793,in,Havana,SITUADO DE LA MARINA DE HAVANA,MONTO,True,25026.0,25026.0,False
VERACRUZ,New Spain,1793,in,Louisiana,SITUADO DE LUISIANA,MONTO,True,4500.0,4500.0,False
VERACRUZ,New Spain,1793,in,Havana,SITUADO DE TIERRA DE HAVANA,MONTO,True,57766.0,57766.0,False
VERACRUZ,New Spain,1793,in,Isla del Carmen,SITUADO DE YSLA DEL CARMEN,MONTO,True,49127.0,49127.0,False
VERACRUZ,New Spain,1794,out,unspecified,OTRAS TESORERIAS,MONTO,True,4350394.0,4350394.0,False
VERACRUZ,New Spain,1794,out,Campeche,REMITIDO A CAMPECHE,MONTO,True,128999.0,128999.0,False
VERACRUZ,New Spain,1794,out,Spain,REMITIDO A CASTILLA DE MEXICO,MONTO,True,470000.0,470000.0,False
VERACRUZ,New Spain,1794,out,Florida,SITUADO DE FLORIDA,MONTO,True,210299.0,210299.0,False
VERACRUZ,New Spain,1794,out,Louisiana,SITUADO DE LUISIANA,MONTO,True,536020.0,536020.0,False
VERACRUZ,New Spain,1794,in,unspecified,OTRAS TESORERIAS,MONTO,True,11210574.0,11210574.0,False
VERACRUZ,New Spain,1794,out,Havana,SITUADO DE MARINA DE HAVANA,MONTO,True,1687056.0,1687056.0,False
VERACRUZ,New Spain,1794,out,Internal presidios,SITUADO DE PRESIDIOS INTERNOS,MONTO,True,710.0,710.0,False
VERACRUZ,New Spain,1794,out,Puerto Rico,SITUADO DE PUERTO RICO,MONTO,True,377246.0,377246.0,False
VERACRUZ,New Spain,1794,out,Santo Domingo,SITUADO DE SANTO DOMINGO,MONTO,True,996083.0,996083.0,False
VERACRUZ,New Spain,1794,out,Havana,SITUADO DE TIERRA DE HAVANA,MONTO,True,836593.0,836593.0,False
VERACRUZ,New Spain,1794,out,Trinidad,SITUADO DE TRINIDAD,MONTO,True,200000.0,200000.0,False
VERACRUZ,New Spain,1794,out,Isla del Carmen,SITUADO DE YSLA DEL CARMEN,MONTO,True,49201.0,49201.0,False
VERACRUZ,New Spain,1794,in,Isla del Carmen,SITUADO DE YSLA DEL CARMEN,MONTO,True,6436.0,6436.0,False
VERACRUZ,New Spain,1795,out,unspecified,OTRAS TESORERIAS,MONTO,True,11900.0,11900.0,False
VERACRUZ,New Spain,1795,out,Campeche,REMITIDO A CAMPECHE,MONTO,True,53036.0,53036.0,False
VERACRUZ,New Spain,1795,out,Spain,REMITIDO A CASTILLA DE MEXICO,MONTO,True,5789739.0,5789739.0,False
VERACRUZ,New Spain,1795,out,Florida,SITUADO DE FLORIDA,MONTO,True,100688.0,100688.0,False
VERACRUZ,New Spain,1795,out,Louisiana,SITUADO DE LUISIANA,MONTO,True,654356.0,654356.0,False
VERACRUZ,New Spain,1795,out,Havana,SITUADO DE MARINA DE HAVANA,MONTO,True,635048.0,635048.0,False
VERACRUZ,New Spain,1795,out,Puerto Rico,SITUADO DE PUERTO RICO,MONTO,True,188548.0,188548.0,False
VERACRUZ,New Spain,1795,in,unspecified,OTRAS TESORERIAS,MONTO,True,5205393.0,5205393.0,False
VERACRUZ,New Spain,1795,out,San Blas,SITUADO DE SAN BLAS,MONTO,True,401.0,401.0,False
VERACRUZ,New Spain,1795,out,Santo Domingo,SITUADO DE SANTO DOMINGO,MONTO,True,403683.0,403683.0,False
VERACRUZ,New Spain,1795,out,Havana,SITUADO DE TIERRA DE HAVANA,MONTO,True,1239788.0,1239788.0,False
VERACRUZ,New Spain,1795,out,Trinidad,SITUADO DE TRINIDAD,MONTO,True,100000.0,100000.0,False
VERACRUZ,New Spain,1795,out,Isla del Carmen,SITUADO DE YSLA DEL CARMEN,MONTO,True,1460.0,1460.0,False
VERACRUZ,New Spain,1795,in,Isla del Carmen,SITUADO DE YSLA DEL CARMEN,MONTO,True,35728.0,35728.0,False
VERACRUZ,New Spain,1796,out,unspecified,OTRAS TESORERIAS,MONTO,True,10000.0,10000.0,False
VERACRUZ,New Spain,1796,out,Campeche,REMITIDO A CAMPECHE,MONTO,True,101105.0,101105.0,False
VERACRUZ,New Spain,1796,out,Spain,REMITIDO A CASTILLA DE MEXICO,MONTO,True,7061008.0,7061008.0,False
VERACRUZ,New Spain,1796,out,Havana,REMITIDO A HAVANA,MONTO,True,333.0,333.0,False
VERACRUZ,New Spain,1796,out,Florida,SITUADO DE FLORIDA,MONTO,True,200705.0,200705.0,False
VERACRUZ,New Spain,1796,out,Louisiana,SITUADO DE LUISIANA,MONTO,True,670914.0,670914.0,False
VERACRUZ,New Spain,1796,out,Havana,SITUADO DE MARINA DE HAVANA,MONTO,True,2471262.0,2471262.0,False
VERACRUZ,New Spain,1796,out,Puerto Rico,SITUADO DE PUERTO RICO,MONTO,True,557719.0,557719.0,False
VERACRUZ,New Spain,1796,out,San Blas,SITUADO DE SAN BLAS,MONTO,True,697.0,697.0,False
VERACRUZ,New Spain,1796,out,Santo Domingo,SITUADO DE SANTO DOMINGO,MONTO,True,1287339.0,1287339.0,False
VERACRUZ,New Spain,1796,out,Havana,SITUADO DE TIERRA DE HAVANA,MONTO,True,1861345.0,1861345.0,False
VERACRUZ,New Spain,1796,out,Trinidad,SITUADO DE TRINIDAD,MONTO,True,300000.0,300000.0,False
VERACRUZ,New Spain,1796,in,unspecified,OTRAS TESORERIAS,MONTO,True,7087267.0,7087267.0,False
VERACRUZ,New Spain,1796,out,Isla del Carmen,SITUADO DE YSLA DEL CARMEN,MONTO,True,88662.0,88662.0,False
VERACRUZ,New Spain,1796,in,Internal presidios,SITUADO DE PRESIDIOS INTERNOS,MONTO,True,120.0,120.0,False
VERACRUZ,New Spain,1796,in,Isla del Carmen,SITUADO DE YSLA DEL CARMEN,MONTO,True,53845.0,53845.0,False
VERACRUZ,New Spain,1797,out,unspecified,OTRAS TESORERIAS,MONTO,True,4341.0,4341.0,False
VERACRUZ,New Spain,1797,out,Campeche,REMITIDO A CAMPECHE,MONTO,True,155346.0,155346.0,False
VERACRUZ,New Spain,1797,out,Florida,SITUADO DE FLORIDA,MONTO,True,103486.0,103486.0,False
VERACRUZ,New Spain,1797,in,unspecified,OTRAS TESORERIAS,MONTO,True,581792.0,581792.0,False
VERACRUZ,New Spain,1797,out,Havana,SITUADO DE HABANA,MONTO,True,156078.0,156078.0,False
VERACRUZ,New Spain,1797,out,Louisiana,SITUADO DE LUISIANA,MONTO,True,451790.0,451790.0,False
VERACRUZ,New Spain,1797,out,Havana,SITUADO DE MARINA DE HAVANA,MONTO,True,1238888.0,1238888.0,False
VERACRUZ,New Spain,1797,out,Puerto Rico,SITUADO DE PUERTO RICO,MONTO,True,211078.0,211078.0,False
VERACRUZ,New Spain,1797,out,San Blas,SITUADO DE SAN BLAS,MONTO,True,1982.0,1982.0,False
VERACRUZ,New Spain,1797,out,Santo Domingo,SITUADO DE SANTO DOMINGO,MONTO,True,362446.0,362446.0,False
VERACRUZ,New Spain,1797,out,Havana,SITUADO DE TIERRA DE HAVANA,MONTO,True,766843.0,766843.0,False
VERACRUZ,New Spain,1797,out,Isla del Carmen,SITUADO DE YSLA DEL CARMEN,MONTO,True,26198.0,26198.0,False
VERACRUZ,New Spain,1797,in,Havana,SITUADO DE MARINA DE HAVANA,MONTO,True,2518.0,2518.0,False
VERACRUZ,New Spain,1797,in,Internal presidios,SITUADO DE PRESIDIOS INTERNOS,MONTO,True,300.0,300.0,False
VERACRUZ,New Spain,1797,in,Isla del Carmen,SITUADO DE YSLA DEL CARMEN,MONTO,True,38817.0,38817.0,False
VERACRUZ,New Spain,1798,out,unspecified,OTRAS TESORERIAS,MONTO,True,4688.0,4688.0,False
VERACRUZ,New Spain,1798,out,Campeche,REMITIDO A CAMPECHE,MONTO,True,144629.0,144629.0,False
VERACRUZ,New Spain,1798,out,Spain,REMITIDO A CASTILLA DE MEXICO,MONTO,True,6000000.0,6000000.0,False
VERACRUZ,New Spain,1798,out,Florida,SITUADO DE FLORIDA,MONTO,True,50344.0,50344.0,False
VERACRUZ,New Spain,1798,out,Louisiana,SITUADO DE LUISIANA,MONTO,True,355569.0,355569.0,False
VERACRUZ,New Spain,1798,out,Havana,SITUADO DE MARINA DE HAVANA,MONTO,True,686411.0,686411.0,False
VERACRUZ,New Spain,1798,out,Puerto Rico,SITUADO DE PUERTO RICO,MONTO,True,238548.0,238548.0,False
VERACRUZ,New Spain,1798,out,San Blas,SITUADO DE SAN BLAS,MONTO,True,4115.0,4115.0,False
VERACRUZ,New Spain,1798,in,unspecified,OTRAS TESORERIAS,MONTO,True,7529179.0,7529179.0,False
VERACRUZ,New Spain,1798,out,Santo Domingo,SITUADO DE SANTO DOMINGO,MONTO,True,312446.0,312446.0,False
VERACRUZ,New Spain,1798,out,Havana,SITUADO DE TIERRA DE HAVANA,MONTO,True,354899.0,354899.0,False
VERACRUZ,New Spain,1798,out,Isla del Carmen,SITUADO DE YSLA DEL CARMEN,MONTO,True,67603.0,67603.0,False
VERACRUZ,New Spain,1798,in,Isla del Carmen,SITUADO DE YSLA DEL CARMEN,MONTO,True,55488.0,55488.0,False
VERACRUZ,New Spain,1799,out,unspecified,OTRAS TESORERIAS,MONTO,True,31581.0,31581.0,False
VERACRUZ,New Spain,1799,out,Campeche,REMITIDO A CAMPECHE,MONTO,True,133094.0,133094.0,False
VERACRUZ,New Spain,1799,out,Florida,SITUADO DE FLORIDA,MONTO,True,201239.0,201239.0,False
VERACRUZ,New Spain,1799,out,Havana,SITUADO DE HABANA,MONTO,True,130145.0,130145.0,False
VERACRUZ,New Spain,1799,in,unspecified,OTRAS TESORERIAS,MONTO,True,515093.0,515093.0,False
VERACRUZ,New Spain,1799,out,Louisiana,SITUADO DE LUISIANA,MONTO,True,589661.0,589661.0,False
VERACRUZ,New Spain,1799,out,Havana,SITUADO DE MARINA DE HAVANA,MONTO,True,2152076.0,2152076.0,False
VERACRUZ,New Spain,1799,out,Puerto Rico,SITUADO DE PUERTO RICO,MONTO,True,745319.0,745319.0,False
VERACRUZ,New Spain,1799,out,San Blas,SITUADO DE SAN BLAS,MONTO,True,6264.0,6264.0,False
VERACRUZ,New Spain,1799,out,Santo Domingo,SITUADO DE SANTO DOMINGO,MONTO,True,1087484.0,1087484.0,False
VERACRUZ,New Spain,1799,out,Havana,SITUADO DE TIERRA DE HAVANA,MONTO,True,2462851.0,2462851.0,False
VERACRUZ,New Spain,1799,out,Isla del Carmen,SITUADO DE YSLA DEL CARMEN,MONTO,True,18502.0,18502.0,False
VERACRUZ,New Spain,1799,in,Louisiana,SITUADO DE LUISIANA,MONTO,True,13580.0,13580.0,False
VERACRUZ,New Spain,1799,in,Isla del Carmen,SITUADO DE YSLA DEL CARMEN,MONTO,True,13986.0,13986.0,False
VERACRUZ,New Spain,1800,out,unspecified,OTRAS TESORERIAS,MONTO,True,80833.0,80833.0,False
VERACRUZ,New Spain,1800,out,Campeche,REMITIDO A CAMPECHE,MONTO,True,187319.0,187319.0,False
VERACRUZ,New Spain,1800,out,Spain,REMITIDO A CASTILLA DE MEXICO,MONTO,True,430846.0,430846.0,False
VERACRUZ,New Spain,1800,out,Havana,SITUADO DE HABANA,MONTO,True,112720.0,112720.0,False
VERACRUZ,New Spain,1800,out,Louisiana,SITUADO DE LUISIANA,MONTO,True,337029.0,337029.0,False
VERACRUZ,New Spain,1800,out,Havana,SITUADO DE MARINA DE HAVANA,MONTO,True,618981.0,618981.0,False
VERACRUZ,New Spain,1800,out,Internal presidios,SITUADO DE PRESIDIOS INTERNOS,MONTO,True,745.0,745.0,False
VERACRUZ,New Spain,1800,out,San Blas,SITUADO DE SAN BLAS,MONTO,True,143.0,143.0,False
VERACRUZ,New Spain,1800,out,Havana,SITUADO DE TIERRA DE HAVANA,MONTO,True,200574.0,200574.0,False
VERACRUZ,New Spain,1800,out,Isla del Carmen,SITUADO DE YSLA DEL CARMEN,MONTO,True,42391.0,42391.0,False
VERACRUZ,New Spain,1800,in,unspecified,OTRAS TESORERIAS,MONTO,True,728236.0,728236.0,False
VERACRUZ,New Spain,1800,in,Louisiana,SITUADO DE LUISIANA,MONTO,True,34730.0,34730.0,False
VERACRUZ,New Spain,1800,in,Havana,SITUADO DE MARINA DE HAVANA,MONTO,True,1938.0,1938.0,False
VERACRUZ,New Spain,1800,in,Isla del Carmen,SITUADO DE YSLA DEL CARMEN,MONTO,True,6040.0,6040.0,False
VERACRUZ,New Spain,1801,out,unspecified,OTRAS TESORERIAS,MONTO,True,3046577.0,3046577.0,False
VERACRUZ,New Spain,1801,out,Campeche,REMITIDO A CAMPECHE,MONTO,True,1131.0,1131.0,False
VERACRUZ,New Spain,1801,out,Spain,REMITIDO A CASTILLA DE MEXICO,MONTO,True,21158.0,21158.0,False
VERACRUZ,New Spain,1801,out,Havana,SITUADO DE HABANA,MONTO,True,279501.0,279501.0,False
VERACRUZ,New Spain,1801,out,Louisiana,SITUADO DE LUISIANA,MONTO,True,402674.0,402674.0,False
VERACRUZ,New Spain,1801,out,Louisiana,SITUADO DE LUISIANA,MONTO,True,37124.0,37124.0,False
VERACRUZ,New Spain,1801,out,Havana,SITUADO DE MARINA DE HAVANA,MONTO,True,3069406.0,3069406.0,False
VERACRUZ,New Spain,1801,out,San Blas,SITUADO DE SAN BLAS,MONTO,True,2920.0,2920.0,False
VERACRUZ,New Spain,1801,out,Havana,SITUADO DE TIERRA DE HAVANA,MONTO,True,1881.0,1881.0,False
VERACRUZ,New Spain,1801,out,Isla del Carmen,SITUADO DE YSLA DEL CARMEN,MONTO,True,78.0,78.0,False
VERACRUZ,New Spain,1805,in,unspecified,OTRAS TESORERIAS,MONTO,True,1264157.0,1264157.0,False
VERACRUZ,New Spain,1805,in,Havana,SITUADO DE LA MARINA DE HAVANA,MONTO,True,346.0,346.0,False
VERACRUZ,New Spain,1808,in,unspecified,OTRAS TESORERIAS,MONTO,True,2765842.0,2765842.0,False
VERACRUZ,New Spain,1808,in,Havana,SITUADO DE LA MARINA DE HAVANA,MONTO,True,500192.0,500192.0,False
VERACRUZ,New Spain,1808,in,Havana,SITUADO DE TIERRA DE HAVANA,MONTO,True,530000.0,530000.0,False
VERACRUZ,New Spain,1808,in,Isla del Carmen,SITUADO DE YSLA DEL CARMEN,MONTO,True,134.0,134.0,False
ZACATECAS,New Spain,1587,out,Mexico City,REMITIDO A RL CAJA DE MEXICO,MONTO,True,67161.0,67161.0,False
ZACATECAS,New Spain,1593,out,Mexico City,REMITIDO A RL CAJA DE MEXICO,MONTO,True,77526.0,77526.0,False
ZACATECAS,New Spain,1594,out,Mexico City,REMITIDO A RL CAJA DE MEXICO,MONTO,True,49317.0,49317.0,False
ZACATECAS,New Spain,1595,out,Mexico City,REMITIDO A RL CAJA DE MEXICO,MONTO,True,49959.0,49959.0,False
ZACATECAS,New Spain,1596,out,Mexico City,REMITIDO A RL CAJA DE MEXICO,MONTO,True,19922.0,19922.0,False
ZACATECAS,New Spain,1596,out,Mexico City,REMITIDO A RL CAJA DE MEXICO,MONTO,True,22515.0,22515.0,False
ZACATECAS,New Spain,1597,out,Mexico City,REMITIDO A RL CAJA DE MEXICO,MONTO,True,43890.0,43890.0,False
ZACATECAS,New Spain,1598,out,Mexico City,REMITIDO A RL CAJA DE MEXICO,MONTO,True,10707.0,10707.0,False
ZACATECAS,New Spain,1598,out,Mexico City,REMITIDO A RL CAJA DE MEXICO,MONTO,True,51006.0,51006.0,False
ZACATECAS,New Spain,1599,out,Mexico City,REMITIDO A RL CAJA DE MEXICO,MONTO,True,88738.0,88738.0,False
ZACATECAS,New Spain,1600,out,Guadalajara,REMITIDO A RL CAJA DE GUADALAJARA,MONTO,True,9653.0,9653.0,False
ZACATECAS,New Spain,1600,out,Mexico City,REMITIDO A RL CAJA DE MEXICO,MONTO,True,16851.0,16851.0,False
ZACATECAS,New Spain,1601,out,Mexico City,REMITIDO A RL CAJA DE MEXICO,MONTO,True,50445.0,50445.0,False
ZACATECAS,New Spain,1602,out,Mexico City,REMITIDO A RL CAJA DE MEXICO,MONTO,True,49826.0,49826.0,False
ZACATECAS,New Spain,1603,out,Mexico City,REMITIDO A RL CAJA DE MEXICO,MONTO,True,27632.0,27632.0,False
ZACATECAS,New Spain,1603,out,Mexico City,REMITIDO A RL CAJA DE MEXICO,MONTO,True,72117.0,72117.0,False
ZACATECAS,New Spain,1603,out,Mexico City,REMITIDO A RL CAJA DE MEXICO,MONTO,True,36951.0,36951.0,False
ZACATECAS,New Spain,1604,out,Mexico City,REMITIDO A RL CAJA DE MEXICO,MONTO,True,46989.0,46989.0,False
ZACATECAS,New Spain,1604,out,Mexico City,REMITIDO A RL CAJA DE MEXICO,MONTO,True,34105.0,34105.0,False
ZACATECAS,New Spain,1606,out,Mexico City,REMITIDO A RL CAJA DE MEXICO,MONTO,True,122181.0,122181.0,False
ZACATECAS,New Spain,1607,out,Mexico City,REMITIDO A RL CAJA DE MEXICO,MONTO,True,118356.0,118356.0,False
ZACATECAS,New Spain,1608,out,Mexico City,REMITIDO A RL CAJA DE MEXICO,MONTO,True,41964.0,41964.0,False
ZACATECAS,New Spain,1608,out,Mexico City,REMITIDO A RL CAJA DE MEXICO,MONTO,True,81324.0,81324.0,False
ZACATECAS,New Spain,1609,out,Mexico City,REMITIDO A RL CAJA DE MEXICO,MONTO,True,41200.0,41200.0,False
ZACATECAS,New Spain,1609,out,Mexico City,REMITIDO A RL CAJA DE MEXICO,MONTO,True,78533.0,78533.0,False
ZACATECAS,New Spain,1611,out,Mexico City,REMITIDO A RL CAJA DE MEXICO,MONTO,True,91638.0,91638.0,False
ZACATECAS,New Spain,1612,out,Mexico City,REMITIDO A RL CAJA DE MEXICO,MONTO,True,160603.0,160603.0,False
ZACATECAS,New Spain,1613,out,Mexico City,REMITIDO A RL CAJA DE MEXICO,MONTO,True,153624.0,153624.0,False
ZACATECAS,New Spain,1614,out,Mexico City,REMITIDO A RL CAJA DE MEXICO,MONTO,True,179621.0,179621.0,False
ZACATECAS,New Spain,1615,out,Mexico City,REMITIDO A RL CAJA DE MEXICO,MONTO,True,223980.0,223980.0,False
ZACATECAS,New Spain,1616,out,Mexico City,REMITIDO A RL CAJA DE MEXICO,MONTO,True,136875.0,136875.0,False
ZACATECAS,New Spain,1617,out,Mexico City,REMITIDO A RL CAJA DE MEXICO,MONTO,True,78637.0,78637.0,False
ZACATECAS,New Spain,1618,out,Mexico City,REMITIDO A RL CAJA DE MEXICO,MONTO,True,189520.0,189520.0,False
ZACATECAS,New Spain,1619,out,Mexico City,REMITIDO A RL CAJA DE MEXICO,MONTO,True,232187.0,232187.0,False
ZACATECAS,New Spain,1620,out,Mexico City,REMITIDO A RL CAJA DE MEXICO,MONTO,True,150313.0,150313.0,False
ZACATECAS,New Spain,1621,out,Mexico City,REMITIDO A RL CAJA DE MEXICO,MONTO,True,124026.0,124026.0,False
ZACATECAS,New Spain,1622,out,Mexico City,REMITIDO A RL CAJA DE MEXICO,MONTO,True,104444.0,104444.0,False
ZACATECAS,New Spain,1622,out,Mexico City,REMITIDO A RL CAJA DE MEXICO,MONTO,True,282135.0,282135.0,False
ZACATECAS,New Spain,1623,out,Mexico City,REMITIDO A RL CAJA DE MEXICO,MONTO,True,258196.0,258196.0,False
ZACATECAS,New Spain,1624,out,Mexico City,REMITIDO A RL CAJA DE MEXICO,MONTO,True,205148.0,205148.0,False
ZACATECAS,New Spain,1625,out,Mexico City,REMITIDO A RL CAJA DE MEXICO,MONTO,True,13209.0,13209.0,False
ZACATECAS,New Spain,1625,out,Mexico City,REMITIDO A RL CAJA DE MEXICO,MONTO,True,183869.0,183869.0,False
ZACATECAS,New Spain,1626,out,Mexico City,REMITIDO A RL CAJA DE MEXICO,MONTO,True,124616.0,124616.0,False
ZACATECAS,New Spain,1627,out,Mexico City,REMITIDO A RL CAJA DE MEXICO,MONTO,True,139061.0,139061.0,False
ZACATECAS,New Spain,1628,out,Mexico City,REMITIDO A RL CAJA DE MEXICO,MONTO,True,173179.0,173179.0,False
ZACATECAS,New Spain,1629,out,Mexico City,REMITIDO A MEXICO DE ALCABALAS,MONTO,True,326.0,326.0,False
ZACATECAS,New Spain,1629,out,Mexico City,REMITIDO A RL CAJA DE MEXICO,MONTO,True,183148.0,183148.0,False
ZACATECAS,New Spain,1630,out,Mexico City,REMITIDO A RL CAJA DE MEXICO,MONTO,True,143744.0,143744.0,False
ZACATECAS,New Spain,1631,out,Mexico City,REMITIDO A RL CAJA DE MEXICO,MONTO,True,2529.0,2529.0,False
ZACATECAS,New Spain,1631,out,Mexico City,REMITIDO A RL CAJA DE MEXICO,MONTO,True,44812.0,44812.0,False
ZACATECAS,New Spain,1632,out,Mexico City,REMITIDO A RL CAJA DE MEXICO,MONTO,True,161446.0,161446.0,False
ZACATECAS,New Spain,1633,out,Mexico City,REMITIDO A RL CAJA DE MEXICO,MONTO,True,79819.0,79819.0,False
ZACATECAS,New Spain,1633,out,Mexico City,REMITIDO A RL CAJA DE MEXICO,MONTO,True,99212.0,99212.0,False
ZACATECAS,New Spain,1634,out,Mexico City,REMITIDO A RL CAJA DE MEXICO,MONTO,True,134900.0,134900.0,False
ZACATECAS,New Spain,1635,out,Mexico City,REMITIDO A RL CAJA DE MEXICO,MONTO,True,78072.0,78072.0,False
ZACATECAS,New Spain,1638,out,Mexico City,REMITIDO A RL CAJA DE MEXICO,MONTO,True,182166.0,182166.0,False
ZACATECAS,New Spain,1639,out,Mexico City,REMITIDO A RL CAJA DE MEXICO,MONTO,True,147601.0,147601.0,False
ZACATECAS,New Spain,1640,out,Mexico City,REMITIDO A RL CAJA DE MEXICO,MONTO,True,133.0,133.0,False
ZACATECAS,New Spain,1640,out,Mexico City,REMITIDO A MEXICO DE MEDIA ANATA,MONTO,True,1651.0,1651.0,False
ZACATECAS,New Spain,1640,out,Mexico City,REMITIDO A MEXICO DE NAIPES,MONTO,True,1727.0,1727.0,False
ZACATECAS,New Spain,1640,out,Mexico City,REMITIDO A RL CAJA DE MEXICO,MONTO,True,52008.0,52008.0,False
ZACATECAS,New Spain,1640,out,Mexico City,REMITIDO A MEXICO DE AZOGUES,MONTO,True,40972.0,40972.0,False
ZACATECAS,New Spain,1640,out,Mexico City,REMITIDO A MEXICO DE MEDIA ANATA,MONTO,True,1656.0,1656.0,False
ZACATECAS,New Spain,1640,out,Mexico City,REMITIDO A RL CAJA DE MEXICO,MONTO,True,67143.0,67143.0,False
ZACATECAS,New Spain,1641,out,Mexico City,REMITIDO A MEXICO DE AZOGUES,MONTO,True,64548.0,64548.0,False
ZACATECAS,New Spain,1641,out,Mexico City,REMITIDO A MEXICO DE MEDIA ANATA,MONTO,True,1169.0,1169.0,False
ZACATECAS,New Spain,1641,out,Mexico City,REMITIDO A RL CAJA DE MEXICO,MONTO,True,136704.0,136704.0,False
ZACATECAS,New Spain,1642,out,Mexico City,REMITIDO A MEXICO DE AZOGUES,MONTO,True,4361.0,4361.0,False
ZACATECAS,New Spain,1642,out,Mexico City,REMITIDO A MEXICO DE MEDIA ANATA,MONTO,True,684.0,684.0,False
ZACATECAS,New Spain,1642,out,Mexico City,REMITIDO A RL CAJA DE MEXICO,MONTO,True,41925.0,41925.0,False
ZACATECAS,New Spain,1642,out,Mexico City,REMITIDO A MEXICO DE AZOGUES,MONTO,True,55373.0,55373.0,False
ZACATECAS,New Spain,1642,out,Mexico City,REMITIDO A MEXICO DE MEDIA ANATA,MONTO,True,1815.0,1815.0,False
ZACATECAS,New Spain,1642,out,Mexico City,REMITIDO A RL CAJA DE MEXICO,MONTO,True,168120.0,168120.0,False
ZACATECAS,New Spain,1643,out,Mexico City,REMITIDO A MEXICO DE AZOGUES,MONTO,True,77598.0,77598.0,False
ZACATECAS,New Spain,1643,out,Mexico City,REMITIDO A MEXICO DE MEDIA ANATA,MONTO,True,1341.0,1341.0,False
ZACATECAS,New Spain,1643,out,Mexico City,REMITIDO A MEXICO MEDIA ANATA NUE,MONTO,True,359.0,359.0,False
ZACATECAS,New Spain,1643,out,Mexico City,REMITIDO A RL CAJA DE MEXICO,MONTO,True,112033.0,112033.0,False
ZACATECAS,New Spain,1644,out,Mexico City,REMITIDO A MEXICO DE AZOGUES,MONTO,True,54580.0,54580.0,False
ZACATECAS,New Spain,1644,out,Mexico City,REMITIDO A MEXICO DE MEDIA ANATA,MONTO,True,1041.0,1041.0,False
ZACATECAS,New Spain,1644,out,Mexico City,REMITIDO A MEXICO MEDIA ANATA NUE,MONTO,True,127.0,127.0,False
ZACATECAS,New Spain,1644,out,Mexico City,REMITIDO A MEXICO PAPEL SELLADO,MONTO,True,2079.0,2079.0,False
ZACATECAS,New Spain,1644,out,Mexico City,REMITIDO A RL CAJA DE MEXICO,MONTO,True,102680.0,102680.0,False
ZACATECAS,New Spain,1645,out,Mexico City,REMITIDO A MEXICO DE AZOGUES,MONTO,True,64594.0,64594.0,False
ZACATECAS,New Spain,1645,out,Mexico City,REMITIDO A MEXICO DE MEDIA ANATA,MONTO,True,736.0,736.0,False
ZACATECAS,New Spain,1645,out,Mexico City,REMITIDO A MEXICO MEDIA ANATA NUE,MONTO,True,334.0,334.0,False
ZACATECAS,New Spain,1645,out,Mexico City,REMITIDO A RL CAJA DE MEXICO,MONTO,True,56330.0,56330.0,False
ZACATECAS,New Spain,1646,out,Mexico City,REMITIDO A MEXICO PAPEL SELLADO,MONTO,True,1100.0,1100.0,False
ZACATECAS,New Spain,1646,out,Mexico City,REMITIDO A RL CAJA DE MEXICO,MONTO,True,86533.0,86533.0,False
ZACATECAS,New Spain,1647,out,Mexico City,REMITIDO A MEXICO CREC DE AZOGUES,MONTO,True,2793.0,2793.0,False
ZACATECAS,New Spain,1647,out,Mexico City,REMITIDO A MEXICO DE AZOGUES,MONTO,True,108731.0,108731.0,False
ZACATECAS,New Spain,1647,out,Mexico City,REMITIDO A MEXICO DE MEDIA ANATA,MONTO,True,2066.0,2066.0,False
ZACATECAS,New Spain,1647,out,Mexico City,REMITIDO A MEXICO DE NAIPES,MONTO,True,1331.0,1331.0,False
ZACATECAS,New Spain,1647,out,Mexico City,REMITIDO A MEXICO MEDIA ANATA NUE,MONTO,True,845.0,845.0,False
ZACATECAS,New Spain,1647,out,Mexico City,REMITIDO A RL CAJA DE MEXICO,MONTO,True,247611.0,247611.0,False
ZACATECAS,New Spain,1648,out,Mexico City,REMITIDO A MEXICO CREC DE AZOGUES,MONTO,True,810.0,810.0,False
ZACATECAS,New Spain,1648,out,Mexico City,REMITIDO A MEXICO DE AZOGUES,MONTO,True,9328.0,9328.0,False
ZACATECAS,New Spain,1648,out,Mexico City,REMITIDO A MEXICO DE MEDIA ANATA,MONTO,True,29.0,29.0,False
ZACATECAS,New Spain,1648,out,Mexico City,REMITIDO A MEXICO MEDIA ANATA NUE,MONTO,True,15.0,15.0,False
ZACATECAS,New Spain,1648,out,Mexico City,REMITIDO A RL CAJA DE MEXICO,MONTO,True,21798.0,21798.0,False
ZACATECAS,New Spain,1649,out,Mexico City,REMITIDO A MEXICO CREC DE AZOGUES,MONTO,True,2304.0,2304.0,False
ZACATECAS,New Spain,1649,out,Mexico City,REMITIDO A MEXICO DE AZOGUES,MONTO,True,144581.0,144581.0,False
ZACATECAS,New Spain,1649,out,Mexico City,REMITIDO A MEXICO DE MEDIA ANATA,MONTO,True,1107.0,1107.0,False
ZACATECAS,New Spain,1649,out,Mexico City,REMITIDO A MEXICO MEDIA ANATA NUE,MONTO,True,514.0,514.0,False
ZACATECAS,New Spain,1649,out,Mexico City,REMITIDO A MEXICO MESADAS ECLES,MONTO,True,458.0,458.0,False
ZACATECAS,New Spain,1649,out,Mexico City,REMITIDO A MEXICO PAPEL SELLADO,MONTO,True,5388.0,5388.0,False
ZACATECAS,New Spain,1649,out,Mexico City,REMITIDO A RL CAJA DE MEXICO,MONTO,True,144697.0,144697.0,False
ZACATECAS,New Spain,1650,out,Mexico City,REMITIDO A RL CAJA DE MEXICO,MONTO,True,60216.0,60216.0,False
ZACATECAS,New Spain,1651,out,Mexico City,REMITIDO A MEXICO DE AZOGUES,MONTO,True,71026.0,71026.0,False
ZACATECAS,New Spain,1651,out,Mexico City,REMITIDO A MEXICO DE MEDIA ANATA,MONTO,True,1916.0,1916.0,False
ZACATECAS,New Spain,1651,out,Mexico City,REMITIDO A MEXICO MEDIA ANATA NUE,MONTO,True,83.0,83.0,False
ZACATECAS,New Spain,1651,out,Mexico City,REMITIDO A RL CAJA DE MEXICO,MONTO,True,134408.0,134408.0,False
ZACATECAS,New Spain,1652,out,Mexico City,REMITIDO A MEXICO DE AZOGUES,MONTO,True,59453.0,59453.0,False
ZACATECAS,New Spain,1652,out,Mexico City,REMITIDO A MEXICO DE MEDIA ANATA,MONTO,True,1132.0,1132.0,False
ZACATECAS,New Spain,1652,out,Mexico City,REMITIDO A MEXICO MEDIA ANATA NUE,MONTO,True,122.0,122.0,False
ZACATECAS,New Spain,1652,out,Mexico City,REMITIDO A RL CAJA DE MEXICO,MONTO,True,30520.0,30520.0,False
ZACATECAS,New Spain,1653,out,Mexico City,REMITIDO A MEXICO DE AZOGUES,MONTO,True,95899.0,95899.0,False
ZACATECAS,New Spain,1653,out,Mexico City,REMITIDO A MEXICO DE MEDIA ANATA,MONTO,True,801.0,801.0,False
ZACATECAS,New Spain,1653,out,Mexico City,REMITIDO A MEXICO MESADAS ECLES,MONTO,True,43.0,43.0,False
ZACATECAS,New Spain,1653,out,Mexico City,REMITIDO A MEXICO PAPEL SELLADO,MONTO,True,2909.0,2909.0,False
ZACATECAS,New Spain,1653,out,Mexico City,REMITIDO A RL CAJA DE MEXICO,MONTO,True,171290.0,171290.0,False
ZACATECAS,New Spain,1654,out,Mexico City,REMITIDO A MEXICO DE AZOGUES,MONTO,True,80201.0,80201.0,False
ZACATECAS,New Spain,1654,out,Mexico City,REMITIDO A MEXICO DE MEDIA ANATA,MONTO,True,1984.0,1984.0,False
ZACATECAS,New Spain,1654,out,Mexico City,REMITIDO A MEXICO PAPEL SELLADO,MONTO,True,3258.0,3258.0,False
ZACATECAS,New Spain,1654,out,Mexico City,REMITIDO A RL CAJA DE MEXICO,MONTO,True,218277.0,218277.0,False
ZACATECAS,New Spain,1655,out,Mexico City,REMITIDO A MEXICO DE ALCABALAS,MONTO,True,17405.0,17405.0,False
ZACATECAS,New Spain,1655,out,Mexico City,REMITIDO A RL CAJA DE MEXICO,MONTO,True,91908.0,91908.0,False
ZACATECAS,New Spain,1656,out,Mexico City,REMITIDO A MEXICO DE AZOGUES,MONTO,True,5313.0,5313.0,False
ZACATECAS,New Spain,1656,out,Mexico City,REMITIDO A MEXICO DE MEDIA ANATA,MONTO,True,1338.0,1338.0,False
ZACATECAS,New Spain,1656,out,Mexico City,REMITIDO A MEXICO MESADAS ECLES,MONTO,True,165.0,165.0,False
ZACATECAS,New Spain,1656,out,Mexico City,REMITIDO A RL CAJA DE MEXICO,MONTO,True,70585.0,70585.0,False
ZACATECAS,New Spain,1657,out,Mexico City,REMITIDO A MEXICO DE ALCABALAS,MONTO,True,10615.0,10615.0,False
ZACATECAS,New Spain,1657,out,Mexico City,REMITIDO A MEXICO DE AZOGUES,MONTO,True,32557.0,32557.0,False
ZACATECAS,New Spain,1657,out,Mexico City,REMITIDO A MEXICO DE MEDIA ANATA,MONTO,True,1029.0,1029.0,False
ZACATECAS,New Spain,1657,out,Mexico City,REMITIDO A RL CAJA DE MEXICO,MONTO,True,119653.0,119653.0,False
ZACATECAS,New Spain,1658,out,Mexico City,REMITIDO A MEXICO DE AZOGUES,MONTO,True,22241.0,22241.0,False
ZACATECAS,New Spain,1658,out,Mexico City,REMITIDO A MEXICO DE MEDIA ANATA,MONTO,True,1277.0,1277.0,False
ZACATECAS,New Spain,1658,out,Mexico City,REMITIDO A RL CAJA DE MEXICO,MONTO,True,67754.0,67754.0,False
ZACATECAS,New Spain,1659,out,Mexico City,REMITIDO A MEXICO DE AZOGUES,MONTO,True,42787.0,42787.0,False
ZACATECAS,New Spain,1659,out,Mexico City,REMITIDO A MEXICO DE MEDIA ANATA,MONTO,True,544.0,544.0,False
ZACATECAS,New Spain,1659,out,Mexico City,REMITIDO A RL CAJA DE MEXICO,MONTO,True,228524.0,228524.0,False
ZACATECAS,New Spain,1660,out,Mexico City,REMITIDO A MEXICO DE AZOGUES,MONTO,True,31708.0,31708.0,False
ZACATECAS,New Spain,1660,out,Mexico City,REMITIDO A MEXICO DE MEDIA ANATA,MONTO,True,380.0,380.0,False
ZACATECAS,New Spain,1660,out,Mexico City,REMITIDO A RL CAJA DE MEXICO,MONTO,True,114577.0,114577.0,False
ZACATECAS,New Spain,1661,out,Mexico City,REMITIDO A MEXICO DE AZOGUES,MONTO,True,6919.0,6919.0,False
ZACATECAS,New Spain,1661,out,Mexico City,REMITIDO A MEXICO DE MEDIA ANATA,MONTO,True,140.0,140.0,False
ZACATECAS,New Spain,1661,out,Mexico City,REMITIDO A RL CAJA DE MEXICO,MONTO,True,87594.0,87594.0,False
ZACATECAS,New Spain,1662,out,Mexico City,REMITIDO A MEXICO DE ALCABALAS,MONTO,True,1291.0,1291.0,False
ZACATECAS,New Spain,1662,out,Mexico City,REMITIDO A MEXICO DE AZOGUES,MONTO,True,31892.0,31892.0,False
ZACATECAS,New Spain,1662,out,Mexico City,REMITIDO A MEXICO DE MEDIA ANATA,MONTO,True,4538.0,4538.0,False
ZACATECAS,New Spain,1662,out,Mexico City,REMITIDO A MEXICO PAPEL SELLADO,MONTO,True,491.0,491.0,False
ZACATECAS,New Spain,1662,out,Mexico City,REMITIDO A RL CAJA DE MEXICO,MONTO,True,61513.0,61513.0,False
ZACATECAS,New Spain,1664,out,Mexico City,REMITIDO A MEXICO DE AZOGUES,MONTO,True,917.0,917.0,False
ZACATECAS,New Spain,1664,out,Mexico City,REMITIDO A MEXICO DE MEDIA ANATA,MONTO,True,248.0,248.0,False
ZACATECAS,New Spain,1664,out,Mexico City,REMITIDO A RL CAJA DE MEXICO,MONTO,True,29482.0,29482.0,False
ZACATECAS,New Spain,1664,out,Mexico City,REMITIDO A MEXICO DE AZOGUES,MONTO,True,36073.0,36073.0,False
ZACATECAS,New Spain,1664,out,Mexico City,REMITIDO A MEXICO DE MEDIA ANATA,MONTO,True,144.0,144.0,False
ZACATECAS,New Spain,1664,out,Mexico City,REMITIDO A MEXICO DE NAIPES,MONTO,True,796.0,796.0,False
ZACATECAS,New Spain,1664,out,Mexico City,REMITIDO A RL CAJA DE MEXICO,MONTO,True,58461.0,58461.0,False
ZACATECAS,New Spain,1665,out,Mexico City,REMITIDO A MEXICO DE ALCABALAS,MONTO,True,5592.0,5592.0,False
ZACATECAS,New Spain,1665,out,Mexico City,REMITIDO A MEXICO DE AZOGUES,MONTO,True,39659.0,39659.0,False
ZACATECAS,New Spain,1665,out,Mexico City,REMITIDO A MEXICO DE DONATIVO,MONTO,True,290.0,290.0,False
ZACATECAS,New Spain,1665,out,Mexico City,REMITIDO A MEXICO DE MEDIA ANATA,MONTO,True,673.0,673.0,False
ZACATECAS,New Spain,1665,out,Mexico City,REMITIDO A MEXICO PAPEL SELLADO,MONTO,True,2221.0,2221.0,False
ZACATECAS,New Spain,1665,out,Mexico City,REMITIDO A RL CAJA DE MEXICO,MONTO,True,99780.0,99780.0,False
ZACATECAS,New Spain,1666,out,Mexico City,REMITIDO A MEXICO DE ALCABALAS,MONTO,True,8173.0,8173.0,False
ZACATECAS,New Spain,1666,out,Mexico City,REMITIDO A MEXICO DE AZOGUES,MONTO,True,44033.0,44033.0,False
ZACATECAS,New Spain,1666,out,Mexico City,REMITIDO A MEXICO DE DONATIVO,MONTO,True,2743.0,2743.0,False
ZACATECAS,New Spain,1666,out,Mexico City,REMITIDO A MEXICO PENAS DE CAMARA,MONTO,True,699.0,699.0,False
ZACATECAS,New Spain,1666,out,Mexico City,REMITIDO A MEXICO 2% ARMADA BARLO,MONTO,True,4087.0,4087.0,False
ZACATECAS,New Spain,1666,out,Mexico City,REMITIDO A RL CAJA DE MEXICO,MONTO,True,102834.0,102834.0,False
ZACATECAS,New Spain,1667,out,Mexico City,REMITIDO A MEXICO BIENES Y RAMOS,MONTO,True,467.0,467.0,False
ZACATECAS,New Spain,1667,out,Mexico City,REMITIDO A MEXICO DE ALCABALAS,MONTO,True,13337.0,13337.0,False
ZACATECAS,New Spain,1667,out,Mexico City,REMITIDO A MEXICO DE AZOGUES,MONTO,True,30112.0,30112.0,False
ZACATECAS,New Spain,1667,out,Mexico City,REMITIDO A MEXICO DE MEDIA ANATA,MONTO,True,1668.0,1668.0,False
ZACATECAS,New Spain,1667,out,Mexico City,REMITIDO A MEXICO PAPEL SELLADO,MONTO,True,2090.0,2090.0,False
ZACATECAS,New Spain,1667,out,Mexico City,REMITIDO A MEXICO 2% ARMADA BARLO,MONTO,True,6669.0,6669.0,False
ZACATECAS,New Spain,1667,out,Mexico City,REMITIDO A RL CAJA DE MEXICO,MONTO,True,92577.0,92577.0,False
ZACATECAS,New Spain,1668,out,Mexico City,REMITIDO A MEXICO BIENES Y RAMOS,MONTO,True,263.0,263.0,False
ZACATECAS,New Spain,1668,out,Mexico City,REMITIDO A MEXICO DE ALCABALAS,MONTO,True,11856.0,11856.0,False
ZACATECAS,New Spain,1668,out,Mexico City,REMITIDO A MEXICO DE MEDIA ANATA,MONTO,True,200.0,200.0,False
ZACATECAS,New Spain,1668,out,Mexico City,REMITIDO A MEXICO DE NOVENOS,MONTO,True,518.0,518.0,False
ZACATECAS,New Spain,1668,out,Mexico City,REMITIDO A MEXICO 2% ARMADA BARLO,MONTO,True,5928.0,5928.0,False
ZACATECAS,New Spain,1668,out,Mexico City,REMITIDO A RL CAJA DE MEXICO,MONTO,True,119498.0,119498.0,False
ZACATECAS,New Spain,1670,out,Mexico City,REMITIDO A MEXICO BIENES Y RAMOS,MONTO,True,4593.0,4593.0,False
ZACATECAS,New Spain,1670,out,Mexico City,REMITIDO A MEXICO COMP AL MAYOR,MONTO,True,3829.0,3829.0,False
ZACATECAS,New Spain,1670,out,Mexico City,REMITIDO A MEXICO DE ALCABALAS,MONTO,True,14941.0,14941.0,False
ZACATECAS,New Spain,1670,out,Mexico City,REMITIDO A MEXICO DE AZOGUES,MONTO,True,94193.0,94193.0,False
ZACATECAS,New Spain,1670,out,Mexico City,REMITIDO A MEXICO DE DONATIVO,MONTO,True,318.0,318.0,False
ZACATECAS,New Spain,1670,out,Mexico City,REMITIDO A MEXICO DE MEDIA ANATA,MONTO,True,2453.0,2453.0,False
ZACATECAS,New Spain,1670,out,Mexico City,REMITIDO A MEXICO DE NOVENOS,MONTO,True,648.0,648.0,False
ZACATECAS,New Spain,1670,out,Mexico City,REMITIDO A MEXICO DE OFICIOS VEND,MONTO,True,3164.0,3164.0,False
ZACATECAS,New Spain,1670,out,Mexico City,REMITIDO A MEXICO PAPEL SELLADO,MONTO,True,1996.0,1996.0,False
ZACATECAS,New Spain,1670,out,Mexico City,REMITIDO A MEXICO 2% ARMADA BARLO,MONTO,True,7470.0,7470.0,False
ZACATECAS,New Spain,1670,out,Mexico City,REMITIDO A RL CAJA DE MEXICO,MONTO,True,272988.0,272988.0,False
ZACATECAS,New Spain,1671,out,Mexico City,REMITIDO A MEXICO BIENES Y RAMOS,MONTO,True,8659.0,8659.0,False
ZACATECAS,New Spain,1671,out,Mexico City,REMITIDO A MEXICO COMP AL MAYOR,MONTO,True,3525.0,3525.0,False
ZACATECAS,New Spain,1671,out,Mexico City,REMITIDO A MEXICO DE ALCABALAS,MONTO,True,15119.0,15119.0,False
ZACATECAS,New Spain,1671,out,Mexico City,REMITIDO A MEXICO DE AZOGUES,MONTO,True,63926.0,63926.0,False
ZACATECAS,New Spain,1671,out,Mexico City,REMITIDO A MEXICO DE MEDIA ANATA,MONTO,True,1119.0,1119.0,False
ZACATECAS,New Spain,1671,out,Mexico City,REMITIDO A MEXICO DE NOVENOS,MONTO,True,118.0,118.0,False
ZACATECAS,New Spain,1671,out,Mexico City,REMITIDO A MEXICO PAPEL SELLADO,MONTO,True,2047.0,2047.0,False
ZACATECAS,New Spain,1671,out,Mexico City,REMITIDO A MEXICO 2% ARMADA BARLO,MONTO,True,7560.0,7560.0,False
ZACATECAS,New Spain,1671,out,Mexico City,REMITIDO A RL CAJA DE MEXICO,MONTO,True,165474.0,165474.0,False
ZACATECAS,New Spain,1673,out,Mexico City,REMITIDO A MEXICO BIENES Y RAMOS,MONTO,True,5433.0,5433.0,False
ZACATECAS,New Spain,1673,out,Mexico City,REMITIDO A MEXICO COMP AL MAYOR,MONTO,True,4795.0,4795.0,False
ZACATECAS,New Spain,1673,out,Mexico City,REMITIDO A MEXICO CREC DE AZOGUES,MONTO,True,71.0,71.0,False
ZACATECAS,New Spain,1673,out,Mexico City,REMITIDO A MEXICO DE ALCABALAS,MONTO,True,264.0,264.0,False
ZACATECAS,New Spain,1673,out,Mexico City,REMITIDO A MEXICO DE AZOGUES,MONTO,True,109767.0,109767.0,False
ZACATECAS,New Spain,1673,out,Mexico City,REMITIDO A MEXICO DE MEDIA ANATA,MONTO,True,4763.0,4763.0,False
ZACATECAS,New Spain,1673,out,Mexico City,REMITIDO A MEXICO DE NOVENOS,MONTO,True,353.0,353.0,False
ZACATECAS,New Spain,1673,out,Mexico City,REMITIDO A MEXICO DE OFICIOS VEND,MONTO,True,1000.0,1000.0,False
ZACATECAS,New Spain,1673,out,Mexico City,REMITIDO A MEXICO PAPEL SELLADO,MONTO,True,2121.0,2121.0,False
ZACATECAS,New Spain,1673,out,Mexico City,REMITIDO A MEXICO TRIB RL CORONA,MONTO,True,6762.0,6762.0,False
ZACATECAS,New Spain,1673,out,Mexico City,REMITIDO A MEXICO 2% ARMADA BARLO,MONTO,True,14881.0,14881.0,False
ZACATECAS,New Spain,1673,out,Mexico City,REMITIDO A RL CAJA DE MEXICO,MONTO,True,389200.0,389200.0,False
ZACATECAS,New Spain,1675,out,Mexico City,REMITIDO A MEXICO BIENES Y RAMOS,MONTO,True,7175.0,7175.0,False
ZACATECAS,New Spain,1675,out,Mexico City,REMITIDO A MEXICO COMP AL MAYOR,MONTO,True,847.0,847.0,False
ZACATECAS,New Spain,1675,out,Mexico City,REMITIDO A MEXICO DE ALCABALAS,MONTO,True,11603.0,11603.0,False
ZACATECAS,New Spain,1675,out,Mexico City,REMITIDO A MEXICO DE MEDIA ANATA,MONTO,True,1221.0,1221.0,False
ZACATECAS,New Spain,1675,out,Mexico City,REMITIDO A MEXICO DE NAIPES,MONTO,True,20357.0,20357.0,False
ZACATECAS,New Spain,1675,out,Mexico City,REMITIDO A MEXICO DE NOVENOS,MONTO,True,1271.0,1271.0,False
ZACATECAS,New Spain,1675,out,Mexico City,REMITIDO A MEXICO DE OFICIOS VEND,MONTO,True,500.0,500.0,False
ZACATECAS,New Spain,1675,out,Mexico City,REMITIDO A MEXICO PAPEL SELLADO,MONTO,True,1884.0,1884.0,False
ZACATECAS,New Spain,1675,out,Mexico City,REMITIDO A MEXICO 2% ARMADA BARLO,MONTO,True,5801.0,5801.0,False
ZACATECAS,New Spain,1675,out,Mexico City,REMITIDO A RL CAJA DE MEXICO,MONTO,True,368432.0,368432.0,False
ZACATECAS,New Spain,1676,out,Mexico City,REMITIDO A MEXICO BIENES Y RAMOS,MONTO,True,12178.0,12178.0,False
ZACATECAS,New Spain,1676,out,Mexico City,REMITIDO A MEXICO DE ALCABALAS,MONTO,True,26896.0,26896.0,False
ZACATECAS,New Spain,1676,out,Mexico City,REMITIDO A MEXICO DE AZOGUES,MONTO,True,117864.0,117864.0,False
ZACATECAS,New Spain,1676,out,Mexico City,REMITIDO A MEXICO DE MEDIA ANATA,MONTO,True,4270.0,4270.0,False
ZACATECAS,New Spain,1676,out,Mexico City,REMITIDO A MEXICO DE NAIPES,MONTO,True,20193.0,20193.0,False
ZACATECAS,New Spain,1676,out,Mexico City,REMITIDO A MEXICO DE NOVENOS,MONTO,True,464.0,464.0,False
ZACATECAS,New Spain,1676,out,Mexico City,REMITIDO A MEXICO JUEGO TRUECOS,MONTO,True,74.0,74.0,False
ZACATECAS,New Spain,1676,out,Mexico City,REMITIDO A MEXICO PAPEL SELLADO,MONTO,True,2159.0,2159.0,False
ZACATECAS,New Spain,1676,out,Mexico City,REMITIDO A MEXICO PENAS DE CAMARA,MONTO,True,145.0,145.0,False
ZACATECAS,New Spain,1676,out,Mexico City,REMITIDO A MEXICO TRIB RL CORONA,MONTO,True,5386.0,5386.0,False
ZACATECAS,New Spain,1676,out,Mexico City,REMITIDO A MEXICO 2% ARMADA BARLO,MONTO,True,13453.0,13453.0,False
ZACATECAS,New Spain,1676,out,Mexico City,REMITIDO A RL CAJA DE MEXICO,MONTO,True,400849.0,400849.0,False
ZACATECAS,New Spain,1678,out,Mexico City,REMITIDO A MEXICO BIENES Y RAMOS,MONTO,True,5598.0,5598.0,False
ZACATECAS,New Spain,1678,out,Mexico City,REMITIDO A MEXICO CREC DE AZOGUES,MONTO,True,13204.0,13204.0,False
ZACATECAS,New Spain,1678,out,Mexico City,REMITIDO A MEXICO DE ALCABALAS,MONTO,True,24046.0,24046.0,False
ZACATECAS,New Spain,1678,out,Mexico City,REMITIDO A MEXICO DE AZOGUES,MONTO,True,78819.0,78819.0,False
ZACATECAS,New Spain,1678,out,Mexico City,REMITIDO A MEXICO DE MEDIA ANATA,MONTO,True,2589.0,2589.0,False
ZACATECAS,New Spain,1678,out,Mexico City,REMITIDO A MEXICO DE NAIPES,MONTO,True,7401.0,7401.0,False
ZACATECAS,New Spain,1678,out,Mexico City,REMITIDO A MEXICO JUEGO TRUECOS,MONTO,True,74.0,74.0,False
ZACATECAS,New Spain,1678,out,Mexico City,REMITIDO A MEXICO PAPEL SELLADO,MONTO,True,1062.0,1062.0,False
ZACATECAS,New Spain,1678,out,Mexico City,REMITIDO A MEXICO TRIB RL CORONA,MONTO,True,127.0,127.0,False
ZACATECAS,New Spain,1678,out,Mexico City,REMITIDO A MEXICO TRIBUTOS INDIOS,MONTO,True,153.0,153.0,False
ZACATECAS,New Spain,1678,out,Mexico City,REMITIDO A MEXICO 2% ARMADA BARLO,MONTO,True,12023.0,12023.0,False
ZACATECAS,New Spain,1678,out,Mexico City,REMITIDO A RL CAJA DE MEXICO,MONTO,True,199560.0,199560.0,False
ZACATECAS,New Spain,1680,out,Mexico City,REMITIDO A MEXICO BIENES Y RAMOS,MONTO,True,5362.0,5362.0,False
ZACATECAS,New Spain,1680,out,Mexico City,REMITIDO A MEXICO DE ALCABALAS,MONTO,True,41189.0,41189.0,False
ZACATECAS,New Spain,1680,out,Mexico City,REMITIDO A MEXICO DE AZOGUES,MONTO,True,229377.0,229377.0,False
ZACATECAS,New Spain,1680,out,Mexico City,REMITIDO A MEXICO DE DONATIVO,MONTO,True,4394.0,4394.0,False
ZACATECAS,New Spain,1680,out,Mexico City,REMITIDO A MEXICO DE MEDIA ANATA,MONTO,True,2339.0,2339.0,False
ZACATECAS,New Spain,1680,out,Mexico City,REMITIDO A MEXICO DE NAIPES,MONTO,True,22748.0,22748.0,False
ZACATECAS,New Spain,1680,out,Mexico City,REMITIDO A MEXICO DE OFICIOS VEND,MONTO,True,4200.0,4200.0,False
ZACATECAS,New Spain,1680,out,Mexico City,REMITIDO A MEXICO JUEGO TRUECOS,MONTO,True,96.0,96.0,False
ZACATECAS,New Spain,1680,out,Mexico City,REMITIDO A MEXICO PAPEL SELLADO,MONTO,True,1375.0,1375.0,False
ZACATECAS,New Spain,1680,out,Mexico City,REMITIDO A MEXICO TRIB RL CORONA,MONTO,True,255.0,255.0,False
ZACATECAS,New Spain,1680,out,Mexico City,REMITIDO A MEXICO TRIBUTOS INDIOS,MONTO,True,1777.0,1777.0,False
ZACATECAS,New Spain,1680,out,Mexico City,REMITIDO A MEXICO 2% ARMADA BARLO,MONTO,True,20594.0,20594.0,False
ZACATECAS,New Spain,1680,out,Mexico City,REMITIDO A RL CAJA DE MEXICO,MONTO,True,510515.0,510515.0,False
ZACATECAS,New Spain,1686,out,Mexico City,REMITIDO A RL CAJA DE MEXICO,MONTO,True,162619.0,162619.0,False
ZACATECAS,New Spain,1687,out,Mexico City,REMITIDO A MEXICO DE NAIPES,MONTO,True,3293.0,3293.0,False
ZACATECAS,New Spain,1687,out,Mexico City,REMITIDO A RL CAJA DE MEXICO,MONTO,True,243333.0,243333.0,False
ZACATECAS,New Spain,1688,out,Mexico City,REMITIDO A MEXICO DE ALCABALAS,MONTO,True,3794.0,3794.0,False
ZACATECAS,New Spain,1688,out,Mexico City,REMITIDO A MEXICO DE AZOGUES,MONTO,True,2068.0,2068.0,False
ZACATECAS,New Spain,1688,out,Mexico City,REMITIDO A MEXICO DE NAIPES,MONTO,True,5531.0,5531.0,False
ZACATECAS,New Spain,1688,out,Mexico City,REMITIDO A MEXICO DE OFICIOS VEND,MONTO,True,318.0,318.0,False
ZACATECAS,New Spain,1688,out,Mexico City,REMITIDO A MEXICO PAPEL SELLADO,MONTO,True,5086.0,5086.0,False
ZACATECAS,New Spain,1688,out,Mexico City,REMITIDO A MEXICO PENAS DE CAMARA,MONTO,True,53.0,53.0,False
ZACATECAS,New Spain,1688,out,Mexico City,REMITIDO A MEXICO 2% ARMADA BARLO,MONTO,True,1911.0,1911.0,False
ZACATECAS,New Spain,1688,out,Mexico City,REMITIDO A RL CAJA DE MEXICO,MONTO,True,64079.0,64079.0,False
ZACATECAS,New Spain,1689,out,Mexico City,REMITIDO A MEXICO BIENES Y RAMOS,MONTO,True,1396.0,1396.0,False
ZACATECAS,New Spain,1689,out,Mexico City,REMITIDO A MEXICO DE ALCABALAS,MONTO,True,3171.0,3171.0,False
ZACATECAS,New Spain,1689,out,Mexico City,REMITIDO A MEXICO DE AZOGUES,MONTO,True,63833.0,63833.0,False
ZACATECAS,New Spain,1689,out,Mexico City,REMITIDO A MEXICO DE MEDIA ANATA,MONTO,True,25.0,25.0,False
ZACATECAS,New Spain,1689,out,Mexico City,REMITIDO A MEXICO JUEGO TRUECOS,MONTO,True,37.0,37.0,False
ZACATECAS,New Spain,1689,out,Mexico City,REMITIDO A MEXICO PAPEL SELLADO,MONTO,True,1061.0,1061.0,False
ZACATECAS,New Spain,1689,out,Mexico City,REMITIDO A MEXICO 2% ARMADA BARLO,MONTO,True,1586.0,1586.0,False
ZACATECAS,New Spain,1689,out,Mexico City,REMITIDO A RL CAJA DE MEXICO,MONTO,True,16859.0,16859.0,False
ZACATECAS,New Spain,1690,out,Mexico City,REMITIDO A MEXICO DE ALCABALAS,MONTO,True,12565.0,12565.0,False
ZACATECAS,New Spain,1690,out,Mexico City,REMITIDO A MEXICO DE AZOGUES,MONTO,True,26282.0,26282.0,False
ZACATECAS,New Spain,1690,out,Mexico City,REMITIDO A MEXICO DE MEDIA ANATA,MONTO,True,92.0,92.0,False
ZACATECAS,New Spain,1690,out,Mexico City,REMITIDO A MEXICO DE OFICIOS VEND,MONTO,True,2592.0,2592.0,False
ZACATECAS,New Spain,1690,out,Mexico City,REMITIDO A MEXICO PAPEL SELLADO,MONTO,True,1062.0,1062.0,False
ZACATECAS,New Spain,1690,out,Mexico City,REMITIDO A MEXICO TRIB RL CORONA,MONTO,True,1715.0,1715.0,False
ZACATECAS,New Spain,1690,out,Mexico City,REMITIDO A MEXICO 2% ARMADA BARLO,MONTO,True,6282.0,6282.0,False
ZACATECAS,New Spain,1690,out,Mexico City,REMITIDO A RL CAJA DE MEXICO,MONTO,True,5120.0,5120.0,False
ZACATECAS,New Spain,1692,out,Mexico City,REMITIDO A MEXICO BIENES Y RAMOS,MONTO,True,10323.0,10323.0,False
ZACATECAS,New Spain,1692,out,Mexico City,REMITIDO A MEXICO DE ALCABALAS,MONTO,True,12988.0,12988.0,False
ZACATECAS,New Spain,1692,out,Mexico City,REMITIDO A MEXICO DE AZOGUES,MONTO,True,103959.0,103959.0,False
ZACATECAS,New Spain,1692,out,Mexico City,REMITIDO A MEXICO DE MEDIA ANATA,MONTO,True,955.0,955.0,False
ZACATECAS,New Spain,1692,out,Mexico City,REMITIDO A MEXICO DE OFICIOS VEND,MONTO,True,500.0,500.0,False
ZACATECAS,New Spain,1692,out,Mexico City,REMITIDO A MEXICO PAPEL SELLADO,MONTO,True,1061.0,1061.0,False
ZACATECAS,New Spain,1692,out,Mexico City,REMITIDO A MEXICO TRIBUTOS INDIOS,MONTO,True,3994.0,3994.0,False
ZACATECAS,New Spain,1692,out,Mexico City,REMITIDO A MEXICO 2% ARMADA BARLO,MONTO,True,6494.0,6494.0,False
ZACATECAS,New Spain,1692,out,Mexico City,REMITIDO A RL CAJA DE MEXICO,MONTO,True,17560.0,17560.0,False
ZACATECAS,New Spain,1693,out,Mexico City,REMITIDO A MEXICO BIENES Y RAMOS,MONTO,True,3689.0,3689.0,False
ZACATECAS,New Spain,1693,out,Mexico City,REMITIDO A MEXICO BULAS DE SC,MONTO,True,1061.0,1061.0,False
ZACATECAS,New Spain,1693,out,Mexico City,REMITIDO A MEXICO DE ALCABALAS,MONTO,True,6369.0,6369.0,False
ZACATECAS,New Spain,1693,out,Mexico City,REMITIDO A MEXICO DE AZOGUES,MONTO,True,64061.0,64061.0,False
ZACATECAS,New Spain,1693,out,Mexico City,REMITIDO A MEXICO DE MEDIA ANATA,MONTO,True,2982.0,2982.0,False
ZACATECAS,New Spain,1693,out,Mexico City,REMITIDO A MEXICO PAPEL SELLADO,MONTO,True,1062.0,1062.0,False
ZACATECAS,New Spain,1693,out,Mexico City,REMITIDO A MEXICO TRIB RL CORONA,MONTO,True,2157.0,2157.0,False
ZACATECAS,New Spain,1693,out,Mexico City,REMITIDO A MEXICO 2% ARMADA BARLO,MONTO,True,3185.0,3185.0,False
ZACATECAS,New Spain,1693,out,Mexico City,REMITIDO A RL CAJA DE MEXICO,MONTO,True,20375.0,20375.0,False
ZACATECAS,New Spain,1696,out,Mexico City,REMITIDO A MEXICO DE ALCABALAS,MONTO,True,3706.0,3706.0,False
ZACATECAS,New Spain,1696,out,Mexico City,REMITIDO A MEXICO 2% ARMADA BARLO,MONTO,True,1853.0,1853.0,False
ZACATECAS,New Spain,1696,out,Mexico City,REMITIDO A MEXICO BIENES Y RAMOS,MONTO,True,379.0,379.0,False
ZACATECAS,New Spain,1696,out,Mexico City,REMITIDO A RL CAJA DE MEXICO,MONTO,True,27843.0,27843.0,False
ZACATECAS,New Spain,1697,out,Mexico City,REMITIDO A MEXICO DE AZOGUES,MONTO,True,6858.0,6858.0,False
ZACATECAS,New Spain,1700,out,Mexico City,REMITIDO A RL CAJA DE MEXICO,MONTO,True,79225.0,79225.0,False
ZACATECAS,New Spain,1701,out,Mexico City,REMITIDO A RL CAJA DE MEXICO,MONTO,True,43216.0,43216.0,False
ZACATECAS,New Spain,1702,out,Mexico City,REMITIDO A RL CAJA DE MEXICO,MONTO,True,115104.0,115104.0,False
ZACATECAS,New Spain,1704,out,Mexico City,REMITIDO A RL CAJA DE MEXICO,MONTO,True,103749.0,103749.0,False
ZACATECAS,New Spain,1705,out,Mexico City,REMITIDO A RL CAJA DE MEXICO,MONTO,True,136023.0,136023.0,False
ZACATECAS,New Spain,1706,out,Mexico City,REMITIDO A RL CAJA DE MEXICO,MONTO,True,116581.0,116581.0,False
ZACATECAS,New Spain,1707,out,Mexico City,REMITIDO A RL CAJA DE MEXICO,MONTO,True,218894.0,218894.0,False
ZACATECAS,New Spain,1708,out,Mexico City,REMITIDO A RL CAJA DE MEXICO,MONTO,True,76194.0,76194.0,False
ZACATECAS,New Spain,1709,out,Mexico City,REMITIDO A RL CAJA DE MEXICO,MONTO,True,44965.0,44965.0,False
ZACATECAS,New Spain,1710,out,Mexico City,REMITIDO A RL CAJA DE MEXICO,MONTO,True,279187.0,279187.0,False
ZACATECAS,New Spain,1711,out,Mexico City,REMITIDO A RL CAJA DE MEXICO,MONTO,True,257497.0,257497.0,False
ZACATECAS,New Spain,1712,out,Mexico City,REMITIDO A RL CAJA DE MEXICO,MONTO,True,158318.0,158318.0,False
ZACATECAS,New Spain,1713,out,Mexico City,REMITIDO A RL CAJA DE MEXICO,MONTO,True,209590.0,209590.0,False
ZACATECAS,New Spain,1714,out,Mexico City,REMITIDO A RL CAJA DE MEXICO,MONTO,True,212852.0,212852.0,False
ZACATECAS,New Spain,1715,out,Mexico City,REMITIDO A RL CAJA DE MEXICO,MONTO,True,114491.0,114491.0,False
ZACATECAS,New Spain,1716,out,Mexico City,REMITIDO A RL CAJA DE MEXICO,MONTO,True,188657.0,188657.0,False
ZACATECAS,New Spain,1717,out,Mexico City,REMITIDO A RL CAJA DE MEXICO,MONTO,True,302643.0,302643.0,False
ZACATECAS,New Spain,1718,out,Mexico City,REMITIDO A RL CAJA DE MEXICO,MONTO,True,229664.0,229664.0,False
ZACATECAS,New Spain,1718,in,Durango,REMITIDO DE RL CAJA DE DURANGO,MONTO,True,9879.0,9879.0,False
ZACATECAS,New Spain,1719,out,Mexico City,REMITIDO A RL CAJA DE MEXICO,MONTO,True,201023.0,201023.0,False
ZACATECAS,New Spain,1720,out,Mexico City,REMITIDO A RL CAJA DE MEXICO,MONTO,True,83146.0,83146.0,False
ZACATECAS,New Spain,1721,out,Mexico City,REMITIDO A RL CAJA DE MEXICO,MONTO,True,209144.0,209144.0,False
ZACATECAS,New Spain,1722,out,Mexico City,REMITIDO A RL CAJA DE MEXICO,MONTO,True,143500.0,143500.0,False
ZACATECAS,New Spain,1723,out,Mexico City,REMITIDO A RL CAJA DE MEXICO,MONTO,True,184416.0,184416.0,False
ZACATECAS,New Spain,1724,out,Mexico City,REMITIDO A RL CAJA DE MEXICO,MONTO,True,225264.0,225264.0,False
ZACATECAS,New Spain,1725,out,Mexico City,REMITIDO A RL CAJA DE MEXICO,MONTO,True,104463.0,104463.0,False
ZACATECAS,New Spain,1725,out,Mexico City,REMITIDO A RL CAJA DE MEXICO,MONTO,True,93520.0,93520.0,False
ZACATECAS,New Spain,1726,out,Mexico City,REMITIDO A RL CAJA DE MEXICO,MONTO,True,353628.0,353628.0,False
ZACATECAS,New Spain,1727,out,Mexico City,REMITIDO A RL CAJA DE MEXICO,MONTO,True,221995.0,221995.0,False
ZACATECAS,New Spain,1728,out,Mexico City,REMITIDO A RL CAJA DE MEXICO,MONTO,True,383056.0,383056.0,False
ZACATECAS,New Spain,1729,out,Mexico City,REMITIDO A RL CAJA DE MEXICO,MONTO,True,570239.0,570239.0,False
ZACATECAS,New Spain,1730,out,Mexico City,REMITIDO A RL CAJA DE MEXICO,MONTO,True,416886.0,416886.0,False
ZACATECAS,New Spain,1731,out,Mexico City,REMITIDO A RL CAJA DE MEXICO,MONTO,True,359942.0,359942.0,False
ZACATECAS,New Spain,1732,out,Mexico City,REMITIDO A RL CAJA DE MEXICO,MONTO,True,300160.0,300160.0,False
ZACATECAS,New Spain,1733,out,Mexico City,REMITIDO A RL CAJA DE MEXICO,MONTO,True,399300.0,399300.0,False
ZACATECAS,New Spain,1734,out,Mexico City,REMITIDO A RL CAJA DE MEXICO,MONTO,True,293943.0,293943.0,False
ZACATECAS,New Spain,1735,out,Mexico City,REMITIDO A RL CAJA DE MEXICO,MONTO,True,483347.0,483347.0,False
ZACATECAS,New Spain,1736,out,Mexico City,REMITIDO A RL CAJA DE MEXICO,MONTO,True,251725.0,251725.0,False
ZACATECAS,New Spain,1738,out,Mexico City,REMITIDO A RL CAJA DE MEXICO,MONTO,True,303692.0,303692.0,False
ZACATECAS,New Spain,1739,out,Mexico City,REMITIDO A RL CAJA DE MEXICO,MONTO,True,244758.0,244758.0,False
ZACATECAS,New Spain,1740,out,Mexico City,REMITIDO A RL CAJA DE MEXICO,MONTO,True,266210.0,266210.0,False
ZACATECAS,New Spain,1741,out,Mexico City,REMITIDO A RL CAJA DE MEXICO,MONTO,True,335253.0,335253.0,False
ZACATECAS,New Spain,1742,out,Mexico City,REMITIDO A RL CAJA DE MEXICO,MONTO,True,255105.0,255105.0,False
ZACATECAS,New Spain,1743,out,Mexico City,REMITIDO A RL CAJA DE MEXICO,MONTO,True,271589.0,271589.0,False
ZACATECAS,New Spain,1744,out,Mexico City,REMITIDO A RL CAJA DE MEXICO,MONTO,True,251493.0,251493.0,False
ZACATECAS,New Spain,1745,out,Mexico City,REMITIDO A RL CAJA DE MEXICO,MONTO,True,318863.0,318863.0,False
ZACATECAS,New Spain,1746,out,Mexico City,REMITIDO A RL CAJA DE MEXICO,MONTO,True,407813.0,407813.0,False
ZACATECAS,New Spain,1747,out,Mexico City,REMITIDO A RL CAJA DE MEXICO,MONTO,True,373435.0,373435.0,False
ZACATECAS,New Spain,1750,out,Mexico City,REMITIDO A RL CAJA DE MEXICO,MONTO,True,477802.0,477802.0,False
ZACATECAS,New Spain,1751,out,Mexico City,REMITIDO A RL CAJA DE MEXICO,MONTO,True,571421.0,571421.0,False
ZACATECAS,New Spain,1752,out,Mexico City,REMITIDO A RL CAJA DE MEXICO,MONTO,True,339700.0,339700.0,False
ZACATECAS,New Spain,1753,out,Mexico City,REMITIDO A RL CAJA DE MEXICO,MONTO,True,266569.0,266569.0,False
ZACATECAS,New Spain,1754,out,Mexico City,REMITIDO A RL CAJA DE MEXICO,MONTO,True,211527.0,211527.0,False
ZACATECAS,New Spain,1755,out,Mexico City,REMITIDO A RL CAJA DE MEXICO,MONTO,True,254670.0,254670.0,False
ZACATECAS,New Spain,1756,out,Mexico City,REMITIDO A RL CAJA DE MEXICO,MONTO,True,206418.0,206418.0,False
ZACATECAS,New Spain,1757,out,Mexico City,REMITIDO A RL CAJA DE MEXICO,MONTO,True,221965.0,221965.0,False
ZACATECAS,New Spain,1758,out,Mexico City,REMITIDO A RL CAJA DE MEXICO,MONTO,True,244575.0,244575.0,False
ZACATECAS,New Spain,1759,out,Mexico City,REMITIDO A RL CAJA DE MEXICO,MONTO,True,301114.0,301114.0,False
ZACATECAS,New Spain,1760,out,Mexico City,REMITIDO A RL CAJA DE MEXICO,MONTO,True,228709.0,228709.0,False
ZACATECAS,New Spain,1761,out,Mexico City,REMITIDO A RL CAJA DE MEXICO,MONTO,True,187774.0,187774.0,False
ZACATECAS,New Spain,1762,out,Mexico City,REMITIDO A RL CAJA DE MEXICO,MONTO,True,193107.0,193107.0,False
ZACATECAS,New Spain,1763,out,Mexico City,REMITIDO A RL CAJA DE MEXICO,MONTO,True,145372.0,145372.0,False
ZACATECAS,New Spain,1764,out,Mexico City,REMITIDO A RL CAJA DE MEXICO,MONTO,True,175350.0,175350.0,False
ZACATECAS,New Spain,1765,out,Mexico City,REMITIDO A RL CAJA DE MEXICO,MONTO,True,175919.0,175919.0,False
ZACATECAS,New Spain,1766,out,Mexico City,REMITIDO A RL CAJA DE MEXICO,MONTO,True,190479.0,190479.0,False
ZACATECAS,New Spain,1767,out,Mexico City,REMITIDO A RL CAJA DE MEXICO,MONTO,True,189604.0,189604.0,False
ZACATECAS,New Spain,1768,out,Mexico City,REMITIDO A RL CAJA DE MEXICO,MONTO,True,175418.0,175418.0,False
ZACATECAS,New Spain,1769,out,Mexico City,REMITIDO A RL CAJA DE MEXICO,MONTO,True,227736.0,227736.0,False
ZACATECAS,New Spain,1770,out,Mexico City,REMITIDO A RL CAJA DE MEXICO,MONTO,True,230142.0,230142.0,False
ZACATECAS,New Spain,1771,out,Mexico City,REMITIDO A RL CAJA DE MEXICO,MONTO,True,234621.0,234621.0,False
ZACATECAS,New Spain,1772,out,Mexico City,REMITIDO A RL CAJA DE MEXICO,MONTO,True,291906.0,291906.0,False
ZACATECAS,New Spain,1773,out,Mexico City,REMITIDO A RL CAJA DE MEXICO,MONTO,True,236256.0,236256.0,False
ZACATECAS,New Spain,1774,out,Mexico City,REMITIDO A RL CAJA DE MEXICO,MONTO,True,264477.0,264477.0,False
ZACATECAS,New Spain,1775,out,Mexico City,REMITIDO A RL CAJA DE MEXICO,MONTO,True,340591.0,340591.0,False
ZACATECAS,New Spain,1776,out,Mexico City,REMITIDO A RL CAJA DE MEXICO,MONTO,True,409484.0,409484.0,False
ZACATECAS,New Spain,1777,out,Mexico City,REMITIDO A RL CAJA DE MEXICO,MONTO,True,401921.0,401921.0,False
ZACATECAS,New Spain,1778,out,Mexico City,REMITIDO A RL CAJA DE MEXICO,MONTO,True,422926.0,422926.0,False
ZACATECAS,New Spain,1779,out,Mexico City,REMITIDO A RL CAJA DE MEXICO,MONTO,True,498316.0,498316.0,False
ZACATECAS,New Spain,1780,out,Mexico City,REMITIDO A RL CAJA DE MEXICO,MONTO,True,283563.0,283563.0,False
ZACATECAS,New Spain,1781,out,Mexico City,REMITIDO A RL CAJA DE MEXICO,MONTO,True,493695.0,493695.0,False
ZACATECAS,New Spain,1782,out,Mexico City,REMITIDO A RL CAJA DE MEXICO,MONTO,True,457997.0,457997.0,False
ZACATECAS,New Spain,1783,out,Mexico City,REMITIDO A RL CAJA DE MEXICO,MONTO,True,619261.0,619261.0,False
ZACATECAS,New Spain,1784,out,Mexico City,REMITIDO A RL CAJA DE MEXICO,MONTO,True,435489.0,435489.0,False
ZACATECAS,New Spain,1785,out,Mexico City,REMITIDO A RL CAJA DE MEXICO,MONTO,True,478268.0,478268.0,False
ZACATECAS,New Spain,1786,out,Mexico City,REMITIDO A RL CAJA DE MEXICO,MONTO,True,310057.0,310057.0,False
ZACATECAS,New Spain,1787,out,Mexico City,REMITIDO A RL CAJA DE MEXICO,MONTO,True,575536.0,575536.0,False
ZACATECAS,New Spain,1788,out,Mexico City,REMITIDO A RL CAJA DE MEXICO,MONTO,True,343390.0,343390.0,False
ZACATECAS,New Spain,1789,out,Mexico City,REMITIDO A RL CAJA DE MEXICO,MONTO,True,528000.0,528000.0,False
ZACATECAS,New Spain,1790,out,Mexico City,REMITIDO A RL CAJA DE MEXICO,MONTO,True,353000.0,353000.0,False
ZACATECAS,New Spain,1791,out,unspecified,OTRAS TESORERIAS,MONTO,True,847000.0,847000.0,False
ZACATECAS,New Spain,1791,in,unspecified,OTRAS TESORERIAS,MONTO,True,533975.0,533975.0,False
ZACATECAS,New Spain,1792,out,unspecified,OTRAS TESORERIAS,MONTO,True,1330126.0,1330126.0,False
ZACATECAS,New Spain,1792,in,unspecified,OTRAS TESORERIAS,MONTO,True,559187.0,559187.0,False
ZACATECAS,New Spain,1793,out,unspecified,OTRAS TESORERIAS,MONTO,True,1309825.0,1309825.0,False
ZACATECAS,New Spain,1793,in,unspecified,OTRAS TESORERIAS,MONTO,True,550679.0,550679.0,False
ZACATECAS,New Spain,1794,out,unspecified,OTRAS TESORERIAS,MONTO,True,1246693.0,1246693.0,False
ZACATECAS,New Spain,1794,in,unspecified,OTRAS TESORERIAS,MONTO,True,561522.0,561522.0,False
ZACATECAS,New Spain,1795,out,unspecified,OTRAS TESORERIAS,MONTO,True,1133663.0,1133663.0,False
ZACATECAS,New Spain,1795,in,unspecified,OTRAS TESORERIAS,MONTO,True,648823.0,648823.0,False
ZACATECAS,New Spain,1796,out,unspecified,OTRAS TESORERIAS,MONTO,True,1555070.0,1555070.0,False
ZACATECAS,New Spain,1796,in,unspecified,OTRAS TESORERIAS,MONTO,True,844028.0,844028.0,False
ZACATECAS,New Spain,1797,out,unspecified,OTRAS TESORERIAS,MONTO,True,858786.0,858786.0,False
ZACATECAS,New Spain,1798,out,unspecified,OTRAS TESORERIAS,MONTO,True,704891.0,704891.0,False
ZACATECAS,New Spain,1799,out,unspecified,OTRAS TESORERIAS,MONTO,True,750685.0,750685.0,False
ZACATECAS,New Spain,1800,out,Mexico City,REMITIDO A RL CAJA DE MEXICO,MONTO,True,700194.0,700194.0,False
ZACATECAS,New Spain,1801,out,unspecified,OTRAS TESORERIAS,MONTO,True,380465.0,380465.0,False
ZACATECAS,New Spain,1802,out,unspecified,OTRAS TESORERIAS,MONTO,True,351564.0,351564.0,False
ZACATECAS,New Spain,1803,out,unspecified,OTRAS TESORERIAS,MONTO,True,669332.0,669332.0,False
ZACATECAS,New Spain,1804,out,unspecified,OTRAS TESORERIAS,MONTO,True,1060499.0,1060499.0,False
ZACATECAS,New Spain,1805,out,unspecified,OTRAS TESORERIAS,MONTO,True,673399.0,673399.0,False
ZACATECAS,New Spain,1805,in,unspecified,OTRAS TESORERIAS,MONTO,True,39.0,39.0,False
ZACATECAS,New Spain,1806,out,unspecified,OTRAS TESORERIAS,MONTO,True,834000.0,834000.0,False
ZACATECAS,New Spain,1807,out,unspecified,OTRAS TESORERIAS,MONTO,True,842154.0,842154.0,False
ZACATECAS,New Spain,1808,out,unspecified,OTRAS TESORERIAS,MONTO,True,852145.0,852145.0,False
ZACATECAS,New Spain,1809,out,unspecified,OTRAS TESORERIAS,MONTO,True,1208125.0,1208125.0,False
ZACATECAS,New Spain,1810,out,unspecified,OTRAS TESORERIAS,MONTO,True,706103.0,706103.0,False
ZACATECAS,New Spain,1811,out,unspecified,OTRAS TESORERIAS,MONTO,True,252940.0,252940.0,False
ZACATECAS,New Spain,1811,in,unspecified,OTRAS TESORERIAS,MONTO,True,101194.0,101194.0,False
ZACATECAS,New Spain,1812,out,unspecified,OTRAS TESORERIAS,MONTO,True,228763.0,228763.0,False
ZACATECAS,New Spain,1812,in,unspecified,OTRAS TESORERIAS,MONTO,True,7177.0,7177.0,False
ZACATECAS,New Spain,1814,in,unspecified,OTRAS TESORERIAS,MONTO,True,2501.0,2501.0,False
ZACATECAS,New Spain,1815,out,unspecified,OTRAS TESORERIAS,MONTO,True,213.0,213.0,False
ZACATECAS,New Spain,1815,in,unspecified,OTRAS TESORERIAS,MONTO,True,22290.0,22290.0,False
ZACATECAS,New Spain,1816,out,unspecified,OTRAS TESORERIAS,MONTO,True,20977.0,20977.0,False
ZACATECAS,New Spain,1816,in,unspecified,OTRAS TESORERIAS,MONTO,True,89890.0,89890.0,False
ZACATECAS,New Spain,1817,out,unspecified,OTRAS TESORERIAS,MONTO,True,20353.0,20353.0,False
ZACATECAS,New Spain,1817,in,unspecified,OTRAS TESORERIAS,MONTO,True,68619.0,68619.0,False
ZACATECAS,New Spain,1818,out,unspecified,OTRAS TESORERIAS,MONTO,True,117760.0,117760.0,False
ZACATECAS,New Spain,1818,in,unspecified,OTRAS TESORERIAS,MONTO,True,61309.0,61309.0,False
ZACATECAS,New Spain,1819,out,unspecified,OTRAS TESORERIAS,MONTO,True,202300.0,202300.0,False
ZACATECAS,New Spain,1821,out,unspecified,OTRAS TESORERIAS,MONTO,True,63983.0,63983.0,False
ZACATECAS,New Spain,1821,in,unspecified,OTRAS TESORERIAS,MONTO,True,19725.0,19725.0,False
ZIMAPAN,New Spain,1729,out,Mexico City,REMITIDO A RL CAJA DE MEXICO,MONTO,True,12764.0,12764.0,False
ZIMAPAN,New Spain,1729,out,Mexico City,REMITIDO A RL CAJA DE MEXICO,MONTO,True,38705.0,38705.0,False
ZIMAPAN,New Spain,1731,out,Mexico City,REMITIDO A RL CAJA DE MEXICO,MONTO,True,22027.0,22027.0,False
ZIMAPAN,New Spain,1733,out,Mexico City,REMITIDO A RL CAJA DE MEXICO,MONTO,True,51590.0,51590.0,False
ZIMAPAN,New Spain,1734,out,Mexico City,REMITIDO A RL CAJA DE MEXICO,MONTO,True,34212.0,34212.0,False
ZIMAPAN,New Spain,1735,out,Mexico City,REMITIDO A RL CAJA DE MEXICO,MONTO,True,41796.0,41796.0,False
ZIMAPAN,New Spain,1736,out,Mexico City,REMITIDO A RL CAJA DE MEXICO,MONTO,True,30327.0,30327.0,False
ZIMAPAN,New Spain,1737,out,Mexico City,REMITIDO A RL CAJA DE MEXICO,MONTO,True,29649.0,29649.0,False
ZIMAPAN,New Spain,1738,out,Mexico City,REMITIDO A RL CAJA DE MEXICO,MONTO,True,15764.0,15764.0,False
ZIMAPAN,New Spain,1739,out,Mexico City,REMITIDO A RL CAJA DE MEXICO,MONTO,True,23758.0,23758.0,False
ZIMAPAN,New Spain,1740,out,Mexico City,REMITIDO A RL CAJA DE MEXICO,MONTO,True,32990.0,32990.0,False
ZIMAPAN,New Spain,1741,out,Mexico City,REMITIDO A RL CAJA DE MEXICO,MONTO,True,16002.0,16002.0,False
ZIMAPAN,New Spain,1742,out,Mexico City,REMITIDO A RL CAJA DE MEXICO,MONTO,True,15901.0,15901.0,False
ZIMAPAN,New Spain,1743,out,Mexico City,REMITIDO A RL CAJA DE MEXICO,MONTO,True,26255.0,26255.0,False
ZIMAPAN,New Spain,1744,out,Mexico City,REMITIDO A RL CAJA DE MEXICO,MONTO,True,32299.0,32299.0,False
ZIMAPAN,New Spain,1745,out,Mexico City,REMITIDO A RL CAJA DE MEXICO,MONTO,True,55802.0,55802.0,False
ZIMAPAN,New Spain,1746,out,Mexico City,REMITIDO A RL CAJA DE MEXICO,MONTO,True,45949.0,45949.0,False
ZIMAPAN,New Spain,1747,out,Mexico City,REMITIDO A RL CAJA DE MEXICO,MONTO,True,49981.0,49981.0,False
ZIMAPAN,New Spain,1748,out,Mexico City,REMITIDO A RL CAJA DE MEXICO,MONTO,True,42972.0,42972.0,False
ZIMAPAN,New Spain,1752,out,Mexico City,REMITIDO A RL CAJA DE MEXICO,MONTO,True,52786.0,52786.0,False
ZIMAPAN,New Spain,1753,out,Mexico City,REMITIDO A RL CAJA DE MEXICO,MONTO,True,59509.0,59509.0,False
ZIMAPAN,New Spain,1754,out,Mexico City,REMITIDO A RL CAJA DE MEXICO,MONTO,True,49955.0,49955.0,False
ZIMAPAN,New Spain,1755,out,Mexico City,REMITIDO A RL CAJA DE MEXICO,MONTO,True,50914.0,50914.0,False
ZIMAPAN,New Spain,1756,out,Mexico City,REMITIDO A RL CAJA DE MEXICO,MONTO,True,50847.0,50847.0,False
ZIMAPAN,New Spain,1758,out,Mexico City,REMITIDO A RL CAJA DE MEXICO,MONTO,True,52326.0,52326.0,False
ZIMAPAN,New Spain,1759,out,Mexico City,REMITIDO A RL CAJA DE MEXICO,MONTO,True,50333.0,50333.0,False
ZIMAPAN,New Spain,1761,out,Mexico City,REMITIDO A RL CAJA DE MEXICO,MONTO,True,57135.0,57135.0,False
ZIMAPAN,New Spain,1762,out,Mexico City,REMITIDO A RL CAJA DE MEXICO,MONTO,True,52116.0,52116.0,False
ZIMAPAN,New Spain,1763,out,Mexico City,REMITIDO A RL CAJA DE MEXICO,MONTO,True,33417.0,33417.0,False
ZIMAPAN,New Spain,1764,out,Mexico City,REMITIDO A RL CAJA DE MEXICO,MONTO,True,39037.0,39037.0,False
ZIMAPAN,New Spain,1765,out,Mexico City,REMITIDO A RL CAJA DE MEXICO,MONTO,True,34543.0,34543.0,False
ZIMAPAN,New Spain,1766,out,Mexico City,REMITIDO A RL CAJA DE MEXICO,MONTO,True,40400.0,40400.0,False
ZIMAPAN,New Spain,1767,out,Mexico City,REMITIDO A RL CAJA DE MEXICO,MONTO,True,40384.0,40384.0,False
ZIMAPAN,New Spain,1768,out,Mexico City,REMITIDO A RL CAJA DE MEXICO,MONTO,True,34558.0,34558.0,False
ZIMAPAN,New Spain,1769,out,Mexico City,REMITIDO A RL CAJA DE MEXICO,MONTO,True,29673.0,29673.0,False
ZIMAPAN,New Spain,1770,out,Mexico City,REMITIDO A RL CAJA DE MEXICO,MONTO,True,76640.0,76640.0,False
ZIMAPAN,New Spain,1771,out,Mexico City,REMITIDO A RL CAJA DE MEXICO,MONTO,True,79680.0,79680.0,False
ZIMAPAN,New Spain,1772,in,Mexico City,REMITIDO DE RL CAJA DE MEXICO,MONTO,True,2000.0,2000.0,False
ZIMAPAN,New Spain,1772,out,Mexico City,REMITIDO A RL CAJA DE MEXICO,MONTO,True,93941.0,93941.0,False
ZIMAPAN,New Spain,1773,out,Mexico City,REMITIDO A RL CAJA DE MEXICO,MONTO,True,74112.0,74112.0,False
ZIMAPAN,New Spain,1774,out,Mexico City,REMITIDO A RL CAJA DE MEXICO,MONTO,True,70084.0,70084.0,False
ZIMAPAN,New Spain,1775,out,Mexico City,REMITIDO A RL CAJA DE MEXICO,MONTO,True,85957.0,85957.0,False
ZIMAPAN,New Spain,1776,out,Mexico City,REMITIDO A RL CAJA DE MEXICO,MONTO,True,63096.0,63096.0,False
ZIMAPAN,New Spain,1777,out,Mexico City,REMITIDO A RL CAJA DE MEXICO,MONTO,True,39028.0,39028.0,False
ZIMAPAN,New Spain,1778,out,Mexico City,REMITIDO A RL CAJA DE MEXICO,MONTO,True,62830.0,62830.0,False
ZIMAPAN,New Spain,1779,out,Mexico City,REMITIDO A MEXICO DE ALCABALAS,MONTO,True,4457.0,4457.0,False
ZIMAPAN,New Spain,1779,out,Mexico City,REMITIDO A RL CAJA DE MEXICO,MONTO,True,53523.0,53523.0,False
ZIMAPAN,New Spain,1780,out,Mexico City,REMITIDO A RL CAJA DE MEXICO,MONTO,True,64248.0,64248.0,False
ZIMAPAN,New Spain,1781,out,Mexico City,REMITIDO A RL CAJA DE MEXICO,MONTO,True,87970.0,87970.0,False
ZIMAPAN,New Spain,1782,out,Mexico City,REMITIDO A RL CAJA DE MEXICO,MONTO,True,97058.0,97058.0,False
ZIMAPAN,New Spain,1783,out,Mexico City,REMITIDO A RL CAJA DE MEXICO,MONTO,True,76315.0,76315.0,False
ZIMAPAN,New Spain,1784,out,Mexico City,REMITIDO A MEXICO DE ALCABALAS,MONTO,True,17842.0,17842.0,False
ZIMAPAN,New Spain,1784,out,Mexico City,REMITIDO A RL CAJA DE MEXICO,MONTO,True,53678.0,53678.0,False
ZIMAPAN,New Spain,1785,out,Mexico City,REMITIDO A RL CAJA DE MEXICO,MONTO,True,78066.0,78066.0,False
ZIMAPAN,New Spain,1786,out,Mexico City,REMITIDO A RL CAJA DE MEXICO,MONTO,True,47349.0,47349.0,False
ZIMAPAN,New Spain,1787,out,Mexico City,REMITIDO A RL CAJA DE MEXICO,MONTO,True,58036.0,58036.0,False
ZIMAPAN,New Spain,1788,out,Mexico City,REMITIDO A RL CAJA DE MEXICO,MONTO,True,52342.0,52342.0,False
ZIMAPAN,New Spain,1789,out,Mexico City,REMITIDO A RL CAJA DE MEXICO,MONTO,True,49447.0,49447.0,False
ZIMAPAN,New Spain,1790,out,Mexico City,REMITIDO A RL CAJA DE MEXICO,MONTO,True,53223.0,53223.0,False
ZIMAPAN,New Spain,1791,out,Mexico City,REMITIDO A MEXICO MONTEPIO DE MIN,MONTO,True,110.0,110.0,False
ZIMAPAN,New Spain,1791,out,Mexico City,REMITIDO A MEXICO MONTEPIO DE OF,MONTO,True,247.0,247.0,False
ZIMAPAN,New Spain,1791,out,Mexico City,REMITIDO A RL CAJA DE MEXICO,MONTO,True,66416.0,66416.0,False
ZIMAPAN,New Spain,1792,out,Mexico City,REMITIDO A MEXICO MONTEPIO DE MIN,MONTO,True,110.0,110.0,False
ZIMAPAN,New Spain,1792,out,Mexico City,REMITIDO A MEXICO MONTEPIO DE OF,MONTO,True,174.0,174.0,False
ZIMAPAN,New Spain,1792,out,Mexico City,REMITIDO A RL CAJA DE MEXICO,MONTO,True,63662.0,63662.0,False
ZIMAPAN,New Spain,1793,out,Mexico City,REMITIDO A MEXICO MONTEPIO DE MIN,MONTO,True,110.0,110.0,False
ZIMAPAN,New Spain,1793,out,Mexico City,REMITIDO A MEXICO MONTEPIO DE OF,MONTO,True,240.0,240.0,False
ZIMAPAN,New Spain,1793,out,Mexico City,REMITIDO A RL CAJA DE MEXICO,MONTO,True,77710.0,77710.0,False
ZIMAPAN,New Spain,1794,out,Mexico City,REMITIDO A MEXICO MONTEPIO DE MIN,MONTO,True,110.0,110.0,False
ZIMAPAN,New Spain,1794,out,Mexico City,REMITIDO A MEXICO MONTEPIO DE OF,MONTO,True,212.0,212.0,False
ZIMAPAN,New Spain,1794,out,Mexico City,REMITIDO A RL CAJA DE MEXICO,MONTO,True,84433.0,84433.0,False
ZIMAPAN,New Spain,1795,out,Mexico City,REMITIDO A RL CAJA DE MEXICO,MONTO,True,134103.0,134103.0,False
ZIMAPAN,New Spain,1796,out,Mexico City,REMITIDO A RL CAJA DE MEXICO,MONTO,True,144277.0,144277.0,False
ZIMAPAN,New Spain,1797,out,Mexico City,REMITIDO A RL CAJA DE MEXICO,MONTO,True,164511.0,164511.0,False
ZIMAPAN,New Spain,1798,out,Mexico City,REMITIDO A RL CAJA DE MEXICO,MONTO,True,113198.0,113198.0,False
ZIMAPAN,New Spain,1799,out,Mexico City,REMITIDO A RL CAJA DE MEXICO,MONTO,True,94895.0,94895.0,False
ZIMAPAN,New Spain,1800,out,Mexico City,REMITIDO A RL CAJA DE MEXICO,MONTO,True,78124.0,78124.0,False
ZIMAPAN,New Spain,1801,out,Mexico City,REMITIDO A RL CAJA DE MEXICO,MONTO,True,118027.0,118027.0,False
ZIMAPAN,New Spain,1802,out,Mexico City,REMITIDO A MEXICO MONTEPIO DE MIN,MONTO,True,73.0,73.0,False
ZIMAPAN,New Spain,1802,out,Mexico City,REMITIDO A MEXICO MONTEPIO DE OF,MONTO,True,231.0,231.0,False
ZIMAPAN,New Spain,1802,out,Mexico City,REMITIDO A RL CAJA DE MEXICO,MONTO,True,85971.0,85971.0,False
ZIMAPAN,New Spain,1803,out,Mexico City,REMITIDO A MEXICO MONTEPIO DE MIN,MONTO,True,84.0,84.0,False
ZIMAPAN,New Spain,1803,out,Mexico City,REMITIDO A MEXICO MONTEPIO DE OF,MONTO,True,64.0,64.0,False
ZIMAPAN,New Spain,1803,out,Mexico City,REMITIDO A RL CAJA DE MEXICO,MONTO,True,58860.0,58860.0,False
ZIMAPAN,New Spain,1804,out,Mexico City,REMITIDO A MEXICO MONTEPIO DE MIN,MONTO,True,945.0,945.0,False
ZIMAPAN,New Spain,1804,out,Mexico City,REMITIDO A MEXICO MONTEPIO DE OF,MONTO,True,101.0,101.0,False
ZIMAPAN,New Spain,1804,out,Mexico City,REMITIDO A RL CAJA DE MEXICO,MONTO,True,82516.0,82516.0,False
ZIMAPAN,New Spain,1805,out,Mexico City,REMITIDO A MEXICO MONTEPIO DE MIN,MONTO,True,304.0,304.0,False
ZIMAPAN,New Spain,1805,out,Mexico City,REMITIDO A MEXICO MONTEPIO DE OF,MONTO,True,96.0,96.0,False
ZIMAPAN,New Spain,1805,out,Mexico City,REMITIDO A RL CAJA DE MEXICO,MONTO,True,67311.0,67311.0,False
ZIMAPAN,New Spain,1806,out,Mexico City,REMITIDO A MEXICO MONTEPIO DE MIN,MONTO,True,147.0,147.0,False
ZIMAPAN,New Spain,1806,out,Mexico City,REMITIDO A MEXICO MONTEPIO DE OF,MONTO,True,235.0,235.0,False
ZIMAPAN,New Spain,1806,out,Mexico City,REMITIDO A RL CAJA DE MEXICO,MONTO,True,62632.0,62632.0,False
AREQUIPA,Peru,1599,out,Lima,REMITIDO A LIMA,OCHO,False,23712.0,23712.0,False
AREQUIPA,Peru,1599,out,Lima,REMITIDO A LIMA,ENSAYADOS,False,26584.0,43980.88,False
AREQUIPA,Peru,1599,in,Quito,REMITIDO DE CHUQUITO,OCHO,False,78010.0,78010.0,False
AREQUIPA,Peru,1599,in,Quito,REMITIDO DE CHUQUITO,ENSAYADOS,False,19411.0,32113.79,False
AREQUIPA,Peru,1625,out,Lima,REMITIDO A LIMA,OCHO,False,431.0,431.0,False
AREQUIPA,Peru,1631,out,Lima,REMITIDO A LIMA,OCHO,False,73888.0,73888.0,False
AREQUIPA,Peru,1631,out,Lima,REMITIDO A LIMA,ENSAYADOS,False,20542.0,33984.93,False
AREQUIPA,Peru,1634,out,Lima,REMITIDO A LIMA,OCHO,False,53308.0,53308.0,False
AREQUIPA,Peru,1634,out,Lima,REMITIDO A LIMA,ENSAYADOS,False,72745.0,120350.18,False
AREQUIPA,Peru,1689,out,Lima,REMITIDO A LIMA,OCHO,False,9563.0,9563.0,False
AREQUIPA,Peru,1692,out,Lima,REMITIDO A LIMA,OCHO,False,19491.0,19491.0,False
AREQUIPA,Peru,1695,out,Lima,REMITIDO A LIMA,OCHO,False,13826.0,13826.0,False
AREQUIPA,Peru,1699,out,Lima,REMITIDO A LIMA,OCHO,False,10555.0,10555.0,False
AREQUIPA,Peru,1700,out,Lima,REMITIDO A LIMA,OCHO,False,11419.0,11419.0,False
AREQUIPA,Peru,1701,out,Lima,REMITIDO A LIMA,OCHO,False,9252.0,9252.0,False
AREQUIPA,Peru,1702,out,Lima,REMITIDO A LIMA,OCHO,False,9664.0,9664.0,False
AREQUIPA,Peru,1703,out,Lima,REMITIDO A LIMA,OCHO,False,7544.0,7544.0,False
AREQUIPA,Peru,1704,out,Lima,REMITIDO A LIMA,OCHO,False,14609.0,14609.0,False
AREQUIPA,Peru,1705,out,Lima,REMITIDO A LIMA,OCHO,False,10285.0,10285.0,False
AREQUIPA,Peru,1706,out,Lima,REMITIDO A LIMA,OCHO,False,15831.0,15831.0,False
AREQUIPA,Peru,1707,out,Lima,REMITIDO A LIMA,OCHO,False,6590.0,6590.0,False
AREQUIPA,Peru,1708,out,Lima,REMITIDO A LIMA,OCHO,False,14053.0,14053.0,False
AREQUIPA,Peru,1709,out,Lima,REMITIDO A LIMA,OCHO,False,22020.0,22020.0,False
AREQUIPA,Peru,1710,out,Lima,REMITIDO A LIMA,OCHO,False,15320.0,15320.0,False
AREQUIPA,Peru,1711,out,Lima,REMITIDO A LIMA,OCHO,False,2610.0,2610.0,False
AREQUIPA,Peru,1712,out,Lima,REMITIDO A LIMA,OCHO,False,6259.0,6259.0,False
AREQUIPA,Peru,1713,out,Lima,REMITIDO A LIMA,OCHO,False,5722.0,5722.0,False
AREQUIPA,Peru,1714,out,Lima,REMITIDO A LIMA,OCHO,False,5683.0,5683.0,False
AREQUIPA,Peru,1715,out,Lima,REMITIDO A LIMA,OCHO,False,3048.0,3048.0,False
AREQUIPA,Peru,1716,out,Lima,REMITIDO A LIMA,OCHO,False,7255.0,7255.0,False
AREQUIPA,Peru,1717,out,Lima,REMITIDO A LIMA,OCHO,False,2792.0,2792.0,False
AREQUIPA,Peru,1718,out,Lima,REMITIDO A LIMA,OCHO,False,7003.0,7003.0,False
AREQUIPA,Peru,1719,out,Lima,REMITIDO A LIMA,OCHO,False,5455.0,5455.0,False
AREQUIPA,Peru,1720,out,Lima,REMITIDO A LIMA,OCHO,False,5471.0,5471.0,False
AREQUIPA,Peru,1721,out,Lima,REMITIDO A LIMA,OCHO,False,3053.0,3053.0,False
AREQUIPA,Peru,1722,out,Lima,REMITIDO A LIMA,OCHO,False,6553.0,6553.0,False
AREQUIPA,Peru,1723,out,Lima,REMITIDO A LIMA,OCHO,False,7640.0,7640.0,False
AREQUIPA,Peru,1724,out,Lima,REMITIDO A LIMA,OCHO,False,47208.0,47208.0,False
AREQUIPA,Peru,1725,out,Lima,REMITIDO A LIMA,OCHO,False,3100.0,3100.0,False
AREQUIPA,Peru,1726,out,Lima,REMITIDO A LIMA,OCHO,False,8600.0,8600.0,False
AREQUIPA,Peru,1727,out,Lima,REMITIDO A LIMA,OCHO,False,9239.0,9239.0,False
AREQUIPA,Peru,1728,out,Lima,REMITIDO A LIMA,OCHO,False,10330.0,10330.0,False
AREQUIPA,Peru,1729,out,Lima,REMITIDO A LIMA,OCHO,False,16991.0,16991.0,False
AREQUIPA,Peru,1730,out,Lima,REMITIDO A LIMA,OCHO,False,13500.0,13500.0,False
AREQUIPA,Peru,1731,out,Lima,REMITIDO A LIMA,OCHO,False,12336.0,12336.0,False
AREQUIPA,Peru,1732,out,Lima,REMITIDO A LIMA,OCHO,False,15911.0,15911.0,False
AREQUIPA,Peru,1733,out,Lima,REMITIDO A LIMA,OCHO,False,17757.0,17757.0,False
AREQUIPA,Peru,1734,out,Lima,REMITIDO A LIMA,OCHO,False,15259.0,15259.0,False
AREQUIPA,Peru,1735,out,Lima,REMITIDO A LIMA,OCHO,False,23124.0,23124.0,False
AREQUIPA,Peru,1836,out,Lima,REMITIDO A LIMA,OCHO,False,23710.0,23710.0,False
AREQUIPA,Peru,1836,out,Lima,REMITIDO A LIMA,OCHO,False,23838.0,23838.0,False
AREQUIPA,Peru,1738,out,Lima,REMITIDO A LIMA,OCHO,False,23071.0,23071.0,False
AREQUIPA,Peru,1739,out,Lima,REMITIDO A LIMA,OCHO,False,22944.0,22944.0,False
AREQUIPA,Peru,1740,out,Lima,REMITIDO A LIMA,OCHO,False,19709.0,19709.0,False
AREQUIPA,Peru,1741,out,Lima,REMITIDO A LIMA,OCHO,False,21468.0,21468.0,False
AREQUIPA,Peru,1742,out,Lima,REMITIDO A LIMA,OCHO,False,18265.0,18265.0,False
AREQUIPA,Peru,1743,out,Lima,REMITIDO A LIMA,OCHO,False,23968.0,23968.0,False
AREQUIPA,Peru,1744,out,Lima,REMITIDO A LIMA,OCHO,False,10552.0,10552.0,False
AREQUIPA,Peru,1745,out,Lima,REMITIDO A LIMA,OCHO,False,25383.0,25383.0,False
AREQUIPA,Peru,1746,out,Lima,REMITIDO A LIMA,OCHO,False,24342.0,24342.0,False
AREQUIPA,Peru,1747,out,Lima,REMITIDO A LIMA,OCHO,False,20396.0,20396.0,False
AREQUIPA,Peru,1748,out,Lima,REMITIDO A LIMA,OCHO,False,20728.0,20728.0,False
AREQUIPA,Peru,1749,out,Lima,REMITIDO A LIMA,OCHO,False,17594.0,17594.0,False
AREQUIPA,Peru,1750,out,Lima,REMITIDO A LIMA,OCHO,False,26057.0,26057.0,False
AREQUIPA,Peru,1751,out,Lima,REMITIDO A LIMA,OCHO,False,20589.0,20589.0,False
AREQUIPA,Peru,1752,out,Lima,REMITIDO A LIMA,OCHO,False,24990.0,24990.0,False
AREQUIPA,Peru,1753,out,Lima,REMITIDO A LIMA,OCHO,False,11289.0,11289.0,False
AREQUIPA,Peru,1754,out,Lima,REMITIDO A LIMA,OCHO,False,22767.0,22767.0,False
AREQUIPA,Peru,1755,out,Lima,REMITIDO A LIMA,OCHO,False,84595.0,84595.0,False
AREQUIPA,Peru,1756,out,Lima,REMITIDO A LIMA,OCHO,False,32683.0,32683.0,False
AREQUIPA,Peru,1757,out,Lima,REMITIDO A LIMA,OCHO,False,45684.0,45684.0,False
AREQUIPA,Peru,1758,out,Lima,REMITIDO A LIMA,OCHO,False,17360.0,17360.0,False
AREQUIPA,Peru,1759,out,Lima,REMITIDO A LIMA,OCHO,False,30535.0,30535.0,False
AREQUIPA,Peru,1761,out,Lima,REMITIDO A LIMA,OCHO,False,38520.0,38520.0,False
AREQUIPA,Peru,1762,out,Lima,REMITIDO A LIMA,OCHO,False,42150.0,42150.0,False
AREQUIPA,Peru,1763,out,Lima,REMITIDO A LIMA,OCHO,False,66915.0,66915.0,False
AREQUIPA,Peru,1764,out,Lima,REMITIDO A LIMA,OCHO,False,67551.0,67551.0,False
AREQUIPA,Peru,1765,out,Lima,REMITIDO A LIMA,OCHO,False,70099.0,70099.0,False
AREQUIPA,Peru,1766,out,Lima,REMITIDO A LIMA,OCHO,False,35141.0,35141.0,False
AREQUIPA,Peru,1767,out,Lima,REMITIDO A LIMA,OCHO,False,46135.0,46135.0,False
AREQUIPA,Peru,1768,out,Lima,REMITIDO A LIMA,OCHO,False,61454.0,61454.0,False
AREQUIPA,Peru,1769,out,Lima,REMITIDO A LIMA,OCHO,False,42898.0,42898.0,False
AREQUIPA,Peru,1770,out,Lima,REMITIDO A LIMA,OCHO,False,63511.0,63511.0,False
AREQUIPA,Peru,1771,out,Lima,REMITIDO A LIMA,OCHO,False,61312.0,61312.0,False
AREQUIPA,Peru,1772,out,Lima,REMITIDO A LIMA,OCHO,False,62832.0,62832.0,False
AREQUIPA,Peru,1773,out,Lima,REMITIDO A LIMA,OCHO,False,71058.0,71058.0,False
AREQUIPA,Peru,1774,out,Lima,REMITIDO A LIMA,OCHO,False,71415.0,71415.0,False
AREQUIPA,Peru,1775,out,Lima,REMITIDO A LIMA,OCHO,False,60089.0,60089.0,False
AREQUIPA,Peru,1776,out,Lima,REMITIDO A LIMA,OCHO,False,33668.0,33668.0,False
AREQUIPA,Peru,1778,out,Lima,REMITIDO A LIMA,OCHO,False,55878.0,55878.0,False
AREQUIPA,Peru,1779,out,Lima,REMITIDO A LIMA,OCHO,False,156976.0,156976.0,False
AREQUIPA,Peru,1780,out,Lima,REMITIDO A LIMA,OCHO,False,155428.0,155428.0,False
AREQUIPA,Peru,1781,out,Lima,REMITIDO A LIMA,OCHO,False,96372.0,96372.0,False
AREQUIPA,Peru,1786,out,unspecified,OTRAS TESORERIAS,OCHO,False,157481.0,157481.0,False
AREQUIPA,Peru,1786,in,unspecified,OTRAS TESORERIAS,OCHO,False,166837.0,166837.0,False
AREQUIPA,Peru,1787,out,unspecified,OTRAS TESORERIAS,OCHO,False,253000.0,253000.0,False
AREQUIPA,Peru,1787,in,unspecified,OTRAS TESORERIAS,OCHO,False,215475.0,215475.0,False
AREQUIPA,Peru,1788,out,unspecified,OTRAS TESORERIAS,OCHO,False,268610.0,268610.0,False
AREQUIPA,Peru,1788,in,unspecified,OTRAS TESORERIAS,OCHO,False,159290.0,159290.0,False
AREQUIPA,Peru,1789,out,unspecified,OTRAS TESORERIAS,OCHO,False,292678.0,292678.0,False
AREQUIPA,Peru,1789,in,unspecified,OTRAS TESORERIAS,OCHO,False,148966.0,148966.0,False
AREQUIPA,Peru,1790,out,Lima,REMITIDO A LIMA,OCHO,False,125052.0,125052.0,False
AREQUIPA,Peru,1790,in,unspecified,OTRAS TESORERIAS,OCHO,False,101182.0,101182.0,False
AREQUIPA,Peru,1790,out,Lima,REMITIDO A LIMA,OCHO,False,123842.0,123842.0,False
AREQUIPA,Peru,1791,out,unspecified,OTRAS TESORERIAS,OCHO,False,333330.0,333330.0,False
AREQUIPA,Peru,1791,in,unspecified,OTRAS TESORERIAS,OCHO,False,200594.0,200594.0,False
AREQUIPA,Peru,1792,out,Lima,REMITIDO A LIMA,OCHO,False,215359.0,215359.0,False
AREQUIPA,Peru,1792,in,unspecified,OTRAS TESORERIAS,OCHO,False,134117.0,134117.0,False
AREQUIPA,Peru,1793,out,Lima,REMITIDO A LIMA,OCHO,False,189195.0,189195.0,False
AREQUIPA,Peru,1793,in,unspecified,OTRAS TESORERIAS,OCHO,False,152182.0,152182.0,False
AREQUIPA,Peru,1794,out,Lima,REMITIDO A LIMA,OCHO,False,307823.0,307823.0,False
AREQUIPA,Peru,1794,in,unspecified,OTRAS TESORERIAS,OCHO,False,113621.0,113621.0,False
AREQUIPA,Peru,1795,out,Lima,REMITIDO A LIMA,OCHO,False,285721.0,285721.0,False
AREQUIPA,Peru,1795,in,unspecified,OTRAS TESORERIAS,OCHO,False,111980.0,111980.0,False
AREQUIPA,Peru,1796,out,Lima,REMITIDO A LIMA,OCHO,False,210000.0,210000.0,False
AREQUIPA,Peru,1796,in,unspecified,OTRAS TESORERIAS,OCHO,False,111114.0,111114.0,False
AREQUIPA,Peru,1797,out,Lima,REMITIDO A LIMA,OCHO,False,400685.0,400685.0,False
AREQUIPA,Peru,1797,in,unspecified,OTRAS TESORERIAS,OCHO,False,126432.0,126432.0,False
AREQUIPA,Peru,1798,in,unspecified,OTRAS TESORERIAS,OCHO,False,195494.0,195494.0,False
AREQUIPA,Peru,1798,out,unspecified,OTRAS TESORERIAS,OCHO,False,279349.0,279349.0,False
AREQUIPA,Peru,1799,out,unspecified,OTRAS TESORERIAS,OCHO,False,141705.0,141705.0,False
AREQUIPA,Peru,1799,in,unspecified,OTRAS TESORERIAS,OCHO,False,85570.0,85570.0,False
AREQUIPA,Peru,1800,out,unspecified,OTRAS TESORERIAS,OCHO,False,468943.0,468943.0,False
AREQUIPA,Peru,1800,in,unspecified,OTRAS TESORERIAS,OCHO,False,352711.0,352711.0,False
AREQUIPA,Peru,1801,out,unspecified,OTRAS TESORERIAS,OCHO,False,209929.0,209929.0,False
AREQUIPA,Peru,1801,in,unspecified,OTRAS TESORERIAS,OCHO,False,94198.0,94198.0,False
AREQUIPA,Peru,1803,out,unspecified,OTRAS TESORERIAS,OCHO,False,253326.0,253326.0,False
AREQUIPA,Peru,1803,in,unspecified,OTRAS TESORERIAS,OCHO,False,88524.0,88524.0,False
AREQUIPA,Peru,1804,out,unspecified,OTRAS TESORERIAS,OCHO,False,199391.0,199391.0,False
AREQUIPA,Peru,1804,in,unspecified,OTRAS TESORERIAS,OCHO,False,96726.0,96726.0,False
AREQUIPA,Peru,1805,out,unspecified,OTRAS TESORERIAS,OCHO,False,190636.0,190636.0,False
AREQUIPA,Peru,1805,in,unspecified,OTRAS TESORERIAS,OCHO,False,68502.0,68502.0,False
AREQUIPA,Peru,1806,out,unspecified,OTRAS TESORERIAS,OCHO,False,141280.0,141280.0,False
AREQUIPA,Peru,1806,in,unspecified,OTRAS TESORERIAS,OCHO,False,63789.0,63789.0,False
AREQUIPA,Peru,1807,out,unspecified,OTRAS TESORERIAS,OCHO,False,82162.0,82162.0,False
AREQUIPA,Peru,1807,in,unspecified,OTRAS TESORERIAS,OCHO,False,67158.0,67158.0,False
AREQUIPA,Peru,1808,out,unspecified,OTRAS TESORERIAS,OCHO,False,99105.0,99105.0,False
AREQUIPA,Peru,1808,in,unspecified,OTRAS TESORERIAS,OCHO,False,117084.0,117084.0,False
AREQUIPA,Peru,1809,out,unspecified,OTRAS TESORERIAS,OCHO,False,48189.0,48189.0,False
AREQUIPA,Peru,1809,in,unspecified,OTRAS TESORERIAS,OCHO,False,97691.0,97691.0,False
AREQUIPA,Peru,1810,out,unspecified,OTRAS TESORERIAS,OCHO,False,46524.0,46524.0,False
AREQUIPA,Peru,1810,in,unspecified,OTRAS TESORERIAS,OCHO,False,86539.0,86539.0,False
AREQUIPA,Peru,1813,out,unspecified,OTRAS TESORERIAS,OCHO,False,32906.0,32906.0,False
AREQUIPA,Peru,1813,in,unspecified,OTRAS TESORERIAS,OCHO,False,160554.0,160554.0,False
AREQUIPA,Peru,1814,out,unspecified,OTRAS TESORERIAS,OCHO,False,21361.0,21361.0,False
AREQUIPA,Peru,1814,in,unspecified,OTRAS TESORERIAS,OCHO,False,122869.0,122869.0,False
AREQUIPA,Peru,1816,out,unspecified,OTRAS TESORERIAS,OCHO,False,24240.0,24240.0,False
AREQUIPA,Peru,1816,in,unspecified,OTRAS TESORERIAS,OCHO,False,109013.0,109013.0,False
AREQUIPA,Peru,1817,out,unspecified,OTRAS TESORERIAS,OCHO,False,10542.0,10542.0,False
AREQUIPA,Peru,1817,in,unspecified,OTRAS TESORERIAS,OCHO,False,84194.0,84194.0,False
CAILLOMA,Peru,1631,out,Lima,REMITIDO A LIMA,OCHO,False,27493.0,27493.0,False
CAILLOMA,Peru,1631,out,Lima,REMITIDO A LIMA,ENSAYADOS,False,549854.0,909684.93,False
CAILLOMA,Peru,1635,out,Lima,REMITIDO A LIMA,OCHO,False,6600.0,6600.0,False
CAILLOMA,Peru,1635,out,Lima,REMITIDO A LIMA,ENSAYADOS,False,194217.0,321314.89,False
CAILLOMA,Peru,1637,out,Lima,REMITIDO A LIMA,OCHO,False,765.0,765.0,False
CAILLOMA,Peru,1637,out,Lima,REMITIDO A LIMA,ENSAYADOS,False,135395.0,223999.08,False
CAILLOMA,Peru,1646,out,Lima,REMITIDO A LIMA,OCHO,False,155847.0,155847.0,False
CAILLOMA,Peru,1683,out,Lima,REMITIDO A LIMA,ENSAYADOS,False,72293.0,119602.39,False
CAILLOMA,Peru,1696,out,Lima,REMITIDO A LIMA,ENSAYADOS,False,55014.0,91015.81,False
CAILLOMA,Peru,1702,out,Huancavelica,REMITIDO A HUANCAVELICA,ENSAYADOS,False,3627.0,6000.55,False
CAILLOMA,Peru,1702,out,Lima,REMITIDO A LIMA,ENSAYADOS,False,9732.0,16100.74,False
CAILLOMA,Peru,1706,out,Lima,REMITIDO A LIMA,OCHO,False,24622.0,24622.0,False
CAILLOMA,Peru,1708,out,Lima,REMITIDO A LIMA,ENSAYADOS,False,18922.0,31304.78,False
CAILLOMA,Peru,1709,out,Lima,REMITIDO A LIMA,ENSAYADOS,False,6712.0,11104.41,False
CAILLOMA,Peru,1710,out,Lima,REMITIDO A LIMA,ENSAYADOS,False,10123.0,16747.61,False
CAILLOMA,Peru,1712,out,Lima,REMITIDO A LIMA,ENSAYADOS,False,6471.0,10705.7,False
CAILLOMA,Peru,1713,out,Huancavelica,REMITIDO A HUANCAVELICA,ENSAYADOS,False,5775.0,9554.23,False
CAILLOMA,Peru,1713,out,Lima,REMITIDO A LIMA,ENSAYADOS,False,1044.0,1727.21,False
CAILLOMA,Peru,1714,out,Lima,REMITIDO A LIMA,ENSAYADOS,False,2841.0,4700.18,False
CAILLOMA,Peru,1716,out,Lima,REMITIDO A LIMA,ENSAYADOS,False,801.0,1325.18,False
CAILLOMA,Peru,1717,out,Huancavelica,REMITIDO A HUANCAVELICA,OCHO,False,19584.0,19584.0,False
CAILLOMA,Peru,1717,out,Lima,REMITIDO A LIMA,OCHO,False,46703.0,46703.0,False
CAILLOMA,Peru,1718,out,Lima,REMITIDO A LIMA,ENSAYADOS,False,5708.0,9443.38,False
CAILLOMA,Peru,1719,out,Lima,REMITIDO A LIMA,OCHO,False,40559.0,40559.0,False
CAILLOMA,Peru,1720,out,Huancavelica,REMITIDO A HUANCAVELICA,ENSAYADOS,False,11618.0,19220.96,False
CAILLOMA,Peru,1720,out,Lima,REMITIDO A LIMA,ENSAYADOS,False,12676.0,20971.32,False
CAILLOMA,Peru,1721,out,Lima,REMITIDO A LIMA,ENSAYADOS,False,11889.0,19669.3,False
CAILLOMA,Peru,1722,out,Lima,REMITIDO A LIMA,ENSAYADOS,False,11206.0,18539.34,False
CAILLOMA,Peru,1723,out,Lima,REMITIDO A LIMA,ENSAYADOS,False,10350.0,17123.16,False
CAILLOMA,Peru,1724,out,Huancavelica,REMITIDO A HUANCAVELICA,ENSAYADOS,False,12089.0,20000.18,False
CAILLOMA,Peru,1724,out,Lima,REMITIDO A LIMA,ENSAYADOS,False,12550.0,20762.87,False
CAILLOMA,Peru,1725,out,Huancavelica,REMITIDO A HUANCAVELICA,ENSAYADOS,False,18133.0,29999.45,False
CAILLOMA,Peru,1725,out,Lima,REMITIDO A LIMA,ENSAYADOS,False,36557.0,60480.33,False
CAILLOMA,Peru,1726,out,Lima,REMITIDO A LIMA,ENSAYADOS,False,26572.0,43961.03,False
CAILLOMA,Peru,1727,out,Lima,REMITIDO A LIMA,ENSAYADOS,False,20722.0,34282.72,False
CAILLOMA,Peru,1727,out,Chile,SITUADO DE CHILE,ENSAYADOS,False,32545.0,53842.83,False
CAILLOMA,Peru,1728,out,Concepcion,SITUADO DE LA CONCEPCION,ENSAYADOS,False,33998.0,56246.69,False
CAILLOMA,Peru,1728,out,Valdivia,SITUADO DE VALDIVIA,ENSAYADOS,False,18133.0,29999.45,False
CAILLOMA,Peru,1729,out,Lima,REMITIDO A LIMA,ENSAYADOS,False,5677.0,9392.1,False
CAILLOMA,Peru,1729,out,Chile,SITUADO DE CHILE,ENSAYADOS,False,30232.0,50016.18,False
CAILLOMA,Peru,1729,out,Valdivia,SITUADO DE VALDIVIA,ENSAYADOS,False,12089.0,20000.18,False
CAILLOMA,Peru,1730,out,Lima,REMITIDO A LIMA,ENSAYADOS,False,15798.0,26136.4,False
CAILLOMA,Peru,1730,out,Valdivia,SITUADO DE VALDIVIA,ENSAYADOS,False,26596.0,44000.74,False
CAILLOMA,Peru,1731,out,Lima,REMITIDO A LIMA,OCHO,False,34393.0,34393.0,False
CAILLOMA,Peru,1731,out,Valdivia,SITUADO DE VALDIVIA,OCHO,False,44000.0,44000.0,False
CAILLOMA,Peru,1732,out,Lima,REMITIDO A LIMA,OCHO,False,24613.0,24613.0,False
CAILLOMA,Peru,1732,out,Chile,SITUADO DE CHILE,OCHO,False,54000.0,54000.0,False
CAILLOMA,Peru,1735,out,Lima,REMITIDO A LIMA,OCHO,False,74472.0,74472.0,False
CAILLOMA,Peru,1736,out,Huancavelica,REMITIDO A HUANCAVELICA,OCHO,False,30000.0,30000.0,False
CAILLOMA,Peru,1736,out,Lima,REMITIDO A LIMA,OCHO,False,5414.0,5414.0,False
CAILLOMA,Peru,1737,out,Huancavelica,REMITIDO A HUANCAVELICA,OCHO,False,50855.0,50855.0,False
CAILLOMA,Peru,1737,out,Lima,REMITIDO A LIMA,OCHO,False,30654.0,30654.0,False
CAILLOMA,Peru,1738,out,Huancavelica,REMITIDO A HUANCAVELICA,OCHO,False,45902.0,45902.0,False
CAILLOMA,Peru,1738,out,Lima,REMITIDO A LIMA,OCHO,False,32044.0,32044.0,False
CAILLOMA,Peru,1739,out,Lima,REMITIDO A LIMA,OCHO,False,32190.0,32190.0,False
CAILLOMA,Peru,1740,out,Huancavelica,REMITIDO A HUANCAVELICA,OCHO,False,41441.0,41441.0,False
CAILLOMA,Peru,1740,out,Lima,REMITIDO A LIMA,OCHO,False,25326.0,25326.0,False
CAILLOMA,Peru,1741,out,Huancavelica,REMITIDO A HUANCAVELICA,OCHO,False,33220.0,33220.0,False
CAILLOMA,Peru,1741,out,Lima,REMITIDO A LIMA,OCHO,False,22294.0,22294.0,False
CAILLOMA,Peru,1742,out,Huancavelica,REMITIDO A HUANCAVELICA,OCHO,False,33115.0,33115.0,False
CAILLOMA,Peru,1742,out,Lima,REMITIDO A LIMA,OCHO,False,22152.0,22152.0,False
CAILLOMA,Peru,1743,out,Huancavelica,REMITIDO A HUANCAVELICA,OCHO,False,29722.0,29722.0,False
CAILLOMA,Peru,1743,out,Lima,REMITIDO A LIMA,OCHO,False,20621.0,20621.0,False
CAILLOMA,Peru,1744,out,Lima,REMITIDO A LIMA,OCHO,False,34502.0,34502.0,False
CAILLOMA,Peru,1745,out,Huancavelica,REMITIDO A HUANCAVELICA,OCHO,False,38186.0,38186.0,False
CAILLOMA,Peru,1745,out,Lima,REMITIDO A LIMA,OCHO,False,27280.0,27280.0,False
CAILLOMA,Peru,1746,out,Huancavelica,REMITIDO A HUANCAVELICA,OCHO,False,38658.0,38658.0,False
CAILLOMA,Peru,1746,out,Lima,REMITIDO A LIMA,OCHO,False,27427.0,27427.0,False
CAILLOMA,Peru,1747,out,Huancavelica,REMITIDO A HUANCAVELICA,OCHO,False,24030.0,24030.0,False
CAILLOMA,Peru,1747,out,Lima,REMITIDO A LIMA,OCHO,False,24810.0,24810.0,False
CAILLOMA,Peru,1748,out,Huancavelica,REMITIDO A HUANCAVELICA,OCHO,False,14987.0,14987.0,False
CAILLOMA,Peru,1748,out,Lima,REMITIDO A LIMA,OCHO,False,20965.0,20965.0,False
CAILLOMA,Peru,1749,out,Lima,REMITIDO A LIMA,OCHO,False,21770.0,21770.0,False
CAILLOMA,Peru,1750,out,Lima,REMITIDO A LIMA,OCHO,False,20981.0,20981.0,False
CAILLOMA,Peru,1751,out,Lima,REMITIDO A LIMA,OCHO,False,27873.0,27873.0,False
CAILLOMA,Peru,1753,out,Lima,REMITIDO A LIMA,OCHO,False,21012.0,21012.0,False
CAILLOMA,Peru,1754,out,Lima,REMITIDO A LIMA,OCHO,False,21604.0,21604.0,False
CAILLOMA,Peru,1755,out,Lima,REMITIDO A LIMA,OCHO,False,20423.0,20423.0,False
CAILLOMA,Peru,1757,out,Lima,REMITIDO A LIMA,OCHO,False,28383.0,28383.0,False
CAILLOMA,Peru,1758,out,Lima,REMITIDO A LIMA,OCHO,False,25185.0,25185.0,False
CAILLOMA,Peru,1759,out,Lima,REMITIDO A LIMA,OCHO,False,17718.0,17718.0,False
CAILLOMA,Peru,1760,out,Lima,REMITIDO A LIMA,OCHO,False,23879.0,23879.0,False
CAILLOMA,Peru,1761,out,Lima,REMITIDO A LIMA,OCHO,False,23680.0,23680.0,False
CAILLOMA,Peru,1762,out,Lima,REMITIDO A LIMA,OCHO,False,26557.0,26557.0,False
CAILLOMA,Peru,1763,out,Lima,REMITIDO A LIMA,OCHO,False,21702.0,21702.0,False
CAILLOMA,Peru,1764,out,Lima,REMITIDO A LIMA,OCHO,False,27577.0,27577.0,False
CAILLOMA,Peru,1765,out,Lima,REMITIDO A LIMA,OCHO,False,29815.0,29815.0,False
CAILLOMA,Peru,1766,out,Lima,REMITIDO A LIMA,OCHO,False,29772.0,29772.0,False
CAILLOMA,Peru,1767,out,Lima,REMITIDO A LIMA,OCHO,False,29103.0,29103.0,False
CAILLOMA,Peru,1768,out,Lima,REMITIDO A LIMA,OCHO,False,25982.0,25982.0,False
CAILLOMA,Peru,1769,out,Lima,REMITIDO A LIMA,OCHO,False,19228.0,19228.0,False
CAILLOMA,Peru,1770,out,Lima,REMITIDO A LIMA,OCHO,False,29558.0,29558.0,False
CAILLOMA,Peru,1771,out,Lima,REMITIDO A LIMA,OCHO,False,29621.0,29621.0,False
CAILLOMA,Peru,1772,out,Lima,REMITIDO A LIMA,OCHO,False,33837.0,33837.0,False
CAILLOMA,Peru,1773,out,Lima,REMITIDO A LIMA,OCHO,False,34254.0,34254.0,False
CAILLOMA,Peru,1774,out,Lima,REMITIDO A LIMA,OCHO,False,35882.0,35882.0,False
CAILLOMA,Peru,1776,out,Lima,REMITIDO A LIMA,OCHO,False,32777.0,32777.0,False
CAILLOMA,Peru,1777,out,Lima,REMITIDO A LIMA,OCHO,False,28724.0,28724.0,False
CAILLOMA,Peru,1778,out,Lima,REMITIDO A LIMA,OCHO,False,34372.0,34372.0,False
CAILLOMA,Peru,1778,out,Lima,REMITIDO A LIMA,OCHO,False,41361.0,41361.0,False
CARABAYA,Peru,1722,out,Lima,REMITIDO A LIMA,OCHO,False,1224.0,1224.0,False
CARABAYA,Peru,1723,out,Lima,REMITIDO A LIMA,OCHO,False,1060.0,1060.0,False
CARABAYA,Peru,1725,out,Lima,REMITIDO A LIMA,OCHO,False,518.0,518.0,False
CARABAYA,Peru,1733,out,Lima,REMITIDO A LIMA,OCHO,False,4440.0,4440.0,False
CARABAYA,Peru,1742,out,Lima,REMITIDO A LIMA,OCHO,False,5277.0,5277.0,False
CARABAYA,Peru,1743,out,Lima,REMITIDO A LIMA,OCHO,False,4228.0,4228.0,False
CARABAYA,Peru,1745,out,Lima,REMITIDO A LIMA,OCHO,False,6166.0,6166.0,False
CARABAYA,Peru,1746,out,Lima,REMITIDO A LIMA,OCHO,False,4091.0,4091.0,False
CARABAYA,Peru,1747,out,Lima,REMITIDO A LIMA,OCHO,False,4000.0,4000.0,False
CARABAYA,Peru,1748,out,Lima,REMITIDO A LIMA,OCHO,False,6701.0,6701.0,False
CARABAYA,Peru,1749,out,Lima,REMITIDO A LIMA,OCHO,False,12788.0,12788.0,False
CARABAYA,Peru,1750,out,Lima,REMITIDO A LIMA,OCHO,False,8707.0,8707.0,False
CARABAYA,Peru,1751,out,Lima,REMITIDO A LIMA,OCHO,False,9168.0,9168.0,False
CARABAYA,Peru,1754,out,Lima,REMITIDO A LIMA,OCHO,False,11349.0,11349.0,False
CARABAYA,Peru,1755,out,Lima,REMITIDO A LIMA,OCHO,False,9807.0,9807.0,False
CARABAYA,Peru,1756,out,Lima,REMITIDO A LIMA,OCHO,False,11434.0,11434.0,False
CARABAYA,Peru,1758,out,Lima,REMITIDO A LIMA,OCHO,False,20759.0,20759.0,False
CARABAYA,Peru,1759,out,Lima,REMITIDO A LIMA,OCHO,False,11407.0,11407.0,False
CARABAYA,Peru,1761,out,Lima,REMITIDO A LIMA,OCHO,False,13232.0,13232.0,False
CARABAYA,Peru,1762,out,Lima,REMITIDO A LIMA,OCHO,False,31058.0,31058.0,False
CARABAYA,Peru,1763,out,Lima,REMITIDO A LIMA,OCHO,False,13946.0,13946.0,False
CARABAYA,Peru,1764,out,Lima,REMITIDO A LIMA,OCHO,False,51177.0,51177.0,False
CARABAYA,Peru,1765,out,Lima,REMITIDO A LIMA,OCHO,False,38100.0,38100.0,False
CARABAYA,Peru,1766,out,Lima,REMITIDO A LIMA,OCHO,False,49120.0,49120.0,False
CARABAYA,Peru,1767,out,Lima,REMITIDO A LIMA,OCHO,False,44324.0,44324.0,False
CARABAYA,Peru,1768,out,Lima,REMITIDO A LIMA,OCHO,False,50548.0,50548.0,False
CARABAYA,Peru,1769,out,Lima,REMITIDO A LIMA,OCHO,False,35697.0,35697.0,False
CARABAYA,Peru,1770,out,Lima,REMITIDO A LIMA,OCHO,False,62273.0,62273.0,False
CARABAYA,Peru,1771,out,Lima,REMITIDO A LIMA,OCHO,False,61661.0,61661.0,False
CARABAYA,Peru,1772,out,Lima,REMITIDO A LIMA,OCHO,False,65203.0,65203.0,False
CARABAYA,Peru,1773,out,Lima,REMITIDO A LIMA,OCHO,False,66468.0,66468.0,False
CARABAYA,Peru,1774,out,Lima,REMITIDO A LIMA,OCHO,False,61595.0,61595.0,False
CARABAYA,Peru,1775,out,Lima,REMITIDO A LIMA,OCHO,False,57089.0,57089.0,False
CARABAYA,Peru,1776,out,Lima,REMITIDO A LIMA,OCHO,False,57089.0,57089.0,False
CARABAYA,Peru,1777,out,Potosi,REMITIDO A POTOSI,OCHO,False,49296.0,49296.0,False
CARABAYA,Peru,1778,out,Potosi,REMITIDO A POTOSI,OCHO,False,46266.0,46266.0,False
CARABAYA,Peru,1779,out,Potosi,REMITIDO A POTOSI,OCHO,False,94512.0,94512.0,False
CARABAYA,Peru,1787,out,unspecified,OTRAS TESORERIAS,OCHO,False,40000.0,40000.0,False
CARABAYA,Peru,1787,in,unspecified,OTRAS TESORERIAS,OCHO,False,10531.0,10531.0,False
CARABAYA,Peru,1788,in,unspecified,OTRAS TESORERIAS,OCHO,False,10530.0,10530.0,False
CARABAYA,Peru,1792,out,Buenos Aires,REMITIDO A BUENOS AIRES,OCHO,False,149619.0,149619.0,False
CARABAYA,Peru,1793,out,Buenos Aires,REMITIDO A BUENOS AIRES,OCHO,False,58093.0,58093.0,False
CARABAYA,Peru,1794,out,Buenos Aires,REMITIDO A BUENOS AIRES,OCHO,False,115354.0,115354.0,False
CARABAYA,Peru,1795,out,Buenos Aires,REMITIDO A BUENOS AIRES,OCHO,False,54583.0,54583.0,False
CARABAYA,Peru,1796,in,unspecified,OTRAS TESORERIAS,OCHO,False,15977.0,15977.0,False
CARABAYA,Peru,1796,out,Buenos Aires,REMITIDO A BUENOS AIRES,OCHO,False,107968.0,107968.0,False
CASTROVIRREYNA,Peru,1600,out,Lima,REMITIDO A LIMA,ENSAYADOS,False,185831.0,307440.99,False
CASTROVIRREYNA,Peru,1607,out,Lima,REMITIDO A LIMA,ENSAYADOS,False,143952.0,238155.88,False
CASTROVIRREYNA,Peru,1611,out,Lima,REMITIDO A LIMA,OCHO,False,29742.0,29742.0,False
CASTROVIRREYNA,Peru,1611,out,Lima,REMITIDO A LIMA,ENSAYADOS,False,145627.0,240927.02,False
CASTROVIRREYNA,Peru,1615,out,Lima,REMITIDO A LIMA,OCHO,False,22305.0,22305.0,False
CASTROVIRREYNA,Peru,1615,out,Lima,REMITIDO A LIMA,ENSAYADOS,False,73039.0,120836.58,False
CASTROVIRREYNA,Peru,1616,out,Lima,REMITIDO A LIMA,OCHO,False,28528.0,28528.0,False
CASTROVIRREYNA,Peru,1616,out,Lima,REMITIDO A LIMA,ENSAYADOS,False,87736.0,145151.47,False
CASTROVIRREYNA,Peru,1618,out,Lima,REMITIDO A LIMA,OCHO,False,4250.0,4250.0,False
CASTROVIRREYNA,Peru,1618,out,Lima,REMITIDO A LIMA,ENSAYADOS,False,78129.0,129257.54,False
CASTROVIRREYNA,Peru,1620,out,Lima,REMITIDO A LIMA,OCHO,False,6701.0,6701.0,False
CASTROVIRREYNA,Peru,1620,out,Lima,REMITIDO A LIMA,ENSAYADOS,False,55869.0,92430.33,False
CASTROVIRREYNA,Peru,1625,out,Lima,REMITIDO A LIMA,OCHO,False,2243.0,2243.0,False
CASTROVIRREYNA,Peru,1625,out,Lima,REMITIDO A LIMA,ENSAYADOS,False,45050.0,74531.25,False
CASTROVIRREYNA,Peru,1626,out,Lima,REMITIDO A LIMA,ENSAYADOS,False,33624.0,55627.94,False
CASTROVIRREYNA,Peru,1627,out,Lima,REMITIDO A LIMA,ENSAYADOS,False,41205.0,68170.04,False
CASTROVIRREYNA,Peru,1628,out,Lima,REMITIDO A LIMA,ENSAYADOS,False,65552.0,108450.0,False
CASTROVIRREYNA,Peru,1629,out,Lima,REMITIDO A LIMA,OCHO,False,4186.0,4186.0,False
CASTROVIRREYNA,Peru,1629,out,Lima,REMITIDO A LIMA,ENSAYADOS,False,115193.0,190576.65,False
CASTROVIRREYNA,Peru,1651,out,Lima,REMITIDO A LIMA,ENSAYADOS,False,17919.0,29645.4,False
CUZCO,Peru,1607,out,Lima,REMITIDO A LIMA,OCHO,False,99600.0,99600.0,False
CUZCO,Peru,1607,out,Lima,REMITIDO A LIMA,ENSAYADOS,False,56784.0,93944.12,False
CUZCO,Peru,1639,out,Lima,REMITIDO A LIMA,OCHO,False,66425.0,66425.0,False
CUZCO,Peru,1639,out,Lima,REMITIDO A LIMA,ENSAYADOS,False,26205.0,43353.86,False
CUZCO,Peru,1739,out,Lima,REMITIDO A LIMA,OCHO,False,65948.0,65948.0,False
CUZCO,Peru,1740,out,Lima,REMITIDO A LIMA,OCHO,False,79270.0,79270.0,False
CUZCO,Peru,1741,out,Lima,REMITIDO A LIMA,OCHO,False,67738.0,67738.0,False
CUZCO,Peru,1742,out,Lima,REMITIDO A LIMA,OCHO,False,109303.0,109303.0,False
CUZCO,Peru,1744,out,Lima,REMITIDO A LIMA,OCHO,False,74999.0,74999.0,False
CUZCO,Peru,1754,out,Lima,REMITIDO A LIMA,OCHO,False,54219.0,54219.0,False
CUZCO,Peru,1761,out,Lima,REMITIDO A LIMA,OCHO,False,90421.0,90421.0,False
CUZCO,Peru,1762,out,Lima,REMITIDO A LIMA,OCHO,False,110788.0,110788.0,False
CUZCO,Peru,1763,out,Lima,REMITIDO A LIMA,OCHO,False,107942.0,107942.0,False
CUZCO,Peru,1764,out,Lima,REMITIDO A LIMA,OCHO,False,107943.0,107943.0,False
CUZCO,Peru,1765,out,Lima,REMITIDO A LIMA,OCHO,False,79327.0,79327.0,False
CUZCO,Peru,1766,out,Lima,REMITIDO A LIMA,OCHO,False,79703.0,79703.0,False
CUZCO,Peru,1767,out,Lima,REMITIDO A LIMA,OCHO,False,61301.0,61301.0,False
CUZCO,Peru,1768,out,Lima,REMITIDO A LIMA,OCHO,False,66966.0,66966.0,False
CUZCO,Peru,1769,out,Lima,REMITIDO A LIMA,OCHO,False,101408.0,101408.0,False
CUZCO,Peru,1770,out,Lima,REMITIDO A LIMA,OCHO,False,28484.0,28484.0,False
CUZCO,Peru,1771,out,Lima,REMITIDO A LIMA,OCHO,False,96483.0,96483.0,False
CUZCO,Peru,1772,out,Lima,REMITIDO A LIMA,OCHO,False,77271.0,77271.0,False
CUZCO,Peru,1773,out,Lima,REMITIDO A LIMA,OCHO,False,82867.0,82867.0,False
CUZCO,Peru,1774,out,Lima,REMITIDO A LIMA,OCHO,False,87866.0,87866.0,False
CUZCO,Peru,1775,out,Huancavelica,REMITIDO A HUANCAVELICA,OCHO,False,905.0,905.0,False
CUZCO,Peru,1775,out,Lima,REMITIDO A LIMA,OCHO,False,103702.0,103702.0,False
CUZCO,Peru,1776,out,Huancavelica,REMITIDO A LIMA Y HUANCAVELICA,OCHO,False,128205.0,128205.0,False
CUZCO,Peru,1777,out,Huancavelica,REMITIDO A HUANCAVELICA,OCHO,False,667.0,667.0,False
CUZCO,Peru,1777,out,Lima,REMITIDO A LIMA,OCHO,False,292280.0,292280.0,False
CUZCO,Peru,1778,out,Huancavelica,REMITIDO A HUANCAVELICA,OCHO,False,1072.0,1072.0,False
CUZCO,Peru,1778,out,Lima,REMITIDO A LIMA,OCHO,False,148347.0,148347.0,False
CUZCO,Peru,1779,out,Huancavelica,REMITIDO A HUANCAVELICA,OCHO,False,2708.0,2708.0,False
CUZCO,Peru,1779,out,Lima,REMITIDO A LIMA,OCHO,False,148346.0,148346.0,False
CUZCO,Peru,1780,out,Lima,REMITIDO A LIMA,OCHO,False,155762.0,155762.0,False
CUZCO,Peru,1787,out,Lima,REMITIDO A LIMA,OCHO,False,88739.0,88739.0,False
CUZCO,Peru,1788,out,unspecified,OTRAS TESORERIAS,OCHO,False,101470.0,101470.0,False
CUZCO,Peru,1788,in,unspecified,OTRAS TESORERIAS,OCHO,False,105712.0,105712.0,False
CUZCO,Peru,1789,out,unspecified,OTRAS TESORERIAS,OCHO,False,34447.0,34447.0,False
CUZCO,Peru,1789,in,unspecified,OTRAS TESORERIAS,OCHO,False,90140.0,90140.0,False
CUZCO,Peru,1790,out,unspecified,OTRAS TESORERIAS,OCHO,False,62398.0,62398.0,False
CUZCO,Peru,1790,in,unspecified,OTRAS TESORERIAS,OCHO,False,62398.0,62398.0,False
CUZCO,Peru,1790,out,Lima,REMITIDO A LIMA,OCHO,False,76500.0,76500.0,False
CUZCO,Peru,1791,out,Lima,REMITIDO A LIMA,OCHO,False,134995.0,134995.0,False
CUZCO,Peru,1792,out,Lima,REMITIDO A LIMA,OCHO,False,87355.0,87355.0,False
CUZCO,Peru,1793,out,Lima,REMITIDO A LIMA,OCHO,False,114654.0,114654.0,False
CUZCO,Peru,1794,out,Lima,REMITIDO A LIMA,OCHO,False,219232.0,219232.0,False
CUZCO,Peru,1795,out,Lima,REMITIDO A LIMA,OCHO,False,215881.0,215881.0,False
CUZCO,Peru,1796,out,Lima,REMITIDO A LIMA,OCHO,False,181581.0,181581.0,False
CUZCO,Peru,1797,out,Lima,REMITIDO A LIMA,OCHO,False,211038.0,211038.0,False
CUZCO,Peru,1798,out,Lima,REMITIDO A LIMA,OCHO,False,160433.0,160433.0,False
CUZCO,Peru,1799,out,unspecified,OTRAS TESORERIAS,OCHO,False,135509.0,135509.0,False
CUZCO,Peru,1799,in,unspecified,OTRAS TESORERIAS,OCHO,False,54153.0,54153.0,False
CUZCO,Peru,1800,out,unspecified,OTRAS TESORERIAS,OCHO,False,265513.0,265513.0,False
CUZCO,Peru,1800,in,unspecified,OTRAS TESORERIAS,OCHO,False,70520.0,70520.0,False
CUZCO,Peru,1802,out,unspecified,OTRAS TESORERIAS,OCHO,False,156951.0,156951.0,False
CUZCO,Peru,1802,in,unspecified,OTRAS TESORERIAS,OCHO,False,66639.0,66639.0,False
CUZCO,Peru,1803,out,unspecified,OTRAS TESORERIAS,OCHO,False,197737.0,197737.0,False
CUZCO,Peru,1803,in,unspecified,OTRAS TESORERIAS,OCHO,False,78758.0,78758.0,False
CUZCO,Peru,1804,out,unspecified,OTRAS TESORERIAS,OCHO,False,177028.0,177028.0,False
CUZCO,Peru,1804,in,unspecified,OTRAS TESORERIAS,OCHO,False,57020.0,57020.0,False
CUZCO,Peru,1805,out,unspecified,OTRAS TESORERIAS,OCHO,False,191799.0,191799.0,False
CUZCO,Peru,1805,in,unspecified,OTRAS TESORERIAS,OCHO,False,88207.0,88207.0,False
CUZCO,Peru,1806,out,unspecified,OTRAS TESORERIAS,OCHO,False,84143.0,84143.0,False
CUZCO,Peru,1806,in,unspecified,OTRAS TESORERIAS,OCHO,False,43706.0,43706.0,False
CUZCO,Peru,1807,out,unspecified,OTRAS TESORERIAS,OCHO,False,77677.0,77677.0,False
CUZCO,Peru,1807,in,unspecified,OTRAS TESORERIAS,OCHO,False,65373.0,65373.0,False
CUZCO,Peru,1808,out,unspecified,OTRAS TESORERIAS,OCHO,False,137393.0,137393.0,False
CUZCO,Peru,1808,in,unspecified,OTRAS TESORERIAS,OCHO,False,62700.0,62700.0,False
CUZCO,Peru,1811,out,unspecified,OTRAS TESORERIAS,OCHO,False,358633.0,358633.0,False
CUZCO,Peru,1811,in,unspecified,OTRAS TESORERIAS,OCHO,False,564894.0,564894.0,False
CUZCO,Peru,1812,out,unspecified,OTRAS TESORERIAS,OCHO,False,2095.0,2095.0,False
CUZCO,Peru,1812,in,unspecified,OTRAS TESORERIAS,OCHO,False,167995.0,167995.0,False
CUZCO,Peru,1816,out,unspecified,OTRAS TESORERIAS,OCHO,False,105306.0,105306.0,False
CUZCO,Peru,1816,in,unspecified,OTRAS TESORERIAS,OCHO,False,192781.0,192781.0,False
CUZCO,Peru,1819,in,unspecified,OTRAS TESORERIAS,OCHO,False,55921.0,55921.0,False
CUZCO,Peru,1820,in,unspecified,OTRAS TESORERIAS,OCHO,False,59227.0,59227.0,False
CUZCO,Peru,1822,out,unspecified,OTRAS TESORERIAS,OCHO,False,247405.0,247405.0,False
CUZCO,Peru,1822,in,unspecified,OTRAS TESORERIAS,OCHO,False,436792.0,436792.0,False
HUAMANGA,Peru,1789,out,unspecified,OTRAS TESORERIAS,OCHO,False,4040.0,4040.0,False
HUAMANGA,Peru,1789,in,unspecified,OTRAS TESORERIAS,OCHO,False,45087.0,45087.0,False
HUAMANGA,Peru,1791,out,unspecified,OTRAS TESORERIAS,OCHO,False,137443.0,137443.0,False
HUAMANGA,Peru,1791,in,unspecified,OTRAS TESORERIAS,OCHO,False,22675.0,22675.0,False
HUAMANGA,Peru,1792,out,unspecified,OTRAS TESORERIAS,OCHO,False,177757.0,177757.0,False
HUAMANGA,Peru,1792,in,unspecified,OTRAS TESORERIAS,OCHO,False,30514.0,30514.0,False
HUAMANGA,Peru,1793,out,unspecified,OTRAS TESORERIAS,OCHO,False,205477.0,205477.0,False
HUAMANGA,Peru,1793,in,unspecified,OTRAS TESORERIAS,OCHO,False,22269.0,22269.0,False
HUAMANGA,Peru,1794,out,unspecified,OTRAS TESORERIAS,OCHO,False,139599.0,139599.0,False
HUAMANGA,Peru,1794,in,unspecified,OTRAS TESORERIAS,OCHO,False,30247.0,30247.0,False
HUAMANGA,Peru,1795,out,unspecified,OTRAS TESORERIAS,OCHO,False,163065.0,163065.0,False
HUAMANGA,Peru,1795,in,unspecified,OTRAS TESORERIAS,OCHO,False,28497.0,28497.0,False
HUAMANGA,Peru,1796,out,unspecified,OTRAS TESORERIAS,OCHO,False,186895.0,186895.0,False
HUAMANGA,Peru,1796,in,unspecified,OTRAS TESORERIAS,OCHO,False,36943.0,36943.0,False
HUAMANGA,Peru,1797,out,unspecified,OTRAS TESORERIAS,OCHO,False,145008.0,145008.0,False
HUAMANGA,Peru,1797,in,unspecified,OTRAS TESORERIAS,OCHO,False,38882.0,38882.0,False
HUAMANGA,Peru,1798,out,unspecified,OTRAS TESORERIAS,OCHO,False,157569.0,157569.0,False
HUAMANGA,Peru,1798,in,unspecified,OTRAS TESORERIAS,OCHO,False,28357.0,28357.0,False
HUAMANGA,Peru,1799,out,unspecified,OTRAS TESORERIAS,OCHO,False,186356.0,186356.0,False
HUAMANGA,Peru,1799,in,unspecified,OTRAS TESORERIAS,OCHO,False,38719.0,38719.0,False
HUAMANGA,Peru,1800,out,unspecified,OTRAS TESORERIAS,OCHO,False,155987.0,155987.0,False
HUAMANGA,Peru,1800,in,unspecified,OTRAS TESORERIAS,OCHO,False,36005.0,36005.0,False
HUAMANGA,Peru,1801,out,unspecified,OTRAS TESORERIAS,OCHO,False,143797.0,143797.0,False
HUAMANGA,Peru,1801,in,unspecified,OTRAS TESORERIAS,OCHO,False,31131.0,31131.0,False
HUAMANGA,Peru,1804,out,unspecified,OTRAS TESORERIAS,OCHO,False,176024.0,176024.0,False
HUAMANGA,Peru,1804,in,unspecified,OTRAS TESORERIAS,OCHO,False,32162.0,32162.0,False
HUAMANGA,Peru,1805,out,unspecified,OTRAS TESORERIAS,OCHO,False,172851.0,172851.0,False
HUAMANGA,Peru,1805,in,unspecified,OTRAS TESORERIAS,OCHO,False,31558.0,31558.0,False
HUAMANGA,Peru,1806,out,unspecified,OTRAS TESORERIAS,OCHO,False,156342.0,156342.0,False
HUAMANGA,Peru,1806,in,unspecified,OTRAS TESORERIAS,OCHO,False,25795.0,25795.0,False
HUAMANGA,Peru,1811,out,unspecified,OTRAS TESORERIAS,OCHO,False,105880.0,105880.0,False
HUAMANGA,Peru,1811,in,unspecified,OTRAS TESORERIAS,OCHO,False,38624.0,38624.0,False
HUAMANGA,Peru,1812,out,unspecified,OTRAS TESORERIAS,OCHO,False,43369.0,43369.0,False
HUAMANGA,Peru,1812,in,unspecified,OTRAS TESORERIAS,OCHO,False,24722.0,24722.0,False
HUAMANGA,Peru,1813,out,unspecified,OTRAS TESORERIAS,OCHO,False,42629.0,42629.0,False
HUAMANGA,Peru,1813,in,unspecified,OTRAS TESORERIAS,OCHO,False,27759.0,27759.0,False
HUAMANGA,Peru,1815,out,unspecified,OTRAS TESORERIAS,OCHO,False,21341.0,21341.0,False
HUAMANGA,Peru,1815,in,unspecified,OTRAS TESORERIAS,OCHO,False,49006.0,49006.0,False
HUAMANGA,Peru,1818,out,unspecified,OTRAS TESORERIAS,OCHO,False,175391.0,175391.0,False
HUAMANGA,Peru,1818,in,unspecified,OTRAS TESORERIAS,OCHO,False,51861.0,51861.0,False
HUAMANGA,Peru,1819,out,unspecified,OTRAS TESORERIAS,OCHO,False,178119.0,178119.0,False
HUAMANGA,Peru,1819,in,unspecified,OTRAS TESORERIAS,OCHO,False,41938.0,41938.0,False
HUANCAVELICA,Peru,1577,in,unspecified,VENIDO DE FUERA Y EXTRAORDINARIO,OCHO,False,3442.0,3442.0,False
HUANCAVELICA,Peru,1577,in,unspecified,VENIDO DE FUERA Y EXTRAORDINARIO,ENSAYADOS,False,19613.0,32447.98,False
HUANCAVELICA,Peru,1585,in,unspecified,VENIDO DE FUERA,OCHO,False,84973.0,84973.0,False
HUANCAVELICA,Peru,1586,in,unspecified,VENIDO DE FUERA,OCHO,False,129989.0,129989.0,False
HUANCAVELICA,Peru,1613,in,Lima,REMITIDO DE LIMA,OCHO,False,1031329.0,1031329.0,False
HUANCAVELICA,Peru,1717,in,unspecified,VENIDO DE FUERA,OCHO,False,64448.0,64448.0,False
HUANCAVELICA,Peru,1721,in,unspecified,VENIDO DE FUERA,OCHO,False,522745.0,522745.0,False
HUANCAVELICA,Peru,1725,in,unspecified,VENIDO DE FUERA,OCHO,False,295000.0,295000.0,False
HUANCAVELICA,Peru,1729,in,unspecified,VENIDO DE FUERA,OCHO,False,200000.0,200000.0,False
HUANCAVELICA,Peru,1730,in,unspecified,VENIDO DE FUERA,OCHO,False,350000.0,350000.0,False
HUANCAVELICA,Peru,1739,out,Lima,MEDIA ANATA REMITIDA A LIMA,OCHO,False,5950.0,5950.0,False
HUANCAVELICA,Peru,1739,out,Lima,REMITIDO A LIMA,OCHO,False,109926.0,109926.0,False
HUANCAVELICA,Peru,1739,in,unspecified,VENIDO DE FUERA,OCHO,False,948969.0,948969.0,False
HUANCAVELICA,Peru,1742,out,Lima,REMITIDO A LIMA,OCHO,False,138859.0,138859.0,False
HUANCAVELICA,Peru,1745,in,unspecified,VENIDO DE FUERA,OCHO,False,264291.0,264291.0,False
HUANCAVELICA,Peru,1745,out,Lima,REMITIDO A LIMA,OCHO,False,69308.0,69308.0,False
HUANCAVELICA,Peru,1746,out,Lima,REMITIDO A LIMA,OCHO,False,76571.0,76571.0,False
HUANCAVELICA,Peru,1747,out,Lima,REMITIDO A LIMA,OCHO,False,43490.0,43490.0,False
HUANCAVELICA,Peru,1748,out,Lima,REMITIDO A LIMA,OCHO,False,65666.0,65666.0,False
HUANCAVELICA,Peru,1749,out,Lima,REMITIDO A LIMA,OCHO,False,33713.0,33713.0,False
HUANCAVELICA,Peru,1750,out,Lima,REMITIDO A LIMA,OCHO,False,38366.0,38366.0,False
HUANCAVELICA,Peru,1751,out,Lima,REMITIDO A LIMA,OCHO,False,32860.0,32860.0,False
HUANCAVELICA,Peru,1758,out,Lima,REMITIDO A LIMA,OCHO,False,11505.0,11505.0,False
HUANCAVELICA,Peru,1759,out,Lima,REMITIDO A LIMA,OCHO,False,38720.0,38720.0,False
HUANCAVELICA,Peru,1760,out,Lima,REMITIDO A LIMA,OCHO,False,33894.0,33894.0,False
HUANCAVELICA,Peru,1761,out,Lima,MEDIA ANATA REMITIDA A LIMA,OCHO,False,5133.0,5133.0,False
HUANCAVELICA,Peru,1761,out,Lima,REMITIDO A LIMA,OCHO,False,43463.0,43463.0,False
HUANCAVELICA,Peru,1765,out,Lima,REMITIDO A LIMA,OCHO,False,18979.0,18979.0,False
HUANCAVELICA,Peru,1766,out,Lima,REMITIDO A LIMA,OCHO,False,27601.0,27601.0,False
HUANCAVELICA,Peru,1767,out,Lima,REMITIDO A LIMA,OCHO,False,14329.0,14329.0,False
HUANCAVELICA,Peru,1768,out,Lima,REMITIDO A LIMA,OCHO,False,44721.0,44721.0,False
HUANCAVELICA,Peru,1769,out,Lima,REMITIDO A LIMA,OCHO,False,26029.0,26029.0,False
HUANCAVELICA,Peru,1770,out,Lima,REMITIDO A LIMA,OCHO,False,55367.0,55367.0,False
HUANCAVELICA,Peru,1771,out,Lima,REMITIDO A LIMA,OCHO,False,48565.0,48565.0,False
HUANCAVELICA,Peru,1772,out,Lima,REMITIDO A LIMA,OCHO,False,48697.0,48697.0,False
HUANCAVELICA,Peru,1773,out,Lima,REMITIDO A LIMA,OCHO,False,61593.0,61593.0,False
HUANCAVELICA,Peru,1775,out,Lima,REMITIDO A LIMA,OCHO,False,67597.0,67597.0,False
HUANCAVELICA,Peru,1776,out,Lima,REMITIDO A LIMA,OCHO,False,58652.0,58652.0,False
HUANCAVELICA,Peru,1777,out,Lima,REMITIDO A LIMA,OCHO,False,58240.0,58240.0,False
HUANCAVELICA,Peru,1778,out,Lima,REMITIDO A LIMA,OCHO,False,79041.0,79041.0,False
HUANCAVELICA,Peru,1779,out,Lima,REMITIDO A LIMA,OCHO,False,57668.0,57668.0,False
HUANCAVELICA,Peru,1780,out,Lima,REMITIDO A LIMA,OCHO,False,111537.0,111537.0,False
JAUJA,Peru,1730,out,Lima,REMITIDO A LIMA,OCHO,False,13260.0,13260.0,False
JAUJA,Peru,1731,out,Lima,REMITIDO A LIMA,OCHO,False,9167.0,9167.0,False
JAUJA,Peru,1732,out,Lima,REMITIDO A LIMA,OCHO,False,29391.0,29391.0,False
JAUJA,Peru,1734,out,Lima,REMITIDO A LIMA,OCHO,False,15937.0,15937.0,False
JAUJA,Peru,1735,out,Lima,REMITIDO A LIMA,OCHO,False,21974.0,21974.0,False
JAUJA,Peru,1736,out,Lima,REMITIDO A LIMA,OCHO,False,8813.0,8813.0,False
JAUJA,Peru,1737,out,Lima,REMITIDO A LIMA,OCHO,False,7181.0,7181.0,False
JAUJA,Peru,1740,out,Lima,REMITIDO A LIMA,OCHO,False,13933.0,13933.0,False
JAUJA,Peru,1741,out,Lima,REMITIDO A LIMA,OCHO,False,12447.0,12447.0,False
JAUJA,Peru,1742,out,Lima,REMITIDO A LIMA,OCHO,False,12894.0,12894.0,False
JAUJA,Peru,1744,out,Lima,REMITIDO A LIMA,OCHO,False,4737.0,4737.0,False
JAUJA,Peru,1745,out,Lima,REMITIDO A LIMA,OCHO,False,2929.0,2929.0,False
JAUJA,Peru,1752,out,Lima,REMITIDO A LIMA,OCHO,False,8713.0,8713.0,False
JAUJA,Peru,1753,out,Lima,REMITIDO A LIMA,OCHO,False,3000.0,3000.0,False
JAUJA,Peru,1754,out,Lima,REMITIDO A LIMA,OCHO,False,10448.0,10448.0,False
JAUJA,Peru,1755,out,Lima,REMITIDO A LIMA,OCHO,False,11750.0,11750.0,False
JAUJA,Peru,1756,out,Lima,REMITIDO A LIMA,OCHO,False,14646.0,14646.0,False
JAUJA,Peru,1757,out,Lima,REMITIDO A LIMA,OCHO,False,14969.0,14969.0,False
JAUJA,Peru,1758,out,Lima,REMITIDO A LIMA,OCHO,False,813.0,813.0,False
JAUJA,Peru,1760,out,Lima,REMITIDO A LIMA,OCHO,False,6274.0,6274.0,False
JAUJA,Peru,1761,out,Lima,REMITIDO A LIMA,OCHO,False,12562.0,12562.0,False
JAUJA,Peru,1762,out,Lima,REMITIDO A LIMA,OCHO,False,4288.0,4288.0,False
JAUJA,Peru,1763,out,Lima,REMITIDO A LIMA,OCHO,False,15049.0,15049.0,False
JAUJA,Peru,1764,out,Lima,REMITIDO A LIMA,OCHO,False,20576.0,20576.0,False
JAUJA,Peru,1765,out,Lima,REMITIDO A LIMA,OCHO,False,11359.0,11359.0,False
JAUJA,Peru,1766,out,Lima,REMITIDO A LIMA,OCHO,False,10197.0,10197.0,False
JAUJA,Peru,1767,out,Lima,REMITIDO A LIMA,OCHO,False,4866.0,4866.0,False
JAUJA,Peru,1768,out,Lima,REMITIDO A LIMA,OCHO,False,6736.0,6736.0,False
JAUJA,Peru,1769,out,Lima,REMITIDO A LIMA,OCHO,False,6962.0,6962.0,False
JAUJA,Peru,1771,out,Lima,REMITIDO A LIMA,OCHO,False,8380.0,8380.0,False
JAUJA,Peru,1772,out,Lima,REMITIDO A LIMA,OCHO,False,7879.0,7879.0,False
JAUJA,Peru,1773,out,Lima,REMITIDO A LIMA,OCHO,False,12373.0,12373.0,False
JAUJA,Peru,1774,out,Lima,REMITIDO A LIMA,OCHO,False,4210.0,4210.0,False
JAUJA,Peru,1775,out,Lima,REMITIDO A LIMA,OCHO,False,11274.0,11274.0,False
JAUJA,Peru,1776,out,Lima,REMITIDO A LIMA,OCHO,False,12482.0,12482.0,False
JAUJA,Peru,1778,out,Huancavelica,REMITIDO A HUANCAVELICA,OCHO,False,13478.0,13478.0,False
JAUJA,Peru,1778,out,Lima,REMITIDO A LIMA,OCHO,False,8272.0,8272.0,False
JAUJA,Peru,1779,out,Huancavelica,REMITIDO A HUANCAVELICA,OCHO,False,30610.0,30610.0,False
JAUJA,Peru,1779,out,Lima,REMITIDO A LIMA,OCHO,False,3993.0,3993.0,False
JAUJA,Peru,1780,out,Lima,REMITIDO A LIMA,OCHO,False,24588.0,24588.0,False
JAUJA,Peru,1781,out,Huancavelica,REMITIDO A HUANCAVELICA,OCHO,False,19625.0,19625.0,False
JAUJA,Peru,1781,out,Lima,REMITIDO A LIMA,OCHO,False,20718.0,20718.0,False
JAUJA,Peru,1783,out,Lima,REMITIDO A LIMA,OCHO,False,41885.0,41885.0,False
JAUJA,Peru,1784,out,Lima,REMITIDO A LIMA,OCHO,False,17490.0,17490.0,False
LIMA,Peru,1580,in,unspecified,VENIDO DE FUERA,OCHO,False,23378.0,23378.0,False
LIMA,Peru,1580,in,unspecified,VENIDO DE FUERA,ENSAYADOS,False,1016188.0,1681193.38,False
LIMA,Peru,1581,in,unspecified,VENIDO DE FUERA,OCHO,False,126.0,126.0,False
LIMA,Peru,1581,in,unspecified,VENIDO DE FUERA,ENSAYADOS,False,1319649.0,2183242.83,False
LIMA,Peru,1582,in,unspecified,VENIDO DE FUERA,OCHO,False,18632.0,18632.0,False
LIMA,Peru,1582,in,unspecified,VENIDO DE FUERA,ENSAYADOS,False,1030601.0,1705038.42,False
LIMA,Peru,1583,in,unspecified,VENIDO DE FUERA,OCHO,False,90107.0,90107.0,False
LIMA,Peru,1583,in,unspecified,VENIDO DE FUERA,ENSAYADOS,False,631124.0,1044138.97,False
LIMA,Peru,1584,in,unspecified,VENIDO DE FUERA,OCHO,False,67382.0,67382.0,False
LIMA,Peru,1584,in,unspecified,VENIDO DE FUERA,ENSAYADOS,False,1394522.0,2307113.6,False
LIMA,Peru,1585,in,unspecified,VENIDO DE FUERA,OCHO,False,39810.0,39810.0,False
LIMA,Peru,1585,in,unspecified,VENIDO DE FUERA,ENSAYADOS,False,1238253.0,2048580.33,False
LIMA,Peru,1586,in,unspecified,VENIDO DE FUERA,OCHO,False,52275.0,52275.0,False
LIMA,Peru,1586,in,unspecified,VENIDO DE FUERA,ENSAYADOS,False,2513298.0,4158029.78,False
LIMA,Peru,1587,in,unspecified,VENIDO DE FUERA,OCHO,False,140395.0,140395.0,False
LIMA,Peru,1587,in,unspecified,VENIDO DE FUERA,ENSAYADOS,False,921287.0,1524188.05,False
LIMA,Peru,1588,in,unspecified,VENIDO DE FUERA,OCHO,False,41855.0,41855.0,False
LIMA,Peru,1588,in,unspecified,VENIDO DE FUERA,ENSAYADOS,False,1298466.0,2148197.43,False
LIMA,Peru,1589,in,unspecified,VENIDO DE FUERA,OCHO,False,148811.0,148811.0,False
LIMA,Peru,1589,in,unspecified,VENIDO DE FUERA,ENSAYADOS,False,1051324.0,1739322.79,False
LIMA,Peru,1590,in,unspecified,VENIDO DE FUERA,OCHO,False,77416.0,77416.0,False
LIMA,Peru,1590,in,unspecified,VENIDO DE FUERA,ENSAYADOS,False,1120701.0,1854100.92,False
LIMA,Peru,1591,out,Spain,REMITIDO A CASTILLA,OCHO,False,101734.0,101734.0,False
LIMA,Peru,1591,out,Spain,REMITIDO A CASTILLA,ENSAYADOS,False,1419912.0,2349119.12,False
LIMA,Peru,1591,in,Potosi,VENIDO DE POTOSI,OCHO,False,79449.0,79449.0,False
LIMA,Peru,1591,in,Potosi,VENIDO DE POTOSI,ENSAYADOS,False,1353224.0,2238789.71,False
LIMA,Peru,1592,out,Spain,REMITIDO A CASTILLA,OCHO,False,70038.0,70038.0,False
LIMA,Peru,1592,out,Spain,REMITIDO A CASTILLA,ENSAYADOS,False,941363.0,1557402.02,False
LIMA,Peru,1592,in,unspecified,VENIDO DE FUERA,OCHO,False,22141.0,22141.0,False
LIMA,Peru,1592,in,unspecified,VENIDO DE FUERA,ENSAYADOS,False,985809.0,1630934.01,False
LIMA,Peru,1593,out,Spain,REMITIDO A CASTILLA,OCHO,False,506210.0,506210.0,False
LIMA,Peru,1593,out,Spain,REMITIDO A CASTILLA,ENSAYADOS,False,1025936.0,1697320.59,False
LIMA,Peru,1593,in,unspecified,VENIDO DE FUERA,OCHO,False,406710.0,406710.0,False
LIMA,Peru,1593,in,unspecified,VENIDO DE FUERA,ENSAYADOS,False,1055262.0,1745837.87,False
LIMA,Peru,1594,out,Spain,REMITIDO A CASTILLA,OCHO,False,147921.0,147921.0,False
LIMA,Peru,1594,out,Spain,REMITIDO A CASTILLA,ENSAYADOS,False,1121421.0,1855292.1,False
LIMA,Peru,1594,in,unspecified,VENIDO DE FUERA,OCHO,False,54861.0,54861.0,False
LIMA,Peru,1594,in,unspecified,VENIDO DE FUERA,ENSAYADOS,False,1273149.0,2106312.68,False
LIMA,Peru,1595,out,Spain,REMITIDO A CASTILLA,OCHO,False,58102.0,58102.0,False
LIMA,Peru,1595,out,Spain,REMITIDO A CASTILLA,ENSAYADOS,False,212423.0,351435.11,False
LIMA,Peru,1595,in,unspecified,VENIDO DE FUERA,OCHO,False,94262.0,94262.0,False
LIMA,Peru,1595,in,unspecified,VENIDO DE FUERA,ENSAYADOS,False,1132495.0,1873613.05,False
LIMA,Peru,1596,out,Spain,REMITIDO A CASTILLA,OCHO,False,426602.0,426602.0,False
LIMA,Peru,1596,out,Spain,REMITIDO A CASTILLA,ENSAYADOS,False,1909651.0,3159349.08,False
LIMA,Peru,1596,in,unspecified,VENIDO DE FUERA,OCHO,False,176288.0,176288.0,False
LIMA,Peru,1596,in,unspecified,VENIDO DE FUERA,ENSAYADOS,False,871536.0,1441879.41,False
LIMA,Peru,1597,out,Spain,REMITIDO A CASTILLA,OCHO,False,412391.0,412391.0,False
LIMA,Peru,1597,out,Spain,REMITIDO A CASTILLA,ENSAYADOS,False,1324828.0,2191811.03,False
LIMA,Peru,1597,in,unspecified,VENIDO DE FUERA,OCHO,False,236701.0,236701.0,False
LIMA,Peru,1597,in,unspecified,VENIDO DE FUERA,ENSAYADOS,False,1229378.0,2033897.43,False
LIMA,Peru,1598,out,Spain,REMITIDO A CASTILLA,OCHO,False,212723.0,212723.0,False
LIMA,Peru,1598,out,Spain,REMITIDO A CASTILLA,ENSAYADOS,False,982057.0,1624726.65,False
LIMA,Peru,1598,in,unspecified,VENIDO DE FUERA,OCHO,False,282556.0,282556.0,False
LIMA,Peru,1598,in,unspecified,VENIDO DE FUERA,ENSAYADOS,False,1433978.0,2372390.07,False
LIMA,Peru,1599,out,Spain,REMITIDO A CASTILLA,OCHO,False,242754.0,242754.0,False
LIMA,Peru,1599,out,Spain,REMITIDO A CASTILLA,ENSAYADOS,False,834948.0,1381347.79,False
LIMA,Peru,1599,in,unspecified,VENIDO DE FUERA,OCHO,False,208285.0,208285.0,False
LIMA,Peru,1599,in,unspecified,VENIDO DE FUERA,ENSAYADOS,False,1045585.0,1729828.12,False
LIMA,Peru,1600,out,Spain,REMITIDO A CASTILLA,OCHO,False,390745.0,390745.0,False
LIMA,Peru,1600,out,Spain,REMITIDO A CASTILLA,ENSAYADOS,False,737771.0,1220577.02,False
LIMA,Peru,1600,in,unspecified,VENIDO DE FUERA,OCHO,False,191967.0,191967.0,False
LIMA,Peru,1600,in,unspecified,VENIDO DE FUERA,ENSAYADOS,False,859876.0,1422588.97,False
LIMA,Peru,1601,out,Spain,REMITIDO A CASTILLA,OCHO,False,317458.0,317458.0,False
LIMA,Peru,1601,out,Spain,REMITIDO A CASTILLA,ENSAYADOS,False,1015490.0,1680038.6,False
LIMA,Peru,1601,in,unspecified,VENIDO DE FUERA,OCHO,False,298051.0,298051.0,False
LIMA,Peru,1601,in,unspecified,VENIDO DE FUERA,ENSAYADOS,False,1433106.0,2370947.43,False
LIMA,Peru,1602,out,Spain,REMITIDO A CASTILLA,OCHO,False,173827.0,173827.0,False
LIMA,Peru,1602,out,Spain,REMITIDO A CASTILLA,ENSAYADOS,False,1014396.0,1678228.68,False
LIMA,Peru,1602,in,unspecified,VENIDO DE FUERA,OCHO,False,220440.0,220440.0,False
LIMA,Peru,1602,in,unspecified,VENIDO DE FUERA,ENSAYADOS,False,1437781.0,2378681.8,False
LIMA,Peru,1603,out,Spain,REMITIDO A CASTILLA,OCHO,False,153709.0,153709.0,False
LIMA,Peru,1603,out,Spain,REMITIDO A CASTILLA,ENSAYADOS,False,990937.0,1639417.83,False
LIMA,Peru,1603,in,unspecified,VENIDO DE FUERA,OCHO,False,197814.0,197814.0,False
LIMA,Peru,1603,in,unspecified,VENIDO DE FUERA,ENSAYADOS,False,1350451.0,2234202.02,False
LIMA,Peru,1604,out,Spain,REMITIDO A CASTILLA,OCHO,False,44535.0,44535.0,False
LIMA,Peru,1604,out,Spain,REMITIDO A CASTILLA,ENSAYADOS,False,808744.0,1337995.59,False
LIMA,Peru,1604,in,unspecified,VENIDO DE FUERA,OCHO,False,108352.0,108352.0,False
LIMA,Peru,1604,in,unspecified,VENIDO DE FUERA,ENSAYADOS,False,1435619.0,2375104.96,False
LIMA,Peru,1605,out,Spain,REMITIDO A CASTILLA,ENSAYADOS,False,717834.0,1187593.01,False
LIMA,Peru,1605,out,Chile,SITUADO DE CHILE,OCHO,False,306585.0,306585.0,False
LIMA,Peru,1605,out,Chile,SITUADO DE CHILE,ENSAYADOS,False,5000.0,8272.06,False
LIMA,Peru,1605,in,Chile,SITUADO DE CHILE,OCHO,False,598.0,598.0,False
LIMA,Peru,1605,in,unspecified,VENIDO DE FUERA,OCHO,False,174123.0,174123.0,False
LIMA,Peru,1605,in,unspecified,VENIDO DE FUERA,ENSAYADOS,False,1287868.0,2130663.97,False
LIMA,Peru,1606,out,Spain,REMITIDO A CASTILLA,ENSAYADOS,False,740594.0,1225247.43,False
LIMA,Peru,1606,out,Chile,SITUADO DE CHILE,OCHO,False,208898.0,208898.0,False
LIMA,Peru,1606,in,Chile,SITUADO DE CHILE,OCHO,False,1070.0,1070.0,False
LIMA,Peru,1606,in,Chile,SITUADO DE CHILE,ENSAYADOS,False,5000.0,8272.06,False
LIMA,Peru,1606,in,unspecified,VENIDO DE FUERA,OCHO,False,159981.0,159981.0,False
LIMA,Peru,1606,in,unspecified,VENIDO DE FUERA,ENSAYADOS,False,1149427.0,1901625.55,False
LIMA,Peru,1607,out,Spain,REMITIDO A CASTILLA,OCHO,False,83121.0,83121.0,False
LIMA,Peru,1607,out,Spain,REMITIDO A CASTILLA,ENSAYADOS,False,1972563.0,3263431.43,False
LIMA,Peru,1607,in,Chile,SITUADO DE CHILE,OCHO,False,590.0,590.0,False
LIMA,Peru,1607,out,Chile,SITUADO DE CHILE,OCHO,False,274773.0,274773.0,False
LIMA,Peru,1607,out,Chile,SITUADO DE CHILE,ENSAYADOS,False,72427.0,119824.08,False
LIMA,Peru,1607,in,unspecified,VENIDO DE FUERA,OCHO,False,479804.0,479804.0,False
LIMA,Peru,1607,in,unspecified,VENIDO DE FUERA,ENSAYADOS,False,2524029.0,4175783.27,False
LIMA,Peru,1608,out,Spain,REMITIDO A CASTILLA,OCHO,False,345324.0,345324.0,False
LIMA,Peru,1608,out,Spain,REMITIDO A CASTILLA,ENSAYADOS,False,773834.0,1280240.07,False
LIMA,Peru,1608,out,Chile,SITUADO DE CHILE,OCHO,False,266859.0,266859.0,False
LIMA,Peru,1608,out,Chile,SITUADO DE CHILE,ENSAYADOS,False,5000.0,8272.06,False
LIMA,Peru,1608,in,unspecified,VENIDO DE FUERA,OCHO,False,221149.0,221149.0,False
LIMA,Peru,1608,in,unspecified,VENIDO DE FUERA,ENSAYADOS,False,1120492.0,1853755.15,False
LIMA,Peru,1609,out,Spain,REMITIDO A CASTILLA,OCHO,False,142719.0,142719.0,False
LIMA,Peru,1609,out,Spain,REMITIDO A CASTILLA,ENSAYADOS,False,806145.0,1333695.77,False
LIMA,Peru,1609,in,Chile,SITUADO DE CHILE,OCHO,False,12539.0,12539.0,False
LIMA,Peru,1609,out,Chile,SITUADO DE CHILE,OCHO,False,288526.0,288526.0,False
LIMA,Peru,1609,in,unspecified,VENIDO DE FUERA,OCHO,False,175507.0,175507.0,False
LIMA,Peru,1609,in,unspecified,VENIDO DE FUERA,ENSAYADOS,False,1477321.0,2444097.24,False
LIMA,Peru,1610,in,unspecified,VENIDO DE FUERA,OCHO,False,307125.0,307125.0,False
LIMA,Peru,1610,in,unspecified,VENIDO DE FUERA,ENSAYADOS,False,1187007.0,1963798.35,False
LIMA,Peru,1610,out,Spain,REMITIDO A CASTILLA,OCHO,False,157963.0,157963.0,False
LIMA,Peru,1610,out,Spain,REMITIDO A CASTILLA,ENSAYADOS,False,728340.0,1204974.26,False
LIMA,Peru,1610,out,Chile,SITUADO DE CHILE,OCHO,False,240434.0,240434.0,False
LIMA,Peru,1610,out,Chile,SITUADO DE CHILE,ENSAYADOS,False,39666.0,65623.9,False
LIMA,Peru,1611,in,unspecified,VENIDO DE FUERA,OCHO,False,501307.0,501307.0,False
LIMA,Peru,1611,in,unspecified,VENIDO DE FUERA,ENSAYADOS,False,1446675.0,2393396.14,False
LIMA,Peru,1611,out,Spain,REMITIDO A CASTILLA,OCHO,False,14630.0,14630.0,False
LIMA,Peru,1611,out,Spain,REMITIDO A CASTILLA,ENSAYADOS,False,1065875.0,1763396.14,False
LIMA,Peru,1611,out,Chile,SITUADO DE CHILE,OCHO,False,283240.0,283240.0,False
LIMA,Peru,1611,out,Chile,SITUADO DE CHILE,ENSAYADOS,False,5580.0,9231.62,False
LIMA,Peru,1612,in,unspecified,VENIDO DE FUERA,OCHO,False,463183.0,463183.0,False
LIMA,Peru,1612,in,unspecified,VENIDO DE FUERA,ENSAYADOS,False,1430376.0,2366430.88,False
LIMA,Peru,1612,out,Spain,REMITIDO A CASTILLA,OCHO,False,238232.0,238232.0,False
LIMA,Peru,1612,out,Spain,REMITIDO A CASTILLA,ENSAYADOS,False,950661.0,1572784.74,False
LIMA,Peru,1612,out,Chile,SITUADO DE CHILE,OCHO,False,247746.0,247746.0,False
LIMA,Peru,1612,out,Chile,SITUADO DE CHILE,ENSAYADOS,False,27509.0,45511.21,False
LIMA,Peru,1613,out,Spain,REMITIDO A CASTILLA,OCHO,False,204711.0,204711.0,False
LIMA,Peru,1613,out,Spain,REMITIDO A CASTILLA,ENSAYADOS,False,869505.0,1438519.3,False
LIMA,Peru,1613,out,Chile,SITUADO DE CHILE,OCHO,False,191581.0,191581.0,False
LIMA,Peru,1613,out,Chile,SITUADO DE CHILE,ENSAYADOS,False,58317.0,96480.33,False
LIMA,Peru,1613,in,unspecified,VENIDO DE FUERA,OCHO,False,464387.0,464387.0,False
LIMA,Peru,1613,in,unspecified,VENIDO DE FUERA,ENSAYADOS,False,1187121.0,1963986.95,False
LIMA,Peru,1614,out,Spain,REMITIDO A CASTILLA,OCHO,False,386919.0,386919.0,False
LIMA,Peru,1614,out,Spain,REMITIDO A CASTILLA,ENSAYADOS,False,721606.0,1193833.46,False
LIMA,Peru,1614,in,unspecified,VENIDO DE FUERA,OCHO,False,502238.0,502238.0,False
LIMA,Peru,1614,in,unspecified,VENIDO DE FUERA,ENSAYADOS,False,1362909.0,2254812.68,False
LIMA,Peru,1614,out,Chile,SITUADO DE CHILE,OCHO,False,149175.0,149175.0,False
LIMA,Peru,1614,out,Chile,SITUADO DE CHILE,ENSAYADOS,False,33300.0,55091.91,False
LIMA,Peru,1615,out,Spain,REMITIDO A CASTILLA,OCHO,False,102727.0,102727.0,False
LIMA,Peru,1615,out,Spain,REMITIDO A CASTILLA,ENSAYADOS,False,559993.0,926459.01,False
LIMA,Peru,1615,in,Chile,SITUADO DE CHILE,OCHO,False,20000.0,20000.0,False
LIMA,Peru,1615,out,Chile,SITUADO DE CHILE,OCHO,False,232322.0,232322.0,False
LIMA,Peru,1615,out,Chile,SITUADO DE CHILE,ENSAYADOS,False,109469.0,181106.8,False
LIMA,Peru,1615,in,unspecified,VENIDO DE FUERA,OCHO,False,553597.0,553597.0,False
LIMA,Peru,1615,in,unspecified,VENIDO DE FUERA,ENSAYADOS,False,1444218.0,2389331.25,False
LIMA,Peru,1616,out,Spain,REMITIDO A CASTILLA,OCHO,False,108536.0,108536.0,False
LIMA,Peru,1616,out,Spain,REMITIDO A CASTILLA,ENSAYADOS,False,410499.0,679134.38,False
LIMA,Peru,1616,out,Chile,SITUADO DE CHILE,OCHO,False,250685.0,250685.0,False
LIMA,Peru,1616,out,Chile,SITUADO DE CHILE,ENSAYADOS,False,15214.0,25170.22,False
LIMA,Peru,1616,in,unspecified,VENIDO DE FUERA,OCHO,False,370345.0,370345.0,False
LIMA,Peru,1616,in,unspecified,VENIDO DE FUERA,ENSAYADOS,False,966192.0,1598479.41,False
LIMA,Peru,1617,out,Spain,REMITIDO A CASTILLA,OCHO,False,245.0,245.0,False
LIMA,Peru,1617,out,Spain,REMITIDO A CASTILLA,ENSAYADOS,False,508544.0,841341.18,False
LIMA,Peru,1617,in,unspecified,VENIDO DE FUERA,OCHO,False,368670.0,368670.0,False
LIMA,Peru,1617,in,unspecified,VENIDO DE FUERA,ENSAYADOS,False,1147582.0,1898573.16,False
LIMA,Peru,1617,out,Chile,SITUADO DE CHILE,OCHO,False,48099.0,48099.0,False
LIMA,Peru,1617,out,Chile,SITUADO DE CHILE,ENSAYADOS,False,10484.0,17344.85,False
LIMA,Peru,1618,out,Spain,REMITIDO A CASTILLA,OCHO,False,117302.0,117302.0,False
LIMA,Peru,1618,out,Spain,REMITIDO A CASTILLA,ENSAYADOS,False,464005.0,767655.33,False
LIMA,Peru,1618,out,Chile,SITUADO DE CHILE,OCHO,False,144424.0,144424.0,False
LIMA,Peru,1618,out,Chile,SITUADO DE CHILE,ENSAYADOS,False,64133.0,106102.39,False
LIMA,Peru,1618,in,unspecified,VENIDO DE FUERA,OCHO,False,435708.0,435708.0,False
LIMA,Peru,1618,in,unspecified,VENIDO DE FUERA,ENSAYADOS,False,1030155.0,1704300.55,False
LIMA,Peru,1619,in,Chile,SITUADO DE CHILE,OCHO,False,1323.0,1323.0,False
LIMA,Peru,1619,out,Spain,REMITIDO A CASTILLA,OCHO,False,51756.0,51756.0,False
LIMA,Peru,1619,out,Spain,REMITIDO A CASTILLA,ENSAYADOS,False,373169.0,617375.18,False
LIMA,Peru,1619,out,Chile,SITUADO DE CHILE,OCHO,False,352612.0,352612.0,False
LIMA,Peru,1619,out,Chile,SITUADO DE CHILE,ENSAYADOS,False,19527.0,32305.7,False
LIMA,Peru,1619,in,unspecified,VENIDO DE FUERA,OCHO,False,393992.0,393992.0,False
LIMA,Peru,1619,in,unspecified,VENIDO DE FUERA,ENSAYADOS,False,991846.0,1640921.69,False
LIMA,Peru,1620,in,Chile,SITUADO DE CHILE,OCHO,False,200.0,200.0,False
LIMA,Peru,1620,out,Spain,REMITIDO A CASTILLA,OCHO,False,44487.0,44487.0,False
LIMA,Peru,1620,out,Spain,REMITIDO A CASTILLA,ENSAYADOS,False,387877.0,641708.27,False
LIMA,Peru,1620,out,Chile,SITUADO DE CHILE,OCHO,False,21024.0,21024.0,False
LIMA,Peru,1620,out,Chile,SITUADO DE CHILE,ENSAYADOS,False,8258.0,13662.13,False
LIMA,Peru,1620,in,unspecified,VENIDO DE FUERA,OCHO,False,368093.0,368093.0,False
LIMA,Peru,1620,in,unspecified,VENIDO DE FUERA,ENSAYADOS,False,1015609.0,1680235.48,False
LIMA,Peru,1621,in,Chile,SITUADO DE CHILE,OCHO,False,495.0,495.0,False
LIMA,Peru,1621,out,Spain,REMITIDO A CASTILLA,OCHO,False,243252.0,243252.0,False
LIMA,Peru,1621,out,Spain,REMITIDO A CASTILLA,ENSAYADOS,False,514308.0,850877.21,False
LIMA,Peru,1621,out,Chile,SITUADO DE CHILE,OCHO,False,263610.0,263610.0,False
LIMA,Peru,1621,out,Chile,SITUADO DE CHILE,ENSAYADOS,False,27380.0,45297.79,False
LIMA,Peru,1621,in,unspecified,VENIDO DE FUERA,OCHO,False,453164.0,453164.0,False
LIMA,Peru,1621,in,unspecified,VENIDO DE FUERA,ENSAYADOS,False,1032869.0,1708790.62,False
LIMA,Peru,1622,out,Spain,REMITIDO A CASTILLA,OCHO,False,521357.0,521357.0,False
LIMA,Peru,1622,out,Spain,REMITIDO A CASTILLA,ENSAYADOS,False,645070.0,1067211.4,False
LIMA,Peru,1622,in,Chile,SITUADO DE CHILE,OCHO,False,451.0,451.0,False
LIMA,Peru,1622,out,Chile,SITUADO DE CHILE,OCHO,False,153535.0,153535.0,False
LIMA,Peru,1622,out,Chile,SITUADO DE CHILE,ENSAYADOS,False,102445.0,169486.21,False
LIMA,Peru,1622,in,unspecified,VENIDO DE FUERA,OCHO,False,656864.0,656864.0,False
LIMA,Peru,1622,in,unspecified,VENIDO DE FUERA,ENSAYADOS,False,1056302.0,1747558.46,False
LIMA,Peru,1623,out,Spain,REMITIDO A CASTILLA,OCHO,False,444540.0,444540.0,False
LIMA,Peru,1623,out,Spain,REMITIDO A CASTILLA,ENSAYADOS,False,674205.0,1115412.68,False
LIMA,Peru,1623,out,Chile,SITUADO DE CHILE,OCHO,False,159840.0,159840.0,False
LIMA,Peru,1623,out,Chile,SITUADO DE CHILE,ENSAYADOS,False,55827.0,92360.85,False
LIMA,Peru,1623,in,Chile,SITUADO DE CHILE,OCHO,False,1228.0,1228.0,False
LIMA,Peru,1623,in,unspecified,VENIDO DE FUERA,OCHO,False,395018.0,395018.0,False
LIMA,Peru,1623,in,unspecified,VENIDO DE FUERA,ENSAYADOS,False,1138684.0,1883852.21,False
LIMA,Peru,1624,out,Chile,SITUADO DE CHILE,OCHO,False,260535.0,260535.0,False
LIMA,Peru,1624,out,Chile,SITUADO DE CHILE,ENSAYADOS,False,19871.0,32874.82,False
LIMA,Peru,1624,in,Chile,SITUADO DE CHILE,OCHO,False,4429.0,4429.0,False
LIMA,Peru,1624,in,unspecified,VENIDO DE FUERA,OCHO,False,551525.0,551525.0,False
LIMA,Peru,1624,in,unspecified,VENIDO DE FUERA,ENSAYADOS,False,1116424.0,1847025.0,False
LIMA,Peru,1625,out,Spain,REMITIDO A CASTILLA,OCHO,False,351740.0,351740.0,False
LIMA,Peru,1625,out,Spain,REMITIDO A CASTILLA,ENSAYADOS,False,928154.0,1535548.9,False
LIMA,Peru,1625,out,Chile,SITUADO DE CHILE,OCHO,False,25945.0,25945.0,False
LIMA,Peru,1625,out,Chile,SITUADO DE CHILE,ENSAYADOS,False,290.0,479.78,False
LIMA,Peru,1625,in,Chile,SITUADO DE CHILE,OCHO,False,463.0,463.0,False
LIMA,Peru,1625,in,unspecified,VENIDO DE FUERA,OCHO,False,316975.0,316975.0,False
LIMA,Peru,1625,in,unspecified,VENIDO DE FUERA,ENSAYADOS,False,1053171.0,1742378.49,False
LIMA,Peru,1626,out,Spain,REMITIDO A CASTILLA,OCHO,False,293328.0,293328.0,False
LIMA,Peru,1626,out,Spain,REMITIDO A CASTILLA,ENSAYADOS,False,509469.0,842871.51,False
LIMA,Peru,1626,in,Chile,SITUADO DE CHILE,OCHO,False,570.0,570.0,False
LIMA,Peru,1626,out,Chile,SITUADO DE CHILE,OCHO,False,216084.0,216084.0,False
LIMA,Peru,1626,out,Chile,SITUADO DE CHILE,ENSAYADOS,False,110174.0,182273.16,False
LIMA,Peru,1626,in,unspecified,VENIDO DE FUERA,OCHO,False,455198.0,455198.0,False
LIMA,Peru,1626,in,unspecified,VENIDO DE FUERA,ENSAYADOS,False,1095004.0,1811587.5,False
LIMA,Peru,1627,out,Spain,REMITIDO A CASTILLA,OCHO,False,119760.0,119760.0,False
LIMA,Peru,1627,out,Spain,REMITIDO A CASTILLA,ENSAYADOS,False,588031.0,972845.4,False
LIMA,Peru,1627,out,Chile,SITUADO DE CHILE,OCHO,False,299703.0,299703.0,False
LIMA,Peru,1627,out,Chile,SITUADO DE CHILE,ENSAYADOS,False,38320.0,63397.06,False
LIMA,Peru,1627,in,Chile,SITUADO DE CHILE,OCHO,False,113.0,113.0,False
LIMA,Peru,1627,in,unspecified,VENIDO DE FUERA,OCHO,False,538973.0,538973.0,False
LIMA,Peru,1627,in,unspecified,VENIDO DE FUERA,ENSAYADOS,False,1133259.0,1874877.02,False
LIMA,Peru,1628,out,Spain,REMITIDO A CASTILLA,OCHO,False,43294.0,43294.0,False
LIMA,Peru,1628,out,Spain,REMITIDO A CASTILLA,ENSAYADOS,False,571761.0,945928.12,False
LIMA,Peru,1628,in,Chile,SITUADO DE CHILE,OCHO,False,555.0,555.0,False
LIMA,Peru,1628,out,Chile,SITUADO DE CHILE,OCHO,False,307165.0,307165.0,False
LIMA,Peru,1628,out,Chile,SITUADO DE CHILE,ENSAYADOS,False,9809.0,16228.12,False
LIMA,Peru,1628,in,unspecified,VENIDO DE FUERA,OCHO,False,417492.0,417492.0,False
LIMA,Peru,1628,in,unspecified,VENIDO DE FUERA,ENSAYADOS,False,1218272.0,2015523.53,False
LIMA,Peru,1629,out,Spain,REMITIDO A CASTILLA,OCHO,False,128856.0,128856.0,False
LIMA,Peru,1629,out,Spain,REMITIDO A CASTILLA,ENSAYADOS,False,528800.0,874852.94,False
LIMA,Peru,1629,out,Chile,SITUADO DE CHILE,OCHO,False,349877.0,349877.0,False
LIMA,Peru,1629,in,Chile,SITUADO DE CHILE,OCHO,False,456.0,456.0,False
LIMA,Peru,1629,in,unspecified,VENIDO DE FUERA,OCHO,False,723216.0,723216.0,False
LIMA,Peru,1629,in,unspecified,VENIDO DE FUERA,ENSAYADOS,False,919275.0,1520859.38,False
LIMA,Peru,1630,out,Spain,REMITIDO A CASTILLA,OCHO,False,211130.0,211130.0,False
LIMA,Peru,1630,out,Spain,REMITIDO A CASTILLA,ENSAYADOS,False,598762.0,990598.9,False
LIMA,Peru,1630,in,Chile,SITUADO DE CHILE,OCHO,False,2573.0,2573.0,False
LIMA,Peru,1630,out,Chile,SITUADO DE CHILE,OCHO,False,340749.0,340749.0,False
LIMA,Peru,1630,out,Chile,SITUADO DE CHILE,ENSAYADOS,False,6350.0,10505.51,False
LIMA,Peru,1630,in,unspecified,VENIDO DE FUERA,OCHO,False,836863.0,836863.0,False
LIMA,Peru,1630,in,unspecified,VENIDO DE FUERA,ENSAYADOS,False,908296.0,1502695.59,False
LIMA,Peru,1631,out,Spain,REMITIDO A CASTILLA,OCHO,False,134486.0,134486.0,False
LIMA,Peru,1631,out,Spain,REMITIDO A CASTILLA,ENSAYADOS,False,663272.0,1097325.0,False
LIMA,Peru,1631,in,Chile,SITUADO DE CHILE,OCHO,False,2534.0,2534.0,False
LIMA,Peru,1631,out,Chile,SITUADO DE CHILE,OCHO,False,170696.0,170696.0,False
LIMA,Peru,1631,out,Chile,SITUADO DE CHILE,ENSAYADOS,False,52318.0,86555.51,False
LIMA,Peru,1631,in,unspecified,VENIDO DE FUERA,OCHO,False,931773.0,931773.0,False
LIMA,Peru,1631,in,unspecified,VENIDO DE FUERA,ENSAYADOS,False,1024805.0,1695449.45,False
LIMA,Peru,1632,out,Spain,REMITIDO A CASTILLA,OCHO,False,280208.0,280208.0,False
LIMA,Peru,1632,out,Spain,REMITIDO A CASTILLA,ENSAYADOS,False,809271.0,1338867.46,False
LIMA,Peru,1632,out,Chile,SITUADO DE CHILE,OCHO,False,235683.0,235683.0,False
LIMA,Peru,1632,out,Chile,SITUADO DE CHILE,ENSAYADOS,False,27462.0,45433.46,False
LIMA,Peru,1632,in,Chile,SITUADO DE CHILE,OCHO,False,2033.0,2033.0,False
LIMA,Peru,1632,in,unspecified,VENIDO DE FUERA,OCHO,False,722646.0,722646.0,False
LIMA,Peru,1632,in,unspecified,VENIDO DE FUERA,ENSAYADOS,False,1048456.0,1734577.94,False
LIMA,Peru,1633,out,Spain,REMITIDO A CASTILLA,OCHO,False,302873.0,302873.0,False
LIMA,Peru,1633,out,Spain,REMITIDO A CASTILLA,ENSAYADOS,False,894347.0,1479618.2,False
LIMA,Peru,1633,in,Chile,SITUADO DE CHILE,OCHO,False,146.0,146.0,False
LIMA,Peru,1633,out,Chile,SITUADO DE CHILE,OCHO,False,272735.0,272735.0,False
LIMA,Peru,1633,out,Chile,SITUADO DE CHILE,ENSAYADOS,False,17749.0,29364.15,False
LIMA,Peru,1633,in,unspecified,VENIDO DE FUERA,OCHO,False,935707.0,935707.0,False
LIMA,Peru,1633,in,unspecified,VENIDO DE FUERA,ENSAYADOS,False,1106101.0,1829946.51,False
LIMA,Peru,1634,in,Chile,SITUADO DE CHILE,OCHO,False,500.0,500.0,False
LIMA,Peru,1634,out,Spain,REMITIDO A CASTILLA,OCHO,False,258579.0,258579.0,False
LIMA,Peru,1634,out,Spain,REMITIDO A CASTILLA,ENSAYADOS,False,834472.0,1380560.29,False
LIMA,Peru,1634,out,Chile,SITUADO DE CHILE,OCHO,False,280475.0,280475.0,False
LIMA,Peru,1634,out,Chile,SITUADO DE CHILE,ENSAYADOS,False,6111.0,10110.11,False
LIMA,Peru,1634,in,unspecified,VENIDO DE FUERA,OCHO,False,849377.0,849377.0,False
LIMA,Peru,1634,in,unspecified,VENIDO DE FUERA,ENSAYADOS,False,977590.0,1617336.4,False
LIMA,Peru,1635,in,Chile,SITUADO DE CHILE,OCHO,False,108.0,108.0,False
LIMA,Peru,1635,out,Spain,REMITIDO A CASTILLA,OCHO,False,9303.0,9303.0,False
LIMA,Peru,1635,out,Spain,REMITIDO A CASTILLA,ENSAYADOS,False,1014367.0,1678180.7,False
LIMA,Peru,1635,out,Chile,SITUADO DE CHILE,OCHO,False,255640.0,255640.0,False
LIMA,Peru,1635,out,Chile,SITUADO DE CHILE,ENSAYADOS,False,16479.0,27263.05,False
LIMA,Peru,1635,in,unspecified,VENIDO DE FUERA,OCHO,False,717520.0,717520.0,False
LIMA,Peru,1635,in,unspecified,VENIDO DE FUERA,ENSAYADOS,False,1154862.0,1910617.28,False
LIMA,Peru,1636,in,Chile,SITUADO DE CHILE,OCHO,False,1778.0,1778.0,False
LIMA,Peru,1636,out,Spain,REMITIDO A CASTILLA,OCHO,False,219614.0,219614.0,False
LIMA,Peru,1636,out,Spain,REMITIDO A CASTILLA,ENSAYADOS,False,1031392.0,1706347.06,False
LIMA,Peru,1636,in,unspecified,VENIDO DE FUERA,OCHO,False,929879.0,929879.0,False
LIMA,Peru,1636,in,unspecified,VENIDO DE FUERA,ENSAYADOS,False,1125255.0,1861635.11,False
LIMA,Peru,1636,out,Chile,SITUADO DE CHILE,OCHO,False,294205.0,294205.0,False
LIMA,Peru,1637,out,Spain,REMITIDO A CASTILLA,OCHO,False,353053.0,353053.0,False
LIMA,Peru,1637,out,Spain,REMITIDO A CASTILLA,ENSAYADOS,False,942816.0,1559805.88,False
LIMA,Peru,1637,in,Chile,SITUADO DE CHILE,OCHO,False,813.0,813.0,False
LIMA,Peru,1637,out,Chile,SITUADO DE CHILE,OCHO,False,294204.0,294204.0,False
LIMA,Peru,1637,out,Chile,SITUADO DE CHILE,ENSAYADOS,False,559.0,924.82,False
LIMA,Peru,1637,in,unspecified,VENIDO DE FUERA,OCHO,False,971289.0,971289.0,False
LIMA,Peru,1637,in,unspecified,VENIDO DE FUERA,ENSAYADOS,False,1118878.0,1851084.93,False
LIMA,Peru,1638,out,Spain,REMITIDO A CASTILLA,OCHO,False,390138.0,390138.0,False
LIMA,Peru,1638,out,Spain,REMITIDO A CASTILLA,ENSAYADOS,False,914310.0,1512645.22,False
LIMA,Peru,1638,in,Chile,SITUADO DE CHILE,OCHO,False,270.0,270.0,False
LIMA,Peru,1638,out,Chile,SITUADO DE CHILE,OCHO,False,233780.0,233780.0,False
LIMA,Peru,1638,out,Chile,SITUADO DE CHILE,ENSAYADOS,False,33000.0,54595.59,False
LIMA,Peru,1638,in,unspecified,VENIDO DE FUERA,OCHO,False,991677.0,991677.0,False
LIMA,Peru,1638,in,unspecified,VENIDO DE FUERA,ENSAYADOS,False,1042717.0,1725083.27,False
LIMA,Peru,1639,out,Spain,REMITIDO A CASTILLA,OCHO,False,551518.0,551518.0,False
LIMA,Peru,1639,out,Spain,REMITIDO A CASTILLA,ENSAYADOS,False,678828.0,1123061.03,False
LIMA,Peru,1639,out,Chile,SITUADO DE CHILE,OCHO,False,159649.0,159649.0,False
LIMA,Peru,1639,out,Chile,SITUADO DE CHILE,ENSAYADOS,False,85072.0,140744.12,False
LIMA,Peru,1639,in,Chile,SITUADO DE CHILE,OCHO,False,275.0,275.0,False
LIMA,Peru,1639,in,unspecified,VENIDO DE FUERA,OCHO,False,963491.0,963491.0,False
LIMA,Peru,1639,in,unspecified,VENIDO DE FUERA,ENSAYADOS,False,858697.0,1420638.42,False
LIMA,Peru,1640,out,Spain,REMITIDO A CASTILLA,OCHO,False,531781.0,531781.0,False
LIMA,Peru,1640,out,Spain,REMITIDO A CASTILLA,ENSAYADOS,False,953115.0,1576844.67,False
LIMA,Peru,1640,out,Chile,SITUADO DE CHILE,OCHO,False,285537.0,285537.0,False
LIMA,Peru,1640,out,Chile,SITUADO DE CHILE,ENSAYADOS,False,1667.0,2757.9,False
LIMA,Peru,1640,in,Chile,SITUADO DE CHILE,OCHO,False,119.0,119.0,False
LIMA,Peru,1640,in,unspecified,VENIDO DE FUERA,OCHO,False,982732.0,982732.0,False
LIMA,Peru,1640,in,unspecified,VENIDO DE FUERA,ENSAYADOS,False,1034634.0,1711710.66,False
LIMA,Peru,1641,out,Spain,REMITIDO A CASTILLA,OCHO,False,682393.0,682393.0,False
LIMA,Peru,1641,out,Spain,REMITIDO A CASTILLA,ENSAYADOS,False,987958.0,1634489.34,False
LIMA,Peru,1641,out,Chile,SITUADO DE CHILE,OCHO,False,289192.0,289192.0,False
LIMA,Peru,1641,in,unspecified,VENIDO DE FUERA,OCHO,False,968199.0,968199.0,False
LIMA,Peru,1641,in,unspecified,VENIDO DE FUERA,ENSAYADOS,False,963788.0,1594502.21,False
LIMA,Peru,1642,out,Spain,REMITIDO A CASTILLA,OCHO,False,567585.0,567585.0,False
LIMA,Peru,1642,out,Spain,REMITIDO A CASTILLA,ENSAYADOS,False,883301.0,1461343.57,False
LIMA,Peru,1642,out,Chile,SITUADO DE CHILE,OCHO,False,245344.0,245344.0,False
LIMA,Peru,1642,in,Chile,SITUADO DE CHILE,OCHO,False,606.0,606.0,False
LIMA,Peru,1642,in,unspecified,VENIDO DE FUERA,OCHO,False,580117.0,580117.0,False
LIMA,Peru,1642,in,unspecified,VENIDO DE FUERA,ENSAYADOS,False,963606.0,1594201.1,False
LIMA,Peru,1643,out,Spain,REMITIDO A CASTILLA,OCHO,False,6977.0,6977.0,False
LIMA,Peru,1643,out,Spain,REMITIDO A CASTILLA,ENSAYADOS,False,700667.0,1159191.73,False
LIMA,Peru,1643,out,Chile,SITUADO DE CHILE,OCHO,False,292471.0,292471.0,False
LIMA,Peru,1643,in,Chile,SITUADO DE CHILE,OCHO,False,275.0,275.0,False
LIMA,Peru,1643,in,unspecified,VENIDO DE FUERA,OCHO,False,991376.0,991376.0,False
LIMA,Peru,1643,in,unspecified,VENIDO DE FUERA,ENSAYADOS,False,1018720.0,1685382.35,False
LIMA,Peru,1644,out,Spain,REMITIDO A CASTILLA,OCHO,False,31375.0,31375.0,False
LIMA,Peru,1644,out,Spain,REMITIDO A CASTILLA,ENSAYADOS,False,795988.0,1316891.91,False
LIMA,Peru,1644,out,Chile,SITUADO DE CHILE,OCHO,False,320409.0,320409.0,False
LIMA,Peru,1644,in,Chile,SITUADO DE CHILE,OCHO,False,100.0,100.0,False
LIMA,Peru,1644,in,unspecified,VENIDO DE FUERA,OCHO,False,851800.0,851800.0,False
LIMA,Peru,1644,in,unspecified,VENIDO DE FUERA,ENSAYADOS,False,868817.0,1437381.07,False
LIMA,Peru,1645,out,Spain,REMITIDO A CASTILLA,OCHO,False,274623.0,274623.0,False
LIMA,Peru,1645,out,Spain,REMITIDO A CASTILLA,ENSAYADOS,False,718749.0,1189106.8,False
LIMA,Peru,1645,out,Chile,SITUADO DE CHILE,OCHO,False,243740.0,243740.0,False
LIMA,Peru,1645,out,Chile,SITUADO DE CHILE,ENSAYADOS,False,37820.0,62569.85,False
LIMA,Peru,1645,in,unspecified,VENIDO DE FUERA,OCHO,False,865177.0,865177.0,False
LIMA,Peru,1645,in,unspecified,VENIDO DE FUERA,ENSAYADOS,False,946577.0,1566028.12,False
LIMA,Peru,1646,out,Spain,REMITIDO A CASTILLA,OCHO,False,346589.0,346589.0,False
LIMA,Peru,1646,out,Spain,REMITIDO A CASTILLA,ENSAYADOS,False,672465.0,1112534.01,False
LIMA,Peru,1646,out,Chile,SITUADO DE CHILE,OCHO,False,291122.0,291122.0,False
LIMA,Peru,1646,in,Chile,SITUADO DE CHILE,OCHO,False,933.0,933.0,False
LIMA,Peru,1646,in,unspecified,VENIDO DE FUERA,OCHO,False,707474.0,707474.0,False
LIMA,Peru,1646,in,unspecified,VENIDO DE FUERA,ENSAYADOS,False,860801.0,1424119.3,False
LIMA,Peru,1647,out,Chile,SITUADO DE CHILE,OCHO,False,36709.0,36709.0,False
LIMA,Peru,1647,out,Chile,SITUADO DE CHILE,ENSAYADOS,False,103286.0,170877.57,False
LIMA,Peru,1647,in,unspecified,VENIDO DE FUERA,OCHO,False,198051.0,198051.0,False
LIMA,Peru,1647,in,unspecified,VENIDO DE FUERA,ENSAYADOS,False,432519.0,715564.52,False
LIMA,Peru,1648,out,Spain,REMITIDO A CASTILLA,OCHO,False,8750.0,8750.0,False
LIMA,Peru,1648,out,Spain,REMITIDO A CASTILLA,ENSAYADOS,False,374133.0,618970.04,False
LIMA,Peru,1648,in,unspecified,VENIDO DE FUERA,OCHO,False,174652.0,174652.0,False
LIMA,Peru,1648,in,unspecified,VENIDO DE FUERA,ENSAYADOS,False,757598.0,1253379.04,False
LIMA,Peru,1648,out,Chile,SITUADO DE CHILE,OCHO,False,9930.0,9930.0,False
LIMA,Peru,1648,out,Chile,SITUADO DE CHILE,ENSAYADOS,False,53336.0,88239.71,False
LIMA,Peru,1649,out,Chile,SITUADO DE CHILE,OCHO,False,82383.0,82383.0,False
LIMA,Peru,1649,out,Chile,SITUADO DE CHILE,ENSAYADOS,False,47884.0,79219.85,False
LIMA,Peru,1649,in,unspecified,VENIDO DE FUERA,OCHO,False,861780.0,861780.0,False
LIMA,Peru,1649,in,unspecified,VENIDO DE FUERA,ENSAYADOS,False,829973.0,1373117.1,False
LIMA,Peru,1649,out,Spain,REMITIDO A CASTILLA,OCHO,False,71217.0,71217.0,False
LIMA,Peru,1649,out,Spain,REMITIDO A CASTILLA,ENSAYADOS,False,1364315.0,2257138.79,False
LIMA,Peru,1649,out,Chile,SITUADO DE CHILE,OCHO,False,419443.0,419443.0,False
LIMA,Peru,1649,in,Chile,SITUADO DE CHILE,OCHO,False,113.0,113.0,False
LIMA,Peru,1649,in,unspecified,VENIDO DE FUERA,OCHO,False,424522.0,424522.0,False
LIMA,Peru,1649,in,unspecified,VENIDO DE FUERA,ENSAYADOS,False,580929.0,961095.77,False
LIMA,Peru,1650,out,Chile,SITUADO DE CHILE,OCHO,False,126586.0,126586.0,False
LIMA,Peru,1650,in,unspecified,VENIDO DE FUERA,OCHO,False,76163.0,76163.0,False
LIMA,Peru,1650,in,unspecified,VENIDO DE FUERA,ENSAYADOS,False,106847.0,176768.93,False
LIMA,Peru,1651,out,Spain,REMITIDO A CASTILLA,OCHO,False,19801.0,19801.0,False
LIMA,Peru,1651,out,Spain,REMITIDO A CASTILLA,ENSAYADOS,False,1328326.0,2197598.16,False
LIMA,Peru,1651,out,Chile,SITUADO DE CHILE,OCHO,False,165805.0,165805.0,False
LIMA,Peru,1651,in,Chile,SITUADO DE CHILE,OCHO,False,113.0,113.0,False
LIMA,Peru,1651,in,unspecified,VENIDO DE FUERA,OCHO,False,807584.0,807584.0,False
LIMA,Peru,1651,in,unspecified,VENIDO DE FUERA,ENSAYADOS,False,1284868.0,2125700.74,False
LIMA,Peru,1652,out,Spain,REMITIDO A CASTILLA,OCHO,False,86277.0,86277.0,False
LIMA,Peru,1652,out,Spain,REMITIDO A CASTILLA,ENSAYADOS,False,876386.0,1449903.31,False
LIMA,Peru,1652,out,Chile,SITUADO DE CHILE,OCHO,False,300249.0,300249.0,False
LIMA,Peru,1652,in,unspecified,VENIDO DE FUERA,OCHO,False,654034.0,654034.0,False
LIMA,Peru,1652,in,unspecified,VENIDO DE FUERA,ENSAYADOS,False,1052653.0,1741521.51,False
LIMA,Peru,1652,out,Spain,REMITIDO A CASTILLA,OCHO,False,192187.0,192187.0,False
LIMA,Peru,1652,out,Spain,REMITIDO A CASTILLA,ENSAYADOS,False,757481.0,1253185.48,False
LIMA,Peru,1652,out,Chile,SITUADO DE CHILE,OCHO,False,129660.0,129660.0,False
LIMA,Peru,1652,out,Chile,SITUADO DE CHILE,ENSAYADOS,False,47972.0,79365.44,False
LIMA,Peru,1652,in,Chile,SITUADO DE CHILE,OCHO,False,775.0,775.0,False
LIMA,Peru,1652,in,unspecified,VENIDO DE FUERA,OCHO,False,601694.0,601694.0,False
LIMA,Peru,1652,in,unspecified,VENIDO DE FUERA,ENSAYADOS,False,909395.0,1504513.79,False
LIMA,Peru,1653,out,Spain,REMITIDO A CASTILLA,OCHO,False,6409.0,6409.0,False
LIMA,Peru,1653,out,Spain,REMITIDO A CASTILLA,ENSAYADOS,False,597916.0,989199.26,False
LIMA,Peru,1653,out,Chile,SITUADO DE CHILE,OCHO,False,387081.0,387081.0,False
LIMA,Peru,1653,in,unspecified,VENIDO DE FUERA,OCHO,False,349760.0,349760.0,False
LIMA,Peru,1653,in,unspecified,VENIDO DE FUERA,ENSAYADOS,False,1102386.0,1823800.37,False
LIMA,Peru,1654,out,Spain,REMITIDO A CASTILLA,OCHO,False,83058.0,83058.0,False
LIMA,Peru,1654,out,Spain,REMITIDO A CASTILLA,ENSAYADOS,False,981034.0,1623034.19,False
LIMA,Peru,1654,out,Chile,SITUADO DE CHILE,OCHO,False,772219.0,772219.0,False
LIMA,Peru,1654,out,Chile,SITUADO DE CHILE,ENSAYADOS,False,2500.0,4136.03,False
LIMA,Peru,1654,in,Chile,SITUADO DE CHILE,OCHO,False,46489.0,46489.0,False
LIMA,Peru,1654,in,unspecified,VENIDO DE FUERA,OCHO,False,983723.0,983723.0,False
LIMA,Peru,1654,in,unspecified,VENIDO DE FUERA,ENSAYADOS,False,1556340.0,2574827.21,False
LIMA,Peru,1656,out,Spain,REMITIDO A CASTILLA,ENSAYADOS,False,660193.0,1092231.07,False
LIMA,Peru,1656,out,Chile,SITUADO DE CHILE,OCHO,False,294198.0,294198.0,False
LIMA,Peru,1656,in,Chile,SITUADO DE CHILE,OCHO,False,120.0,120.0,False
LIMA,Peru,1656,in,unspecified,VENIDO DE FUERA,OCHO,False,359830.0,359830.0,False
LIMA,Peru,1656,in,unspecified,VENIDO DE FUERA,ENSAYADOS,False,1026128.0,1697638.24,False
LIMA,Peru,1657,out,Spain,REMITIDO A CASTILLA,ENSAYADOS,False,218768.0,361932.35,False
LIMA,Peru,1657,out,Chile,SITUADO DE CHILE,OCHO,False,244806.0,244806.0,False
LIMA,Peru,1657,out,Chile,SITUADO DE CHILE,ENSAYADOS,False,2916.0,4824.26,False
LIMA,Peru,1657,in,Chile,SITUADO DE CHILE,OCHO,False,4329.0,4329.0,False
LIMA,Peru,1657,in,unspecified,VENIDO DE FUERA,OCHO,False,387830.0,387830.0,False
LIMA,Peru,1657,in,unspecified,VENIDO DE FUERA,ENSAYADOS,False,638283.0,1055982.9,False
LIMA,Peru,1658,out,Spain,REMITIDO A CASTILLA,OCHO,False,264555.0,264555.0,False
LIMA,Peru,1658,out,Spain,REMITIDO A CASTILLA,ENSAYADOS,False,329737.0,545520.77,False
LIMA,Peru,1658,out,Chile,SITUADO DE CHILE,OCHO,False,345448.0,345448.0,False
LIMA,Peru,1658,out,Valdivia,SITUADO DE VALDIVIA,OCHO,False,170394.0,170394.0,False
LIMA,Peru,1658,in,Chile,SITUADO DE CHILE,OCHO,False,113.0,113.0,False
LIMA,Peru,1658,in,unspecified,VENIDO DE FUERA,OCHO,False,499904.0,499904.0,False
LIMA,Peru,1658,in,unspecified,VENIDO DE FUERA,ENSAYADOS,False,1060720.0,1754867.65,False
LIMA,Peru,1659,out,Spain,REMITIDO A CASTILLA,OCHO,False,40559.0,40559.0,False
LIMA,Peru,1659,out,Spain,REMITIDO A CASTILLA,ENSAYADOS,False,367116.0,607361.03,False
LIMA,Peru,1659,out,Chile,SITUADO DE CHILE,OCHO,False,298339.0,298339.0,False
LIMA,Peru,1659,out,Valdivia,SITUADO DE VALDIVIA,OCHO,False,119149.0,119149.0,False
LIMA,Peru,1659,in,Chile,SITUADO DE CHILE,OCHO,False,213.0,213.0,False
LIMA,Peru,1659,in,unspecified,VENIDO DE FUERA,OCHO,False,254306.0,254306.0,False
LIMA,Peru,1659,in,unspecified,VENIDO DE FUERA,ENSAYADOS,False,634239.0,1049292.46,False
LIMA,Peru,1660,out,Chile,SITUADO DE CHILE,OCHO,False,331901.0,331901.0,False
LIMA,Peru,1660,out,Chile,SITUADO DE CHILE,ENSAYADOS,False,2500.0,4136.03,False
LIMA,Peru,1660,out,Valdivia,SITUADO DE VALDIVIA,OCHO,False,140523.0,140523.0,False
LIMA,Peru,1660,out,Valdivia,SITUADO DE VALDIVIA,ENSAYADOS,False,500.0,827.21,False
LIMA,Peru,1660,in,Chile,SITUADO DE CHILE,OCHO,False,344.0,344.0,False
LIMA,Peru,1660,in,unspecified,VENIDO DE FUERA,OCHO,False,62014.0,62014.0,False
LIMA,Peru,1660,in,unspecified,VENIDO DE FUERA,ENSAYADOS,False,341142.0,564389.34,False
LIMA,Peru,1662,out,Spain,REMITIDO A CASTILLA,OCHO,False,297822.0,297822.0,False
LIMA,Peru,1662,out,Spain,REMITIDO A CASTILLA,ENSAYADOS,False,399614.0,661126.1,False
LIMA,Peru,1662,out,Chile,SITUADO DE CHILE,OCHO,False,311055.0,311055.0,False
LIMA,Peru,1662,out,Valdivia,SITUADO DE VALDIVIA,OCHO,False,110022.0,110022.0,False
LIMA,Peru,1662,in,Chile,SITUADO DE CHILE,OCHO,False,113.0,113.0,False
LIMA,Peru,1662,in,unspecified,VENIDO DE FUERA,OCHO,False,871079.0,871079.0,False
LIMA,Peru,1662,in,unspecified,VENIDO DE FUERA,ENSAYADOS,False,1093402.0,1808937.13,False
LIMA,Peru,1663,out,Chile,SITUADO DE CHILE,OCHO,False,148175.0,148175.0,False
LIMA,Peru,1663,out,Valdivia,SITUADO DE VALDIVIA,OCHO,False,75731.0,75731.0,False
LIMA,Peru,1663,out,Valdivia,SITUADO DE VALDIVIA,ENSAYADOS,False,500.0,827.21,False
LIMA,Peru,1663,in,unspecified,VENIDO DE FUERA,OCHO,False,2757.0,2757.0,False
LIMA,Peru,1665,out,Spain,REMITIDO A CASTILLA,OCHO,False,106026.0,106026.0,False
LIMA,Peru,1665,out,Spain,REMITIDO A CASTILLA,ENSAYADOS,False,506535.0,838017.46,False
LIMA,Peru,1665,out,Chile,SITUADO DE CHILE,OCHO,False,352418.0,352418.0,False
LIMA,Peru,1665,out,Chile,SITUADO DE CHILE,ENSAYADOS,False,93433.0,154576.65,False
LIMA,Peru,1665,out,Valdivia,SITUADO DE VALDIVIA,OCHO,False,245497.0,245497.0,False
LIMA,Peru,1665,out,Valdivia,SITUADO DE VALDIVIA,ENSAYADOS,False,12801.0,21178.12,False
LIMA,Peru,1665,in,unspecified,VENIDO DE FUERA,OCHO,False,706058.0,706058.0,False
LIMA,Peru,1665,in,unspecified,VENIDO DE FUERA,ENSAYADOS,False,1639490.0,2712391.54,False
LIMA,Peru,1666,out,Spain,REMITIDO A CASTILLA,OCHO,False,225981.0,225981.0,False
LIMA,Peru,1666,out,Spain,REMITIDO A CASTILLA,ENSAYADOS,False,363249.0,600963.42,False
LIMA,Peru,1666,out,Chile,SITUADO DE CHILE,OCHO,False,603017.0,603017.0,False
LIMA,Peru,1666,out,Chile,SITUADO DE CHILE,ENSAYADOS,False,151246.0,250223.16,False
LIMA,Peru,1666,out,Valdivia,SITUADO DE VALDIVIA,OCHO,False,254573.0,254573.0,False
LIMA,Peru,1666,out,Valdivia,SITUADO DE VALDIVIA,ENSAYADOS,False,71825.0,118828.12,False
LIMA,Peru,1666,in,Chile,SITUADO DE CHILE,OCHO,False,4.0,4.0,False
LIMA,Peru,1666,in,unspecified,VENIDO DE FUERA,OCHO,False,767474.0,767474.0,False
LIMA,Peru,1666,in,unspecified,VENIDO DE FUERA,ENSAYADOS,False,1779938.0,2944750.37,False
LIMA,Peru,1669,in,Chile,SITUADO DE CHILE,OCHO,False,10100.0,10100.0,False
LIMA,Peru,1669,out,Spain,REMITIDO A CASTILLA,OCHO,False,359301.0,359301.0,False
LIMA,Peru,1669,out,Spain,REMITIDO A CASTILLA,ENSAYADOS,False,49506.0,81903.31,False
LIMA,Peru,1669,out,Chile,SITUADO DE CHILE,OCHO,False,609961.0,609961.0,False
LIMA,Peru,1669,out,Chile,SITUADO DE CHILE,ENSAYADOS,False,113595.0,187932.9,False
LIMA,Peru,1669,out,Valdivia,SITUADO DE VALDIVIA,OCHO,False,363220.0,363220.0,False
LIMA,Peru,1669,out,Valdivia,SITUADO DE VALDIVIA,ENSAYADOS,False,3108.0,5141.91,False
LIMA,Peru,1669,in,unspecified,VENIDO DE FUERA,OCHO,False,1073434.0,1073434.0,False
LIMA,Peru,1669,in,unspecified,VENIDO DE FUERA,ENSAYADOS,False,1693671.0,2802029.23,False
LIMA,Peru,1672,out,Spain,REMITIDO A CASTILLA,OCHO,False,52117.0,52117.0,False
LIMA,Peru,1672,out,Spain,REMITIDO A CASTILLA,ENSAYADOS,False,479576.0,793416.18,False
LIMA,Peru,1672,out,Chile,SITUADO DE CHILE,OCHO,False,904322.0,904322.0,False
LIMA,Peru,1672,out,Valdivia,SITUADO DE VALDIVIA,OCHO,False,334225.0,334225.0,False
LIMA,Peru,1672,out,Valdivia,SITUADO DE VALDIVIA,ENSAYADOS,False,295.0,488.05,False
LIMA,Peru,1672,in,unspecified,VENIDO DE FUERA,OCHO,False,684838.0,684838.0,False
LIMA,Peru,1672,in,unspecified,VENIDO DE FUERA,ENSAYADOS,False,1621723.0,2682997.61,False
LIMA,Peru,1675,out,Spain,REMITIDO A CASTILLA,OCHO,False,485035.0,485035.0,False
LIMA,Peru,1675,out,Spain,REMITIDO A CASTILLA,ENSAYADOS,False,252742.0,418139.34,False
LIMA,Peru,1675,out,Chile,SITUADO DE CHILE,OCHO,False,773110.0,773110.0,False
LIMA,Peru,1675,out,Chile,SITUADO DE CHILE,ENSAYADOS,False,17877.0,29575.92,False
LIMA,Peru,1675,out,Panama,SITUADO DE PANAMA,OCHO,False,449802.0,449802.0,False
LIMA,Peru,1675,out,Valdivia,SITUADO DE VALDIVIA,OCHO,False,242549.0,242549.0,False
LIMA,Peru,1675,out,Valdivia,SITUADO DE VALDIVIA,ENSAYADOS,False,7831.0,12955.7,False
LIMA,Peru,1675,in,unspecified,VENIDO DE FUERA,OCHO,False,435955.0,435955.0,False
LIMA,Peru,1675,in,unspecified,VENIDO DE FUERA,ENSAYADOS,False,2201786.0,3642660.66,False
LIMA,Peru,1678,out,Spain,REMITIDO A CASTILLA,OCHO,False,17025.0,17025.0,False
LIMA,Peru,1678,out,Spain,REMITIDO A CASTILLA,ENSAYADOS,False,103948.0,171972.79,False
LIMA,Peru,1678,out,Chile,SITUADO DE CHILE,OCHO,False,489121.0,489121.0,False
LIMA,Peru,1678,out,Chile,SITUADO DE CHILE,ENSAYADOS,False,124355.0,205734.38,False
LIMA,Peru,1678,out,Panama,SITUADO DE PANAMA,OCHO,False,732500.0,732500.0,False
LIMA,Peru,1678,out,Valdivia,SITUADO DE VALDIVIA,OCHO,False,323401.0,323401.0,False
LIMA,Peru,1678,out,Valdivia,SITUADO DE VALDIVIA,ENSAYADOS,False,45290.0,74928.31,False
LIMA,Peru,1678,in,unspecified,VENIDO DE FUERA,OCHO,False,722553.0,722553.0,False
LIMA,Peru,1678,in,unspecified,VENIDO DE FUERA,ENSAYADOS,False,2073811.0,3430937.32,False
LIMA,Peru,1681,out,Spain,REMITIDO A CASTILLA,OCHO,False,61414.0,61414.0,False
LIMA,Peru,1681,out,Spain,REMITIDO A CASTILLA,ENSAYADOS,False,26181.0,43314.15,False
LIMA,Peru,1681,out,Chile,SITUADO DE CHILE,OCHO,False,731319.0,731319.0,False
LIMA,Peru,1681,out,Panama,SITUADO DE PANAMA,OCHO,False,1055901.0,1055901.0,False
LIMA,Peru,1681,out,Valdivia,SITUADO DE VALDIVIA,OCHO,False,228733.0,228733.0,False
LIMA,Peru,1681,out,Valdivia,SITUADO DE VALDIVIA,ENSAYADOS,False,68572.0,113446.32,False
LIMA,Peru,1681,in,unspecified,VENIDO DE FUERA,OCHO,False,1671950.0,1671950.0,False
LIMA,Peru,1681,in,unspecified,VENIDO DE FUERA,ENSAYADOS,False,1399736.0,2315739.71,False
LIMA,Peru,1685,out,Spain,REMITIDO A CASTILLA,OCHO,False,200000.0,200000.0,False
LIMA,Peru,1685,out,Chile,SITUADO DE CHILE,OCHO,False,1284506.0,1284506.0,False
LIMA,Peru,1685,out,Panama,SITUADO DE PANAMA,OCHO,False,1436705.0,1436705.0,False
LIMA,Peru,1685,out,Panama,SITUADO DE PANAMA,ENSAYADOS,False,45810.0,75788.6,False
LIMA,Peru,1685,out,Valdivia,SITUADO DE VALDIVIA,OCHO,False,746275.0,746275.0,False
LIMA,Peru,1685,in,unspecified,VENIDO DE FUERA,OCHO,False,3894951.0,3894951.0,False
LIMA,Peru,1685,in,unspecified,VENIDO DE FUERA,ENSAYADOS,False,1658264.0,2743451.47,False
LIMA,Peru,1690,out,Spain,REMITIDO A CASTILLA,OCHO,False,842091.0,842091.0,False
LIMA,Peru,1690,out,Panama,SITUADO DE PANAMA,OCHO,False,1603085.0,1603085.0,False
LIMA,Peru,1690,out,Valdivia,SITUADO DE VALDIVIA,OCHO,False,616016.0,616016.0,False
LIMA,Peru,1690,in,unspecified,VENIDO DE FUERA,OCHO,False,7173575.0,7173575.0,False
LIMA,Peru,1690,in,unspecified,VENIDO DE FUERA,ENSAYADOS,False,109694.0,181479.04,False
LIMA,Peru,1696,out,Panama,SITUADO DE PANAMA,OCHO,False,140200.0,140200.0,False
LIMA,Peru,1696,out,Valdivia,SITUADO DE VALDIVIA,OCHO,False,57841.0,57841.0,False
LIMA,Peru,1696,in,unspecified,VENIDO DE FUERA,OCHO,False,279137.0,279137.0,False
LIMA,Peru,1696,in,unspecified,VENIDO DE FUERA,ENSAYADOS,False,258809.0,428176.65,False
LIMA,Peru,1700,out,Panama,SITUADO DE PANAMA,OCHO,False,475314.0,475314.0,False
LIMA,Peru,1700,out,Valdivia,SITUADO DE VALDIVIA,OCHO,False,29385.0,29385.0,False
LIMA,Peru,1700,in,unspecified,VENIDO DE FUERA,OCHO,False,33737.0,33737.0,False
LIMA,Peru,1700,in,unspecified,VENIDO DE FUERA,ENSAYADOS,False,93489.0,154669.3,False
LIMA,Peru,1701,out,Panama,SITUADO DE PANAMA,OCHO,False,117672.0,117672.0,False
LIMA,Peru,1701,out,Valdivia,SITUADO DE VALDIVIA,OCHO,False,33569.0,33569.0,False
LIMA,Peru,1701,in,unspecified,VENIDO DE FUERA,OCHO,False,510573.0,510573.0,False
LIMA,Peru,1701,in,unspecified,VENIDO DE FUERA,ENSAYADOS,False,252664.0,418010.29,False
LIMA,Peru,1702,out,Panama,SITUADO DE PANAMA,OCHO,False,245000.0,245000.0,False
LIMA,Peru,1702,out,Valdivia,SITUADO DE VALDIVIA,OCHO,False,41536.0,41536.0,False
LIMA,Peru,1702,in,unspecified,VENIDO DE FUERA,OCHO,False,12309.0,12309.0,False
LIMA,Peru,1702,in,unspecified,VENIDO DE FUERA,ENSAYADOS,False,104165.0,172331.8,False
LIMA,Peru,1703,out,Panama,SITUADO DE PANAMA,OCHO,False,205700.0,205700.0,False
LIMA,Peru,1703,out,Valdivia,SITUADO DE VALDIVIA,OCHO,False,51000.0,51000.0,False
LIMA,Peru,1703,in,unspecified,VENIDO DE FUERA,OCHO,False,150319.0,150319.0,False
LIMA,Peru,1703,in,unspecified,VENIDO DE FUERA,ENSAYADOS,False,263245.0,435515.62,False
LIMA,Peru,1704,out,Panama,SITUADO DE PANAMA,OCHO,False,354400.0,354400.0,False
LIMA,Peru,1704,out,Valdivia,SITUADO DE VALDIVIA,OCHO,False,105531.0,105531.0,False
LIMA,Peru,1704,in,unspecified,VENIDO DE FUERA,OCHO,False,40968.0,40968.0,False
LIMA,Peru,1704,in,unspecified,VENIDO DE FUERA,ENSAYADOS,False,172259.0,284987.32,False
LIMA,Peru,1705,out,Panama,SITUADO DE PANAMA,OCHO,False,200000.0,200000.0,False
LIMA,Peru,1705,out,Valdivia,SITUADO DE VALDIVIA,OCHO,False,35158.0,35158.0,False
LIMA,Peru,1705,in,unspecified,VENIDO DE FUERA,OCHO,False,16675.0,16675.0,False
LIMA,Peru,1705,in,unspecified,VENIDO DE FUERA,ENSAYADOS,False,20758.0,34342.28,False
LIMA,Peru,1706,out,Valdivia,SITUADO DE VALDIVIA,OCHO,False,58623.0,58623.0,False
LIMA,Peru,1706,in,unspecified,VENIDO DE FUERA,OCHO,False,1350916.0,1350916.0,False
LIMA,Peru,1706,in,unspecified,VENIDO DE FUERA,ENSAYADOS,False,183285.0,303228.86,False
LIMA,Peru,1707,out,Spain,REMITIDO A CASTILLA,OCHO,False,1357877.0,1357877.0,False
LIMA,Peru,1707,out,Panama,SITUADO DE PANAMA,OCHO,False,275315.0,275315.0,False
LIMA,Peru,1707,out,Valdivia,SITUADO DE VALDIVIA,OCHO,False,136161.0,136161.0,False
LIMA,Peru,1707,in,unspecified,VENIDO DE FUERA,OCHO,False,30115.0,30115.0,False
LIMA,Peru,1707,in,unspecified,VENIDO DE FUERA,ENSAYADOS,False,161565.0,267295.04,False
LIMA,Peru,1708,out,Spain,REMITIDO A CASTILLA,OCHO,False,300130.0,300130.0,False
LIMA,Peru,1708,out,Panama,SITUADO DE PANAMA,OCHO,False,5000.0,5000.0,False
LIMA,Peru,1708,out,Valdivia,SITUADO DE VALDIVIA,OCHO,False,28489.0,28489.0,False
LIMA,Peru,1708,in,unspecified,VENIDO DE FUERA,OCHO,False,611941.0,611941.0,False
LIMA,Peru,1708,in,unspecified,VENIDO DE FUERA,ENSAYADOS,False,74195.0,122749.08,False
LIMA,Peru,1709,out,Valdivia,SITUADO DE VALDIVIA,OCHO,False,38499.0,38499.0,False
LIMA,Peru,1709,in,unspecified,VENIDO DE FUERA,OCHO,False,30355.0,30355.0,False
LIMA,Peru,1709,in,unspecified,VENIDO DE FUERA,ENSAYADOS,False,154524.0,255646.32,False
LIMA,Peru,1710,out,Valdivia,SITUADO DE VALDIVIA,OCHO,False,31734.0,31734.0,False
LIMA,Peru,1710,in,unspecified,VENIDO DE FUERA,OCHO,False,13594.0,13594.0,False
LIMA,Peru,1710,in,unspecified,VENIDO DE FUERA,ENSAYADOS,False,104282.0,172525.37,False
LIMA,Peru,1711,out,Panama,SITUADO DE PANAMA,OCHO,False,111414.0,111414.0,False
LIMA,Peru,1711,out,Valdivia,SITUADO DE VALDIVIA,OCHO,False,32500.0,32500.0,False
LIMA,Peru,1711,in,unspecified,VENIDO DE FUERA,OCHO,False,56605.0,56605.0,False
LIMA,Peru,1711,in,unspecified,VENIDO DE FUERA,ENSAYADOS,False,105473.0,174495.77,False
LIMA,Peru,1712,out,Panama,SITUADO DE PANAMA,OCHO,False,123000.0,123000.0,False
LIMA,Peru,1712,out,Valdivia,SITUADO DE VALDIVIA,OCHO,False,34513.0,34513.0,False
LIMA,Peru,1712,in,unspecified,VENIDO DE FUERA,OCHO,False,119027.0,119027.0,False
LIMA,Peru,1712,in,unspecified,VENIDO DE FUERA,ENSAYADOS,False,48809.0,80750.18,False
LIMA,Peru,1713,out,Panama,SITUADO DE PANAMA,OCHO,False,8200.0,8200.0,False
LIMA,Peru,1713,out,Valdivia,SITUADO DE VALDIVIA,OCHO,False,37500.0,37500.0,False
LIMA,Peru,1713,in,unspecified,VENIDO DE FUERA,OCHO,False,93163.0,93163.0,False
LIMA,Peru,1713,in,unspecified,VENIDO DE FUERA,ENSAYADOS,False,35705.0,59070.77,False
LIMA,Peru,1714,out,Panama,SITUADO DE PANAMA,OCHO,False,1563.0,1563.0,False
LIMA,Peru,1714,out,Valdivia,SITUADO DE VALDIVIA,OCHO,False,39138.0,39138.0,False
LIMA,Peru,1714,in,unspecified,VENIDO DE FUERA,OCHO,False,9037.0,9037.0,False
LIMA,Peru,1714,in,unspecified,VENIDO DE FUERA,ENSAYADOS,False,812.0,1343.38,False
LIMA,Peru,1715,out,Panama,SITUADO DE PANAMA,OCHO,False,5670.0,5670.0,False
LIMA,Peru,1715,out,Valdivia,SITUADO DE VALDIVIA,OCHO,False,33431.0,33431.0,False
LIMA,Peru,1715,in,unspecified,VENIDO DE FUERA,OCHO,False,15968.0,15968.0,False
LIMA,Peru,1715,in,unspecified,VENIDO DE FUERA,ENSAYADOS,False,1483.0,2453.49,False
LIMA,Peru,1716,out,Panama,SITUADO DE PANAMA,OCHO,False,21758.0,21758.0,False
LIMA,Peru,1716,out,Valdivia,SITUADO DE VALDIVIA,OCHO,False,35754.0,35754.0,False
LIMA,Peru,1716,in,unspecified,VENIDO DE FUERA,OCHO,False,1440.0,1440.0,False
LIMA,Peru,1716,in,unspecified,VENIDO DE FUERA,ENSAYADOS,False,44024.0,72833.82,False
LIMA,Peru,1717,out,Spain,REMITIDO A CASTILLA,OCHO,False,60042.0,60042.0,False
LIMA,Peru,1717,out,Chile,SITUADO DE CHILE,OCHO,False,20000.0,20000.0,False
LIMA,Peru,1717,out,Panama,SITUADO DE PANAMA,OCHO,False,50000.0,50000.0,False
LIMA,Peru,1717,out,Valdivia,SITUADO DE VALDIVIA,OCHO,False,25257.0,25257.0,False
LIMA,Peru,1717,in,unspecified,VENIDO DE FUERA,OCHO,False,14615.0,14615.0,False
LIMA,Peru,1717,in,unspecified,VENIDO DE FUERA,ENSAYADOS,False,9769.0,16161.95,False
LIMA,Peru,1718,out,Spain,REMITIDO A CASTILLA,OCHO,False,17369.0,17369.0,False
LIMA,Peru,1718,out,Chile,SITUADO DE CHILE,OCHO,False,11272.0,11272.0,False
LIMA,Peru,1718,out,Panama,SITUADO DE PANAMA,OCHO,False,2847.0,2847.0,False
LIMA,Peru,1718,out,Valdivia,SITUADO DE VALDIVIA,OCHO,False,64983.0,64983.0,False
LIMA,Peru,1718,in,unspecified,VENIDO DE FUERA,OCHO,False,119918.0,119918.0,False
LIMA,Peru,1718,in,unspecified,VENIDO DE FUERA,ENSAYADOS,False,61641.0,101979.6,False
LIMA,Peru,1719,out,Chile,SITUADO DE CHILE,OCHO,False,31020.0,31020.0,False
LIMA,Peru,1719,out,Panama,SITUADO DE PANAMA,OCHO,False,101600.0,101600.0,False
LIMA,Peru,1719,out,Valdivia,SITUADO DE VALDIVIA,OCHO,False,75763.0,75763.0,False
LIMA,Peru,1719,in,unspecified,VENIDO DE FUERA,OCHO,False,127731.0,127731.0,False
LIMA,Peru,1719,in,unspecified,VENIDO DE FUERA,ENSAYADOS,False,318556.0,527022.79,False
LIMA,Peru,1720,out,Valdivia,SITUADO DE VALDIVIA,OCHO,False,28500.0,28500.0,False
LIMA,Peru,1720,in,unspecified,VENIDO DE FUERA,OCHO,False,6836.0,6836.0,False
LIMA,Peru,1721,out,Spain,REMITIDO A CASTILLA,OCHO,False,30400.0,30400.0,False
LIMA,Peru,1721,out,Spain,REMITIDO A CASTILLA,ENSAYADOS,False,774.0,1280.51,False
LIMA,Peru,1721,out,Chile,SITUADO DE CHILE,OCHO,False,209322.0,209322.0,False
LIMA,Peru,1721,out,Valdivia,SITUADO DE VALDIVIA,OCHO,False,136097.0,136097.0,False
LIMA,Peru,1721,in,unspecified,VENIDO DE FUERA,OCHO,False,412602.0,412602.0,False
LIMA,Peru,1721,in,unspecified,VENIDO DE FUERA,ENSAYADOS,False,132346.0,218954.78,False
LIMA,Peru,1722,out,Chile,SITUADO DE CHILE,OCHO,False,43665.0,43665.0,False
LIMA,Peru,1722,in,unspecified,VENIDO DE FUERA,OCHO,False,118819.0,118819.0,False
LIMA,Peru,1722,in,unspecified,VENIDO DE FUERA,ENSAYADOS,False,52339.0,86590.26,False
LIMA,Peru,1722,out,Valdivia,SITUADO DE VALDIVIA,OCHO,False,10000.0,10000.0,False
LIMA,Peru,1723,out,Chile,SITUADO DE CHILE,OCHO,False,87995.0,87995.0,False
LIMA,Peru,1723,out,Panama,SITUADO DE PANAMA,OCHO,False,80700.0,80700.0,False
LIMA,Peru,1723,out,Valdivia,SITUADO DE VALDIVIA,OCHO,False,72934.0,72934.0,False
LIMA,Peru,1723,in,unspecified,VENIDO DE FUERA,OCHO,False,226015.0,226015.0,False
LIMA,Peru,1723,in,unspecified,VENIDO DE FUERA,ENSAYADOS,False,149427.0,247213.79,False
LIMA,Peru,1724,out,Chile,SITUADO DE CHILE,OCHO,False,12000.0,12000.0,False
LIMA,Peru,1724,out,Panama,SITUADO DE PANAMA,OCHO,False,128280.0,128280.0,False
LIMA,Peru,1724,out,Valdivia,SITUADO DE VALDIVIA,OCHO,False,4480.0,4480.0,False
LIMA,Peru,1724,in,unspecified,VENIDO DE FUERA,OCHO,False,632319.0,632319.0,False
LIMA,Peru,1725,out,Spain,REMITIDO A CASTILLA,OCHO,False,202000.0,202000.0,False
LIMA,Peru,1725,out,Chile,SITUADO DE CHILE,OCHO,False,57953.0,57953.0,False
LIMA,Peru,1725,out,Panama,SITUADO DE PANAMA,OCHO,False,100100.0,100100.0,False
LIMA,Peru,1725,in,unspecified,VENIDO DE FUERA,OCHO,False,337668.0,337668.0,False
LIMA,Peru,1725,out,Valdivia,SITUADO DE VALDIVIA,OCHO,False,58200.0,58200.0,False
LIMA,Peru,1726,out,Spain,REMITIDO A CASTILLA,OCHO,False,100000.0,100000.0,False
LIMA,Peru,1726,in,unspecified,VENIDO DE FUERA,OCHO,False,320125.0,320125.0,False
LIMA,Peru,1726,out,Chile,SITUADO DE CHILE,OCHO,False,8800.0,8800.0,False
LIMA,Peru,1726,out,Panama,SITUADO DE PANAMA,OCHO,False,50000.0,50000.0,False
LIMA,Peru,1726,out,Valdivia,SITUADO DE VALDIVIA,OCHO,False,17700.0,17700.0,False
LIMA,Peru,1727,out,Chile,SITUADO DE CHILE,OCHO,False,106000.0,106000.0,False
LIMA,Peru,1727,out,Panama,SITUADO DE PANAMA,OCHO,False,112744.0,112744.0,False
LIMA,Peru,1727,in,unspecified,VENIDO DE FUERA,OCHO,False,707985.0,707985.0,False
LIMA,Peru,1727,out,Valdivia,SITUADO DE VALDIVIA,OCHO,False,103480.0,103480.0,False
LIMA,Peru,1728,out,Spain,REMITIDO A CASTILLA,OCHO,False,600000.0,600000.0,False
LIMA,Peru,1728,out,Chile,SITUADO DE CHILE,OCHO,False,103000.0,103000.0,False
LIMA,Peru,1728,out,Panama,SITUADO DE PANAMA,OCHO,False,100600.0,100600.0,False
LIMA,Peru,1728,out,Valdivia,SITUADO DE VALDIVIA,OCHO,False,47999.0,47999.0,False
LIMA,Peru,1728,in,unspecified,VENIDO DE FUERA,OCHO,False,592172.0,592172.0,False
LIMA,Peru,1729,out,Spain,REMITIDO A CASTILLA,OCHO,False,400000.0,400000.0,False
LIMA,Peru,1729,out,Panama,SITUADO DE PANAMA,OCHO,False,50923.0,50923.0,False
LIMA,Peru,1729,out,Valdivia,SITUADO DE VALDIVIA,OCHO,False,49948.0,49948.0,False
LIMA,Peru,1729,in,unspecified,VENIDO DE FUERA,OCHO,False,599914.0,599914.0,False
LIMA,Peru,1730,out,Spain,REMITIDO A CASTILLA,OCHO,False,302000.0,302000.0,False
LIMA,Peru,1730,out,Chile,SITUADO DE CHILE,OCHO,False,103082.0,103082.0,False
LIMA,Peru,1730,out,Panama,SITUADO DE PANAMA,OCHO,False,124000.0,124000.0,False
LIMA,Peru,1730,out,Valdivia,SITUADO DE VALDIVIA,OCHO,False,70744.0,70744.0,False
LIMA,Peru,1730,in,unspecified,VENIDO DE FUERA,OCHO,False,617733.0,617733.0,False
LIMA,Peru,1731,out,Chile,SITUADO DE CHILE,OCHO,False,6000.0,6000.0,False
LIMA,Peru,1731,out,Panama,SITUADO DE PANAMA,OCHO,False,62318.0,62318.0,False
LIMA,Peru,1731,out,Valdivia,SITUADO DE VALDIVIA,OCHO,False,48834.0,48834.0,False
LIMA,Peru,1731,in,unspecified,VENIDO DE FUERA,OCHO,False,544647.0,544647.0,False
LIMA,Peru,1732,out,Spain,REMITIDO A CASTILLA,OCHO,False,200000.0,200000.0,False
LIMA,Peru,1732,out,Chile,SITUADO DE CHILE,OCHO,False,56105.0,56105.0,False
LIMA,Peru,1732,out,Panama,SITUADO DE PANAMA,OCHO,False,50300.0,50300.0,False
LIMA,Peru,1732,out,Valdivia,SITUADO DE VALDIVIA,OCHO,False,45173.0,45173.0,False
LIMA,Peru,1732,in,unspecified,VENIDO DE FUERA,OCHO,False,519336.0,519336.0,False
LIMA,Peru,1733,out,Spain,REMITIDO A CASTILLA,OCHO,False,200000.0,200000.0,False
LIMA,Peru,1733,out,Chile,SITUADO DE CHILE,OCHO,False,60995.0,60995.0,False
LIMA,Peru,1733,out,Panama,SITUADO DE PANAMA,OCHO,False,100600.0,100600.0,False
LIMA,Peru,1733,out,Valdivia,SITUADO DE VALDIVIA,OCHO,False,27917.0,27917.0,False
LIMA,Peru,1733,in,unspecified,VENIDO DE FUERA,OCHO,False,370662.0,370662.0,False
LIMA,Peru,1734,out,Chile,SITUADO DE CHILE,OCHO,False,51700.0,51700.0,False
LIMA,Peru,1734,out,Panama,SITUADO DE PANAMA,OCHO,False,50300.0,50300.0,False
LIMA,Peru,1734,out,Valdivia,SITUADO DE VALDIVIA,OCHO,False,37284.0,37284.0,False
LIMA,Peru,1734,in,unspecified,VENIDO DE FUERA,OCHO,False,381300.0,381300.0,False
LIMA,Peru,1735,out,Spain,REMITIDO A CASTILLA,OCHO,False,200000.0,200000.0,False
LIMA,Peru,1735,out,Chile,SITUADO DE CHILE,OCHO,False,2419.0,2419.0,False
LIMA,Peru,1735,out,Panama,SITUADO DE PANAMA,OCHO,False,101664.0,101664.0,False
LIMA,Peru,1735,out,Valdivia,SITUADO DE VALDIVIA,OCHO,False,26000.0,26000.0,False
LIMA,Peru,1735,in,unspecified,VENIDO DE FUERA,OCHO,False,374799.0,374799.0,False
LIMA,Peru,1736,out,Chile,SITUADO DE CHILE,OCHO,False,50000.0,50000.0,False
LIMA,Peru,1736,out,Panama,SITUADO DE PANAMA,OCHO,False,50300.0,50300.0,False
LIMA,Peru,1736,out,Valdivia,SITUADO DE VALDIVIA,OCHO,False,72722.0,72722.0,False
LIMA,Peru,1736,in,unspecified,VENIDO DE FUERA,OCHO,False,419684.0,419684.0,False
LIMA,Peru,1737,out,Spain,REMITIDO A CASTILLA,OCHO,False,241227.0,241227.0,False
LIMA,Peru,1737,in,unspecified,VENIDO DE FUERA,OCHO,False,73762.0,73762.0,False
LIMA,Peru,1737,out,Panama,SITUADO DE PANAMA,OCHO,False,112750.0,112750.0,False
LIMA,Peru,1737,out,Valdivia,SITUADO DE VALDIVIA,OCHO,False,16384.0,16384.0,False
LIMA,Peru,1738,out,Spain,REMITIDO A CASTILLA,OCHO,False,586045.0,586045.0,False
LIMA,Peru,1738,out,Chile,SITUADO DE CHILE,OCHO,False,51242.0,51242.0,False
LIMA,Peru,1738,out,Panama,SITUADO DE PANAMA,OCHO,False,100000.0,100000.0,False
LIMA,Peru,1738,out,Valdivia,SITUADO DE VALDIVIA,OCHO,False,69044.0,69044.0,False
LIMA,Peru,1738,in,unspecified,VENIDO DE FUERA,OCHO,False,186472.0,186472.0,False
LIMA,Peru,1739,out,Chile,SITUADO DE CHILE,OCHO,False,50000.0,50000.0,False
LIMA,Peru,1739,out,Valdivia,SITUADO DE VALDIVIA,OCHO,False,32000.0,32000.0,False
LIMA,Peru,1739,in,unspecified,VENIDO DE FUERA,OCHO,False,124049.0,124049.0,False
LIMA,Peru,1740,out,Chile,SITUADO DE CHILE,OCHO,False,50847.0,50847.0,False
LIMA,Peru,1740,out,Panama,SITUADO DE PANAMA,OCHO,False,7170.0,7170.0,False
LIMA,Peru,1740,out,Valdivia,SITUADO DE VALDIVIA,OCHO,False,50572.0,50572.0,False
LIMA,Peru,1740,in,unspecified,VENIDO DE FUERA,OCHO,False,217087.0,217087.0,False
LIMA,Peru,1741,out,Chile,SITUADO DE CHILE,OCHO,False,48667.0,48667.0,False
LIMA,Peru,1741,out,Panama,SITUADO DE PANAMA,OCHO,False,55138.0,55138.0,False
LIMA,Peru,1741,out,Valdivia,SITUADO DE VALDIVIA,OCHO,False,27333.0,27333.0,False
LIMA,Peru,1741,in,unspecified,VENIDO DE FUERA,OCHO,False,254230.0,254230.0,False
LIMA,Peru,1742,out,Panama,SITUADO DE PANAMA,OCHO,False,100000.0,100000.0,False
LIMA,Peru,1742,out,Valdivia,SITUADO DE VALDIVIA,OCHO,False,9250.0,9250.0,False
LIMA,Peru,1742,in,unspecified,VENIDO DE FUERA,OCHO,False,170789.0,170789.0,False
LIMA,Peru,1743,out,Concepcion,SITUADO DE LA CONCEPCION,OCHO,False,100000.0,100000.0,False
LIMA,Peru,1743,out,Panama,SITUADO DE PANAMA,OCHO,False,69000.0,69000.0,False
LIMA,Peru,1743,out,Valdivia,SITUADO DE VALDIVIA,OCHO,False,29000.0,29000.0,False
LIMA,Peru,1743,in,unspecified,VENIDO DE FUERA,OCHO,False,76866.0,76866.0,False
LIMA,Peru,1744,out,Spain,REMITIDO A CASTILLA,OCHO,False,25000.0,25000.0,False
LIMA,Peru,1744,out,Concepcion,SITUADO DE LA CONCEPCION,OCHO,False,50000.0,50000.0,False
LIMA,Peru,1744,out,Panama,SITUADO DE PANAMA,OCHO,False,105300.0,105300.0,False
LIMA,Peru,1744,out,Valdivia,SITUADO DE VALDIVIA,OCHO,False,79811.0,79811.0,False
LIMA,Peru,1744,in,unspecified,VENIDO DE FUERA,OCHO,False,106931.0,106931.0,False
LIMA,Peru,1745,out,Spain,REMITIDO A CASTILLA,OCHO,False,500000.0,500000.0,False
LIMA,Peru,1745,out,Panama,SITUADO DE PANAMA,OCHO,False,45000.0,45000.0,False
LIMA,Peru,1745,out,Valdivia,SITUADO DE VALDIVIA,OCHO,False,11813.0,11813.0,False
LIMA,Peru,1745,in,unspecified,VENIDO DE FUERA,OCHO,False,85962.0,85962.0,False
LIMA,Peru,1746,out,Spain,REMITIDO A CASTILLA,OCHO,False,20000.0,20000.0,False
LIMA,Peru,1746,out,Concepcion,SITUADO DE LA CONCEPCION,OCHO,False,119362.0,119362.0,False
LIMA,Peru,1746,out,Panama,SITUADO DE PANAMA,OCHO,False,15000.0,15000.0,False
LIMA,Peru,1746,out,Valdivia,SITUADO DE VALDIVIA,OCHO,False,167696.0,167696.0,False
LIMA,Peru,1746,in,unspecified,VENIDO DE FUERA,OCHO,False,154444.0,154444.0,False
LIMA,Peru,1747,out,Concepcion,SITUADO DE LA CONCEPCION,OCHO,False,87439.0,87439.0,False
LIMA,Peru,1747,out,Panama,SITUADO DE PANAMA,OCHO,False,100420.0,100420.0,False
LIMA,Peru,1747,out,Valdivia,SITUADO DE VALDIVIA,OCHO,False,70834.0,70834.0,False
LIMA,Peru,1747,in,unspecified,VENIDO DE FUERA,OCHO,False,72872.0,72872.0,False
LIMA,Peru,1748,out,Concepcion,SITUADO DE LA CONCEPCION,OCHO,False,136000.0,136000.0,False
LIMA,Peru,1748,out,Panama,SITUADO DE PANAMA,OCHO,False,149774.0,149774.0,False
LIMA,Peru,1748,out,Valdivia,SITUADO DE VALDIVIA,OCHO,False,76321.0,76321.0,False
LIMA,Peru,1748,in,unspecified,VENIDO DE FUERA,OCHO,False,267429.0,267429.0,False
LIMA,Peru,1749,out,Concepcion,SITUADO DE LA CONCEPCION,OCHO,False,92500.0,92500.0,False
LIMA,Peru,1749,out,Panama,SITUADO DE PANAMA,OCHO,False,100300.0,100300.0,False
LIMA,Peru,1749,out,Valdivia,SITUADO DE VALDIVIA,OCHO,False,74211.0,74211.0,False
LIMA,Peru,1749,in,unspecified,VENIDO DE FUERA,OCHO,False,331897.0,331897.0,False
LIMA,Peru,1750,out,Concepcion,SITUADO DE LA CONCEPCION,OCHO,False,401170.0,401170.0,False
LIMA,Peru,1750,out,Panama,SITUADO DE PANAMA,OCHO,False,100150.0,100150.0,False
LIMA,Peru,1750,out,Valdivia,SITUADO DE VALDIVIA,OCHO,False,82094.0,82094.0,False
LIMA,Peru,1750,in,unspecified,VENIDO DE FUERA,OCHO,False,396087.0,396087.0,False
LIMA,Peru,1751,out,Concepcion,SITUADO DE LA CONCEPCION,OCHO,False,112012.0,112012.0,False
LIMA,Peru,1751,out,Panama,SITUADO DE PANAMA,OCHO,False,100150.0,100150.0,False
LIMA,Peru,1751,out,Valdivia,SITUADO DE VALDIVIA,OCHO,False,71786.0,71786.0,False
LIMA,Peru,1751,in,unspecified,VENIDO DE FUERA,OCHO,False,168517.0,168517.0,False
LIMA,Peru,1752,out,Concepcion,SITUADO DE LA CONCEPCION,OCHO,False,95280.0,95280.0,False
LIMA,Peru,1752,out,Panama,SITUADO DE PANAMA,OCHO,False,100000.0,100000.0,False
LIMA,Peru,1752,out,Valdivia,SITUADO DE VALDIVIA,OCHO,False,65786.0,65786.0,False
LIMA,Peru,1752,in,unspecified,VENIDO DE FUERA,OCHO,False,183749.0,183749.0,False
LIMA,Peru,1753,out,Concepcion,SITUADO DE LA CONCEPCION,OCHO,False,64231.0,64231.0,False
LIMA,Peru,1753,out,Valdivia,SITUADO DE VALDIVIA,OCHO,False,62882.0,62882.0,False
LIMA,Peru,1753,in,unspecified,VENIDO DE FUERA,OCHO,False,204613.0,204613.0,False
LIMA,Peru,1754,out,Chiloe,SITUADO DE CHILOE,OCHO,False,360.0,360.0,False
LIMA,Peru,1754,out,Concepcion,SITUADO DE LA CONCEPCION,OCHO,False,60678.0,60678.0,False
LIMA,Peru,1754,out,Panama,SITUADO DE PANAMA,OCHO,False,28000.0,28000.0,False
LIMA,Peru,1754,out,Valdivia,SITUADO DE VALDIVIA,OCHO,False,42243.0,42243.0,False
LIMA,Peru,1754,in,unspecified,VENIDO DE FUERA,OCHO,False,202757.0,202757.0,False
LIMA,Peru,1755,out,Chiloe,SITUADO DE CHILOE,OCHO,False,33985.0,33985.0,False
LIMA,Peru,1755,out,Panama,SITUADO DE PANAMA,OCHO,False,50000.0,50000.0,False
LIMA,Peru,1755,out,Valdivia,SITUADO DE VALDIVIA,OCHO,False,50692.0,50692.0,False
LIMA,Peru,1755,in,unspecified,VENIDO DE FUERA,OCHO,False,230993.0,230993.0,False
LIMA,Peru,1756,out,Panama,SITUADO DE PANAMA,OCHO,False,65000.0,65000.0,False
LIMA,Peru,1756,out,Valdivia,SITUADO DE VALDIVIA,OCHO,False,50692.0,50692.0,False
LIMA,Peru,1756,in,unspecified,VENIDO DE FUERA,OCHO,False,204722.0,204722.0,False
LIMA,Peru,1757,out,Chiloe,SITUADO DE CHILOE,OCHO,False,24661.0,24661.0,False
LIMA,Peru,1757,out,Panama,SITUADO DE PANAMA,OCHO,False,100000.0,100000.0,False
LIMA,Peru,1757,out,Valdivia,SITUADO DE VALDIVIA,OCHO,False,50692.0,50692.0,False
LIMA,Peru,1757,in,unspecified,VENIDO DE FUERA,OCHO,False,93014.0,93014.0,False
LIMA,Peru,1758,out,Chiloe,SITUADO DE CHILOE,OCHO,False,12331.0,12331.0,False
LIMA,Peru,1758,out,Panama,SITUADO DE PANAMA,OCHO,False,100000.0,100000.0,False
LIMA,Peru,1758,out,Valdivia,SITUADO DE VALDIVIA,OCHO,False,44230.0,44230.0,False
LIMA,Peru,1758,in,unspecified,VENIDO DE FUERA,OCHO,False,277597.0,277597.0,False
LIMA,Peru,1759,out,Chiloe,SITUADO DE CHILOE,OCHO,False,12331.0,12331.0,False
LIMA,Peru,1759,out,Panama,SITUADO DE PANAMA,OCHO,False,100000.0,100000.0,False
LIMA,Peru,1759,out,Valdivia,SITUADO DE VALDIVIA,OCHO,False,57154.0,57154.0,False
LIMA,Peru,1759,in,unspecified,VENIDO DE FUERA,OCHO,False,158444.0,158444.0,False
LIMA,Peru,1760,out,Chiloe,SITUADO DE CHILOE,OCHO,False,12331.0,12331.0,False
LIMA,Peru,1760,out,Panama,SITUADO DE PANAMA,OCHO,False,100000.0,100000.0,False
LIMA,Peru,1760,out,Valdivia,SITUADO DE VALDIVIA,OCHO,False,50842.0,50842.0,False
LIMA,Peru,1760,in,unspecified,VENIDO DE FUERA,OCHO,False,252123.0,252123.0,False
LIMA,Peru,1761,out,Chiloe,SITUADO DE CHILOE,OCHO,False,12329.0,12329.0,False
LIMA,Peru,1761,out,Panama,SITUADO DE PANAMA,OCHO,False,100000.0,100000.0,False
LIMA,Peru,1761,out,Valdivia,SITUADO DE VALDIVIA,OCHO,False,50842.0,50842.0,False
LIMA,Peru,1761,in,unspecified,VENIDO DE FUERA,OCHO,False,314943.0,314943.0,False
LIMA,Peru,1762,out,Chiloe,SITUADO DE CHILOE,OCHO,False,12331.0,12331.0,False
LIMA,Peru,1762,out,Panama,SITUADO DE PANAMA,OCHO,False,327875.0,327875.0,False
LIMA,Peru,1762,out,Valdivia,SITUADO DE VALDIVIA,OCHO,False,51792.0,51792.0,False
LIMA,Peru,1762,in,unspecified,VENIDO DE FUERA,OCHO,False,605165.0,605165.0,False
LIMA,Peru,1763,out,Chiloe,SITUADO DE CHILOE,OCHO,False,10107.0,10107.0,False
LIMA,Peru,1763,out,Panama,SITUADO DE PANAMA,OCHO,False,175000.0,175000.0,False
LIMA,Peru,1763,out,Valdivia,SITUADO DE VALDIVIA,OCHO,False,51792.0,51792.0,False
LIMA,Peru,1763,in,unspecified,VENIDO DE FUERA,OCHO,False,256854.0,256854.0,False
LIMA,Peru,1764,out,Chiloe,SITUADO DE CHILOE,OCHO,False,23940.0,23940.0,False
LIMA,Peru,1764,out,Panama,SITUADO DE PANAMA,OCHO,False,202740.0,202740.0,False
LIMA,Peru,1764,out,Valdivia,SITUADO DE VALDIVIA,OCHO,False,50992.0,50992.0,False
LIMA,Peru,1764,in,unspecified,VENIDO DE FUERA,OCHO,False,175581.0,175581.0,False
LIMA,Peru,1765,out,Chiloe,SITUADO DE CHILOE,OCHO,False,12331.0,12331.0,False
LIMA,Peru,1765,out,Panama,SITUADO DE PANAMA,OCHO,False,191430.0,191430.0,False
LIMA,Peru,1765,out,Valdivia,SITUADO DE VALDIVIA,OCHO,False,50992.0,50992.0,False
LIMA,Peru,1765,in,unspecified,VENIDO DE FUERA,OCHO,False,741729.0,741729.0,False
LIMA,Peru,1766,out,Chiloe,SITUADO DE CHILOE,OCHO,False,12294.0,12294.0,False
LIMA,Peru,1766,out,Panama,SITUADO DE PANAMA,OCHO,False,200000.0,200000.0,False
LIMA,Peru,1766,out,Valdivia,SITUADO DE VALDIVIA,OCHO,False,50992.0,50992.0,False
LIMA,Peru,1766,in,unspecified,VENIDO DE FUERA,OCHO,False,517687.0,517687.0,False
LIMA,Peru,1767,out,Chiloe,SITUADO DE CHILOE,OCHO,False,12294.0,12294.0,False
LIMA,Peru,1767,out,Panama,SITUADO DE PANAMA,OCHO,False,506764.0,506764.0,False
LIMA,Peru,1767,out,Valdivia,SITUADO DE VALDIVIA,OCHO,False,50992.0,50992.0,False
LIMA,Peru,1767,in,unspecified,VENIDO DE FUERA,OCHO,False,494091.0,494091.0,False
LIMA,Peru,1768,out,Chiloe,SITUADO DE CHILOE,OCHO,False,16268.0,16268.0,False
LIMA,Peru,1768,out,Panama,SITUADOS DE PANAMA Y VALDIVIA,OCHO,False,95000.0,95000.0,False
LIMA,Peru,1768,in,unspecified,VENIDO DE FUERA,OCHO,False,374850.0,374850.0,False
LIMA,Peru,1769,out,Chiloe,SITUADO DE CHILOE,OCHO,False,23914.0,23914.0,False
LIMA,Peru,1769,out,Panama,SITUADO DE PANAMA,OCHO,False,317413.0,317413.0,False
LIMA,Peru,1769,out,Valdivia,SITUADO DE VALDIVIA,OCHO,False,49242.0,49242.0,False
LIMA,Peru,1769,in,unspecified,VENIDO DE FUERA,OCHO,False,284006.0,284006.0,False
LIMA,Peru,1770,out,Chiloe,SITUADO DE CHILOE,OCHO,False,17095.0,17095.0,False
LIMA,Peru,1770,out,Panama,SITUADO DE PANAMA,OCHO,False,414602.0,414602.0,False
LIMA,Peru,1770,out,Valdivia,SITUADO DE VALDIVIA,OCHO,False,50570.0,50570.0,False
LIMA,Peru,1770,in,unspecified,VENIDO DE FUERA,OCHO,False,393956.0,393956.0,False
LIMA,Peru,1771,out,Chiloe,SITUADO DE CHILOE,OCHO,False,21725.0,21725.0,False
LIMA,Peru,1771,out,Panama,SITUADO DE PANAMA,OCHO,False,102000.0,102000.0,False
LIMA,Peru,1771,out,Valdivia,SITUADO DE VALDIVIA,OCHO,False,49036.0,49036.0,False
LIMA,Peru,1771,in,unspecified,VENIDO DE FUERA,OCHO,False,440544.0,440544.0,False
LIMA,Peru,1772,out,Chiloe,SITUADO DE CHILOE,OCHO,False,18642.0,18642.0,False
LIMA,Peru,1772,out,Panama,SITUADO DE PANAMA,OCHO,False,545074.0,545074.0,False
LIMA,Peru,1772,out,Valdivia,SITUADO DE VALDIVIA,OCHO,False,52820.0,52820.0,False
LIMA,Peru,1772,in,unspecified,VENIDO DE FUERA,OCHO,False,872063.0,872063.0,False
LIMA,Peru,1773,out,Chiloe,SITUADO DE CHILOE,OCHO,False,20732.0,20732.0,False
LIMA,Peru,1773,out,Panama,SITUADO DE PANAMA,OCHO,False,20000.0,20000.0,False
LIMA,Peru,1773,out,Valdivia,SITUADO DE VALDIVIA,OCHO,False,50014.0,50014.0,False
LIMA,Peru,1773,in,unspecified,VENIDO DE FUERA,OCHO,False,471138.0,471138.0,False
LIMA,Peru,1774,out,Chiloe,SITUADO DE CHILOE,OCHO,False,21115.0,21115.0,False
LIMA,Peru,1774,out,Panama,SITUADO DE PANAMA,OCHO,False,400002.0,400002.0,False
LIMA,Peru,1774,out,Valdivia,SITUADO DE VALDIVIA,OCHO,False,54238.0,54238.0,False
LIMA,Peru,1774,in,unspecified,VENIDO DE FUERA,OCHO,False,627628.0,627628.0,False
LIMA,Peru,1775,out,Chiloe,SITUADO DE CHILOE,OCHO,False,24100.0,24100.0,False
LIMA,Peru,1775,out,Valdivia,SITUADO DE VALDIVIA,OCHO,False,52590.0,52590.0,False
LIMA,Peru,1775,in,unspecified,VENIDO DE FUERA,OCHO,False,598919.0,598919.0,False
LIMA,Peru,1776,out,Chiloe,SITUADO DE CHILOE,OCHO,False,19512.0,19512.0,False
LIMA,Peru,1776,out,Panama,SITUADO DE PANAMA,OCHO,False,608174.0,608174.0,False
LIMA,Peru,1776,out,Valdivia,SITUADO DE VALDIVIA,OCHO,False,51974.0,51974.0,False
LIMA,Peru,1776,in,unspecified,VENIDO DE FUERA,OCHO,False,705395.0,705395.0,False
LIMA,Peru,1777,out,Chiloe,SITUADO DE CHILOE,OCHO,False,21670.0,21670.0,False
LIMA,Peru,1777,out,Valdivia,SITUADO DE VALDIVIA,OCHO,False,51895.0,51895.0,False
LIMA,Peru,1777,in,unspecified,VENIDO DE FUERA,OCHO,False,502893.0,502893.0,False
LIMA,Peru,1778,out,Chiloe,SITUADO DE CHILOE,OCHO,False,18874.0,18874.0,False
LIMA,Peru,1778,out,Panama,SITUADO DE PANAMA,OCHO,False,843792.0,843792.0,False
LIMA,Peru,1778,out,Valdivia,SITUADO DE VALDIVIA,OCHO,False,50992.0,50992.0,False
LIMA,Peru,1778,in,unspecified,VENIDO DE FUERA,OCHO,False,737688.0,737688.0,False
LIMA,Peru,1779,out,Chiloe,SITUADO DE CHILOE,OCHO,False,30263.0,30263.0,False
LIMA,Peru,1779,out,Valdivia,SITUADO DE VALDIVIA,OCHO,False,52151.0,52151.0,False
LIMA,Peru,1779,in,unspecified,VENIDO DE FUERA,OCHO,False,895045.0,895045.0,False
LIMA,Peru,1780,out,Chiloe,SITUADO DE CHILOE,OCHO,False,26226.0,26226.0,False
LIMA,Peru,1780,out,Panama,SITUADO DE PANAMA,OCHO,False,351887.0,351887.0,False
LIMA,Peru,1780,out,Valdivia,SITUADO DE VALDIVIA,OCHO,False,52055.0,52055.0,False
LIMA,Peru,1780,in,unspecified,VENIDO DE FUERA,OCHO,False,1237816.0,1237816.0,False
LIMA,Peru,1781,in,unspecified,VENIDO DE FUERA,OCHO,False,1044877.0,1044877.0,False
LIMA,Peru,1782,in,unspecified,VENIDO DE FUERA,OCHO,False,844256.0,844256.0,False
LIMA,Peru,1783,out,Chiloe,SITUADO DE CHILOE,OCHO,False,33589.0,33589.0,False
LIMA,Peru,1783,out,Panama,SITUADO DE PANAMA,OCHO,False,293505.0,293505.0,False
LIMA,Peru,1783,out,Valdivia,SITUADO DE VALDIVIA,OCHO,False,52301.0,52301.0,False
LIMA,Peru,1783,in,unspecified,VENIDO DE FUERA,OCHO,False,584507.0,584507.0,False
LIMA,Peru,1784,in,unspecified,VENIDO DE FUERA,OCHO,False,646542.0,646542.0,False
LIMA,Peru,1785,in,unspecified,VENIDO DE FUERA,OCHO,False,961292.0,961292.0,False
LIMA,Peru,1786,in,unspecified,VENIDO DE FUERA,OCHO,False,1085304.0,1085304.0,False
LIMA,Peru,1787,out,unspecified,OTRAS TESORERIAS,OCHO,False,108889.0,108889.0,False
LIMA,Peru,1787,in,unspecified,OTRAS TESORERIAS,OCHO,False,2098635.0,2098635.0,False
LIMA,Peru,1787,out,Chiloe,SITUADO DE CHILOE,OCHO,False,40093.0,40093.0,False
LIMA,Peru,1787,in,Chiloe,SITUADO DE CHILOE,OCHO,False,115.0,115.0,False
LIMA,Peru,1787,out,Panama,SITUADO DE PANAMA,OCHO,False,272273.0,272273.0,False
LIMA,Peru,1787,out,Valdivia,SITUADO DE VALDIVIA,OCHO,False,83877.0,83877.0,False
LIMA,Peru,1788,out,Chiloe,SITUADO DE CHILOE,OCHO,False,41485.0,41485.0,False
LIMA,Peru,1788,out,Panama,SITUADO DE PANAMA,OCHO,False,767327.0,767327.0,False
LIMA,Peru,1788,out,Valdivia,SITUADO DE VALDIVIA,OCHO,False,87090.0,87090.0,False
LIMA,Peru,1789,out,unspecified,OTRAS TESORERIAS,OCHO,False,118697.0,118697.0,False
LIMA,Peru,1789,in,unspecified,OTRAS TESORERIAS,OCHO,False,1551176.0,1551176.0,False
LIMA,Peru,1789,in,Chiloe,SITUADO DE CHILOE,OCHO,False,40.0,40.0,False
LIMA,Peru,1789,in,Valdivia,SITUADO DE VALDIVIA,OCHO,False,5000.0,5000.0,False
LIMA,Peru,1789,out,Chiloe,SITUADO DE CHILOE,OCHO,False,33219.0,33219.0,False
LIMA,Peru,1789,out,Panama,SITUADO DE PANAMA,OCHO,False,294625.0,294625.0,False
LIMA,Peru,1789,out,Valdivia,SITUADO DE VALDIVIA,OCHO,False,96414.0,96414.0,False
LIMA,Peru,1790,in,unspecified,OTRAS TESORERIAS,OCHO,False,1087532.0,1087532.0,False
LIMA,Peru,1790,out,unspecified,OTRAS TESORERIAS,OCHO,False,106474.0,106474.0,False
LIMA,Peru,1790,out,Chiloe,SITUADO DE CHILOE,OCHO,False,88657.0,88657.0,False
LIMA,Peru,1790,out,Panama,SITUADO DE PANAMA,OCHO,False,420.0,420.0,False
LIMA,Peru,1790,out,Valdivia,SITUADO DE VALDIVIA,OCHO,False,87161.0,87161.0,False
LIMA,Peru,1791,in,unspecified,OTRAS TESORERIAS,OCHO,False,1769270.0,1769270.0,False
LIMA,Peru,1791,out,unspecified,OTRAS TESORERIAS,OCHO,False,38937.0,38937.0,False
LIMA,Peru,1791,out,Chiloe,SITUADO DE CHILOE,OCHO,False,54070.0,54070.0,False
LIMA,Peru,1791,out,Panama,SITUADO DE PANAMA,OCHO,False,585818.0,585818.0,False
LIMA,Peru,1791,out,Valdivia,SITUADO DE VALDIVIA,OCHO,False,77009.0,77009.0,False
LIMA,Peru,1792,in,unspecified,OTRAS TESORERIAS,OCHO,False,1935385.0,1935385.0,False
LIMA,Peru,1792,out,unspecified,OTRAS TESORERIAS,OCHO,False,18688.0,18688.0,False
LIMA,Peru,1792,out,Chiloe,SITUADO DE CHILOE,OCHO,False,66408.0,66408.0,False
LIMA,Peru,1792,out,Panama,SITUADO DE PANAMA,OCHO,False,269279.0,269279.0,False
LIMA,Peru,1792,out,Valdivia,SITUADO DE VALDIVIA,OCHO,False,87481.0,87481.0,False
LIMA,Peru,1793,in,unspecified,OTRAS TESORERIAS,OCHO,False,1595906.0,1595906.0,False
LIMA,Peru,1793,out,Chiloe,SITUADO DE CHILOE,OCHO,False,71915.0,71915.0,False
LIMA,Peru,1793,out,Panama,SITUADO DE PANAMA,OCHO,False,521610.0,521610.0,False
LIMA,Peru,1793,out,Valdivia,SITUADO DE VALDIVIA,OCHO,False,95066.0,95066.0,False
LIMA,Peru,1794,in,unspecified,OTRAS TESORERIAS,OCHO,False,1678706.0,1678706.0,False
LIMA,Peru,1794,out,unspecified,OTRAS TESORERIAS,OCHO,False,6224.0,6224.0,False
LIMA,Peru,1794,out,Chiloe,SITUADO DE CHILOE,OCHO,False,49641.0,49641.0,False
LIMA,Peru,1794,out,Panama,SITUADO DE PANAMA,OCHO,False,1420.0,1420.0,False
LIMA,Peru,1794,out,Valdivia,SITUADO DE VALDIVIA,OCHO,False,105993.0,105993.0,False
LIMA,Peru,1795,in,unspecified,OTRAS TESORERIAS,OCHO,False,1522950.0,1522950.0,False
LIMA,Peru,1795,out,Chiloe,SITUADO DE CHILOE,OCHO,False,20870.0,20870.0,False
LIMA,Peru,1795,out,Panama,SITUADO DE PANAMA,OCHO,False,87791.0,87791.0,False
LIMA,Peru,1795,out,Valdivia,SITUADO DE VALDIVIA,OCHO,False,101187.0,101187.0,False
LIMA,Peru,1796,in,unspecified,OTRAS TESORERIAS,OCHO,False,1675054.0,1675054.0,False
LIMA,Peru,1796,out,Chiloe,SITUADO DE CHILOE,OCHO,False,72376.0,72376.0,False
LIMA,Peru,1796,out,Valdivia,SITUADO DE VALDIVIA,OCHO,False,111018.0,111018.0,False
LIMA,Peru,1797,in,unspecified,OTRAS TESORERIAS,OCHO,False,1671317.0,1671317.0,False
LIMA,Peru,1797,out,Chiloe,SITUADO DE CHILOE,OCHO,False,77918.0,77918.0,False
LIMA,Peru,1797,out,Valdivia,SITUADO DE VALDIVIA,OCHO,False,85585.0,85585.0,False
LIMA,Peru,1798,in,unspecified,OTRAS TESORERIAS,OCHO,False,1440249.0,1440249.0,False
LIMA,Peru,1798,out,Chiloe,SITUADO DE CHILOE,OCHO,False,5826.0,5826.0,False
LIMA,Peru,1798,out,Panama,SITUADO DE PANAMA,OCHO,False,131061.0,131061.0,False
LIMA,Peru,1798,out,Valdivia,SITUADO DE VALDIVIA,OCHO,False,9726.0,9726.0,False
LIMA,Peru,1799,in,unspecified,OTRAS TESORERIAS,OCHO,False,1475104.0,1475104.0,False
LIMA,Peru,1799,out,Chiloe,SITUADO DE CHILOE,OCHO,False,23686.0,23686.0,False
LIMA,Peru,1799,out,Panama,SITUADO DE PANAMA,OCHO,False,262113.0,262113.0,False
LIMA,Peru,1799,out,Valdivia,SITUADO DE VALDIVIA,OCHO,False,56846.0,56846.0,False
LIMA,Peru,1800,in,unspecified,OTRAS TESORERIAS,OCHO,False,1739116.0,1739116.0,False
LIMA,Peru,1800,out,Chiloe,SITUADO DE CHILOE,OCHO,False,24108.0,24108.0,False
LIMA,Peru,1800,out,Panama,SITUADO DE PANAMA,OCHO,False,260213.0,260213.0,False
LIMA,Peru,1800,out,Valdivia,SITUADO DE VALDIVIA,OCHO,False,165518.0,165518.0,False
LIMA,Peru,1801,in,unspecified,OTRAS TESORERIAS,OCHO,False,1395060.0,1395060.0,False
LIMA,Peru,1801,out,Chiloe,SITUADO DE CHILOE,OCHO,False,7506.0,7506.0,False
LIMA,Peru,1801,out,Panama,SITUADO DE PANAMA,OCHO,False,130487.0,130487.0,False
LIMA,Peru,1801,out,Valdivia,SITUADO DE VALDIVIA,OCHO,False,116450.0,116450.0,False
LIMA,Peru,1802,in,unspecified,OTRAS TESORERIAS,OCHO,False,1718734.0,1718734.0,False
LIMA,Peru,1802,out,Chiloe,SITUADO DE CHILOE,OCHO,False,426676.0,426676.0,False
LIMA,Peru,1802,out,Panama,SITUADO DE PANAMA,OCHO,False,130591.0,130591.0,False
LIMA,Peru,1802,out,Valdivia,SITUADO DE VALDIVIA,OCHO,False,198848.0,198848.0,False
LIMA,Peru,1803,in,unspecified,OTRAS TESORERIAS,OCHO,False,1580884.0,1580884.0,False
LIMA,Peru,1803,out,Chiloe,SITUADO DE CHILOE,OCHO,False,177473.0,177473.0,False
LIMA,Peru,1803,out,Panama,SITUADO DE PANAMA,OCHO,False,136891.0,136891.0,False
LIMA,Peru,1803,out,Valdivia,SITUADO DE VALDIVIA,OCHO,False,133591.0,133591.0,False
LIMA,Peru,1806,in,unspecified,OTRAS TESORERIAS,OCHO,False,1448756.0,1448756.0,False
LIMA,Peru,1806,out,Chiloe,SITUADO DE CHILOE,OCHO,False,89517.0,89517.0,False
LIMA,Peru,1806,out,Panama,SITUADO DE PANAMA,OCHO,False,130340.0,130340.0,False
LIMA,Peru,1806,out,Valdivia,SITUADO DE VALDIVIA,OCHO,False,97521.0,97521.0,False
LIMA,Peru,1807,in,unspecified,OTRAS TESORERIAS,OCHO,False,1474517.0,1474517.0,False
LIMA,Peru,1807,out,Chiloe,SITUADO DE CHILOE,OCHO,False,208506.0,208506.0,False
LIMA,Peru,1807,out,Panama,SITUADO DE PANAMA,OCHO,False,260382.0,260382.0,False
LIMA,Peru,1807,out,Valdivia,SITUADO DE VALDIVIA,OCHO,False,130031.0,130031.0,False
LIMA,Peru,1808,in,unspecified,OTRAS TESORERIAS,OCHO,False,1633681.0,1633681.0,False
LIMA,Peru,1808,out,Chiloe,SITUADO DE CHILOE,OCHO,False,110410.0,110410.0,False
LIMA,Peru,1808,out,Valdivia,SITUADO DE VALDIVIA,OCHO,False,94032.0,94032.0,False
LIMA,Peru,1809,in,unspecified,OTRAS TESORERIAS,OCHO,False,1285624.0,1285624.0,False
LIMA,Peru,1809,out,Chiloe,SITUADO DE CHILOE,OCHO,False,82442.0,82442.0,False
LIMA,Peru,1809,out,Panama,SITUADO DE PANAMA,OCHO,False,128813.0,128813.0,False
LIMA,Peru,1809,out,Valdivia,SITUADO DE VALDIVIA,OCHO,False,50000.0,50000.0,False
LIMA,Peru,1810,in,unspecified,OTRAS TESORERIAS,OCHO,False,1221585.0,1221585.0,False
LIMA,Peru,1810,out,Chiloe,SITUADO DE CHILOE,OCHO,False,36548.0,36548.0,False
LIMA,Peru,1810,out,Valdivia,SITUADO DE VALDIVIA,OCHO,False,107315.0,107315.0,False
LIMA,Peru,1812,out,Spain,REMITIDO A CASTILLA,OCHO,False,12424.0,12424.0,False
LIMA,Peru,1813,out,Chiloe,SITUADO DE CHILOE,OCHO,False,108186.0,108186.0,False
LIMA,Peru,1813,in,unspecified,OTRAS TESORERIAS,OCHO,False,769514.0,769514.0,False
LIMA,Peru,1813,out,Valdivia,SITUADO DE VALDIVIA,OCHO,False,43461.0,43461.0,False
LIMA,Peru,1814,in,unspecified,OTRAS TESORERIAS,OCHO,False,893120.0,893120.0,False
LIMA,Peru,1814,out,Chiloe,SITUADO DE CHILOE,OCHO,False,113937.0,113937.0,False
LIMA,Peru,1814,out,Valdivia,SITUADO DE VALDIVIA,OCHO,False,57792.0,57792.0,False
LIMA,Peru,1815,in,unspecified,OTRAS TESORERIAS,OCHO,False,749328.0,749328.0,False
LIMA,Peru,1815,out,Chiloe,SITUADO DE CHILOE,OCHO,False,153322.0,153322.0,False
LIMA,Peru,1815,out,Valdivia,SITUADO DE VALDIVIA,OCHO,False,118527.0,118527.0,False
LIMA,Peru,1816,in,unspecified,OTRAS TESORERIAS,OCHO,False,1019142.0,1019142.0,False
LIMA,Peru,1816,out,Chiloe,SITUADO DE CHILOE,OCHO,False,61785.0,61785.0,False
LIMA,Peru,1816,out,Valdivia,SITUADO DE VALDIVIA,OCHO,False,5895.0,5895.0,False
LIMA,Peru,1818,out,Chiloe,SITUADO DE CHILOE,OCHO,False,96067.0,96067.0,False
LIMA,Peru,1818,in,unspecified,OTRAS TESORERIAS,OCHO,False,1005864.0,1005864.0,False
LIMA,Peru,1818,out,Valdivia,SITUADO DE VALDIVIA,OCHO,False,75376.0,75376.0,False
LIMA,Peru,1819,out,Chiloe,SITUADO DE CHILOE,OCHO,False,86339.0,86339.0,False
LIMA,Peru,1819,in,unspecified,OTRAS TESORERIAS,OCHO,False,1277245.0,1277245.0,False
LIMA,Peru,1819,out,Valdivia,SITUADO DE VALDIVIA,OCHO,False,55560.0,55560.0,False
LIMA,Peru,1820,in,unspecified,OTRAS TESORERIAS,OCHO,False,1538924.0,1538924.0,False
LIMA,Peru,1820,out,Chiloe,SITUADO DE CHILOE,OCHO,False,74199.0,74199.0,False
LIMA,Peru,1820,out,Valdivia,SITUADO DE VALDIVIA,OCHO,False,82997.0,82997.0,False
PIURA Y PAITA,Peru,1606,out,Lima,REMITIDO A LIMA,OCHO,False,18108.0,18108.0,False
PIURA Y PAITA,Peru,1606,out,Lima,REMITIDO A LIMA,ENSAYADOS,False,268.0,443.38,False
PIURA Y PAITA,Peru,1731,out,Lima,REMITIDO A LIMA,OCHO,False,15115.0,15115.0,False
PIURA Y PAITA,Peru,1732,out,Lima,REMITIDO A LIMA,OCHO,False,17073.0,17073.0,False
PIURA Y PAITA,Peru,1736,out,Lima,REMITIDO A LIMA,OCHO,False,18789.0,18789.0,False
PIURA Y PAITA,Peru,1737,out,Lima,REMITIDO A LIMA,OCHO,False,8062.0,8062.0,False
PIURA Y PAITA,Peru,1746,out,Lima,REMITIDO A LIMA,OCHO,False,135.0,135.0,False
PIURA Y PAITA,Peru,1747,out,Lima,REMITIDO A LIMA,OCHO,False,258.0,258.0,False
PIURA Y PAITA,Peru,1748,out,Lima,REMITIDO A LIMA,OCHO,False,13468.0,13468.0,False
PIURA Y PAITA,Peru,1749,out,Lima,REMITIDO A LIMA,OCHO,False,26386.0,26386.0,False
PIURA Y PAITA,Peru,1752,out,Lima,REMITIDO A LIMA,OCHO,False,27528.0,27528.0,False
PIURA Y PAITA,Peru,1755,out,Lima,REMITIDO A LIMA,OCHO,False,14925.0,14925.0,False
PIURA Y PAITA,Peru,1756,out,Lima,REMITIDO A LIMA,OCHO,False,6767.0,6767.0,False
PIURA Y PAITA,Peru,1757,out,Lima,REMITIDO A LIMA,OCHO,False,10149.0,10149.0,False
PIURA Y PAITA,Peru,1757,out,Lima,REMITIDO A LIMA,OCHO,False,15939.0,15939.0,False
PIURA Y PAITA,Peru,1759,out,Lima,REMITIDO A LIMA,OCHO,False,7007.0,7007.0,False
PIURA Y PAITA,Peru,1760,out,Lima,REMITIDO A LIMA,OCHO,False,8091.0,8091.0,False
PIURA Y PAITA,Peru,1761,out,Lima,REMITIDO A LIMA,OCHO,False,23121.0,23121.0,False
PIURA Y PAITA,Peru,1762,out,Lima,REMITIDO A LIMA,OCHO,False,17461.0,17461.0,False
PIURA Y PAITA,Peru,1763,out,Lima,REMITIDO A LIMA,OCHO,False,11398.0,11398.0,False
PIURA Y PAITA,Peru,1764,out,Lima,REMITIDO A LIMA,OCHO,False,13602.0,13602.0,False
PIURA Y PAITA,Peru,1765,out,Lima,REMITIDO A LIMA,OCHO,False,20016.0,20016.0,False
PIURA Y PAITA,Peru,1766,out,Lima,REMITIDO A LIMA,OCHO,False,16532.0,16532.0,False
PIURA Y PAITA,Peru,1767,out,Lima,REMITIDO A LIMA,OCHO,False,29793.0,29793.0,False
PIURA Y PAITA,Peru,1768,out,Lima,REMITIDO A LIMA,OCHO,False,15882.0,15882.0,False
PIURA Y PAITA,Peru,1769,out,Lima,REMITIDO A LIMA,OCHO,False,15477.0,15477.0,False
PIURA Y PAITA,Peru,1770,out,Lima,REMITIDO A LIMA,OCHO,False,19796.0,19796.0,False
PIURA Y PAITA,Peru,1771,out,Lima,REMITIDO A LIMA,OCHO,False,22799.0,22799.0,False
PIURA Y PAITA,Peru,1772,out,Lima,REMITIDO A LIMA,OCHO,False,25448.0,25448.0,False
PIURA Y PAITA,Peru,1773,out,Lima,REMITIDO A LIMA,OCHO,False,30261.0,30261.0,False
PIURA Y PAITA,Peru,1774,out,Lima,REMITIDO A LIMA,OCHO,False,3710.0,3710.0,False
PIURA Y PAITA,Peru,1776,out,Lima,REMITIDO A LIMA,OCHO,False,43480.0,43480.0,False
PIURA Y PAITA,Peru,1777,out,Lima,REMITIDO A LIMA,OCHO,False,31033.0,31033.0,False
PIURA Y PAITA,Peru,1778,out,Lima,REMITIDO A LIMA,OCHO,False,26872.0,26872.0,False
PIURA Y PAITA,Peru,1779,out,Lima,REMITIDO A LIMA,OCHO,False,32677.0,32677.0,False
PUNO,Peru,1803,out,unspecified,OTRAS TESORERIAS,OCHO,False,204258.0,204258.0,False
PUNO,Peru,1806,out,unspecified,OTRAS TESORERIAS,OCHO,False,144758.0,144758.0,False
PUNO,Peru,1807,out,unspecified,OTRAS TESORERIAS,OCHO,False,268349.0,268349.0,False
PUNO,Peru,1807,in,unspecified,OTRAS TESORERIAS,OCHO,False,30409.0,30409.0,False
PUNO,Peru,1808,out,unspecified,OTRAS TESORERIAS,OCHO,False,208418.0,208418.0,False
PUNO,Peru,1810,out,unspecified,OTRAS TESORERIAS,OCHO,False,136615.0,136615.0,False
PUNO,Peru,1817,in,unspecified,OTRAS TESORERIAS,OCHO,False,103.0,103.0,False
PUNO,Peru,1818,in,unspecified,OTRAS TESORERIAS,OCHO,False,1101.0,1101.0,False
PUNO,Peru,1819,in,unspecified,OTRAS TESORERIAS,OCHO,False,303.0,303.0,False
PUNO,Peru,1820,out,unspecified,OTRAS TESORERIAS,OCHO,False,201989.0,201989.0,False
PUNO,Peru,1820,in,unspecified,OTRAS TESORERIAS,OCHO,False,42630.0,42630.0,False
PUNO,Peru,1821,out,unspecified,OTRAS TESORERIAS,OCHO,False,456808.0,456808.0,False
PUNO,Peru,1821,in,unspecified,OTRAS TESORERIAS,OCHO,False,279143.0,279143.0,False
PUNO,Peru,1822,out,unspecified,OTRAS TESORERIAS,OCHO,False,285250.0,285250.0,False
PUNO,Peru,1822,in,unspecified,OTRAS TESORERIAS,OCHO,False,74240.0,74240.0,False
SAN JUAN DE MATUCANA,Peru,1721,out,Lima,REMITIDO A LIMA,OCHO,False,17782.0,17782.0,False
SAN JUAN DE MATUCANA,Peru,1722,out,Lima,REMITIDO A LIMA,OCHO,False,9502.0,9502.0,False
SAN JUAN DE MATUCANA,Peru,1723,out,Lima,REMITIDO A LIMA,OCHO,False,8233.0,8233.0,False
SAN JUAN DE MATUCANA,Peru,1724,out,Lima,REMITIDO A LIMA,OCHO,False,11004.0,11004.0,False
SAN JUAN DE MATUCANA,Peru,1725,out,Lima,REMITIDO A LIMA,OCHO,False,10347.0,10347.0,False
SAN JUAN DE MATUCANA,Peru,1726,out,Lima,REMITIDO A LIMA,OCHO,False,11358.0,11358.0,False
SAN JUAN DE MATUCANA,Peru,1727,out,Lima,REMITIDO A LIMA,OCHO,False,13505.0,13505.0,False
SAN JUAN DE MATUCANA,Peru,1728,out,Lima,REMITIDO A LIMA,OCHO,False,14159.0,14159.0,False
SAÑA,Peru,1726,out,Lima,REMITIDO A LIMA,OCHO,False,3260.0,3260.0,False
SAÑA,Peru,1727,out,Lima,REMITIDO A LIMA,OCHO,False,3839.0,3839.0,False
SAÑA,Peru,1728,out,Lima,REMITIDO A LIMA,OCHO,False,2562.0,2562.0,False
SAÑA,Peru,1740,out,Lima,REMITIDO A LIMA,OCHO,False,3221.0,3221.0,False
SAÑA,Peru,1741,out,Lima,REMITIDO A LIMA,OCHO,False,1678.0,1678.0,False
SAÑA,Peru,1742,out,Lima,REMITIDO A LIMA,OCHO,False,400.0,400.0,False
SAÑA,Peru,1743,out,Lima,REMITIDO A LIMA,OCHO,False,1629.0,1629.0,False
SAÑA,Peru,1745,out,Lima,REMITIDO A LIMA,OCHO,False,1350.0,1350.0,False
SAÑA,Peru,1746,out,Lima,REMITIDO A LIMA,OCHO,False,3472.0,3472.0,False
SAÑA,Peru,1747,out,Lima,REMITIDO A LIMA,OCHO,False,2455.0,2455.0,False
SAÑA,Peru,1748,out,Lima,REMITIDO A LIMA,OCHO,False,1662.0,1662.0,False
SAÑA,Peru,1749,out,Lima,REMITIDO A LIMA,OCHO,False,4628.0,4628.0,False
SAÑA,Peru,1751,out,Lima,REMITIDO A LIMA,OCHO,False,5223.0,5223.0,False
SAÑA,Peru,1752,out,Lima,REMITIDO A LIMA,OCHO,False,1359.0,1359.0,False
SAÑA,Peru,1754,out,Lima,REMITIDO A LIMA,OCHO,False,5140.0,5140.0,False
SAÑA,Peru,1757,out,Lima,REMITIDO A LIMA,OCHO,False,3859.0,3859.0,False
SAÑA,Peru,1758,out,Lima,REMITIDO A LIMA,OCHO,False,5424.0,5424.0,False
SAÑA,Peru,1759,out,Lima,REMITIDO A LIMA,OCHO,False,6390.0,6390.0,False
SAÑA,Peru,1760,out,Lima,REMITIDO A LIMA,OCHO,False,8973.0,8973.0,False
SAÑA,Peru,1761,out,Lima,REMITIDO A LIMA,OCHO,False,6123.0,6123.0,False
SAÑA,Peru,1762,out,Lima,REMITIDO A LIMA,OCHO,False,5726.0,5726.0,False
SAÑA,Peru,1763,out,Lima,REMITIDO A LIMA,OCHO,False,6634.0,6634.0,False
SAÑA,Peru,1764,out,Lima,REMITIDO A LIMA,OCHO,False,9048.0,9048.0,False
SAÑA,Peru,1765,out,Lima,REMITIDO A LIMA,OCHO,False,6706.0,6706.0,False
SAÑA,Peru,1766,out,Lima,REMITIDO A LIMA,OCHO,False,5792.0,5792.0,False
SAÑA,Peru,1767,out,Lima,REMITIDO A LIMA,OCHO,False,6894.0,6894.0,False
SAÑA,Peru,1768,out,Lima,REMITIDO A LIMA,OCHO,False,4930.0,4930.0,False
SAÑA,Peru,1769,out,Lima,REMITIDO A LIMA,OCHO,False,7423.0,7423.0,False
SAÑA,Peru,1770,out,Lima,REMITIDO A LIMA,OCHO,False,7438.0,7438.0,False
SAÑA,Peru,1771,out,Lima,REMITIDO A LIMA,OCHO,False,6894.0,6894.0,False
SAÑA,Peru,1772,out,Lima,REMITIDO A LIMA,OCHO,False,7945.0,7945.0,False
SAÑA,Peru,1773,out,Lima,REMITIDO A LIMA,OCHO,False,5921.0,5921.0,False
SAÑA,Peru,1774,out,Lima,REMITIDO A LIMA,OCHO,False,5788.0,5788.0,False
SAÑA,Peru,1775,out,Lima,REMITIDO A LIMA,OCHO,False,9022.0,9022.0,False
SAÑA,Peru,1776,out,Lima,REMITIDO A LIMA,OCHO,False,21689.0,21689.0,False
TRUJILLO,Peru,1601,out,Lima,REMITIDO A LIMA,OCHO,False,32075.0,32075.0,False
TRUJILLO,Peru,1601,out,Lima,REMITIDO A LIMA,ENSAYADOS,False,186.0,307.72,False
TRUJILLO,Peru,1609,out,Lima,REMITIDO A LIMA,OCHO,False,277.0,277.0,False
TRUJILLO,Peru,1625,out,Lima,REMITIDO A LIMA,OCHO,False,80.0,80.0,False
TRUJILLO,Peru,1625,out,Lima,REMITIDO A LIMA,ENSAYADOS,False,1463.0,2420.4,False
TRUJILLO,Peru,1635,out,Lima,REMITIDO A LIMA,OCHO,False,50898.0,50898.0,False
TRUJILLO,Peru,1641,out,Lima,REMITIDO A LIMA,OCHO,False,31497.0,31497.0,False
TRUJILLO,Peru,1669,in,Lima,REMITIDO DE LIMA,OCHO,False,10347.0,10347.0,False
TRUJILLO,Peru,1675,out,Lima,REMITIDO A LIMA,OCHO,False,14742.0,14742.0,False
TRUJILLO,Peru,1681,out,Lima,REMITIDO A LIMA,OCHO,False,4185.0,4185.0,False
TRUJILLO,Peru,1682,out,Lima,REMITIDO A LIMA,OCHO,False,19671.0,19671.0,False
TRUJILLO,Peru,1684,out,Lima,REMITIDO A LIMA,OCHO,False,25312.0,25312.0,False
TRUJILLO,Peru,1685,out,Lima,REMITIDO A LIMA,OCHO,False,20000.0,20000.0,False
TRUJILLO,Peru,1686,out,Panama,SITUADO DE PANAMA,OCHO,False,17591.0,17591.0,False
TRUJILLO,Peru,1686,in,Lima,REMITIDO DE LIMA,OCHO,False,24000.0,24000.0,False
TRUJILLO,Peru,1701,out,Lima,REMITIDO A LIMA,OCHO,False,22246.0,22246.0,False
TRUJILLO,Peru,1711,out,Lima,REMITIDO A LIMA,OCHO,False,21902.0,21902.0,False
TRUJILLO,Peru,1718,out,Lima,REMITIDO A LIMA,OCHO,False,13594.0,13594.0,False
TRUJILLO,Peru,1721,out,Lima,REMITIDO A LIMA,OCHO,False,9265.0,9265.0,False
TRUJILLO,Peru,1722,out,Lima,REMITIDO A LIMA,OCHO,False,4548.0,4548.0,False
TRUJILLO,Peru,1723,out,Lima,REMITIDO A LIMA,OCHO,False,5951.0,5951.0,False
TRUJILLO,Peru,1724,out,Lima,REMITIDO A LIMA,OCHO,False,11543.0,11543.0,False
TRUJILLO,Peru,1725,out,Lima,REMITIDO A LIMA,OCHO,False,6265.0,6265.0,False
TRUJILLO,Peru,1726,out,Lima,REMITIDO A LIMA,OCHO,False,15175.0,15175.0,False
TRUJILLO,Peru,1727,out,Lima,REMITIDO A LIMA,OCHO,False,5844.0,5844.0,False
TRUJILLO,Peru,1728,out,Lima,REMITIDO A LIMA,OCHO,False,12999.0,12999.0,False
TRUJILLO,Peru,1729,out,Lima,REMITIDO A LIMA,OCHO,False,12138.0,12138.0,False
TRUJILLO,Peru,1730,out,Lima,REMITIDO A LIMA,OCHO,False,8264.0,8264.0,False
TRUJILLO,Peru,1731,out,Lima,REMITIDO A LIMA,OCHO,False,9612.0,9612.0,False
TRUJILLO,Peru,1735,out,Lima,REMITIDO A LIMA,OCHO,False,10630.0,10630.0,False
TRUJILLO,Peru,1736,out,Lima,REMITIDO A LIMA,OCHO,False,14027.0,14027.0,False
TRUJILLO,Peru,1749,out,Lima,REMITIDO A LIMA,OCHO,False,27248.0,27248.0,False
TRUJILLO,Peru,1756,out,Lima,REMITIDO A LIMA,OCHO,False,14588.0,14588.0,False
TRUJILLO,Peru,1757,out,Lima,REMITIDO A LIMA,OCHO,False,22797.0,22797.0,False
TRUJILLO,Peru,1758,out,Lima,REMITIDO A LIMA,OCHO,False,15205.0,15205.0,False
TRUJILLO,Peru,1760,out,Lima,REMITIDO A LIMA,OCHO,False,15190.0,15190.0,False
TRUJILLO,Peru,1761,out,Lima,REMITIDO A LIMA,OCHO,False,15877.0,15877.0,False
TRUJILLO,Peru,1762,out,Lima,REMITIDO A LIMA,OCHO,False,23783.0,23783.0,False
TRUJILLO,Peru,1764,out,Lima,REMITIDO A LIMA,OCHO,False,16344.0,16344.0,False
TRUJILLO,Peru,1765,out,Lima,REMITIDO A LIMA,OCHO,False,17015.0,17015.0,False
TRUJILLO,Peru,1766,out,Lima,REMITIDO A LIMA,OCHO,False,14394.0,14394.0,False
TRUJILLO,Peru,1767,out,Lima,REMITIDO A LIMA,OCHO,False,1201.0,1201.0,False
TRUJILLO,Peru,1768,out,Lima,REMITIDO A LIMA,OCHO,False,10535.0,10535.0,False
TRUJILLO,Peru,1769,out,Lima,REMITIDO A LIMA,OCHO,False,1498.0,1498.0,False
TRUJILLO,Peru,1770,out,Lima,REMITIDO A LIMA,OCHO,False,11856.0,11856.0,False
TRUJILLO,Peru,1771,out,Lima,REMITIDO A LIMA,OCHO,False,11309.0,11309.0,False
TRUJILLO,Peru,1772,out,Lima,REMITIDO A LIMA,OCHO,False,7056.0,7056.0,False
TRUJILLO,Peru,1773,out,Lima,REMITIDO A LIMA,OCHO,False,15727.0,15727.0,False
TRUJILLO,Peru,1774,out,Lima,REMITIDO A LIMA,OCHO,False,67047.0,67047.0,False
TRUJILLO,Peru,1775,out,Lima,REMITIDO A LIMA,OCHO,False,126571.0,126571.0,False
TRUJILLO,Peru,1776,out,Lima,REMITIDO A LIMA,OCHO,False,195433.0,195433.0,False
TRUJILLO,Peru,1778,out,Lima,REMITIDO A LIMA,OCHO,False,202025.0,202025.0,False
TRUJILLO,Peru,1779,out,Lima,REMITIDO A LIMA,OCHO,False,103202.0,103202.0,False
TRUJILLO,Peru,1780,out,Lima,REMITIDO A LIMA,OCHO,False,150068.0,150068.0,False
TRUJILLO,Peru,1781,out,Lima,REMITIDO A LIMA,OCHO,False,66976.0,66976.0,False
TRUJILLO,Peru,1782,out,Lima,REMITIDO A LIMA,OCHO,False,50109.0,50109.0,False
TRUJILLO,Peru,1783,out,Lima,REMITIDO A LIMA,OCHO,False,32441.0,32441.0,False
TRUJILLO,Peru,1784,out,Lima,REMITIDO A LIMA,OCHO,False,179277.0,179277.0,False
TRUJILLO,Peru,1785,out,Lima,REMITIDO A LIMA,OCHO,False,335375.0,335375.0,False
TRUJILLO,Peru,1786,out,Lima,REMITIDO A LIMA,OCHO,False,92233.0,92233.0,False
TRUJILLO,Peru,1787,out,unspecified,OTRAS TESORERIAS,OCHO,False,205334.0,205334.0,False
TRUJILLO,Peru,1788,out,unspecified,OTRAS TESORERIAS,OCHO,False,239022.0,239022.0,False
TRUJILLO,Peru,1789,out,unspecified,OTRAS TESORERIAS,OCHO,False,164256.0,164256.0,False
TRUJILLO,Peru,1790,out,unspecified,OTRAS TESORERIAS,OCHO,False,157594.0,157594.0,False
TRUJILLO,Peru,1790,in,unspecified,OTRAS TESORERIAS,OCHO,False,31634.0,31634.0,False
TRUJILLO,Peru,1791,out,unspecified,OTRAS TESORERIAS,OCHO,False,341296.0,341296.0,False
TRUJILLO,Peru,1791,in,unspecified,OTRAS TESORERIAS,OCHO,False,72592.0,72592.0,False
TRUJILLO,Peru,1792,out,unspecified,OTRAS TESORERIAS,OCHO,False,345652.0,345652.0,False
TRUJILLO,Peru,1792,in,unspecified,OTRAS TESORERIAS,OCHO,False,74725.0,74725.0,False
TRUJILLO,Peru,1793,out,unspecified,OTRAS TESORERIAS,OCHO,False,192964.0,192964.0,False
TRUJILLO,Peru,1793,in,unspecified,OTRAS TESORERIAS,OCHO,False,56185.0,56185.0,False
TRUJILLO,Peru,1794,out,unspecified,OTRAS TESORERIAS,OCHO,False,208397.0,208397.0,False
TRUJILLO,Peru,1794,in,unspecified,OTRAS TESORERIAS,OCHO,False,10712.0,10712.0,False
TRUJILLO,Peru,1795,out,unspecified,OTRAS TESORERIAS,OCHO,False,209566.0,209566.0,False
TRUJILLO,Peru,1795,in,unspecified,OTRAS TESORERIAS,OCHO,False,8930.0,8930.0,False
TRUJILLO,Peru,1796,out,unspecified,OTRAS TESORERIAS,OCHO,False,179490.0,179490.0,False
TRUJILLO,Peru,1796,in,unspecified,OTRAS TESORERIAS,OCHO,False,12344.0,12344.0,False
TRUJILLO,Peru,1797,out,unspecified,OTRAS TESORERIAS,OCHO,False,249385.0,249385.0,False
TRUJILLO,Peru,1797,in,unspecified,OTRAS TESORERIAS,OCHO,False,46769.0,46769.0,False
TRUJILLO,Peru,1798,out,unspecified,OTRAS TESORERIAS,OCHO,False,195877.0,195877.0,False
TRUJILLO,Peru,1798,in,unspecified,OTRAS TESORERIAS,OCHO,False,37202.0,37202.0,False
TRUJILLO,Peru,1799,in,unspecified,OTRAS TESORERIAS,OCHO,False,25763.0,25763.0,False
TRUJILLO,Peru,1799,out,unspecified,OTRAS TESORERIAS,OCHO,False,233251.0,233251.0,False
TRUJILLO,Peru,1800,out,unspecified,OTRAS TESORERIAS,OCHO,False,187796.0,187796.0,False
TRUJILLO,Peru,1800,in,unspecified,OTRAS TESORERIAS,OCHO,False,19355.0,19355.0,False
TRUJILLO,Peru,1801,out,unspecified,OTRAS TESORERIAS,OCHO,False,217876.0,217876.0,False
TRUJILLO,Peru,1801,in,unspecified,OTRAS TESORERIAS,OCHO,False,46123.0,46123.0,False
TRUJILLO,Peru,1802,out,unspecified,OTRAS TESORERIAS,OCHO,False,217764.0,217764.0,False
TRUJILLO,Peru,1802,in,unspecified,OTRAS TESORERIAS,OCHO,False,61761.0,61761.0,False
TRUJILLO,Peru,1803,out,unspecified,OTRAS TESORERIAS,OCHO,False,134431.0,134431.0,False
TRUJILLO,Peru,1803,in,unspecified,OTRAS TESORERIAS,OCHO,False,25749.0,25749.0,False
TRUJILLO,Peru,1804,in,unspecified,OTRAS TESORERIAS,OCHO,False,26148.0,26148.0,False
TRUJILLO,Peru,1804,out,unspecified,OTRAS TESORERIAS,OCHO,False,239171.0,239171.0,False
TRUJILLO,Peru,1805,in,unspecified,OTRAS TESORERIAS,OCHO,False,19593.0,19593.0,False
TRUJILLO,Peru,1805,out,unspecified,OTRAS TESORERIAS,OCHO,False,190072.0,190072.0,False
TRUJILLO,Peru,1806,out,unspecified,OTRAS TESORERIAS,OCHO,False,132234.0,132234.0,False
TRUJILLO,Peru,1806,in,unspecified,OTRAS TESORERIAS,OCHO,False,21775.0,21775.0,False
TRUJILLO,Peru,1807,out,unspecified,OTRAS TESORERIAS,OCHO,False,107053.0,107053.0,False
TRUJILLO,Peru,1807,in,unspecified,OTRAS TESORERIAS,OCHO,False,43672.0,43672.0,False
TRUJILLO,Peru,1808,out,unspecified,OTRAS TESORERIAS,OCHO,False,218714.0,218714.0,False
TRUJILLO,Peru,1808,in,unspecified,OTRAS TESORERIAS,OCHO,False,26653.0,26653.0,False
TRUJILLO,Peru,1810,out,unspecified,OTRAS TESORERIAS,OCHO,False,178806.0,178806.0,False
TRUJILLO,Peru,1810,in,unspecified,OTRAS TESORERIAS,OCHO,False,15912.0,15912.0,False
TRUJILLO,Peru,1812,out,unspecified,OTRAS TESORERIAS,OCHO,False,38629.0,38629.0,False
TRUJILLO,Peru,1812,in,unspecified,OTRAS TESORERIAS,OCHO,False,7081.0,7081.0,False
TRUJILLO,Peru,1813,out,unspecified,OTRAS TESORERIAS,OCHO,False,46062.0,46062.0,False
TRUJILLO,Peru,1813,in,unspecified,OTRAS TESORERIAS,OCHO,False,8307.0,8307.0,False
TRUJILLO,Peru,1815,out,unspecified,OTRAS TESORERIAS,OCHO,False,45901.0,45901.0,False
TRUJILLO,Peru,1815,in,unspecified,OTRAS TESORERIAS,OCHO,False,5900.0,5900.0,False
TRUJILLO,Peru,1816,in,unspecified,OTRAS TESORERIAS,OCHO,False,15202.0,15202.0,False
TRUJILLO,Peru,1816,out,unspecified,OTRAS TESORERIAS,OCHO,False,130162.0,130162.0,False
TRUJILLO,Peru,1817,out,unspecified,OTRAS TESORERIAS,OCHO,False,189243.0,189243.0,False
TRUJILLO,Peru,1817,in,unspecified,OTRAS TESORERIAS,OCHO,False,26499.0,26499.0,False
VICO Y PASCO,Peru,1670,out,Lima,REMITIDO A LIMA,OCHO,False,19894.0,19894.0,False
VICO Y PASCO,Peru,1674,out,Lima,REMITIDO A LIMA,OCHO,False,19366.0,19366.0,False
VICO Y PASCO,Peru,1682,out,Lima,REMITIDO A LIMA,OCHO,False,6334.0,6334.0,False
VICO Y PASCO,Peru,1685,out,Lima,REMITIDO A LIMA,OCHO,False,438.0,438.0,False
VICO Y PASCO,Peru,1685,out,Lima,REMITIDO A LIMA,ENSAYADOS,False,3708.0,6134.56,False
VICO Y PASCO,Peru,1690,out,Lima,REMITIDO A LIMA,OCHO,False,8914.0,8914.0,False
VICO Y PASCO,Peru,1690,out,Lima,REMITIDO A LIMA,ENSAYADOS,False,9464.0,15657.35,False
VICO Y PASCO,Peru,1693,out,Lima,REMITIDO A LIMA,OCHO,False,15549.0,15549.0,False
VICO Y PASCO,Peru,1693,out,Lima,REMITIDO A LIMA,ENSAYADOS,False,22258.0,36823.9,False
VICO Y PASCO,Peru,1696,out,Lima,REMITIDO A LIMA,OCHO,False,46008.0,46008.0,False
VICO Y PASCO,Peru,1702,out,Lima,REMITIDO A LIMA,OCHO,False,58856.0,58856.0,False
VICO Y PASCO,Peru,1703,out,Lima,REMITIDO A LIMA,OCHO,False,23017.0,23017.0,False
VICO Y PASCO,Peru,1705,out,Lima,REMITIDO A LIMA,OCHO,False,46675.0,46675.0,False
VICO Y PASCO,Peru,1706,out,Lima,REMITIDO A LIMA,OCHO,False,28743.0,28743.0,False
VICO Y PASCO,Peru,1707,out,Lima,REMITIDO A LIMA,OCHO,False,22320.0,22320.0,False
VICO Y PASCO,Peru,1711,out,Lima,REMITIDO A LIMA,OCHO,False,10290.0,10290.0,False
VICO Y PASCO,Peru,1713,out,Lima,REMITIDO A LIMA,OCHO,False,6796.0,6796.0,False
VICO Y PASCO,Peru,1717,out,Lima,REMITIDO A LIMA,OCHO,False,41085.0,41085.0,False
VICO Y PASCO,Peru,1718,out,Lima,REMITIDO A LIMA,OCHO,False,51853.0,51853.0,False
VICO Y PASCO,Peru,1719,out,Lima,REMITIDO A LIMA,OCHO,False,6456.0,6456.0,False
VICO Y PASCO,Peru,1721,out,Lima,REMITIDO A LIMA,OCHO,False,6035.0,6035.0,False
VICO Y PASCO,Peru,1722,out,Lima,REMITIDO A LIMA,OCHO,False,218.0,218.0,False
VICO Y PASCO,Peru,1724,out,Lima,REMITIDO A LIMA,OCHO,False,14400.0,14400.0,False
VICO Y PASCO,Peru,1724,out,Lima,REMITIDO A LIMA,OCHO,False,25392.0,25392.0,False
VICO Y PASCO,Peru,1725,out,Lima,REMITIDO A LIMA,OCHO,False,35874.0,35874.0,False
VICO Y PASCO,Peru,1725,out,Valdivia,SITUADO DE VALDIVIA,OCHO,False,16450.0,16450.0,False
VICO Y PASCO,Peru,1726,out,Lima,REMITIDO A LIMA,OCHO,False,21926.0,21926.0,False
VICO Y PASCO,Peru,1726,out,Valdivia,SITUADO DE VALDIVIA,OCHO,False,24000.0,24000.0,False
VICO Y PASCO,Peru,1727,out,Lima,REMITIDO A LIMA,OCHO,False,17126.0,17126.0,False
VICO Y PASCO,Peru,1727,out,Valdivia,SITUADO DE VALDIVIA,OCHO,False,30000.0,30000.0,False
VICO Y PASCO,Peru,1728,out,Lima,REMITIDO A LIMA,OCHO,False,25555.0,25555.0,False
VICO Y PASCO,Peru,1728,out,Valdivia,SITUADO DE VALDIVIA,OCHO,False,14000.0,14000.0,False
VICO Y PASCO,Peru,1729,out,Lima,REMITIDO A LIMA,OCHO,False,21343.0,21343.0,False
VICO Y PASCO,Peru,1729,out,Valdivia,SITUADO DE VALDIVIA,OCHO,False,24000.0,24000.0,False
VICO Y PASCO,Peru,1730,out,Lima,REMITIDO A LIMA,OCHO,False,25459.0,25459.0,False
VICO Y PASCO,Peru,1730,out,Valdivia,SITUADO DE VALDIVIA,OCHO,False,14000.0,14000.0,False
VICO Y PASCO,Peru,1731,out,Lima,REMITIDO A LIMA,OCHO,False,17278.0,17278.0,False
VICO Y PASCO,Peru,1731,out,Chile,SITUADO DE CHILE,OCHO,False,12000.0,12000.0,False
VICO Y PASCO,Peru,1733,out,Lima,REMITIDO A LIMA,OCHO,False,50022.0,50022.0,False
VICO Y PASCO,Peru,1734,out,Lima,REMITIDO A LIMA,OCHO,False,29361.0,29361.0,False
VICO Y PASCO,Peru,1734,out,Chile,SITUADO DE CHILE,OCHO,False,15000.0,15000.0,False
VICO Y PASCO,Peru,1735,out,Lima,REMITIDO A LIMA,OCHO,False,44553.0,44553.0,False
VICO Y PASCO,Peru,1736,out,Lima,REMITIDO A LIMA,OCHO,False,2501.0,2501.0,False
VICO Y PASCO,Peru,1736,out,Valdivia,SITUADO DE VALDIVIA,OCHO,False,16595.0,16595.0,False
VICO Y PASCO,Peru,1737,out,Lima,REMITIDO A LIMA,OCHO,False,23663.0,23663.0,False
VICO Y PASCO,Peru,1738,out,Lima,REMITIDO A LIMA,OCHO,False,23129.0,23129.0,False
VICO Y PASCO,Peru,1739,out,Lima,REMITIDO A LIMA,OCHO,False,29732.0,29732.0,False
VICO Y PASCO,Peru,1740,out,Lima,REMITIDO A LIMA,OCHO,False,34689.0,34689.0,False
VICO Y PASCO,Peru,1741,out,Lima,REMITIDO A LIMA,OCHO,False,32678.0,32678.0,False
VICO Y PASCO,Peru,1742,out,Lima,REMITIDO A LIMA,OCHO,False,24007.0,24007.0,False
VICO Y PASCO,Peru,1743,out,Lima,REMITIDO A LIMA,OCHO,False,12056.0,12056.0,False
VICO Y PASCO,Peru,1744,out,Huancavelica,REMITIDO A HUANCAVELICA,OCHO,False,11641.0,11641.0,False
VICO Y PASCO,Peru,1744,out,Lima,REMITIDO A LIMA,OCHO,False,14346.0,14346.0,False
VICO Y PASCO,Peru,1745,out,Lima,REMITIDO A LIMA,OCHO,False,8125.0,8125.0,False
VICO Y PASCO,Peru,1746,out,Lima,REMITIDO A LIMA,OCHO,False,1700.0,1700.0,False
VICO Y PASCO,Peru,1751,out,Lima,REMITIDO A LIMA,OCHO,False,23793.0,23793.0,False
VICO Y PASCO,Peru,1754,out,Lima,REMITIDO A LIMA,OCHO,False,42254.0,42254.0,False
VICO Y PASCO,Peru,1757,out,Lima,REMITIDO A LIMA,OCHO,False,29599.0,29599.0,False
VICO Y PASCO,Peru,1759,out,Lima,REMITIDO A LIMA,OCHO,False,14747.0,14747.0,False
VICO Y PASCO,Peru,1760,out,Lima,REMITIDO A LIMA,OCHO,False,7622.0,7622.0,False
VICO Y PASCO,Peru,1761,out,Lima,REMITIDO A LIMA,OCHO,False,17175.0,17175.0,False
VICO Y PASCO,Peru,1762,out,Lima,REMITIDO A LIMA,OCHO,False,28898.0,28898.0,False
VICO Y PASCO,Peru,1763,out,Lima,REMITIDO A LIMA,OCHO,False,39661.0,39661.0,False
VICO Y PASCO,Peru,1764,out,Lima,REMITIDO A LIMA,OCHO,False,49723.0,49723.0,False
VICO Y PASCO,Peru,1765,out,Lima,REMITIDO A LIMA,OCHO,False,39996.0,39996.0,False
VICO Y PASCO,Peru,1766,out,Lima,REMITIDO A LIMA,OCHO,False,48863.0,48863.0,False
VICO Y PASCO,Peru,1767,out,Lima,REMITIDO A LIMA,OCHO,False,39305.0,39305.0,False
VICO Y PASCO,Peru,1768,out,Lima,REMITIDO A LIMA,OCHO,False,32857.0,32857.0,False
VICO Y PASCO,Peru,1769,out,Lima,REMITIDO A LIMA,OCHO,False,53542.0,53542.0,False
VICO Y PASCO,Peru,1770,out,Lima,REMITIDO A LIMA,OCHO,False,62563.0,62563.0,False
VICO Y PASCO,Peru,1771,out,Lima,REMITIDO A LIMA,OCHO,False,74000.0,74000.0,False
VICO Y PASCO,Peru,1772,out,Lima,REMITIDO A LIMA,OCHO,False,16460.0,16460.0,False
VICO Y PASCO,Peru,1772,out,Lima,REMITIDO A LIMA,OCHO,False,25375.0,25375.0,False
VICO Y PASCO,Peru,1773,out,Lima,REMITIDO A LIMA,OCHO,False,68525.0,68525.0,False
VICO Y PASCO,Peru,1774,out,Lima,REMITIDO A LIMA,OCHO,False,19243.0,19243.0,False
VICO Y PASCO,Peru,1775,out,Lima,REMITIDO A LIMA,OCHO,False,22934.0,22934.0,False
VICO Y PASCO,Peru,1776,out,Lima,REMITIDO A LIMA,OCHO,False,127361.0,127361.0,False
VICO Y PASCO,Peru,1777,out,Lima,REMITIDO A LIMA,OCHO,False,49619.0,49619.0,False
VICO Y PASCO,Peru,1778,out,Lima,REMITIDO A LIMA,OCHO,False,90083.0,90083.0,False
VICO Y PASCO,Peru,1781,out,Lima,REMITIDO A LIMA,OCHO,False,117215.0,117215.0,False
VICO Y PASCO,Peru,1782,out,Lima,REMITIDO A LIMA,OCHO,False,69968.0,69968.0,False
VICO Y PASCO,Peru,1783,out,Lima,REMITIDO A LIMA,OCHO,False,55249.0,55249.0,False
VICO Y PASCO,Peru,1784,out,Lima,REMITIDO A LIMA,OCHO,False,70969.0,70969.0,False
VICO Y PASCO,Peru,1785,out,Lima,REMITIDO A LIMA,OCHO,False,98129.0,98129.0,False
VICO Y PASCO,Peru,1785,in,unspecified,OTRAS TESORERIAS,OCHO,False,17035.0,17035.0,False
VICO Y PASCO,Peru,1786,out,Lima,REMITIDO A LIMA,OCHO,False,100387.0,100387.0,False
VICO Y PASCO,Peru,1787,out,unspecified,OTRAS TESORERIAS,OCHO,False,150179.0,150179.0,False
VICO Y PASCO,Peru,1788,in,unspecified,OTRAS TESORERIAS,OCHO,False,53508.0,53508.0,False
VICO Y PASCO,Peru,1788,out,unspecified,OTRAS TESORERIAS,OCHO,False,173671.0,173671.0,False
VICO Y PASCO,Peru,1789,out,unspecified,OTRAS TESORERIAS,OCHO,False,285943.0,285943.0,False
VICO Y PASCO,Peru,1789,in,unspecified,OTRAS TESORERIAS,OCHO,False,34381.0,34381.0,False
VICO Y PASCO,Peru,1791,in,unspecified,OTRAS TESORERIAS,OCHO,False,13650.0,13650.0,False
VICO Y PASCO,Peru,1792,in,unspecified,OTRAS TESORERIAS,OCHO,False,42463.0,42463.0,False
VICO Y PASCO,Peru,1793,in,unspecified,OTRAS TESORERIAS,OCHO,False,29693.0,29693.0,False
VICO Y PASCO,Peru,1793,out,unspecified,OTRAS TESORERIAS,OCHO,False,382932.0,382932.0,False
VICO Y PASCO,Peru,1794,out,unspecified,OTRAS TESORERIAS,OCHO,False,465567.0,465567.0,False
VICO Y PASCO,Peru,1794,in,unspecified,OTRAS TESORERIAS,OCHO,False,17431.0,17431.0,False
VICO Y PASCO,Peru,1795,out,unspecified,OTRAS TESORERIAS,OCHO,False,435350.0,435350.0,False
VICO Y PASCO,Peru,1795,in,unspecified,OTRAS TESORERIAS,OCHO,False,56629.0,56629.0,False
VICO Y PASCO,Peru,1796,out,unspecified,OTRAS TESORERIAS,OCHO,False,444014.0,444014.0,False
VICO Y PASCO,Peru,1797,out,unspecified,OTRAS TESORERIAS,OCHO,False,421109.0,421109.0,False
VICO Y PASCO,Peru,1797,in,unspecified,OTRAS TESORERIAS,OCHO,False,52787.0,52787.0,False
VICO Y PASCO,Peru,1797,out,unspecified,OTRAS TESORERIAS,OCHO,False,512071.0,512071.0,False
VICO Y PASCO,Peru,1797,in,unspecified,OTRAS TESORERIAS,OCHO,False,30718.0,30718.0,False
VICO Y PASCO,Peru,1799,out,unspecified,OTRAS TESORERIAS,OCHO,False,409344.0,409344.0,False
VICO Y PASCO,Peru,1799,in,unspecified,OTRAS TESORERIAS,OCHO,False,9660.0,9660.0,False
VICO Y PASCO,Peru,1800,out,unspecified,OTRAS TESORERIAS,OCHO,False,418873.0,418873.0,False
VICO Y PASCO,Peru,1800,in,unspecified,OTRAS TESORERIAS,OCHO,False,8670.0,8670.0,False
VICO Y PASCO,Peru,1805,out,unspecified,OTRAS TESORERIAS,OCHO,False,356600.0,356600.0,False
VICO Y PASCO,Peru,1805,in,unspecified,OTRAS TESORERIAS,OCHO,False,43232.0,43232.0,False
VICO Y PASCO,Peru,1806,out,unspecified,OTRAS TESORERIAS,OCHO,False,341993.0,341993.0,False
VICO Y PASCO,Peru,1806,in,unspecified,OTRAS TESORERIAS,OCHO,False,30449.0,30449.0,False
VICO Y PASCO,Peru,1807,out,unspecified,OTRAS TESORERIAS,OCHO,False,382311.0,382311.0,False
VICO Y PASCO,Peru,1807,in,unspecified,OTRAS TESORERIAS,OCHO,False,44585.0,44585.0,False
VICO Y PASCO,Peru,1808,out,unspecified,OTRAS TESORERIAS,OCHO,False,377063.0,377063.0,False
VICO Y PASCO,Peru,1808,in,unspecified,OTRAS TESORERIAS,OCHO,False,17694.0,17694.0,False
VICO Y PASCO,Peru,1809,out,unspecified,OTRAS TESORERIAS,OCHO,False,435950.0,435950.0,False
VICO Y PASCO,Peru,1809,in,unspecified,OTRAS TESORERIAS,OCHO,False,14916.0,14916.0,False
VICO Y PASCO,Peru,1810,out,unspecified,OTRAS TESORERIAS,OCHO,False,356811.0,356811.0,False
VICO Y PASCO,Peru,1810,in,unspecified,OTRAS TESORERIAS,OCHO,False,13014.0,13014.0,False
VICO Y PASCO,Peru,1813,out,unspecified,OTRAS TESORERIAS,OCHO,False,284855.0,284855.0,False
VICO Y PASCO,Peru,1813,in,unspecified,OTRAS TESORERIAS,OCHO,False,51700.0,51700.0,False
VICO Y PASCO,Peru,1817,out,unspecified,OTRAS TESORERIAS,OCHO,False,200199.0,200199.0,False
VICO Y PASCO,Peru,1817,in,unspecified,OTRAS TESORERIAS,OCHO,False,29844.0,29844.0,False
VICO Y PASCO,Peru,1819,out,unspecified,OTRAS TESORERIAS,OCHO,False,260122.0,260122.0,False
VICO Y PASCO,Peru,1819,in,unspecified,OTRAS TESORERIAS,OCHO,False,37412.0,37412.0,False
VICO Y PASCO,Peru,1820,out,unspecified,OTRAS TESORERIAS,OCHO,False,377575.0,377575.0,False
VICO Y PASCO,Peru,1820,in,unspecified,OTRAS TESORERIAS,OCHO,False,38814.0,38814.0,False
BUENOS AIRES,Rio de la Plata,1642,in,Potosi,REMITIDO DE POTOSI,OCHO,False,9786.0,9786.0,False
BUENOS AIRES,Rio de la Plata,1646,in,Potosi,REMITIDO DE POTOSI,OCHO,False,30000.0,30000.0,False
BUENOS AIRES,Rio de la Plata,1649,in,Potosi,REMITIDO DE POTOSI,OCHO,False,42072.0,42072.0,False
BUENOS AIRES,Rio de la Plata,1674,out,Buenos Aires,SITUADO DE BUENOS AIRES,OCHO,False,475692.0,475692.0,False
BUENOS AIRES,Rio de la Plata,1674,in,Buenos Aires,SITUADO DE BUENOS AIRES,OCHO,False,479395.0,479395.0,False
BUENOS AIRES,Rio de la Plata,1678,out,Buenos Aires,SITUADO DE BUENOS AIRES,OCHO,False,625871.0,625871.0,False
BUENOS AIRES,Rio de la Plata,1678,in,Buenos Aires,SITUADO DE BUENOS AIRES,OCHO,False,630128.0,630128.0,False
BUENOS AIRES,Rio de la Plata,1683,out,Buenos Aires,SITUADO DE BUENOS AIRES,OCHO,False,375749.0,375749.0,False
BUENOS AIRES,Rio de la Plata,1683,in,Buenos Aires,SITUADO DE BUENOS AIRES,OCHO,False,378970.0,378970.0,False
BUENOS AIRES,Rio de la Plata,1685,out,Buenos Aires,SITUADO DE BUENOS AIRES,OCHO,False,599153.0,599153.0,False
BUENOS AIRES,Rio de la Plata,1685,in,Buenos Aires,SITUADO DE BUENOS AIRES,OCHO,False,592122.0,592122.0,False
BUENOS AIRES,Rio de la Plata,1688,out,Buenos Aires,SITUADO DE BUENOS AIRES,OCHO,False,514004.0,514004.0,False
BUENOS AIRES,Rio de la Plata,1688,in,Buenos Aires,SITUADO DE BUENOS AIRES,OCHO,False,516617.0,516617.0,False
BUENOS AIRES,Rio de la Plata,1692,in,Veracruz,REMITIDO DE SANTA FE DE VERACRUZ,OCHO,False,2351.0,2351.0,False
BUENOS AIRES,Rio de la Plata,1703,in,Veracruz,REMITIDO DE SANTA FE DE VERACRUZ,OCHO,False,40488.0,40488.0,False
BUENOS AIRES,Rio de la Plata,1712,in,Veracruz,REMITIDO DE SANTA FE DE VERACRUZ,OCHO,False,83691.0,83691.0,False
BUENOS AIRES,Rio de la Plata,1714,in,Veracruz,REMITIDO DE SANTA FE DE VERACRUZ,OCHO,False,106961.0,106961.0,False
BUENOS AIRES,Rio de la Plata,1715,in,Veracruz,REMITIDO DE SANTA FE DE VERACRUZ,OCHO,False,127092.0,127092.0,False
BUENOS AIRES,Rio de la Plata,1781,out,unspecified,OTRAS TESORERIAS,OCHO,False,1402198.0,1402198.0,False
BUENOS AIRES,Rio de la Plata,1781,in,unspecified,OTRAS TESORERIAS,OCHO,False,1700699.0,1700699.0,False
BUENOS AIRES,Rio de la Plata,1782,out,unspecified,OTRAS TESORERIAS,OCHO,False,759083.0,759083.0,False
BUENOS AIRES,Rio de la Plata,1782,in,unspecified,OTRAS TESORERIAS,OCHO,False,498914.0,498914.0,False
BUENOS AIRES,Rio de la Plata,1783,out,unspecified,OTRAS TESORERIAS,OCHO,False,1023030.0,1023030.0,False
BUENOS AIRES,Rio de la Plata,1783,in,unspecified,OTRAS TESORERIAS,OCHO,False,1042195.0,1042195.0,False
BUENOS AIRES,Rio de la Plata,1784,in,unspecified,OTRAS TESORERIAS,OCHO,False,1080776.0,1080776.0,False
BUENOS AIRES,Rio de la Plata,1784,out,unspecified,OTRAS TESORERIAS,OCHO,False,1135611.0,1135611.0,False
BUENOS AIRES,Rio de la Plata,1785,in,unspecified,OTRAS TESORERIAS,OCHO,False,1212058.0,1212058.0,False
BUENOS AIRES,Rio de la Plata,1785,in,unspecified,REMISIBLE A OTRAS TESORERIAS,OCHO,False,23819.0,23819.0,False
BUENOS AIRES,Rio de la Plata,1785,out,unspecified,REMISIBLE A OTRAS TESORERIAS,OCHO,False,23819.0,23819.0,False
BUENOS AIRES,Rio de la Plata,1786,in,unspecified,BULAS DE SC DE OTRAS TESORERIAS,OCHO,False,15094.0,15094.0,False
BUENOS AIRES,Rio de la Plata,1786,out,unspecified,BULAS DE SC DE OTRAS TESORERIAS,OCHO,False,15094.0,15094.0,False
BUENOS AIRES,Rio de la Plata,1786,in,unspecified,OTRAS TESORERIAS,OCHO,False,1701833.0,1701833.0,False
BUENOS AIRES,Rio de la Plata,1786,out,unspecified,OTRAS TESORERIAS,OCHO,False,17053.0,17053.0,False
BUENOS AIRES,Rio de la Plata,1787,out,unspecified,BULAS DE SC DE OTRAS TESORERIAS,OCHO,False,4804.0,4804.0,False
BUENOS AIRES,Rio de la Plata,1787,in,unspecified,OTRAS TESORERIAS,OCHO,False,1479450.0,1479450.0,False
BUENOS AIRES,Rio de la Plata,1787,out,unspecified,OTRAS TESORERIAS,OCHO,False,104416.0,104416.0,False
BUENOS AIRES,Rio de la Plata,1787,in,unspecified,REMISIBLE A OTRAS TESORERIAS,OCHO,False,13.0,13.0,False
BUENOS AIRES,Rio de la Plata,1787,out,unspecified,REMISIBLE A OTRAS TESORERIAS,OCHO,False,13.0,13.0,False
BUENOS AIRES,Rio de la Plata,1788,out,unspecified,OTRAS TESORERIAS,OCHO,False,205946.0,205946.0,False
BUENOS AIRES,Rio de la Plata,1788,in,unspecified,OTRAS TESORERIAS,OCHO,False,1475671.0,1475671.0,False
BUENOS AIRES,Rio de la Plata,1788,in,unspecified,REMISIBLE A OTRAS TESORERIAS,OCHO,False,1000.0,1000.0,False
BUENOS AIRES,Rio de la Plata,1788,out,unspecified,REMISIBLE A OTRAS TESORERIAS,OCHO,False,1000.0,1000.0,False
BUENOS AIRES,Rio de la Plata,1789,out,unspecified,OTRAS TESORERIAS,OCHO,False,121002.0,121002.0,False
BUENOS AIRES,Rio de la Plata,1789,in,unspecified,OTRAS TESORERIAS,OCHO,False,1660997.0,1660997.0,False
BUENOS AIRES,Rio de la Plata,1790,in,unspecified,OTRAS TESORERIAS,OCHO,False,1096645.0,1096645.0,False
BUENOS AIRES,Rio de la Plata,1790,out,unspecified,OTRAS TESORERIAS,OCHO,False,147742.0,147742.0,False
BUENOS AIRES,Rio de la Plata,1791,in,unspecified,OTRAS TESORERIAS,OCHO,False,1525931.0,1525931.0,False
BUENOS AIRES,Rio de la Plata,1791,out,unspecified,OTRAS TESORERIAS,OCHO,False,438607.0,438607.0,False
BUENOS AIRES,Rio de la Plata,1792,in,unspecified,OTRAS TESORERIAS,OCHO,False,1770350.0,1770350.0,False
BUENOS AIRES,Rio de la Plata,1792,out,unspecified,OTRAS TESORERIAS,OCHO,False,288835.0,288835.0,False
BUENOS AIRES,Rio de la Plata,1793,out,unspecified,OTRAS TESORERIAS,OCHO,False,32376.0,32376.0,False
BUENOS AIRES,Rio de la Plata,1793,in,unspecified,OTRAS TESORERIAS,OCHO,False,1633723.0,1633723.0,False
BUENOS AIRES,Rio de la Plata,1794,out,unspecified,OTRAS TESORERIAS,OCHO,False,368167.0,368167.0,False
BUENOS AIRES,Rio de la Plata,1794,in,unspecified,OTRAS TESORERIAS,OCHO,False,1572930.0,1572930.0,False
BUENOS AIRES,Rio de la Plata,1795,in,unspecified,OTRAS TESORERIAS,OCHO,False,2005130.0,2005130.0,False
BUENOS AIRES,Rio de la Plata,1795,out,unspecified,OTRAS TESORERIAS,OCHO,False,193271.0,193271.0,False
BUENOS AIRES,Rio de la Plata,1796,in,unspecified,OTRAS TESORERIAS,OCHO,False,1402587.0,1402587.0,False
BUENOS AIRES,Rio de la Plata,1796,out,unspecified,OTRAS TESORERIAS,OCHO,False,170320.0,170320.0,False
BUENOS AIRES,Rio de la Plata,1797,in,unspecified,OTRAS TESORERIAS,OCHO,False,1346363.0,1346363.0,False
BUENOS AIRES,Rio de la Plata,1797,out,unspecified,OTRAS TESORERIAS,OCHO,False,41652.0,41652.0,False
BUENOS AIRES,Rio de la Plata,1798,out,unspecified,OTRAS TESORERIAS,OCHO,False,136376.0,136376.0,False
BUENOS AIRES,Rio de la Plata,1798,in,unspecified,OTRAS TESORERIAS,OCHO,False,1672011.0,1672011.0,False
BUENOS AIRES,Rio de la Plata,1799,out,unspecified,OTRAS TESORERIAS,OCHO,False,65871.0,65871.0,False
BUENOS AIRES,Rio de la Plata,1799,in,unspecified,OTRAS TESORERIAS,OCHO,False,1136900.0,1136900.0,False
BUENOS AIRES,Rio de la Plata,1800,in,unspecified,OTRAS TESORERIAS,OCHO,False,2437725.0,2437725.0,False
BUENOS AIRES,Rio de la Plata,1800,out,unspecified,OTRAS TESORERIAS,OCHO,False,9132.0,9132.0,False
BUENOS AIRES,Rio de la Plata,1801,out,unspecified,OTRAS TESORERIAS,OCHO,False,321268.0,321268.0,False
BUENOS AIRES,Rio de la Plata,1801,in,unspecified,OTRAS TESORERIAS,OCHO,False,1387945.0,1387945.0,False
BUENOS AIRES,Rio de la Plata,1802,in,unspecified,OTRAS TESORERIAS,OCHO,False,1340375.0,1340375.0,False
BUENOS AIRES,Rio de la Plata,1802,out,unspecified,OTRAS TESORERIAS,OCHO,False,288300.0,288300.0,False
BUENOS AIRES,Rio de la Plata,1803,out,unspecified,OTRAS TESORERIAS,OCHO,False,77733.0,77733.0,False
BUENOS AIRES,Rio de la Plata,1803,in,unspecified,OTRAS TESORERIAS,OCHO,False,451935.0,451935.0,False
BUENOS AIRES,Rio de la Plata,1803,out,unspecified,SUPLEMENTOS A OTRAS TESORERIAS,OCHO,False,6144.0,6144.0,False
BUENOS AIRES,Rio de la Plata,1807,in,unspecified,OTRAS TESORERIAS,OCHO,False,1220295.0,1220295.0,False
BUENOS AIRES,Rio de la Plata,1808,out,unspecified,OTRAS TESORERIAS,OCHO,False,2368.0,2368.0,False
BUENOS AIRES,Rio de la Plata,1808,in,unspecified,OTRAS TESORERIAS,OCHO,False,832102.0,832102.0,False
BUENOS AIRES,Rio de la Plata,1809,out,unspecified,OTRAS TESORERIAS,OCHO,False,64900.0,64900.0,False
BUENOS AIRES,Rio de la Plata,1809,in,unspecified,OTRAS TESORERIAS,OCHO,False,1423759.0,1423759.0,False
CATAMARCA,Rio de la Plata,1799,out,Buenos Aires,REMITIDO A BUENOS AIRES,OCHO,False,5000.0,5000.0,False
CATAMARCA,Rio de la Plata,1801,out,Buenos Aires,REMITIDO A BUENOS AIRES,OCHO,False,7828.0,7828.0,False
CORDOBA DE TUCUMAN,Rio de la Plata,1800,out,unspecified,REMITIDO A OTRAS TESORERIAS,OCHO,False,12000.0,12000.0,False
CORDOBA DE TUCUMAN,Rio de la Plata,1801,out,unspecified,REMITIDO A OTRAS TESORERIAS,OCHO,False,12000.0,12000.0,False
CORDOBA DE TUCUMAN,Rio de la Plata,1807,in,unspecified,OTRAS TESORERIAS,OCHO,False,2361.0,2361.0,False
CORDOBA DE TUCUMAN,Rio de la Plata,1808,out,unspecified,SUPLEMENTOS A OTRAS TESORERIAS,OCHO,False,1962.0,1962.0,False
CORDOBA DE TUCUMAN,Rio de la Plata,1809,out,unspecified,OTRAS TESORERIAS,OCHO,False,24173.0,24173.0,False
CORDOBA DE TUCUMAN,Rio de la Plata,1809,in,unspecified,OTRAS TESORERIAS,OCHO,False,2538.0,2538.0,False
CORDOBA DE TUCUMAN,Rio de la Plata,1809,out,unspecified,SUPLEMENTOS A OTRAS TESORERIAS,OCHO,False,1472.0,1472.0,False
CORDOBA DE TUCUMAN,Rio de la Plata,1810,out,unspecified,OTRAS TESORERIAS,OCHO,False,9176.0,9176.0,False
CORDOBA DE TUCUMAN,Rio de la Plata,1810,in,unspecified,OTRAS TESORERIAS,OCHO,False,9175.0,9175.0,False
CORDOBA DE TUCUMAN,Rio de la Plata,1810,out,unspecified,SUPLEMENTOS A OTRAS TESORERIAS,OCHO,False,5480.0,5480.0,False
CORDOBA DE TUCUMAN,Rio de la Plata,1811,out,unspecified,SUPLEMENTOS A OTRAS TESORERIAS,OCHO,False,1742.0,1742.0,False
CORDOBA DE TUCUMAN,Rio de la Plata,1812,out,unspecified,SUPLEMENTOS A OTRAS TESORERIAS,OCHO,False,4157.0,4157.0,False
CORDOBA DE TUCUMAN,Rio de la Plata,1813,out,unspecified,SUPLEMENTOS A OTRAS TESORERIAS,OCHO,False,3331.0,3331.0,False
CORDOBA DE TUCUMAN,Rio de la Plata,1814,out,unspecified,OTRAS TESORERIAS,OCHO,False,3513.0,3513.0,False
CORDOBA DE TUCUMAN,Rio de la Plata,1814,in,unspecified,OTRAS TESORERIAS,OCHO,False,3513.0,3513.0,False
CORDOBA DE TUCUMAN,Rio de la Plata,1814,out,unspecified,SUPLEMENTOS A OTRAS TESORERIAS,OCHO,False,5857.0,5857.0,False
CORRIENTES,Rio de la Plata,1788,in,unspecified,OTRAS TESORERIAS,OCHO,False,636.0,636.0,False
CORRIENTES,Rio de la Plata,1792,out,unspecified,OTRAS TESORERIAS,OCHO,False,925.0,925.0,False
CORRIENTES,Rio de la Plata,1792,in,unspecified,OTRAS TESORERIAS,OCHO,False,925.0,925.0,False
CORRIENTES,Rio de la Plata,1793,out,unspecified,OTRAS TESORERIAS,OCHO,False,523.0,523.0,False
CORRIENTES,Rio de la Plata,1796,in,unspecified,OTRAS TESORERIAS,OCHO,False,1545.0,1545.0,False
CORRIENTES,Rio de la Plata,1796,out,unspecified,OTRAS TESORERIAS,OCHO,False,1917.0,1917.0,False
CORRIENTES,Rio de la Plata,1797,out,unspecified,OTRAS TESORERIAS,OCHO,False,1442.0,1442.0,False
CORRIENTES,Rio de la Plata,1798,out,unspecified,OTRAS TESORERIAS,OCHO,False,1000.0,1000.0,False
CORRIENTES,Rio de la Plata,1802,in,unspecified,OTRAS TESORERIAS,OCHO,False,300.0,300.0,False
CORRIENTES,Rio de la Plata,1803,in,unspecified,OTRAS TESORERIAS,OCHO,False,104.0,104.0,False
JUJUI,Rio de la Plata,1749,in,unspecified,VENIDO DE FUERA,OCHO,False,277.0,277.0,False
JUJUI,Rio de la Plata,1754,in,unspecified,VENIDO DE FUERA,OCHO,False,5550.0,5550.0,False
JUJUI,Rio de la Plata,1755,in,unspecified,VENIDO DE FUERA,OCHO,False,6500.0,6500.0,False
JUJUI,Rio de la Plata,1756,in,unspecified,VENIDO DE FUERA,OCHO,False,846.0,846.0,False
JUJUI,Rio de la Plata,1757,in,unspecified,VENIDO DE FUERA,OCHO,False,1782.0,1782.0,False
JUJUI,Rio de la Plata,1758,in,unspecified,VENIDO DE FUERA,OCHO,False,5707.0,5707.0,False
JUJUI,Rio de la Plata,1759,in,unspecified,VENIDO DE FUERA,OCHO,False,2525.0,2525.0,False
JUJUI,Rio de la Plata,1760,in,unspecified,VENIDO DE FUERA,OCHO,False,2189.0,2189.0,False
JUJUI,Rio de la Plata,1761,in,unspecified,VENIDO DE FUERA,OCHO,False,5577.0,5577.0,False
JUJUI,Rio de la Plata,1762,in,unspecified,VENIDO DE FUERA,OCHO,False,2485.0,2485.0,False
JUJUI,Rio de la Plata,1763,in,unspecified,VENIDO DE FUERA,OCHO,False,7066.0,7066.0,False
JUJUI,Rio de la Plata,1764,in,unspecified,VENIDO DE FUERA,OCHO,False,1716.0,1716.0,False
JUJUI,Rio de la Plata,1765,in,unspecified,VENIDO DE FUERA,OCHO,False,8371.0,8371.0,False
JUJUI,Rio de la Plata,1766,in,unspecified,VENIDO DE FUERA,OCHO,False,9734.0,9734.0,False
JUJUI,Rio de la Plata,1767,in,unspecified,VENIDO DE FUERA,OCHO,False,5005.0,5005.0,False
JUJUI,Rio de la Plata,1768,in,unspecified,VENIDO DE FUERA,OCHO,False,7473.0,7473.0,False
JUJUI,Rio de la Plata,1769,in,unspecified,VENIDO DE FUERA,OCHO,False,10457.0,10457.0,False
JUJUI,Rio de la Plata,1772,in,unspecified,VENIDO DE FUERA,OCHO,False,9103.0,9103.0,False
JUJUI,Rio de la Plata,1773,in,unspecified,VENIDO DE FUERA,OCHO,False,10319.0,10319.0,False
JUJUI,Rio de la Plata,1774,in,unspecified,VENIDO DE FUERA,OCHO,False,9388.0,9388.0,False
JUJUI,Rio de la Plata,1775,out,Buenos Aires,REMITIDO A BUENOS AIRES,OCHO,False,16499.0,16499.0,False
JUJUI,Rio de la Plata,1775,in,unspecified,VENIDO DE FUERA,OCHO,False,12035.0,12035.0,False
JUJUI,Rio de la Plata,1776,out,Buenos Aires,REMITIDO A BUENOS AIRES,OCHO,False,24914.0,24914.0,False
JUJUI,Rio de la Plata,1777,out,Buenos Aires,REMITIDO A BUENOS AIRES,OCHO,False,5200.0,5200.0,False
JUJUI,Rio de la Plata,1778,out,Buenos Aires,REMITIDO A BUENOS AIRES,OCHO,False,12969.0,12969.0,False
JUJUI,Rio de la Plata,1779,out,Buenos Aires,REMITIDO A BUENOS AIRES,OCHO,False,17400.0,17400.0,False
JUJUI,Rio de la Plata,1780,out,Buenos Aires,REMITIDO A BUENOS AIRES,OCHO,False,1600.0,1600.0,False
LA RIOJA,Rio de la Plata,1811,out,unspecified,OTRAS TESORERIAS,OCHO,False,40.0,40.0,False
LA RIOJA,Rio de la Plata,1811,in,unspecified,OTRAS TESORERIAS,OCHO,False,2012.0,2012.0,False
LA RIOJA,Rio de la Plata,1812,in,unspecified,OTRAS TESORERIAS,OCHO,False,2037.0,2037.0,False
LA RIOJA,Rio de la Plata,1812,out,unspecified,OTRAS TESORERIAS,OCHO,False,41.0,41.0,False
LA RIOJA,Rio de la Plata,1813,out,unspecified,OTRAS TESORERIAS,OCHO,False,167.0,167.0,False
LA RIOJA,Rio de la Plata,1813,in,unspecified,OTRAS TESORERIAS,OCHO,False,8380.0,8380.0,False
MALDONADO,Rio de la Plata,1786,in,unspecified,OTRAS TESORERIAS,OCHO,False,15000.0,15000.0,False
MALDONADO,Rio de la Plata,1787,in,unspecified,OTRAS TESORERIAS,OCHO,False,60000.0,60000.0,False
MALDONADO,Rio de la Plata,1788,in,unspecified,OTRAS TESORERIAS,OCHO,False,6000.0,6000.0,False
MALDONADO,Rio de la Plata,1791,out,unspecified,OTRAS TESORERIAS,OCHO,False,3050.0,3050.0,False
MALDONADO,Rio de la Plata,1791,in,unspecified,OTRAS TESORERIAS,OCHO,False,30000.0,30000.0,False
MALDONADO,Rio de la Plata,1792,in,unspecified,OTRAS TESORERIAS,OCHO,False,55250.0,55250.0,False
MALDONADO,Rio de la Plata,1793,in,unspecified,OTRAS TESORERIAS,OCHO,False,68904.0,68904.0,False
MALDONADO,Rio de la Plata,1794,in,unspecified,OTRAS TESORERIAS,OCHO,False,38600.0,38600.0,False
MALDONADO,Rio de la Plata,1795,in,unspecified,OTRAS TESORERIAS,OCHO,False,40000.0,40000.0,False
MALDONADO,Rio de la Plata,1796,in,unspecified,OTRAS TESORERIAS,OCHO,False,45358.0,45358.0,False
MALDONADO,Rio de la Plata,1797,in,unspecified,OTRAS TESORERIAS,OCHO,False,29324.0,29324.0,False
MALDONADO,Rio de la Plata,1798,in,unspecified,OTRAS TESORERIAS,OCHO,False,29875.0,29875.0,False
MALDONADO,Rio de la Plata,1799,in,unspecified,OTRAS TESORERIAS,OCHO,False,12714.0,12714.0,False
MALDONADO,Rio de la Plata,1800,in,unspecified,OTRAS TESORERIAS,OCHO,False,107978.0,107978.0,False
MALDONADO,Rio de la Plata,1802,in,unspecified,OTRAS TESORERIAS,OCHO,False,3098.0,3098.0,False
MALDONADO,Rio de la Plata,1803,in,unspecified,OTRAS TESORERIAS,OCHO,False,30294.0,30294.0,False
MALDONADO,Rio de la Plata,1804,in,unspecified,OTRAS TESORERIAS,OCHO,False,18479.0,18479.0,False
MALDONADO,Rio de la Plata,1805,in,unspecified,OTRAS TESORERIAS,OCHO,False,60062.0,60062.0,False
MALDONADO,Rio de la Plata,1806,in,unspecified,OTRAS TESORERIAS,OCHO,False,23643.0,23643.0,False
MONTEVIDEO,Rio de la Plata,1786,in,Buenos Aires,REMITIDO DE BUENOS AIRES,OCHO,False,31000.0,31000.0,False
MONTEVIDEO,Rio de la Plata,1787,in,Buenos Aires,REMITIDO DE BUENOS AIRES,OCHO,False,71991.0,71991.0,False
MONTEVIDEO,Rio de la Plata,1789,out,unspecified,REMITIDO A OTRAS TESORERIAS,OCHO,False,2270.0,2270.0,False
MONTEVIDEO,Rio de la Plata,1790,out,unspecified,OTRAS TESORERIAS,OCHO,False,68103.0,68103.0,False
MONTEVIDEO,Rio de la Plata,1790,in,unspecified,OTRAS TESORERIAS,OCHO,False,195376.0,195376.0,False
MONTEVIDEO,Rio de la Plata,1791,out,unspecified,OTRAS TESORERIAS,OCHO,False,52108.0,52108.0,False
MONTEVIDEO,Rio de la Plata,1791,in,unspecified,OTRAS TESORERIAS,OCHO,False,121171.0,121171.0,False
MONTEVIDEO,Rio de la Plata,1792,out,unspecified,OTRAS TESORERIAS,OCHO,False,55000.0,55000.0,False
MONTEVIDEO,Rio de la Plata,1792,in,unspecified,OTRAS TESORERIAS,OCHO,False,175416.0,175416.0,False
MONTEVIDEO,Rio de la Plata,1793,out,unspecified,OTRAS TESORERIAS,OCHO,False,7624.0,7624.0,False
MONTEVIDEO,Rio de la Plata,1793,in,unspecified,OTRAS TESORERIAS,OCHO,False,114462.0,114462.0,False
MONTEVIDEO,Rio de la Plata,1794,out,unspecified,OTRAS TESORERIAS,OCHO,False,72287.0,72287.0,False
MONTEVIDEO,Rio de la Plata,1794,in,unspecified,OTRAS TESORERIAS,OCHO,False,130419.0,130419.0,False
MONTEVIDEO,Rio de la Plata,1795,out,unspecified,OTRAS TESORERIAS,OCHO,False,58146.0,58146.0,False
MONTEVIDEO,Rio de la Plata,1795,in,unspecified,OTRAS TESORERIAS,OCHO,False,110390.0,110390.0,False
MONTEVIDEO,Rio de la Plata,1796,out,unspecified,OTRAS TESORERIAS,OCHO,False,44000.0,44000.0,False
MONTEVIDEO,Rio de la Plata,1796,in,unspecified,OTRAS TESORERIAS,OCHO,False,56226.0,56226.0,False
MONTEVIDEO,Rio de la Plata,1797,in,unspecified,OTRAS TESORERIAS,OCHO,False,68360.0,68360.0,False
MONTEVIDEO,Rio de la Plata,1797,out,unspecified,OTRAS TESORERIAS,OCHO,False,26000.0,26000.0,False
MONTEVIDEO,Rio de la Plata,1798,out,unspecified,OTRAS TESORERIAS,OCHO,False,95800.0,95800.0,False
MONTEVIDEO,Rio de la Plata,1798,in,unspecified,OTRAS TESORERIAS,OCHO,False,145429.0,145429.0,False
MONTEVIDEO,Rio de la Plata,1799,in,unspecified,OTRAS TESORERIAS,OCHO,False,67926.0,67926.0,False
MONTEVIDEO,Rio de la Plata,1799,in,unspecified,OTRAS TESORERIAS,OCHO,False,152061.0,152061.0,False
MONTEVIDEO,Rio de la Plata,1799,out,unspecified,OTRAS TESORERIAS,OCHO,False,948.0,948.0,False
MONTEVIDEO,Rio de la Plata,1801,out,unspecified,OTRAS TESORERIAS,OCHO,False,186000.0,186000.0,False
MONTEVIDEO,Rio de la Plata,1801,in,unspecified,OTRAS TESORERIAS,OCHO,False,640818.0,640818.0,False
MONTEVIDEO,Rio de la Plata,1802,in,unspecified,OTRAS TESORERIAS,OCHO,False,65114.0,65114.0,False
MONTEVIDEO,Rio de la Plata,1803,out,unspecified,OTRAS TESORERIAS,OCHO,False,10000.0,10000.0,False
MONTEVIDEO,Rio de la Plata,1803,in,unspecified,OTRAS TESORERIAS,OCHO,False,153915.0,153915.0,False
MONTEVIDEO,Rio de la Plata,1804,in,unspecified,OTRAS TESORERIAS,OCHO,False,544149.0,544149.0,False
MONTEVIDEO,Rio de la Plata,1804,out,unspecified,OTRAS TESORERIAS,OCHO,False,37783.0,37783.0,False
MONTEVIDEO,Rio de la Plata,1805,out,unspecified,OTRAS TESORERIAS,OCHO,False,50000.0,50000.0,False
MONTEVIDEO,Rio de la Plata,1805,in,unspecified,OTRAS TESORERIAS,OCHO,False,670597.0,670597.0,False
MONTEVIDEO,Rio de la Plata,1806,out,unspecified,OTRAS TESORERIAS,OCHO,False,40304.0,40304.0,False
MONTEVIDEO,Rio de la Plata,1806,in,unspecified,OTRAS TESORERIAS,OCHO,False,813590.0,813590.0,False
MONTEVIDEO,Rio de la Plata,1807,out,unspecified,OTRAS TESORERIAS,OCHO,False,47380.0,47380.0,False
MONTEVIDEO,Rio de la Plata,1807,in,unspecified,OTRAS TESORERIAS,OCHO,False,154824.0,154824.0,False
MONTEVIDEO,Rio de la Plata,1808,in,unspecified,OTRAS TESORERIAS,OCHO,False,161291.0,161291.0,False
MONTEVIDEO,Rio de la Plata,1809,out,unspecified,OTRAS TESORERIAS,OCHO,False,763.0,763.0,False
MONTEVIDEO,Rio de la Plata,1809,in,unspecified,OTRAS TESORERIAS,OCHO,False,599031.0,599031.0,False
PARAGUAY,Rio de la Plata,1775,out,Buenos Aires,REMITIDO A BUENOS AIRES,OCHO,False,501.0,501.0,False
PARAGUAY,Rio de la Plata,1777,out,Buenos Aires,REMITIDO A BUENOS AIRES,OCHO,False,222.0,222.0,False
PARAGUAY,Rio de la Plata,1780,out,Buenos Aires,REMITIDO A BUENOS AIRES,OCHO,False,1703.0,1703.0,False
PARAGUAY,Rio de la Plata,1789,in,unspecified,OTRAS TESORERIAS,OCHO,False,4350.0,4350.0,False
PARAGUAY,Rio de la Plata,1790,in,unspecified,OTRAS TESORERIAS,OCHO,False,27137.0,27137.0,False
PARAGUAY,Rio de la Plata,1791,in,unspecified,OTRAS TESORERIAS,OCHO,False,64428.0,64428.0,False
PARAGUAY,Rio de la Plata,1792,in,unspecified,OTRAS TESORERIAS,OCHO,False,33472.0,33472.0,False
PARAGUAY,Rio de la Plata,1793,in,unspecified,OTRAS TESORERIAS,OCHO,False,34673.0,34673.0,False
PARAGUAY,Rio de la Plata,1794,in,unspecified,OTRAS TESORERIAS,OCHO,False,60730.0,60730.0,False
PARAGUAY,Rio de la Plata,1795,in,unspecified,OTRAS TESORERIAS,OCHO,False,64576.0,64576.0,False
PARAGUAY,Rio de la Plata,1796,in,unspecified,OTRAS TESORERIAS,OCHO,False,56135.0,56135.0,False
PARAGUAY,Rio de la Plata,1799,in,unspecified,OTRAS TESORERIAS,OCHO,False,51897.0,51897.0,False
PARAGUAY,Rio de la Plata,1800,in,unspecified,OTRAS TESORERIAS,OCHO,False,28463.0,28463.0,False
PARAGUAY,Rio de la Plata,1801,in,unspecified,OTRAS TESORERIAS,OCHO,False,13740.0,13740.0,False
PARAGUAY,Rio de la Plata,1803,in,unspecified,OTRAS TESORERIAS,OCHO,False,56957.0,56957.0,False
PARAGUAY,Rio de la Plata,1804,in,unspecified,OTRAS TESORERIAS,OCHO,False,27000.0,27000.0,False
PARAGUAY,Rio de la Plata,1805,in,unspecified,OTRAS TESORERIAS,OCHO,False,5198.0,5198.0,False
PARAGUAY,Rio de la Plata,1808,in,unspecified,OTRAS TESORERIAS,OCHO,False,597.0,597.0,False
SALTA,Rio de la Plata,1785,in,unspecified,OTRAS TESORERIAS,OCHO,False,99750.0,99750.0,False
SALTA,Rio de la Plata,1791,out,unspecified,OTRAS TESORERIAS,OCHO,False,15000.0,15000.0,False
SALTA,Rio de la Plata,1791,in,unspecified,OTRAS TESORERIAS,OCHO,False,30000.0,30000.0,False
SAN JUAN,Rio de la Plata,1793,in,unspecified,OTRAS TESORERIAS |,OCHO,False,158.0,158.0,False
SAN JUAN,Rio de la Plata,1794,in,unspecified,OTRAS TESORERIAS |,OCHO,False,934.0,934.0,False
SAN JUAN,Rio de la Plata,1795,out,unspecified,OTRAS TESORERIAS,OCHO,False,212.0,212.0,False
SAN JUAN,Rio de la Plata,1795,in,unspecified,OTRAS TESORERIAS |,OCHO,False,118.0,118.0,False
SAN JUAN,Rio de la Plata,1796,in,unspecified,OTRAS TESORERIAS |,OCHO,False,37.0,37.0,False
SAN JUAN,Rio de la Plata,1805,in,unspecified,ALCABALAS DE OTRAS TESORERIAS |,OCHO,False,48.0,48.0,False
SAN JUAN,Rio de la Plata,1806,out,unspecified,OTRAS TESORERIAS,OCHO,False,1.0,1.0,False
SAN JUAN,Rio de la Plata,1806,in,unspecified,OTRAS TESORERIAS |,OCHO,False,17.0,17.0,False
SAN JUAN,Rio de la Plata,1807,in,unspecified,ALCABALAS DE OTRAS TESORERIAS |,OCHO,False,2.0,2.0,False
SAN JUAN,Rio de la Plata,1808,out,unspecified,OTRAS TESORERIAS,OCHO,False,12.0,12.0,False
SAN JUAN,Rio de la Plata,1811,out,unspecified,OTRAS TESORERIAS,OCHO,False,8.0,8.0,False
SAN JUAN,Rio de la Plata,1811,in,unspecified,OTRAS TESORERIAS |,OCHO,False,130.0,130.0,False
SAN JUAN,Rio de la Plata,1814,in,unspecified,OTRAS TESORERIAS |,OCHO,False,42.0,42.0,False
SANTA FE VERACRUZ,Rio de la Plata,1787,in,unspecified,OTRAS TESORERIAS,OCHO,False,519.0,519.0,False
SANTA FE VERACRUZ,Rio de la Plata,1789,out,unspecified,REMITIDO A OTRAS TESORERIAS,OCHO,False,8890.0,8890.0,False
SANTA FE VERACRUZ,Rio de la Plata,1789,in,unspecified,OTRAS TESORERIAS,OCHO,False,996.0,996.0,False
SANTA FE VERACRUZ,Rio de la Plata,1790,out,unspecified,REMITIDO A OTRAS TESORERIAS,OCHO,False,1305.0,1305.0,False
SANTA FE VERACRUZ,Rio de la Plata,1790,in,unspecified,OTRAS TESORERIAS,OCHO,False,692.0,692.0,False
SANTA FE VERACRUZ,Rio de la Plata,1791,out,unspecified,REMITIDO A OTRAS TESORERIAS,OCHO,False,4348.0,4348.0,False
SANTA FE VERACRUZ,Rio de la Plata,1791,in,unspecified,OTRAS TESORERIAS,OCHO,False,668.0,668.0,False
SANTA FE VERACRUZ,Rio de la Plata,1792,out,unspecified,REMITIDO A OTRAS TESORERIAS,OCHO,False,16739.0,16739.0,False
SANTA FE VERACRUZ,Rio de la Plata,1792,in,unspecified,OTRAS TESORERIAS,OCHO,False,11675.0,11675.0,False
SANTA FE VERACRUZ,Rio de la Plata,1793,out,unspecified,REMITIDO A OTRAS TESORERIAS,OCHO,False,16412.0,16412.0,False
SANTA FE VERACRUZ,Rio de la Plata,1793,in,unspecified,OTRAS TESORERIAS,OCHO,False,12336.0,12336.0,False
SANTA FE VERACRUZ,Rio de la Plata,1794,in,unspecified,OTRAS TESORERIAS,OCHO,False,17160.0,17160.0,False
SANTA FE VERACRUZ,Rio de la Plata,1795,in,unspecified,OTRAS TESORERIAS,OCHO,False,8252.0,8252.0,False
SANTA FE VERACRUZ,Rio de la Plata,1796,in,unspecified,OTRAS TESORERIAS,OCHO,False,8759.0,8759.0,False
SANTA FE VERACRUZ,Rio de la Plata,1797,out,unspecified,OTRAS TESORERIAS,OCHO,False,19164.0,19164.0,False
SANTA FE VERACRUZ,Rio de la Plata,1797,in,unspecified,OTRAS TESORERIAS,OCHO,False,13493.0,13493.0,False
SANTA FE VERACRUZ,Rio de la Plata,1798,out,unspecified,OTRAS TESORERIAS,OCHO,False,10410.0,10410.0,False
SANTA FE VERACRUZ,Rio de la Plata,1798,in,unspecified,OTRAS TESORERIAS,OCHO,False,6905.0,6905.0,False
SANTA FE VERACRUZ,Rio de la Plata,1799,out,unspecified,OTRAS TESORERIAS,OCHO,False,2889.0,2889.0,False
SANTA FE VERACRUZ,Rio de la Plata,1799,in,unspecified,OTRAS TESORERIAS,OCHO,False,616.0,616.0,False
SANTA FE VERACRUZ,Rio de la Plata,1800,out,unspecified,OTRAS TESORERIAS,OCHO,False,155.0,155.0,False
SANTA FE VERACRUZ,Rio de la Plata,1800,in,unspecified,OTRAS TESORERIAS,OCHO,False,910.0,910.0,False
SANTA FE VERACRUZ,Rio de la Plata,1803,in,unspecified,OTRAS TESORERIAS,OCHO,False,922.0,922.0,False
SANTA FE VERACRUZ,Rio de la Plata,1808,out,unspecified,OTRAS TESORERIAS,OCHO,False,412.0,412.0,False
SANTA FE VERACRUZ,Rio de la Plata,1808,in,unspecified,OTRAS TESORERIAS,OCHO,False,412.0,412.0,False
SANTIAGO DEL ESTERO,Rio de la Plata,1775,out,Buenos Aires,REMITIDO A BUENOS AIRES,OCHO,False,500.0,500.0,False
SANTIAGO DEL ESTERO,Rio de la Plata,1776,out,Buenos Aires,REMITIDO A BUENOS AIRES,OCHO,False,200.0,200.0,False
