region,caja,year,tax_class,currency,amount
Chile,Concepción,1785,silver_tax,OCHO,52.0
Chile,Concepción,1786,silver_tax,OCHO,50.0
Chile,Concepción,1787,silver_tax,OCHO,50.0
Chile,Concepción,1788,silver_tax,OCHO,50.0
Chile,MENDOZA,1781,mercury_sales,OCHO,6092.0
Chile,MENDOZA,1783,mercury_sales,OCHO,30.0
Chile,MENDOZA,1784,mercury_sales,OCHO,1080.0
Chile,MENDOZA,1785,mercury_sales,OCHO,480.0
Chile,MENDOZA,1786,mercury_sales,OCHO,390.0
Chile,MENDOZA,1786,silver_other,OCHO,640.0
Chile,MENDOZA,1787,mercury_sales,OCHO,609.0
Chile,MENDOZA,1787,silver_other,OCHO,494.0
Chile,MENDOZA,1788,gold_tax,OCHO,91.0
Chile,MENDOZA,1788,mercury_sales,OCHO,609.0
Chile,MENDOZA,1788,silver_other,OCHO,351.0
Chile,MENDOZA,1789,gold_tax,OCHO,44.0
Chile,MENDOZA,1789,mercury_sales,OCHO,3979.0
Chile,MENDOZA,1789,silver_tax,OCHO,125.0
Chile,MENDOZA,1790,gold_tax,OCHO,88.0
Chile,MENDOZA,1790,mercury_sales,OCHO,4917.0
Chile,MENDOZA,1790,silver_tax,OCHO,354.0
Chile,MENDOZA,1791,gold_tax,OCHO,125.0
Chile,MENDOZA,1791,mercury_sales,OCHO,19480.0
Chile,MENDOZA,1791,silver_tax,OCHO,622.0
Chile,MENDOZA,1792,gold_tax,OCHO,109.0
Chile,MENDOZA,1792,mercury_sales,OCHO,19480.0
Chile,MENDOZA,1792,silver_tax,OCHO,814.0
Chile,MENDOZA,1793,gold_tax,OCHO,223.0
Chile,MENDOZA,1793,mercury_sales,OCHO,18251.0
Chile,MENDOZA,1793,silver_tax,OCHO,556.0
Chile,MENDOZA,1794,mercury_sales,OCHO,18068.0
Chile,MENDOZA,1795,gold_tax,OCHO,904.0
Chile,MENDOZA,1795,mercury_sales,OCHO,17812.0
Chile,MENDOZA,1796,gold_tax,OCHO,300.0
Chile,MENDOZA,1796,mercury_sales,OCHO,13634.0
Chile,MENDOZA,1796,silver_tax,OCHO,943.0
Chile,MENDOZA,1797,mercury_sales,OCHO,12264.0
Chile,MENDOZA,1798,gold_tax,OCHO,518.0
Chile,MENDOZA,1798,mercury_sales,OCHO,12043.0
Chile,MENDOZA,1799,gold_tax,OCHO,171.0
Chile,MENDOZA,1799,mercury_sales,OCHO,9491.0
Chile,MENDOZA,1799,silver_tax,OCHO,36.0
Chile,MENDOZA,1800,gold_tax,OCHO,1047.0
Chile,MENDOZA,1800,mercury_sales,OCHO,9624.0
Chile,MENDOZA,1800,silver_tax,OCHO,139.0
Chile,MENDOZA,1801,gold_tax,OCHO,374.0
Chile,MENDOZA,1801,mercury_sales,OCHO,6881.0
Chile,MENDOZA,1801,silver_tax,OCHO,1737.0
Chile,MENDOZA,1802,gold_tax,OCHO,475.0
Chile,MENDOZA,1802,mercury_sales,OCHO,1735.0
Chile,MENDOZA,1803,gold_tax,OCHO,356.0
Chile,MENDOZA,1803,mercury_sales,OCHO,2737.0
Chile,MENDOZA,1805,gold_tax,OCHO,74.0
Chile,MENDOZA,1805,mercury_sales,OCHO,894.0
Chile,MENDOZA,1805,silver_tax,OCHO,91.0
Chile,MENDOZA,1806,gold_tax,OCHO,464.0
Chile,MENDOZA,1806,mercury_sales,OCHO,37.0
Chile,MENDOZA,1806,silver_tax,OCHO,327.0
Chile,MENDOZA,1807,gold_tax,OCHO,528.0
Chile,MENDOZA,1807,mercury_sales,OCHO,1752.0
Chile,MENDOZA,1808,gold_tax,OCHO,679.0
Chile,MENDOZA,1808,mercury_sales,OCHO,444.0
Chile,MENDOZA,1809,gold_tax,OCHO,881.0
Chile,MENDOZA,1809,mercury_sales,OCHO,222.0
Chile,MENDOZA,1811,gold_tax,OCHO,219.0
Chile,MENDOZA,1811,mercury_sales,OCHO,775.0
Chile,MENDOZA,1812,gold_tax,OCHO,1104.0
Chile,MENDOZA,1812,mercury_sales,OCHO,250.0
Chile,MENDOZA,1814,gold_tax,OCHO,47.0
Chile,MENDOZA,1814,mercury_sales,OCHO,267.0
Chile,Santiago de Chile,1613,gold_tax,OCHO,652.0
Chile,Santiago de Chile,1614,gold_tax,OCHO,1279.0
Chile,Santiago de Chile,1616,gold_tax,OCHO,1813.0
Chile,Santiago de Chile,1617,gold_tax,OCHO,880.0
Chile,Santiago de Chile,1621,gold_tax,OCHO,233.0
Chile,Santiago de Chile,1622,gold_tax,OCHO,51.0
Chile,Santiago de Chile,1623,gold_tax,OCHO,370.0
Chile,Santiago de Chile,1625,gold_tax,OCHO,590.0
Chile,Santiago de Chile,1626,gold_tax,OCHO,119.0
Chile,Santiago de Chile,1629,gold_tax,OCHO,486.0
Chile,Santiago de Chile,1630,gold_tax,OCHO,62.0
Chile,Santiago de Chile,1634,gold_tax,OCHO,843.0
Chile,Santiago de Chile,1635,gold_tax,OCHO,800.0
Chile,Santiago de Chile,1637,gold_tax,OCHO,165.0
Chile,Santiago de Chile,1638,gold_tax,OCHO,183.0
Chile,Santiago de Chile,1639,gold_tax,OCHO,83.0
Chile,Santiago de Chile,1643,gold_tax,OCHO,5.0
Chile,Santiago de Chile,1671,gold_tax,OCHO,277.0
Chile,Santiago de Chile,1677,gold_tax,OCHO,66.0
Chile,Santiago de Chile,1678,mercury_sales,OCHO,168.0
Chile,Santiago de Chile,1679,mercury_sales,OCHO,168.0
Chile,Santiago de Chile,1691,mercury_sales,OCHO,320.0
Chile,Santiago de Chile,1692,gold_other,OCHO,196.0
Chile,Santiago de Chile,1692,mercury_sales,OCHO,939.0
Chile,Santiago de Chile,1693,gold_other,OCHO,1811.0
Chile,Santiago de Chile,1693,mercury_sales,OCHO,2114.0
Chile,Santiago de Chile,1694,gold_other,OCHO,395.0
Chile,Santiago de Chile,1695,gold_other,OCHO,362.0
Chile,Santiago de Chile,1696,gold_other,OCHO,700.0
Chile,Santiago de Chile,1697,gold_other,OCHO,1080.0
Chile,Santiago de Chile,1698,gold_other,OCHO,114.0
Chile,Santiago de Chile,1698,mercury_sales,OCHO,2386.0
Chile,Santiago de Chile,1699,gold_other,OCHO,392.0
Chile,Santiago de Chile,1699,mercury_sales,OCHO,2386.0
Chile,Santiago de Chile,1700,gold_other,OCHO,268.0
Chile,Santiago de Chile,1700,mercury_sales,OCHO,2768.0
Chile,Santiago de Chile,1701,gold_other,OCHO,232.0
Chile,Santiago de Chile,1701,mercury_sales,OCHO,6382.0
Chile,Santiago de Chile,1702,gold_other,OCHO,396.0
Chile,Santiago de Chile,1703,gold_other,OCHO,116.0
Chile,Santiago de Chile,1705,gold_other,OCHO,280.0
Chile,Santiago de Chile,1707,gold_other,OCHO,81.0
Chile,Santiago de Chile,1711,gold_other,OCHO,241.0
Chile,Santiago de Chile,1711,mercury_sales,OCHO,1506.0
Chile,Santiago de Chile,1713,gold_other,OCHO,3189.0
Chile,Santiago de Chile,1714,gold_other,OCHO,440.0
Chile,Santiago de Chile,1715,gold_other,OCHO,620.0
Chile,Santiago de Chile,1716,gold_other,OCHO,5131.0
Chile,Santiago de Chile,1731,gold_other,OCHO,360.0
Chile,Santiago de Chile,1732,gold_other,OCHO,4520.0
Chile,Santiago de Chile,1733,gold_other,OCHO,4205.0
Chile,Santiago de Chile,1734,gold_other,OCHO,4205.0
Chile,Santiago de Chile,1740,gold_other,OCHO,4500.0
Chile,Santiago de Chile,1741,gold_other,OCHO,9000.0
Chile,Santiago de Chile,1741,mercury_sales,OCHO,4152.0
Chile,Santiago de Chile,1742,gold_other,OCHO,4500.0
Chile,Santiago de Chile,1743,gold_other,OCHO,5000.0
Chile,Santiago de Chile,1744,gold_other,OCHO,13360.0
Chile,Santiago de Chile,1744,mercury_sales,OCHO,4045.0
Chile,Santiago de Chile,1745,gold_other,OCHO,9180.0
Chile,Santiago de Chile,1746,gold_other,OCHO,5611.0
Chile,Santiago de Chile,1747,gold_other,OCHO,20659.0
Chile,Santiago de Chile,1748,gold_other,OCHO,2299.0
Chile,Santiago de Chile,1749,gold_other,OCHO,20754.0
Chile,Santiago de Chile,1750,gold_other,OCHO,7612.0
Chile,Santiago de Chile,1751,gold_other,OCHO,15536.0
Chile,Santiago de Chile,1752,gold_other,OCHO,6464.0
Chile,Santiago de Chile,1754,gold_other,OCHO,6142.0
Chile,Santiago de Chile,1755,gold_other,OCHO,19608.0
Chile,Santiago de Chile,1756,gold_other,OCHO,9275.0
Chile,Santiago de Chile,1757,gold_other,OCHO,9275.0
Chile,Santiago de Chile,1758,gold_other,OCHO,9275.0
Chile,Santiago de Chile,1759,gold_other,OCHO,9275.0
Chile,Santiago de Chile,1760,gold_other,OCHO,9275.0
Chile,Santiago de Chile,1761,gold_other,OCHO,9275.0
Chile,Santiago de Chile,1761,silver_tax,OCHO,74.0
Chile,Santiago de Chile,1762,gold_other,OCHO,9275.0
Chile,Santiago de Chile,1762,silver_tax,OCHO,1136.0
Chile,Santiago de Chile,1763,gold_other,OCHO,9275.0
Chile,Santiago de Chile,1764,gold_other,OCHO,9275.0
Chile,Santiago de Chile,1764,silver_tax,OCHO,844.0
Chile,Santiago de Chile,1765,gold_other,OCHO,9275.0
Chile,Santiago de Chile,1765,silver_tax,OCHO,394.0
Chile,Santiago de Chile,1766,gold_other,OCHO,9275.0
Chile,Santiago de Chile,1766,silver_tax,OCHO,1016.0
Chile,Santiago de Chile,1767,gold_other,OCHO,9275.0
Chile,Santiago de Chile,1767,silver_tax,OCHO,1277.0
Chile,Santiago de Chile,1768,gold_other,OCHO,9275.0
Chile,Santiago de Chile,1768,silver_tax,OCHO,1091.0
Chile,Santiago de Chile,1769,gold_tax,OCHO,18550.0
Chile,Santiago de Chile,1769,silver_other,OCHO,12840.0
Chile,Santiago de Chile,1769,silver_tax,OCHO,1231.0
Chile,Santiago de Chile,1770,gold_tax,OCHO,9275.0
Chile,Santiago de Chile,1770,silver_other,OCHO,2346.0
Chile,Santiago de Chile,1770,silver_tax,OCHO,1058.0
Chile,Santiago de Chile,1771,gold_tax,OCHO,9275.0
Chile,Santiago de Chile,1771,silver_tax,OCHO,334.0
Chile,Santiago de Chile,1772,gold_tax,OCHO,9275.0
Chile,Santiago de Chile,1772,silver_tax,OCHO,1378.0
Chile,Santiago de Chile,1773,gold_tax,OCHO,9275.0
Chile,Santiago de Chile,1773,mercury_sales,OCHO,8000.0
Chile,Santiago de Chile,1773,silver_tax,OCHO,1759.0
Chile,Santiago de Chile,1774,gold_tax,OCHO,9275.0
Chile,Santiago de Chile,1774,silver_tax,OCHO,8.0
Chile,Santiago de Chile,1775,gold_tax,OCHO,9275.0
Chile,Santiago de Chile,1775,silver_tax,OCHO,2894.0
Chile,Santiago de Chile,1776,gold_tax,OCHO,9275.0
Chile,Santiago de Chile,1776,mercury_sales,OCHO,19000.0
Chile,Santiago de Chile,1776,silver_tax,OCHO,2580.0
Chile,Santiago de Chile,1777,gold_tax,OCHO,9275.0
Chile,Santiago de Chile,1777,mercury_sales,OCHO,15132.0
Chile,Santiago de Chile,1777,silver_tax,OCHO,6574.0
Chile,Santiago de Chile,1778,gold_tax,OCHO,9275.0
Chile,Santiago de Chile,1778,mercury_sales,OCHO,12081.0
Chile,Santiago de Chile,1778,silver_tax,OCHO,10158.0
Chile,Santiago de Chile,1779,gold_tax,OCHO,9275.0
Chile,Santiago de Chile,1779,mercury_sales,OCHO,9546.0
Chile,Santiago de Chile,1779,silver_tax,OCHO,13170.0
Chile,Santiago de Chile,1780,gold_tax,OCHO,9275.0
Chile,Santiago de Chile,1780,mercury_sales,OCHO,8070.0
Chile,Santiago de Chile,1780,silver_tax,OCHO,10772.0
Chile,Santiago de Chile,1781,gold_tax,OCHO,9275.0
Chile,Santiago de Chile,1781,mercury_sales,OCHO,21961.0
Chile,Santiago de Chile,1781,silver_tax,OCHO,14875.0
Chile,Santiago de Chile,1782,gold_tax,OCHO,9275.0
Chile,Santiago de Chile,1782,mercury_sales,OCHO,13194.0
Chile,Santiago de Chile,1782,silver_tax,OCHO,6859.0
Chile,Santiago de Chile,1783,gold_tax,OCHO,9275.0
Chile,Santiago de Chile,1783,mercury_sales,OCHO,7907.0
Chile,Santiago de Chile,1783,silver_tax,OCHO,11255.0
Chile,Santiago de Chile,1784,gold_tax,OCHO,9275.0
Chile,Santiago de Chile,1784,mercury_sales,OCHO,38805.0
Chile,Santiago de Chile,1784,silver_tax,OCHO,18392.0
Chile,Santiago de Chile,1785,gold_tax,OCHO,9275.0
Chile,Santiago de Chile,1785,mercury_sales,OCHO,14421.0
Chile,Santiago de Chile,1785,silver_tax,OCHO,16567.0
Chile,Santiago de Chile,1786,gold_tax,OCHO,9275.0
Chile,Santiago de Chile,1786,mercury_sales,OCHO,20713.0
Chile,Santiago de Chile,1786,silver_tax,OCHO,22246.0
Chile,Santiago de Chile,1787,gold_tax,OCHO,16941.0
Chile,Santiago de Chile,1787,mercury_sales,OCHO,7586.0
Chile,Santiago de Chile,1787,silver_tax,OCHO,21766.0
Chile,Santiago de Chile,1788,gold_tax,OCHO,18127.0
Chile,Santiago de Chile,1788,mercury_sales,OCHO,12524.0
Chile,Santiago de Chile,1788,silver_tax,OCHO,28485.0
Chile,Santiago de Chile,1789,gold_tax,OCHO,19771.0
Chile,Santiago de Chile,1789,mercury_sales,OCHO,19364.0
Chile,Santiago de Chile,1789,silver_tax,OCHO,24874.0
Chile,Santiago de Chile,1790,gold_tax,OCHO,18842.0
Chile,Santiago de Chile,1790,mercury_sales,OCHO,39337.0
Chile,Santiago de Chile,1790,silver_tax,OCHO,20428.0
Chile,Santiago de Chile,1791,gold_tax,OCHO,20281.0
Chile,Santiago de Chile,1791,mercury_sales,OCHO,62843.0
Chile,Santiago de Chile,1791,silver_tax,OCHO,22072.0
Chile,Santiago de Chile,1792,gold_tax,OCHO,19520.0
Chile,Santiago de Chile,1792,mercury_sales,OCHO,78850.0
Chile,Santiago de Chile,1792,silver_other,OCHO,2620.0
Chile,Santiago de Chile,1792,silver_tax,OCHO,17206.0
Chile,Santiago de Chile,1793,gold_tax,OCHO,17603.0
Chile,Santiago de Chile,1793,mercury_sales,OCHO,48552.0
Chile,Santiago de Chile,1793,silver_other,OCHO,3427.0
Chile,Santiago de Chile,1793,silver_tax,OCHO,22505.0
Chile,Santiago de Chile,1794,gold_tax,OCHO,20533.0
Chile,Santiago de Chile,1794,mercury_sales,OCHO,77762.0
Chile,Santiago de Chile,1794,silver_other,OCHO,2863.0
Chile,Santiago de Chile,1794,silver_tax,OCHO,18805.0
Chile,Santiago de Chile,1795,gold_tax,OCHO,22392.0
Chile,Santiago de Chile,1795,mercury_sales,OCHO,169410.0
Chile,Santiago de Chile,1795,silver_other,OCHO,3525.0
Chile,Santiago de Chile,1795,silver_tax,OCHO,23151.0
Chile,Santiago de Chile,1796,gold_tax,OCHO,21255.0
Chile,Santiago de Chile,1796,mercury_sales,OCHO,240787.0
Chile,Santiago de Chile,1796,silver_other,OCHO,3156.0
Chile,Santiago de Chile,1796,silver_tax,OCHO,20723.0
Chile,Santiago de Chile,1797,gold_tax,OCHO,21650.0
Chile,Santiago de Chile,1797,mercury_sales,OCHO,243444.0
Chile,Santiago de Chile,1797,silver_other,OCHO,3369.0
Chile,Santiago de Chile,1797,silver_tax,OCHO,22125.0
Chile,Santiago de Chile,1798,gold_tax,OCHO,20441.0
Chile,Santiago de Chile,1798,mercury_sales,OCHO,297935.0
Chile,Santiago de Chile,1798,silver_other,OCHO,2581.0
Chile,Santiago de Chile,1798,silver_tax,OCHO,16950.0
Chile,Santiago de Chile,1799,gold_tax,OCHO,19720.0
Chile,Santiago de Chile,1799,mercury_sales,OCHO,159424.0
Chile,Santiago de Chile,1799,silver_other,OCHO,2892.0
Chile,Santiago de Chile,1799,silver_tax,OCHO,18986.0
Chile,Santiago de Chile,1800,gold_tax,OCHO,21977.0
Chile,Santiago de Chile,1800,mercury_sales,OCHO,187176.0
Chile,Santiago de Chile,1800,silver_other,OCHO,2713.0
Chile,Santiago de Chile,1800,silver_tax,OCHO,17814.0
Chile,Santiago de Chile,1801,gold_tax,OCHO,18098.0
Chile,Santiago de Chile,1801,mercury_sales,OCHO,66101.0
Chile,Santiago de Chile,1801,silver_other,OCHO,2931.0
Chile,Santiago de Chile,1801,silver_tax,OCHO,19243.0
Chile,Santiago de Chile,1803,gold_tax,OCHO,18997.0
Chile,Santiago de Chile,1803,mercury_sales,OCHO,47065.0
Chile,Santiago de Chile,1803,silver_other,OCHO,1951.0
Chile,Santiago de Chile,1803,silver_tax,OCHO,12805.0
Chile,Santiago de Chile,1804,gold_tax,OCHO,21017.0
Chile,Santiago de Chile,1804,mercury_sales,OCHO,48742.0
Chile,Santiago de Chile,1804,silver_other,OCHO,1936.0
Chile,Santiago de Chile,1804,silver_tax,OCHO,12716.0
Chile,Santiago de Chile,1805,gold_tax,OCHO,18091.0
Chile,Santiago de Chile,1805,mercury_sales,OCHO,72225.0
Chile,Santiago de Chile,1805,silver_other,OCHO,2567.0
Chile,Santiago de Chile,1805,silver_tax,OCHO,16852.0
Chile,Santiago de Chile,1807,gold_tax,OCHO,15830.0
Chile,Santiago de Chile,1807,mercury_sales,OCHO,143598.0
Chile,Santiago de Chile,1807,silver_other,OCHO,2245.0
Chile,Santiago de Chile,1807,silver_tax,OCHO,14736.0
Chile,Santiago de Chile,1808,gold_tax,OCHO,16703.0
Chile,Santiago de Chile,1808,mercury_sales,OCHO,256541.0
Chile,Santiago de Chile,1808,silver_other,OCHO,2446.0
Chile,Santiago de Chile,1808,silver_tax,OCHO,16058.0
Chile,Santiago de Chile,1809,gold_tax,OCHO,18177.0
Chile,Santiago de Chile,1809,mercury_sales,OCHO,187570.0
Chile,Santiago de Chile,1809,silver_other,OCHO,2114.0
Chile,Santiago de Chile,1809,silver_tax,OCHO,13880.0
Chile,Santiago de Chile,1810,gold_tax,OCHO,19335.0
Chile,Santiago de Chile,1810,mercury_sales,OCHO,179483.0
Chile,Santiago de Chile,1810,silver_other,OCHO,1661.0
Chile,Santiago de Chile,1810,silver_tax,OCHO,10684.0
New Spain,ACAPULCO,1591,silver_other,MONTO,6988.0
New Spain,ACAPULCO,1593,silver_other,MONTO,2062.0
New Spain,ACAPULCO,1598,silver_other,MONTO,419.0
New Spain,ACAPULCO,1601,silver_other,MONTO,12985.0
New Spain,ACAPULCO,1606,silver_other,MONTO,7777.0
New Spain,ACAPULCO,1608,silver_other,MONTO,9567.0
New Spain,ACAPULCO,1609,silver_other,MONTO,7879.0
New Spain,ACAPULCO,1610,silver_other,MONTO,9204.0
New Spain,ACAPULCO,1611,silver_other,MONTO,8665.0
New Spain,ACAPULCO,1612,silver_other,MONTO,8225.0
New Spain,ACAPULCO,1615,silver_other,MONTO,15964.0
New Spain,ACAPULCO,1616,silver_other,MONTO,9130.0
New Spain,ACAPULCO,1617,silver_other,MONTO,2539.0
New Spain,ACAPULCO,1618,silver_other,MONTO,14606.0
New Spain,ACAPULCO,1619,silver_other,MONTO,9815.0
New Spain,ACAPULCO,1620,silver_other,MONTO,7670.0
New Spain,ACAPULCO,1621,silver_other,MONTO,8851.0
New Spain,ACAPULCO,1622,silver_other,MONTO,8310.0
New Spain,ACAPULCO,1623,silver_other,MONTO,8560.0
New Spain,ACAPULCO,1624,silver_other,MONTO,8960.0
New Spain,ACAPULCO,1625,silver_other,MONTO,6565.0
New Spain,ACAPULCO,1626,silver_other,MONTO,10488.0
New Spain,ACAPULCO,1627,silver_other,MONTO,13054.0
New Spain,ACAPULCO,1628,silver_other,MONTO,11395.0
New Spain,ACAPULCO,1629,silver_other,MONTO,9768.0
New Spain,ACAPULCO,1630,silver_other,MONTO,6249.0
New Spain,ACAPULCO,1631,silver_other,MONTO,5112.0
New Spain,ACAPULCO,1632,silver_other,MONTO,9437.0
New Spain,ACAPULCO,1634,silver_other,MONTO,10801.0
New Spain,ACAPULCO,1635,silver_other,MONTO,7950.0
New Spain,ACAPULCO,1636,silver_other,MONTO,2550.0
New Spain,ACAPULCO,1639,silver_other,MONTO,2933.0
New Spain,ACAPULCO,1640,silver_other,MONTO,4496.0
New Spain,ACAPULCO,1641,silver_other,MONTO,5509.0
New Spain,ACAPULCO,1642,silver_other,MONTO,2254.0
New Spain,ACAPULCO,1643,silver_other,MONTO,7128.0
New Spain,ACAPULCO,1644,silver_other,MONTO,4281.0
New Spain,ACAPULCO,1645,silver_other,MONTO,6730.0
New Spain,ACAPULCO,1648,silver_other,MONTO,58.0
New Spain,ACAPULCO,1649,silver_other,MONTO,1674.0
New Spain,ACAPULCO,1650,silver_other,MONTO,2281.0
New Spain,ACAPULCO,1653,silver_other,MONTO,6723.0
New Spain,ACAPULCO,1654,silver_other,MONTO,2164.0
New Spain,ACAPULCO,1655,silver_other,MONTO,6972.0
New Spain,ACAPULCO,1658,silver_other,MONTO,8326.0
New Spain,ACAPULCO,1659,silver_other,MONTO,6821.0
New Spain,ACAPULCO,1662,silver_other,MONTO,108.0
New Spain,ACAPULCO,1663,silver_other,MONTO,5053.0
New Spain,ACAPULCO,1664,silver_other,MONTO,5782.0
New Spain,ACAPULCO,1665,silver_other,MONTO,5405.0
New Spain,ACAPULCO,1666,silver_other,MONTO,2030.0
New Spain,ACAPULCO,1667,silver_other,MONTO,4861.0
New Spain,ACAPULCO,1668,silver_other,MONTO,2338.0
New Spain,ACAPULCO,1669,silver_other,MONTO,507.0
New Spain,ACAPULCO,1671,silver_other,MONTO,2475.0
New Spain,ACAPULCO,1672,silver_other,MONTO,1463.0
New Spain,ACAPULCO,1673,silver_other,MONTO,4591.0
New Spain,ACAPULCO,1674,silver_other,MONTO,4554.0
New Spain,ACAPULCO,1675,silver_other,MONTO,8408.0
New Spain,ACAPULCO,1676,silver_other,MONTO,3656.0
New Spain,ACAPULCO,1677,silver_other,MONTO,2823.0
New Spain,ACAPULCO,1678,silver_other,MONTO,1107.0
New Spain,ACAPULCO,1679,silver_other,MONTO,5114.0
New Spain,ACAPULCO,1680,silver_other,MONTO,3734.0
New Spain,ACAPULCO,1681,silver_other,MONTO,1256.0
New Spain,ACAPULCO,1682,silver_other,MONTO,7721.0
New Spain,ACAPULCO,1684,silver_other,MONTO,4798.0
New Spain,ACAPULCO,1685,silver_other,MONTO,1126.0
New Spain,ACAPULCO,1693,silver_other,MONTO,2436.0
New Spain,ACAPULCO,1708,silver_other,MONTO,24689.0
New Spain,ACAPULCO,1709,silver_other,MONTO,29662.0
New Spain,ACAPULCO,1710,silver_other,MONTO,21277.0
New Spain,ACAPULCO,1711,silver_other,MONTO,13889.0
New Spain,ACAPULCO,1717,silver_other,MONTO,14541.0
New Spain,ACAPULCO,1718,silver_other,MONTO,18000.0
New Spain,ACAPULCO,1721,silver_other,MONTO,6360.0
New Spain,ACAPULCO,1722,silver_other,MONTO,5385.0
New Spain,ACAPULCO,1724,silver_other,MONTO,3811.0
New Spain,ACAPULCO,1726,silver_other,MONTO,692.0
New Spain,ACAPULCO,1727,silver_other,MONTO,4360.0
New Spain,ACAPULCO,1728,silver_other,MONTO,730.0
New Spain,ACAPULCO,1729,silver_other,MONTO,36639.0
New Spain,ACAPULCO,1730,silver_other,MONTO,112929.0
New Spain,ACAPULCO,1731,silver_other,MONTO,57290.0
New Spain,ACAPULCO,1733,silver_other,MONTO,64808.0
New Spain,ACAPULCO,1736,silver_other,MONTO,8812.0
New Spain,ACAPULCO,1741,mercury_sales,MONTO,236479.0
New Spain,ACAPULCO,1749,silver_other,MONTO,8350.0
New Spain,ACAPULCO,1753,silver_other,MONTO,266.0
New Spain,ACAPULCO,1755,silver_other,MONTO,4738.0
New Spain,ACAPULCO,1757,silver_other,MONTO,7625.0
New Spain,ACAPULCO,1758,silver_other,MONTO,1519.0
New Spain,ACAPULCO,1759,silver_other,MONTO,1575.0
New Spain,ACAPULCO,1761,silver_other,MONTO,4594.0
New Spain,ACAPULCO,1762,silver_other,MONTO,25557.0
New Spain,ACAPULCO,1765,silver_other,MONTO,17870.0
New Spain,ACAPULCO,1766,silver_other,MONTO,39838.0
New Spain,ACAPULCO,1767,silver_other,MONTO,2978.0
New Spain,ACAPULCO,1770,silver_other,MONTO,1286.0
New Spain,ACAPULCO,1772,silver_other,MONTO,2678.0
New Spain,ACAPULCO,1787,silver_other,MONTO,1250.0
New Spain,ACAPULCO,1788,silver_other,MONTO,750.0
New Spain,ACAPULCO,1790,silver_other,MONTO,5023.0
New Spain,ACAPULCO,1791,silver_other,MONTO,288.0
New Spain,ACAPULCO,1792,silver_other,MONTO,4619.0
New Spain,ACAPULCO,1795,silver_other,MONTO,12086.0
New Spain,ARISPE,1783,mercury_sales,MONTO,2954.0
New Spain,BOLAÑOS,1753,mercury_sales,MONTO,549367.0
New Spain,BOLAÑOS,1753,silver_tax,MONTO,1347.0
New Spain,BOLAÑOS,1754,gold_tax,MONTO,12.0
New Spain,BOLAÑOS,1754,mercury_sales,MONTO,552679.0
New Spain,BOLAÑOS,1754,silver_tax,MONTO,2729.0
New Spain,BOLAÑOS,1755,gold_tax,MONTO,22.0
New Spain,BOLAÑOS,1755,mercury_sales,MONTO,589545.0
New Spain,BOLAÑOS,1755,silver_tax,MONTO,7868.0
New Spain,BOLAÑOS,1756,mercury_sales,MONTO,461484.0
New Spain,BOLAÑOS,1756,silver_tax,MONTO,2104.0
New Spain,BOLAÑOS,1757,mercury_sales,MONTO,422838.0
New Spain,BOLAÑOS,1757,silver_tax,MONTO,2147.0
New Spain,BOLAÑOS,1758,mercury_sales,MONTO,501283.0
New Spain,BOLAÑOS,1758,silver_tax,MONTO,1781.0
New Spain,BOLAÑOS,1759,mercury_sales,MONTO,317278.0
New Spain,BOLAÑOS,1759,silver_tax,MONTO,3253.0
New Spain,BOLAÑOS,1760,mercury_sales,MONTO,280851.0
New Spain,BOLAÑOS,1760,silver_tax,MONTO,3066.0
New Spain,BOLAÑOS,1761,mercury_sales,MONTO,254183.0
New Spain,BOLAÑOS,1761,silver_tax,MONTO,642.0
New Spain,BOLAÑOS,1762,mercury_sales,MONTO,152032.0
New Spain,BOLAÑOS,1762,silver_tax,MONTO,1067.0
New Spain,BOLAÑOS,1763,mercury_sales,MONTO,123922.0
New Spain,BOLAÑOS,1763,silver_tax,MONTO,4148.0
New Spain,BOLAÑOS,1764,mercury_sales,MONTO,144154.0
New Spain,BOLAÑOS,1764,silver_tax,MONTO,1619.0
New Spain,BOLAÑOS,1765,mercury_sales,MONTO,144065.0
New Spain,BOLAÑOS,1765,silver_tax,MONTO,3330.0
New Spain,BOLAÑOS,1766,mercury_sales,MONTO,129216.0
New Spain,BOLAÑOS,1766,silver_tax,MONTO,8427.0
New Spain,BOLAÑOS,1767,mercury_sales,MONTO,114119.0
New Spain,BOLAÑOS,1767,silver_tax,MONTO,2896.0
New Spain,BOLAÑOS,1768,mercury_sales,MONTO,89488.0
New Spain,BOLAÑOS,1768,silver_tax,MONTO,5560.0
New Spain,BOLAÑOS,1769,mercury_sales,MONTO,87185.0
New Spain,BOLAÑOS,1769,silver_tax,MONTO,9039.0
New Spain,BOLAÑOS,1770,mercury_sales,MONTO,97976.0
New Spain,BOLAÑOS,1770,silver_tax,MONTO,10237.0
New Spain,BOLAÑOS,1771,mercury_sales,MONTO,81123.0
New Spain,BOLAÑOS,1771,silver_tax,MONTO,6893.0
New Spain,BOLAÑOS,1772,mercury_sales,MONTO,90693.0
New Spain,BOLAÑOS,1772,silver_tax,MONTO,6220.0
New Spain,BOLAÑOS,1773,mercury_sales,MONTO,97497.0
New Spain,BOLAÑOS,1773,silver_tax,MONTO,5078.0
New Spain,BOLAÑOS,1774,mercury_sales,MONTO,120946.0
New Spain,BOLAÑOS,1774,silver_tax,MONTO,7755.0
New Spain,BOLAÑOS,1775,mercury_sales,MONTO,131398.0
New Spain,BOLAÑOS,1775,silver_tax,MONTO,4971.0
New Spain,BOLAÑOS,1776,mercury_sales,MONTO,186649.0
New Spain,BOLAÑOS,1776,silver_tax,MONTO,5036.0
New Spain,BOLAÑOS,1777,mercury_sales,MONTO,211679.0
New Spain,BOLAÑOS,1777,silver_tax,MONTO,10401.0
New Spain,BOLAÑOS,1778,mercury_sales,MONTO,168972.0
New Spain,BOLAÑOS,1778,silver_tax,MONTO,15636.0
New Spain,BOLAÑOS,1779,mercury_sales,MONTO,156093.0
New Spain,BOLAÑOS,1779,silver_tax,MONTO,37593.0
New Spain,BOLAÑOS,1780,mercury_sales,MONTO,155162.0
New Spain,BOLAÑOS,1780,silver_tax,MONTO,13043.0
New Spain,BOLAÑOS,1781,mercury_sales,MONTO,187956.0
New Spain,BOLAÑOS,1781,silver_tax,MONTO,4745.0
New Spain,BOLAÑOS,1782,mercury_sales,MONTO,174379.0
New Spain,BOLAÑOS,1782,silver_tax,MONTO,10288.0
New Spain,BOLAÑOS,1783,mercury_sales,MONTO,210283.0
New Spain,BOLAÑOS,1783,silver_tax,MONTO,15881.0
New Spain,BOLAÑOS,1784,mercury_sales,MONTO,164404.0
New Spain,BOLAÑOS,1784,silver_tax,MONTO,12372.0
New Spain,BOLAÑOS,1785,mercury_sales,MONTO,129353.0
New Spain,BOLAÑOS,1785,silver_tax,MONTO,12410.0
New Spain,BOLAÑOS,1786,mercury_sales,MONTO,195382.0
New Spain,BOLAÑOS,1786,silver_tax,MONTO,4392.0
New Spain,BOLAÑOS,1788,mercury_sales,MONTO,377498.0
New Spain,BOLAÑOS,1788,silver_tax,MONTO,5425.0
New Spain,BOLAÑOS,1789,mercury_sales,MONTO,37381.0
New Spain,BOLAÑOS,1789,silver_tax,MONTO,4288.0
New Spain,BOLAÑOS,1790,mercury_sales,MONTO,12701.0
New Spain,BOLAÑOS,1790,silver_tax,MONTO,1512.0
New Spain,BOLAÑOS,1791,mercury_sales,MONTO,86977.0
New Spain,BOLAÑOS,1791,silver_tax,MONTO,7287.0
New Spain,BOLAÑOS,1792,mercury_sales,MONTO,169452.0
New Spain,BOLAÑOS,1792,silver_tax,MONTO,8580.0
New Spain,BOLAÑOS,1793,mercury_sales,MONTO,186674.0
New Spain,BOLAÑOS,1793,silver_tax,MONTO,2253.0
New Spain,BOLAÑOS,1794,gold_tax,MONTO,20.0
New Spain,BOLAÑOS,1794,mercury_sales,MONTO,107785.0
New Spain,BOLAÑOS,1794,silver_tax,MONTO,1671.0
New Spain,BOLAÑOS,1795,gold_tax,MONTO,20.0
New Spain,BOLAÑOS,1795,mercury_sales,MONTO,183452.0
New Spain,BOLAÑOS,1795,silver_tax,MONTO,675.0
New Spain,BOLAÑOS,1796,gold_tax,MONTO,12.0
New Spain,BOLAÑOS,1796,mercury_sales,MONTO,93589.0
New Spain,BOLAÑOS,1796,silver_tax,MONTO,376.0
New Spain,BOLAÑOS,1797,gold_tax,MONTO,3.0
New Spain,BOLAÑOS,1797,mercury_sales,MONTO,85793.0
New Spain,BOLAÑOS,1797,silver_tax,MONTO,1161.0
New Spain,BOLAÑOS,1798,mercury_sales,MONTO,31943.0
New Spain,BOLAÑOS,1798,silver_tax,MONTO,2681.0
New Spain,BOLAÑOS,1799,mercury_sales,MONTO,1414.0
New Spain,BOLAÑOS,1799,silver_tax,MONTO,17465.0
New Spain,BOLAÑOS,1800,mercury_sales,MONTO,22146.0
New Spain,BOLAÑOS,1800,silver_tax,MONTO,2269.0
New Spain,BOLAÑOS,1801,mercury_sales,MONTO,17312.0
New Spain,BOLAÑOS,1801,silver_tax,MONTO,2402.0
New Spain,BOLAÑOS,1802,mercury_sales,MONTO,14319.0
New Spain,BOLAÑOS,1802,silver_tax,MONTO,1642.0
New Spain,BOLAÑOS,1803,mercury_sales,MONTO,10800.0
New Spain,BOLAÑOS,1803,silver_tax,MONTO,1248.0
New Spain,BOLAÑOS,1804,mercury_sales,MONTO,13687.0
New Spain,BOLAÑOS,1804,silver_tax,MONTO,2646.0
New Spain,CAMPECHE,1812,silver_other,MONTO,131.0
New Spain,CHIHUAHA,1785,mercury_sales,MONTO,12409.0
New Spain,CHIHUAHA,1785,silver_other,MONTO,36983.0
New Spain,CHIHUAHA,1786,mercury_sales,MONTO,12409.0
New Spain,CHIHUAHA,1786,silver_other,MONTO,43585.0
New Spain,CHIHUAHA,1788,gold_tax,MONTO,104.0
New Spain,CHIHUAHA,1788,mercury_sales,MONTO,20917.0
New Spain,CHIHUAHA,1788,silver_tax,MONTO,31327.0
New Spain,CHIHUAHA,1789,gold_tax,MONTO,122.0
New Spain,CHIHUAHA,1789,mercury_sales,MONTO,53766.0
New Spain,CHIHUAHA,1789,silver_other,MONTO,3806.0
New Spain,CHIHUAHA,1789,silver_tax,MONTO,23898.0
New Spain,CHIHUAHA,1790,gold_tax,MONTO,141.0
New Spain,CHIHUAHA,1790,mercury_sales,MONTO,130590.0
New Spain,CHIHUAHA,1790,silver_tax,MONTO,26185.0
New Spain,CHIHUAHA,1797,gold_tax,MONTO,777.0
New Spain,CHIHUAHA,1797,mercury_sales,MONTO,16825.0
New Spain,CHIHUAHA,1797,silver_tax,MONTO,28980.0
New Spain,CHIHUAHA,1798,gold_tax,MONTO,609.0
New Spain,CHIHUAHA,1798,mercury_sales,MONTO,17029.0
New Spain,CHIHUAHA,1798,silver_tax,MONTO,24554.0
New Spain,CHIHUAHA,1799,gold_tax,MONTO,751.0
New Spain,CHIHUAHA,1799,mercury_sales,MONTO,14601.0
New Spain,CHIHUAHA,1799,silver_tax,MONTO,35186.0
New Spain,CHIHUAHA,1800,gold_tax,MONTO,458.0
New Spain,CHIHUAHA,1800,mercury_sales,MONTO,19186.0
New Spain,CHIHUAHA,1800,silver_tax,MONTO,22537.0
New Spain,CHIHUAHA,1801,gold_tax,MONTO,351.0
New Spain,CHIHUAHA,1801,mercury_sales,MONTO,19195.0
New Spain,CHIHUAHA,1801,silver_tax,MONTO,25732.0
New Spain,CHIHUAHA,1802,gold_tax,MONTO,757.0
New Spain,CHIHUAHA,1802,mercury_sales,MONTO,16935.0
New Spain,CHIHUAHA,1802,silver_tax,MONTO,20123.0
New Spain,CHIHUAHA,1803,gold_tax,MONTO,825.0
New Spain,CHIHUAHA,1803,mercury_sales,MONTO,52197.0
New Spain,CHIHUAHA,1803,silver_tax,MONTO,23767.0
New Spain,CHIHUAHA,1804,gold_tax,MONTO,9769.0
New Spain,CHIHUAHA,1804,mercury_sales,MONTO,60188.0
New Spain,CHIHUAHA,1804,silver_tax,MONTO,45037.0
New Spain,CHIHUAHA,1806,gold_tax,MONTO,3347.0
New Spain,CHIHUAHA,1806,mercury_sales,MONTO,32928.0
New Spain,CHIHUAHA,1806,silver_tax,MONTO,22175.0
New Spain,CHIHUAHA,1807,gold_tax,MONTO,2954.0
New Spain,CHIHUAHA,1807,mercury_sales,MONTO,28827.0
New Spain,CHIHUAHA,1807,silver_tax,MONTO,15018.0
New Spain,CHIHUAHA,1808,gold_tax,MONTO,3985.0
New Spain,CHIHUAHA,1808,mercury_sales,MONTO,35775.0
New Spain,CHIHUAHA,1808,silver_tax,MONTO,24115.0
New Spain,CHIHUAHA,1809,gold_tax,MONTO,4290.0
New Spain,CHIHUAHA,1809,mercury_sales,MONTO,28851.0
New Spain,CHIHUAHA,1809,silver_tax,MONTO,24286.0
New Spain,CHIHUAHA,1810,gold_tax,MONTO,2425.0
New Spain,CHIHUAHA,1810,mercury_sales,MONTO,17103.0
New Spain,CHIHUAHA,1810,silver_tax,MONTO,19598.0
New Spain,CHIHUAHA,1811,gold_tax,MONTO,1752.0
New Spain,CHIHUAHA,1811,mercury_sales,MONTO,27951.0
New Spain,CHIHUAHA,1811,silver_tax,MONTO,18258.0
New Spain,CHIHUAHA,1813,gold_tax,MONTO,5036.0
New Spain,CHIHUAHA,1813,mercury_sales,MONTO,28896.0
New Spain,CHIHUAHA,1813,silver_tax,MONTO,20301.0
New Spain,CHIHUAHA,1814,gold_tax,MONTO,1666.0
New Spain,CHIHUAHA,1814,mercury_sales,MONTO,16236.0
New Spain,CHIHUAHA,1814,silver_tax,MONTO,14415.0
New Spain,CHIHUAHUA,1785,mercury_sales,MONTO,12409.0
New Spain,CHIHUAHUA,1785,silver_other,MONTO,36983.0
New Spain,CHIHUAHUA,1786,mercury_sales,MONTO,12409.0
New Spain,CHIHUAHUA,1786,silver_other,MONTO,43585.0
New Spain,CHIHUAHUA,1788,gold_tax,MONTO,104.0
New Spain,CHIHUAHUA,1788,mercury_sales,MONTO,20917.0
New Spain,CHIHUAHUA,1788,silver_tax,MONTO,31327.0
New Spain,CHIHUAHUA,1789,gold_tax,MONTO,122.0
New Spain,CHIHUAHUA,1789,mercury_sales,MONTO,53766.0
New Spain,CHIHUAHUA,1789,silver_other,MONTO,3806.0
New Spain,CHIHUAHUA,1789,silver_tax,MONTO,23898.0
New Spain,CHIHUAHUA,1790,gold_tax,MONTO,141.0
New Spain,CHIHUAHUA,1790,mercury_sales,MONTO,130590.0
New Spain,CHIHUAHUA,1790,silver_tax,MONTO,26185.0
New Spain,CHIHUAHUA,1797,gold_tax,MONTO,777.0
New Spain,CHIHUAHUA,1797,mercury_sales,MONTO,16825.0
New Spain,CHIHUAHUA,1797,silver_tax,MONTO,28980.0
New Spain,CHIHUAHUA,1798,gold_tax,MONTO,609.0
New Spain,CHIHUAHUA,1798,mercury_sales,MONTO,17029.0
New Spain,CHIHUAHUA,1798,silver_tax,MONTO,24554.0
New Spain,CHIHUAHUA,1799,gold_tax,MONTO,751.0
New Spain,CHIHUAHUA,1799,mercury_sales,MONTO,14601.0
New Spain,CHIHUAHUA,1799,silver_tax,MONTO,35186.0
New Spain,CHIHUAHUA,1800,gold_tax,MONTO,458.0
New Spain,CHIHUAHUA,1800,mercury_sales,MONTO,19186.0
New Spain,CHIHUAHUA,1800,silver_tax,MONTO,22537.0
New Spain,CHIHUAHUA,1801,gold_tax,MONTO,351.0
New Spain,CHIHUAHUA,1801,mercury_sales,MONTO,19195.0
New Spain,CHIHUAHUA,1801,silver_tax,MONTO,25732.0
New Spain,CHIHUAHUA,1802,gold_tax,MONTO,757.0
New Spain,CHIHUAHUA,1802,mercury_sales,MONTO,16935.0
New Spain,CHIHUAHUA,1802,silver_tax,MONTO,20123.0
New Spain,CHIHUAHUA,1803,gold_tax,MONTO,825.0
New Spain,CHIHUAHUA,1803,mercury_sales,MONTO,52197.0
New Spain,CHIHUAHUA,1803,silver_tax,MONTO,23767.0
New Spain,CHIHUAHUA,1804,gold_tax,MONTO,9769.0
New Spain,CHIHUAHUA,1804,mercury_sales,MONTO,60188.0
New Spain,CHIHUAHUA,1804,silver_tax,MONTO,45037.0
New Spain,CHIHUAHUA,1806,gold_tax,MONTO,3347.0
New Spain,CHIHUAHUA,1806,mercury_sales,MONTO,32928.0
New Spain,CHIHUAHUA,1806,silver_tax,MONTO,22175.0
New Spain,CHIHUAHUA,1807,gold_tax,MONTO,2954.0
New Spain,CHIHUAHUA,1807,mercury_sales,MONTO,28827.0
New Spain,CHIHUAHUA,1807,silver_tax,MONTO,15018.0
New Spain,CHIHUAHUA,1808,gold_tax,MONTO,3985.0
New Spain,CHIHUAHUA,1808,mercury_sales,MONTO,35775.0
New Spain,CHIHUAHUA,1808,silver_tax,MONTO,24115.0
New Spain,CHIHUAHUA,1809,gold_tax,MONTO,4290.0
New Spain,CHIHUAHUA,1809,mercury_sales,MONTO,28851.0
New Spain,CHIHUAHUA,1809,silver_tax,MONTO,24286.0
New Spain,CHIHUAHUA,1810,gold_tax,MONTO,2425.0
New Spain,CHIHUAHUA,1810,mercury_sales,MONTO,17103.0
New Spain,CHIHUAHUA,1810,silver_tax,MONTO,19598.0
New Spain,CHIHUAHUA,1811,gold_tax,MONTO,1752.0
New Spain,CHIHUAHUA,1811,mercury_sales,MONTO,27951.0
New Spain,CHIHUAHUA,1811,silver_tax,MONTO,18258.0
New Spain,CHIHUAHUA,1813,gold_tax,MONTO,5036.0
New Spain,CHIHUAHUA,1813,mercury_sales,MONTO,28896.0
New Spain,CHIHUAHUA,1813,silver_tax,MONTO,20301.0
New Spain,CHIHUAHUA,1814,gold_tax,MONTO,1666.0
New Spain,CHIHUAHUA,1814,mercury_sales,MONTO,16236.0
New Spain,CHIHUAHUA,1814,silver_tax,MONTO,14415.0
New Spain,DURANGO,1599,silver_tax,MONTO,20091.0
New Spain,DURANGO,1600,silver_tax,MONTO,27295.0
New Spain,DURANGO,1601,silver_tax,MONTO,29933.0
New Spain,DURANGO,1602,mercury_sales,MONTO,4444.0
New Spain,DURANGO,1602,silver_tax,MONTO,27960.0
New Spain,DURANGO,1603,silver_tax,MONTO,43754.0
New Spain,DURANGO,1604,silver_tax,MONTO,47027.0
New Spain,DURANGO,1605,silver_tax,MONTO,40176.0
New Spain,DURANGO,1606,silver_tax,MONTO,60482.0
New Spain,DURANGO,1607,silver_tax,MONTO,39259.0
New Spain,DURANGO,1608,silver_tax,MONTO,41539.0
New Spain,DURANGO,1609,gold_tax,MONTO,877.0
New Spain,DURANGO,1609,silver_tax,MONTO,32729.0
New Spain,DURANGO,1610,silver_tax,MONTO,34845.0
New Spain,DURANGO,1611,silver_tax,MONTO,27843.0
New Spain,DURANGO,1612,silver_tax,MONTO,40624.0
New Spain,DURANGO,1613,silver_tax,MONTO,43401.0
New Spain,DURANGO,1614,silver_tax,MONTO,38311.0
New Spain,DURANGO,1622,mercury_sales,MONTO,39663.0
New Spain,DURANGO,1622,silver_tax,MONTO,37829.0
New Spain,DURANGO,1623,mercury_sales,MONTO,28135.0
New Spain,DURANGO,1623,silver_tax,MONTO,39821.0
New Spain,DURANGO,1624,mercury_sales,MONTO,35738.0
New Spain,DURANGO,1624,silver_tax,MONTO,38181.0
New Spain,DURANGO,1627,silver_tax,MONTO,51848.0
New Spain,DURANGO,1632,mercury_sales,MONTO,64736.0
New Spain,DURANGO,1632,silver_tax,MONTO,177035.0
New Spain,DURANGO,1634,mercury_sales,MONTO,22871.0
New Spain,DURANGO,1634,silver_tax,MONTO,90527.0
New Spain,DURANGO,1635,mercury_sales,MONTO,30568.0
New Spain,DURANGO,1635,silver_tax,MONTO,83519.0
New Spain,DURANGO,1636,mercury_sales,MONTO,32084.0
New Spain,DURANGO,1636,silver_tax,MONTO,100229.0
New Spain,DURANGO,1637,mercury_sales,MONTO,64565.0
New Spain,DURANGO,1637,silver_tax,MONTO,110746.0
New Spain,DURANGO,1638,mercury_sales,MONTO,58151.0
New Spain,DURANGO,1638,silver_tax,MONTO,231089.0
New Spain,DURANGO,1640,mercury_sales,MONTO,33992.0
New Spain,DURANGO,1640,silver_tax,MONTO,92173.0
New Spain,DURANGO,1641,mercury_sales,MONTO,22026.0
New Spain,DURANGO,1641,silver_tax,MONTO,154740.0
New Spain,DURANGO,1642,mercury_sales,MONTO,8995.0
New Spain,DURANGO,1642,silver_tax,MONTO,165351.0
New Spain,DURANGO,1644,mercury_sales,MONTO,72365.0
New Spain,DURANGO,1644,silver_tax,MONTO,94242.0
New Spain,DURANGO,1645,mercury_sales,MONTO,12522.0
New Spain,DURANGO,1645,silver_tax,MONTO,96685.0
New Spain,DURANGO,1646,mercury_sales,MONTO,35584.0
New Spain,DURANGO,1646,silver_tax,MONTO,106819.0
New Spain,DURANGO,1647,mercury_sales,MONTO,34298.0
New Spain,DURANGO,1647,silver_tax,MONTO,88536.0
New Spain,DURANGO,1648,mercury_sales,MONTO,28021.0
New Spain,DURANGO,1648,silver_tax,MONTO,63096.0
New Spain,DURANGO,1649,mercury_sales,MONTO,38246.0
New Spain,DURANGO,1649,silver_tax,MONTO,118757.0
New Spain,DURANGO,1650,mercury_sales,MONTO,37087.0
New Spain,DURANGO,1650,silver_tax,MONTO,34385.0
New Spain,DURANGO,1651,mercury_sales,MONTO,44319.0
New Spain,DURANGO,1651,silver_tax,MONTO,115527.0
New Spain,DURANGO,1652,mercury_sales,MONTO,32083.0
New Spain,DURANGO,1652,silver_tax,MONTO,107908.0
New Spain,DURANGO,1655,mercury_sales,MONTO,27013.0
New Spain,DURANGO,1655,silver_tax,MONTO,75949.0
New Spain,DURANGO,1656,mercury_sales,MONTO,42527.0
New Spain,DURANGO,1656,silver_tax,MONTO,82830.0
New Spain,DURANGO,1657,mercury_sales,MONTO,45032.0
New Spain,DURANGO,1657,silver_tax,MONTO,79355.0
New Spain,DURANGO,1658,mercury_sales,MONTO,35478.0
New Spain,DURANGO,1658,silver_tax,MONTO,80935.0
New Spain,DURANGO,1659,gold_tax,MONTO,1552.0
New Spain,DURANGO,1659,mercury_sales,MONTO,45483.0
New Spain,DURANGO,1659,silver_tax,MONTO,120745.0
New Spain,DURANGO,1663,mercury_sales,MONTO,600.0
New Spain,DURANGO,1663,silver_tax,MONTO,50886.0
New Spain,DURANGO,1664,mercury_sales,MONTO,25371.0
New Spain,DURANGO,1664,silver_tax,MONTO,95870.0
New Spain,DURANGO,1665,mercury_sales,MONTO,9692.0
New Spain,DURANGO,1665,silver_tax,MONTO,77409.0
New Spain,DURANGO,1666,mercury_sales,MONTO,67846.0
New Spain,DURANGO,1666,silver_tax,MONTO,113463.0
New Spain,DURANGO,1667,mercury_sales,MONTO,30147.0
New Spain,DURANGO,1667,silver_tax,MONTO,92234.0
New Spain,DURANGO,1668,mercury_sales,MONTO,16027.0
New Spain,DURANGO,1668,silver_tax,MONTO,77822.0
New Spain,DURANGO,1669,mercury_sales,MONTO,18493.0
New Spain,DURANGO,1669,silver_tax,MONTO,85162.0
New Spain,DURANGO,1670,mercury_sales,MONTO,39264.0
New Spain,DURANGO,1670,silver_tax,MONTO,80695.0
New Spain,DURANGO,1671,mercury_sales,MONTO,78965.0
New Spain,DURANGO,1671,silver_tax,MONTO,170743.0
New Spain,DURANGO,1673,mercury_sales,MONTO,20221.0
New Spain,DURANGO,1673,silver_tax,MONTO,171632.0
New Spain,DURANGO,1675,mercury_sales,MONTO,32882.0
New Spain,DURANGO,1675,silver_tax,MONTO,98324.0
New Spain,DURANGO,1676,mercury_sales,MONTO,15408.0
New Spain,DURANGO,1676,silver_tax,MONTO,116459.0
New Spain,DURANGO,1685,mercury_sales,MONTO,52550.0
New Spain,DURANGO,1685,silver_other,MONTO,90.0
New Spain,DURANGO,1685,silver_tax,MONTO,120743.0
New Spain,DURANGO,1686,mercury_sales,MONTO,27881.0
New Spain,DURANGO,1686,silver_tax,MONTO,111273.0
New Spain,DURANGO,1688,mercury_sales,MONTO,101671.0
New Spain,DURANGO,1689,mercury_sales,MONTO,241768.0
New Spain,DURANGO,1689,silver_tax,MONTO,20.0
New Spain,DURANGO,1693,mercury_sales,MONTO,45753.0
New Spain,DURANGO,1693,silver_tax,MONTO,205650.0
New Spain,DURANGO,1696,mercury_sales,MONTO,42809.0
New Spain,DURANGO,1696,silver_tax,MONTO,145044.0
New Spain,DURANGO,1699,mercury_sales,MONTO,38756.0
New Spain,DURANGO,1699,silver_tax,MONTO,101140.0
New Spain,DURANGO,1700,mercury_sales,MONTO,40938.0
New Spain,DURANGO,1700,silver_tax,MONTO,55654.0
New Spain,DURANGO,1701,mercury_sales,MONTO,93646.0
New Spain,DURANGO,1701,silver_tax,MONTO,159849.0
New Spain,DURANGO,1704,mercury_sales,MONTO,61557.0
New Spain,DURANGO,1704,silver_tax,MONTO,106498.0
New Spain,DURANGO,1705,mercury_sales,MONTO,24918.0
New Spain,DURANGO,1705,silver_tax,MONTO,115308.0
New Spain,DURANGO,1708,mercury_sales,MONTO,56149.0
New Spain,DURANGO,1708,silver_tax,MONTO,136767.0
New Spain,DURANGO,1710,mercury_sales,MONTO,51807.0
New Spain,DURANGO,1710,silver_tax,MONTO,116127.0
New Spain,DURANGO,1711,mercury_sales,MONTO,78678.0
New Spain,DURANGO,1711,silver_other,MONTO,1124.0
New Spain,DURANGO,1711,silver_tax,MONTO,74919.0
New Spain,DURANGO,1712,mercury_sales,MONTO,122312.0
New Spain,DURANGO,1712,silver_tax,MONTO,213187.0
New Spain,DURANGO,1715,mercury_sales,MONTO,119581.0
New Spain,DURANGO,1715,silver_tax,MONTO,221746.0
New Spain,DURANGO,1717,mercury_sales,MONTO,61983.0
New Spain,DURANGO,1717,silver_tax,MONTO,155409.0
New Spain,DURANGO,1718,mercury_sales,MONTO,67302.0
New Spain,DURANGO,1718,silver_tax,MONTO,155647.0
New Spain,DURANGO,1719,mercury_sales,MONTO,36625.0
New Spain,DURANGO,1719,silver_tax,MONTO,142549.0
New Spain,DURANGO,1720,mercury_sales,MONTO,60020.0
New Spain,DURANGO,1720,silver_tax,MONTO,158493.0
New Spain,DURANGO,1721,mercury_sales,MONTO,58058.0
New Spain,DURANGO,1721,silver_tax,MONTO,268009.0
New Spain,DURANGO,1722,mercury_sales,MONTO,21131.0
New Spain,DURANGO,1722,silver_tax,MONTO,127273.0
New Spain,DURANGO,1723,mercury_sales,MONTO,30413.0
New Spain,DURANGO,1723,silver_tax,MONTO,167962.0
New Spain,DURANGO,1724,mercury_sales,MONTO,25610.0
New Spain,DURANGO,1724,silver_tax,MONTO,151685.0
New Spain,DURANGO,1725,mercury_sales,MONTO,25847.0
New Spain,DURANGO,1725,silver_tax,MONTO,117777.0
New Spain,DURANGO,1726,mercury_sales,MONTO,27416.0
New Spain,DURANGO,1726,silver_tax,MONTO,143976.0
New Spain,DURANGO,1727,mercury_sales,MONTO,22213.0
New Spain,DURANGO,1727,silver_tax,MONTO,77635.0
New Spain,DURANGO,1728,mercury_sales,MONTO,15117.0
New Spain,DURANGO,1728,silver_tax,MONTO,139187.0
New Spain,DURANGO,1729,mercury_sales,MONTO,9499.0
New Spain,DURANGO,1729,silver_tax,MONTO,158516.0
New Spain,DURANGO,1730,mercury_sales,MONTO,51983.0
New Spain,DURANGO,1730,silver_tax,MONTO,129927.0
New Spain,DURANGO,1731,mercury_sales,MONTO,20463.0
New Spain,DURANGO,1731,silver_tax,MONTO,85149.0
New Spain,DURANGO,1732,mercury_sales,MONTO,36738.0
New Spain,DURANGO,1732,silver_tax,MONTO,273924.0
New Spain,DURANGO,1733,mercury_sales,MONTO,35136.0
New Spain,DURANGO,1733,silver_tax,MONTO,165674.0
New Spain,DURANGO,1734,silver_tax,MONTO,355366.0
New Spain,DURANGO,1735,mercury_sales,MONTO,43328.0
New Spain,DURANGO,1735,silver_tax,MONTO,185848.0
New Spain,DURANGO,1736,mercury_sales,MONTO,12337.0
New Spain,DURANGO,1736,silver_tax,MONTO,152562.0
New Spain,DURANGO,1737,mercury_sales,MONTO,3332.0
New Spain,DURANGO,1737,silver_tax,MONTO,225613.0
New Spain,DURANGO,1738,mercury_sales,MONTO,13435.0
New Spain,DURANGO,1738,silver_tax,MONTO,273628.0
New Spain,DURANGO,1739,mercury_sales,MONTO,3226.0
New Spain,DURANGO,1739,silver_tax,MONTO,8555.0
New Spain,DURANGO,1740,mercury_sales,MONTO,12576.0
New Spain,DURANGO,1740,silver_tax,MONTO,246993.0
New Spain,DURANGO,1741,mercury_sales,MONTO,40969.0
New Spain,DURANGO,1741,silver_tax,MONTO,232271.0
New Spain,DURANGO,1742,mercury_sales,MONTO,10850.0
New Spain,DURANGO,1742,silver_tax,MONTO,356751.0
New Spain,DURANGO,1743,mercury_sales,MONTO,10693.0
New Spain,DURANGO,1743,silver_tax,MONTO,211781.0
New Spain,DURANGO,1744,mercury_sales,MONTO,12733.0
New Spain,DURANGO,1744,silver_tax,MONTO,121547.0
New Spain,DURANGO,1745,gold_tax,MONTO,7387.0
New Spain,DURANGO,1745,mercury_sales,MONTO,15996.0
New Spain,DURANGO,1745,silver_tax,MONTO,237265.0
New Spain,DURANGO,1746,gold_tax,MONTO,5370.0
New Spain,DURANGO,1746,mercury_sales,MONTO,8373.0
New Spain,DURANGO,1746,silver_tax,MONTO,244499.0
New Spain,DURANGO,1747,mercury_sales,MONTO,5348.0
New Spain,DURANGO,1747,silver_tax,MONTO,268592.0
New Spain,DURANGO,1748,gold_tax,MONTO,9542.0
New Spain,DURANGO,1748,mercury_sales,MONTO,22568.0
New Spain,DURANGO,1748,silver_tax,MONTO,174513.0
New Spain,DURANGO,1749,gold_tax,MONTO,10433.0
New Spain,DURANGO,1749,mercury_sales,MONTO,9466.0
New Spain,DURANGO,1749,silver_tax,MONTO,160224.0
New Spain,DURANGO,1750,gold_tax,MONTO,6576.0
New Spain,DURANGO,1750,mercury_sales,MONTO,15505.0
New Spain,DURANGO,1750,silver_tax,MONTO,203609.0
New Spain,DURANGO,1752,gold_tax,MONTO,13358.0
New Spain,DURANGO,1752,mercury_sales,MONTO,26125.0
New Spain,DURANGO,1752,silver_tax,MONTO,198517.0
New Spain,DURANGO,1753,gold_tax,MONTO,30276.0
New Spain,DURANGO,1753,mercury_sales,MONTO,21489.0
New Spain,DURANGO,1753,silver_tax,MONTO,171827.0
New Spain,DURANGO,1754,gold_tax,MONTO,22842.0
New Spain,DURANGO,1754,mercury_sales,MONTO,18056.0
New Spain,DURANGO,1754,silver_tax,MONTO,185926.0
New Spain,DURANGO,1755,gold_tax,MONTO,23036.0
New Spain,DURANGO,1755,mercury_sales,MONTO,8627.0
New Spain,DURANGO,1755,silver_tax,MONTO,171386.0
New Spain,DURANGO,1756,gold_tax,MONTO,20888.0
New Spain,DURANGO,1756,mercury_sales,MONTO,33757.0
New Spain,DURANGO,1756,silver_tax,MONTO,193583.0
New Spain,DURANGO,1757,gold_tax,MONTO,24487.0
New Spain,DURANGO,1757,mercury_sales,MONTO,34938.0
New Spain,DURANGO,1757,silver_tax,MONTO,232548.0
New Spain,DURANGO,1758,gold_tax,MONTO,14902.0
New Spain,DURANGO,1758,mercury_sales,MONTO,37866.0
New Spain,DURANGO,1758,silver_tax,MONTO,218465.0
New Spain,DURANGO,1759,gold_tax,MONTO,11422.0
New Spain,DURANGO,1759,mercury_sales,MONTO,51105.0
New Spain,DURANGO,1759,silver_tax,MONTO,163997.0
New Spain,DURANGO,1760,gold_tax,MONTO,57593.0
New Spain,DURANGO,1760,mercury_sales,MONTO,53007.0
New Spain,DURANGO,1760,silver_tax,MONTO,240317.0
New Spain,DURANGO,1761,gold_tax,MONTO,23541.0
New Spain,DURANGO,1761,mercury_sales,MONTO,40342.0
New Spain,DURANGO,1761,silver_tax,MONTO,157493.0
New Spain,DURANGO,1762,gold_tax,MONTO,40638.0
New Spain,DURANGO,1762,mercury_sales,MONTO,53776.0
New Spain,DURANGO,1762,silver_tax,MONTO,217153.0
New Spain,DURANGO,1763,gold_tax,MONTO,38508.0
New Spain,DURANGO,1763,mercury_sales,MONTO,40912.0
New Spain,DURANGO,1763,silver_tax,MONTO,245458.0
New Spain,DURANGO,1764,gold_tax,MONTO,40214.0
New Spain,DURANGO,1764,mercury_sales,MONTO,103360.0
New Spain,DURANGO,1764,silver_tax,MONTO,218201.0
New Spain,DURANGO,1765,gold_tax,MONTO,28197.0
New Spain,DURANGO,1765,mercury_sales,MONTO,103563.0
New Spain,DURANGO,1765,silver_tax,MONTO,205563.0
New Spain,DURANGO,1766,gold_tax,MONTO,3835.0
New Spain,DURANGO,1766,mercury_sales,MONTO,135560.0
New Spain,DURANGO,1766,silver_tax,MONTO,110964.0
New Spain,DURANGO,1767,gold_tax,MONTO,12124.0
New Spain,DURANGO,1767,mercury_sales,MONTO,195909.0
New Spain,DURANGO,1767,silver_tax,MONTO,184799.0
New Spain,DURANGO,1768,gold_tax,MONTO,10128.0
New Spain,DURANGO,1768,mercury_sales,MONTO,205893.0
New Spain,DURANGO,1768,silver_tax,MONTO,159645.0
New Spain,DURANGO,1769,gold_tax,MONTO,6530.0
New Spain,DURANGO,1769,mercury_sales,MONTO,132875.0
New Spain,DURANGO,1769,silver_tax,MONTO,112243.0
New Spain,DURANGO,1770,gold_tax,MONTO,2577.0
New Spain,DURANGO,1770,mercury_sales,MONTO,201209.0
New Spain,DURANGO,1770,silver_tax,MONTO,135033.0
New Spain,DURANGO,1771,gold_tax,MONTO,4927.0
New Spain,DURANGO,1771,mercury_sales,MONTO,89801.0
New Spain,DURANGO,1771,silver_tax,MONTO,23466.0
New Spain,DURANGO,1772,gold_tax,MONTO,4902.0
New Spain,DURANGO,1772,mercury_sales,MONTO,187932.0
New Spain,DURANGO,1772,silver_tax,MONTO,124560.0
New Spain,DURANGO,1773,gold_tax,MONTO,4756.0
New Spain,DURANGO,1773,mercury_sales,MONTO,205680.0
New Spain,DURANGO,1773,silver_tax,MONTO,132956.0
New Spain,DURANGO,1774,gold_tax,MONTO,7713.0
New Spain,DURANGO,1774,mercury_sales,MONTO,81483.0
New Spain,DURANGO,1774,silver_other,MONTO,265670.0
New Spain,DURANGO,1774,silver_tax,MONTO,192596.0
New Spain,DURANGO,1775,gold_tax,MONTO,8563.0
New Spain,DURANGO,1775,mercury_sales,MONTO,86509.0
New Spain,DURANGO,1775,silver_other,MONTO,302505.0
New Spain,DURANGO,1775,silver_tax,MONTO,198526.0
New Spain,DURANGO,1776,gold_tax,MONTO,11655.0
New Spain,DURANGO,1776,mercury_sales,MONTO,117899.0
New Spain,DURANGO,1776,silver_tax,MONTO,241561.0
New Spain,DURANGO,1777,gold_tax,MONTO,2378.0
New Spain,DURANGO,1777,mercury_sales,MONTO,110246.0
New Spain,DURANGO,1777,silver_tax,MONTO,250966.0
New Spain,DURANGO,1778,gold_tax,MONTO,1915.0
New Spain,DURANGO,1778,mercury_sales,MONTO,71311.0
New Spain,DURANGO,1778,silver_tax,MONTO,204979.0
New Spain,DURANGO,1779,gold_tax,MONTO,1540.0
New Spain,DURANGO,1779,mercury_sales,MONTO,90956.0
New Spain,DURANGO,1779,silver_tax,MONTO,197434.0
New Spain,DURANGO,1780,gold_tax,MONTO,2296.0
New Spain,DURANGO,1780,mercury_sales,MONTO,22957.0
New Spain,DURANGO,1780,silver_tax,MONTO,154995.0
New Spain,DURANGO,1781,gold_tax,MONTO,2560.0
New Spain,DURANGO,1781,mercury_sales,MONTO,81027.0
New Spain,DURANGO,1781,silver_tax,MONTO,180927.0
New Spain,DURANGO,1782,gold_tax,MONTO,3658.0
New Spain,DURANGO,1782,mercury_sales,MONTO,224285.0
New Spain,DURANGO,1782,silver_tax,MONTO,316.0
New Spain,DURANGO,1783,gold_tax,MONTO,1775.0
New Spain,DURANGO,1783,mercury_sales,MONTO,66486.0
New Spain,DURANGO,1783,silver_tax,MONTO,187995.0
New Spain,DURANGO,1784,gold_tax,MONTO,1126.0
New Spain,DURANGO,1784,mercury_sales,MONTO,142466.0
New Spain,DURANGO,1784,silver_tax,MONTO,78361.0
New Spain,DURANGO,1785,gold_tax,MONTO,1325.0
New Spain,DURANGO,1785,mercury_sales,MONTO,137998.0
New Spain,DURANGO,1785,silver_tax,MONTO,220.0
New Spain,DURANGO,1786,gold_tax,MONTO,1386.0
New Spain,DURANGO,1786,mercury_sales,MONTO,103507.0
New Spain,DURANGO,1786,silver_tax,MONTO,49075.0
New Spain,DURANGO,1788,gold_tax,MONTO,2858.0
New Spain,DURANGO,1788,mercury_sales,MONTO,138543.0
New Spain,DURANGO,1788,silver_tax,MONTO,55938.0
New Spain,DURANGO,1789,gold_tax,MONTO,4487.0
New Spain,DURANGO,1789,mercury_sales,MONTO,177902.0
New Spain,DURANGO,1789,silver_tax,MONTO,55809.0
New Spain,DURANGO,1790,gold_tax,MONTO,4478.0
New Spain,DURANGO,1790,mercury_sales,MONTO,179550.0
New Spain,DURANGO,1790,silver_tax,MONTO,58002.0
New Spain,DURANGO,1791,gold_tax,MONTO,8604.0
New Spain,DURANGO,1791,mercury_sales,MONTO,186129.0
New Spain,DURANGO,1791,silver_tax,MONTO,54921.0
New Spain,DURANGO,1792,gold_tax,MONTO,2721.0
New Spain,DURANGO,1792,mercury_sales,MONTO,156195.0
New Spain,DURANGO,1792,silver_tax,MONTO,53327.0
New Spain,DURANGO,1793,gold_tax,MONTO,8009.0
New Spain,DURANGO,1793,mercury_sales,MONTO,194576.0
New Spain,DURANGO,1793,silver_tax,MONTO,61213.0
New Spain,DURANGO,1794,gold_tax,MONTO,10437.0
New Spain,DURANGO,1794,mercury_sales,MONTO,225148.0
New Spain,DURANGO,1794,silver_tax,MONTO,67143.0
New Spain,DURANGO,1795,gold_tax,MONTO,11093.0
New Spain,DURANGO,1795,mercury_sales,MONTO,241590.0
New Spain,DURANGO,1795,silver_tax,MONTO,75991.0
New Spain,DURANGO,1796,gold_tax,MONTO,15791.0
New Spain,DURANGO,1796,mercury_sales,MONTO,266017.0
New Spain,DURANGO,1796,silver_tax,MONTO,66673.0
New Spain,DURANGO,1797,gold_tax,MONTO,16281.0
New Spain,DURANGO,1797,mercury_sales,MONTO,234888.0
New Spain,DURANGO,1797,silver_tax,MONTO,75852.0
New Spain,DURANGO,1798,gold_tax,MONTO,15527.0
New Spain,DURANGO,1798,mercury_sales,MONTO,191409.0
New Spain,DURANGO,1798,silver_tax,MONTO,76065.0
New Spain,DURANGO,1799,gold_tax,MONTO,17009.0
New Spain,DURANGO,1799,mercury_sales,MONTO,141034.0
New Spain,DURANGO,1799,silver_tax,MONTO,66810.0
New Spain,DURANGO,1800,gold_tax,MONTO,4527.0
New Spain,DURANGO,1800,mercury_sales,MONTO,171250.0
New Spain,DURANGO,1800,silver_tax,MONTO,85619.0
New Spain,DURANGO,1801,gold_tax,MONTO,3743.0
New Spain,DURANGO,1801,mercury_sales,MONTO,120080.0
New Spain,DURANGO,1801,silver_tax,MONTO,82981.0
New Spain,DURANGO,1802,gold_tax,MONTO,14424.0
New Spain,DURANGO,1802,mercury_sales,MONTO,99950.0
New Spain,DURANGO,1802,silver_tax,MONTO,67198.0
New Spain,DURANGO,1803,gold_tax,MONTO,16709.0
New Spain,DURANGO,1803,mercury_sales,MONTO,188870.0
New Spain,DURANGO,1803,silver_tax,MONTO,69837.0
New Spain,DURANGO,1804,gold_tax,MONTO,21527.0
New Spain,DURANGO,1804,mercury_sales,MONTO,343165.0
New Spain,DURANGO,1804,silver_tax,MONTO,79867.0
New Spain,DURANGO,1805,gold_tax,MONTO,20998.0
New Spain,DURANGO,1805,mercury_sales,MONTO,208226.0
New Spain,DURANGO,1805,silver_tax,MONTO,60373.0
New Spain,DURANGO,1807,gold_tax,MONTO,25114.0
New Spain,DURANGO,1807,mercury_sales,MONTO,230931.0
New Spain,DURANGO,1807,silver_tax,MONTO,56882.0
New Spain,DURANGO,1808,gold_tax,MONTO,22998.0
New Spain,DURANGO,1808,mercury_sales,MONTO,206076.0
New Spain,DURANGO,1808,silver_tax,MONTO,40334.0
New Spain,DURANGO,1809,gold_tax,MONTO,27000.0
New Spain,DURANGO,1809,mercury_sales,MONTO,284299.0
New Spain,DURANGO,1809,silver_other,MONTO,248098.0
New Spain,DURANGO,1809,silver_tax,MONTO,65844.0
New Spain,DURANGO,1810,gold_tax,MONTO,22935.0
New Spain,DURANGO,1810,mercury_sales,MONTO,201500.0
New Spain,DURANGO,1810,silver_other,MONTO,222809.0
New Spain,DURANGO,1810,silver_tax,MONTO,59536.0
New Spain,DURANGO,1811,gold_tax,MONTO,13700.0
New Spain,DURANGO,1811,mercury_sales,MONTO,135121.0
New Spain,DURANGO,1811,silver_tax,MONTO,15251.0
New Spain,DURANGO,1813,gold_tax,MONTO,20593.0
New Spain,DURANGO,1813,mercury_sales,MONTO,129640.0
New Spain,DURANGO,1813,silver_other,MONTO,394.0
New Spain,DURANGO,1813,silver_tax,MONTO,40791.0
New Spain,GUADALAJARA,1568,silver_tax,MONTO,176445.0
New Spain,GUADALAJARA,1578,silver_tax,MONTO,19831.0
New Spain,GUADALAJARA,1579,silver_tax,MONTO,23660.0
New Spain,GUADALAJARA,1581,silver_other,MONTO,101.0
New Spain,GUADALAJARA,1581,silver_tax,MONTO,16726.0
New Spain,GUADALAJARA,1582,silver_other,MONTO,1537.0
New Spain,GUADALAJARA,1582,silver_tax,MONTO,16608.0
New Spain,GUADALAJARA,1583,silver_other,MONTO,77.0
New Spain,GUADALAJARA,1583,silver_tax,MONTO,16870.0
New Spain,GUADALAJARA,1584,silver_tax,MONTO,13363.0
New Spain,GUADALAJARA,1586,silver_other,MONTO,520.0
New Spain,GUADALAJARA,1586,silver_tax,MONTO,20120.0
New Spain,GUADALAJARA,1587,silver_tax,MONTO,25517.0
New Spain,GUADALAJARA,1590,silver_tax,MONTO,32342.0
New Spain,GUADALAJARA,1591,silver_other,MONTO,222.0
New Spain,GUADALAJARA,1591,silver_tax,MONTO,32509.0
New Spain,GUADALAJARA,1592,silver_other,MONTO,73.0
New Spain,GUADALAJARA,1592,silver_tax,MONTO,27578.0
New Spain,GUADALAJARA,1593,silver_tax,MONTO,28627.0
New Spain,GUADALAJARA,1594,silver_other,MONTO,159.0
New Spain,GUADALAJARA,1594,silver_tax,MONTO,25446.0
New Spain,GUADALAJARA,1595,silver_tax,MONTO,38663.0
New Spain,GUADALAJARA,1596,silver_other,MONTO,74.0
New Spain,GUADALAJARA,1596,silver_tax,MONTO,27375.0
New Spain,GUADALAJARA,1597,silver_tax,MONTO,26959.0
New Spain,GUADALAJARA,1598,silver_other,MONTO,712.0
New Spain,GUADALAJARA,1598,silver_tax,MONTO,28941.0
New Spain,GUADALAJARA,1599,silver_tax,MONTO,26303.0
New Spain,GUADALAJARA,1600,silver_other,MONTO,9653.0
New Spain,GUADALAJARA,1600,silver_tax,MONTO,21487.0
New Spain,GUADALAJARA,1601,silver_tax,MONTO,28010.0
New Spain,GUADALAJARA,1602,silver_tax,MONTO,35886.0
New Spain,GUADALAJARA,1603,silver_tax,MONTO,16423.0
New Spain,GUADALAJARA,1604,silver_tax,MONTO,57776.0
New Spain,GUADALAJARA,1606,silver_tax,MONTO,32791.0
New Spain,GUADALAJARA,1608,silver_tax,MONTO,41192.0
New Spain,GUADALAJARA,1609,silver_tax,MONTO,40427.0
New Spain,GUADALAJARA,1610,silver_tax,MONTO,36524.0
New Spain,GUADALAJARA,1611,mercury_sales,MONTO,37713.0
New Spain,GUADALAJARA,1611,silver_tax,MONTO,33128.0
New Spain,GUADALAJARA,1612,mercury_sales,MONTO,25897.0
New Spain,GUADALAJARA,1612,silver_tax,MONTO,30221.0
New Spain,GUADALAJARA,1613,mercury_sales,MONTO,16267.0
New Spain,GUADALAJARA,1613,silver_tax,MONTO,15016.0
New Spain,GUADALAJARA,1614,mercury_sales,MONTO,28331.0
New Spain,GUADALAJARA,1614,silver_other,MONTO,7825.0
New Spain,GUADALAJARA,1614,silver_tax,MONTO,33095.0
New Spain,GUADALAJARA,1615,mercury_sales,MONTO,22326.0
New Spain,GUADALAJARA,1615,silver_other,MONTO,2887.0
New Spain,GUADALAJARA,1615,silver_tax,MONTO,34114.0
New Spain,GUADALAJARA,1616,mercury_sales,MONTO,11868.0
New Spain,GUADALAJARA,1616,silver_other,MONTO,10040.0
New Spain,GUADALAJARA,1616,silver_tax,MONTO,31037.0
New Spain,GUADALAJARA,1617,mercury_sales,MONTO,11942.0
New Spain,GUADALAJARA,1617,silver_other,MONTO,164.0
New Spain,GUADALAJARA,1617,silver_tax,MONTO,28448.0
New Spain,GUADALAJARA,1618,mercury_sales,MONTO,22579.0
New Spain,GUADALAJARA,1618,silver_other,MONTO,823.0
New Spain,GUADALAJARA,1618,silver_tax,MONTO,60643.0
New Spain,GUADALAJARA,1619,mercury_sales,MONTO,16483.0
New Spain,GUADALAJARA,1619,silver_other,MONTO,2850.0
New Spain,GUADALAJARA,1619,silver_tax,MONTO,41548.0
New Spain,GUADALAJARA,1620,mercury_sales,MONTO,13375.0
New Spain,GUADALAJARA,1620,silver_tax,MONTO,40656.0
New Spain,GUADALAJARA,1621,mercury_sales,MONTO,12887.0
New Spain,GUADALAJARA,1621,silver_other,MONTO,572.0
New Spain,GUADALAJARA,1621,silver_tax,MONTO,42269.0
New Spain,GUADALAJARA,1622,mercury_sales,MONTO,14038.0
New Spain,GUADALAJARA,1622,silver_tax,MONTO,45259.0
New Spain,GUADALAJARA,1623,mercury_sales,MONTO,16688.0
New Spain,GUADALAJARA,1623,silver_tax,MONTO,23350.0
New Spain,GUADALAJARA,1624,mercury_sales,MONTO,24003.0
New Spain,GUADALAJARA,1624,silver_other,MONTO,2000.0
New Spain,GUADALAJARA,1624,silver_tax,MONTO,53759.0
New Spain,GUADALAJARA,1625,mercury_sales,MONTO,25959.0
New Spain,GUADALAJARA,1625,silver_tax,MONTO,49590.0
New Spain,GUADALAJARA,1626,mercury_sales,MONTO,32313.0
New Spain,GUADALAJARA,1626,silver_tax,MONTO,52737.0
New Spain,GUADALAJARA,1627,mercury_sales,MONTO,42219.0
New Spain,GUADALAJARA,1627,silver_other,MONTO,861.0
New Spain,GUADALAJARA,1627,silver_tax,MONTO,52741.0
New Spain,GUADALAJARA,1628,mercury_sales,MONTO,28538.0
New Spain,GUADALAJARA,1628,silver_tax,MONTO,47355.0
New Spain,GUADALAJARA,1629,mercury_sales,MONTO,37664.0
New Spain,GUADALAJARA,1629,silver_tax,MONTO,52966.0
New Spain,GUADALAJARA,1630,mercury_sales,MONTO,35331.0
New Spain,GUADALAJARA,1630,silver_tax,MONTO,57302.0
New Spain,GUADALAJARA,1631,mercury_sales,MONTO,41587.0
New Spain,GUADALAJARA,1631,silver_tax,MONTO,47084.0
New Spain,GUADALAJARA,1632,mercury_sales,MONTO,25592.0
New Spain,GUADALAJARA,1632,silver_tax,MONTO,35839.0
New Spain,GUADALAJARA,1633,mercury_sales,MONTO,46083.0
New Spain,GUADALAJARA,1633,silver_tax,MONTO,45184.0
New Spain,GUADALAJARA,1634,mercury_sales,MONTO,35032.0
New Spain,GUADALAJARA,1634,silver_tax,MONTO,40454.0
New Spain,GUADALAJARA,1635,mercury_sales,MONTO,19079.0
New Spain,GUADALAJARA,1635,silver_tax,MONTO,27976.0
New Spain,GUADALAJARA,1636,mercury_sales,MONTO,37929.0
New Spain,GUADALAJARA,1636,silver_tax,MONTO,43254.0
New Spain,GUADALAJARA,1637,mercury_sales,MONTO,32880.0
New Spain,GUADALAJARA,1637,silver_tax,MONTO,29092.0
New Spain,GUADALAJARA,1638,mercury_sales,MONTO,34376.0
New Spain,GUADALAJARA,1638,silver_tax,MONTO,31539.0
New Spain,GUADALAJARA,1639,mercury_sales,MONTO,11173.0
New Spain,GUADALAJARA,1639,silver_tax,MONTO,27390.0
New Spain,GUADALAJARA,1640,mercury_sales,MONTO,23475.0
New Spain,GUADALAJARA,1640,silver_tax,MONTO,25759.0
New Spain,GUADALAJARA,1641,mercury_sales,MONTO,20774.0
New Spain,GUADALAJARA,1641,silver_tax,MONTO,28192.0
New Spain,GUADALAJARA,1642,gold_tax,MONTO,185.0
New Spain,GUADALAJARA,1642,mercury_sales,MONTO,10245.0
New Spain,GUADALAJARA,1642,silver_tax,MONTO,20827.0
New Spain,GUADALAJARA,1643,mercury_sales,MONTO,22830.0
New Spain,GUADALAJARA,1643,silver_tax,MONTO,30478.0
New Spain,GUADALAJARA,1644,mercury_sales,MONTO,31478.0
New Spain,GUADALAJARA,1644,silver_tax,MONTO,49450.0
New Spain,GUADALAJARA,1645,mercury_sales,MONTO,11563.0
New Spain,GUADALAJARA,1645,silver_tax,MONTO,25238.0
New Spain,GUADALAJARA,1646,mercury_sales,MONTO,21745.0
New Spain,GUADALAJARA,1646,silver_tax,MONTO,42137.0
New Spain,GUADALAJARA,1647,mercury_sales,MONTO,16973.0
New Spain,GUADALAJARA,1647,silver_tax,MONTO,34346.0
New Spain,GUADALAJARA,1648,mercury_sales,MONTO,10122.0
New Spain,GUADALAJARA,1648,silver_tax,MONTO,30891.0
New Spain,GUADALAJARA,1649,mercury_sales,MONTO,12599.0
New Spain,GUADALAJARA,1649,silver_tax,MONTO,32407.0
New Spain,GUADALAJARA,1650,mercury_sales,MONTO,27929.0
New Spain,GUADALAJARA,1650,silver_tax,MONTO,35160.0
New Spain,GUADALAJARA,1651,mercury_sales,MONTO,21216.0
New Spain,GUADALAJARA,1651,silver_tax,MONTO,32310.0
New Spain,GUADALAJARA,1652,mercury_sales,MONTO,28260.0
New Spain,GUADALAJARA,1652,silver_tax,MONTO,29999.0
New Spain,GUADALAJARA,1653,mercury_sales,MONTO,28821.0
New Spain,GUADALAJARA,1653,silver_tax,MONTO,32460.0
New Spain,GUADALAJARA,1654,mercury_sales,MONTO,45118.0
New Spain,GUADALAJARA,1654,silver_other,MONTO,1683.0
New Spain,GUADALAJARA,1654,silver_tax,MONTO,50732.0
New Spain,GUADALAJARA,1655,mercury_sales,MONTO,47310.0
New Spain,GUADALAJARA,1655,silver_tax,MONTO,48410.0
New Spain,GUADALAJARA,1656,mercury_sales,MONTO,19624.0
New Spain,GUADALAJARA,1656,silver_tax,MONTO,34377.0
New Spain,GUADALAJARA,1657,gold_tax,MONTO,2236.0
New Spain,GUADALAJARA,1657,mercury_sales,MONTO,84947.0
New Spain,GUADALAJARA,1657,silver_tax,MONTO,93238.0
New Spain,GUADALAJARA,1658,mercury_sales,MONTO,59632.0
New Spain,GUADALAJARA,1658,silver_tax,MONTO,102170.0
New Spain,GUADALAJARA,1659,mercury_sales,MONTO,46421.0
New Spain,GUADALAJARA,1659,silver_tax,MONTO,97210.0
New Spain,GUADALAJARA,1661,mercury_sales,MONTO,23903.0
New Spain,GUADALAJARA,1661,silver_tax,MONTO,84876.0
New Spain,GUADALAJARA,1662,mercury_sales,MONTO,17233.0
New Spain,GUADALAJARA,1662,silver_tax,MONTO,72607.0
New Spain,GUADALAJARA,1663,mercury_sales,MONTO,32947.0
New Spain,GUADALAJARA,1663,silver_tax,MONTO,76475.0
New Spain,GUADALAJARA,1664,mercury_sales,MONTO,28486.0
New Spain,GUADALAJARA,1664,silver_tax,MONTO,65666.0
New Spain,GUADALAJARA,1665,mercury_sales,MONTO,40157.0
New Spain,GUADALAJARA,1665,silver_tax,MONTO,69181.0
New Spain,GUADALAJARA,1666,mercury_sales,MONTO,42128.0
New Spain,GUADALAJARA,1666,silver_tax,MONTO,60129.0
New Spain,GUADALAJARA,1668,gold_tax,MONTO,2269.0
New Spain,GUADALAJARA,1668,mercury_sales,MONTO,41296.0
New Spain,GUADALAJARA,1668,silver_tax,MONTO,79919.0
New Spain,GUADALAJARA,1669,gold_tax,MONTO,5413.0
New Spain,GUADALAJARA,1669,mercury_sales,MONTO,34917.0
New Spain,GUADALAJARA,1669,silver_tax,MONTO,92239.0
New Spain,GUADALAJARA,1670,gold_tax,MONTO,6838.0
New Spain,GUADALAJARA,1670,mercury_sales,MONTO,30488.0
New Spain,GUADALAJARA,1670,silver_tax,MONTO,67247.0
New Spain,GUADALAJARA,1671,gold_tax,MONTO,12162.0
New Spain,GUADALAJARA,1671,mercury_sales,MONTO,61047.0
New Spain,GUADALAJARA,1671,silver_tax,MONTO,94584.0
New Spain,GUADALAJARA,1672,gold_tax,MONTO,6091.0
New Spain,GUADALAJARA,1672,mercury_sales,MONTO,25413.0
New Spain,GUADALAJARA,1672,silver_tax,MONTO,59038.0
New Spain,GUADALAJARA,1673,gold_tax,MONTO,14395.0
New Spain,GUADALAJARA,1673,mercury_sales,MONTO,46949.0
New Spain,GUADALAJARA,1673,silver_tax,MONTO,102330.0
New Spain,GUADALAJARA,1674,gold_tax,MONTO,6479.0
New Spain,GUADALAJARA,1674,mercury_sales,MONTO,42787.0
New Spain,GUADALAJARA,1674,silver_tax,MONTO,72024.0
New Spain,GUADALAJARA,1675,gold_tax,MONTO,5713.0
New Spain,GUADALAJARA,1675,mercury_sales,MONTO,38522.0
New Spain,GUADALAJARA,1675,silver_tax,MONTO,72724.0
New Spain,GUADALAJARA,1676,gold_tax,MONTO,5213.0
New Spain,GUADALAJARA,1676,mercury_sales,MONTO,42216.0
New Spain,GUADALAJARA,1676,silver_tax,MONTO,59116.0
New Spain,GUADALAJARA,1677,gold_tax,MONTO,3705.0
New Spain,GUADALAJARA,1677,mercury_sales,MONTO,31303.0
New Spain,GUADALAJARA,1677,silver_tax,MONTO,71205.0
New Spain,GUADALAJARA,1678,gold_tax,MONTO,5209.0
New Spain,GUADALAJARA,1678,mercury_sales,MONTO,48499.0
New Spain,GUADALAJARA,1678,silver_tax,MONTO,84854.0
New Spain,GUADALAJARA,1679,gold_tax,MONTO,2010.0
New Spain,GUADALAJARA,1679,mercury_sales,MONTO,22457.0
New Spain,GUADALAJARA,1679,silver_tax,MONTO,28066.0
New Spain,GUADALAJARA,1680,gold_tax,MONTO,8908.0
New Spain,GUADALAJARA,1680,mercury_sales,MONTO,39411.0
New Spain,GUADALAJARA,1680,silver_tax,MONTO,72716.0
New Spain,GUADALAJARA,1681,gold_tax,MONTO,4979.0
New Spain,GUADALAJARA,1681,mercury_sales,MONTO,50400.0
New Spain,GUADALAJARA,1681,silver_tax,MONTO,78496.0
New Spain,GUADALAJARA,1682,gold_tax,MONTO,3587.0
New Spain,GUADALAJARA,1682,mercury_sales,MONTO,39141.0
New Spain,GUADALAJARA,1682,silver_tax,MONTO,66294.0
New Spain,GUADALAJARA,1683,gold_tax,MONTO,5037.0
New Spain,GUADALAJARA,1683,mercury_sales,MONTO,41921.0
New Spain,GUADALAJARA,1683,silver_tax,MONTO,82974.0
New Spain,GUADALAJARA,1684,gold_tax,MONTO,5632.0
New Spain,GUADALAJARA,1684,mercury_sales,MONTO,49311.0
New Spain,GUADALAJARA,1684,silver_tax,MONTO,63299.0
New Spain,GUADALAJARA,1685,gold_tax,MONTO,5494.0
New Spain,GUADALAJARA,1685,mercury_sales,MONTO,56524.0
New Spain,GUADALAJARA,1685,silver_tax,MONTO,69888.0
New Spain,GUADALAJARA,1686,gold_tax,MONTO,4517.0
New Spain,GUADALAJARA,1686,mercury_sales,MONTO,47125.0
New Spain,GUADALAJARA,1686,silver_tax,MONTO,83420.0
New Spain,GUADALAJARA,1687,gold_tax,MONTO,3384.0
New Spain,GUADALAJARA,1687,mercury_sales,MONTO,34212.0
New Spain,GUADALAJARA,1687,silver_tax,MONTO,60479.0
New Spain,GUADALAJARA,1688,gold_tax,MONTO,12597.0
New Spain,GUADALAJARA,1688,mercury_sales,MONTO,40394.0
New Spain,GUADALAJARA,1688,silver_tax,MONTO,97944.0
New Spain,GUADALAJARA,1689,gold_tax,MONTO,6649.0
New Spain,GUADALAJARA,1689,mercury_sales,MONTO,88937.0
New Spain,GUADALAJARA,1689,silver_tax,MONTO,75732.0
New Spain,GUADALAJARA,1690,gold_tax,MONTO,5939.0
New Spain,GUADALAJARA,1690,mercury_sales,MONTO,21432.0
New Spain,GUADALAJARA,1690,silver_tax,MONTO,85659.0
New Spain,GUADALAJARA,1691,gold_tax,MONTO,8699.0
New Spain,GUADALAJARA,1691,mercury_sales,MONTO,163895.0
New Spain,GUADALAJARA,1691,silver_tax,MONTO,15938.0
New Spain,GUADALAJARA,1692,gold_tax,MONTO,1363.0
New Spain,GUADALAJARA,1692,mercury_sales,MONTO,78129.0
New Spain,GUADALAJARA,1692,silver_tax,MONTO,12102.0
New Spain,GUADALAJARA,1696,gold_tax,MONTO,4938.0
New Spain,GUADALAJARA,1696,mercury_sales,MONTO,156890.0
New Spain,GUADALAJARA,1697,gold_tax,MONTO,7449.0
New Spain,GUADALAJARA,1697,mercury_sales,MONTO,64653.0
New Spain,GUADALAJARA,1697,silver_tax,MONTO,71715.0
New Spain,GUADALAJARA,1700,gold_tax,MONTO,4448.0
New Spain,GUADALAJARA,1700,mercury_sales,MONTO,119938.0
New Spain,GUADALAJARA,1700,silver_tax,MONTO,39761.0
New Spain,GUADALAJARA,1701,gold_tax,MONTO,1752.0
New Spain,GUADALAJARA,1701,mercury_sales,MONTO,116468.0
New Spain,GUADALAJARA,1701,silver_tax,MONTO,58758.0
New Spain,GUADALAJARA,1703,gold_tax,MONTO,2049.0
New Spain,GUADALAJARA,1703,mercury_sales,MONTO,54676.0
New Spain,GUADALAJARA,1703,silver_tax,MONTO,29110.0
New Spain,GUADALAJARA,1704,gold_tax,MONTO,643.0
New Spain,GUADALAJARA,1704,mercury_sales,MONTO,71548.0
New Spain,GUADALAJARA,1704,silver_tax,MONTO,42307.0
New Spain,GUADALAJARA,1705,gold_tax,MONTO,600.0
New Spain,GUADALAJARA,1705,mercury_sales,MONTO,94811.0
New Spain,GUADALAJARA,1705,silver_tax,MONTO,26254.0
New Spain,GUADALAJARA,1706,gold_tax,MONTO,643.0
New Spain,GUADALAJARA,1706,mercury_sales,MONTO,64568.0
New Spain,GUADALAJARA,1706,silver_tax,MONTO,24136.0
New Spain,GUADALAJARA,1707,gold_tax,MONTO,422.0
New Spain,GUADALAJARA,1707,mercury_sales,MONTO,79933.0
New Spain,GUADALAJARA,1707,silver_tax,MONTO,34457.0
New Spain,GUADALAJARA,1708,gold_tax,MONTO,222.0
New Spain,GUADALAJARA,1708,mercury_sales,MONTO,97818.0
New Spain,GUADALAJARA,1708,silver_tax,MONTO,28739.0
New Spain,GUADALAJARA,1709,gold_tax,MONTO,142.0
New Spain,GUADALAJARA,1709,mercury_sales,MONTO,54164.0
New Spain,GUADALAJARA,1709,silver_tax,MONTO,31241.0
New Spain,GUADALAJARA,1710,gold_tax,MONTO,1750.0
New Spain,GUADALAJARA,1710,mercury_sales,MONTO,95087.0
New Spain,GUADALAJARA,1710,silver_tax,MONTO,26585.0
New Spain,GUADALAJARA,1711,gold_tax,MONTO,744.0
New Spain,GUADALAJARA,1711,mercury_sales,MONTO,66460.0
New Spain,GUADALAJARA,1711,silver_tax,MONTO,30090.0
New Spain,GUADALAJARA,1712,gold_tax,MONTO,852.0
New Spain,GUADALAJARA,1712,mercury_sales,MONTO,79540.0
New Spain,GUADALAJARA,1712,silver_tax,MONTO,28714.0
New Spain,GUADALAJARA,1713,gold_tax,MONTO,683.0
New Spain,GUADALAJARA,1713,mercury_sales,MONTO,91360.0
New Spain,GUADALAJARA,1713,silver_tax,MONTO,36903.0
New Spain,GUADALAJARA,1714,gold_tax,MONTO,345.0
New Spain,GUADALAJARA,1714,mercury_sales,MONTO,92543.0
New Spain,GUADALAJARA,1714,silver_tax,MONTO,39772.0
New Spain,GUADALAJARA,1715,gold_tax,MONTO,1995.0
New Spain,GUADALAJARA,1715,mercury_sales,MONTO,74355.0
New Spain,GUADALAJARA,1715,silver_tax,MONTO,34787.0
New Spain,GUADALAJARA,1716,gold_tax,MONTO,2537.0
New Spain,GUADALAJARA,1716,mercury_sales,MONTO,79279.0
New Spain,GUADALAJARA,1716,silver_tax,MONTO,47708.0
New Spain,GUADALAJARA,1717,gold_tax,MONTO,175.0
New Spain,GUADALAJARA,1717,mercury_sales,MONTO,66959.0
New Spain,GUADALAJARA,1717,silver_tax,MONTO,35154.0
New Spain,GUADALAJARA,1718,mercury_sales,MONTO,64919.0
New Spain,GUADALAJARA,1718,silver_tax,MONTO,41388.0
New Spain,GUADALAJARA,1719,gold_tax,MONTO,883.0
New Spain,GUADALAJARA,1719,mercury_sales,MONTO,68875.0
New Spain,GUADALAJARA,1719,silver_tax,MONTO,38230.0
New Spain,GUADALAJARA,1720,gold_tax,MONTO,352.0
New Spain,GUADALAJARA,1720,mercury_sales,MONTO,75114.0
New Spain,GUADALAJARA,1720,silver_tax,MONTO,42006.0
New Spain,GUADALAJARA,1721,gold_tax,MONTO,352.0
New Spain,GUADALAJARA,1721,mercury_sales,MONTO,87329.0
New Spain,GUADALAJARA,1721,silver_tax,MONTO,42588.0
New Spain,GUADALAJARA,1722,gold_tax,MONTO,87.0
New Spain,GUADALAJARA,1722,mercury_sales,MONTO,86261.0
New Spain,GUADALAJARA,1722,silver_tax,MONTO,41894.0
New Spain,GUADALAJARA,1723,mercury_sales,MONTO,76128.0
New Spain,GUADALAJARA,1723,silver_tax,MONTO,32212.0
New Spain,GUADALAJARA,1724,gold_tax,MONTO,416.0
New Spain,GUADALAJARA,1724,mercury_sales,MONTO,52710.0
New Spain,GUADALAJARA,1724,silver_tax,MONTO,84603.0
New Spain,GUADALAJARA,1725,gold_tax,MONTO,1367.0
New Spain,GUADALAJARA,1725,mercury_sales,MONTO,22286.0
New Spain,GUADALAJARA,1725,silver_tax,MONTO,73168.0
New Spain,GUADALAJARA,1726,gold_tax,MONTO,688.0
New Spain,GUADALAJARA,1726,mercury_sales,MONTO,49515.0
New Spain,GUADALAJARA,1726,silver_tax,MONTO,76619.0
New Spain,GUADALAJARA,1727,gold_tax,MONTO,2484.0
New Spain,GUADALAJARA,1727,mercury_sales,MONTO,24390.0
New Spain,GUADALAJARA,1727,silver_tax,MONTO,87194.0
New Spain,GUADALAJARA,1728,gold_tax,MONTO,3832.0
New Spain,GUADALAJARA,1728,mercury_sales,MONTO,112901.0
New Spain,GUADALAJARA,1728,silver_tax,MONTO,23125.0
New Spain,GUADALAJARA,1729,gold_tax,MONTO,3529.0
New Spain,GUADALAJARA,1729,mercury_sales,MONTO,62492.0
New Spain,GUADALAJARA,1729,silver_tax,MONTO,79382.0
New Spain,GUADALAJARA,1730,gold_tax,MONTO,5558.0
New Spain,GUADALAJARA,1730,mercury_sales,MONTO,102804.0
New Spain,GUADALAJARA,1730,silver_tax,MONTO,31770.0
New Spain,GUADALAJARA,1731,gold_tax,MONTO,440.0
New Spain,GUADALAJARA,1731,mercury_sales,MONTO,98254.0
New Spain,GUADALAJARA,1731,silver_tax,MONTO,30553.0
New Spain,GUADALAJARA,1732,gold_tax,MONTO,7162.0
New Spain,GUADALAJARA,1732,mercury_sales,MONTO,136373.0
New Spain,GUADALAJARA,1732,silver_tax,MONTO,23017.0
New Spain,GUADALAJARA,1733,gold_tax,MONTO,4247.0
New Spain,GUADALAJARA,1733,mercury_sales,MONTO,122706.0
New Spain,GUADALAJARA,1733,silver_tax,MONTO,32821.0
New Spain,GUADALAJARA,1734,gold_tax,MONTO,4787.0
New Spain,GUADALAJARA,1734,mercury_sales,MONTO,103605.0
New Spain,GUADALAJARA,1734,silver_tax,MONTO,30552.0
New Spain,GUADALAJARA,1735,gold_tax,MONTO,3627.0
New Spain,GUADALAJARA,1735,mercury_sales,MONTO,111010.0
New Spain,GUADALAJARA,1735,silver_tax,MONTO,31575.0
New Spain,GUADALAJARA,1736,gold_tax,MONTO,1893.0
New Spain,GUADALAJARA,1736,mercury_sales,MONTO,130065.0
New Spain,GUADALAJARA,1736,silver_tax,MONTO,29823.0
New Spain,GUADALAJARA,1737,gold_tax,MONTO,2652.0
New Spain,GUADALAJARA,1737,mercury_sales,MONTO,112435.0
New Spain,GUADALAJARA,1737,silver_tax,MONTO,26987.0
New Spain,GUADALAJARA,1738,gold_tax,MONTO,2157.0
New Spain,GUADALAJARA,1738,mercury_sales,MONTO,122891.0
New Spain,GUADALAJARA,1738,silver_tax,MONTO,39099.0
New Spain,GUADALAJARA,1739,gold_tax,MONTO,1334.0
New Spain,GUADALAJARA,1739,mercury_sales,MONTO,97296.0
New Spain,GUADALAJARA,1739,silver_tax,MONTO,33396.0
New Spain,GUADALAJARA,1740,gold_tax,MONTO,1998.0
New Spain,GUADALAJARA,1740,mercury_sales,MONTO,116525.0
New Spain,GUADALAJARA,1740,silver_tax,MONTO,18082.0
New Spain,GUADALAJARA,1741,gold_tax,MONTO,3687.0
New Spain,GUADALAJARA,1741,mercury_sales,MONTO,88056.0
New Spain,GUADALAJARA,1741,silver_tax,MONTO,33774.0
New Spain,GUADALAJARA,1742,gold_tax,MONTO,6898.0
New Spain,GUADALAJARA,1742,mercury_sales,MONTO,82432.0
New Spain,GUADALAJARA,1742,silver_tax,MONTO,28626.0
New Spain,GUADALAJARA,1743,gold_tax,MONTO,6055.0
New Spain,GUADALAJARA,1743,mercury_sales,MONTO,88563.0
New Spain,GUADALAJARA,1743,silver_tax,MONTO,29763.0
New Spain,GUADALAJARA,1744,gold_tax,MONTO,5247.0
New Spain,GUADALAJARA,1744,mercury_sales,MONTO,99442.0
New Spain,GUADALAJARA,1744,silver_tax,MONTO,27481.0
New Spain,GUADALAJARA,1745,gold_tax,MONTO,4453.0
New Spain,GUADALAJARA,1745,mercury_sales,MONTO,115173.0
New Spain,GUADALAJARA,1745,silver_tax,MONTO,24669.0
New Spain,GUADALAJARA,1746,gold_tax,MONTO,1774.0
New Spain,GUADALAJARA,1746,mercury_sales,MONTO,123870.0
New Spain,GUADALAJARA,1746,silver_tax,MONTO,28940.0
New Spain,GUADALAJARA,1747,gold_tax,MONTO,413.0
New Spain,GUADALAJARA,1747,mercury_sales,MONTO,103103.0
New Spain,GUADALAJARA,1747,silver_tax,MONTO,26052.0
New Spain,GUADALAJARA,1748,gold_tax,MONTO,2166.0
New Spain,GUADALAJARA,1748,mercury_sales,MONTO,145782.0
New Spain,GUADALAJARA,1748,silver_tax,MONTO,27104.0
New Spain,GUADALAJARA,1749,gold_tax,MONTO,2651.0
New Spain,GUADALAJARA,1749,mercury_sales,MONTO,141339.0
New Spain,GUADALAJARA,1749,silver_tax,MONTO,21022.0
New Spain,GUADALAJARA,1750,gold_tax,MONTO,18.0
New Spain,GUADALAJARA,1750,mercury_sales,MONTO,227427.0
New Spain,GUADALAJARA,1750,silver_tax,MONTO,27845.0
New Spain,GUADALAJARA,1751,gold_tax,MONTO,2496.0
New Spain,GUADALAJARA,1751,mercury_sales,MONTO,167028.0
New Spain,GUADALAJARA,1751,silver_tax,MONTO,22203.0
New Spain,GUADALAJARA,1752,gold_tax,MONTO,4904.0
New Spain,GUADALAJARA,1752,mercury_sales,MONTO,143967.0
New Spain,GUADALAJARA,1752,silver_tax,MONTO,16705.0
New Spain,GUADALAJARA,1753,gold_tax,MONTO,5972.0
New Spain,GUADALAJARA,1753,mercury_sales,MONTO,133892.0
New Spain,GUADALAJARA,1753,silver_tax,MONTO,21468.0
New Spain,GUADALAJARA,1754,gold_tax,MONTO,2269.0
New Spain,GUADALAJARA,1754,mercury_sales,MONTO,75606.0
New Spain,GUADALAJARA,1754,silver_tax,MONTO,22278.0
New Spain,GUADALAJARA,1755,gold_tax,MONTO,11284.0
New Spain,GUADALAJARA,1755,mercury_sales,MONTO,109209.0
New Spain,GUADALAJARA,1755,silver_tax,MONTO,26574.0
New Spain,GUADALAJARA,1756,gold_tax,MONTO,2579.0
New Spain,GUADALAJARA,1756,mercury_sales,MONTO,91612.0
New Spain,GUADALAJARA,1756,silver_tax,MONTO,27446.0
New Spain,GUADALAJARA,1757,gold_tax,MONTO,854.0
New Spain,GUADALAJARA,1757,mercury_sales,MONTO,113278.0
New Spain,GUADALAJARA,1757,silver_tax,MONTO,25935.0
New Spain,GUADALAJARA,1758,gold_tax,MONTO,1434.0
New Spain,GUADALAJARA,1758,mercury_sales,MONTO,137299.0
New Spain,GUADALAJARA,1758,silver_tax,MONTO,30040.0
New Spain,GUADALAJARA,1759,gold_tax,MONTO,3362.0
New Spain,GUADALAJARA,1759,mercury_sales,MONTO,150028.0
New Spain,GUADALAJARA,1759,silver_tax,MONTO,28926.0
New Spain,GUADALAJARA,1760,gold_tax,MONTO,36504.0
New Spain,GUADALAJARA,1760,mercury_sales,MONTO,273818.0
New Spain,GUADALAJARA,1760,silver_tax,MONTO,35720.0
New Spain,GUADALAJARA,1762,gold_tax,MONTO,14243.0
New Spain,GUADALAJARA,1762,mercury_sales,MONTO,191889.0
New Spain,GUADALAJARA,1762,silver_tax,MONTO,17568.0
New Spain,GUADALAJARA,1763,gold_tax,MONTO,7277.0
New Spain,GUADALAJARA,1763,mercury_sales,MONTO,233279.0
New Spain,GUADALAJARA,1763,silver_tax,MONTO,17487.0
New Spain,GUADALAJARA,1764,gold_tax,MONTO,1653.0
New Spain,GUADALAJARA,1764,mercury_sales,MONTO,194818.0
New Spain,GUADALAJARA,1764,silver_tax,MONTO,18438.0
New Spain,GUADALAJARA,1765,gold_tax,MONTO,16657.0
New Spain,GUADALAJARA,1765,mercury_sales,MONTO,220301.0
New Spain,GUADALAJARA,1765,silver_tax,MONTO,22537.0
New Spain,GUADALAJARA,1766,gold_tax,MONTO,15908.0
New Spain,GUADALAJARA,1766,mercury_sales,MONTO,234305.0
New Spain,GUADALAJARA,1766,silver_tax,MONTO,32223.0
New Spain,GUADALAJARA,1767,gold_tax,MONTO,10588.0
New Spain,GUADALAJARA,1767,mercury_sales,MONTO,248585.0
New Spain,GUADALAJARA,1767,silver_tax,MONTO,13558.0
New Spain,GUADALAJARA,1768,gold_tax,MONTO,27364.0
New Spain,GUADALAJARA,1768,mercury_sales,MONTO,234218.0
New Spain,GUADALAJARA,1768,silver_other,MONTO,1812.0
New Spain,GUADALAJARA,1768,silver_tax,MONTO,10024.0
New Spain,GUADALAJARA,1769,gold_tax,MONTO,18177.0
New Spain,GUADALAJARA,1769,mercury_sales,MONTO,246938.0
New Spain,GUADALAJARA,1769,silver_other,MONTO,336.0
New Spain,GUADALAJARA,1769,silver_tax,MONTO,6184.0
New Spain,GUADALAJARA,1770,gold_tax,MONTO,1543.0
New Spain,GUADALAJARA,1770,mercury_sales,MONTO,181291.0
New Spain,GUADALAJARA,1770,silver_other,MONTO,156.0
New Spain,GUADALAJARA,1770,silver_tax,MONTO,2189.0
New Spain,GUADALAJARA,1771,gold_tax,MONTO,3342.0
New Spain,GUADALAJARA,1771,mercury_sales,MONTO,181104.0
New Spain,GUADALAJARA,1771,silver_other,MONTO,356.0
New Spain,GUADALAJARA,1771,silver_tax,MONTO,1924.0
New Spain,GUADALAJARA,1772,gold_tax,MONTO,3155.0
New Spain,GUADALAJARA,1772,mercury_sales,MONTO,190406.0
New Spain,GUADALAJARA,1772,silver_other,MONTO,731.0
New Spain,GUADALAJARA,1772,silver_tax,MONTO,6439.0
New Spain,GUADALAJARA,1773,gold_tax,MONTO,4146.0
New Spain,GUADALAJARA,1773,mercury_sales,MONTO,251269.0
New Spain,GUADALAJARA,1773,silver_other,MONTO,159.0
New Spain,GUADALAJARA,1773,silver_tax,MONTO,5689.0
New Spain,GUADALAJARA,1774,gold_tax,MONTO,3074.0
New Spain,GUADALAJARA,1774,mercury_sales,MONTO,218058.0
New Spain,GUADALAJARA,1774,silver_other,MONTO,198.0
New Spain,GUADALAJARA,1774,silver_tax,MONTO,2062.0
New Spain,GUADALAJARA,1775,gold_tax,MONTO,5761.0
New Spain,GUADALAJARA,1775,mercury_sales,MONTO,208573.0
New Spain,GUADALAJARA,1775,silver_other,MONTO,253.0
New Spain,GUADALAJARA,1775,silver_tax,MONTO,6365.0
New Spain,GUADALAJARA,1776,gold_tax,MONTO,3518.0
New Spain,GUADALAJARA,1776,mercury_sales,MONTO,198195.0
New Spain,GUADALAJARA,1776,silver_other,MONTO,468.0
New Spain,GUADALAJARA,1776,silver_tax,MONTO,5533.0
New Spain,GUADALAJARA,1777,gold_tax,MONTO,1048.0
New Spain,GUADALAJARA,1777,mercury_sales,MONTO,174928.0
New Spain,GUADALAJARA,1777,silver_tax,MONTO,3538.0
New Spain,GUADALAJARA,1778,gold_tax,MONTO,2511.0
New Spain,GUADALAJARA,1778,mercury_sales,MONTO,142926.0
New Spain,GUADALAJARA,1778,silver_other,MONTO,485.0
New Spain,GUADALAJARA,1778,silver_tax,MONTO,13184.0
New Spain,GUADALAJARA,1779,gold_tax,MONTO,1486.0
New Spain,GUADALAJARA,1779,mercury_sales,MONTO,136154.0
New Spain,GUADALAJARA,1779,silver_tax,MONTO,57416.0
New Spain,GUADALAJARA,1780,gold_tax,MONTO,733.0
New Spain,GUADALAJARA,1780,mercury_sales,MONTO,104436.0
New Spain,GUADALAJARA,1780,silver_tax,MONTO,75247.0
New Spain,GUADALAJARA,1781,gold_tax,MONTO,1176.0
New Spain,GUADALAJARA,1781,mercury_sales,MONTO,107265.0
New Spain,GUADALAJARA,1781,silver_tax,MONTO,61034.0
New Spain,GUADALAJARA,1782,gold_tax,MONTO,1909.0
New Spain,GUADALAJARA,1782,mercury_sales,MONTO,95208.0
New Spain,GUADALAJARA,1782,silver_tax,MONTO,39228.0
New Spain,GUADALAJARA,1783,gold_tax,MONTO,1030.0
New Spain,GUADALAJARA,1783,mercury_sales,MONTO,154177.0
New Spain,GUADALAJARA,1783,silver_other,MONTO,1106.0
New Spain,GUADALAJARA,1783,silver_tax,MONTO,22863.0
New Spain,GUADALAJARA,1784,gold_tax,MONTO,28.0
New Spain,GUADALAJARA,1784,mercury_sales,MONTO,106562.0
New Spain,GUADALAJARA,1784,silver_other,MONTO,405.0
New Spain,GUADALAJARA,1784,silver_tax,MONTO,26191.0
New Spain,GUADALAJARA,1785,gold_tax,MONTO,204.0
New Spain,GUADALAJARA,1785,mercury_sales,MONTO,109200.0
New Spain,GUADALAJARA,1785,silver_other,MONTO,593.0
New Spain,GUADALAJARA,1785,silver_tax,MONTO,35359.0
New Spain,GUADALAJARA,1786,gold_tax,MONTO,304.0
New Spain,GUADALAJARA,1786,mercury_sales,MONTO,164012.0
New Spain,GUADALAJARA,1786,silver_tax,MONTO,21891.0
New Spain,GUADALAJARA,1787,gold_tax,MONTO,3071.0
New Spain,GUADALAJARA,1787,mercury_sales,MONTO,123488.0
New Spain,GUADALAJARA,1787,silver_tax,MONTO,13519.0
New Spain,GUADALAJARA,1788,gold_tax,MONTO,4633.0
New Spain,GUADALAJARA,1788,mercury_sales,MONTO,33012.0
New Spain,GUADALAJARA,1788,silver_tax,MONTO,91612.0
New Spain,GUADALAJARA,1789,gold_tax,MONTO,114.0
New Spain,GUADALAJARA,1789,mercury_sales,MONTO,150349.0
New Spain,GUADALAJARA,1789,silver_tax,MONTO,15802.0
New Spain,GUADALAJARA,1790,gold_tax,MONTO,661.0
New Spain,GUADALAJARA,1790,mercury_sales,MONTO,125085.0
New Spain,GUADALAJARA,1790,silver_tax,MONTO,21648.0
New Spain,GUADALAJARA,1791,gold_tax,MONTO,716.0
New Spain,GUADALAJARA,1791,mercury_sales,MONTO,63958.0
New Spain,GUADALAJARA,1791,silver_tax,MONTO,96218.0
New Spain,GUADALAJARA,1792,gold_tax,MONTO,1419.0
New Spain,GUADALAJARA,1792,mercury_sales,MONTO,220058.0
New Spain,GUADALAJARA,1792,silver_tax,MONTO,33912.0
New Spain,GUADALAJARA,1794,gold_tax,MONTO,1038.0
New Spain,GUADALAJARA,1794,mercury_sales,MONTO,103524.0
New Spain,GUADALAJARA,1794,silver_tax,MONTO,12170.0
New Spain,GUADALAJARA,1795,gold_tax,MONTO,1171.0
New Spain,GUADALAJARA,1795,mercury_sales,MONTO,114520.0
New Spain,GUADALAJARA,1795,silver_tax,MONTO,14383.0
New Spain,GUADALAJARA,1796,gold_tax,MONTO,1156.0
New Spain,GUADALAJARA,1796,mercury_sales,MONTO,120850.0
New Spain,GUADALAJARA,1796,silver_tax,MONTO,18817.0
New Spain,GUADALAJARA,1797,gold_tax,MONTO,1276.0
New Spain,GUADALAJARA,1797,mercury_sales,MONTO,119851.0
New Spain,GUADALAJARA,1797,silver_tax,MONTO,12258.0
New Spain,GUADALAJARA,1798,gold_tax,MONTO,1256.0
New Spain,GUADALAJARA,1798,mercury_sales,MONTO,112956.0
New Spain,GUADALAJARA,1798,silver_tax,MONTO,8590.0
New Spain,GUADALAJARA,1799,gold_tax,MONTO,963.0
New Spain,GUADALAJARA,1799,mercury_sales,MONTO,75767.0
New Spain,GUADALAJARA,1799,silver_tax,MONTO,8611.0
New Spain,GUADALAJARA,1800,gold_tax,MONTO,936.0
New Spain,GUADALAJARA,1800,mercury_sales,MONTO,73305.0
New Spain,GUADALAJARA,1800,silver_tax,MONTO,9624.0
New Spain,GUADALAJARA,1801,gold_tax,MONTO,654.0
New Spain,GUADALAJARA,1801,mercury_sales,MONTO,55661.0
New Spain,GUADALAJARA,1801,silver_tax,MONTO,13211.0
New Spain,GUADALAJARA,1802,gold_tax,MONTO,686.0
New Spain,GUADALAJARA,1802,mercury_sales,MONTO,67638.0
New Spain,GUADALAJARA,1802,silver_tax,MONTO,14458.0
New Spain,GUADALAJARA,1803,gold_tax,MONTO,338.0
New Spain,GUADALAJARA,1803,mercury_sales,MONTO,158953.0
New Spain,GUADALAJARA,1803,silver_tax,MONTO,15163.0
New Spain,GUADALAJARA,1804,gold_tax,MONTO,447.0
New Spain,GUADALAJARA,1804,mercury_sales,MONTO,134649.0
New Spain,GUADALAJARA,1804,silver_tax,MONTO,11475.0
New Spain,GUADALAJARA,1816,gold_tax,MONTO,1918.0
New Spain,GUADALAJARA,1816,mercury_sales,MONTO,39477.0
New Spain,GUADALAJARA,1816,silver_tax,MONTO,5067.0
New Spain,GUANAJUATO,1665,gold_tax,MONTO,2711.0
New Spain,GUANAJUATO,1665,mercury_sales,MONTO,41370.0
New Spain,GUANAJUATO,1665,silver_tax,MONTO,36895.0
New Spain,GUANAJUATO,1666,gold_tax,MONTO,1241.0
New Spain,GUANAJUATO,1666,mercury_sales,MONTO,57.0
New Spain,GUANAJUATO,1666,silver_tax,MONTO,24693.0
New Spain,GUANAJUATO,1667,gold_tax,MONTO,2676.0
New Spain,GUANAJUATO,1667,mercury_sales,MONTO,40471.0
New Spain,GUANAJUATO,1667,silver_tax,MONTO,51111.0
New Spain,GUANAJUATO,1668,gold_tax,MONTO,2837.0
New Spain,GUANAJUATO,1668,mercury_sales,MONTO,26752.0
New Spain,GUANAJUATO,1668,silver_tax,MONTO,35540.0
New Spain,GUANAJUATO,1669,gold_tax,MONTO,6571.0
New Spain,GUANAJUATO,1669,mercury_sales,MONTO,62680.0
New Spain,GUANAJUATO,1669,silver_tax,MONTO,87315.0
New Spain,GUANAJUATO,1671,gold_tax,MONTO,2544.0
New Spain,GUANAJUATO,1671,mercury_sales,MONTO,26551.0
New Spain,GUANAJUATO,1671,silver_tax,MONTO,45560.0
New Spain,GUANAJUATO,1672,gold_tax,MONTO,3945.0
New Spain,GUANAJUATO,1672,mercury_sales,MONTO,62802.0
New Spain,GUANAJUATO,1672,silver_tax,MONTO,121205.0
New Spain,GUANAJUATO,1674,gold_tax,MONTO,9423.0
New Spain,GUANAJUATO,1674,mercury_sales,MONTO,75097.0
New Spain,GUANAJUATO,1674,silver_tax,MONTO,130820.0
New Spain,GUANAJUATO,1676,gold_tax,MONTO,16223.0
New Spain,GUANAJUATO,1676,mercury_sales,MONTO,71232.0
New Spain,GUANAJUATO,1676,silver_tax,MONTO,155625.0
New Spain,GUANAJUATO,1678,gold_tax,MONTO,2122.0
New Spain,GUANAJUATO,1678,mercury_sales,MONTO,43685.0
New Spain,GUANAJUATO,1678,silver_tax,MONTO,71329.0
New Spain,GUANAJUATO,1679,gold_tax,MONTO,4937.0
New Spain,GUANAJUATO,1679,mercury_sales,MONTO,163693.0
New Spain,GUANAJUATO,1679,silver_tax,MONTO,34248.0
New Spain,GUANAJUATO,1681,gold_tax,MONTO,3472.0
New Spain,GUANAJUATO,1681,mercury_sales,MONTO,52070.0
New Spain,GUANAJUATO,1681,silver_tax,MONTO,135256.0
New Spain,GUANAJUATO,1683,gold_tax,MONTO,897.0
New Spain,GUANAJUATO,1683,mercury_sales,MONTO,26776.0
New Spain,GUANAJUATO,1683,silver_tax,MONTO,62968.0
New Spain,GUANAJUATO,1690,gold_tax,MONTO,20810.0
New Spain,GUANAJUATO,1690,mercury_sales,MONTO,91134.0
New Spain,GUANAJUATO,1690,silver_tax,MONTO,248103.0
New Spain,GUANAJUATO,1693,gold_tax,MONTO,16063.0
New Spain,GUANAJUATO,1693,mercury_sales,MONTO,109831.0
New Spain,GUANAJUATO,1693,silver_tax,MONTO,252642.0
New Spain,GUANAJUATO,1696,gold_tax,MONTO,17389.0
New Spain,GUANAJUATO,1696,mercury_sales,MONTO,35141.0
New Spain,GUANAJUATO,1696,silver_tax,MONTO,136942.0
New Spain,GUANAJUATO,1698,gold_tax,MONTO,12678.0
New Spain,GUANAJUATO,1698,mercury_sales,MONTO,98459.0
New Spain,GUANAJUATO,1698,silver_tax,MONTO,180925.0
New Spain,GUANAJUATO,1701,gold_tax,MONTO,2427.0
New Spain,GUANAJUATO,1701,mercury_sales,MONTO,60920.0
New Spain,GUANAJUATO,1701,silver_tax,MONTO,150191.0
New Spain,GUANAJUATO,1702,gold_tax,MONTO,1783.0
New Spain,GUANAJUATO,1702,mercury_sales,MONTO,43145.0
New Spain,GUANAJUATO,1702,silver_tax,MONTO,94459.0
New Spain,GUANAJUATO,1703,gold_tax,MONTO,2548.0
New Spain,GUANAJUATO,1703,mercury_sales,MONTO,33323.0
New Spain,GUANAJUATO,1703,silver_tax,MONTO,139510.0
New Spain,GUANAJUATO,1704,gold_tax,MONTO,1410.0
New Spain,GUANAJUATO,1704,mercury_sales,MONTO,142227.0
New Spain,GUANAJUATO,1704,silver_tax,MONTO,12993.0
New Spain,GUANAJUATO,1705,gold_tax,MONTO,1793.0
New Spain,GUANAJUATO,1705,mercury_sales,MONTO,127211.0
New Spain,GUANAJUATO,1705,silver_tax,MONTO,11558.0
New Spain,GUANAJUATO,1706,gold_tax,MONTO,2668.0
New Spain,GUANAJUATO,1706,mercury_sales,MONTO,99307.0
New Spain,GUANAJUATO,1706,silver_other,MONTO,186.0
New Spain,GUANAJUATO,1706,silver_tax,MONTO,10389.0
New Spain,GUANAJUATO,1707,gold_tax,MONTO,2955.0
New Spain,GUANAJUATO,1707,mercury_sales,MONTO,104253.0
New Spain,GUANAJUATO,1707,silver_other,MONTO,524.0
New Spain,GUANAJUATO,1707,silver_tax,MONTO,9862.0
New Spain,GUANAJUATO,1708,gold_tax,MONTO,2253.0
New Spain,GUANAJUATO,1708,mercury_sales,MONTO,136856.0
New Spain,GUANAJUATO,1708,silver_other,MONTO,870.0
New Spain,GUANAJUATO,1708,silver_tax,MONTO,11223.0
New Spain,GUANAJUATO,1709,gold_tax,MONTO,2974.0
New Spain,GUANAJUATO,1709,mercury_sales,MONTO,131193.0
New Spain,GUANAJUATO,1709,silver_tax,MONTO,12225.0
New Spain,GUANAJUATO,1711,gold_tax,MONTO,2639.0
New Spain,GUANAJUATO,1711,mercury_sales,MONTO,109042.0
New Spain,GUANAJUATO,1711,silver_tax,MONTO,9557.0
New Spain,GUANAJUATO,1712,gold_tax,MONTO,583.0
New Spain,GUANAJUATO,1712,mercury_sales,MONTO,133818.0
New Spain,GUANAJUATO,1712,silver_tax,MONTO,35337.0
New Spain,GUANAJUATO,1713,gold_tax,MONTO,1308.0
New Spain,GUANAJUATO,1713,mercury_sales,MONTO,110557.0
New Spain,GUANAJUATO,1713,silver_tax,MONTO,47494.0
New Spain,GUANAJUATO,1714,gold_tax,MONTO,699.0
New Spain,GUANAJUATO,1714,mercury_sales,MONTO,87237.0
New Spain,GUANAJUATO,1714,silver_tax,MONTO,42047.0
New Spain,GUANAJUATO,1715,gold_tax,MONTO,1910.0
New Spain,GUANAJUATO,1715,mercury_sales,MONTO,112067.0
New Spain,GUANAJUATO,1715,silver_tax,MONTO,10266.0
New Spain,GUANAJUATO,1716,gold_tax,MONTO,2238.0
New Spain,GUANAJUATO,1716,mercury_sales,MONTO,171977.0
New Spain,GUANAJUATO,1716,silver_tax,MONTO,13804.0
New Spain,GUANAJUATO,1717,gold_tax,MONTO,3107.0
New Spain,GUANAJUATO,1717,mercury_sales,MONTO,185897.0
New Spain,GUANAJUATO,1717,silver_tax,MONTO,16163.0
New Spain,GUANAJUATO,1718,gold_tax,MONTO,1761.0
New Spain,GUANAJUATO,1718,mercury_sales,MONTO,177313.0
New Spain,GUANAJUATO,1718,silver_tax,MONTO,15321.0
New Spain,GUANAJUATO,1719,gold_tax,MONTO,1509.0
New Spain,GUANAJUATO,1719,mercury_sales,MONTO,194288.0
New Spain,GUANAJUATO,1719,silver_tax,MONTO,16716.0
New Spain,GUANAJUATO,1720,gold_tax,MONTO,2984.0
New Spain,GUANAJUATO,1720,mercury_sales,MONTO,205143.0
New Spain,GUANAJUATO,1720,silver_tax,MONTO,16546.0
New Spain,GUANAJUATO,1721,gold_tax,MONTO,2674.0
New Spain,GUANAJUATO,1721,mercury_sales,MONTO,167216.0
New Spain,GUANAJUATO,1721,silver_tax,MONTO,15202.0
New Spain,GUANAJUATO,1722,gold_tax,MONTO,2631.0
New Spain,GUANAJUATO,1722,mercury_sales,MONTO,182883.0
New Spain,GUANAJUATO,1722,silver_tax,MONTO,15591.0
New Spain,GUANAJUATO,1723,gold_tax,MONTO,2617.0
New Spain,GUANAJUATO,1723,mercury_sales,MONTO,219357.0
New Spain,GUANAJUATO,1723,silver_tax,MONTO,16242.0
New Spain,GUANAJUATO,1724,gold_tax,MONTO,3252.0
New Spain,GUANAJUATO,1724,mercury_sales,MONTO,406529.0
New Spain,GUANAJUATO,1724,silver_tax,MONTO,60891.0
New Spain,GUANAJUATO,1726,gold_tax,MONTO,185.0
New Spain,GUANAJUATO,1726,mercury_sales,MONTO,225425.0
New Spain,GUANAJUATO,1726,silver_tax,MONTO,67147.0
New Spain,GUANAJUATO,1727,gold_tax,MONTO,230.0
New Spain,GUANAJUATO,1727,mercury_sales,MONTO,214880.0
New Spain,GUANAJUATO,1727,silver_tax,MONTO,92698.0
New Spain,GUANAJUATO,1728,gold_tax,MONTO,200.0
New Spain,GUANAJUATO,1728,mercury_sales,MONTO,222696.0
New Spain,GUANAJUATO,1728,silver_tax,MONTO,99495.0
New Spain,GUANAJUATO,1729,gold_tax,MONTO,338.0
New Spain,GUANAJUATO,1729,mercury_sales,MONTO,286223.0
New Spain,GUANAJUATO,1729,silver_tax,MONTO,99771.0
New Spain,GUANAJUATO,1730,gold_tax,MONTO,467.0
New Spain,GUANAJUATO,1730,mercury_sales,MONTO,301819.0
New Spain,GUANAJUATO,1730,silver_tax,MONTO,81708.0
New Spain,GUANAJUATO,1731,gold_tax,MONTO,476.0
New Spain,GUANAJUATO,1731,mercury_sales,MONTO,314428.0
New Spain,GUANAJUATO,1731,silver_tax,MONTO,69148.0
New Spain,GUANAJUATO,1732,gold_tax,MONTO,234.0
New Spain,GUANAJUATO,1732,mercury_sales,MONTO,231178.0
New Spain,GUANAJUATO,1732,silver_tax,MONTO,87817.0
New Spain,GUANAJUATO,1733,gold_tax,MONTO,599.0
New Spain,GUANAJUATO,1733,mercury_sales,MONTO,249889.0
New Spain,GUANAJUATO,1733,silver_tax,MONTO,64074.0
New Spain,GUANAJUATO,1734,gold_tax,MONTO,2925.0
New Spain,GUANAJUATO,1734,mercury_sales,MONTO,267032.0
New Spain,GUANAJUATO,1734,silver_tax,MONTO,85439.0
New Spain,GUANAJUATO,1735,gold_tax,MONTO,7043.0
New Spain,GUANAJUATO,1735,mercury_sales,MONTO,301153.0
New Spain,GUANAJUATO,1735,silver_tax,MONTO,89202.0
New Spain,GUANAJUATO,1736,gold_tax,MONTO,9000.0
New Spain,GUANAJUATO,1736,mercury_sales,MONTO,294320.0
New Spain,GUANAJUATO,1736,silver_tax,MONTO,145745.0
New Spain,GUANAJUATO,1737,mercury_sales,MONTO,222220.0
New Spain,GUANAJUATO,1737,silver_tax,MONTO,102535.0
New Spain,GUANAJUATO,1738,gold_tax,MONTO,8440.0
New Spain,GUANAJUATO,1738,mercury_sales,MONTO,347650.0
New Spain,GUANAJUATO,1738,silver_tax,MONTO,94075.0
New Spain,GUANAJUATO,1739,gold_tax,MONTO,5051.0
New Spain,GUANAJUATO,1739,mercury_sales,MONTO,293514.0
New Spain,GUANAJUATO,1739,silver_tax,MONTO,100225.0
New Spain,GUANAJUATO,1740,gold_tax,MONTO,3860.0
New Spain,GUANAJUATO,1740,mercury_sales,MONTO,249058.0
New Spain,GUANAJUATO,1740,silver_tax,MONTO,103396.0
New Spain,GUANAJUATO,1741,gold_tax,MONTO,37867.0
New Spain,GUANAJUATO,1741,mercury_sales,MONTO,369170.0
New Spain,GUANAJUATO,1741,silver_tax,MONTO,106842.0
New Spain,GUANAJUATO,1742,gold_tax,MONTO,10898.0
New Spain,GUANAJUATO,1742,mercury_sales,MONTO,388777.0
New Spain,GUANAJUATO,1742,silver_tax,MONTO,87318.0
New Spain,GUANAJUATO,1743,gold_tax,MONTO,11677.0
New Spain,GUANAJUATO,1743,mercury_sales,MONTO,398206.0
New Spain,GUANAJUATO,1743,silver_tax,MONTO,101891.0
New Spain,GUANAJUATO,1744,gold_tax,MONTO,12074.0
New Spain,GUANAJUATO,1744,mercury_sales,MONTO,433814.0
New Spain,GUANAJUATO,1744,silver_tax,MONTO,158468.0
New Spain,GUANAJUATO,1745,gold_tax,MONTO,9845.0
New Spain,GUANAJUATO,1745,mercury_sales,MONTO,320382.0
New Spain,GUANAJUATO,1745,silver_tax,MONTO,89764.0
New Spain,GUANAJUATO,1746,gold_tax,MONTO,5802.0
New Spain,GUANAJUATO,1746,mercury_sales,MONTO,361707.0
New Spain,GUANAJUATO,1746,silver_tax,MONTO,220366.0
New Spain,GUANAJUATO,1747,gold_tax,MONTO,6866.0
New Spain,GUANAJUATO,1747,mercury_sales,MONTO,299592.0
New Spain,GUANAJUATO,1747,silver_tax,MONTO,298434.0
New Spain,GUANAJUATO,1748,gold_tax,MONTO,13679.0
New Spain,GUANAJUATO,1748,mercury_sales,MONTO,185282.0
New Spain,GUANAJUATO,1748,silver_tax,MONTO,462837.0
New Spain,GUANAJUATO,1749,gold_tax,MONTO,16893.0
New Spain,GUANAJUATO,1749,mercury_sales,MONTO,136186.0
New Spain,GUANAJUATO,1749,silver_tax,MONTO,431280.0
New Spain,GUANAJUATO,1750,gold_tax,MONTO,7272.0
New Spain,GUANAJUATO,1750,mercury_sales,MONTO,317174.0
New Spain,GUANAJUATO,1750,silver_tax,MONTO,189475.0
New Spain,GUANAJUATO,1751,gold_tax,MONTO,1040.0
New Spain,GUANAJUATO,1751,mercury_sales,MONTO,277066.0
New Spain,GUANAJUATO,1751,silver_tax,MONTO,209155.0
New Spain,GUANAJUATO,1752,gold_tax,MONTO,771.0
New Spain,GUANAJUATO,1752,mercury_sales,MONTO,449404.0
New Spain,GUANAJUATO,1752,silver_tax,MONTO,147516.0
New Spain,GUANAJUATO,1753,gold_tax,MONTO,1191.0
New Spain,GUANAJUATO,1753,mercury_sales,MONTO,285684.0
New Spain,GUANAJUATO,1753,silver_tax,MONTO,97810.0
New Spain,GUANAJUATO,1754,gold_tax,MONTO,2971.0
New Spain,GUANAJUATO,1754,mercury_sales,MONTO,254101.0
New Spain,GUANAJUATO,1754,silver_tax,MONTO,103142.0
New Spain,GUANAJUATO,1755,gold_tax,MONTO,1827.0
New Spain,GUANAJUATO,1755,mercury_sales,MONTO,288891.0
New Spain,GUANAJUATO,1755,silver_tax,MONTO,104157.0
New Spain,GUANAJUATO,1756,gold_tax,MONTO,17670.0
New Spain,GUANAJUATO,1756,mercury_sales,MONTO,598578.0
New Spain,GUANAJUATO,1756,silver_tax,MONTO,212482.0
New Spain,GUANAJUATO,1758,gold_tax,MONTO,6479.0
New Spain,GUANAJUATO,1758,mercury_sales,MONTO,268641.0
New Spain,GUANAJUATO,1758,silver_tax,MONTO,77533.0
New Spain,GUANAJUATO,1759,gold_tax,MONTO,16534.0
New Spain,GUANAJUATO,1759,mercury_sales,MONTO,356090.0
New Spain,GUANAJUATO,1759,silver_tax,MONTO,109474.0
New Spain,GUANAJUATO,1760,gold_tax,MONTO,11190.0
New Spain,GUANAJUATO,1760,mercury_sales,MONTO,297050.0
New Spain,GUANAJUATO,1760,silver_tax,MONTO,93315.0
New Spain,GUANAJUATO,1761,gold_tax,MONTO,13020.0
New Spain,GUANAJUATO,1761,mercury_sales,MONTO,406171.0
New Spain,GUANAJUATO,1761,silver_tax,MONTO,98046.0
New Spain,GUANAJUATO,1762,gold_tax,MONTO,22790.0
New Spain,GUANAJUATO,1762,mercury_sales,MONTO,331008.0
New Spain,GUANAJUATO,1762,silver_tax,MONTO,108602.0
New Spain,GUANAJUATO,1763,gold_tax,MONTO,16471.0
New Spain,GUANAJUATO,1763,mercury_sales,MONTO,302431.0
New Spain,GUANAJUATO,1763,silver_tax,MONTO,83386.0
New Spain,GUANAJUATO,1764,gold_tax,MONTO,7779.0
New Spain,GUANAJUATO,1764,mercury_sales,MONTO,279297.0
New Spain,GUANAJUATO,1764,silver_tax,MONTO,57980.0
New Spain,GUANAJUATO,1765,gold_tax,MONTO,9343.0
New Spain,GUANAJUATO,1765,mercury_sales,MONTO,308683.0
New Spain,GUANAJUATO,1765,silver_tax,MONTO,69180.0
New Spain,GUANAJUATO,1766,gold_tax,MONTO,11605.0
New Spain,GUANAJUATO,1766,mercury_sales,MONTO,351926.0
New Spain,GUANAJUATO,1766,silver_tax,MONTO,92771.0
New Spain,GUANAJUATO,1767,gold_tax,MONTO,15302.0
New Spain,GUANAJUATO,1767,mercury_sales,MONTO,158468.0
New Spain,GUANAJUATO,1767,silver_tax,MONTO,280364.0
New Spain,GUANAJUATO,1768,gold_tax,MONTO,13087.0
New Spain,GUANAJUATO,1768,mercury_sales,MONTO,340016.0
New Spain,GUANAJUATO,1768,silver_tax,MONTO,96260.0
New Spain,GUANAJUATO,1769,gold_tax,MONTO,10287.0
New Spain,GUANAJUATO,1769,mercury_sales,MONTO,320333.0
New Spain,GUANAJUATO,1769,silver_tax,MONTO,114778.0
New Spain,GUANAJUATO,1770,gold_tax,MONTO,15324.0
New Spain,GUANAJUATO,1770,mercury_sales,MONTO,377331.0
New Spain,GUANAJUATO,1770,silver_tax,MONTO,132995.0
New Spain,GUANAJUATO,1771,gold_tax,MONTO,15662.0
New Spain,GUANAJUATO,1771,mercury_sales,MONTO,509170.0
New Spain,GUANAJUATO,1771,silver_tax,MONTO,129873.0
New Spain,GUANAJUATO,1772,gold_tax,MONTO,16636.0
New Spain,GUANAJUATO,1772,mercury_sales,MONTO,472588.0
New Spain,GUANAJUATO,1772,silver_tax,MONTO,104358.0
New Spain,GUANAJUATO,1773,gold_tax,MONTO,11651.0
New Spain,GUANAJUATO,1773,mercury_sales,MONTO,412424.0
New Spain,GUANAJUATO,1773,silver_tax,MONTO,147187.0
New Spain,GUANAJUATO,1774,gold_tax,MONTO,10062.0
New Spain,GUANAJUATO,1774,mercury_sales,MONTO,403292.0
New Spain,GUANAJUATO,1774,silver_tax,MONTO,106831.0
New Spain,GUANAJUATO,1775,gold_tax,MONTO,16537.0
New Spain,GUANAJUATO,1775,mercury_sales,MONTO,450664.0
New Spain,GUANAJUATO,1775,silver_tax,MONTO,104035.0
New Spain,GUANAJUATO,1776,gold_tax,MONTO,26698.0
New Spain,GUANAJUATO,1776,mercury_sales,MONTO,759473.0
New Spain,GUANAJUATO,1776,silver_tax,MONTO,177271.0
New Spain,GUANAJUATO,1777,gold_tax,MONTO,17022.0
New Spain,GUANAJUATO,1777,mercury_sales,MONTO,635626.0
New Spain,GUANAJUATO,1777,silver_tax,MONTO,163819.0
New Spain,GUANAJUATO,1778,gold_tax,MONTO,3861.0
New Spain,GUANAJUATO,1778,mercury_sales,MONTO,609725.0
New Spain,GUANAJUATO,1778,silver_tax,MONTO,90689.0
New Spain,GUANAJUATO,1779,gold_tax,MONTO,3898.0
New Spain,GUANAJUATO,1779,mercury_sales,MONTO,565720.0
New Spain,GUANAJUATO,1779,silver_tax,MONTO,113224.0
New Spain,GUANAJUATO,1780,gold_tax,MONTO,2240.0
New Spain,GUANAJUATO,1780,mercury_sales,MONTO,349331.0
New Spain,GUANAJUATO,1780,silver_tax,MONTO,132532.0
New Spain,GUANAJUATO,1781,gold_tax,MONTO,2100.0
New Spain,GUANAJUATO,1781,mercury_sales,MONTO,543759.0
New Spain,GUANAJUATO,1781,silver_tax,MONTO,154902.0
New Spain,GUANAJUATO,1783,gold_tax,MONTO,1605.0
New Spain,GUANAJUATO,1783,mercury_sales,MONTO,536841.0
New Spain,GUANAJUATO,1783,silver_tax,MONTO,108098.0
New Spain,GUANAJUATO,1785,gold_tax,MONTO,1544.0
New Spain,GUANAJUATO,1785,mercury_sales,MONTO,474156.0
New Spain,GUANAJUATO,1785,silver_tax,MONTO,96656.0
New Spain,GUANAJUATO,1786,gold_tax,MONTO,954.0
New Spain,GUANAJUATO,1786,mercury_sales,MONTO,364322.0
New Spain,GUANAJUATO,1786,silver_tax,MONTO,91872.0
New Spain,GUANAJUATO,1787,gold_tax,MONTO,1009.0
New Spain,GUANAJUATO,1787,mercury_sales,MONTO,769841.0
New Spain,GUANAJUATO,1787,silver_tax,MONTO,98390.0
New Spain,GUANAJUATO,1788,gold_tax,MONTO,798.0
New Spain,GUANAJUATO,1788,mercury_sales,MONTO,607533.0
New Spain,GUANAJUATO,1788,silver_tax,MONTO,89340.0
New Spain,GUANAJUATO,1789,gold_tax,MONTO,1302.0
New Spain,GUANAJUATO,1789,mercury_sales,MONTO,749119.0
New Spain,GUANAJUATO,1789,silver_tax,MONTO,130558.0
New Spain,GUANAJUATO,1790,gold_tax,MONTO,1010.0
New Spain,GUANAJUATO,1790,mercury_sales,MONTO,780793.0
New Spain,GUANAJUATO,1790,silver_tax,MONTO,125193.0
New Spain,GUANAJUATO,1791,gold_tax,MONTO,1803.0
New Spain,GUANAJUATO,1791,mercury_sales,MONTO,832859.0
New Spain,GUANAJUATO,1791,silver_tax,MONTO,137432.0
New Spain,GUANAJUATO,1792,gold_tax,MONTO,648.0
New Spain,GUANAJUATO,1792,mercury_sales,MONTO,794191.0
New Spain,GUANAJUATO,1792,silver_tax,MONTO,89712.0
New Spain,GUANAJUATO,1793,gold_tax,MONTO,1832.0
New Spain,GUANAJUATO,1793,mercury_sales,MONTO,1188821.0
New Spain,GUANAJUATO,1793,silver_tax,MONTO,150264.0
New Spain,GUANAJUATO,1795,gold_tax,MONTO,1886.0
New Spain,GUANAJUATO,1795,mercury_sales,MONTO,596387.0
New Spain,GUANAJUATO,1795,silver_tax,MONTO,100184.0
New Spain,GUANAJUATO,1796,gold_tax,MONTO,808.0
New Spain,GUANAJUATO,1796,mercury_sales,MONTO,524764.0
New Spain,GUANAJUATO,1796,silver_tax,MONTO,80553.0
New Spain,GUANAJUATO,1797,gold_tax,MONTO,1078.0
New Spain,GUANAJUATO,1797,mercury_sales,MONTO,769730.0
New Spain,GUANAJUATO,1797,silver_tax,MONTO,109237.0
New Spain,GUANAJUATO,1798,gold_tax,MONTO,2644.0
New Spain,GUANAJUATO,1798,mercury_sales,MONTO,633613.0
New Spain,GUANAJUATO,1798,silver_tax,MONTO,99318.0
New Spain,GUANAJUATO,1799,gold_tax,MONTO,2407.0
New Spain,GUANAJUATO,1799,mercury_sales,MONTO,440502.0
New Spain,GUANAJUATO,1799,silver_tax,MONTO,89424.0
New Spain,GUANAJUATO,1800,gold_tax,MONTO,4350.0
New Spain,GUANAJUATO,1800,mercury_sales,MONTO,841487.0
New Spain,GUANAJUATO,1800,silver_tax,MONTO,217760.0
New Spain,GUANAJUATO,1802,gold_tax,MONTO,3121.0
New Spain,GUANAJUATO,1802,mercury_sales,MONTO,323513.0
New Spain,GUANAJUATO,1802,silver_tax,MONTO,123257.0
New Spain,GUANAJUATO,1803,gold_tax,MONTO,1320.0
New Spain,GUANAJUATO,1803,mercury_sales,MONTO,1022295.0
New Spain,GUANAJUATO,1803,silver_tax,MONTO,80397.0
New Spain,GUANAJUATO,1804,gold_tax,MONTO,934.0
New Spain,GUANAJUATO,1804,mercury_sales,MONTO,1018750.0
New Spain,GUANAJUATO,1804,silver_tax,MONTO,49641.0
New Spain,GUANAJUATO,1805,gold_tax,MONTO,733.0
New Spain,GUANAJUATO,1805,mercury_sales,MONTO,937222.0
New Spain,GUANAJUATO,1805,silver_tax,MONTO,40021.0
New Spain,GUANAJUATO,1806,gold_tax,MONTO,702.0
New Spain,GUANAJUATO,1806,mercury_sales,MONTO,793045.0
New Spain,GUANAJUATO,1806,silver_tax,MONTO,28212.0
New Spain,GUANAJUATO,1812,gold_tax,MONTO,106.0
New Spain,GUANAJUATO,1812,mercury_sales,MONTO,402343.0
New Spain,GUANAJUATO,1812,silver_tax,MONTO,50187.0
New Spain,GUANAJUATO,1813,gold_tax,MONTO,60.0
New Spain,GUANAJUATO,1813,mercury_sales,MONTO,226481.0
New Spain,GUANAJUATO,1813,silver_tax,MONTO,54549.0
New Spain,GUANAJUATO,1815,gold_tax,MONTO,24.0
New Spain,GUANAJUATO,1815,mercury_sales,MONTO,335713.0
New Spain,GUANAJUATO,1815,silver_tax,MONTO,55571.0
New Spain,GUANAJUATO,1816,gold_tax,MONTO,17.0
New Spain,GUANAJUATO,1816,mercury_sales,MONTO,247682.0
New Spain,GUANAJUATO,1816,silver_tax,MONTO,37054.0
New Spain,MERIDA,1622,silver_other,MONTO,11.0
New Spain,MERIDA,1635,silver_tax,MONTO,1615.0
New Spain,MERIDA,1636,silver_tax,MONTO,22.0
New Spain,MERIDA,1660,silver_tax,MONTO,8.0
New Spain,MERIDA,1661,silver_tax,MONTO,21.0
New Spain,MERIDA,1664,silver_tax,MONTO,6.0
New Spain,MERIDA,1666,silver_tax,MONTO,1.0
New Spain,MERIDA,1669,silver_tax,MONTO,1.0
New Spain,MERIDA,1681,silver_tax,MONTO,3.0
New Spain,MERIDA,1697,silver_tax,MONTO,111.0
New Spain,MERIDA,1746,silver_tax,MONTO,1295.0
New Spain,MERIDA,1747,silver_tax,MONTO,303.0
New Spain,MEXICO01,1576,gold_other,MONTO,1007.0
New Spain,MEXICO01,1576,mercury_sales,MONTO,212083.0
New Spain,MEXICO01,1576,silver_other,MONTO,232674.0
New Spain,MEXICO01,1576,silver_tax,MONTO,122632.0
New Spain,MEXICO01,1577,gold_tax,MONTO,1167.0
New Spain,MEXICO01,1577,mercury_sales,MONTO,289448.0
New Spain,MEXICO01,1577,silver_other,MONTO,177381.0
New Spain,MEXICO01,1577,silver_tax,MONTO,175174.0
New Spain,MEXICO01,1578,gold_tax,MONTO,693.0
New Spain,MEXICO01,1578,mercury_sales,MONTO,400463.0
New Spain,MEXICO01,1578,silver_other,MONTO,207117.0
New Spain,MEXICO01,1578,silver_tax,MONTO,193258.0
New Spain,MEXICO01,1579,gold_tax,MONTO,915.0
New Spain,MEXICO01,1579,mercury_sales,MONTO,435869.0
New Spain,MEXICO01,1579,silver_other,MONTO,35080.0
New Spain,MEXICO01,1579,silver_tax,MONTO,180528.0
New Spain,MEXICO01,1580,gold_tax,MONTO,1213.0
New Spain,MEXICO01,1580,mercury_sales,MONTO,201176.0
New Spain,MEXICO01,1580,silver_other,MONTO,174305.0
New Spain,MEXICO01,1580,silver_tax,MONTO,189652.0
New Spain,MEXICO01,1581,gold_tax,MONTO,589.0
New Spain,MEXICO01,1581,mercury_sales,MONTO,285173.0
New Spain,MEXICO01,1581,silver_other,MONTO,65595.0
New Spain,MEXICO01,1581,silver_tax,MONTO,239300.0
New Spain,MEXICO01,1582,gold_tax,MONTO,1887.0
New Spain,MEXICO01,1582,mercury_sales,MONTO,313438.0
New Spain,MEXICO01,1582,silver_other,MONTO,79972.0
New Spain,MEXICO01,1582,silver_tax,MONTO,247766.0
New Spain,MEXICO01,1583,gold_tax,MONTO,564.0
New Spain,MEXICO01,1583,mercury_sales,MONTO,333509.0
New Spain,MEXICO01,1583,silver_other,MONTO,121367.0
New Spain,MEXICO01,1583,silver_tax,MONTO,268994.0
New Spain,MEXICO01,1584,gold_tax,MONTO,1240.0
New Spain,MEXICO01,1584,mercury_sales,MONTO,396562.0
New Spain,MEXICO01,1584,silver_other,MONTO,84798.0
New Spain,MEXICO01,1584,silver_tax,MONTO,248599.0
New Spain,MEXICO01,1585,gold_tax,MONTO,290.0
New Spain,MEXICO01,1585,mercury_sales,MONTO,42326.0
New Spain,MEXICO01,1585,silver_tax,MONTO,140909.0
New Spain,MEXICO01,1586,gold_other,MONTO,487.0
New Spain,MEXICO01,1586,gold_tax,MONTO,2353.0
New Spain,MEXICO01,1586,mercury_sales,MONTO,802843.0
New Spain,MEXICO01,1586,silver_other,MONTO,332420.0
New Spain,MEXICO01,1586,silver_tax,MONTO,407353.0
New Spain,MEXICO01,1587,gold_tax,MONTO,1076.0
New Spain,MEXICO01,1587,mercury_sales,MONTO,438176.0
New Spain,MEXICO01,1587,silver_other,MONTO,122561.0
New Spain,MEXICO01,1587,silver_tax,MONTO,331222.0
New Spain,MEXICO01,1588,gold_tax,MONTO,1410.0
New Spain,MEXICO01,1588,mercury_sales,MONTO,521760.0
New Spain,MEXICO01,1588,silver_other,MONTO,58186.0
New Spain,MEXICO01,1588,silver_tax,MONTO,218261.0
New Spain,MEXICO01,1589,gold_tax,MONTO,939.0
New Spain,MEXICO01,1589,mercury_sales,MONTO,590074.0
New Spain,MEXICO01,1589,silver_other,MONTO,132207.0
New Spain,MEXICO01,1589,silver_tax,MONTO,277938.0
New Spain,MEXICO01,1591,gold_tax,MONTO,3060.0
New Spain,MEXICO01,1591,mercury_sales,MONTO,449223.0
New Spain,MEXICO01,1591,silver_other,MONTO,111809.0
New Spain,MEXICO01,1591,silver_tax,MONTO,358933.0
New Spain,MEXICO01,1592,gold_tax,MONTO,7695.0
New Spain,MEXICO01,1592,mercury_sales,MONTO,955339.0
New Spain,MEXICO01,1592,silver_other,MONTO,151136.0
New Spain,MEXICO01,1592,silver_tax,MONTO,708446.0
New Spain,MEXICO01,1594,gold_tax,MONTO,4564.0
New Spain,MEXICO01,1594,mercury_sales,MONTO,364739.0
New Spain,MEXICO01,1594,silver_other,MONTO,65019.0
New Spain,MEXICO01,1594,silver_tax,MONTO,292939.0
New Spain,MEXICO01,1595,gold_tax,MONTO,10952.0
New Spain,MEXICO01,1595,mercury_sales,MONTO,396890.0
New Spain,MEXICO01,1595,silver_other,MONTO,83954.0
New Spain,MEXICO01,1595,silver_tax,MONTO,360396.0
New Spain,MEXICO01,1596,gold_tax,MONTO,38000.0
New Spain,MEXICO01,1596,mercury_sales,MONTO,464676.0
New Spain,MEXICO01,1596,silver_other,MONTO,56633.0
New Spain,MEXICO01,1596,silver_tax,MONTO,400799.0
New Spain,MEXICO01,1597,gold_tax,MONTO,35062.0
New Spain,MEXICO01,1597,mercury_sales,MONTO,362668.0
New Spain,MEXICO01,1597,silver_other,MONTO,22835.0
New Spain,MEXICO01,1597,silver_tax,MONTO,378478.0
New Spain,MEXICO01,1598,gold_tax,MONTO,50986.0
New Spain,MEXICO01,1598,mercury_sales,MONTO,380246.0
New Spain,MEXICO01,1598,silver_other,MONTO,78386.0
New Spain,MEXICO01,1598,silver_tax,MONTO,427075.0
New Spain,MEXICO01,1599,gold_tax,MONTO,29810.0
New Spain,MEXICO01,1599,mercury_sales,MONTO,91690.0
New Spain,MEXICO01,1599,silver_other,MONTO,11816.0
New Spain,MEXICO01,1599,silver_tax,MONTO,250791.0
New Spain,MEXICO01,1600,gold_tax,MONTO,32794.0
New Spain,MEXICO01,1600,mercury_sales,MONTO,271550.0
New Spain,MEXICO01,1600,silver_other,MONTO,36509.0
New Spain,MEXICO01,1600,silver_tax,MONTO,321981.0
New Spain,MEXICO01,1601,gold_tax,MONTO,55332.0
New Spain,MEXICO01,1601,mercury_sales,MONTO,536593.0
New Spain,MEXICO01,1601,silver_other,MONTO,67644.0
New Spain,MEXICO01,1601,silver_tax,MONTO,578321.0
New Spain,MEXICO01,1602,gold_tax,MONTO,39724.0
New Spain,MEXICO01,1602,mercury_sales,MONTO,299906.0
New Spain,MEXICO01,1602,silver_other,MONTO,78273.0
New Spain,MEXICO01,1602,silver_tax,MONTO,266372.0
New Spain,MEXICO01,1603,gold_tax,MONTO,62387.0
New Spain,MEXICO01,1603,mercury_sales,MONTO,253731.0
New Spain,MEXICO01,1603,silver_other,MONTO,93685.0
New Spain,MEXICO01,1603,silver_tax,MONTO,369612.0
New Spain,MEXICO01,1605,gold_tax,MONTO,78599.0
New Spain,MEXICO01,1605,mercury_sales,MONTO,631868.0
New Spain,MEXICO01,1605,silver_other,MONTO,288604.0
New Spain,MEXICO01,1605,silver_tax,MONTO,487718.0
New Spain,MEXICO01,1606,gold_tax,MONTO,44797.0
New Spain,MEXICO01,1606,mercury_sales,MONTO,251550.0
New Spain,MEXICO01,1606,silver_other,MONTO,53167.0
New Spain,MEXICO01,1606,silver_tax,MONTO,283173.0
New Spain,MEXICO01,1607,gold_tax,MONTO,80118.0
New Spain,MEXICO01,1607,mercury_sales,MONTO,612915.0
New Spain,MEXICO01,1607,silver_other,MONTO,288453.0
New Spain,MEXICO01,1607,silver_tax,MONTO,413057.0
New Spain,MEXICO01,1608,gold_other,MONTO,19209.0
New Spain,MEXICO01,1608,mercury_sales,MONTO,334134.0
New Spain,MEXICO01,1608,silver_other,MONTO,206593.0
New Spain,MEXICO01,1608,silver_tax,MONTO,47288.0
New Spain,MEXICO01,1609,gold_tax,MONTO,60586.0
New Spain,MEXICO01,1609,mercury_sales,MONTO,329942.0
New Spain,MEXICO01,1609,silver_other,MONTO,174450.0
New Spain,MEXICO01,1609,silver_tax,MONTO,380150.0
New Spain,MEXICO01,1610,gold_tax,MONTO,60709.0
New Spain,MEXICO01,1610,mercury_sales,MONTO,256265.0
New Spain,MEXICO01,1610,silver_other,MONTO,207885.0
New Spain,MEXICO01,1610,silver_tax,MONTO,315802.0
New Spain,MEXICO01,1611,mercury_sales,MONTO,115712.0
New Spain,MEXICO01,1611,silver_other,MONTO,195243.0
New Spain,MEXICO01,1612,gold_tax,MONTO,34036.0
New Spain,MEXICO01,1612,mercury_sales,MONTO,49008.0
New Spain,MEXICO01,1612,silver_tax,MONTO,174144.0
New Spain,MEXICO01,1613,gold_tax,MONTO,119384.0
New Spain,MEXICO01,1613,mercury_sales,MONTO,494176.0
New Spain,MEXICO01,1613,silver_other,MONTO,290434.0
New Spain,MEXICO01,1613,silver_tax,MONTO,404924.0
New Spain,MEXICO01,1614,gold_tax,MONTO,37052.0
New Spain,MEXICO01,1614,mercury_sales,MONTO,195306.0
New Spain,MEXICO01,1614,silver_other,MONTO,80930.0
New Spain,MEXICO01,1615,gold_tax,MONTO,67778.0
New Spain,MEXICO01,1615,mercury_sales,MONTO,230160.0
New Spain,MEXICO01,1615,silver_other,MONTO,208126.0
New Spain,MEXICO01,1615,silver_tax,MONTO,352615.0
New Spain,MEXICO01,1616,gold_tax,MONTO,71388.0
New Spain,MEXICO01,1616,mercury_sales,MONTO,162328.0
New Spain,MEXICO01,1616,silver_other,MONTO,13792.0
New Spain,MEXICO01,1616,silver_tax,MONTO,327271.0
New Spain,MEXICO01,1617,gold_tax,MONTO,68585.0
New Spain,MEXICO01,1617,mercury_sales,MONTO,135416.0
New Spain,MEXICO01,1617,silver_other,MONTO,65300.0
New Spain,MEXICO01,1617,silver_tax,MONTO,332490.0
New Spain,MEXICO01,1618,gold_tax,MONTO,74060.0
New Spain,MEXICO01,1618,mercury_sales,MONTO,126092.0
New Spain,MEXICO01,1618,silver_other,MONTO,15840.0
New Spain,MEXICO01,1618,silver_tax,MONTO,281920.0
New Spain,MEXICO01,1619,gold_tax,MONTO,81240.0
New Spain,MEXICO01,1619,mercury_sales,MONTO,103524.0
New Spain,MEXICO01,1619,silver_other,MONTO,22002.0
New Spain,MEXICO01,1619,silver_tax,MONTO,296407.0
New Spain,MEXICO01,1620,gold_tax,MONTO,77988.0
New Spain,MEXICO01,1620,mercury_sales,MONTO,98177.0
New Spain,MEXICO01,1620,silver_other,MONTO,12514.0
New Spain,MEXICO01,1620,silver_tax,MONTO,295702.0
New Spain,MEXICO01,1621,gold_tax,MONTO,73773.0
New Spain,MEXICO01,1621,mercury_sales,MONTO,92357.0
New Spain,MEXICO01,1621,silver_other,MONTO,35822.0
New Spain,MEXICO01,1621,silver_tax,MONTO,37026.0
New Spain,MEXICO01,1622,gold_tax,MONTO,65614.0
New Spain,MEXICO01,1622,mercury_sales,MONTO,132102.0
New Spain,MEXICO01,1622,silver_other,MONTO,249397.0
New Spain,MEXICO01,1622,silver_tax,MONTO,260391.0
New Spain,MEXICO01,1623,gold_tax,MONTO,54848.0
New Spain,MEXICO01,1623,mercury_sales,MONTO,95286.0
New Spain,MEXICO01,1623,silver_tax,MONTO,249092.0
New Spain,MEXICO01,1624,gold_tax,MONTO,52253.0
New Spain,MEXICO01,1624,mercury_sales,MONTO,125765.0
New Spain,MEXICO01,1624,silver_tax,MONTO,279983.0
New Spain,MEXICO01,1625,gold_tax,MONTO,52506.0
New Spain,MEXICO01,1625,mercury_sales,MONTO,124370.0
New Spain,MEXICO01,1625,silver_other,MONTO,389855.0
New Spain,MEXICO01,1625,silver_tax,MONTO,267338.0
New Spain,MEXICO01,1626,gold_tax,MONTO,44268.0
New Spain,MEXICO01,1626,mercury_sales,MONTO,133861.0
New Spain,MEXICO01,1626,silver_other,MONTO,84520.0
New Spain,MEXICO01,1626,silver_tax,MONTO,223501.0
New Spain,MEXICO01,1627,gold_tax,MONTO,41555.0
New Spain,MEXICO01,1627,mercury_sales,MONTO,173728.0
New Spain,MEXICO01,1627,silver_other,MONTO,266408.0
New Spain,MEXICO01,1627,silver_tax,MONTO,263185.0
New Spain,MEXICO01,1628,gold_tax,MONTO,5784.0
New Spain,MEXICO01,1628,mercury_sales,MONTO,133316.0
New Spain,MEXICO01,1628,silver_other,MONTO,543699.0
New Spain,MEXICO01,1628,silver_tax,MONTO,143438.0
New Spain,MEXICO01,1629,gold_tax,MONTO,16848.0
New Spain,MEXICO01,1629,mercury_sales,MONTO,145939.0
New Spain,MEXICO01,1629,silver_other,MONTO,386698.0
New Spain,MEXICO01,1629,silver_tax,MONTO,168859.0
New Spain,MEXICO01,1630,gold_tax,MONTO,4138.0
New Spain,MEXICO01,1630,mercury_sales,MONTO,175695.0
New Spain,MEXICO01,1630,silver_other,MONTO,758758.0
New Spain,MEXICO01,1630,silver_tax,MONTO,146197.0
New Spain,MEXICO01,1631,gold_tax,MONTO,3519.0
New Spain,MEXICO01,1631,mercury_sales,MONTO,159118.0
New Spain,MEXICO01,1631,silver_other,MONTO,518973.0
New Spain,MEXICO01,1631,silver_tax,MONTO,147141.0
New Spain,MEXICO01,1636,gold_other,MONTO,4392.0
New Spain,MEXICO01,1636,gold_tax,MONTO,1369.0
New Spain,MEXICO01,1636,mercury_sales,MONTO,174078.0
New Spain,MEXICO01,1636,silver_other,MONTO,366906.0
New Spain,MEXICO01,1636,silver_tax,MONTO,82340.0
New Spain,MEXICO01,1637,gold_other,MONTO,3294.0
New Spain,MEXICO01,1637,gold_tax,MONTO,1125.0
New Spain,MEXICO01,1637,mercury_sales,MONTO,130055.0
New Spain,MEXICO01,1637,silver_other,MONTO,450566.0
New Spain,MEXICO01,1637,silver_tax,MONTO,101589.0
New Spain,MEXICO01,1638,gold_tax,MONTO,102.0
New Spain,MEXICO01,1638,mercury_sales,MONTO,42538.0
New Spain,MEXICO01,1638,silver_other,MONTO,270736.0
New Spain,MEXICO01,1638,silver_tax,MONTO,48642.0
New Spain,MEXICO01,1639,gold_other,MONTO,5392.0
New Spain,MEXICO01,1639,gold_tax,MONTO,218.0
New Spain,MEXICO01,1639,mercury_sales,MONTO,95639.0
New Spain,MEXICO01,1639,silver_other,MONTO,386395.0
New Spain,MEXICO01,1639,silver_tax,MONTO,105109.0
New Spain,MEXICO01,1640,gold_tax,MONTO,166.0
New Spain,MEXICO01,1640,mercury_sales,MONTO,50138.0
New Spain,MEXICO01,1640,silver_other,MONTO,151716.0
New Spain,MEXICO01,1640,silver_tax,MONTO,60681.0
New Spain,MEXICO01,1641,gold_tax,MONTO,521.0
New Spain,MEXICO01,1641,mercury_sales,MONTO,131513.0
New Spain,MEXICO01,1641,silver_other,MONTO,342998.0
New Spain,MEXICO01,1641,silver_tax,MONTO,73673.0
New Spain,MEXICO01,1642,gold_other,MONTO,1000.0
New Spain,MEXICO01,1642,gold_tax,MONTO,1159.0
New Spain,MEXICO01,1642,mercury_sales,MONTO,141045.0
New Spain,MEXICO01,1642,silver_other,MONTO,403641.0
New Spain,MEXICO01,1642,silver_tax,MONTO,60106.0
New Spain,MEXICO01,1643,gold_tax,MONTO,1514.0
New Spain,MEXICO01,1643,mercury_sales,MONTO,297215.0
New Spain,MEXICO01,1643,silver_other,MONTO,498772.0
New Spain,MEXICO01,1643,silver_tax,MONTO,127156.0
New Spain,MEXICO01,1645,gold_other,MONTO,1855.0
New Spain,MEXICO01,1645,gold_tax,MONTO,1272.0
New Spain,MEXICO01,1645,mercury_sales,MONTO,239957.0
New Spain,MEXICO01,1645,silver_other,MONTO,541148.0
New Spain,MEXICO01,1645,silver_tax,MONTO,104324.0
New Spain,MEXICO01,1646,gold_tax,MONTO,383.0
New Spain,MEXICO01,1646,mercury_sales,MONTO,104304.0
New Spain,MEXICO01,1646,silver_other,MONTO,255878.0
New Spain,MEXICO01,1646,silver_tax,MONTO,22955.0
New Spain,MEXICO01,1647,gold_tax,MONTO,374.0
New Spain,MEXICO01,1647,mercury_sales,MONTO,108419.0
New Spain,MEXICO01,1647,silver_other,MONTO,203736.0
New Spain,MEXICO01,1647,silver_tax,MONTO,41163.0
New Spain,MEXICO01,1648,gold_tax,MONTO,236.0
New Spain,MEXICO01,1648,mercury_sales,MONTO,472001.0
New Spain,MEXICO01,1648,silver_other,MONTO,398832.0
New Spain,MEXICO01,1648,silver_tax,MONTO,10351.0
New Spain,MEXICO01,1649,gold_other,MONTO,177.0
New Spain,MEXICO01,1649,gold_tax,MONTO,656.0
New Spain,MEXICO01,1649,mercury_sales,MONTO,166857.0
New Spain,MEXICO01,1649,silver_other,MONTO,316214.0
New Spain,MEXICO01,1649,silver_tax,MONTO,92155.0
New Spain,MEXICO02,1650,gold_tax,MONTO,3723.0
New Spain,MEXICO02,1650,mercury_sales,MONTO,75576.0
New Spain,MEXICO02,1650,silver_other,MONTO,238815.0
New Spain,MEXICO02,1650,silver_tax,MONTO,66435.0
New Spain,MEXICO02,1651,gold_tax,MONTO,1963.0
New Spain,MEXICO02,1651,mercury_sales,MONTO,119237.0
New Spain,MEXICO02,1651,silver_other,MONTO,175698.0
New Spain,MEXICO02,1651,silver_tax,MONTO,61952.0
New Spain,MEXICO02,1652,gold_tax,MONTO,30062.0
New Spain,MEXICO02,1652,mercury_sales,MONTO,190256.0
New Spain,MEXICO02,1652,silver_other,MONTO,100120.0
New Spain,MEXICO02,1652,silver_tax,MONTO,104966.0
New Spain,MEXICO02,1653,gold_tax,MONTO,10265.0
New Spain,MEXICO02,1653,mercury_sales,MONTO,208450.0
New Spain,MEXICO02,1653,silver_other,MONTO,232891.0
New Spain,MEXICO02,1653,silver_tax,MONTO,74936.0
New Spain,MEXICO02,1654,mercury_sales,MONTO,158125.0
New Spain,MEXICO02,1654,silver_other,MONTO,365745.0
New Spain,MEXICO02,1655,gold_tax,MONTO,4588.0
New Spain,MEXICO02,1655,mercury_sales,MONTO,158125.0
New Spain,MEXICO02,1655,silver_other,MONTO,293052.0
New Spain,MEXICO02,1655,silver_tax,MONTO,70819.0
New Spain,MEXICO02,1657,gold_tax,MONTO,19963.0
New Spain,MEXICO02,1657,mercury_sales,MONTO,473673.0
New Spain,MEXICO02,1657,silver_other,MONTO,455064.0
New Spain,MEXICO02,1657,silver_tax,MONTO,119638.0
New Spain,MEXICO02,1658,gold_tax,MONTO,19448.0
New Spain,MEXICO02,1658,mercury_sales,MONTO,195520.0
New Spain,MEXICO02,1658,silver_other,MONTO,220613.0
New Spain,MEXICO02,1658,silver_tax,MONTO,101499.0
New Spain,MEXICO02,1660,gold_tax,MONTO,19930.0
New Spain,MEXICO02,1660,mercury_sales,MONTO,165662.0
New Spain,MEXICO02,1660,silver_other,MONTO,145787.0
New Spain,MEXICO02,1660,silver_tax,MONTO,30059.0
New Spain,MEXICO02,1661,gold_tax,MONTO,29930.0
New Spain,MEXICO02,1661,mercury_sales,MONTO,279101.0
New Spain,MEXICO02,1661,silver_other,MONTO,248716.0
New Spain,MEXICO02,1661,silver_tax,MONTO,89927.0
New Spain,MEXICO02,1663,gold_tax,MONTO,6678.0
New Spain,MEXICO02,1663,mercury_sales,MONTO,67859.0
New Spain,MEXICO02,1663,silver_other,MONTO,160578.0
New Spain,MEXICO02,1663,silver_tax,MONTO,24703.0
New Spain,MEXICO02,1664,gold_tax,MONTO,17463.0
New Spain,MEXICO02,1664,mercury_sales,MONTO,244108.0
New Spain,MEXICO02,1664,silver_other,MONTO,370416.0
New Spain,MEXICO02,1664,silver_tax,MONTO,92670.0
New Spain,MEXICO02,1666,gold_tax,MONTO,7814.0
New Spain,MEXICO02,1666,mercury_sales,MONTO,179254.0
New Spain,MEXICO02,1666,silver_other,MONTO,200458.0
New Spain,MEXICO02,1666,silver_tax,MONTO,43263.0
New Spain,MEXICO02,1667,gold_tax,MONTO,8043.0
New Spain,MEXICO02,1667,mercury_sales,MONTO,29310.0
New Spain,MEXICO02,1667,silver_other,MONTO,234404.0
New Spain,MEXICO02,1667,silver_tax,MONTO,41694.0
New Spain,MEXICO02,1668,gold_tax,MONTO,2119.0
New Spain,MEXICO02,1668,mercury_sales,MONTO,141590.0
New Spain,MEXICO02,1668,silver_other,MONTO,227891.0
New Spain,MEXICO02,1668,silver_tax,MONTO,11674.0
New Spain,MEXICO02,1669,gold_tax,MONTO,3280.0
New Spain,MEXICO02,1669,mercury_sales,MONTO,333728.0
New Spain,MEXICO02,1669,silver_other,MONTO,508417.0
New Spain,MEXICO02,1669,silver_tax,MONTO,30590.0
New Spain,MEXICO02,1671,gold_tax,MONTO,1279.0
New Spain,MEXICO02,1671,mercury_sales,MONTO,259414.0
New Spain,MEXICO02,1671,silver_other,MONTO,390697.0
New Spain,MEXICO02,1671,silver_tax,MONTO,20091.0
New Spain,MEXICO02,1672,gold_tax,MONTO,633.0
New Spain,MEXICO02,1672,mercury_sales,MONTO,37968.0
New Spain,MEXICO02,1672,silver_other,MONTO,94045.0
New Spain,MEXICO02,1672,silver_tax,MONTO,28888.0
New Spain,MEXICO02,1673,mercury_sales,MONTO,348058.0
New Spain,MEXICO02,1673,silver_other,MONTO,753322.0
New Spain,MEXICO02,1673,silver_tax,MONTO,15893.0
New Spain,MEXICO02,1674,gold_tax,MONTO,480.0
New Spain,MEXICO02,1674,mercury_sales,MONTO,34226.0
New Spain,MEXICO02,1674,silver_other,MONTO,39747.0
New Spain,MEXICO02,1674,silver_tax,MONTO,38773.0
New Spain,MEXICO02,1675,gold_tax,MONTO,137.0
New Spain,MEXICO02,1675,mercury_sales,MONTO,406402.0
New Spain,MEXICO02,1675,silver_other,MONTO,675976.0
New Spain,MEXICO02,1675,silver_tax,MONTO,6590.0
New Spain,MEXICO02,1676,gold_tax,MONTO,131.0
New Spain,MEXICO02,1676,mercury_sales,MONTO,412985.0
New Spain,MEXICO02,1676,silver_other,MONTO,816758.0
New Spain,MEXICO02,1676,silver_tax,MONTO,49034.0
New Spain,MEXICO02,1678,gold_tax,MONTO,1006.0
New Spain,MEXICO02,1678,mercury_sales,MONTO,219023.0
New Spain,MEXICO02,1678,silver_tax,MONTO,16768.0
New Spain,MEXICO02,1679,gold_tax,MONTO,3006.0
New Spain,MEXICO02,1679,mercury_sales,MONTO,604216.0
New Spain,MEXICO02,1679,silver_tax,MONTO,54097.0
New Spain,MEXICO02,1681,gold_tax,MONTO,1586.0
New Spain,MEXICO02,1681,mercury_sales,MONTO,74665.0
New Spain,MEXICO02,1681,silver_other,MONTO,6085.0
New Spain,MEXICO02,1681,silver_tax,MONTO,29501.0
New Spain,MEXICO02,1682,gold_tax,MONTO,1870.0
New Spain,MEXICO02,1682,mercury_sales,MONTO,436851.0
New Spain,MEXICO02,1682,silver_tax,MONTO,126777.0
New Spain,MEXICO02,1683,gold_tax,MONTO,64.0
New Spain,MEXICO02,1683,mercury_sales,MONTO,41306.0
New Spain,MEXICO02,1683,silver_tax,MONTO,16594.0
New Spain,MEXICO02,1684,gold_tax,MONTO,804.0
New Spain,MEXICO02,1684,mercury_sales,MONTO,1346708.0
New Spain,MEXICO02,1684,silver_tax,MONTO,152510.0
New Spain,MEXICO02,1688,gold_tax,MONTO,231.0
New Spain,MEXICO02,1688,mercury_sales,MONTO,364964.0
New Spain,MEXICO02,1688,silver_tax,MONTO,40200.0
New Spain,MEXICO02,1689,mercury_sales,MONTO,439328.0
New Spain,MEXICO02,1689,silver_tax,MONTO,37872.0
New Spain,MEXICO02,1690,gold_tax,MONTO,16867.0
New Spain,MEXICO02,1690,mercury_sales,MONTO,132648.0
New Spain,MEXICO02,1690,silver_tax,MONTO,47340.0
New Spain,MEXICO02,1691,gold_tax,MONTO,1976.0
New Spain,MEXICO02,1691,mercury_sales,MONTO,539914.0
New Spain,MEXICO02,1691,silver_other,MONTO,49319.0
New Spain,MEXICO02,1691,silver_tax,MONTO,41597.0
New Spain,MEXICO02,1695,gold_tax,MONTO,674.0
New Spain,MEXICO02,1695,mercury_sales,MONTO,216667.0
New Spain,MEXICO02,1695,silver_other,MONTO,11542.0
New Spain,MEXICO02,1695,silver_tax,MONTO,17028.0
New Spain,MEXICO02,1696,gold_tax,MONTO,14712.0
New Spain,MEXICO02,1696,mercury_sales,MONTO,124661.0
New Spain,MEXICO02,1696,silver_tax,MONTO,35726.0
New Spain,MEXICO02,1702,gold_tax,MONTO,40130.0
New Spain,MEXICO02,1702,mercury_sales,MONTO,226470.0
New Spain,MEXICO02,1702,silver_tax,MONTO,275175.0
New Spain,MEXICO02,1703,gold_tax,MONTO,22882.0
New Spain,MEXICO02,1703,mercury_sales,MONTO,278978.0
New Spain,MEXICO02,1703,silver_tax,MONTO,355317.0
New Spain,MEXICO02,1704,gold_tax,MONTO,33466.0
New Spain,MEXICO02,1704,mercury_sales,MONTO,170106.0
New Spain,MEXICO02,1704,silver_tax,MONTO,285876.0
New Spain,MEXICO02,1705,gold_tax,MONTO,21423.0
New Spain,MEXICO02,1705,mercury_sales,MONTO,245295.0
New Spain,MEXICO02,1705,silver_tax,MONTO,221765.0
New Spain,MEXICO02,1706,gold_tax,MONTO,43772.0
New Spain,MEXICO02,1706,mercury_sales,MONTO,148433.0
New Spain,MEXICO02,1706,silver_other,MONTO,2746.0
New Spain,MEXICO02,1706,silver_tax,MONTO,351881.0
New Spain,MEXICO02,1707,gold_tax,MONTO,27430.0
New Spain,MEXICO02,1707,mercury_sales,MONTO,173609.0
New Spain,MEXICO02,1707,silver_other,MONTO,6715.0
New Spain,MEXICO02,1707,silver_tax,MONTO,414828.0
New Spain,MEXICO02,1708,gold_tax,MONTO,25876.0
New Spain,MEXICO02,1708,mercury_sales,MONTO,155045.0
New Spain,MEXICO02,1708,silver_other,MONTO,6171.0
New Spain,MEXICO02,1708,silver_tax,MONTO,264516.0
New Spain,MEXICO02,1709,gold_tax,MONTO,1632.0
New Spain,MEXICO02,1709,mercury_sales,MONTO,76254.0
New Spain,MEXICO02,1709,silver_other,MONTO,3387.0
New Spain,MEXICO02,1709,silver_tax,MONTO,134409.0
New Spain,MEXICO02,1710,gold_tax,MONTO,46992.0
New Spain,MEXICO02,1710,mercury_sales,MONTO,287122.0
New Spain,MEXICO02,1710,silver_other,MONTO,4666.0
New Spain,MEXICO02,1710,silver_tax,MONTO,442988.0
New Spain,MEXICO02,1711,gold_tax,MONTO,23412.0
New Spain,MEXICO02,1711,mercury_sales,MONTO,215539.0
New Spain,MEXICO02,1711,silver_other,MONTO,2200.0
New Spain,MEXICO02,1711,silver_tax,MONTO,282921.0
New Spain,MEXICO02,1712,gold_tax,MONTO,30558.0
New Spain,MEXICO02,1712,mercury_sales,MONTO,320948.0
New Spain,MEXICO02,1712,silver_other,MONTO,1190.0
New Spain,MEXICO02,1712,silver_tax,MONTO,267052.0
New Spain,MEXICO02,1713,gold_tax,MONTO,50154.0
New Spain,MEXICO02,1713,mercury_sales,MONTO,291915.0
New Spain,MEXICO02,1713,silver_other,MONTO,30.0
New Spain,MEXICO02,1713,silver_tax,MONTO,293305.0
New Spain,MEXICO02,1714,gold_tax,MONTO,27954.0
New Spain,MEXICO02,1714,mercury_sales,MONTO,301066.0
New Spain,MEXICO02,1714,silver_tax,MONTO,273995.0
New Spain,MEXICO02,1715,gold_tax,MONTO,42103.0
New Spain,MEXICO02,1715,mercury_sales,MONTO,265670.0
New Spain,MEXICO02,1715,silver_tax,MONTO,275815.0
New Spain,MEXICO02,1716,gold_tax,MONTO,19311.0
New Spain,MEXICO02,1716,mercury_sales,MONTO,275171.0
New Spain,MEXICO02,1716,silver_tax,MONTO,256307.0
New Spain,MEXICO02,1717,gold_tax,MONTO,51735.0
New Spain,MEXICO02,1717,mercury_sales,MONTO,252993.0
New Spain,MEXICO02,1717,silver_tax,MONTO,626909.0
New Spain,MEXICO02,1718,gold_tax,MONTO,29830.0
New Spain,MEXICO02,1718,mercury_sales,MONTO,276311.0
New Spain,MEXICO02,1718,silver_tax,MONTO,486057.0
New Spain,MEXICO02,1719,gold_tax,MONTO,20958.0
New Spain,MEXICO02,1719,mercury_sales,MONTO,307640.0
New Spain,MEXICO02,1719,silver_tax,MONTO,499505.0
New Spain,MEXICO02,1720,gold_tax,MONTO,13409.0
New Spain,MEXICO02,1720,mercury_sales,MONTO,305734.0
New Spain,MEXICO02,1720,silver_tax,MONTO,300111.0
New Spain,MEXICO02,1721,gold_tax,MONTO,8243.0
New Spain,MEXICO02,1721,mercury_sales,MONTO,397793.0
New Spain,MEXICO02,1721,silver_tax,MONTO,284715.0
New Spain,MEXICO02,1722,gold_tax,MONTO,11802.0
New Spain,MEXICO02,1722,mercury_sales,MONTO,297367.0
New Spain,MEXICO02,1722,silver_tax,MONTO,248441.0
New Spain,MEXICO02,1723,gold_tax,MONTO,15531.0
New Spain,MEXICO02,1723,mercury_sales,MONTO,318722.0
New Spain,MEXICO02,1723,silver_tax,MONTO,482495.0
New Spain,MEXICO02,1725,gold_tax,MONTO,10327.0
New Spain,MEXICO02,1725,mercury_sales,MONTO,240837.0
New Spain,MEXICO02,1725,silver_tax,MONTO,338087.0
New Spain,MEXICO02,1726,gold_tax,MONTO,22854.0
New Spain,MEXICO02,1726,mercury_sales,MONTO,351398.0
New Spain,MEXICO02,1726,silver_tax,MONTO,872185.0
New Spain,MEXICO02,1727,gold_tax,MONTO,16092.0
New Spain,MEXICO02,1727,mercury_sales,MONTO,331828.0
New Spain,MEXICO02,1727,silver_tax,MONTO,700364.0
New Spain,MEXICO02,1728,gold_tax,MONTO,24883.0
New Spain,MEXICO02,1728,mercury_sales,MONTO,465025.0
New Spain,MEXICO02,1728,silver_tax,MONTO,1046974.0
New Spain,MEXICO02,1729,gold_tax,MONTO,14876.0
New Spain,MEXICO02,1729,mercury_sales,MONTO,335343.0
New Spain,MEXICO02,1729,silver_tax,MONTO,906626.0
New Spain,MEXICO03,1730,gold_tax,MONTO,39006.0
New Spain,MEXICO03,1730,mercury_sales,MONTO,545103.0
New Spain,MEXICO03,1730,silver_tax,MONTO,1088811.0
New Spain,MEXICO03,1731,gold_tax,MONTO,22770.0
New Spain,MEXICO03,1731,mercury_sales,MONTO,469957.0
New Spain,MEXICO03,1731,silver_tax,MONTO,1120743.0
New Spain,MEXICO03,1732,gold_tax,MONTO,5568.0
New Spain,MEXICO03,1732,mercury_sales,MONTO,284729.0
New Spain,MEXICO03,1732,silver_tax,MONTO,534527.0
New Spain,MEXICO03,1733,gold_tax,MONTO,47551.0
New Spain,MEXICO03,1733,mercury_sales,MONTO,634346.0
New Spain,MEXICO03,1733,silver_tax,MONTO,1427300.0
New Spain,MEXICO03,1734,gold_tax,MONTO,25978.0
New Spain,MEXICO03,1734,mercury_sales,MONTO,353396.0
New Spain,MEXICO03,1734,silver_tax,MONTO,891589.0
New Spain,MEXICO03,1735,gold_tax,MONTO,49239.0
New Spain,MEXICO03,1735,mercury_sales,MONTO,422851.0
New Spain,MEXICO03,1735,silver_tax,MONTO,879794.0
New Spain,MEXICO03,1736,gold_tax,MONTO,60250.0
New Spain,MEXICO03,1736,mercury_sales,MONTO,393285.0
New Spain,MEXICO03,1736,silver_tax,MONTO,1324760.0
New Spain,MEXICO03,1737,gold_tax,MONTO,41588.0
New Spain,MEXICO03,1737,mercury_sales,MONTO,332364.0
New Spain,MEXICO03,1737,silver_tax,MONTO,1027971.0
New Spain,MEXICO03,1738,gold_tax,MONTO,42404.0
New Spain,MEXICO03,1738,mercury_sales,MONTO,507178.0
New Spain,MEXICO03,1738,silver_tax,MONTO,910660.0
New Spain,MEXICO03,1739,gold_tax,MONTO,29075.0
New Spain,MEXICO03,1739,mercury_sales,MONTO,281025.0
New Spain,MEXICO03,1739,silver_tax,MONTO,815061.0
New Spain,MEXICO03,1740,gold_tax,MONTO,34612.0
New Spain,MEXICO03,1740,mercury_sales,MONTO,402777.0
New Spain,MEXICO03,1740,silver_tax,MONTO,889329.0
New Spain,MEXICO03,1741,gold_tax,MONTO,52373.0
New Spain,MEXICO03,1741,mercury_sales,MONTO,443572.0
New Spain,MEXICO03,1741,silver_tax,MONTO,785338.0
New Spain,MEXICO03,1742,gold_tax,MONTO,59231.0
New Spain,MEXICO03,1742,mercury_sales,MONTO,482845.0
New Spain,MEXICO03,1742,silver_tax,MONTO,708029.0
New Spain,MEXICO03,1743,gold_tax,MONTO,77808.0
New Spain,MEXICO03,1743,mercury_sales,MONTO,416291.0
New Spain,MEXICO03,1743,silver_tax,MONTO,821974.0
New Spain,MEXICO03,1744,gold_tax,MONTO,69296.0
New Spain,MEXICO03,1744,mercury_sales,MONTO,471907.0
New Spain,MEXICO03,1744,silver_tax,MONTO,1054059.0
New Spain,MEXICO03,1745,gold_tax,MONTO,66711.0
New Spain,MEXICO03,1745,mercury_sales,MONTO,615579.0
New Spain,MEXICO03,1745,silver_tax,MONTO,1099776.0
New Spain,MEXICO03,1746,gold_tax,MONTO,47646.0
New Spain,MEXICO03,1746,mercury_sales,MONTO,426450.0
New Spain,MEXICO03,1746,silver_tax,MONTO,1102563.0
New Spain,MEXICO03,1747,gold_tax,MONTO,26373.0
New Spain,MEXICO03,1747,mercury_sales,MONTO,407084.0
New Spain,MEXICO03,1747,silver_other,MONTO,2895.0
New Spain,MEXICO03,1747,silver_tax,MONTO,929352.0
New Spain,MEXICO03,1748,gold_tax,MONTO,37973.0
New Spain,MEXICO03,1748,mercury_sales,MONTO,481175.0
New Spain,MEXICO03,1748,silver_other,MONTO,3605.0
New Spain,MEXICO03,1748,silver_tax,MONTO,1051141.0
New Spain,MEXICO03,1749,gold_tax,MONTO,35275.0
New Spain,MEXICO03,1749,mercury_sales,MONTO,533093.0
New Spain,MEXICO03,1749,silver_other,MONTO,4727.0
New Spain,MEXICO03,1749,silver_tax,MONTO,1303433.0
New Spain,MEXICO03,1750,gold_tax,MONTO,50432.0
New Spain,MEXICO03,1750,mercury_sales,MONTO,624227.0
New Spain,MEXICO03,1750,silver_other,MONTO,1701.0
New Spain,MEXICO03,1750,silver_tax,MONTO,1423256.0
New Spain,MEXICO03,1751,gold_tax,MONTO,39829.0
New Spain,MEXICO03,1751,mercury_sales,MONTO,542316.0
New Spain,MEXICO03,1751,silver_other,MONTO,938.0
New Spain,MEXICO03,1751,silver_tax,MONTO,1106141.0
New Spain,MEXICO03,1752,gold_tax,MONTO,28332.0
New Spain,MEXICO03,1752,mercury_sales,MONTO,671105.0
New Spain,MEXICO03,1752,silver_other,MONTO,1530.0
New Spain,MEXICO03,1752,silver_tax,MONTO,1382407.0
New Spain,MEXICO03,1753,gold_tax,MONTO,60664.0
New Spain,MEXICO03,1753,mercury_sales,MONTO,803641.0
New Spain,MEXICO03,1753,silver_other,MONTO,2684.0
New Spain,MEXICO03,1753,silver_tax,MONTO,1211093.0
New Spain,MEXICO03,1754,gold_tax,MONTO,53246.0
New Spain,MEXICO03,1754,mercury_sales,MONTO,656414.0
New Spain,MEXICO03,1754,silver_other,MONTO,1123.0
New Spain,MEXICO03,1754,silver_tax,MONTO,1133363.0
New Spain,MEXICO03,1755,gold_tax,MONTO,52103.0
New Spain,MEXICO03,1755,mercury_sales,MONTO,556132.0
New Spain,MEXICO03,1755,silver_other,MONTO,732.0
New Spain,MEXICO03,1755,silver_tax,MONTO,1198744.0
New Spain,MEXICO03,1756,gold_tax,MONTO,46108.0
New Spain,MEXICO03,1756,mercury_sales,MONTO,634097.0
New Spain,MEXICO03,1756,silver_other,MONTO,896.0
New Spain,MEXICO03,1756,silver_tax,MONTO,1300044.0
New Spain,MEXICO03,1757,gold_tax,MONTO,46581.0
New Spain,MEXICO03,1757,mercury_sales,MONTO,640428.0
New Spain,MEXICO03,1757,silver_tax,MONTO,1218157.0
New Spain,MEXICO03,1758,gold_tax,MONTO,46458.0
New Spain,MEXICO03,1758,mercury_sales,MONTO,646289.0
New Spain,MEXICO03,1758,silver_tax,MONTO,1315386.0
New Spain,MEXICO03,1759,gold_tax,MONTO,49179.0
New Spain,MEXICO03,1759,mercury_sales,MONTO,633456.0
New Spain,MEXICO03,1759,silver_tax,MONTO,1415716.0
New Spain,MEXICO03,1760,gold_tax,MONTO,53297.0
New Spain,MEXICO03,1760,mercury_sales,MONTO,676447.0
New Spain,MEXICO03,1760,silver_tax,MONTO,1281255.0
New Spain,MEXICO03,1761,gold_tax,MONTO,114525.0
New Spain,MEXICO03,1761,mercury_sales,MONTO,765335.0
New Spain,MEXICO03,1761,silver_tax,MONTO,1340797.0
New Spain,MEXICO03,1762,gold_tax,MONTO,81368.0
New Spain,MEXICO03,1762,mercury_sales,MONTO,481997.0
New Spain,MEXICO03,1762,silver_tax,MONTO,979603.0
New Spain,MEXICO03,1763,gold_tax,MONTO,87064.0
New Spain,MEXICO03,1763,mercury_sales,MONTO,577557.0
New Spain,MEXICO03,1763,silver_tax,MONTO,930436.0
New Spain,MEXICO03,1764,gold_tax,MONTO,49176.0
New Spain,MEXICO03,1764,mercury_sales,MONTO,601629.0
New Spain,MEXICO03,1764,silver_tax,MONTO,1052066.0
New Spain,MEXICO03,1765,gold_tax,MONTO,68540.0
New Spain,MEXICO03,1765,mercury_sales,MONTO,627181.0
New Spain,MEXICO03,1765,silver_tax,MONTO,1043199.0
New Spain,MEXICO03,1767,gold_tax,MONTO,79500.0
New Spain,MEXICO03,1767,mercury_sales,MONTO,638558.0
New Spain,MEXICO03,1767,silver_tax,MONTO,1174388.0
New Spain,MEXICO03,1768,gold_tax,MONTO,54952.0
New Spain,MEXICO03,1768,mercury_sales,MONTO,559677.0
New Spain,MEXICO03,1768,silver_tax,MONTO,888003.0
New Spain,MEXICO03,1769,gold_tax,MONTO,66880.0
New Spain,MEXICO03,1769,mercury_sales,MONTO,615434.0
New Spain,MEXICO03,1769,silver_tax,MONTO,1273982.0
New Spain,MEXICO03,1770,gold_tax,MONTO,38264.0
New Spain,MEXICO03,1770,mercury_sales,MONTO,504812.0
New Spain,MEXICO03,1770,silver_tax,MONTO,1243676.0
New Spain,MEXICO03,1771,gold_tax,MONTO,86624.0
New Spain,MEXICO03,1771,mercury_sales,MONTO,663576.0
New Spain,MEXICO03,1771,silver_tax,MONTO,1459972.0
New Spain,MEXICO03,1772,gold_tax,MONTO,84867.0
New Spain,MEXICO03,1772,mercury_sales,MONTO,574047.0
New Spain,MEXICO03,1772,silver_tax,MONTO,1244053.0
New Spain,MEXICO03,1773,gold_tax,MONTO,107074.0
New Spain,MEXICO03,1773,mercury_sales,MONTO,520553.0
New Spain,MEXICO03,1773,silver_tax,MONTO,1392453.0
New Spain,MEXICO03,1774,gold_tax,MONTO,64520.0
New Spain,MEXICO03,1774,mercury_sales,MONTO,608354.0
New Spain,MEXICO03,1774,silver_tax,MONTO,1175175.0
New Spain,MEXICO03,1775,gold_tax,MONTO,99870.0
New Spain,MEXICO03,1775,mercury_sales,MONTO,622750.0
New Spain,MEXICO03,1775,silver_tax,MONTO,1294840.0
New Spain,MEXICO03,1776,gold_tax,MONTO,120614.0
New Spain,MEXICO03,1776,mercury_sales,MONTO,1372702.0
New Spain,MEXICO03,1776,silver_tax,MONTO,2568086.0
New Spain,MEXICO03,1777,gold_tax,MONTO,77354.0
New Spain,MEXICO03,1777,mercury_sales,MONTO,777240.0
New Spain,MEXICO03,1777,silver_tax,MONTO,1714440.0
New Spain,MEXICO03,1778,gold_tax,MONTO,40784.0
New Spain,MEXICO03,1778,mercury_sales,MONTO,645154.0
New Spain,MEXICO03,1778,silver_tax,MONTO,1618148.0
New Spain,MEXICO03,1779,gold_tax,MONTO,15952.0
New Spain,MEXICO03,1779,mercury_sales,MONTO,569576.0
New Spain,MEXICO03,1779,silver_tax,MONTO,1456925.0
New Spain,MEXICO03,1780,gold_tax,MONTO,16799.0
New Spain,MEXICO03,1780,mercury_sales,MONTO,343317.0
New Spain,MEXICO03,1780,silver_tax,MONTO,1617211.0
New Spain,MEXICO03,1781,gold_tax,MONTO,13217.0
New Spain,MEXICO03,1781,mercury_sales,MONTO,548344.0
New Spain,MEXICO03,1781,silver_tax,MONTO,1578430.0
New Spain,MEXICO03,1782,gold_tax,MONTO,13245.0
New Spain,MEXICO03,1782,mercury_sales,MONTO,227623.0
New Spain,MEXICO03,1782,silver_tax,MONTO,1419893.0
New Spain,MEXICO03,1783,gold_tax,MONTO,12492.0
New Spain,MEXICO03,1783,mercury_sales,MONTO,1114697.0
New Spain,MEXICO03,1783,silver_tax,MONTO,2013353.0
New Spain,MEXICO03,1784,gold_tax,MONTO,14110.0
New Spain,MEXICO03,1784,mercury_sales,MONTO,446884.0
New Spain,MEXICO03,1784,silver_tax,MONTO,1717093.0
New Spain,MEXICO03,1785,gold_tax,MONTO,12055.0
New Spain,MEXICO03,1785,mercury_sales,MONTO,422098.0
New Spain,MEXICO03,1785,silver_tax,MONTO,1487132.0
New Spain,MEXICO03,1786,gold_other,MONTO,6529.0
New Spain,MEXICO03,1786,mercury_sales,MONTO,1143330.0
New Spain,MEXICO03,1786,silver_other,MONTO,202934.0
New Spain,MEXICO03,1787,gold_other,MONTO,869.0
New Spain,MEXICO03,1787,mercury_sales,MONTO,1002328.0
New Spain,MEXICO03,1787,silver_other,MONTO,139187.0
New Spain,MEXICO03,1788,gold_other,MONTO,1144.0
New Spain,MEXICO03,1788,mercury_sales,MONTO,1471483.0
New Spain,MEXICO03,1788,silver_other,MONTO,228410.0
New Spain,MEXICO03,1789,gold_other,MONTO,1753.0
New Spain,MEXICO03,1789,mercury_sales,MONTO,1144681.0
New Spain,MEXICO03,1789,silver_other,MONTO,212312.0
New Spain,MEXICO03,1790,gold_other,MONTO,2082.0
New Spain,MEXICO03,1790,mercury_sales,MONTO,1916137.0
New Spain,MEXICO03,1790,silver_other,MONTO,362270.0
New Spain,MEXICO03,1791,gold_other,MONTO,4030.0
New Spain,MEXICO03,1791,mercury_sales,MONTO,2098956.0
New Spain,MEXICO03,1791,silver_other,MONTO,503178.0
New Spain,MEXICO04,1792,gold_other,MONTO,2362.0
New Spain,MEXICO04,1792,mercury_sales,MONTO,2075411.0
New Spain,MEXICO04,1792,silver_other,MONTO,579908.0
New Spain,MEXICO04,1793,gold_other,MONTO,2942.0
New Spain,MEXICO04,1793,mercury_sales,MONTO,2357978.0
New Spain,MEXICO04,1793,silver_other,MONTO,534721.0
New Spain,MEXICO04,1794,gold_other,MONTO,2211.0
New Spain,MEXICO04,1794,mercury_sales,MONTO,1633149.0
New Spain,MEXICO04,1794,silver_other,MONTO,349014.0
New Spain,MEXICO04,1795,gold_other,MONTO,1287.0
New Spain,MEXICO04,1795,mercury_sales,MONTO,267221.0
New Spain,MEXICO04,1795,silver_other,MONTO,32023.0
New Spain,MEXICO04,1796,gold_other,MONTO,2596.0
New Spain,MEXICO04,1796,mercury_sales,MONTO,757752.0
New Spain,MEXICO04,1796,silver_other,MONTO,121621.0
New Spain,MEXICO04,1797,gold_other,MONTO,1820.0
New Spain,MEXICO04,1797,mercury_sales,MONTO,266000.0
New Spain,MEXICO04,1797,silver_other,MONTO,46204.0
New Spain,MEXICO04,1798,gold_other,MONTO,4614.0
New Spain,MEXICO04,1798,mercury_sales,MONTO,47644.0
New Spain,MEXICO04,1798,silver_other,MONTO,253536.0
New Spain,MEXICO04,1799,gold_tax,MONTO,3717.0
New Spain,MEXICO04,1799,mercury_sales,MONTO,29082.0
New Spain,MEXICO04,1799,silver_other,MONTO,28228.0
New Spain,MEXICO04,1799,silver_tax,MONTO,188627.0
New Spain,MEXICO04,1800,gold_other,MONTO,2889.0
New Spain,MEXICO04,1800,mercury_sales,MONTO,55307.0
New Spain,MEXICO04,1800,silver_other,MONTO,34311.0
New Spain,MEXICO04,1800,silver_tax,MONTO,199559.0
New Spain,MEXICO04,1801,gold_other,MONTO,2586.0
New Spain,MEXICO04,1801,mercury_sales,MONTO,180067.0
New Spain,MEXICO04,1801,silver_other,MONTO,34785.0
New Spain,MEXICO04,1802,gold_other,MONTO,2615.0
New Spain,MEXICO04,1802,mercury_sales,MONTO,1170453.0
New Spain,MEXICO04,1802,silver_other,MONTO,47981.0
New Spain,MEXICO04,1803,gold_other,MONTO,3823.0
New Spain,MEXICO04,1803,mercury_sales,MONTO,380811.0
New Spain,MEXICO04,1803,silver_other,MONTO,57381.0
New Spain,MEXICO04,1804,gold_other,MONTO,2692.0
New Spain,MEXICO04,1804,mercury_sales,MONTO,308555.0
New Spain,MEXICO04,1804,silver_other,MONTO,48514.0
New Spain,MEXICO04,1805,gold_tax,MONTO,4807.0
New Spain,MEXICO04,1805,mercury_sales,MONTO,394409.0
New Spain,MEXICO04,1805,silver_other,MONTO,77708.0
New Spain,MEXICO04,1806,gold_other,MONTO,12625.0
New Spain,MEXICO04,1806,mercury_sales,MONTO,283872.0
New Spain,MEXICO04,1806,silver_other,MONTO,58841.0
New Spain,MEXICO04,1807,gold_other,MONTO,11028.0
New Spain,MEXICO04,1807,mercury_sales,MONTO,294284.0
New Spain,MEXICO04,1807,silver_other,MONTO,37703.0
New Spain,MEXICO04,1808,gold_other,MONTO,8370.0
New Spain,MEXICO04,1808,mercury_sales,MONTO,317344.0
New Spain,MEXICO04,1808,silver_other,MONTO,43468.0
New Spain,MEXICO04,1809,gold_tax,MONTO,12750.0
New Spain,MEXICO04,1809,mercury_sales,MONTO,254464.0
New Spain,MEXICO04,1809,silver_other,MONTO,57487.0
New Spain,MEXICO04,1810,gold_tax,MONTO,6389.0
New Spain,MEXICO04,1810,mercury_sales,MONTO,177129.0
New Spain,MEXICO04,1810,silver_other,MONTO,45194.0
New Spain,MEXICO04,1811,gold_tax,MONTO,3039.0
New Spain,MEXICO04,1811,mercury_sales,MONTO,119827.0
New Spain,MEXICO04,1811,silver_other,MONTO,26779.0
New Spain,MEXICO04,1812,gold_other,MONTO,1310.0
New Spain,MEXICO04,1812,mercury_sales,MONTO,25283.0
New Spain,MEXICO04,1812,silver_other,MONTO,18606.0
New Spain,MEXICO04,1814,gold_other,MONTO,1505.0
New Spain,MEXICO04,1814,mercury_sales,MONTO,37724.0
New Spain,MEXICO04,1814,silver_other,MONTO,22751.0
New Spain,MEXICO04,1815,gold_other,MONTO,3624.0
New Spain,MEXICO04,1815,mercury_sales,MONTO,50448.0
New Spain,MEXICO04,1815,silver_other,MONTO,23091.0
New Spain,MEXICO04,1816,gold_other,MONTO,4435.0
New Spain,MEXICO04,1816,mercury_sales,MONTO,61283.0
New Spain,MEXICO04,1816,silver_other,MONTO,10171.0
New Spain,Michoacán,1788,silver_tax,MONTO,318.0
New Spain,Michoacán,1789,silver_tax,MONTO,92.0
New Spain,Michoacán,1790,silver_tax,MONTO,86.0
New Spain,Michoacán,1791,silver_tax,MONTO,150.0
New Spain,Michoacán,1792,silver_tax,MONTO,211.0
New Spain,Michoacán,1793,silver_tax,MONTO,394.0
New Spain,Michoacán,1794,silver_tax,MONTO,148.0
New Spain,Michoacán,1795,silver_tax,MONTO,121.0
New Spain,Michoacán,1796,silver_tax,MONTO,38.0
New Spain,Michoacán,1797,silver_tax,MONTO,155.0
New Spain,Michoacán,1798,silver_tax,MONTO,56.0
New Spain,Michoacán,1799,silver_tax,MONTO,5.0
New Spain,Michoacán,1800,silver_tax,MONTO,34.0
New Spain,Michoacán,1801,silver_tax,MONTO,219.0
New Spain,Michoacán,1802,silver_tax,MONTO,11.0
New Spain,Michoacán,1803,silver_tax,MONTO,80.0
New Spain,Michoacán,1805,silver_tax,MONTO,256.0
New Spain,OAXACA,1796,gold_tax,MONTO,16.0
New Spain,OAXACA,1799,gold_other,MONTO,2.0
New Spain,OAXACA,1800,silver_other,MONTO,182.0
New Spain,PACHUCA,1667,mercury_sales,MONTO,127317.0
New Spain,PACHUCA,1667,silver_tax,MONTO,8281.0
New Spain,PACHUCA,1669,mercury_sales,MONTO,89961.0
New Spain,PACHUCA,1669,silver_tax,MONTO,136.0
New Spain,PACHUCA,1671,mercury_sales,MONTO,81180.0
New Spain,PACHUCA,1671,silver_tax,MONTO,3870.0
New Spain,PACHUCA,1672,mercury_sales,MONTO,107966.0
New Spain,PACHUCA,1672,silver_tax,MONTO,6343.0
New Spain,PACHUCA,1674,mercury_sales,MONTO,117957.0
New Spain,PACHUCA,1674,silver_tax,MONTO,2637.0
New Spain,PACHUCA,1676,mercury_sales,MONTO,118784.0
New Spain,PACHUCA,1676,silver_tax,MONTO,9685.0
New Spain,PACHUCA,1678,mercury_sales,MONTO,52513.0
New Spain,PACHUCA,1678,silver_tax,MONTO,6432.0
New Spain,PACHUCA,1679,mercury_sales,MONTO,96154.0
New Spain,PACHUCA,1679,silver_other,MONTO,352.0
New Spain,PACHUCA,1679,silver_tax,MONTO,8282.0
New Spain,PACHUCA,1680,mercury_sales,MONTO,74072.0
New Spain,PACHUCA,1680,silver_tax,MONTO,2701.0
New Spain,PACHUCA,1682,mercury_sales,MONTO,84985.0
New Spain,PACHUCA,1682,silver_tax,MONTO,7602.0
New Spain,PACHUCA,1683,mercury_sales,MONTO,66604.0
New Spain,PACHUCA,1683,silver_tax,MONTO,1632.0
New Spain,PACHUCA,1684,mercury_sales,MONTO,119171.0
New Spain,PACHUCA,1686,mercury_sales,MONTO,205433.0
New Spain,PACHUCA,1686,silver_tax,MONTO,7733.0
New Spain,PACHUCA,1688,mercury_sales,MONTO,158393.0
New Spain,PACHUCA,1688,silver_tax,MONTO,22288.0
New Spain,PACHUCA,1689,mercury_sales,MONTO,218772.0
New Spain,PACHUCA,1689,silver_tax,MONTO,5569.0
New Spain,PACHUCA,1690,mercury_sales,MONTO,97325.0
New Spain,PACHUCA,1690,silver_tax,MONTO,12508.0
New Spain,PACHUCA,1691,mercury_sales,MONTO,286354.0
New Spain,PACHUCA,1691,silver_tax,MONTO,15931.0
New Spain,PACHUCA,1706,mercury_sales,MONTO,66499.0
New Spain,PACHUCA,1706,silver_tax,MONTO,3793.0
New Spain,PACHUCA,1707,mercury_sales,MONTO,70896.0
New Spain,PACHUCA,1707,silver_tax,MONTO,4836.0
New Spain,PACHUCA,1708,mercury_sales,MONTO,56841.0
New Spain,PACHUCA,1708,silver_tax,MONTO,2741.0
New Spain,PACHUCA,1709,mercury_sales,MONTO,75367.0
New Spain,PACHUCA,1709,silver_tax,MONTO,6422.0
New Spain,PACHUCA,1710,mercury_sales,MONTO,99861.0
New Spain,PACHUCA,1710,silver_tax,MONTO,14765.0
New Spain,PACHUCA,1711,mercury_sales,MONTO,54111.0
New Spain,PACHUCA,1711,silver_tax,MONTO,50196.0
New Spain,PACHUCA,1712,mercury_sales,MONTO,88098.0
New Spain,PACHUCA,1712,silver_tax,MONTO,11318.0
New Spain,PACHUCA,1713,mercury_sales,MONTO,101605.0
New Spain,PACHUCA,1713,silver_tax,MONTO,17219.0
New Spain,PACHUCA,1714,mercury_sales,MONTO,143299.0
New Spain,PACHUCA,1714,silver_tax,MONTO,30810.0
New Spain,PACHUCA,1715,mercury_sales,MONTO,106343.0
New Spain,PACHUCA,1715,silver_tax,MONTO,29389.0
New Spain,PACHUCA,1716,mercury_sales,MONTO,75608.0
New Spain,PACHUCA,1716,silver_other,MONTO,558.0
New Spain,PACHUCA,1716,silver_tax,MONTO,17911.0
New Spain,PACHUCA,1717,mercury_sales,MONTO,104762.0
New Spain,PACHUCA,1717,silver_tax,MONTO,17322.0
New Spain,PACHUCA,1718,mercury_sales,MONTO,88573.0
New Spain,PACHUCA,1718,silver_tax,MONTO,23467.0
New Spain,PACHUCA,1719,mercury_sales,MONTO,124143.0
New Spain,PACHUCA,1719,silver_tax,MONTO,32732.0
New Spain,PACHUCA,1720,mercury_sales,MONTO,105997.0
New Spain,PACHUCA,1720,silver_tax,MONTO,20026.0
New Spain,PACHUCA,1721,mercury_sales,MONTO,115738.0
New Spain,PACHUCA,1721,silver_tax,MONTO,26627.0
New Spain,PACHUCA,1722,mercury_sales,MONTO,176226.0
New Spain,PACHUCA,1722,silver_tax,MONTO,44646.0
New Spain,PACHUCA,1723,mercury_sales,MONTO,218469.0
New Spain,PACHUCA,1723,silver_tax,MONTO,42257.0
New Spain,PACHUCA,1724,mercury_sales,MONTO,224372.0
New Spain,PACHUCA,1724,silver_tax,MONTO,39539.0
New Spain,PACHUCA,1725,mercury_sales,MONTO,141897.0
New Spain,PACHUCA,1725,silver_tax,MONTO,41163.0
New Spain,PACHUCA,1726,mercury_sales,MONTO,226979.0
New Spain,PACHUCA,1726,silver_tax,MONTO,45148.0
New Spain,PACHUCA,1727,mercury_sales,MONTO,299275.0
New Spain,PACHUCA,1727,silver_tax,MONTO,46934.0
New Spain,PACHUCA,1728,mercury_sales,MONTO,212085.0
New Spain,PACHUCA,1728,silver_tax,MONTO,34721.0
New Spain,PACHUCA,1729,gold_tax,MONTO,361.0
New Spain,PACHUCA,1729,mercury_sales,MONTO,145472.0
New Spain,PACHUCA,1729,silver_tax,MONTO,34547.0
New Spain,PACHUCA,1730,mercury_sales,MONTO,104877.0
New Spain,PACHUCA,1731,mercury_sales,MONTO,139156.0
New Spain,PACHUCA,1731,silver_tax,MONTO,26123.0
New Spain,PACHUCA,1732,gold_tax,MONTO,4.0
New Spain,PACHUCA,1732,mercury_sales,MONTO,186748.0
New Spain,PACHUCA,1732,silver_tax,MONTO,24389.0
New Spain,PACHUCA,1733,mercury_sales,MONTO,208617.0
New Spain,PACHUCA,1734,mercury_sales,MONTO,145183.0
New Spain,PACHUCA,1734,silver_tax,MONTO,319.0
New Spain,PACHUCA,1735,mercury_sales,MONTO,120465.0
New Spain,PACHUCA,1735,silver_tax,MONTO,15090.0
New Spain,PACHUCA,1736,mercury_sales,MONTO,136180.0
New Spain,PACHUCA,1737,mercury_sales,MONTO,93059.0
New Spain,PACHUCA,1737,silver_tax,MONTO,11821.0
New Spain,PACHUCA,1738,gold_tax,MONTO,290.0
New Spain,PACHUCA,1738,mercury_sales,MONTO,73549.0
New Spain,PACHUCA,1738,silver_tax,MONTO,102.0
New Spain,PACHUCA,1739,gold_tax,MONTO,89.0
New Spain,PACHUCA,1739,mercury_sales,MONTO,80053.0
New Spain,PACHUCA,1739,silver_other,MONTO,625.0
New Spain,PACHUCA,1739,silver_tax,MONTO,157.0
New Spain,PACHUCA,1740,gold_tax,MONTO,19.0
New Spain,PACHUCA,1740,mercury_sales,MONTO,70761.0
New Spain,PACHUCA,1741,mercury_sales,MONTO,66036.0
New Spain,PACHUCA,1742,mercury_sales,MONTO,93269.0
New Spain,PACHUCA,1743,mercury_sales,MONTO,63391.0
New Spain,PACHUCA,1744,gold_tax,MONTO,359.0
New Spain,PACHUCA,1744,mercury_sales,MONTO,106739.0
New Spain,PACHUCA,1744,silver_tax,MONTO,15621.0
New Spain,PACHUCA,1745,gold_tax,MONTO,522.0
New Spain,PACHUCA,1745,mercury_sales,MONTO,134825.0
New Spain,PACHUCA,1745,silver_tax,MONTO,24278.0
New Spain,PACHUCA,1746,gold_tax,MONTO,1319.0
New Spain,PACHUCA,1746,mercury_sales,MONTO,130027.0
New Spain,PACHUCA,1746,silver_tax,MONTO,27081.0
New Spain,PACHUCA,1747,gold_tax,MONTO,1361.0
New Spain,PACHUCA,1747,mercury_sales,MONTO,75736.0
New Spain,PACHUCA,1747,silver_tax,MONTO,15008.0
New Spain,PACHUCA,1748,gold_tax,MONTO,439.0
New Spain,PACHUCA,1748,mercury_sales,MONTO,72121.0
New Spain,PACHUCA,1748,silver_tax,MONTO,13386.0
New Spain,PACHUCA,1749,gold_tax,MONTO,45.0
New Spain,PACHUCA,1749,mercury_sales,MONTO,94983.0
New Spain,PACHUCA,1749,silver_tax,MONTO,16803.0
New Spain,PACHUCA,1751,gold_tax,MONTO,137.0
New Spain,PACHUCA,1751,mercury_sales,MONTO,102868.0
New Spain,PACHUCA,1751,silver_tax,MONTO,29746.0
New Spain,PACHUCA,1752,gold_tax,MONTO,454.0
New Spain,PACHUCA,1752,mercury_sales,MONTO,135136.0
New Spain,PACHUCA,1752,silver_tax,MONTO,19757.0
New Spain,PACHUCA,1753,gold_tax,MONTO,660.0
New Spain,PACHUCA,1753,mercury_sales,MONTO,132050.0
New Spain,PACHUCA,1753,silver_tax,MONTO,14436.0
New Spain,PACHUCA,1754,gold_tax,MONTO,650.0
New Spain,PACHUCA,1754,mercury_sales,MONTO,149233.0
New Spain,PACHUCA,1754,silver_tax,MONTO,25654.0
New Spain,PACHUCA,1755,gold_tax,MONTO,283.0
New Spain,PACHUCA,1755,mercury_sales,MONTO,203723.0
New Spain,PACHUCA,1755,silver_tax,MONTO,26694.0
New Spain,PACHUCA,1756,gold_tax,MONTO,154.0
New Spain,PACHUCA,1756,mercury_sales,MONTO,225727.0
New Spain,PACHUCA,1756,silver_tax,MONTO,31280.0
New Spain,PACHUCA,1757,gold_tax,MONTO,257.0
New Spain,PACHUCA,1757,mercury_sales,MONTO,180338.0
New Spain,PACHUCA,1757,silver_tax,MONTO,13262.0
New Spain,PACHUCA,1758,gold_tax,MONTO,100.0
New Spain,PACHUCA,1758,mercury_sales,MONTO,116657.0
New Spain,PACHUCA,1758,silver_tax,MONTO,9518.0
New Spain,PACHUCA,1759,gold_tax,MONTO,160.0
New Spain,PACHUCA,1759,mercury_sales,MONTO,137474.0
New Spain,PACHUCA,1759,silver_tax,MONTO,10256.0
New Spain,PACHUCA,1760,gold_tax,MONTO,79.0
New Spain,PACHUCA,1760,mercury_sales,MONTO,201678.0
New Spain,PACHUCA,1760,silver_tax,MONTO,14662.0
New Spain,PACHUCA,1761,gold_tax,MONTO,654.0
New Spain,PACHUCA,1761,mercury_sales,MONTO,210902.0
New Spain,PACHUCA,1761,silver_tax,MONTO,22671.0
New Spain,PACHUCA,1762,gold_tax,MONTO,637.0
New Spain,PACHUCA,1762,mercury_sales,MONTO,150818.0
New Spain,PACHUCA,1762,silver_tax,MONTO,25994.0
New Spain,PACHUCA,1763,gold_tax,MONTO,140.0
New Spain,PACHUCA,1763,mercury_sales,MONTO,159093.0
New Spain,PACHUCA,1763,silver_tax,MONTO,26067.0
New Spain,PACHUCA,1764,gold_tax,MONTO,76.0
New Spain,PACHUCA,1764,mercury_sales,MONTO,200945.0
New Spain,PACHUCA,1764,silver_tax,MONTO,29524.0
New Spain,PACHUCA,1765,gold_tax,MONTO,22.0
New Spain,PACHUCA,1765,mercury_sales,MONTO,183773.0
New Spain,PACHUCA,1765,silver_tax,MONTO,25422.0
New Spain,PACHUCA,1766,gold_tax,MONTO,30.0
New Spain,PACHUCA,1766,mercury_sales,MONTO,138862.0
New Spain,PACHUCA,1766,silver_tax,MONTO,40337.0
New Spain,PACHUCA,1767,gold_tax,MONTO,21.0
New Spain,PACHUCA,1767,mercury_sales,MONTO,153243.0
New Spain,PACHUCA,1767,silver_tax,MONTO,54498.0
New Spain,PACHUCA,1768,gold_tax,MONTO,35.0
New Spain,PACHUCA,1768,mercury_sales,MONTO,142760.0
New Spain,PACHUCA,1768,silver_tax,MONTO,37124.0
New Spain,PACHUCA,1769,gold_tax,MONTO,107.0
New Spain,PACHUCA,1769,mercury_sales,MONTO,130476.0
New Spain,PACHUCA,1769,silver_tax,MONTO,44155.0
New Spain,PACHUCA,1770,gold_tax,MONTO,21.0
New Spain,PACHUCA,1770,mercury_sales,MONTO,128022.0
New Spain,PACHUCA,1770,silver_tax,MONTO,40008.0
New Spain,PACHUCA,1771,mercury_sales,MONTO,153345.0
New Spain,PACHUCA,1771,silver_tax,MONTO,25177.0
New Spain,PACHUCA,1772,mercury_sales,MONTO,60197.0
New Spain,PACHUCA,1772,silver_tax,MONTO,24719.0
New Spain,PACHUCA,1773,mercury_sales,MONTO,136463.0
New Spain,PACHUCA,1773,silver_tax,MONTO,26060.0
New Spain,PACHUCA,1774,gold_tax,MONTO,26.0
New Spain,PACHUCA,1774,mercury_sales,MONTO,91106.0
New Spain,PACHUCA,1774,silver_tax,MONTO,23214.0
New Spain,PACHUCA,1775,gold_tax,MONTO,14.0
New Spain,PACHUCA,1775,mercury_sales,MONTO,112664.0
New Spain,PACHUCA,1775,silver_other,MONTO,36.0
New Spain,PACHUCA,1775,silver_tax,MONTO,20800.0
New Spain,PACHUCA,1776,gold_tax,MONTO,6.0
New Spain,PACHUCA,1776,mercury_sales,MONTO,122883.0
New Spain,PACHUCA,1776,silver_tax,MONTO,27411.0
New Spain,PACHUCA,1777,gold_tax,MONTO,43.0
New Spain,PACHUCA,1777,mercury_sales,MONTO,135915.0
New Spain,PACHUCA,1777,silver_tax,MONTO,30388.0
New Spain,PACHUCA,1778,gold_tax,MONTO,78.0
New Spain,PACHUCA,1778,mercury_sales,MONTO,99853.0
New Spain,PACHUCA,1778,silver_tax,MONTO,27392.0
New Spain,PACHUCA,1779,gold_tax,MONTO,114.0
New Spain,PACHUCA,1779,mercury_sales,MONTO,119138.0
New Spain,PACHUCA,1779,silver_tax,MONTO,26897.0
New Spain,PACHUCA,1780,gold_tax,MONTO,196.0
New Spain,PACHUCA,1780,mercury_sales,MONTO,74245.0
New Spain,PACHUCA,1780,silver_tax,MONTO,29795.0
New Spain,PACHUCA,1781,gold_tax,MONTO,146.0
New Spain,PACHUCA,1781,mercury_sales,MONTO,85753.0
New Spain,PACHUCA,1781,silver_tax,MONTO,29960.0
New Spain,PACHUCA,1782,gold_tax,MONTO,84.0
New Spain,PACHUCA,1782,mercury_sales,MONTO,66162.0
New Spain,PACHUCA,1782,silver_tax,MONTO,27884.0
New Spain,PACHUCA,1783,gold_tax,MONTO,70.0
New Spain,PACHUCA,1783,mercury_sales,MONTO,64938.0
New Spain,PACHUCA,1783,silver_tax,MONTO,34760.0
New Spain,PACHUCA,1784,gold_tax,MONTO,62.0
New Spain,PACHUCA,1784,mercury_sales,MONTO,50562.0
New Spain,PACHUCA,1784,silver_tax,MONTO,21231.0
New Spain,PACHUCA,1785,gold_tax,MONTO,161.0
New Spain,PACHUCA,1785,mercury_sales,MONTO,51417.0
New Spain,PACHUCA,1785,silver_tax,MONTO,22074.0
New Spain,PACHUCA,1786,gold_tax,MONTO,25.0
New Spain,PACHUCA,1786,mercury_sales,MONTO,79057.0
New Spain,PACHUCA,1786,silver_tax,MONTO,30244.0
New Spain,PACHUCA,1787,gold_tax,MONTO,3.0
New Spain,PACHUCA,1787,mercury_sales,MONTO,66268.0
New Spain,PACHUCA,1787,silver_tax,MONTO,40455.0
New Spain,PACHUCA,1788,gold_tax,MONTO,22.0
New Spain,PACHUCA,1788,mercury_sales,MONTO,53190.0
New Spain,PACHUCA,1788,silver_tax,MONTO,30995.0
New Spain,PACHUCA,1789,gold_tax,MONTO,4.0
New Spain,PACHUCA,1789,mercury_sales,MONTO,53429.0
New Spain,PACHUCA,1789,silver_tax,MONTO,29499.0
New Spain,PACHUCA,1790,gold_tax,MONTO,13.0
New Spain,PACHUCA,1790,mercury_sales,MONTO,47054.0
New Spain,PACHUCA,1790,silver_tax,MONTO,27717.0
New Spain,PACHUCA,1791,gold_tax,MONTO,4.0
New Spain,PACHUCA,1791,mercury_sales,MONTO,35894.0
New Spain,PACHUCA,1791,silver_other,MONTO,295351.0
New Spain,PACHUCA,1791,silver_tax,MONTO,25109.0
New Spain,PACHUCA,1792,mercury_sales,MONTO,52206.0
New Spain,PACHUCA,1792,silver_other,MONTO,720576.0
New Spain,PACHUCA,1792,silver_tax,MONTO,18107.0
New Spain,PACHUCA,1793,gold_tax,MONTO,61.0
New Spain,PACHUCA,1793,mercury_sales,MONTO,51554.0
New Spain,PACHUCA,1793,silver_other,MONTO,605947.0
New Spain,PACHUCA,1793,silver_tax,MONTO,14517.0
New Spain,PACHUCA,1794,gold_tax,MONTO,158.0
New Spain,PACHUCA,1794,mercury_sales,MONTO,50530.0
New Spain,PACHUCA,1794,silver_other,MONTO,601636.0
New Spain,PACHUCA,1794,silver_tax,MONTO,32395.0
New Spain,PACHUCA,1795,gold_tax,MONTO,9.0
New Spain,PACHUCA,1795,mercury_sales,MONTO,76116.0
New Spain,PACHUCA,1795,silver_other,MONTO,546399.0
New Spain,PACHUCA,1795,silver_tax,MONTO,28607.0
New Spain,PACHUCA,1796,mercury_sales,MONTO,86809.0
New Spain,PACHUCA,1796,silver_other,MONTO,648327.0
New Spain,PACHUCA,1796,silver_tax,MONTO,58866.0
New Spain,PACHUCA,1797,mercury_sales,MONTO,106474.0
New Spain,PACHUCA,1797,silver_other,MONTO,447263.0
New Spain,PACHUCA,1797,silver_tax,MONTO,38193.0
New Spain,PACHUCA,1798,mercury_sales,MONTO,91798.0
New Spain,PACHUCA,1798,silver_other,MONTO,536650.0
New Spain,PACHUCA,1798,silver_tax,MONTO,41764.0
New Spain,PACHUCA,1799,mercury_sales,MONTO,73365.0
New Spain,PACHUCA,1799,silver_other,MONTO,561500.0
New Spain,PACHUCA,1799,silver_tax,MONTO,47550.0
New Spain,PACHUCA,1800,mercury_sales,MONTO,70519.0
New Spain,PACHUCA,1800,silver_other,MONTO,424234.0
New Spain,PACHUCA,1800,silver_tax,MONTO,44039.0
New Spain,PACHUCA,1801,mercury_sales,MONTO,49191.0
New Spain,PACHUCA,1801,silver_other,MONTO,491942.0
New Spain,PACHUCA,1801,silver_tax,MONTO,51511.0
New Spain,PACHUCA,1802,gold_tax,MONTO,8.0
New Spain,PACHUCA,1802,mercury_sales,MONTO,43762.0
New Spain,PACHUCA,1802,silver_other,MONTO,542539.0
New Spain,PACHUCA,1802,silver_tax,MONTO,31608.0
New Spain,PACHUCA,1803,mercury_sales,MONTO,108653.0
New Spain,PACHUCA,1803,silver_other,MONTO,639251.0
New Spain,PACHUCA,1803,silver_tax,MONTO,41445.0
New Spain,PACHUCA,1804,gold_tax,MONTO,10.0
New Spain,PACHUCA,1804,mercury_sales,MONTO,83195.0
New Spain,PACHUCA,1804,silver_other,MONTO,727814.0
New Spain,PACHUCA,1804,silver_tax,MONTO,62061.0
New Spain,PACHUCA,1806,gold_tax,MONTO,268.0
New Spain,PACHUCA,1806,mercury_sales,MONTO,85833.0
New Spain,PACHUCA,1806,silver_other,MONTO,751342.0
New Spain,PACHUCA,1806,silver_tax,MONTO,59990.0
New Spain,PRESIDIO DEL CARMEN,1815,silver_other,MONTO,7.0
New Spain,ROSARIO,1770,gold_tax,MONTO,14798.0
New Spain,ROSARIO,1770,mercury_sales,MONTO,30122.0
New Spain,ROSARIO,1770,silver_tax,MONTO,22944.0
New Spain,ROSARIO,1771,gold_tax,MONTO,112002.0
New Spain,ROSARIO,1771,mercury_sales,MONTO,46510.0
New Spain,ROSARIO,1771,silver_tax,MONTO,39779.0
New Spain,ROSARIO,1773,gold_tax,MONTO,44603.0
New Spain,ROSARIO,1773,mercury_sales,MONTO,19036.0
New Spain,ROSARIO,1773,silver_tax,MONTO,8306.0
New Spain,ROSARIO,1774,gold_tax,MONTO,59020.0
New Spain,ROSARIO,1774,mercury_sales,MONTO,41727.0
New Spain,ROSARIO,1774,silver_tax,MONTO,5951.0
New Spain,ROSARIO,1775,gold_tax,MONTO,52188.0
New Spain,ROSARIO,1775,mercury_sales,MONTO,30227.0
New Spain,ROSARIO,1775,silver_tax,MONTO,10473.0
New Spain,ROSARIO,1776,gold_tax,MONTO,28003.0
New Spain,ROSARIO,1776,mercury_sales,MONTO,52711.0
New Spain,ROSARIO,1776,silver_tax,MONTO,8919.0
New Spain,ROSARIO,1777,gold_tax,MONTO,26524.0
New Spain,ROSARIO,1777,mercury_sales,MONTO,56139.0
New Spain,ROSARIO,1777,silver_tax,MONTO,10416.0
New Spain,ROSARIO,1778,gold_tax,MONTO,4442.0
New Spain,ROSARIO,1778,mercury_sales,MONTO,50535.0
New Spain,ROSARIO,1778,silver_tax,MONTO,7587.0
New Spain,ROSARIO,1779,gold_tax,MONTO,6310.0
New Spain,ROSARIO,1779,mercury_sales,MONTO,51145.0
New Spain,ROSARIO,1779,silver_tax,MONTO,14190.0
New Spain,ROSARIO,1780,gold_tax,MONTO,5760.0
New Spain,ROSARIO,1780,mercury_sales,MONTO,49889.0
New Spain,ROSARIO,1780,silver_tax,MONTO,9817.0
New Spain,ROSARIO,1781,gold_tax,MONTO,5209.0
New Spain,ROSARIO,1781,mercury_sales,MONTO,46047.0
New Spain,ROSARIO,1781,silver_tax,MONTO,15469.0
New Spain,ROSARIO,1782,gold_tax,MONTO,3861.0
New Spain,ROSARIO,1782,mercury_sales,MONTO,37583.0
New Spain,ROSARIO,1782,silver_tax,MONTO,24646.0
New Spain,ROSARIO,1783,gold_tax,MONTO,6701.0
New Spain,ROSARIO,1783,mercury_sales,MONTO,96258.0
New Spain,ROSARIO,1783,silver_tax,MONTO,18901.0
New Spain,ROSARIO,1784,gold_tax,MONTO,6803.0
New Spain,ROSARIO,1784,mercury_sales,MONTO,168901.0
New Spain,ROSARIO,1784,silver_tax,MONTO,21798.0
New Spain,ROSARIO,1785,gold_tax,MONTO,6205.0
New Spain,ROSARIO,1785,mercury_sales,MONTO,125979.0
New Spain,ROSARIO,1785,silver_tax,MONTO,21099.0
New Spain,ROSARIO,1786,gold_tax,MONTO,3435.0
New Spain,ROSARIO,1786,mercury_sales,MONTO,190200.0
New Spain,ROSARIO,1786,silver_tax,MONTO,16197.0
New Spain,ROSARIO,1787,gold_tax,MONTO,6802.0
New Spain,ROSARIO,1787,mercury_sales,MONTO,237064.0
New Spain,ROSARIO,1787,silver_tax,MONTO,49643.0
New Spain,ROSARIO,1788,gold_tax,MONTO,6542.0
New Spain,ROSARIO,1788,mercury_sales,MONTO,145758.0
New Spain,ROSARIO,1788,silver_tax,MONTO,43671.0
New Spain,ROSARIO,1789,gold_tax,MONTO,4226.0
New Spain,ROSARIO,1789,mercury_sales,MONTO,145156.0
New Spain,ROSARIO,1789,silver_tax,MONTO,48464.0
New Spain,ROSARIO,1790,gold_tax,MONTO,8054.0
New Spain,ROSARIO,1790,mercury_sales,MONTO,161132.0
New Spain,ROSARIO,1790,silver_tax,MONTO,39967.0
New Spain,ROSARIO,1791,gold_tax,MONTO,7355.0
New Spain,ROSARIO,1791,mercury_sales,MONTO,151582.0
New Spain,ROSARIO,1791,silver_tax,MONTO,37860.0
New Spain,ROSARIO,1792,gold_tax,MONTO,10262.0
New Spain,ROSARIO,1792,mercury_sales,MONTO,156609.0
New Spain,ROSARIO,1792,silver_tax,MONTO,28368.0
New Spain,ROSARIO,1793,gold_tax,MONTO,9294.0
New Spain,ROSARIO,1793,mercury_sales,MONTO,152521.0
New Spain,ROSARIO,1793,silver_tax,MONTO,39759.0
New Spain,ROSARIO,1795,gold_tax,MONTO,5682.0
New Spain,ROSARIO,1795,mercury_sales,MONTO,130605.0
New Spain,ROSARIO,1795,silver_tax,MONTO,33001.0
New Spain,ROSARIO,1796,gold_tax,MONTO,12964.0
New Spain,ROSARIO,1796,mercury_sales,MONTO,283185.0
New Spain,ROSARIO,1796,silver_tax,MONTO,36004.0
New Spain,ROSARIO,1797,gold_tax,MONTO,10957.0
New Spain,ROSARIO,1797,mercury_sales,MONTO,323810.0
New Spain,ROSARIO,1797,silver_tax,MONTO,28719.0
New Spain,ROSARIO,1798,gold_tax,MONTO,10916.0
New Spain,ROSARIO,1798,mercury_sales,MONTO,323802.0
New Spain,ROSARIO,1798,silver_tax,MONTO,40013.0
New Spain,ROSARIO,1799,gold_tax,MONTO,5784.0
New Spain,ROSARIO,1799,mercury_sales,MONTO,128361.0
New Spain,ROSARIO,1799,silver_tax,MONTO,25266.0
New Spain,ROSARIO,1800,gold_tax,MONTO,5993.0
New Spain,ROSARIO,1800,mercury_sales,MONTO,155208.0
New Spain,ROSARIO,1800,silver_tax,MONTO,42592.0
New Spain,ROSARIO,1801,gold_tax,MONTO,9010.0
New Spain,ROSARIO,1801,mercury_sales,MONTO,257789.0
New Spain,ROSARIO,1801,silver_tax,MONTO,54916.0
New Spain,ROSARIO,1802,gold_tax,MONTO,8286.0
New Spain,ROSARIO,1802,mercury_sales,MONTO,203974.0
New Spain,ROSARIO,1802,silver_tax,MONTO,76229.0
New Spain,ROSARIO,1803,gold_tax,MONTO,9853.0
New Spain,ROSARIO,1803,mercury_sales,MONTO,225673.0
New Spain,ROSARIO,1803,silver_tax,MONTO,125479.0
New Spain,ROSARIO,1804,gold_tax,MONTO,9119.0
New Spain,ROSARIO,1804,mercury_sales,MONTO,247766.0
New Spain,ROSARIO,1804,silver_tax,MONTO,58832.0
New Spain,ROSARIO,1805,gold_tax,MONTO,10576.0
New Spain,ROSARIO,1805,mercury_sales,MONTO,132625.0
New Spain,ROSARIO,1805,silver_tax,MONTO,48804.0
New Spain,ROSARIO,1807,gold_tax,MONTO,13302.0
New Spain,ROSARIO,1807,mercury_sales,MONTO,175319.0
New Spain,ROSARIO,1807,silver_tax,MONTO,66685.0
New Spain,ROSARIO,1808,gold_tax,MONTO,9946.0
New Spain,ROSARIO,1808,mercury_sales,MONTO,88339.0
New Spain,ROSARIO,1808,silver_tax,MONTO,38036.0
New Spain,ROSARIO,1809,gold_tax,MONTO,8615.0
New Spain,ROSARIO,1809,mercury_sales,MONTO,108058.0
New Spain,ROSARIO,1809,silver_tax,MONTO,48599.0
New Spain,ROSARIO,1813,gold_tax,MONTO,2916.0
New Spain,ROSARIO,1813,mercury_sales,MONTO,30509.0
New Spain,ROSARIO,1813,silver_tax,MONTO,23560.0
New Spain,SALTILLO,1816,silver_other,MONTO,43027.0
New Spain,SANLUISPOTOSI,1528,gold_tax,MONTO,63632.0
New Spain,SANLUISPOTOSI,1528,silver_tax,MONTO,118319.0
New Spain,SANLUISPOTOSI,1630,gold_tax,MONTO,81205.0
New Spain,SANLUISPOTOSI,1630,silver_tax,MONTO,161040.0
New Spain,SANLUISPOTOSI,1631,gold_tax,MONTO,45345.0
New Spain,SANLUISPOTOSI,1631,silver_tax,MONTO,84670.0
New Spain,SANLUISPOTOSI,1632,gold_tax,MONTO,54299.0
New Spain,SANLUISPOTOSI,1632,silver_tax,MONTO,104582.0
New Spain,SANLUISPOTOSI,1633,gold_tax,MONTO,70004.0
New Spain,SANLUISPOTOSI,1633,silver_tax,MONTO,98910.0
New Spain,SANLUISPOTOSI,1634,gold_tax,MONTO,57560.0
New Spain,SANLUISPOTOSI,1634,silver_tax,MONTO,84098.0
New Spain,SANLUISPOTOSI,1635,gold_tax,MONTO,35768.0
New Spain,SANLUISPOTOSI,1635,silver_tax,MONTO,57827.0
New Spain,SANLUISPOTOSI,1636,gold_tax,MONTO,30146.0
New Spain,SANLUISPOTOSI,1636,silver_tax,MONTO,44184.0
New Spain,SANLUISPOTOSI,1639,gold_tax,MONTO,44298.0
New Spain,SANLUISPOTOSI,1639,silver_tax,MONTO,81011.0
New Spain,SANLUISPOTOSI,1640,gold_tax,MONTO,39256.0
New Spain,SANLUISPOTOSI,1640,silver_tax,MONTO,78293.0
New Spain,SANLUISPOTOSI,1641,gold_tax,MONTO,42096.0
New Spain,SANLUISPOTOSI,1641,silver_tax,MONTO,74523.0
New Spain,SANLUISPOTOSI,1642,gold_tax,MONTO,41423.0
New Spain,SANLUISPOTOSI,1642,silver_tax,MONTO,68551.0
New Spain,SANLUISPOTOSI,1643,gold_tax,MONTO,28452.0
New Spain,SANLUISPOTOSI,1643,silver_other,MONTO,48.0
New Spain,SANLUISPOTOSI,1643,silver_tax,MONTO,53172.0
New Spain,SANLUISPOTOSI,1644,gold_tax,MONTO,60114.0
New Spain,SANLUISPOTOSI,1644,silver_tax,MONTO,106097.0
New Spain,SANLUISPOTOSI,1646,gold_tax,MONTO,23423.0
New Spain,SANLUISPOTOSI,1646,silver_tax,MONTO,39673.0
New Spain,SANLUISPOTOSI,1647,gold_tax,MONTO,40219.0
New Spain,SANLUISPOTOSI,1647,silver_tax,MONTO,72551.0
New Spain,SANLUISPOTOSI,1648,gold_tax,MONTO,29197.0
New Spain,SANLUISPOTOSI,1648,silver_tax,MONTO,56041.0
New Spain,SANLUISPOTOSI,1649,gold_tax,MONTO,30157.0
New Spain,SANLUISPOTOSI,1649,silver_tax,MONTO,46681.0
New Spain,SANLUISPOTOSI,1650,gold_tax,MONTO,25663.0
New Spain,SANLUISPOTOSI,1650,silver_tax,MONTO,39729.0
New Spain,SANLUISPOTOSI,1653,gold_tax,MONTO,27212.0
New Spain,SANLUISPOTOSI,1653,silver_tax,MONTO,54501.0
New Spain,SANLUISPOTOSI,1654,gold_tax,MONTO,11218.0
New Spain,SANLUISPOTOSI,1654,silver_tax,MONTO,22944.0
New Spain,SANLUISPOTOSI,1655,gold_tax,MONTO,30524.0
New Spain,SANLUISPOTOSI,1655,silver_tax,MONTO,48398.0
New Spain,SANLUISPOTOSI,1656,gold_tax,MONTO,28197.0
New Spain,SANLUISPOTOSI,1656,silver_tax,MONTO,51970.0
New Spain,SANLUISPOTOSI,1657,gold_tax,MONTO,26637.0
New Spain,SANLUISPOTOSI,1657,silver_tax,MONTO,44067.0
New Spain,SANLUISPOTOSI,1658,gold_tax,MONTO,18840.0
New Spain,SANLUISPOTOSI,1658,silver_tax,MONTO,37279.0
New Spain,SANLUISPOTOSI,1659,gold_tax,MONTO,19800.0
New Spain,SANLUISPOTOSI,1659,silver_tax,MONTO,29498.0
New Spain,SANLUISPOTOSI,1660,gold_tax,MONTO,30371.0
New Spain,SANLUISPOTOSI,1660,silver_tax,MONTO,38537.0
New Spain,SANLUISPOTOSI,1661,gold_tax,MONTO,30252.0
New Spain,SANLUISPOTOSI,1661,silver_tax,MONTO,32280.0
New Spain,SANLUISPOTOSI,1662,gold_tax,MONTO,45117.0
New Spain,SANLUISPOTOSI,1662,mercury_sales,MONTO,166.0
New Spain,SANLUISPOTOSI,1662,silver_tax,MONTO,46709.0
New Spain,SANLUISPOTOSI,1663,gold_tax,MONTO,31118.0
New Spain,SANLUISPOTOSI,1663,silver_tax,MONTO,49489.0
New Spain,SANLUISPOTOSI,1665,gold_tax,MONTO,36771.0
New Spain,SANLUISPOTOSI,1665,mercury_sales,MONTO,415.0
New Spain,SANLUISPOTOSI,1665,silver_tax,MONTO,47020.0
New Spain,SANLUISPOTOSI,1666,gold_tax,MONTO,33702.0
New Spain,SANLUISPOTOSI,1666,mercury_sales,MONTO,50.0
New Spain,SANLUISPOTOSI,1666,silver_tax,MONTO,41337.0
New Spain,SANLUISPOTOSI,1667,gold_tax,MONTO,35404.0
New Spain,SANLUISPOTOSI,1667,silver_tax,MONTO,41887.0
New Spain,SANLUISPOTOSI,1668,gold_tax,MONTO,37668.0
New Spain,SANLUISPOTOSI,1668,silver_tax,MONTO,56452.0
New Spain,SANLUISPOTOSI,1669,gold_tax,MONTO,28289.0
New Spain,SANLUISPOTOSI,1669,silver_tax,MONTO,50554.0
New Spain,SANLUISPOTOSI,1671,gold_tax,MONTO,31627.0
New Spain,SANLUISPOTOSI,1671,silver_tax,MONTO,74850.0
New Spain,SANLUISPOTOSI,1672,gold_tax,MONTO,26716.0
New Spain,SANLUISPOTOSI,1672,mercury_sales,MONTO,1905.0
New Spain,SANLUISPOTOSI,1672,silver_tax,MONTO,60237.0
New Spain,SANLUISPOTOSI,1674,gold_tax,MONTO,18972.0
New Spain,SANLUISPOTOSI,1674,mercury_sales,MONTO,1326.0
New Spain,SANLUISPOTOSI,1674,silver_tax,MONTO,54132.0
New Spain,SANLUISPOTOSI,1675,gold_tax,MONTO,13550.0
New Spain,SANLUISPOTOSI,1675,silver_tax,MONTO,31966.0
New Spain,SANLUISPOTOSI,1677,gold_tax,MONTO,12085.0
New Spain,SANLUISPOTOSI,1677,mercury_sales,MONTO,1286.0
New Spain,SANLUISPOTOSI,1677,silver_tax,MONTO,27610.0
New Spain,SANLUISPOTOSI,1678,gold_tax,MONTO,20563.0
New Spain,SANLUISPOTOSI,1678,mercury_sales,MONTO,1854.0
New Spain,SANLUISPOTOSI,1678,silver_tax,MONTO,49724.0
New Spain,SANLUISPOTOSI,1679,gold_tax,MONTO,41779.0
New Spain,SANLUISPOTOSI,1679,mercury_sales,MONTO,3921.0
New Spain,SANLUISPOTOSI,1679,silver_tax,MONTO,102064.0
New Spain,SANLUISPOTOSI,1681,gold_tax,MONTO,20308.0
New Spain,SANLUISPOTOSI,1681,mercury_sales,MONTO,2736.0
New Spain,SANLUISPOTOSI,1681,silver_tax,MONTO,50779.0
New Spain,SANLUISPOTOSI,1682,gold_tax,MONTO,20308.0
New Spain,SANLUISPOTOSI,1682,mercury_sales,MONTO,2736.0
New Spain,SANLUISPOTOSI,1682,silver_tax,MONTO,50779.0
New Spain,SANLUISPOTOSI,1683,gold_tax,MONTO,23731.0
New Spain,SANLUISPOTOSI,1683,mercury_sales,MONTO,2398.0
New Spain,SANLUISPOTOSI,1683,silver_tax,MONTO,57521.0
New Spain,SANLUISPOTOSI,1684,gold_tax,MONTO,6516.0
New Spain,SANLUISPOTOSI,1684,silver_tax,MONTO,17162.0
New Spain,SANLUISPOTOSI,1685,gold_tax,MONTO,19390.0
New Spain,SANLUISPOTOSI,1685,silver_tax,MONTO,51177.0
New Spain,SANLUISPOTOSI,1686,gold_tax,MONTO,28372.0
New Spain,SANLUISPOTOSI,1686,mercury_sales,MONTO,1360.0
New Spain,SANLUISPOTOSI,1686,silver_tax,MONTO,64785.0
New Spain,SANLUISPOTOSI,1687,gold_tax,MONTO,14734.0
New Spain,SANLUISPOTOSI,1687,mercury_sales,MONTO,1272.0
New Spain,SANLUISPOTOSI,1687,silver_tax,MONTO,30542.0
New Spain,SANLUISPOTOSI,1688,gold_tax,MONTO,36455.0
New Spain,SANLUISPOTOSI,1688,silver_tax,MONTO,66562.0
New Spain,SANLUISPOTOSI,1690,gold_tax,MONTO,43760.0
New Spain,SANLUISPOTOSI,1690,mercury_sales,MONTO,3944.0
New Spain,SANLUISPOTOSI,1690,silver_tax,MONTO,94010.0
New Spain,SANLUISPOTOSI,1692,gold_tax,MONTO,22044.0
New Spain,SANLUISPOTOSI,1692,mercury_sales,MONTO,1308.0
New Spain,SANLUISPOTOSI,1692,silver_tax,MONTO,55643.0
New Spain,SANLUISPOTOSI,1693,gold_tax,MONTO,73139.0
New Spain,SANLUISPOTOSI,1693,mercury_sales,MONTO,2636.0
New Spain,SANLUISPOTOSI,1693,silver_tax,MONTO,128120.0
New Spain,SANLUISPOTOSI,1696,gold_tax,MONTO,25662.0
New Spain,SANLUISPOTOSI,1696,mercury_sales,MONTO,1404.0
New Spain,SANLUISPOTOSI,1696,silver_tax,MONTO,41896.0
New Spain,SANLUISPOTOSI,1697,gold_tax,MONTO,26246.0
New Spain,SANLUISPOTOSI,1697,silver_tax,MONTO,44356.0
New Spain,SANLUISPOTOSI,1698,gold_tax,MONTO,47521.0
New Spain,SANLUISPOTOSI,1698,mercury_sales,MONTO,2895.0
New Spain,SANLUISPOTOSI,1698,silver_tax,MONTO,77605.0
New Spain,SANLUISPOTOSI,1700,gold_tax,MONTO,27398.0
New Spain,SANLUISPOTOSI,1700,mercury_sales,MONTO,2358.0
New Spain,SANLUISPOTOSI,1700,silver_tax,MONTO,63317.0
New Spain,SANLUISPOTOSI,1706,gold_tax,MONTO,121545.0
New Spain,SANLUISPOTOSI,1706,mercury_sales,MONTO,3742.0
New Spain,SANLUISPOTOSI,1706,silver_tax,MONTO,197476.0
New Spain,SANLUISPOTOSI,1712,gold_tax,MONTO,12974.0
New Spain,SANLUISPOTOSI,1712,mercury_sales,MONTO,44.0
New Spain,SANLUISPOTOSI,1712,silver_tax,MONTO,13615.0
New Spain,SANLUISPOTOSI,1713,gold_tax,MONTO,49396.0
New Spain,SANLUISPOTOSI,1713,mercury_sales,MONTO,5082.0
New Spain,SANLUISPOTOSI,1713,silver_tax,MONTO,36111.0
New Spain,SANLUISPOTOSI,1714,gold_tax,MONTO,22303.0
New Spain,SANLUISPOTOSI,1714,mercury_sales,MONTO,5187.0
New Spain,SANLUISPOTOSI,1714,silver_tax,MONTO,25977.0
New Spain,SANLUISPOTOSI,1715,gold_tax,MONTO,35674.0
New Spain,SANLUISPOTOSI,1715,mercury_sales,MONTO,3209.0
New Spain,SANLUISPOTOSI,1715,silver_tax,MONTO,33567.0
New Spain,SANLUISPOTOSI,1716,gold_tax,MONTO,38745.0
New Spain,SANLUISPOTOSI,1716,mercury_sales,MONTO,2382.0
New Spain,SANLUISPOTOSI,1716,silver_tax,MONTO,30680.0
New Spain,SANLUISPOTOSI,1717,gold_tax,MONTO,33031.0
New Spain,SANLUISPOTOSI,1717,mercury_sales,MONTO,4758.0
New Spain,SANLUISPOTOSI,1717,silver_tax,MONTO,27022.0
New Spain,SANLUISPOTOSI,1718,gold_tax,MONTO,20114.0
New Spain,SANLUISPOTOSI,1718,mercury_sales,MONTO,3879.0
New Spain,SANLUISPOTOSI,1718,silver_tax,MONTO,25073.0
New Spain,SANLUISPOTOSI,1719,gold_tax,MONTO,17162.0
New Spain,SANLUISPOTOSI,1719,mercury_sales,MONTO,4283.0
New Spain,SANLUISPOTOSI,1719,silver_tax,MONTO,47186.0
New Spain,SANLUISPOTOSI,1720,gold_tax,MONTO,9686.0
New Spain,SANLUISPOTOSI,1720,mercury_sales,MONTO,58300.0
New Spain,SANLUISPOTOSI,1720,silver_tax,MONTO,6992.0
New Spain,SANLUISPOTOSI,1721,gold_tax,MONTO,9694.0
New Spain,SANLUISPOTOSI,1721,mercury_sales,MONTO,50877.0
New Spain,SANLUISPOTOSI,1721,silver_tax,MONTO,7765.0
New Spain,SANLUISPOTOSI,1722,gold_tax,MONTO,16526.0
New Spain,SANLUISPOTOSI,1722,mercury_sales,MONTO,44784.0
New Spain,SANLUISPOTOSI,1722,silver_tax,MONTO,7862.0
New Spain,SANLUISPOTOSI,1723,gold_tax,MONTO,12654.0
New Spain,SANLUISPOTOSI,1723,mercury_sales,MONTO,24524.0
New Spain,SANLUISPOTOSI,1723,silver_tax,MONTO,4785.0
New Spain,SANLUISPOTOSI,1724,gold_tax,MONTO,18564.0
New Spain,SANLUISPOTOSI,1724,mercury_sales,MONTO,2413.0
New Spain,SANLUISPOTOSI,1724,silver_tax,MONTO,30748.0
New Spain,SANLUISPOTOSI,1725,gold_tax,MONTO,10351.0
New Spain,SANLUISPOTOSI,1725,mercury_sales,MONTO,21352.0
New Spain,SANLUISPOTOSI,1725,silver_other,MONTO,2689.0
New Spain,SANLUISPOTOSI,1725,silver_tax,MONTO,4163.0
New Spain,SANLUISPOTOSI,1726,gold_tax,MONTO,17027.0
New Spain,SANLUISPOTOSI,1726,mercury_sales,MONTO,45992.0
New Spain,SANLUISPOTOSI,1726,silver_tax,MONTO,8093.0
New Spain,SANLUISPOTOSI,1727,gold_tax,MONTO,15068.0
New Spain,SANLUISPOTOSI,1727,mercury_sales,MONTO,37376.0
New Spain,SANLUISPOTOSI,1727,silver_tax,MONTO,6759.0
New Spain,SANLUISPOTOSI,1728,gold_tax,MONTO,11732.0
New Spain,SANLUISPOTOSI,1728,mercury_sales,MONTO,33149.0
New Spain,SANLUISPOTOSI,1728,silver_tax,MONTO,5923.0
New Spain,SANLUISPOTOSI,1729,gold_tax,MONTO,10453.0
New Spain,SANLUISPOTOSI,1729,mercury_sales,MONTO,54264.0
New Spain,SANLUISPOTOSI,1729,silver_tax,MONTO,6222.0
New Spain,SANLUISPOTOSI,1730,gold_tax,MONTO,9496.0
New Spain,SANLUISPOTOSI,1730,mercury_sales,MONTO,10430.0
New Spain,SANLUISPOTOSI,1730,silver_tax,MONTO,51643.0
New Spain,SANLUISPOTOSI,1731,gold_tax,MONTO,11552.0
New Spain,SANLUISPOTOSI,1731,mercury_sales,MONTO,8126.0
New Spain,SANLUISPOTOSI,1731,silver_tax,MONTO,48370.0
New Spain,SANLUISPOTOSI,1732,gold_tax,MONTO,12676.0
New Spain,SANLUISPOTOSI,1732,mercury_sales,MONTO,9655.0
New Spain,SANLUISPOTOSI,1732,silver_tax,MONTO,44923.0
New Spain,SANLUISPOTOSI,1733,gold_tax,MONTO,12122.0
New Spain,SANLUISPOTOSI,1733,mercury_sales,MONTO,18403.0
New Spain,SANLUISPOTOSI,1733,silver_tax,MONTO,48419.0
New Spain,SANLUISPOTOSI,1734,gold_tax,MONTO,13542.0
New Spain,SANLUISPOTOSI,1734,mercury_sales,MONTO,9357.0
New Spain,SANLUISPOTOSI,1734,silver_tax,MONTO,49813.0
New Spain,SANLUISPOTOSI,1735,gold_tax,MONTO,16111.0
New Spain,SANLUISPOTOSI,1735,mercury_sales,MONTO,14618.0
New Spain,SANLUISPOTOSI,1735,silver_tax,MONTO,35502.0
New Spain,SANLUISPOTOSI,1736,gold_tax,MONTO,18716.0
New Spain,SANLUISPOTOSI,1736,mercury_sales,MONTO,15602.0
New Spain,SANLUISPOTOSI,1736,silver_tax,MONTO,58276.0
New Spain,SANLUISPOTOSI,1737,gold_tax,MONTO,14318.0
New Spain,SANLUISPOTOSI,1737,mercury_sales,MONTO,12163.0
New Spain,SANLUISPOTOSI,1737,silver_tax,MONTO,46299.0
New Spain,SANLUISPOTOSI,1738,gold_tax,MONTO,9988.0
New Spain,SANLUISPOTOSI,1738,mercury_sales,MONTO,14183.0
New Spain,SANLUISPOTOSI,1738,silver_tax,MONTO,48285.0
New Spain,SANLUISPOTOSI,1739,gold_tax,MONTO,9266.0
New Spain,SANLUISPOTOSI,1739,mercury_sales,MONTO,6200.0
New Spain,SANLUISPOTOSI,1739,silver_tax,MONTO,38289.0
New Spain,SANLUISPOTOSI,1740,gold_tax,MONTO,12165.0
New Spain,SANLUISPOTOSI,1740,mercury_sales,MONTO,13901.0
New Spain,SANLUISPOTOSI,1740,silver_tax,MONTO,38413.0
New Spain,SANLUISPOTOSI,1741,gold_tax,MONTO,14685.0
New Spain,SANLUISPOTOSI,1741,mercury_sales,MONTO,6565.0
New Spain,SANLUISPOTOSI,1741,silver_tax,MONTO,46386.0
New Spain,SANLUISPOTOSI,1742,gold_tax,MONTO,9998.0
New Spain,SANLUISPOTOSI,1742,mercury_sales,MONTO,2530.0
New Spain,SANLUISPOTOSI,1742,silver_tax,MONTO,25631.0
New Spain,SANLUISPOTOSI,1743,gold_tax,MONTO,12049.0
New Spain,SANLUISPOTOSI,1743,mercury_sales,MONTO,1903.0
New Spain,SANLUISPOTOSI,1743,silver_tax,MONTO,45154.0
New Spain,SANLUISPOTOSI,1744,gold_tax,MONTO,8268.0
New Spain,SANLUISPOTOSI,1744,mercury_sales,MONTO,1336.0
New Spain,SANLUISPOTOSI,1744,silver_tax,MONTO,37154.0
New Spain,SANLUISPOTOSI,1745,gold_tax,MONTO,6572.0
New Spain,SANLUISPOTOSI,1745,mercury_sales,MONTO,2970.0
New Spain,SANLUISPOTOSI,1745,silver_tax,MONTO,36888.0
New Spain,SANLUISPOTOSI,1746,gold_tax,MONTO,8915.0
New Spain,SANLUISPOTOSI,1746,mercury_sales,MONTO,1239.0
New Spain,SANLUISPOTOSI,1746,silver_tax,MONTO,48486.0
New Spain,SANLUISPOTOSI,1747,gold_tax,MONTO,9834.0
New Spain,SANLUISPOTOSI,1747,mercury_sales,MONTO,4901.0
New Spain,SANLUISPOTOSI,1747,silver_tax,MONTO,42038.0
New Spain,SANLUISPOTOSI,1748,gold_tax,MONTO,10574.0
New Spain,SANLUISPOTOSI,1748,mercury_sales,MONTO,7714.0
New Spain,SANLUISPOTOSI,1748,silver_tax,MONTO,46768.0
New Spain,SANLUISPOTOSI,1752,gold_tax,MONTO,8772.0
New Spain,SANLUISPOTOSI,1752,mercury_sales,MONTO,21605.0
New Spain,SANLUISPOTOSI,1752,silver_tax,MONTO,47866.0
New Spain,SANLUISPOTOSI,1753,gold_tax,MONTO,6931.0
New Spain,SANLUISPOTOSI,1753,mercury_sales,MONTO,56867.0
New Spain,SANLUISPOTOSI,1753,silver_tax,MONTO,89634.0
New Spain,SANLUISPOTOSI,1754,gold_tax,MONTO,9521.0
New Spain,SANLUISPOTOSI,1754,mercury_sales,MONTO,81828.0
New Spain,SANLUISPOTOSI,1754,silver_tax,MONTO,73315.0
New Spain,SANLUISPOTOSI,1755,gold_tax,MONTO,7590.0
New Spain,SANLUISPOTOSI,1755,mercury_sales,MONTO,86638.0
New Spain,SANLUISPOTOSI,1755,silver_tax,MONTO,119323.0
New Spain,SANLUISPOTOSI,1756,gold_tax,MONTO,5109.0
New Spain,SANLUISPOTOSI,1756,mercury_sales,MONTO,88544.0
New Spain,SANLUISPOTOSI,1756,silver_tax,MONTO,76421.0
New Spain,SANLUISPOTOSI,1757,gold_tax,MONTO,6267.0
New Spain,SANLUISPOTOSI,1757,mercury_sales,MONTO,95102.0
New Spain,SANLUISPOTOSI,1757,silver_tax,MONTO,101032.0
New Spain,SANLUISPOTOSI,1758,gold_tax,MONTO,1148.0
New Spain,SANLUISPOTOSI,1758,mercury_sales,MONTO,134265.0
New Spain,SANLUISPOTOSI,1758,silver_tax,MONTO,114099.0
New Spain,SANLUISPOTOSI,1759,gold_tax,MONTO,1053.0
New Spain,SANLUISPOTOSI,1759,mercury_sales,MONTO,128115.0
New Spain,SANLUISPOTOSI,1759,silver_tax,MONTO,139145.0
New Spain,SANLUISPOTOSI,1760,gold_tax,MONTO,4341.0
New Spain,SANLUISPOTOSI,1760,mercury_sales,MONTO,96282.0
New Spain,SANLUISPOTOSI,1760,silver_tax,MONTO,76940.0
New Spain,SANLUISPOTOSI,1761,gold_tax,MONTO,8261.0
New Spain,SANLUISPOTOSI,1761,mercury_sales,MONTO,79628.0
New Spain,SANLUISPOTOSI,1761,silver_tax,MONTO,60487.0
New Spain,SANLUISPOTOSI,1762,gold_tax,MONTO,928.0
New Spain,SANLUISPOTOSI,1762,mercury_sales,MONTO,38972.0
New Spain,SANLUISPOTOSI,1762,silver_tax,MONTO,50420.0
New Spain,SANLUISPOTOSI,1763,gold_tax,MONTO,902.0
New Spain,SANLUISPOTOSI,1763,mercury_sales,MONTO,60538.0
New Spain,SANLUISPOTOSI,1763,silver_tax,MONTO,63639.0
New Spain,SANLUISPOTOSI,1764,gold_tax,MONTO,1054.0
New Spain,SANLUISPOTOSI,1764,mercury_sales,MONTO,76424.0
New Spain,SANLUISPOTOSI,1764,silver_tax,MONTO,60231.0
New Spain,SANLUISPOTOSI,1766,gold_tax,MONTO,1117.0
New Spain,SANLUISPOTOSI,1766,mercury_sales,MONTO,63011.0
New Spain,SANLUISPOTOSI,1766,silver_tax,MONTO,75365.0
New Spain,SANLUISPOTOSI,1767,gold_tax,MONTO,729.0
New Spain,SANLUISPOTOSI,1767,mercury_sales,MONTO,50278.0
New Spain,SANLUISPOTOSI,1767,silver_tax,MONTO,75669.0
New Spain,SANLUISPOTOSI,1768,gold_tax,MONTO,1142.0
New Spain,SANLUISPOTOSI,1768,mercury_sales,MONTO,71334.0
New Spain,SANLUISPOTOSI,1768,silver_tax,MONTO,83935.0
New Spain,SANLUISPOTOSI,1769,gold_tax,MONTO,1021.0
New Spain,SANLUISPOTOSI,1769,mercury_sales,MONTO,97716.0
New Spain,SANLUISPOTOSI,1769,silver_tax,MONTO,96021.0
New Spain,SANLUISPOTOSI,1770,gold_tax,MONTO,10599.0
New Spain,SANLUISPOTOSI,1770,mercury_sales,MONTO,84509.0
New Spain,SANLUISPOTOSI,1770,silver_tax,MONTO,92997.0
New Spain,SANLUISPOTOSI,1771,gold_tax,MONTO,13379.0
New Spain,SANLUISPOTOSI,1771,mercury_sales,MONTO,66368.0
New Spain,SANLUISPOTOSI,1771,silver_tax,MONTO,98973.0
New Spain,SANLUISPOTOSI,1772,gold_tax,MONTO,4395.0
New Spain,SANLUISPOTOSI,1772,mercury_sales,MONTO,79741.0
New Spain,SANLUISPOTOSI,1772,silver_tax,MONTO,97430.0
New Spain,SANLUISPOTOSI,1773,gold_tax,MONTO,6783.0
New Spain,SANLUISPOTOSI,1773,mercury_sales,MONTO,116262.0
New Spain,SANLUISPOTOSI,1773,silver_tax,MONTO,112156.0
New Spain,SANLUISPOTOSI,1774,gold_tax,MONTO,939.0
New Spain,SANLUISPOTOSI,1774,mercury_sales,MONTO,52784.0
New Spain,SANLUISPOTOSI,1774,silver_tax,MONTO,107939.0
New Spain,SANLUISPOTOSI,1775,gold_tax,MONTO,1266.0
New Spain,SANLUISPOTOSI,1775,mercury_sales,MONTO,63697.0
New Spain,SANLUISPOTOSI,1775,silver_tax,MONTO,105464.0
New Spain,SANLUISPOTOSI,1776,gold_tax,MONTO,954.0
New Spain,SANLUISPOTOSI,1776,mercury_sales,MONTO,53091.0
New Spain,SANLUISPOTOSI,1776,silver_tax,MONTO,106060.0
New Spain,SANLUISPOTOSI,1777,gold_tax,MONTO,1028.0
New Spain,SANLUISPOTOSI,1777,mercury_sales,MONTO,37988.0
New Spain,SANLUISPOTOSI,1777,silver_tax,MONTO,120048.0
New Spain,SANLUISPOTOSI,1778,gold_tax,MONTO,3322.0
New Spain,SANLUISPOTOSI,1778,mercury_sales,MONTO,31703.0
New Spain,SANLUISPOTOSI,1778,silver_tax,MONTO,90464.0
New Spain,SANLUISPOTOSI,1779,gold_tax,MONTO,2745.0
New Spain,SANLUISPOTOSI,1779,mercury_sales,MONTO,258791.0
New Spain,SANLUISPOTOSI,1779,silver_tax,MONTO,194380.0
New Spain,SANLUISPOTOSI,1781,gold_tax,MONTO,1306.0
New Spain,SANLUISPOTOSI,1781,mercury_sales,MONTO,266746.0
New Spain,SANLUISPOTOSI,1781,silver_tax,MONTO,65349.0
New Spain,SANLUISPOTOSI,1782,gold_tax,MONTO,952.0
New Spain,SANLUISPOTOSI,1782,mercury_sales,MONTO,257920.0
New Spain,SANLUISPOTOSI,1782,silver_tax,MONTO,58615.0
New Spain,SANLUISPOTOSI,1783,gold_tax,MONTO,741.0
New Spain,SANLUISPOTOSI,1783,mercury_sales,MONTO,471215.0
New Spain,SANLUISPOTOSI,1783,silver_tax,MONTO,40244.0
New Spain,SANLUISPOTOSI,1784,gold_tax,MONTO,689.0
New Spain,SANLUISPOTOSI,1784,mercury_sales,MONTO,430018.0
New Spain,SANLUISPOTOSI,1784,silver_tax,MONTO,22989.0
New Spain,SANLUISPOTOSI,1785,gold_tax,MONTO,5210.0
New Spain,SANLUISPOTOSI,1785,mercury_sales,MONTO,309378.0
New Spain,SANLUISPOTOSI,1785,silver_tax,MONTO,85.0
New Spain,SANLUISPOTOSI,1786,gold_tax,MONTO,511.0
New Spain,SANLUISPOTOSI,1786,mercury_sales,MONTO,356518.0
New Spain,SANLUISPOTOSI,1786,silver_tax,MONTO,3722.0
New Spain,SANLUISPOTOSI,1787,gold_tax,MONTO,512.0
New Spain,SANLUISPOTOSI,1787,mercury_sales,MONTO,392421.0
New Spain,SANLUISPOTOSI,1787,silver_tax,MONTO,3937.0
New Spain,SANLUISPOTOSI,1788,gold_tax,MONTO,962.0
New Spain,SANLUISPOTOSI,1788,mercury_sales,MONTO,388296.0
New Spain,SANLUISPOTOSI,1788,silver_tax,MONTO,5780.0
New Spain,SANLUISPOTOSI,1789,gold_tax,MONTO,1057.0
New Spain,SANLUISPOTOSI,1789,mercury_sales,MONTO,436129.0
New Spain,SANLUISPOTOSI,1789,silver_tax,MONTO,5521.0
New Spain,SANLUISPOTOSI,1790,gold_tax,MONTO,991.0
New Spain,SANLUISPOTOSI,1790,mercury_sales,MONTO,355487.0
New Spain,SANLUISPOTOSI,1790,silver_tax,MONTO,7024.0
New Spain,SANLUISPOTOSI,1791,gold_tax,MONTO,797.0
New Spain,SANLUISPOTOSI,1791,mercury_sales,MONTO,406133.0
New Spain,SANLUISPOTOSI,1791,silver_tax,MONTO,7743.0
New Spain,SANLUISPOTOSI,1792,gold_tax,MONTO,759.0
New Spain,SANLUISPOTOSI,1792,mercury_sales,MONTO,414131.0
New Spain,SANLUISPOTOSI,1792,silver_tax,MONTO,6472.0
New Spain,SANLUISPOTOSI,1793,gold_tax,MONTO,783.0
New Spain,SANLUISPOTOSI,1793,mercury_sales,MONTO,454905.0
New Spain,SANLUISPOTOSI,1793,silver_tax,MONTO,6339.0
New Spain,SANLUISPOTOSI,1794,gold_tax,MONTO,917.0
New Spain,SANLUISPOTOSI,1794,mercury_sales,MONTO,389287.0
New Spain,SANLUISPOTOSI,1794,silver_tax,MONTO,7685.0
New Spain,SANLUISPOTOSI,1795,gold_tax,MONTO,929.0
New Spain,SANLUISPOTOSI,1795,mercury_sales,MONTO,489738.0
New Spain,SANLUISPOTOSI,1795,silver_tax,MONTO,8277.0
New Spain,SANLUISPOTOSI,1796,gold_tax,MONTO,782.0
New Spain,SANLUISPOTOSI,1796,mercury_sales,MONTO,441040.0
New Spain,SANLUISPOTOSI,1796,silver_tax,MONTO,7146.0
New Spain,SANLUISPOTOSI,1797,gold_tax,MONTO,712.0
New Spain,SANLUISPOTOSI,1797,mercury_sales,MONTO,369321.0
New Spain,SANLUISPOTOSI,1797,silver_tax,MONTO,6377.0
New Spain,SANLUISPOTOSI,1798,gold_tax,MONTO,589.0
New Spain,SANLUISPOTOSI,1798,mercury_sales,MONTO,386072.0
New Spain,SANLUISPOTOSI,1798,silver_tax,MONTO,5544.0
New Spain,SANLUISPOTOSI,1799,gold_tax,MONTO,660.0
New Spain,SANLUISPOTOSI,1799,mercury_sales,MONTO,309289.0
New Spain,SANLUISPOTOSI,1799,silver_tax,MONTO,4794.0
New Spain,SANLUISPOTOSI,1800,gold_tax,MONTO,634.0
New Spain,SANLUISPOTOSI,1800,mercury_sales,MONTO,341899.0
New Spain,SANLUISPOTOSI,1800,silver_tax,MONTO,5808.0
New Spain,SANLUISPOTOSI,1801,gold_tax,MONTO,460.0
New Spain,SANLUISPOTOSI,1801,mercury_sales,MONTO,312116.0
New Spain,SANLUISPOTOSI,1801,silver_tax,MONTO,4220.0
New Spain,SANLUISPOTOSI,1802,gold_tax,MONTO,741.0
New Spain,SANLUISPOTOSI,1802,mercury_sales,MONTO,236112.0
New Spain,SANLUISPOTOSI,1802,silver_tax,MONTO,12332.0
New Spain,SANLUISPOTOSI,1803,gold_tax,MONTO,696.0
New Spain,SANLUISPOTOSI,1803,mercury_sales,MONTO,459371.0
New Spain,SANLUISPOTOSI,1803,silver_tax,MONTO,5411.0
New Spain,SANLUISPOTOSI,1804,gold_tax,MONTO,690.0
New Spain,SANLUISPOTOSI,1804,mercury_sales,MONTO,451372.0
New Spain,SANLUISPOTOSI,1804,silver_tax,MONTO,6713.0
New Spain,SANLUISPOTOSI,1805,gold_tax,MONTO,556.0
New Spain,SANLUISPOTOSI,1805,mercury_sales,MONTO,325631.0
New Spain,SANLUISPOTOSI,1805,silver_tax,MONTO,5549.0
New Spain,SANLUISPOTOSI,1806,gold_tax,MONTO,441.0
New Spain,SANLUISPOTOSI,1806,mercury_sales,MONTO,345239.0
New Spain,SANLUISPOTOSI,1806,silver_tax,MONTO,4678.0
New Spain,SOMBRERETE,1683,mercury_sales,MONTO,65322.0
New Spain,SOMBRERETE,1683,silver_tax,MONTO,113128.0
New Spain,SOMBRERETE,1688,mercury_sales,MONTO,39460.0
New Spain,SOMBRERETE,1688,silver_tax,MONTO,123659.0
New Spain,SOMBRERETE,1689,mercury_sales,MONTO,43908.0
New Spain,SOMBRERETE,1689,silver_tax,MONTO,130636.0
New Spain,SOMBRERETE,1690,mercury_sales,MONTO,102720.0
New Spain,SOMBRERETE,1690,silver_tax,MONTO,281545.0
New Spain,SOMBRERETE,1693,mercury_sales,MONTO,108401.0
New Spain,SOMBRERETE,1693,silver_tax,MONTO,148459.0
New Spain,SOMBRERETE,1696,mercury_sales,MONTO,13954.0
New Spain,SOMBRERETE,1696,silver_tax,MONTO,42878.0
New Spain,SOMBRERETE,1697,mercury_sales,MONTO,17638.0
New Spain,SOMBRERETE,1697,silver_tax,MONTO,70355.0
New Spain,SOMBRERETE,1699,mercury_sales,MONTO,31290.0
New Spain,SOMBRERETE,1699,silver_tax,MONTO,48630.0
New Spain,SOMBRERETE,1701,mercury_sales,MONTO,28218.0
New Spain,SOMBRERETE,1701,silver_tax,MONTO,39070.0
New Spain,SOMBRERETE,1703,mercury_sales,MONTO,38646.0
New Spain,SOMBRERETE,1703,silver_tax,MONTO,53573.0
New Spain,SOMBRERETE,1705,mercury_sales,MONTO,25224.0
New Spain,SOMBRERETE,1705,silver_tax,MONTO,13262.0
New Spain,SOMBRERETE,1707,mercury_sales,MONTO,17715.0
New Spain,SOMBRERETE,1707,silver_tax,MONTO,40816.0
New Spain,SOMBRERETE,1708,mercury_sales,MONTO,13994.0
New Spain,SOMBRERETE,1708,silver_tax,MONTO,22117.0
New Spain,SOMBRERETE,1709,mercury_sales,MONTO,12957.0
New Spain,SOMBRERETE,1709,silver_tax,MONTO,20586.0
New Spain,SOMBRERETE,1710,mercury_sales,MONTO,13492.0
New Spain,SOMBRERETE,1710,silver_other,MONTO,24.0
New Spain,SOMBRERETE,1710,silver_tax,MONTO,24371.0
New Spain,SOMBRERETE,1711,mercury_sales,MONTO,4842.0
New Spain,SOMBRERETE,1711,silver_tax,MONTO,11696.0
New Spain,SOMBRERETE,1712,mercury_sales,MONTO,8106.0
New Spain,SOMBRERETE,1712,silver_tax,MONTO,21787.0
New Spain,SOMBRERETE,1713,mercury_sales,MONTO,7004.0
New Spain,SOMBRERETE,1713,silver_tax,MONTO,13052.0
New Spain,SOMBRERETE,1714,mercury_sales,MONTO,17382.0
New Spain,SOMBRERETE,1714,silver_tax,MONTO,14532.0
New Spain,SOMBRERETE,1715,mercury_sales,MONTO,13973.0
New Spain,SOMBRERETE,1715,silver_tax,MONTO,8615.0
New Spain,SOMBRERETE,1716,mercury_sales,MONTO,15157.0
New Spain,SOMBRERETE,1716,silver_tax,MONTO,10804.0
New Spain,SOMBRERETE,1717,mercury_sales,MONTO,11919.0
New Spain,SOMBRERETE,1717,silver_tax,MONTO,13539.0
New Spain,SOMBRERETE,1718,mercury_sales,MONTO,9252.0
New Spain,SOMBRERETE,1718,silver_tax,MONTO,18577.0
New Spain,SOMBRERETE,1719,mercury_sales,MONTO,6140.0
New Spain,SOMBRERETE,1719,silver_tax,MONTO,13638.0
New Spain,SOMBRERETE,1720,mercury_sales,MONTO,2431.0
New Spain,SOMBRERETE,1720,silver_tax,MONTO,10212.0
New Spain,SOMBRERETE,1721,mercury_sales,MONTO,11503.0
New Spain,SOMBRERETE,1721,silver_tax,MONTO,14328.0
New Spain,SOMBRERETE,1722,mercury_sales,MONTO,6697.0
New Spain,SOMBRERETE,1722,silver_tax,MONTO,12806.0
New Spain,SOMBRERETE,1723,mercury_sales,MONTO,11960.0
New Spain,SOMBRERETE,1723,silver_tax,MONTO,7945.0
New Spain,SOMBRERETE,1724,mercury_sales,MONTO,2683.0
New Spain,SOMBRERETE,1724,silver_other,MONTO,6.0
New Spain,SOMBRERETE,1724,silver_tax,MONTO,9302.0
New Spain,SOMBRERETE,1725,mercury_sales,MONTO,2822.0
New Spain,SOMBRERETE,1725,silver_tax,MONTO,12614.0
New Spain,SOMBRERETE,1726,mercury_sales,MONTO,3452.0
New Spain,SOMBRERETE,1726,silver_tax,MONTO,10259.0
New Spain,SOMBRERETE,1727,mercury_sales,MONTO,9988.0
New Spain,SOMBRERETE,1727,silver_tax,MONTO,7866.0
New Spain,SOMBRERETE,1728,mercury_sales,MONTO,15299.0
New Spain,SOMBRERETE,1728,silver_tax,MONTO,8069.0
New Spain,SOMBRERETE,1729,mercury_sales,MONTO,12199.0
New Spain,SOMBRERETE,1729,silver_tax,MONTO,6725.0
New Spain,SOMBRERETE,1730,mercury_sales,MONTO,17468.0
New Spain,SOMBRERETE,1730,silver_tax,MONTO,4652.0
New Spain,SOMBRERETE,1731,mercury_sales,MONTO,26237.0
New Spain,SOMBRERETE,1731,silver_tax,MONTO,5140.0
New Spain,SOMBRERETE,1732,mercury_sales,MONTO,31451.0
New Spain,SOMBRERETE,1732,silver_tax,MONTO,10807.0
New Spain,SOMBRERETE,1733,mercury_sales,MONTO,71065.0
New Spain,SOMBRERETE,1733,silver_tax,MONTO,13467.0
New Spain,SOMBRERETE,1734,mercury_sales,MONTO,70841.0
New Spain,SOMBRERETE,1734,silver_tax,MONTO,20229.0
New Spain,SOMBRERETE,1735,mercury_sales,MONTO,55687.0
New Spain,SOMBRERETE,1735,silver_tax,MONTO,6545.0
New Spain,SOMBRERETE,1736,mercury_sales,MONTO,74713.0
New Spain,SOMBRERETE,1736,silver_tax,MONTO,12986.0
New Spain,SOMBRERETE,1737,mercury_sales,MONTO,53693.0
New Spain,SOMBRERETE,1737,silver_tax,MONTO,14911.0
New Spain,SOMBRERETE,1738,mercury_sales,MONTO,55977.0
New Spain,SOMBRERETE,1738,silver_tax,MONTO,62146.0
New Spain,SOMBRERETE,1739,mercury_sales,MONTO,56698.0
New Spain,SOMBRERETE,1739,silver_tax,MONTO,48465.0
New Spain,SOMBRERETE,1740,mercury_sales,MONTO,104740.0
New Spain,SOMBRERETE,1740,silver_tax,MONTO,38915.0
New Spain,SOMBRERETE,1741,mercury_sales,MONTO,76410.0
New Spain,SOMBRERETE,1741,silver_tax,MONTO,20223.0
New Spain,SOMBRERETE,1742,mercury_sales,MONTO,98948.0
New Spain,SOMBRERETE,1742,silver_other,MONTO,2404.0
New Spain,SOMBRERETE,1742,silver_tax,MONTO,22715.0
New Spain,SOMBRERETE,1743,mercury_sales,MONTO,50023.0
New Spain,SOMBRERETE,1743,silver_tax,MONTO,81782.0
New Spain,SOMBRERETE,1744,gold_tax,MONTO,995.0
New Spain,SOMBRERETE,1744,mercury_sales,MONTO,24026.0
New Spain,SOMBRERETE,1744,silver_tax,MONTO,73655.0
New Spain,SOMBRERETE,1745,mercury_sales,MONTO,166041.0
New Spain,SOMBRERETE,1745,silver_tax,MONTO,13602.0
New Spain,SOMBRERETE,1746,mercury_sales,MONTO,35011.0
New Spain,SOMBRERETE,1746,silver_tax,MONTO,141332.0
New Spain,SOMBRERETE,1749,mercury_sales,MONTO,122698.0
New Spain,SOMBRERETE,1749,silver_tax,MONTO,19281.0
New Spain,SOMBRERETE,1750,mercury_sales,MONTO,86009.0
New Spain,SOMBRERETE,1750,silver_tax,MONTO,11995.0
New Spain,SOMBRERETE,1753,mercury_sales,MONTO,51435.0
New Spain,SOMBRERETE,1753,silver_tax,MONTO,5084.0
New Spain,SOMBRERETE,1754,mercury_sales,MONTO,36180.0
New Spain,SOMBRERETE,1754,silver_tax,MONTO,2897.0
New Spain,SOMBRERETE,1755,mercury_sales,MONTO,29982.0
New Spain,SOMBRERETE,1755,silver_tax,MONTO,4956.0
New Spain,SOMBRERETE,1756,mercury_sales,MONTO,31018.0
New Spain,SOMBRERETE,1756,silver_tax,MONTO,7775.0
New Spain,SOMBRERETE,1757,mercury_sales,MONTO,27312.0
New Spain,SOMBRERETE,1757,silver_tax,MONTO,10367.0
New Spain,SOMBRERETE,1758,mercury_sales,MONTO,21191.0
New Spain,SOMBRERETE,1758,silver_tax,MONTO,5841.0
New Spain,SOMBRERETE,1759,mercury_sales,MONTO,32346.0
New Spain,SOMBRERETE,1759,silver_tax,MONTO,3914.0
New Spain,SOMBRERETE,1760,gold_tax,MONTO,13.0
New Spain,SOMBRERETE,1760,mercury_sales,MONTO,31352.0
New Spain,SOMBRERETE,1760,silver_tax,MONTO,5965.0
New Spain,SOMBRERETE,1761,gold_tax,MONTO,13.0
New Spain,SOMBRERETE,1761,mercury_sales,MONTO,23650.0
New Spain,SOMBRERETE,1761,silver_tax,MONTO,44.0
New Spain,SOMBRERETE,1762,gold_tax,MONTO,149.0
New Spain,SOMBRERETE,1762,mercury_sales,MONTO,30177.0
New Spain,SOMBRERETE,1762,silver_tax,MONTO,33.0
New Spain,SOMBRERETE,1763,mercury_sales,MONTO,22355.0
New Spain,SOMBRERETE,1763,silver_tax,MONTO,4908.0
New Spain,SOMBRERETE,1764,mercury_sales,MONTO,25493.0
New Spain,SOMBRERETE,1764,silver_tax,MONTO,2400.0
New Spain,SOMBRERETE,1765,mercury_sales,MONTO,15006.0
New Spain,SOMBRERETE,1765,silver_tax,MONTO,10189.0
New Spain,SOMBRERETE,1766,mercury_sales,MONTO,11729.0
New Spain,SOMBRERETE,1766,silver_tax,MONTO,9268.0
New Spain,SOMBRERETE,1767,mercury_sales,MONTO,16874.0
New Spain,SOMBRERETE,1767,silver_tax,MONTO,3680.0
New Spain,SOMBRERETE,1768,mercury_sales,MONTO,25218.0
New Spain,SOMBRERETE,1768,silver_tax,MONTO,4758.0
New Spain,SOMBRERETE,1769,mercury_sales,MONTO,26867.0
New Spain,SOMBRERETE,1769,silver_tax,MONTO,11843.0
New Spain,SOMBRERETE,1770,mercury_sales,MONTO,15632.0
New Spain,SOMBRERETE,1770,silver_tax,MONTO,7728.0
New Spain,SOMBRERETE,1771,mercury_sales,MONTO,18653.0
New Spain,SOMBRERETE,1771,silver_tax,MONTO,20909.0
New Spain,SOMBRERETE,1772,mercury_sales,MONTO,13209.0
New Spain,SOMBRERETE,1772,silver_tax,MONTO,21169.0
New Spain,SOMBRERETE,1773,mercury_sales,MONTO,25976.0
New Spain,SOMBRERETE,1773,silver_tax,MONTO,29408.0
New Spain,SOMBRERETE,1774,mercury_sales,MONTO,23508.0
New Spain,SOMBRERETE,1774,silver_tax,MONTO,17862.0
New Spain,SOMBRERETE,1775,mercury_sales,MONTO,45608.0
New Spain,SOMBRERETE,1775,silver_tax,MONTO,31903.0
New Spain,SOMBRERETE,1776,mercury_sales,MONTO,58331.0
New Spain,SOMBRERETE,1776,silver_tax,MONTO,19257.0
New Spain,SOMBRERETE,1777,mercury_sales,MONTO,81329.0
New Spain,SOMBRERETE,1777,silver_tax,MONTO,22785.0
New Spain,SOMBRERETE,1778,mercury_sales,MONTO,56368.0
New Spain,SOMBRERETE,1778,silver_tax,MONTO,19581.0
New Spain,SOMBRERETE,1779,mercury_sales,MONTO,53549.0
New Spain,SOMBRERETE,1779,silver_tax,MONTO,6878.0
New Spain,SOMBRERETE,1780,mercury_sales,MONTO,20800.0
New Spain,SOMBRERETE,1780,silver_tax,MONTO,21355.0
New Spain,SOMBRERETE,1781,mercury_sales,MONTO,32483.0
New Spain,SOMBRERETE,1781,silver_tax,MONTO,17514.0
New Spain,SOMBRERETE,1782,mercury_sales,MONTO,17973.0
New Spain,SOMBRERETE,1782,silver_tax,MONTO,16634.0
New Spain,SOMBRERETE,1783,mercury_sales,MONTO,66396.0
New Spain,SOMBRERETE,1783,silver_other,MONTO,5963.0
New Spain,SOMBRERETE,1783,silver_tax,MONTO,19859.0
New Spain,SOMBRERETE,1784,mercury_sales,MONTO,51980.0
New Spain,SOMBRERETE,1784,silver_tax,MONTO,41522.0
New Spain,SOMBRERETE,1785,mercury_sales,MONTO,26748.0
New Spain,SOMBRERETE,1785,silver_other,MONTO,8720.0
New Spain,SOMBRERETE,1785,silver_tax,MONTO,42713.0
New Spain,SOMBRERETE,1786,mercury_sales,MONTO,43141.0
New Spain,SOMBRERETE,1786,silver_tax,MONTO,25525.0
New Spain,SOMBRERETE,1787,mercury_sales,MONTO,23467.0
New Spain,SOMBRERETE,1787,silver_tax,MONTO,30761.0
New Spain,SOMBRERETE,1788,mercury_sales,MONTO,34322.0
New Spain,SOMBRERETE,1788,silver_tax,MONTO,26245.0
New Spain,SOMBRERETE,1789,mercury_sales,MONTO,31371.0
New Spain,SOMBRERETE,1789,silver_other,MONTO,4926.0
New Spain,SOMBRERETE,1789,silver_tax,MONTO,26269.0
New Spain,SOMBRERETE,1790,mercury_sales,MONTO,24798.0
New Spain,SOMBRERETE,1790,silver_other,MONTO,8705.0
New Spain,SOMBRERETE,1790,silver_tax,MONTO,23632.0
New Spain,SOMBRERETE,1791,mercury_sales,MONTO,29701.0
New Spain,SOMBRERETE,1791,silver_other,MONTO,6966.0
New Spain,SOMBRERETE,1791,silver_tax,MONTO,22340.0
New Spain,SOMBRERETE,1792,mercury_sales,MONTO,74213.0
New Spain,SOMBRERETE,1792,silver_other,MONTO,189.0
New Spain,SOMBRERETE,1792,silver_tax,MONTO,96978.0
New Spain,SOMBRERETE,1793,mercury_sales,MONTO,59376.0
New Spain,SOMBRERETE,1793,silver_other,MONTO,63.0
New Spain,SOMBRERETE,1793,silver_tax,MONTO,130144.0
New Spain,SOMBRERETE,1794,mercury_sales,MONTO,25416.0
New Spain,SOMBRERETE,1794,silver_tax,MONTO,52712.0
New Spain,SOMBRERETE,1795,mercury_sales,MONTO,12320.0
New Spain,SOMBRERETE,1795,silver_other,MONTO,127.0
New Spain,SOMBRERETE,1795,silver_tax,MONTO,54571.0
New Spain,SOMBRERETE,1796,mercury_sales,MONTO,19170.0
New Spain,SOMBRERETE,1796,silver_tax,MONTO,66061.0
New Spain,SOMBRERETE,1797,mercury_sales,MONTO,22497.0
New Spain,SOMBRERETE,1797,silver_other,MONTO,2947.0
New Spain,SOMBRERETE,1797,silver_tax,MONTO,76891.0
New Spain,SOMBRERETE,1798,mercury_sales,MONTO,18753.0
New Spain,SOMBRERETE,1798,silver_other,MONTO,4453.0
New Spain,SOMBRERETE,1798,silver_tax,MONTO,119801.0
New Spain,SOMBRERETE,1799,mercury_sales,MONTO,14560.0
New Spain,SOMBRERETE,1799,silver_tax,MONTO,102869.0
New Spain,SOMBRERETE,1800,mercury_sales,MONTO,15471.0
New Spain,SOMBRERETE,1800,silver_tax,MONTO,118391.0
New Spain,SOMBRERETE,1801,mercury_sales,MONTO,25418.0
New Spain,SOMBRERETE,1801,silver_tax,MONTO,131522.0
New Spain,SOMBRERETE,1802,mercury_sales,MONTO,32018.0
New Spain,SOMBRERETE,1802,silver_tax,MONTO,174431.0
New Spain,SOMBRERETE,1803,mercury_sales,MONTO,67218.0
New Spain,SOMBRERETE,1803,silver_tax,MONTO,193138.0
New Spain,SOMBRERETE,1804,mercury_sales,MONTO,52032.0
New Spain,SOMBRERETE,1804,silver_other,MONTO,14524.0
New Spain,SOMBRERETE,1804,silver_tax,MONTO,230515.0
New Spain,SOMBRERETE,1805,mercury_sales,MONTO,34739.0
New Spain,SOMBRERETE,1805,silver_other,MONTO,24455.0
New Spain,SOMBRERETE,1805,silver_tax,MONTO,181279.0
New Spain,SOMBRERETE,1806,mercury_sales,MONTO,40660.0
New Spain,SOMBRERETE,1806,silver_other,MONTO,21653.0
New Spain,SOMBRERETE,1806,silver_tax,MONTO,217534.0
New Spain,SOMBRERETE,1808,mercury_sales,MONTO,10817.0
New Spain,SOMBRERETE,1808,silver_other,MONTO,8358.0
New Spain,SOMBRERETE,1808,silver_tax,MONTO,75445.0
New Spain,SOMBRERETE,1809,gold_tax,MONTO,17.0
New Spain,SOMBRERETE,1809,mercury_sales,MONTO,21569.0
New Spain,SOMBRERETE,1809,silver_other,MONTO,9936.0
New Spain,SOMBRERETE,1809,silver_tax,MONTO,71848.0
New Spain,SOMBRERETE,1811,mercury_sales,MONTO,5564.0
New Spain,SOMBRERETE,1811,silver_other,MONTO,5769.0
New Spain,SOMBRERETE,1811,silver_tax,MONTO,47286.0
New Spain,SOMBRERETE,1812,mercury_sales,MONTO,12056.0
New Spain,SOMBRERETE,1812,silver_other,MONTO,544.0
New Spain,SOMBRERETE,1812,silver_tax,MONTO,68741.0
New Spain,SOMBRERETE,1813,mercury_sales,MONTO,7796.0
New Spain,SOMBRERETE,1813,silver_tax,MONTO,73680.0
New Spain,SOMBRERETE,1814,mercury_sales,MONTO,4077.0
New Spain,SOMBRERETE,1814,silver_tax,MONTO,49090.0
New Spain,SOMBRERETE,1815,mercury_sales,MONTO,1564.0
New Spain,SOMBRERETE,1815,silver_tax,MONTO,49669.0
New Spain,SOMBRERETE,1816,mercury_sales,MONTO,3535.0
New Spain,SOMBRERETE,1816,silver_tax,MONTO,51482.0
New Spain,VERACRUZ,1746,silver_other,MONTO,20070.0
New Spain,VERACRUZ,1777,silver_other,MONTO,11572.0
New Spain,VERACRUZ,1778,silver_other,MONTO,38933.0
New Spain,VERACRUZ,1779,silver_other,MONTO,7038.0
New Spain,VERACRUZ,1782,silver_other,MONTO,2799.0
New Spain,VERACRUZ,1783,silver_other,MONTO,8860.0
New Spain,VERACRUZ,1784,silver_other,MONTO,9694.0
New Spain,VERACRUZ,1785,silver_other,MONTO,2176.0
New Spain,VERACRUZ,1786,mercury_sales,MONTO,1274602.0
New Spain,VERACRUZ,1786,silver_other,MONTO,2345.0
New Spain,VERACRUZ,1787,mercury_sales,MONTO,911045.0
New Spain,VERACRUZ,1787,silver_other,MONTO,7197.0
New Spain,VERACRUZ,1788,silver_other,MONTO,7400.0
New Spain,VERACRUZ,1789,silver_other,MONTO,2091.0
New Spain,VERACRUZ,1790,silver_other,MONTO,4210.0
New Spain,VERACRUZ,1791,gold_other,MONTO,432.0
New Spain,VERACRUZ,1791,silver_other,MONTO,8807.0
New Spain,VERACRUZ,1792,silver_other,MONTO,28889.0
New Spain,VERACRUZ,1793,gold_other,MONTO,15.0
New Spain,VERACRUZ,1793,mercury_sales,MONTO,488.0
New Spain,VERACRUZ,1793,silver_other,MONTO,7835.0
New Spain,VERACRUZ,1794,gold_other,MONTO,800.0
New Spain,VERACRUZ,1794,mercury_sales,MONTO,810.0
New Spain,VERACRUZ,1794,silver_other,MONTO,5119.0
New Spain,VERACRUZ,1795,mercury_sales,MONTO,674.0
New Spain,VERACRUZ,1795,silver_other,MONTO,2530.0
New Spain,VERACRUZ,1797,gold_other,MONTO,13.0
New Spain,VERACRUZ,1799,gold_other,MONTO,1099.0
New Spain,VERACRUZ,1799,silver_other,MONTO,258.0
New Spain,VERACRUZ,1800,silver_other,MONTO,25.0
New Spain,ZACATECAS,1568,silver_tax,MONTO,139734.0
New Spain,ZACATECAS,1569,silver_tax,MONTO,344274.0
New Spain,ZACATECAS,1579,silver_tax,MONTO,143296.0
New Spain,ZACATECAS,1581,silver_tax,MONTO,133285.0
New Spain,ZACATECAS,1582,silver_other,MONTO,2623.0
New Spain,ZACATECAS,1582,silver_tax,MONTO,131520.0
New Spain,ZACATECAS,1583,silver_tax,MONTO,123452.0
New Spain,ZACATECAS,1584,silver_other,MONTO,277.0
New Spain,ZACATECAS,1584,silver_tax,MONTO,125463.0
New Spain,ZACATECAS,1587,silver_tax,MONTO,117098.0
New Spain,ZACATECAS,1590,silver_other,MONTO,2.0
New Spain,ZACATECAS,1590,silver_tax,MONTO,145951.0
New Spain,ZACATECAS,1592,silver_other,MONTO,219.0
New Spain,ZACATECAS,1593,silver_tax,MONTO,113579.0
New Spain,ZACATECAS,1594,silver_tax,MONTO,114813.0
New Spain,ZACATECAS,1595,mercury_sales,MONTO,7838.0
New Spain,ZACATECAS,1595,silver_tax,MONTO,114775.0
New Spain,ZACATECAS,1596,mercury_sales,MONTO,5594.0
New Spain,ZACATECAS,1596,silver_other,MONTO,1824.0
New Spain,ZACATECAS,1596,silver_tax,MONTO,118969.0
New Spain,ZACATECAS,1597,silver_other,MONTO,998.0
New Spain,ZACATECAS,1597,silver_tax,MONTO,96735.0
New Spain,ZACATECAS,1598,silver_other,MONTO,4660.0
New Spain,ZACATECAS,1598,silver_tax,MONTO,123153.0
New Spain,ZACATECAS,1599,silver_other,MONTO,10800.0
New Spain,ZACATECAS,1599,silver_tax,MONTO,107752.0
New Spain,ZACATECAS,1600,silver_tax,MONTO,120109.0
New Spain,ZACATECAS,1601,silver_tax,MONTO,125770.0
New Spain,ZACATECAS,1602,silver_tax,MONTO,95267.0
New Spain,ZACATECAS,1603,gold_tax,MONTO,527.0
New Spain,ZACATECAS,1603,silver_other,MONTO,1400.0
New Spain,ZACATECAS,1603,silver_tax,MONTO,179644.0
New Spain,ZACATECAS,1604,silver_tax,MONTO,129810.0
New Spain,ZACATECAS,1606,silver_tax,MONTO,154109.0
New Spain,ZACATECAS,1607,silver_tax,MONTO,157848.0
New Spain,ZACATECAS,1608,silver_tax,MONTO,135875.0
New Spain,ZACATECAS,1609,silver_tax,MONTO,178448.0
New Spain,ZACATECAS,1611,silver_tax,MONTO,153661.0
New Spain,ZACATECAS,1612,silver_tax,MONTO,194648.0
New Spain,ZACATECAS,1613,silver_tax,MONTO,163398.0
New Spain,ZACATECAS,1614,silver_tax,MONTO,206136.0
New Spain,ZACATECAS,1615,silver_tax,MONTO,249243.0
New Spain,ZACATECAS,1616,silver_tax,MONTO,213137.0
New Spain,ZACATECAS,1617,silver_tax,MONTO,203166.0
New Spain,ZACATECAS,1618,silver_tax,MONTO,234691.0
New Spain,ZACATECAS,1619,silver_tax,MONTO,263569.0
New Spain,ZACATECAS,1620,silver_tax,MONTO,187240.0
New Spain,ZACATECAS,1621,silver_tax,MONTO,149152.0
New Spain,ZACATECAS,1622,silver_tax,MONTO,406530.0
New Spain,ZACATECAS,1623,silver_tax,MONTO,271486.0
New Spain,ZACATECAS,1624,silver_tax,MONTO,219626.0
New Spain,ZACATECAS,1625,silver_tax,MONTO,244341.0
New Spain,ZACATECAS,1626,silver_tax,MONTO,191156.0
New Spain,ZACATECAS,1627,silver_tax,MONTO,188438.0
New Spain,ZACATECAS,1628,silver_tax,MONTO,217661.0
New Spain,ZACATECAS,1629,silver_tax,MONTO,198371.0
New Spain,ZACATECAS,1630,silver_tax,MONTO,158974.0
New Spain,ZACATECAS,1631,silver_tax,MONTO,63019.0
New Spain,ZACATECAS,1632,silver_tax,MONTO,201111.0
New Spain,ZACATECAS,1633,silver_tax,MONTO,209388.0
New Spain,ZACATECAS,1634,silver_tax,MONTO,188526.0
New Spain,ZACATECAS,1635,silver_tax,MONTO,65641.0
New Spain,ZACATECAS,1638,mercury_sales,MONTO,2183.0
New Spain,ZACATECAS,1638,silver_other,MONTO,51513.0
New Spain,ZACATECAS,1638,silver_tax,MONTO,88593.0
New Spain,ZACATECAS,1639,mercury_sales,MONTO,4616.0
New Spain,ZACATECAS,1639,silver_other,MONTO,25317.0
New Spain,ZACATECAS,1639,silver_tax,MONTO,95003.0
New Spain,ZACATECAS,1640,mercury_sales,MONTO,3237.0
New Spain,ZACATECAS,1640,silver_other,MONTO,82439.0
New Spain,ZACATECAS,1640,silver_tax,MONTO,148566.0
New Spain,ZACATECAS,1641,mercury_sales,MONTO,3519.0
New Spain,ZACATECAS,1641,silver_other,MONTO,69498.0
New Spain,ZACATECAS,1641,silver_tax,MONTO,118141.0
New Spain,ZACATECAS,1642,mercury_sales,MONTO,61882.0
New Spain,ZACATECAS,1642,silver_other,MONTO,21451.0
New Spain,ZACATECAS,1642,silver_tax,MONTO,146986.0
New Spain,ZACATECAS,1643,mercury_sales,MONTO,80816.0
New Spain,ZACATECAS,1643,silver_other,MONTO,7227.0
New Spain,ZACATECAS,1643,silver_tax,MONTO,121881.0
New Spain,ZACATECAS,1644,mercury_sales,MONTO,65199.0
New Spain,ZACATECAS,1644,silver_other,MONTO,5401.0
New Spain,ZACATECAS,1644,silver_tax,MONTO,109598.0
New Spain,ZACATECAS,1645,mercury_sales,MONTO,69441.0
New Spain,ZACATECAS,1645,silver_other,MONTO,7552.0
New Spain,ZACATECAS,1645,silver_tax,MONTO,109482.0
New Spain,ZACATECAS,1646,mercury_sales,MONTO,47010.0
New Spain,ZACATECAS,1646,silver_other,MONTO,4229.0
New Spain,ZACATECAS,1646,silver_tax,MONTO,112691.0
New Spain,ZACATECAS,1647,mercury_sales,MONTO,96268.0
New Spain,ZACATECAS,1647,silver_other,MONTO,5867.0
New Spain,ZACATECAS,1647,silver_tax,MONTO,148420.0
New Spain,ZACATECAS,1648,mercury_sales,MONTO,37247.0
New Spain,ZACATECAS,1648,silver_other,MONTO,1676.0
New Spain,ZACATECAS,1648,silver_tax,MONTO,73754.0
New Spain,ZACATECAS,1649,mercury_sales,MONTO,125872.0
New Spain,ZACATECAS,1649,silver_other,MONTO,2601.0
New Spain,ZACATECAS,1649,silver_tax,MONTO,180148.0
New Spain,ZACATECAS,1650,mercury_sales,MONTO,43030.0
New Spain,ZACATECAS,1650,silver_other,MONTO,1505.0
New Spain,ZACATECAS,1650,silver_tax,MONTO,81570.0
New Spain,ZACATECAS,1651,mercury_sales,MONTO,85186.0
New Spain,ZACATECAS,1651,silver_other,MONTO,3343.0
New Spain,ZACATECAS,1651,silver_tax,MONTO,156515.0
New Spain,ZACATECAS,1652,mercury_sales,MONTO,79544.0
New Spain,ZACATECAS,1652,silver_other,MONTO,1673.0
New Spain,ZACATECAS,1652,silver_tax,MONTO,122221.0
New Spain,ZACATECAS,1653,mercury_sales,MONTO,79101.0
New Spain,ZACATECAS,1653,silver_other,MONTO,2576.0
New Spain,ZACATECAS,1653,silver_tax,MONTO,155361.0
New Spain,ZACATECAS,1654,mercury_sales,MONTO,110058.0
New Spain,ZACATECAS,1654,silver_tax,MONTO,147355.0
New Spain,ZACATECAS,1655,mercury_sales,MONTO,25219.0
New Spain,ZACATECAS,1655,silver_other,MONTO,46458.0
New Spain,ZACATECAS,1655,silver_tax,MONTO,124303.0
New Spain,ZACATECAS,1656,mercury_sales,MONTO,37777.0
New Spain,ZACATECAS,1656,silver_other,MONTO,29541.0
New Spain,ZACATECAS,1656,silver_tax,MONTO,84392.0
New Spain,ZACATECAS,1657,mercury_sales,MONTO,47337.0
New Spain,ZACATECAS,1657,silver_other,MONTO,45228.0
New Spain,ZACATECAS,1657,silver_tax,MONTO,116994.0
New Spain,ZACATECAS,1658,mercury_sales,MONTO,32420.0
New Spain,ZACATECAS,1658,silver_other,MONTO,42378.0
New Spain,ZACATECAS,1658,silver_tax,MONTO,111645.0
New Spain,ZACATECAS,1659,mercury_sales,MONTO,22357.0
New Spain,ZACATECAS,1659,silver_other,MONTO,40514.0
New Spain,ZACATECAS,1659,silver_tax,MONTO,113004.0
New Spain,ZACATECAS,1660,mercury_sales,MONTO,24893.0
New Spain,ZACATECAS,1660,silver_other,MONTO,40894.0
New Spain,ZACATECAS,1660,silver_tax,MONTO,107830.0
New Spain,ZACATECAS,1661,mercury_sales,MONTO,11915.0
New Spain,ZACATECAS,1661,silver_other,MONTO,29009.0
New Spain,ZACATECAS,1661,silver_tax,MONTO,99584.0
New Spain,ZACATECAS,1662,mercury_sales,MONTO,31709.0
New Spain,ZACATECAS,1662,silver_other,MONTO,23232.0
New Spain,ZACATECAS,1662,silver_tax,MONTO,94231.0
New Spain,ZACATECAS,1664,mercury_sales,MONTO,37663.0
New Spain,ZACATECAS,1664,silver_other,MONTO,4115.0
New Spain,ZACATECAS,1664,silver_tax,MONTO,76518.0
New Spain,ZACATECAS,1665,mercury_sales,MONTO,41199.0
New Spain,ZACATECAS,1665,silver_other,MONTO,21667.0
New Spain,ZACATECAS,1665,silver_tax,MONTO,150108.0
New Spain,ZACATECAS,1666,mercury_sales,MONTO,43326.0
New Spain,ZACATECAS,1666,silver_other,MONTO,9824.0
New Spain,ZACATECAS,1666,silver_tax,MONTO,101125.0
New Spain,ZACATECAS,1667,mercury_sales,MONTO,31265.0
New Spain,ZACATECAS,1667,silver_other,MONTO,7879.0
New Spain,ZACATECAS,1667,silver_tax,MONTO,109794.0
New Spain,ZACATECAS,1668,mercury_sales,MONTO,37489.0
New Spain,ZACATECAS,1668,silver_other,MONTO,5828.0
New Spain,ZACATECAS,1668,silver_tax,MONTO,159680.0
New Spain,ZACATECAS,1669,mercury_sales,MONTO,21971.0
New Spain,ZACATECAS,1669,silver_other,MONTO,3173.0
New Spain,ZACATECAS,1669,silver_tax,MONTO,166870.0
New Spain,ZACATECAS,1670,mercury_sales,MONTO,79268.0
New Spain,ZACATECAS,1670,silver_other,MONTO,4710.0
New Spain,ZACATECAS,1670,silver_tax,MONTO,193806.0
New Spain,ZACATECAS,1671,mercury_sales,MONTO,260306.0
New Spain,ZACATECAS,1671,silver_other,MONTO,8390.0
New Spain,ZACATECAS,1671,silver_tax,MONTO,263370.0
New Spain,ZACATECAS,1673,gold_tax,MONTO,45.0
New Spain,ZACATECAS,1673,mercury_sales,MONTO,139002.0
New Spain,ZACATECAS,1673,silver_other,MONTO,1465.0
New Spain,ZACATECAS,1673,silver_tax,MONTO,126770.0
New Spain,ZACATECAS,1674,gold_tax,MONTO,83.0
New Spain,ZACATECAS,1674,mercury_sales,MONTO,238978.0
New Spain,ZACATECAS,1674,silver_other,MONTO,1621.0
New Spain,ZACATECAS,1674,silver_tax,MONTO,156027.0
New Spain,ZACATECAS,1675,mercury_sales,MONTO,200204.0
New Spain,ZACATECAS,1675,silver_other,MONTO,233.0
New Spain,ZACATECAS,1675,silver_tax,MONTO,111634.0
New Spain,ZACATECAS,1676,mercury_sales,MONTO,211193.0
New Spain,ZACATECAS,1676,silver_other,MONTO,205.0
New Spain,ZACATECAS,1676,silver_tax,MONTO,251330.0
New Spain,ZACATECAS,1678,mercury_sales,MONTO,220193.0
New Spain,ZACATECAS,1678,silver_tax,MONTO,185671.0
New Spain,ZACATECAS,1679,mercury_sales,MONTO,178255.0
New Spain,ZACATECAS,1679,silver_tax,MONTO,158862.0
New Spain,ZACATECAS,1680,mercury_sales,MONTO,269777.0
New Spain,ZACATECAS,1680,silver_tax,MONTO,202141.0
New Spain,ZACATECAS,1686,mercury_sales,MONTO,240545.0
New Spain,ZACATECAS,1686,silver_tax,MONTO,38076.0
New Spain,ZACATECAS,1687,mercury_sales,MONTO,165663.0
New Spain,ZACATECAS,1687,silver_tax,MONTO,39116.0
New Spain,ZACATECAS,1688,mercury_sales,MONTO,136555.0
New Spain,ZACATECAS,1688,silver_tax,MONTO,62749.0
New Spain,ZACATECAS,1689,mercury_sales,MONTO,154233.0
New Spain,ZACATECAS,1689,silver_tax,MONTO,45923.0
New Spain,ZACATECAS,1690,mercury_sales,MONTO,178666.0
New Spain,ZACATECAS,1690,silver_tax,MONTO,107766.0
New Spain,ZACATECAS,1692,mercury_sales,MONTO,240388.0
New Spain,ZACATECAS,1692,silver_tax,MONTO,93938.0
New Spain,ZACATECAS,1693,mercury_sales,MONTO,376420.0
New Spain,ZACATECAS,1693,silver_tax,MONTO,170677.0
New Spain,ZACATECAS,1696,mercury_sales,MONTO,146844.0
New Spain,ZACATECAS,1696,silver_tax,MONTO,73800.0
New Spain,ZACATECAS,1697,mercury_sales,MONTO,50334.0
New Spain,ZACATECAS,1697,silver_tax,MONTO,78628.0
New Spain,ZACATECAS,1700,mercury_sales,MONTO,171911.0
New Spain,ZACATECAS,1700,silver_tax,MONTO,60368.0
New Spain,ZACATECAS,1701,mercury_sales,MONTO,125942.0
New Spain,ZACATECAS,1701,silver_tax,MONTO,48618.0
New Spain,ZACATECAS,1702,mercury_sales,MONTO,104583.0
New Spain,ZACATECAS,1702,silver_tax,MONTO,67804.0
New Spain,ZACATECAS,1704,mercury_sales,MONTO,149239.0
New Spain,ZACATECAS,1704,silver_tax,MONTO,66916.0
New Spain,ZACATECAS,1705,mercury_sales,MONTO,174594.0
New Spain,ZACATECAS,1705,silver_tax,MONTO,98766.0
New Spain,ZACATECAS,1706,mercury_sales,MONTO,94945.0
New Spain,ZACATECAS,1706,silver_tax,MONTO,84883.0
New Spain,ZACATECAS,1707,mercury_sales,MONTO,126348.0
New Spain,ZACATECAS,1707,silver_tax,MONTO,69087.0
New Spain,ZACATECAS,1708,mercury_sales,MONTO,167068.0
New Spain,ZACATECAS,1708,silver_tax,MONTO,76662.0
New Spain,ZACATECAS,1709,mercury_sales,MONTO,257273.0
New Spain,ZACATECAS,1709,silver_tax,MONTO,23814.0
New Spain,ZACATECAS,1710,mercury_sales,MONTO,261389.0
New Spain,ZACATECAS,1710,silver_tax,MONTO,23414.0
New Spain,ZACATECAS,1711,mercury_sales,MONTO,179300.0
New Spain,ZACATECAS,1711,silver_tax,MONTO,190357.0
New Spain,ZACATECAS,1712,mercury_sales,MONTO,198456.0
New Spain,ZACATECAS,1712,silver_tax,MONTO,74735.0
New Spain,ZACATECAS,1713,mercury_sales,MONTO,279008.0
New Spain,ZACATECAS,1714,mercury_sales,MONTO,170295.0
New Spain,ZACATECAS,1714,silver_tax,MONTO,198978.0
New Spain,ZACATECAS,1715,mercury_sales,MONTO,130945.0
New Spain,ZACATECAS,1715,silver_tax,MONTO,262386.0
New Spain,ZACATECAS,1716,mercury_sales,MONTO,99840.0
New Spain,ZACATECAS,1716,silver_tax,MONTO,249913.0
New Spain,ZACATECAS,1717,mercury_sales,MONTO,99610.0
New Spain,ZACATECAS,1717,silver_tax,MONTO,244154.0
New Spain,ZACATECAS,1718,mercury_sales,MONTO,266065.0
New Spain,ZACATECAS,1718,silver_tax,MONTO,120498.0
New Spain,ZACATECAS,1719,mercury_sales,MONTO,281956.0
New Spain,ZACATECAS,1719,silver_tax,MONTO,135891.0
New Spain,ZACATECAS,1720,mercury_sales,MONTO,164703.0
New Spain,ZACATECAS,1720,silver_tax,MONTO,285366.0
New Spain,ZACATECAS,1721,mercury_sales,MONTO,128926.0
New Spain,ZACATECAS,1721,silver_tax,MONTO,214434.0
New Spain,ZACATECAS,1722,mercury_sales,MONTO,308960.0
New Spain,ZACATECAS,1722,silver_tax,MONTO,118102.0
New Spain,ZACATECAS,1723,mercury_sales,MONTO,299540.0
New Spain,ZACATECAS,1723,silver_tax,MONTO,105572.0
New Spain,ZACATECAS,1724,mercury_sales,MONTO,428145.0
New Spain,ZACATECAS,1724,silver_tax,MONTO,19851.0
New Spain,ZACATECAS,1725,mercury_sales,MONTO,244340.0
New Spain,ZACATECAS,1725,silver_tax,MONTO,73853.0
New Spain,ZACATECAS,1726,mercury_sales,MONTO,251570.0
New Spain,ZACATECAS,1726,silver_tax,MONTO,95208.0
New Spain,ZACATECAS,1727,mercury_sales,MONTO,279252.0
New Spain,ZACATECAS,1727,silver_tax,MONTO,109869.0
New Spain,ZACATECAS,1728,mercury_sales,MONTO,167577.0
New Spain,ZACATECAS,1728,silver_tax,MONTO,234206.0
New Spain,ZACATECAS,1729,mercury_sales,MONTO,312697.0
New Spain,ZACATECAS,1729,silver_tax,MONTO,67962.0
New Spain,ZACATECAS,1730,mercury_sales,MONTO,339834.0
New Spain,ZACATECAS,1730,silver_tax,MONTO,85682.0
New Spain,ZACATECAS,1731,mercury_sales,MONTO,310197.0
New Spain,ZACATECAS,1731,silver_tax,MONTO,71157.0
New Spain,ZACATECAS,1732,gold_tax,MONTO,22.0
New Spain,ZACATECAS,1732,mercury_sales,MONTO,308237.0
New Spain,ZACATECAS,1732,silver_tax,MONTO,67603.0
New Spain,ZACATECAS,1733,gold_tax,MONTO,191.0
New Spain,ZACATECAS,1733,mercury_sales,MONTO,303001.0
New Spain,ZACATECAS,1733,silver_tax,MONTO,59972.0
New Spain,ZACATECAS,1734,gold_tax,MONTO,52.0
New Spain,ZACATECAS,1734,mercury_sales,MONTO,315606.0
New Spain,ZACATECAS,1734,silver_tax,MONTO,52764.0
New Spain,ZACATECAS,1735,gold_tax,MONTO,113.0
New Spain,ZACATECAS,1735,mercury_sales,MONTO,342137.0
New Spain,ZACATECAS,1735,silver_tax,MONTO,60234.0
New Spain,ZACATECAS,1736,mercury_sales,MONTO,256775.0
New Spain,ZACATECAS,1736,silver_tax,MONTO,54997.0
New Spain,ZACATECAS,1738,mercury_sales,MONTO,243357.0
New Spain,ZACATECAS,1738,silver_tax,MONTO,95509.0
New Spain,ZACATECAS,1739,mercury_sales,MONTO,215825.0
New Spain,ZACATECAS,1739,silver_tax,MONTO,65769.0
New Spain,ZACATECAS,1740,mercury_sales,MONTO,273327.0
New Spain,ZACATECAS,1740,silver_tax,MONTO,56321.0
New Spain,ZACATECAS,1741,mercury_sales,MONTO,225055.0
New Spain,ZACATECAS,1741,silver_tax,MONTO,46295.0
New Spain,ZACATECAS,1742,gold_tax,MONTO,524.0
New Spain,ZACATECAS,1742,mercury_sales,MONTO,230935.0
New Spain,ZACATECAS,1742,silver_tax,MONTO,41636.0
New Spain,ZACATECAS,1743,mercury_sales,MONTO,208467.0
New Spain,ZACATECAS,1743,silver_tax,MONTO,29631.0
New Spain,ZACATECAS,1744,mercury_sales,MONTO,216411.0
New Spain,ZACATECAS,1744,silver_tax,MONTO,33558.0
New Spain,ZACATECAS,1745,gold_tax,MONTO,29.0
New Spain,ZACATECAS,1745,mercury_sales,MONTO,299727.0
New Spain,ZACATECAS,1745,silver_tax,MONTO,55422.0
New Spain,ZACATECAS,1746,mercury_sales,MONTO,323093.0
New Spain,ZACATECAS,1746,silver_other,MONTO,11961.0
New Spain,ZACATECAS,1746,silver_tax,MONTO,52241.0
New Spain,ZACATECAS,1747,mercury_sales,MONTO,269696.0
New Spain,ZACATECAS,1747,silver_tax,MONTO,33656.0
New Spain,ZACATECAS,1748,mercury_sales,MONTO,271456.0
New Spain,ZACATECAS,1748,silver_tax,MONTO,42153.0
New Spain,ZACATECAS,1750,mercury_sales,MONTO,395479.0
New Spain,ZACATECAS,1750,silver_tax,MONTO,82059.0
New Spain,ZACATECAS,1751,mercury_sales,MONTO,325208.0
New Spain,ZACATECAS,1751,silver_tax,MONTO,254472.0
New Spain,ZACATECAS,1752,mercury_sales,MONTO,283047.0
New Spain,ZACATECAS,1752,silver_tax,MONTO,66739.0
New Spain,ZACATECAS,1753,mercury_sales,MONTO,227060.0
New Spain,ZACATECAS,1753,silver_tax,MONTO,40931.0
New Spain,ZACATECAS,1754,mercury_sales,MONTO,145574.0
New Spain,ZACATECAS,1754,silver_tax,MONTO,44010.0
New Spain,ZACATECAS,1755,gold_tax,MONTO,786.0
New Spain,ZACATECAS,1755,mercury_sales,MONTO,188159.0
New Spain,ZACATECAS,1755,silver_tax,MONTO,61492.0
New Spain,ZACATECAS,1756,gold_tax,MONTO,636.0
New Spain,ZACATECAS,1756,mercury_sales,MONTO,145781.0
New Spain,ZACATECAS,1756,silver_tax,MONTO,55051.0
New Spain,ZACATECAS,1757,gold_tax,MONTO,359.0
New Spain,ZACATECAS,1757,mercury_sales,MONTO,159574.0
New Spain,ZACATECAS,1757,silver_tax,MONTO,56926.0
New Spain,ZACATECAS,1758,mercury_sales,MONTO,176859.0
New Spain,ZACATECAS,1758,silver_tax,MONTO,67269.0
New Spain,ZACATECAS,1759,gold_tax,MONTO,195.0
New Spain,ZACATECAS,1759,mercury_sales,MONTO,159735.0
New Spain,ZACATECAS,1759,silver_tax,MONTO,131595.0
New Spain,ZACATECAS,1760,gold_tax,MONTO,270.0
New Spain,ZACATECAS,1760,mercury_sales,MONTO,143370.0
New Spain,ZACATECAS,1760,silver_tax,MONTO,54548.0
New Spain,ZACATECAS,1761,gold_tax,MONTO,416.0
New Spain,ZACATECAS,1761,mercury_sales,MONTO,125947.0
New Spain,ZACATECAS,1761,silver_tax,MONTO,51516.0
New Spain,ZACATECAS,1762,mercury_sales,MONTO,138657.0
New Spain,ZACATECAS,1762,silver_tax,MONTO,51272.0
New Spain,ZACATECAS,1763,mercury_sales,MONTO,97066.0
New Spain,ZACATECAS,1763,silver_tax,MONTO,44837.0
New Spain,ZACATECAS,1764,gold_tax,MONTO,119.0
New Spain,ZACATECAS,1764,mercury_sales,MONTO,124148.0
New Spain,ZACATECAS,1764,silver_tax,MONTO,51395.0
New Spain,ZACATECAS,1765,gold_tax,MONTO,2084.0
New Spain,ZACATECAS,1765,mercury_sales,MONTO,103787.0
New Spain,ZACATECAS,1765,silver_tax,MONTO,52985.0
New Spain,ZACATECAS,1766,mercury_sales,MONTO,121011.0
New Spain,ZACATECAS,1766,silver_tax,MONTO,60703.0
New Spain,ZACATECAS,1767,gold_tax,MONTO,135.0
New Spain,ZACATECAS,1767,mercury_sales,MONTO,123523.0
New Spain,ZACATECAS,1767,silver_tax,MONTO,49545.0
New Spain,ZACATECAS,1768,gold_tax,MONTO,145.0
New Spain,ZACATECAS,1768,mercury_sales,MONTO,113098.0
New Spain,ZACATECAS,1768,silver_tax,MONTO,44826.0
New Spain,ZACATECAS,1769,gold_tax,MONTO,1395.0
New Spain,ZACATECAS,1769,mercury_sales,MONTO,153265.0
New Spain,ZACATECAS,1769,silver_tax,MONTO,44801.0
New Spain,ZACATECAS,1770,gold_tax,MONTO,1513.0
New Spain,ZACATECAS,1770,mercury_sales,MONTO,159893.0
New Spain,ZACATECAS,1770,silver_tax,MONTO,42942.0
New Spain,ZACATECAS,1771,gold_tax,MONTO,1977.0
New Spain,ZACATECAS,1771,mercury_sales,MONTO,166039.0
New Spain,ZACATECAS,1771,silver_tax,MONTO,49414.0
New Spain,ZACATECAS,1772,gold_tax,MONTO,1399.0
New Spain,ZACATECAS,1772,mercury_sales,MONTO,220225.0
New Spain,ZACATECAS,1772,silver_tax,MONTO,46073.0
New Spain,ZACATECAS,1773,gold_tax,MONTO,949.0
New Spain,ZACATECAS,1773,mercury_sales,MONTO,188205.0
New Spain,ZACATECAS,1773,silver_tax,MONTO,39935.0
New Spain,ZACATECAS,1774,gold_tax,MONTO,465.0
New Spain,ZACATECAS,1774,mercury_sales,MONTO,212000.0
New Spain,ZACATECAS,1774,silver_tax,MONTO,38937.0
New Spain,ZACATECAS,1775,gold_tax,MONTO,421.0
New Spain,ZACATECAS,1775,mercury_sales,MONTO,292758.0
New Spain,ZACATECAS,1775,silver_tax,MONTO,39188.0
New Spain,ZACATECAS,1776,gold_tax,MONTO,536.0
New Spain,ZACATECAS,1776,mercury_sales,MONTO,355372.0
New Spain,ZACATECAS,1776,silver_tax,MONTO,45085.0
New Spain,ZACATECAS,1777,gold_tax,MONTO,308.0
New Spain,ZACATECAS,1777,mercury_sales,MONTO,327273.0
New Spain,ZACATECAS,1777,silver_tax,MONTO,52831.0
New Spain,ZACATECAS,1778,gold_tax,MONTO,108.0
New Spain,ZACATECAS,1778,mercury_sales,MONTO,136481.0
New Spain,ZACATECAS,1778,silver_tax,MONTO,217471.0
New Spain,ZACATECAS,1779,gold_tax,MONTO,68.0
New Spain,ZACATECAS,1779,mercury_sales,MONTO,338227.0
New Spain,ZACATECAS,1779,silver_other,MONTO,3513.0
New Spain,ZACATECAS,1779,silver_tax,MONTO,54806.0
New Spain,ZACATECAS,1780,gold_tax,MONTO,445.0
New Spain,ZACATECAS,1780,mercury_sales,MONTO,127218.0
New Spain,ZACATECAS,1780,silver_other,MONTO,15635.0
New Spain,ZACATECAS,1780,silver_tax,MONTO,42352.0
New Spain,ZACATECAS,1781,gold_tax,MONTO,335.0
New Spain,ZACATECAS,1781,mercury_sales,MONTO,285661.0
New Spain,ZACATECAS,1781,silver_other,MONTO,24926.0
New Spain,ZACATECAS,1781,silver_tax,MONTO,26463.0
New Spain,ZACATECAS,1782,gold_tax,MONTO,76.0
New Spain,ZACATECAS,1782,mercury_sales,MONTO,258418.0
New Spain,ZACATECAS,1782,silver_other,MONTO,14416.0
New Spain,ZACATECAS,1782,silver_tax,MONTO,38061.0
New Spain,ZACATECAS,1783,gold_tax,MONTO,453.0
New Spain,ZACATECAS,1783,mercury_sales,MONTO,344543.0
New Spain,ZACATECAS,1783,silver_other,MONTO,16668.0
New Spain,ZACATECAS,1783,silver_tax,MONTO,26351.0
New Spain,ZACATECAS,1784,gold_tax,MONTO,142.0
New Spain,ZACATECAS,1784,mercury_sales,MONTO,266343.0
New Spain,ZACATECAS,1784,silver_other,MONTO,1429.0
New Spain,ZACATECAS,1784,silver_tax,MONTO,44508.0
New Spain,ZACATECAS,1785,gold_tax,MONTO,855.0
New Spain,ZACATECAS,1785,mercury_sales,MONTO,213095.0
New Spain,ZACATECAS,1785,silver_tax,MONTO,35627.0
New Spain,ZACATECAS,1786,gold_tax,MONTO,443.0
New Spain,ZACATECAS,1786,mercury_sales,MONTO,389872.0
New Spain,ZACATECAS,1786,silver_tax,MONTO,34853.0
New Spain,ZACATECAS,1787,gold_tax,MONTO,442.0
New Spain,ZACATECAS,1787,mercury_sales,MONTO,414918.0
New Spain,ZACATECAS,1787,silver_tax,MONTO,38132.0
New Spain,ZACATECAS,1788,gold_tax,MONTO,98.0
New Spain,ZACATECAS,1788,mercury_sales,MONTO,505648.0
New Spain,ZACATECAS,1788,silver_tax,MONTO,29384.0
New Spain,ZACATECAS,1789,gold_tax,MONTO,199.0
New Spain,ZACATECAS,1789,mercury_sales,MONTO,281085.0
New Spain,ZACATECAS,1789,silver_tax,MONTO,30492.0
New Spain,ZACATECAS,1790,gold_tax,MONTO,822.0
New Spain,ZACATECAS,1790,mercury_sales,MONTO,277489.0
New Spain,ZACATECAS,1790,silver_other,MONTO,867.0
New Spain,ZACATECAS,1790,silver_tax,MONTO,44105.0
New Spain,ZACATECAS,1791,gold_tax,MONTO,186.0
New Spain,ZACATECAS,1791,mercury_sales,MONTO,225964.0
New Spain,ZACATECAS,1791,silver_tax,MONTO,38553.0
New Spain,ZACATECAS,1792,gold_tax,MONTO,132.0
New Spain,ZACATECAS,1792,mercury_sales,MONTO,318474.0
New Spain,ZACATECAS,1792,silver_tax,MONTO,59220.0
New Spain,ZACATECAS,1793,gold_tax,MONTO,48.0
New Spain,ZACATECAS,1793,mercury_sales,MONTO,313249.0
New Spain,ZACATECAS,1793,silver_other,MONTO,156.0
New Spain,ZACATECAS,1793,silver_tax,MONTO,46734.0
New Spain,ZACATECAS,1794,gold_tax,MONTO,228.0
New Spain,ZACATECAS,1794,mercury_sales,MONTO,264007.0
New Spain,ZACATECAS,1794,silver_other,MONTO,316.0
New Spain,ZACATECAS,1794,silver_tax,MONTO,44808.0
New Spain,ZACATECAS,1795,gold_tax,MONTO,116.0
New Spain,ZACATECAS,1795,mercury_sales,MONTO,261170.0
New Spain,ZACATECAS,1795,silver_tax,MONTO,59443.0
New Spain,ZACATECAS,1796,gold_tax,MONTO,104.0
New Spain,ZACATECAS,1796,mercury_sales,MONTO,370455.0
New Spain,ZACATECAS,1796,silver_other,MONTO,508.0
New Spain,ZACATECAS,1796,silver_tax,MONTO,56280.0
New Spain,ZACATECAS,1797,gold_tax,MONTO,40.0
New Spain,ZACATECAS,1797,mercury_sales,MONTO,370438.0
New Spain,ZACATECAS,1797,silver_other,MONTO,176.0
New Spain,ZACATECAS,1797,silver_tax,MONTO,50974.0
New Spain,ZACATECAS,1798,gold_tax,MONTO,32.0
New Spain,ZACATECAS,1798,mercury_sales,MONTO,279568.0
New Spain,ZACATECAS,1798,silver_tax,MONTO,52568.0
New Spain,ZACATECAS,1799,gold_tax,MONTO,20.0
New Spain,ZACATECAS,1799,mercury_sales,MONTO,174529.0
New Spain,ZACATECAS,1799,silver_other,MONTO,104.0
New Spain,ZACATECAS,1799,silver_tax,MONTO,55810.0
New Spain,ZACATECAS,1800,gold_tax,MONTO,58.0
New Spain,ZACATECAS,1800,mercury_sales,MONTO,250045.0
New Spain,ZACATECAS,1800,silver_tax,MONTO,56668.0
New Spain,ZACATECAS,1801,gold_tax,MONTO,91.0
New Spain,ZACATECAS,1801,mercury_sales,MONTO,126848.0
New Spain,ZACATECAS,1801,silver_tax,MONTO,29450.0
New Spain,ZACATECAS,1802,gold_tax,MONTO,62.0
New Spain,ZACATECAS,1802,mercury_sales,MONTO,120975.0
New Spain,ZACATECAS,1802,silver_tax,MONTO,67106.0
New Spain,ZACATECAS,1803,gold_tax,MONTO,60.0
New Spain,ZACATECAS,1803,mercury_sales,MONTO,531658.0
New Spain,ZACATECAS,1803,silver_tax,MONTO,62175.0
New Spain,ZACATECAS,1804,gold_tax,MONTO,47.0
New Spain,ZACATECAS,1804,mercury_sales,MONTO,568551.0
New Spain,ZACATECAS,1804,silver_tax,MONTO,25317.0
New Spain,ZACATECAS,1805,gold_tax,MONTO,39.0
New Spain,ZACATECAS,1805,mercury_sales,MONTO,337383.0
New Spain,ZACATECAS,1805,silver_tax,MONTO,43509.0
New Spain,ZACATECAS,1806,gold_tax,MONTO,34.0
New Spain,ZACATECAS,1806,mercury_sales,MONTO,403457.0
New Spain,ZACATECAS,1806,silver_tax,MONTO,41644.0
New Spain,ZACATECAS,1807,gold_tax,MONTO,33.0
New Spain,ZACATECAS,1807,mercury_sales,MONTO,343812.0
New Spain,ZACATECAS,1807,silver_tax,MONTO,16928.0
New Spain,ZACATECAS,1808,mercury_sales,MONTO,486702.0
New Spain,ZACATECAS,1808,silver_tax,MONTO,12741.0
New Spain,ZACATECAS,1809,gold_tax,MONTO,2.0
New Spain,ZACATECAS,1809,mercury_sales,MONTO,206065.0
New Spain,ZACATECAS,1809,silver_other,MONTO,142021.0
New Spain,ZACATECAS,1809,silver_tax,MONTO,24500.0
New Spain,ZACATECAS,1810,gold_tax,MONTO,12.0
New Spain,ZACATECAS,1810,mercury_sales,MONTO,324358.0
New Spain,ZACATECAS,1810,silver_other,MONTO,99464.0
New Spain,ZACATECAS,1810,silver_tax,MONTO,15858.0
New Spain,ZACATECAS,1811,mercury_sales,MONTO,213131.0
New Spain,ZACATECAS,1811,silver_other,MONTO,7522.0
New Spain,ZACATECAS,1811,silver_tax,MONTO,24998.0
New Spain,ZACATECAS,1812,gold_tax,MONTO,275.0
New Spain,ZACATECAS,1812,mercury_sales,MONTO,148955.0
New Spain,ZACATECAS,1812,silver_other,MONTO,52974.0
New Spain,ZACATECAS,1812,silver_tax,MONTO,73376.0
New Spain,ZACATECAS,1814,gold_tax,MONTO,104.0
New Spain,ZACATECAS,1814,mercury_sales,MONTO,166877.0
New Spain,ZACATECAS,1814,silver_other,MONTO,64871.0
New Spain,ZACATECAS,1814,silver_tax,MONTO,21700.0
New Spain,ZACATECAS,1815,gold_tax,MONTO,102.0
New Spain,ZACATECAS,1815,mercury_sales,MONTO,110535.0
New Spain,ZACATECAS,1815,silver_other,MONTO,40360.0
New Spain,ZACATECAS,1815,silver_tax,MONTO,18403.0
New Spain,ZACATECAS,1816,mercury_sales,MONTO,89520.0
New Spain,ZACATECAS,1816,silver_other,MONTO,43658.0
New Spain,ZACATECAS,1816,silver_tax,MONTO,24673.0
New Spain,ZACATECAS,1817,gold_tax,MONTO,46.0
New Spain,ZACATECAS,1817,mercury_sales,MONTO,135416.0
New Spain,ZACATECAS,1817,silver_other,MONTO,35544.0
New Spain,ZACATECAS,1817,silver_tax,MONTO,32274.0
New Spain,ZACATECAS,1818,mercury_sales,MONTO,205051.0
New Spain,ZACATECAS,1818,silver_other,MONTO,28644.0
New Spain,ZACATECAS,1818,silver_tax,MONTO,52122.0
New Spain,ZACATECAS,1819,gold_tax,MONTO,3.0
New Spain,ZACATECAS,1819,mercury_sales,MONTO,273716.0
New Spain,ZACATECAS,1819,silver_other,MONTO,35894.0
New Spain,ZACATECAS,1819,silver_tax,MONTO,43482.0
New Spain,ZACATECAS,1821,gold_tax,MONTO,7.0
New Spain,ZACATECAS,1821,mercury_sales,MONTO,116030.0
New Spain,ZACATECAS,1821,silver_other,MONTO,956.0
New Spain,ZACATECAS,1821,silver_tax,MONTO,69.0
New Spain,ZIMAPAN,1729,silver_tax,MONTO,44433.0
New Spain,ZIMAPAN,1731,silver_tax,MONTO,22541.0
New Spain,ZIMAPAN,1732,silver_tax,MONTO,25396.0
New Spain,ZIMAPAN,1733,mercury_sales,MONTO,66.0
New Spain,ZIMAPAN,1733,silver_tax,MONTO,28015.0
New Spain,ZIMAPAN,1734,silver_tax,MONTO,23255.0
New Spain,ZIMAPAN,1735,gold_tax,MONTO,52.0
New Spain,ZIMAPAN,1735,silver_tax,MONTO,17655.0
New Spain,ZIMAPAN,1736,gold_tax,MONTO,398.0
New Spain,ZIMAPAN,1736,silver_tax,MONTO,28984.0
New Spain,ZIMAPAN,1737,silver_tax,MONTO,25899.0
New Spain,ZIMAPAN,1738,silver_tax,MONTO,24709.0
New Spain,ZIMAPAN,1739,silver_tax,MONTO,19319.0
New Spain,ZIMAPAN,1740,silver_tax,MONTO,23439.0
New Spain,ZIMAPAN,1741,mercury_sales,MONTO,107.0
New Spain,ZIMAPAN,1741,silver_tax,MONTO,20078.0
New Spain,ZIMAPAN,1742,gold_tax,MONTO,33.0
New Spain,ZIMAPAN,1742,silver_tax,MONTO,25738.0
New Spain,ZIMAPAN,1743,gold_tax,MONTO,192.0
New Spain,ZIMAPAN,1743,silver_tax,MONTO,25582.0
New Spain,ZIMAPAN,1744,gold_tax,MONTO,308.0
New Spain,ZIMAPAN,1744,silver_tax,MONTO,32000.0
New Spain,ZIMAPAN,1745,gold_tax,MONTO,1348.0
New Spain,ZIMAPAN,1745,silver_tax,MONTO,40124.0
New Spain,ZIMAPAN,1746,gold_tax,MONTO,987.0
New Spain,ZIMAPAN,1746,silver_tax,MONTO,46749.0
New Spain,ZIMAPAN,1747,gold_tax,MONTO,1955.0
New Spain,ZIMAPAN,1747,mercury_sales,MONTO,475.0
New Spain,ZIMAPAN,1747,silver_tax,MONTO,49145.0
New Spain,ZIMAPAN,1748,gold_tax,MONTO,2693.0
New Spain,ZIMAPAN,1748,silver_tax,MONTO,42994.0
New Spain,ZIMAPAN,1752,gold_tax,MONTO,8329.0
New Spain,ZIMAPAN,1752,silver_tax,MONTO,48441.0
New Spain,ZIMAPAN,1753,gold_tax,MONTO,9925.0
New Spain,ZIMAPAN,1753,silver_tax,MONTO,53279.0
New Spain,ZIMAPAN,1754,gold_tax,MONTO,8245.0
New Spain,ZIMAPAN,1754,silver_tax,MONTO,40836.0
New Spain,ZIMAPAN,1755,gold_tax,MONTO,10668.0
New Spain,ZIMAPAN,1755,silver_tax,MONTO,39548.0
New Spain,ZIMAPAN,1756,gold_tax,MONTO,8743.0
New Spain,ZIMAPAN,1756,mercury_sales,MONTO,124.0
New Spain,ZIMAPAN,1756,silver_tax,MONTO,45760.0
New Spain,ZIMAPAN,1758,gold_tax,MONTO,8743.0
New Spain,ZIMAPAN,1758,mercury_sales,MONTO,124.0
New Spain,ZIMAPAN,1758,silver_tax,MONTO,45754.0
New Spain,ZIMAPAN,1759,gold_tax,MONTO,6742.0
New Spain,ZIMAPAN,1759,silver_tax,MONTO,48512.0
New Spain,ZIMAPAN,1761,gold_tax,MONTO,3148.0
New Spain,ZIMAPAN,1761,silver_tax,MONTO,57525.0
New Spain,ZIMAPAN,1762,gold_tax,MONTO,4546.0
New Spain,ZIMAPAN,1762,silver_tax,MONTO,50878.0
New Spain,ZIMAPAN,1763,gold_tax,MONTO,2991.0
New Spain,ZIMAPAN,1763,silver_tax,MONTO,33335.0
New Spain,ZIMAPAN,1764,gold_tax,MONTO,2632.0
New Spain,ZIMAPAN,1764,silver_tax,MONTO,39996.0
New Spain,ZIMAPAN,1765,gold_tax,MONTO,2193.0
New Spain,ZIMAPAN,1765,silver_tax,MONTO,37833.0
New Spain,ZIMAPAN,1766,gold_tax,MONTO,1308.0
New Spain,ZIMAPAN,1766,silver_tax,MONTO,41256.0
New Spain,ZIMAPAN,1767,gold_tax,MONTO,954.0
New Spain,ZIMAPAN,1767,silver_tax,MONTO,38191.0
New Spain,ZIMAPAN,1768,gold_tax,MONTO,1443.0
New Spain,ZIMAPAN,1768,silver_tax,MONTO,51319.0
New Spain,ZIMAPAN,1769,gold_tax,MONTO,1937.0
New Spain,ZIMAPAN,1769,silver_tax,MONTO,67591.0
New Spain,ZIMAPAN,1770,gold_tax,MONTO,2420.0
New Spain,ZIMAPAN,1770,silver_tax,MONTO,80785.0
New Spain,ZIMAPAN,1771,gold_tax,MONTO,2182.0
New Spain,ZIMAPAN,1771,silver_tax,MONTO,79946.0
New Spain,ZIMAPAN,1772,gold_tax,MONTO,1608.0
New Spain,ZIMAPAN,1772,silver_tax,MONTO,76722.0
New Spain,ZIMAPAN,1773,gold_tax,MONTO,1388.0
New Spain,ZIMAPAN,1773,silver_tax,MONTO,70899.0
New Spain,ZIMAPAN,1774,gold_tax,MONTO,3856.0
New Spain,ZIMAPAN,1774,silver_tax,MONTO,79795.0
New Spain,ZIMAPAN,1775,gold_tax,MONTO,1113.0
New Spain,ZIMAPAN,1775,silver_tax,MONTO,84051.0
New Spain,ZIMAPAN,1776,gold_tax,MONTO,1150.0
New Spain,ZIMAPAN,1776,silver_tax,MONTO,63005.0
New Spain,ZIMAPAN,1777,gold_tax,MONTO,284.0
New Spain,ZIMAPAN,1777,silver_tax,MONTO,53152.0
New Spain,ZIMAPAN,1778,gold_tax,MONTO,650.0
New Spain,ZIMAPAN,1778,silver_tax,MONTO,63768.0
New Spain,ZIMAPAN,1779,gold_tax,MONTO,417.0
New Spain,ZIMAPAN,1779,silver_tax,MONTO,59652.0
New Spain,ZIMAPAN,1780,gold_tax,MONTO,860.0
New Spain,ZIMAPAN,1780,silver_tax,MONTO,59903.0
New Spain,ZIMAPAN,1781,gold_tax,MONTO,538.0
New Spain,ZIMAPAN,1781,silver_tax,MONTO,83525.0
New Spain,ZIMAPAN,1782,gold_tax,MONTO,419.0
New Spain,ZIMAPAN,1782,silver_tax,MONTO,69152.0
New Spain,ZIMAPAN,1783,gold_tax,MONTO,433.0
New Spain,ZIMAPAN,1783,silver_tax,MONTO,60877.0
New Spain,ZIMAPAN,1784,gold_tax,MONTO,236.0
New Spain,ZIMAPAN,1784,silver_tax,MONTO,53936.0
New Spain,ZIMAPAN,1785,gold_tax,MONTO,282.0
New Spain,ZIMAPAN,1785,silver_tax,MONTO,51182.0
New Spain,ZIMAPAN,1786,gold_tax,MONTO,226.0
New Spain,ZIMAPAN,1786,silver_tax,MONTO,48170.0
New Spain,ZIMAPAN,1787,gold_tax,MONTO,145.0
New Spain,ZIMAPAN,1787,silver_tax,MONTO,44616.0
New Spain,ZIMAPAN,1788,gold_tax,MONTO,98.0
New Spain,ZIMAPAN,1788,silver_tax,MONTO,41019.0
New Spain,ZIMAPAN,1789,gold_tax,MONTO,139.0
New Spain,ZIMAPAN,1789,silver_tax,MONTO,41599.0
New Spain,ZIMAPAN,1790,gold_tax,MONTO,153.0
New Spain,ZIMAPAN,1790,silver_tax,MONTO,45475.0
New Spain,ZIMAPAN,1791,gold_tax,MONTO,139.0
New Spain,ZIMAPAN,1791,silver_tax,MONTO,45027.0
New Spain,ZIMAPAN,1792,gold_tax,MONTO,97.0
New Spain,ZIMAPAN,1792,silver_tax,MONTO,40316.0
New Spain,ZIMAPAN,1793,gold_tax,MONTO,156.0
New Spain,ZIMAPAN,1793,silver_tax,MONTO,34386.0
New Spain,ZIMAPAN,1794,gold_tax,MONTO,176.0
New Spain,ZIMAPAN,1794,silver_tax,MONTO,40049.0
New Spain,ZIMAPAN,1795,gold_tax,MONTO,56.0
New Spain,ZIMAPAN,1795,mercury_sales,MONTO,1149.0
New Spain,ZIMAPAN,1795,silver_tax,MONTO,88779.0
New Spain,ZIMAPAN,1796,gold_tax,MONTO,108.0
New Spain,ZIMAPAN,1796,mercury_sales,MONTO,626.0
New Spain,ZIMAPAN,1796,silver_tax,MONTO,81412.0
New Spain,ZIMAPAN,1797,gold_tax,MONTO,159.0
New Spain,ZIMAPAN,1797,mercury_sales,MONTO,279.0
New Spain,ZIMAPAN,1797,silver_tax,MONTO,76085.0
New Spain,ZIMAPAN,1798,gold_tax,MONTO,630.0
New Spain,ZIMAPAN,1798,silver_tax,MONTO,76142.0
New Spain,ZIMAPAN,1799,gold_tax,MONTO,76.0
New Spain,ZIMAPAN,1799,silver_tax,MONTO,54952.0
New Spain,ZIMAPAN,1800,gold_tax,MONTO,135.0
New Spain,ZIMAPAN,1800,silver_tax,MONTO,57858.0
New Spain,ZIMAPAN,1801,gold_tax,MONTO,549.0
New Spain,ZIMAPAN,1801,silver_other,MONTO,827.0
New Spain,ZIMAPAN,1801,silver_tax,MONTO,69843.0
New Spain,ZIMAPAN,1802,gold_tax,MONTO,154.0
New Spain,ZIMAPAN,1802,silver_tax,MONTO,57152.0
New Spain,ZIMAPAN,1803,gold_tax,MONTO,28.0
New Spain,ZIMAPAN,1803,mercury_sales,MONTO,34.0
New Spain,ZIMAPAN,1803,silver_tax,MONTO,29816.0
New Spain,ZIMAPAN,1804,gold_tax,MONTO,170.0
New Spain,ZIMAPAN,1804,mercury_sales,MONTO,2165.0
New Spain,ZIMAPAN,1804,silver_tax,MONTO,57560.0
New Spain,ZIMAPAN,1805,gold_tax,MONTO,9.0
New Spain,ZIMAPAN,1805,mercury_sales,MONTO,5409.0
New Spain,ZIMAPAN,1805,silver_tax,MONTO,43371.0
New Spain,ZIMAPAN,1806,gold_tax,MONTO,73.0
New Spain,ZIMAPAN,1806,mercury_sales,MONTO,1699.0
New Spain,ZIMAPAN,1806,silver_tax,MONTO,49968.0
Peru,AREQUIPA,1599,gold_tax,OCHO,208.0
Peru,AREQUIPA,1599,silver_tax,OCHO,5981.0
Peru,AREQUIPA,1624,silver_tax,OCHO,9021.0
Peru,AREQUIPA,1625,silver_tax,OCHO,4007.0
Peru,AREQUIPA,1626,silver_tax,OCHO,8210.0
Peru,AREQUIPA,1627,mercury_sales,OCHO,9981.0
Peru,AREQUIPA,1627,silver_tax,OCHO,27099.0
Peru,AREQUIPA,1628,mercury_sales,OCHO,7850.0
Peru,AREQUIPA,1628,silver_tax,OCHO,24593.0
Peru,AREQUIPA,1629,mercury_sales,OCHO,3000.0
Peru,AREQUIPA,1629,silver_tax,OCHO,43731.0
Peru,AREQUIPA,1631,mercury_sales,OCHO,4612.0
Peru,AREQUIPA,1631,silver_tax,ENSAYADOS,16125.0
Peru,AREQUIPA,1631,silver_tax,OCHO,16152.0
Peru,AREQUIPA,1634,mercury_sales,ENSAYADOS,15534.0
Peru,AREQUIPA,1634,mercury_sales,OCHO,5023.0
Peru,AREQUIPA,1634,silver_tax,ENSAYADOS,32958.0
Peru,AREQUIPA,1634,silver_tax,OCHO,7092.0
Peru,AREQUIPA,1689,gold_other,OCHO,32.0
Peru,AREQUIPA,1689,silver_tax,OCHO,4909.0
Peru,AREQUIPA,1701,mercury_sales,OCHO,300.0
Peru,AREQUIPA,1706,silver_tax,OCHO,3366.0
Peru,AREQUIPA,1708,gold_other,OCHO,32.0
Peru,AREQUIPA,1709,silver_tax,OCHO,796.0
Peru,AREQUIPA,1711,silver_tax,OCHO,397.0
Peru,AREQUIPA,1718,silver_tax,OCHO,875.0
Peru,AREQUIPA,1724,silver_tax,OCHO,4667.0
Peru,AREQUIPA,1725,silver_tax,OCHO,4876.0
Peru,AREQUIPA,1726,silver_tax,OCHO,1904.0
Peru,AREQUIPA,1727,silver_tax,OCHO,919.0
Peru,AREQUIPA,1728,silver_tax,OCHO,2793.0
Peru,AREQUIPA,1729,mercury_sales,OCHO,2019.0
Peru,AREQUIPA,1729,silver_tax,OCHO,5012.0
Peru,AREQUIPA,1730,silver_tax,OCHO,8861.0
Peru,AREQUIPA,1731,silver_tax,OCHO,2053.0
Peru,AREQUIPA,1732,silver_tax,OCHO,3192.0
Peru,AREQUIPA,1733,silver_tax,OCHO,2137.0
Peru,AREQUIPA,1734,silver_tax,OCHO,2053.0
Peru,AREQUIPA,1735,silver_tax,OCHO,3091.0
Peru,AREQUIPA,1738,silver_tax,OCHO,12663.0
Peru,AREQUIPA,1739,silver_tax,OCHO,7567.0
Peru,AREQUIPA,1740,silver_tax,OCHO,8400.0
Peru,AREQUIPA,1741,silver_tax,OCHO,7726.0
Peru,AREQUIPA,1742,silver_tax,OCHO,3645.0
Peru,AREQUIPA,1743,silver_tax,OCHO,4727.0
Peru,AREQUIPA,1744,silver_tax,OCHO,4821.0
Peru,AREQUIPA,1745,silver_tax,OCHO,6936.0
Peru,AREQUIPA,1746,silver_tax,OCHO,8101.0
Peru,AREQUIPA,1747,silver_tax,OCHO,11290.0
Peru,AREQUIPA,1748,silver_tax,OCHO,9952.0
Peru,AREQUIPA,1749,silver_tax,OCHO,9069.0
Peru,AREQUIPA,1750,silver_tax,OCHO,9308.0
Peru,AREQUIPA,1751,silver_tax,OCHO,8659.0
Peru,AREQUIPA,1752,silver_tax,OCHO,6432.0
Peru,AREQUIPA,1753,silver_tax,OCHO,9758.0
Peru,AREQUIPA,1754,silver_tax,OCHO,2121.0
Peru,AREQUIPA,1755,silver_tax,OCHO,13545.0
Peru,AREQUIPA,1756,silver_tax,OCHO,16175.0
Peru,AREQUIPA,1757,silver_tax,OCHO,10037.0
Peru,AREQUIPA,1758,silver_tax,OCHO,1832.0
Peru,AREQUIPA,1759,silver_tax,OCHO,7762.0
Peru,AREQUIPA,1761,silver_tax,OCHO,11967.0
Peru,AREQUIPA,1762,silver_tax,OCHO,7485.0
Peru,AREQUIPA,1763,silver_tax,OCHO,10691.0
Peru,AREQUIPA,1764,silver_other,OCHO,643.0
Peru,AREQUIPA,1764,silver_tax,OCHO,4219.0
Peru,AREQUIPA,1765,silver_tax,OCHO,7249.0
Peru,AREQUIPA,1766,silver_tax,OCHO,10652.0
Peru,AREQUIPA,1767,silver_tax,OCHO,11092.0
Peru,AREQUIPA,1768,silver_tax,OCHO,12155.0
Peru,AREQUIPA,1769,silver_tax,OCHO,5039.0
Peru,AREQUIPA,1770,silver_tax,OCHO,10169.0
Peru,AREQUIPA,1771,silver_tax,OCHO,10599.0
Peru,AREQUIPA,1772,silver_tax,OCHO,10753.0
Peru,AREQUIPA,1773,silver_tax,OCHO,11328.0
Peru,AREQUIPA,1774,silver_other,OCHO,1584.0
Peru,AREQUIPA,1774,silver_tax,OCHO,10401.0
Peru,AREQUIPA,1775,silver_other,OCHO,2788.0
Peru,AREQUIPA,1775,silver_tax,OCHO,18312.0
Peru,AREQUIPA,1776,silver_other,OCHO,4023.0
Peru,AREQUIPA,1776,silver_tax,OCHO,26412.0
Peru,AREQUIPA,1778,silver_other,OCHO,4998.0
Peru,AREQUIPA,1778,silver_tax,OCHO,32817.0
Peru,AREQUIPA,1779,mercury_sales,OCHO,1115.0
Peru,AREQUIPA,1779,silver_tax,OCHO,28343.0
Peru,AREQUIPA,1780,mercury_sales,OCHO,862.0
Peru,AREQUIPA,1780,silver_tax,OCHO,11133.0
Peru,AREQUIPA,1781,mercury_sales,OCHO,5683.0
Peru,AREQUIPA,1781,silver_tax,OCHO,52483.0
Peru,AREQUIPA,1782,mercury_sales,OCHO,6120.0
Peru,AREQUIPA,1782,silver_tax,OCHO,30206.0
Peru,AREQUIPA,1783,mercury_sales,OCHO,11407.0
Peru,AREQUIPA,1783,silver_tax,OCHO,28423.0
Peru,AREQUIPA,1784,mercury_sales,OCHO,29535.0
Peru,AREQUIPA,1784,silver_tax,OCHO,40644.0
Peru,AREQUIPA,1785,mercury_sales,OCHO,12679.0
Peru,AREQUIPA,1785,silver_tax,OCHO,38493.0
Peru,AREQUIPA,1786,mercury_sales,OCHO,32977.0
Peru,AREQUIPA,1786,silver_tax,OCHO,31019.0
Peru,AREQUIPA,1787,gold_tax,OCHO,84.0
Peru,AREQUIPA,1787,mercury_sales,OCHO,16999.0
Peru,AREQUIPA,1787,silver_tax,OCHO,35103.0
Peru,AREQUIPA,1788,gold_tax,OCHO,289.0
Peru,AREQUIPA,1788,mercury_sales,OCHO,24064.0
Peru,AREQUIPA,1788,silver_other,OCHO,5369.0
Peru,AREQUIPA,1788,silver_tax,OCHO,35603.0
Peru,AREQUIPA,1789,gold_tax,OCHO,369.0
Peru,AREQUIPA,1789,mercury_sales,OCHO,21199.0
Peru,AREQUIPA,1789,silver_other,OCHO,6676.0
Peru,AREQUIPA,1789,silver_tax,OCHO,44122.0
Peru,AREQUIPA,1790,gold_tax,OCHO,420.0
Peru,AREQUIPA,1790,mercury_sales,OCHO,22189.0
Peru,AREQUIPA,1790,silver_other,OCHO,2167.0
Peru,AREQUIPA,1790,silver_tax,OCHO,41445.0
Peru,AREQUIPA,1791,gold_tax,OCHO,268.0
Peru,AREQUIPA,1791,mercury_sales,OCHO,16268.0
Peru,AREQUIPA,1791,silver_tax,OCHO,38634.0
Peru,AREQUIPA,1792,gold_tax,OCHO,698.0
Peru,AREQUIPA,1792,mercury_sales,OCHO,13265.0
Peru,AREQUIPA,1792,silver_tax,OCHO,39707.0
Peru,AREQUIPA,1793,gold_tax,OCHO,995.0
Peru,AREQUIPA,1793,mercury_sales,OCHO,6511.0
Peru,AREQUIPA,1793,silver_tax,OCHO,34145.0
Peru,AREQUIPA,1794,gold_tax,OCHO,649.0
Peru,AREQUIPA,1794,mercury_sales,OCHO,22456.0
Peru,AREQUIPA,1794,silver_tax,OCHO,34647.0
Peru,AREQUIPA,1795,gold_tax,OCHO,696.0
Peru,AREQUIPA,1795,mercury_sales,OCHO,42545.0
Peru,AREQUIPA,1795,silver_tax,OCHO,27881.0
Peru,AREQUIPA,1796,gold_tax,OCHO,820.0
Peru,AREQUIPA,1796,mercury_sales,OCHO,25362.0
Peru,AREQUIPA,1796,silver_tax,OCHO,34702.0
Peru,AREQUIPA,1797,gold_tax,OCHO,408.0
Peru,AREQUIPA,1797,mercury_sales,OCHO,45104.0
Peru,AREQUIPA,1797,silver_tax,OCHO,30399.0
Peru,AREQUIPA,1798,gold_tax,OCHO,110.0
Peru,AREQUIPA,1798,mercury_sales,OCHO,27196.0
Peru,AREQUIPA,1798,silver_tax,OCHO,13233.0
Peru,AREQUIPA,1799,gold_tax,OCHO,386.0
Peru,AREQUIPA,1799,mercury_sales,OCHO,7742.0
Peru,AREQUIPA,1799,silver_tax,OCHO,14786.0
Peru,AREQUIPA,1800,gold_tax,OCHO,103.0
Peru,AREQUIPA,1800,mercury_sales,OCHO,17079.0
Peru,AREQUIPA,1800,silver_tax,OCHO,24729.0
Peru,AREQUIPA,1801,gold_tax,OCHO,34.0
Peru,AREQUIPA,1801,mercury_sales,OCHO,20058.0
Peru,AREQUIPA,1801,silver_tax,OCHO,20440.0
Peru,AREQUIPA,1803,gold_tax,OCHO,486.0
Peru,AREQUIPA,1803,mercury_sales,OCHO,3901.0
Peru,AREQUIPA,1803,silver_tax,OCHO,18526.0
Peru,AREQUIPA,1804,gold_tax,OCHO,331.0
Peru,AREQUIPA,1804,mercury_sales,OCHO,23018.0
Peru,AREQUIPA,1804,silver_tax,OCHO,36783.0
Peru,AREQUIPA,1805,gold_tax,OCHO,82.0
Peru,AREQUIPA,1805,mercury_sales,OCHO,25489.0
Peru,AREQUIPA,1805,silver_tax,OCHO,32835.0
Peru,AREQUIPA,1806,gold_tax,OCHO,20.0
Peru,AREQUIPA,1806,mercury_sales,OCHO,23135.0
Peru,AREQUIPA,1806,silver_tax,OCHO,28206.0
Peru,AREQUIPA,1807,mercury_sales,OCHO,27379.0
Peru,AREQUIPA,1807,silver_tax,OCHO,35103.0
Peru,AREQUIPA,1808,mercury_sales,OCHO,8320.0
Peru,AREQUIPA,1808,silver_tax,OCHO,30368.0
Peru,AREQUIPA,1809,gold_tax,OCHO,159.0
Peru,AREQUIPA,1809,mercury_sales,OCHO,7103.0
Peru,AREQUIPA,1809,silver_tax,OCHO,27549.0
Peru,AREQUIPA,1810,gold_tax,OCHO,249.0
Peru,AREQUIPA,1810,mercury_sales,OCHO,18986.0
Peru,AREQUIPA,1810,silver_tax,OCHO,29511.0
Peru,AREQUIPA,1813,gold_tax,OCHO,1123.0
Peru,AREQUIPA,1813,mercury_sales,OCHO,7131.0
Peru,AREQUIPA,1813,silver_tax,OCHO,21967.0
Peru,AREQUIPA,1814,gold_tax,OCHO,397.0
Peru,AREQUIPA,1814,mercury_sales,OCHO,22250.0
Peru,AREQUIPA,1814,silver_tax,OCHO,21483.0
Peru,AREQUIPA,1816,gold_tax,OCHO,23.0
Peru,AREQUIPA,1816,mercury_sales,OCHO,3389.0
Peru,AREQUIPA,1816,silver_tax,OCHO,32884.0
Peru,AREQUIPA,1817,gold_tax,OCHO,50.0
Peru,AREQUIPA,1817,silver_tax,OCHO,32264.0
Peru,AREQUIPA,1836,silver_tax,OCHO,18988.0
Peru,CAILLOMA,1631,mercury_sales,ENSAYADOS,173504.0
Peru,CAILLOMA,1631,silver_tax,ENSAYADOS,438065.0
Peru,CAILLOMA,1631,silver_tax,OCHO,2629.0
Peru,CAILLOMA,1635,mercury_sales,ENSAYADOS,57187.0
Peru,CAILLOMA,1635,silver_tax,ENSAYADOS,115501.0
Peru,CAILLOMA,1637,mercury_sales,ENSAYADOS,38458.0
Peru,CAILLOMA,1637,silver_tax,ENSAYADOS,101957.0
Peru,CAILLOMA,1646,mercury_sales,OCHO,49390.0
Peru,CAILLOMA,1646,silver_tax,OCHO,115511.0
Peru,CAILLOMA,1683,mercury_sales,ENSAYADOS,34380.0
Peru,CAILLOMA,1683,silver_tax,ENSAYADOS,45602.0
Peru,CAILLOMA,1696,mercury_sales,ENSAYADOS,12711.0
Peru,CAILLOMA,1696,silver_tax,ENSAYADOS,58228.0
Peru,CAILLOMA,1702,mercury_sales,ENSAYADOS,12599.0
Peru,CAILLOMA,1702,silver_tax,ENSAYADOS,28176.0
Peru,CAILLOMA,1706,mercury_sales,OCHO,5440.0
Peru,CAILLOMA,1706,silver_tax,OCHO,20135.0
Peru,CAILLOMA,1708,mercury_sales,ENSAYADOS,8239.0
Peru,CAILLOMA,1708,silver_tax,ENSAYADOS,12999.0
Peru,CAILLOMA,1709,mercury_sales,ENSAYADOS,5724.0
Peru,CAILLOMA,1709,silver_tax,ENSAYADOS,12452.0
Peru,CAILLOMA,1710,mercury_sales,ENSAYADOS,12703.0
Peru,CAILLOMA,1710,silver_tax,ENSAYADOS,4548.0
Peru,CAILLOMA,1712,mercury_sales,ENSAYADOS,8542.0
Peru,CAILLOMA,1712,silver_tax,ENSAYADOS,1890.0
Peru,CAILLOMA,1713,mercury_sales,ENSAYADOS,4609.0
Peru,CAILLOMA,1713,silver_tax,ENSAYADOS,4739.0
Peru,CAILLOMA,1714,mercury_sales,ENSAYADOS,2725.0
Peru,CAILLOMA,1714,silver_tax,ENSAYADOS,1945.0
Peru,CAILLOMA,1715,mercury_sales,ENSAYADOS,6413.0
Peru,CAILLOMA,1715,silver_tax,ENSAYADOS,1520.0
Peru,CAILLOMA,1716,mercury_sales,ENSAYADOS,4856.0
Peru,CAILLOMA,1716,silver_tax,ENSAYADOS,17118.0
Peru,CAILLOMA,1717,mercury_sales,OCHO,25791.0
Peru,CAILLOMA,1717,silver_tax,OCHO,41810.0
Peru,CAILLOMA,1718,mercury_sales,ENSAYADOS,20665.0
Peru,CAILLOMA,1718,silver_tax,ENSAYADOS,39562.0
Peru,CAILLOMA,1719,mercury_sales,OCHO,29973.0
Peru,CAILLOMA,1719,silver_tax,OCHO,58970.0
Peru,CAILLOMA,1720,mercury_sales,ENSAYADOS,7420.0
Peru,CAILLOMA,1720,silver_tax,ENSAYADOS,21298.0
Peru,CAILLOMA,1721,mercury_sales,ENSAYADOS,8480.0
Peru,CAILLOMA,1721,silver_tax,ENSAYADOS,7985.0
Peru,CAILLOMA,1722,mercury_sales,ENSAYADOS,13250.0
Peru,CAILLOMA,1722,silver_tax,ENSAYADOS,21428.0
Peru,CAILLOMA,1723,mercury_sales,ENSAYADOS,3114.0
Peru,CAILLOMA,1723,silver_tax,ENSAYADOS,23612.0
Peru,CAILLOMA,1724,mercury_sales,ENSAYADOS,16942.0
Peru,CAILLOMA,1724,silver_tax,ENSAYADOS,30571.0
Peru,CAILLOMA,1725,mercury_sales,ENSAYADOS,19952.0
Peru,CAILLOMA,1725,silver_tax,ENSAYADOS,32535.0
Peru,CAILLOMA,1726,mercury_sales,ENSAYADOS,18631.0
Peru,CAILLOMA,1726,silver_tax,ENSAYADOS,34157.0
Peru,CAILLOMA,1727,mercury_sales,ENSAYADOS,23691.0
Peru,CAILLOMA,1727,silver_tax,ENSAYADOS,32794.0
Peru,CAILLOMA,1728,mercury_sales,ENSAYADOS,21412.0
Peru,CAILLOMA,1728,silver_tax,ENSAYADOS,33400.0
Peru,CAILLOMA,1729,mercury_sales,ENSAYADOS,19718.0
Peru,CAILLOMA,1729,silver_tax,ENSAYADOS,30552.0
Peru,CAILLOMA,1730,mercury_sales,ENSAYADOS,14660.0
Peru,CAILLOMA,1730,silver_tax,ENSAYADOS,30531.0
Peru,CAILLOMA,1731,mercury_sales,OCHO,33988.0
Peru,CAILLOMA,1731,silver_tax,OCHO,48981.0
Peru,CAILLOMA,1732,mercury_sales,OCHO,26739.0
Peru,CAILLOMA,1732,silver_tax,OCHO,54439.0
Peru,CAILLOMA,1735,mercury_sales,OCHO,32422.0
Peru,CAILLOMA,1735,silver_tax,OCHO,46350.0
Peru,CAILLOMA,1736,mercury_sales,OCHO,41395.0
Peru,CAILLOMA,1736,silver_tax,OCHO,38022.0
Peru,CAILLOMA,1737,mercury_sales,OCHO,53688.0
Peru,CAILLOMA,1737,silver_tax,OCHO,35014.0
Peru,CAILLOMA,1738,mercury_sales,OCHO,47479.0
Peru,CAILLOMA,1738,silver_tax,OCHO,34515.0
Peru,CAILLOMA,1739,silver_tax,OCHO,34222.0
Peru,CAILLOMA,1740,mercury_sales,OCHO,43763.0
Peru,CAILLOMA,1740,silver_tax,OCHO,29416.0
Peru,CAILLOMA,1741,mercury_sales,OCHO,34675.0
Peru,CAILLOMA,1741,silver_tax,OCHO,25993.0
Peru,CAILLOMA,1742,mercury_sales,OCHO,35332.0
Peru,CAILLOMA,1742,silver_tax,OCHO,25905.0
Peru,CAILLOMA,1743,mercury_sales,OCHO,32595.0
Peru,CAILLOMA,1743,silver_tax,OCHO,26037.0
Peru,CAILLOMA,1744,silver_tax,OCHO,31708.0
Peru,CAILLOMA,1745,mercury_sales,OCHO,39836.0
Peru,CAILLOMA,1745,silver_tax,OCHO,33863.0
Peru,CAILLOMA,1746,mercury_sales,OCHO,39685.0
Peru,CAILLOMA,1746,silver_tax,OCHO,32227.0
Peru,CAILLOMA,1747,mercury_sales,OCHO,36470.0
Peru,CAILLOMA,1747,silver_tax,OCHO,29976.0
Peru,CAILLOMA,1748,mercury_sales,OCHO,26079.0
Peru,CAILLOMA,1748,silver_tax,OCHO,26150.0
Peru,CAILLOMA,1749,silver_tax,OCHO,27777.0
Peru,CAILLOMA,1750,silver_tax,OCHO,24389.0
Peru,CAILLOMA,1751,silver_tax,OCHO,32167.0
Peru,CAILLOMA,1753,silver_tax,OCHO,24880.0
Peru,CAILLOMA,1754,silver_tax,OCHO,24746.0
Peru,CAILLOMA,1755,silver_tax,OCHO,24677.0
Peru,CAILLOMA,1757,silver_tax,OCHO,29659.0
Peru,CAILLOMA,1758,silver_tax,OCHO,24462.0
Peru,CAILLOMA,1759,silver_tax,OCHO,23474.0
Peru,CAILLOMA,1760,silver_tax,OCHO,25758.0
Peru,CAILLOMA,1761,silver_tax,OCHO,26949.0
Peru,CAILLOMA,1762,silver_tax,OCHO,28388.0
Peru,CAILLOMA,1763,silver_tax,OCHO,24825.0
Peru,CAILLOMA,1764,silver_other,OCHO,3617.0
Peru,CAILLOMA,1764,silver_tax,OCHO,23743.0
Peru,CAILLOMA,1765,silver_other,OCHO,3891.0
Peru,CAILLOMA,1765,silver_tax,OCHO,25547.0
Peru,CAILLOMA,1766,silver_other,OCHO,3792.0
Peru,CAILLOMA,1766,silver_tax,OCHO,24899.0
Peru,CAILLOMA,1767,silver_other,OCHO,4095.0
Peru,CAILLOMA,1767,silver_tax,OCHO,26844.0
Peru,CAILLOMA,1768,silver_other,OCHO,3749.0
Peru,CAILLOMA,1768,silver_tax,OCHO,24654.0
Peru,CAILLOMA,1769,silver_other,OCHO,2569.0
Peru,CAILLOMA,1769,silver_tax,OCHO,16903.0
Peru,CAILLOMA,1770,silver_other,OCHO,4015.0
Peru,CAILLOMA,1770,silver_tax,OCHO,26359.0
Peru,CAILLOMA,1771,silver_other,OCHO,3786.0
Peru,CAILLOMA,1771,silver_tax,OCHO,25019.0
Peru,CAILLOMA,1772,silver_other,OCHO,4505.0
Peru,CAILLOMA,1772,silver_tax,OCHO,29742.0
Peru,CAILLOMA,1773,silver_other,OCHO,4458.0
Peru,CAILLOMA,1773,silver_tax,OCHO,29276.0
Peru,CAILLOMA,1774,silver_tax,OCHO,36049.0
Peru,CAILLOMA,1775,silver_tax,OCHO,34912.0
Peru,CAILLOMA,1776,silver_tax,OCHO,29752.0
Peru,CAILLOMA,1777,mercury_sales,OCHO,69161.0
Peru,CAILLOMA,1777,silver_tax,OCHO,32561.0
Peru,CAILLOMA,1778,mercury_sales,OCHO,53650.0
Peru,CAILLOMA,1778,silver_tax,OCHO,57516.0
Peru,CAILLOMA,1779,mercury_sales,OCHO,24791.0
Peru,CAILLOMA,1779,silver_tax,OCHO,16612.0
Peru,CARABAYA,1691,gold_tax,ORO,1386.0
Peru,CARABAYA,1721,gold_tax,ORO,1520.0
Peru,CARABAYA,1722,gold_tax,ORO,1694.0
Peru,CARABAYA,1724,gold_tax,ORO,1247.0
Peru,CARABAYA,1725,gold_tax,ORO,2515.0
Peru,CARABAYA,1726,gold_tax,ORO,2584.0
Peru,CARABAYA,1727,gold_tax,ORO,2440.0
Peru,CARABAYA,1728,gold_tax,ORO,2412.0
Peru,CARABAYA,1730,gold_tax,ORO,1505.0
Peru,CARABAYA,1731,gold_tax,ORO,1268.0
Peru,CARABAYA,1733,gold_tax,ORO,1339.0
Peru,CARABAYA,1742,gold_tax,ORO,2590.0
Peru,CARABAYA,1743,gold_tax,ORO,1937.0
Peru,CARABAYA,1745,gold_tax,ORO,1041.0
Peru,CARABAYA,1746,gold_tax,ORO,1151.0
Peru,CARABAYA,1747,gold_tax,ORO,1280.0
Peru,CARABAYA,1748,gold_tax,ORO,1454.0
Peru,CARABAYA,1749,gold_tax,ORO,1598.0
Peru,CARABAYA,1750,gold_tax,ORO,2209.0
Peru,CARABAYA,1751,gold_tax,ORO,1714.0
Peru,CARABAYA,1754,gold_tax,ORO,848.0
Peru,CARABAYA,1755,gold_tax,ORO,986.0
Peru,CARABAYA,1756,gold_tax,ORO,424.0
Peru,CARABAYA,1757,gold_tax,ORO,983.0
Peru,CARABAYA,1758,gold_tax,ORO,1442.0
Peru,CARABAYA,1759,gold_tax,ORO,1071.0
Peru,CARABAYA,1761,gold_tax,ORO,1174.0
Peru,CARABAYA,1762,gold_tax,ORO,1658.0
Peru,CARABAYA,1763,gold_tax,ORO,1453.0
Peru,CASTROVIRREYNA,1600,mercury_sales,ENSAYADOS,80103.0
Peru,CASTROVIRREYNA,1600,silver_tax,ENSAYADOS,133162.0
Peru,CASTROVIRREYNA,1607,mercury_sales,ENSAYADOS,61529.0
Peru,CASTROVIRREYNA,1607,silver_tax,ENSAYADOS,99938.0
Peru,CASTROVIRREYNA,1611,mercury_sales,ENSAYADOS,53097.0
Peru,CASTROVIRREYNA,1611,silver_tax,ENSAYADOS,100817.0
Peru,CASTROVIRREYNA,1615,mercury_sales,ENSAYADOS,11388.0
Peru,CASTROVIRREYNA,1615,silver_other,OCHO,956.0
Peru,CASTROVIRREYNA,1615,silver_tax,ENSAYADOS,35068.0
Peru,CASTROVIRREYNA,1616,gold_tax,OCHO,86.0
Peru,CASTROVIRREYNA,1616,mercury_sales,ENSAYADOS,30914.0
Peru,CASTROVIRREYNA,1616,silver_tax,ENSAYADOS,67002.0
Peru,CASTROVIRREYNA,1618,mercury_sales,ENSAYADOS,4480.0
Peru,CASTROVIRREYNA,1618,silver_tax,ENSAYADOS,75642.0
Peru,CASTROVIRREYNA,1620,mercury_sales,ENSAYADOS,4004.0
Peru,CASTROVIRREYNA,1620,silver_tax,ENSAYADOS,49274.0
Peru,CASTROVIRREYNA,1625,mercury_sales,ENSAYADOS,6624.0
Peru,CASTROVIRREYNA,1625,silver_tax,ENSAYADOS,30630.0
Peru,CASTROVIRREYNA,1626,mercury_sales,ENSAYADOS,8854.0
Peru,CASTROVIRREYNA,1626,silver_tax,ENSAYADOS,19993.0
Peru,CASTROVIRREYNA,1627,mercury_sales,ENSAYADOS,10879.0
Peru,CASTROVIRREYNA,1627,silver_tax,ENSAYADOS,36694.0
Peru,CASTROVIRREYNA,1628,mercury_sales,ENSAYADOS,14373.0
Peru,CASTROVIRREYNA,1628,silver_tax,ENSAYADOS,28138.0
Peru,CASTROVIRREYNA,1629,mercury_sales,ENSAYADOS,11812.0
Peru,CASTROVIRREYNA,1629,silver_tax,ENSAYADOS,26762.0
Peru,CASTROVIRREYNA,1651,gold_tax,ENSAYADOS,66.0
Peru,CASTROVIRREYNA,1651,gold_tax,OCHO,105.0
Peru,CASTROVIRREYNA,1651,mercury_sales,ENSAYADOS,4276.0
Peru,CASTROVIRREYNA,1651,silver_tax,ENSAYADOS,7931.0
Peru,CHACHAPOYAS,1627,silver_tax,OCHO,45.0
Peru,CHACHAPOYAS,1635,silver_tax,OCHO,333.0
Peru,CUZCO,1571,gold_tax,ORO,1370.0
Peru,CUZCO,1571,silver_tax,ENSAYADOS,1608.0
Peru,CUZCO,1571,silver_tax,OCHO,141.0
Peru,CUZCO,1573,gold_tax,ORO,6432.0
Peru,CUZCO,1573,silver_tax,ENSAYADOS,5518.0
Peru,CUZCO,1573,silver_tax,OCHO,5269.0
Peru,CUZCO,1574,gold_tax,ORO,8070.0
Peru,CUZCO,1574,silver_tax,ENSAYADOS,6042.0
Peru,CUZCO,1574,silver_tax,OCHO,3590.0
Peru,CUZCO,1580,gold_tax,ORO,12981.0
Peru,CUZCO,1580,silver_tax,ENSAYADOS,30681.0
Peru,CUZCO,1581,gold_tax,ORO,7762.0
Peru,CUZCO,1581,silver_tax,ENSAYADOS,20852.0
Peru,CUZCO,1583,gold_tax,ORO,5023.0
Peru,CUZCO,1583,silver_tax,ENSAYADOS,13397.0
Peru,CUZCO,1584,gold_tax,ORO,3568.0
Peru,CUZCO,1584,silver_tax,ENSAYADOS,6311.0
Peru,CUZCO,1585,gold_tax,ORO,3249.0
Peru,CUZCO,1585,silver_tax,ENSAYADOS,6383.0
Peru,CUZCO,1586,gold_tax,ORO,2854.0
Peru,CUZCO,1586,silver_tax,ENSAYADOS,6172.0
Peru,CUZCO,1587,gold_tax,ORO,5174.0
Peru,CUZCO,1587,silver_tax,ENSAYADOS,7021.0
Peru,CUZCO,1590,gold_tax,ORO,1537.0
Peru,CUZCO,1590,silver_tax,ENSAYADOS,8151.0
Peru,CUZCO,1591,gold_tax,ORO,1760.0
Peru,CUZCO,1591,silver_tax,ENSAYADOS,6124.0
Peru,CUZCO,1592,gold_tax,ORO,1718.0
Peru,CUZCO,1592,silver_tax,ENSAYADOS,5046.0
Peru,CUZCO,1593,gold_tax,ORO,952.0
Peru,CUZCO,1593,silver_tax,ENSAYADOS,5262.0
Peru,CUZCO,1594,gold_tax,ORO,944.0
Peru,CUZCO,1594,silver_tax,ENSAYADOS,10303.0
Peru,CUZCO,1595,gold_tax,ORO,460.0
Peru,CUZCO,1595,silver_tax,ENSAYADOS,9335.0
Peru,CUZCO,1601,silver_tax,ENSAYADOS,867.0
Peru,CUZCO,1604,silver_tax,OCHO,19710.0
Peru,CUZCO,1605,gold_tax,OCHO,419.0
Peru,CUZCO,1605,silver_tax,OCHO,26344.0
Peru,CUZCO,1607,gold_tax,OCHO,3769.0
Peru,CUZCO,1607,gold_tax,ORO,1068.0
Peru,CUZCO,1607,silver_tax,OCHO,28357.0
Peru,CUZCO,1639,mercury_sales,OCHO,16914.0
Peru,CUZCO,1639,silver_tax,ENSAYADOS,14951.0
Peru,CUZCO,1676,mercury_sales,OCHO,1240.0
Peru,CUZCO,1676,silver_tax,ENSAYADOS,12545.0
Peru,CUZCO,1676,silver_tax,OCHO,636.0
Peru,CUZCO,1677,mercury_sales,OCHO,1987.0
Peru,CUZCO,1677,silver_tax,ENSAYADOS,23056.0
Peru,CUZCO,1677,silver_tax,OCHO,278.0
Peru,CUZCO,1678,mercury_sales,OCHO,824.0
Peru,CUZCO,1678,silver_tax,ENSAYADOS,8370.0
Peru,CUZCO,1678,silver_tax,OCHO,244.0
Peru,CUZCO,1679,gold_tax,OCHO,100.0
Peru,CUZCO,1679,gold_tax,ORO,588.0
Peru,CUZCO,1679,mercury_sales,OCHO,1009.0
Peru,CUZCO,1679,silver_tax,ENSAYADOS,27313.0
Peru,CUZCO,1680,gold_tax,OCHO,65.0
Peru,CUZCO,1680,gold_tax,ORO,186.0
Peru,CUZCO,1680,mercury_sales,OCHO,3833.0
Peru,CUZCO,1680,silver_tax,ENSAYADOS,20800.0
Peru,CUZCO,1680,silver_tax,OCHO,99.0
Peru,CUZCO,1681,gold_tax,OCHO,277.0
Peru,CUZCO,1681,gold_tax,ORO,594.0
Peru,CUZCO,1681,mercury_sales,OCHO,1566.0
Peru,CUZCO,1681,silver_tax,ENSAYADOS,36369.0
Peru,CUZCO,1682,gold_tax,OCHO,203.0
Peru,CUZCO,1682,gold_tax,ORO,1317.0
Peru,CUZCO,1682,mercury_sales,OCHO,569.0
Peru,CUZCO,1682,silver_tax,ENSAYADOS,23297.0
Peru,CUZCO,1683,gold_tax,OCHO,331.0
Peru,CUZCO,1683,gold_tax,ORO,1606.0
Peru,CUZCO,1683,mercury_sales,OCHO,246.0
Peru,CUZCO,1683,silver_tax,ENSAYADOS,29651.0
Peru,CUZCO,1684,gold_tax,OCHO,242.0
Peru,CUZCO,1684,gold_tax,ORO,1374.0
Peru,CUZCO,1684,mercury_sales,OCHO,5071.0
Peru,CUZCO,1684,silver_tax,ENSAYADOS,31664.0
Peru,CUZCO,1685,gold_tax,OCHO,258.0
Peru,CUZCO,1685,gold_tax,ORO,746.0
Peru,CUZCO,1685,mercury_sales,OCHO,2960.0
Peru,CUZCO,1685,silver_tax,ENSAYADOS,22981.0
Peru,CUZCO,1686,gold_tax,OCHO,23.0
Peru,CUZCO,1686,gold_tax,ORO,186.0
Peru,CUZCO,1686,mercury_sales,OCHO,3268.0
Peru,CUZCO,1686,silver_tax,ENSAYADOS,13357.0
Peru,CUZCO,1687,mercury_sales,OCHO,3311.0
Peru,CUZCO,1687,silver_tax,ENSAYADOS,6064.0
Peru,CUZCO,1688,gold_tax,OCHO,106.0
Peru,CUZCO,1688,gold_tax,ORO,115.0
Peru,CUZCO,1688,mercury_sales,OCHO,2854.0
Peru,CUZCO,1688,silver_tax,ENSAYADOS,5940.0
Peru,CUZCO,1688,silver_tax,OCHO,479.0
Peru,CUZCO,1689,gold_tax,OCHO,24.0
Peru,CUZCO,1689,gold_tax,ORO,554.0
Peru,CUZCO,1689,mercury_sales,OCHO,626.0
Peru,CUZCO,1689,silver_tax,ENSAYADOS,5654.0
Peru,CUZCO,1689,silver_tax,OCHO,624.0
Peru,CUZCO,1690,gold_tax,OCHO,216.0
Peru,CUZCO,1690,gold_tax,ORO,141.0
Peru,CUZCO,1690,mercury_sales,OCHO,713.0
Peru,CUZCO,1690,silver_tax,OCHO,14944.0
Peru,CUZCO,1691,gold_tax,OCHO,12.0
Peru,CUZCO,1691,gold_tax,ORO,70.0
Peru,CUZCO,1691,mercury_sales,OCHO,664.0
Peru,CUZCO,1691,silver_tax,OCHO,25709.0
Peru,CUZCO,1692,gold_tax,OCHO,47.0
Peru,CUZCO,1692,gold_tax,ORO,440.0
Peru,CUZCO,1692,mercury_sales,OCHO,1086.0
Peru,CUZCO,1692,silver_tax,OCHO,13004.0
Peru,CUZCO,1693,gold_tax,ORO,24.0
Peru,CUZCO,1693,mercury_sales,OCHO,1755.0
Peru,CUZCO,1693,silver_tax,OCHO,15754.0
Peru,CUZCO,1694,gold_tax,ORO,93.0
Peru,CUZCO,1694,mercury_sales,OCHO,5730.0
Peru,CUZCO,1694,silver_tax,OCHO,11523.0
Peru,CUZCO,1695,gold_tax,OCHO,126.0
Peru,CUZCO,1695,gold_tax,ORO,1656.0
Peru,CUZCO,1695,mercury_sales,OCHO,1175.0
Peru,CUZCO,1695,silver_tax,OCHO,42086.0
Peru,CUZCO,1696,gold_tax,OCHO,160.0
Peru,CUZCO,1696,gold_tax,ORO,1491.0
Peru,CUZCO,1696,mercury_sales,OCHO,911.0
Peru,CUZCO,1696,silver_tax,OCHO,11194.0
Peru,CUZCO,1698,gold_tax,OCHO,31.0
Peru,CUZCO,1698,gold_tax,ORO,158.0
Peru,CUZCO,1698,mercury_sales,OCHO,200.0
Peru,CUZCO,1698,silver_tax,OCHO,740.0
Peru,CUZCO,1699,gold_tax,ORO,56.0
Peru,CUZCO,1699,mercury_sales,OCHO,308.0
Peru,CUZCO,1699,silver_tax,OCHO,3108.0
Peru,CUZCO,1700,gold_tax,OCHO,304.0
Peru,CUZCO,1700,mercury_sales,OCHO,1764.0
Peru,CUZCO,1700,silver_tax,OCHO,1721.0
Peru,CUZCO,1701,gold_tax,OCHO,1151.0
Peru,CUZCO,1701,gold_tax,ORO,358.0
Peru,CUZCO,1701,mercury_sales,OCHO,901.0
Peru,CUZCO,1701,silver_tax,OCHO,595.0
Peru,CUZCO,1702,gold_tax,OCHO,301.0
Peru,CUZCO,1702,gold_tax,ORO,117.0
Peru,CUZCO,1702,mercury_sales,OCHO,599.0
Peru,CUZCO,1702,silver_tax,OCHO,4450.0
Peru,CUZCO,1703,gold_tax,OCHO,1557.0
Peru,CUZCO,1703,gold_tax,ORO,586.0
Peru,CUZCO,1703,mercury_sales,OCHO,1395.0
Peru,CUZCO,1703,silver_tax,OCHO,20770.0
Peru,CUZCO,1704,mercury_sales,OCHO,745.0
Peru,CUZCO,1704,silver_tax,OCHO,916.0
Peru,CUZCO,1705,gold_tax,OCHO,3879.0
Peru,CUZCO,1705,mercury_sales,OCHO,1736.0
Peru,CUZCO,1705,silver_tax,OCHO,3308.0
Peru,CUZCO,1706,gold_tax,OCHO,1740.0
Peru,CUZCO,1706,mercury_sales,OCHO,2766.0
Peru,CUZCO,1706,silver_tax,OCHO,1137.0
Peru,CUZCO,1707,gold_tax,OCHO,605.0
Peru,CUZCO,1707,mercury_sales,OCHO,117.0
Peru,CUZCO,1707,silver_tax,OCHO,3199.0
Peru,CUZCO,1708,gold_tax,OCHO,213.0
Peru,CUZCO,1708,mercury_sales,OCHO,1303.0
Peru,CUZCO,1708,silver_tax,OCHO,215.0
Peru,CUZCO,1709,gold_tax,OCHO,244.0
Peru,CUZCO,1709,mercury_sales,OCHO,1382.0
Peru,CUZCO,1710,gold_tax,OCHO,131.0
Peru,CUZCO,1710,mercury_sales,OCHO,500.0
Peru,CUZCO,1711,gold_tax,OCHO,83.0
Peru,CUZCO,1712,gold_tax,OCHO,243.0
Peru,CUZCO,1712,mercury_sales,OCHO,372.0
Peru,CUZCO,1712,silver_tax,OCHO,1128.0
Peru,CUZCO,1713,gold_tax,OCHO,47.0
Peru,CUZCO,1713,mercury_sales,OCHO,37.0
Peru,CUZCO,1713,silver_tax,OCHO,1528.0
Peru,CUZCO,1714,gold_tax,OCHO,381.0
Peru,CUZCO,1714,mercury_sales,OCHO,261.0
Peru,CUZCO,1714,silver_tax,OCHO,4039.0
Peru,CUZCO,1715,mercury_sales,OCHO,235.0
Peru,CUZCO,1715,silver_tax,OCHO,1405.0
Peru,CUZCO,1716,gold_tax,OCHO,1568.0
Peru,CUZCO,1716,mercury_sales,OCHO,224.0
Peru,CUZCO,1716,silver_tax,OCHO,2585.0
Peru,CUZCO,1717,gold_tax,OCHO,443.0
Peru,CUZCO,1717,silver_tax,OCHO,1567.0
Peru,CUZCO,1718,gold_tax,OCHO,75.0
Peru,CUZCO,1718,silver_tax,OCHO,2926.0
Peru,CUZCO,1719,silver_tax,OCHO,1141.0
Peru,CUZCO,1721,gold_tax,OCHO,110.0
Peru,CUZCO,1723,mercury_sales,OCHO,36.0
Peru,CUZCO,1724,gold_tax,OCHO,29.0
Peru,CUZCO,1724,mercury_sales,OCHO,598.0
Peru,CUZCO,1724,silver_tax,OCHO,1255.0
Peru,CUZCO,1725,mercury_sales,OCHO,639.0
Peru,CUZCO,1725,silver_tax,OCHO,306.0
Peru,CUZCO,1726,gold_tax,OCHO,52.0
Peru,CUZCO,1726,mercury_sales,OCHO,1179.0
Peru,CUZCO,1726,silver_tax,OCHO,619.0
Peru,CUZCO,1727,mercury_sales,OCHO,1052.0
Peru,CUZCO,1727,silver_tax,OCHO,343.0
Peru,CUZCO,1728,mercury_sales,OCHO,378.0
Peru,CUZCO,1729,gold_tax,OCHO,2331.0
Peru,CUZCO,1729,mercury_sales,OCHO,2900.0
Peru,CUZCO,1729,silver_tax,OCHO,791.0
Peru,CUZCO,1730,gold_tax,OCHO,97.0
Peru,CUZCO,1730,mercury_sales,OCHO,825.0
Peru,CUZCO,1730,silver_tax,OCHO,4401.0
Peru,CUZCO,1731,gold_tax,OCHO,801.0
Peru,CUZCO,1731,mercury_sales,OCHO,1304.0
Peru,CUZCO,1731,silver_tax,OCHO,310.0
Peru,CUZCO,1732,gold_tax,OCHO,402.0
Peru,CUZCO,1732,mercury_sales,OCHO,1381.0
Peru,CUZCO,1732,silver_tax,OCHO,2763.0
Peru,CUZCO,1733,gold_tax,OCHO,1624.0
Peru,CUZCO,1733,mercury_sales,OCHO,1380.0
Peru,CUZCO,1733,silver_tax,OCHO,1169.0
Peru,CUZCO,1734,gold_tax,OCHO,171.0
Peru,CUZCO,1734,mercury_sales,OCHO,2266.0
Peru,CUZCO,1735,gold_tax,OCHO,1439.0
Peru,CUZCO,1735,mercury_sales,OCHO,2276.0
Peru,CUZCO,1736,gold_tax,OCHO,16.0
Peru,CUZCO,1736,silver_tax,OCHO,4477.0
Peru,CUZCO,1737,gold_tax,OCHO,806.0
Peru,CUZCO,1737,silver_tax,OCHO,1887.0
Peru,CUZCO,1738,silver_tax,OCHO,2054.0
Peru,CUZCO,1739,silver_tax,OCHO,2752.0
Peru,CUZCO,1740,silver_tax,OCHO,579.0
Peru,CUZCO,1742,gold_tax,OCHO,105.0
Peru,CUZCO,1743,silver_tax,OCHO,234.0
Peru,CUZCO,1747,silver_tax,OCHO,4089.0
Peru,CUZCO,1748,silver_tax,OCHO,924.0
Peru,CUZCO,1761,silver_tax,OCHO,27.0
Peru,CUZCO,1763,silver_tax,OCHO,749.0
Peru,CUZCO,1775,mercury_sales,OCHO,905.0
Peru,CUZCO,1776,mercury_sales,OCHO,1768.0
Peru,CUZCO,1777,mercury_sales,OCHO,667.0
Peru,CUZCO,1778,mercury_sales,OCHO,1072.0
Peru,CUZCO,1779,mercury_sales,OCHO,2708.0
Peru,CUZCO,1780,mercury_sales,OCHO,334.0
Peru,CUZCO,1781,gold_tax,OCHO,5.0
Peru,CUZCO,1781,mercury_sales,OCHO,6.0
Peru,CUZCO,1782,mercury_sales,OCHO,8236.0
Peru,CUZCO,1783,mercury_sales,OCHO,946.0
Peru,CUZCO,1784,mercury_sales,OCHO,2050.0
Peru,CUZCO,1784,silver_tax,OCHO,62.0
Peru,CUZCO,1785,gold_tax,OCHO,15.0
Peru,CUZCO,1785,mercury_sales,OCHO,1057.0
Peru,CUZCO,1785,silver_tax,OCHO,38.0
Peru,CUZCO,1786,mercury_sales,OCHO,5059.0
Peru,CUZCO,1786,silver_tax,OCHO,69.0
Peru,CUZCO,1787,gold_tax,OCHO,12.0
Peru,CUZCO,1787,mercury_sales,OCHO,1112.0
Peru,CUZCO,1787,silver_tax,OCHO,155.0
Peru,CUZCO,1788,mercury_sales,OCHO,13393.0
Peru,CUZCO,1788,silver_other,OCHO,1093.0
Peru,CUZCO,1789,mercury_sales,OCHO,11669.0
Peru,CUZCO,1790,mercury_sales,OCHO,39756.0
Peru,CUZCO,1791,mercury_sales,OCHO,7216.0
Peru,CUZCO,1792,mercury_sales,OCHO,3626.0
Peru,CUZCO,1793,mercury_sales,OCHO,1269.0
Peru,CUZCO,1794,mercury_sales,OCHO,1729.0
Peru,CUZCO,1795,mercury_sales,OCHO,3680.0
Peru,CUZCO,1796,mercury_sales,OCHO,3671.0
Peru,CUZCO,1797,mercury_sales,OCHO,8979.0
Peru,CUZCO,1798,mercury_sales,OCHO,4167.0
Peru,CUZCO,1799,mercury_sales,OCHO,4702.0
Peru,CUZCO,1800,mercury_sales,OCHO,40494.0
Peru,CUZCO,1802,mercury_sales,OCHO,6790.0
Peru,CUZCO,1803,mercury_sales,OCHO,7419.0
Peru,CUZCO,1804,mercury_sales,OCHO,8734.0
Peru,CUZCO,1805,mercury_sales,OCHO,6034.0
Peru,CUZCO,1806,mercury_sales,OCHO,3150.0
Peru,CUZCO,1807,mercury_sales,OCHO,15911.0
Peru,CUZCO,1808,mercury_sales,OCHO,980.0
Peru,CUZCO,1811,mercury_sales,OCHO,281.0
Peru,CUZCO,1811,silver_tax,OCHO,458.0
Peru,CUZCO,1812,mercury_sales,OCHO,1167.0
Peru,CUZCO,1812,silver_tax,OCHO,279.0
Peru,CUZCO,1816,mercury_sales,OCHO,2287.0
Peru,CUZCO,1819,mercury_sales,OCHO,3772.0
Peru,CUZCO,1822,mercury_sales,OCHO,137.0
Peru,HUAMANGA,1785,gold_tax,OCHO,5.0
Peru,HUAMANGA,1785,mercury_sales,OCHO,9480.0
Peru,HUAMANGA,1785,silver_tax,OCHO,11503.0
Peru,HUAMANGA,1786,mercury_sales,OCHO,26809.0
Peru,HUAMANGA,1786,silver_tax,OCHO,13638.0
Peru,HUAMANGA,1787,gold_other,OCHO,14.0
Peru,HUAMANGA,1787,mercury_sales,OCHO,9300.0
Peru,HUAMANGA,1787,silver_other,OCHO,1861.0
Peru,HUAMANGA,1787,silver_tax,OCHO,12244.0
Peru,HUAMANGA,1788,mercury_sales,OCHO,22251.0
Peru,HUAMANGA,1788,silver_tax,OCHO,13272.0
Peru,HUAMANGA,1789,mercury_sales,OCHO,17100.0
Peru,HUAMANGA,1789,silver_tax,OCHO,14427.0
Peru,HUAMANGA,1790,mercury_sales,OCHO,21233.0
Peru,HUAMANGA,1790,silver_other,OCHO,1232.0
Peru,HUAMANGA,1790,silver_tax,OCHO,8087.0
Peru,HUAMANGA,1791,mercury_sales,OCHO,16060.0
Peru,HUAMANGA,1791,silver_tax,OCHO,18121.0
Peru,HUAMANGA,1792,mercury_sales,OCHO,14455.0
Peru,HUAMANGA,1792,silver_tax,OCHO,21347.0
Peru,HUAMANGA,1793,mercury_sales,OCHO,12327.0
Peru,HUAMANGA,1793,silver_tax,OCHO,19711.0
Peru,HUAMANGA,1794,gold_tax,OCHO,11.0
Peru,HUAMANGA,1794,mercury_sales,OCHO,10477.0
Peru,HUAMANGA,1794,silver_tax,OCHO,22312.0
Peru,HUAMANGA,1795,mercury_sales,OCHO,6493.0
Peru,HUAMANGA,1795,silver_tax,OCHO,15205.0
Peru,HUAMANGA,1796,mercury_sales,OCHO,14613.0
Peru,HUAMANGA,1796,silver_tax,OCHO,17569.0
Peru,HUAMANGA,1797,mercury_sales,OCHO,10768.0
Peru,HUAMANGA,1797,silver_tax,OCHO,15363.0
Peru,HUAMANGA,1798,mercury_sales,OCHO,11461.0
Peru,HUAMANGA,1798,silver_tax,OCHO,15948.0
Peru,HUAMANGA,1799,mercury_sales,OCHO,9669.0
Peru,HUAMANGA,1799,silver_tax,OCHO,19443.0
Peru,HUAMANGA,1800,mercury_sales,OCHO,2635.0
Peru,HUAMANGA,1800,silver_tax,OCHO,15660.0
Peru,HUAMANGA,1801,mercury_sales,OCHO,10860.0
Peru,HUAMANGA,1801,silver_tax,OCHO,12736.0
Peru,HUAMANGA,1804,mercury_sales,OCHO,19640.0
Peru,HUAMANGA,1804,silver_tax,OCHO,18508.0
Peru,HUAMANGA,1805,mercury_sales,OCHO,19345.0
Peru,HUAMANGA,1805,silver_tax,OCHO,16188.0
Peru,HUAMANGA,1806,mercury_sales,OCHO,6420.0
Peru,HUAMANGA,1806,silver_tax,OCHO,9164.0
Peru,HUAMANGA,1811,mercury_sales,OCHO,3052.0
Peru,HUAMANGA,1811,silver_other,OCHO,48.0
Peru,HUAMANGA,1811,silver_tax,OCHO,7839.0
Peru,HUAMANGA,1812,mercury_sales,OCHO,5936.0
Peru,HUAMANGA,1812,silver_other,OCHO,38.0
Peru,HUAMANGA,1812,silver_tax,OCHO,7791.0
Peru,HUAMANGA,1813,mercury_sales,OCHO,1930.0
Peru,HUAMANGA,1813,silver_tax,OCHO,7108.0
Peru,HUAMANGA,1815,mercury_sales,OCHO,1082.0
Peru,HUAMANGA,1815,silver_tax,OCHO,2950.0
Peru,HUAMANGA,1818,silver_tax,OCHO,7791.0
Peru,HUAMANGA,1819,silver_tax,OCHO,5076.0
Peru,HUANCAVELICA,1577,gold_tax,ORO,1138.0
Peru,HUANCAVELICA,1577,silver_tax,ENSAYADOS,2197.0
Peru,HUANCAVELICA,1577,silver_tax,OCHO,395.0
Peru,HUANCAVELICA,1578,gold_tax,ORO,468.0
Peru,HUANCAVELICA,1578,silver_tax,ENSAYADOS,6816.0
Peru,HUANCAVELICA,1578,silver_tax,OCHO,180.0
Peru,HUANCAVELICA,1579,gold_tax,ENSAYADOS,487.0
Peru,HUANCAVELICA,1579,silver_tax,ENSAYADOS,6099.0
Peru,HUANCAVELICA,1580,gold_tax,ORO,1016.0
Peru,HUANCAVELICA,1580,mercury_sales,ENSAYADOS,36.0
Peru,HUANCAVELICA,1580,silver_tax,ENSAYADOS,9240.0
Peru,HUANCAVELICA,1581,gold_tax,ENSAYADOS,22.0
Peru,HUANCAVELICA,1581,mercury_sales,ENSAYADOS,2477.0
Peru,HUANCAVELICA,1581,silver_tax,ENSAYADOS,3135.0
Peru,HUANCAVELICA,1582,gold_tax,ORO,564.0
Peru,HUANCAVELICA,1582,mercury_sales,ENSAYADOS,892.0
Peru,HUANCAVELICA,1582,silver_tax,ENSAYADOS,3663.0
Peru,HUANCAVELICA,1583,gold_tax,ORO,312.0
Peru,HUANCAVELICA,1583,silver_tax,ENSAYADOS,2593.0
Peru,HUANCAVELICA,1584,gold_tax,ORO,415.0
Peru,HUANCAVELICA,1584,mercury_sales,ENSAYADOS,500.0
Peru,HUANCAVELICA,1584,silver_tax,ENSAYADOS,2118.0
Peru,HUANCAVELICA,1585,gold_tax,ENSAYADOS,7.0
Peru,HUANCAVELICA,1585,mercury_sales,ENSAYADOS,192.0
Peru,HUANCAVELICA,1585,silver_tax,ENSAYADOS,744.0
Peru,HUANCAVELICA,1586,gold_tax,ENSAYADOS,92.0
Peru,HUANCAVELICA,1586,mercury_sales,ENSAYADOS,455.0
Peru,HUANCAVELICA,1586,mercury_sales,OCHO,112.0
Peru,HUANCAVELICA,1586,silver_tax,ENSAYADOS,2310.0
Peru,HUANCAVELICA,1587,silver_tax,ENSAYADOS,2450.0
Peru,HUANCAVELICA,1587,silver_tax,OCHO,32.0
Peru,HUANCAVELICA,1613,mercury_sales,ENSAYADOS,1856.0
Peru,HUANCAVELICA,1613,mercury_sales,OCHO,573.0
Peru,HUANCAVELICA,1613,silver_tax,OCHO,83.0
Peru,HUANCAVELICA,1624,silver_tax,OCHO,1224.0
Peru,HUANCAVELICA,1713,mercury_sales,OCHO,6984.0
Peru,HUANCAVELICA,1713,silver_tax,OCHO,10042.0
Peru,HUANCAVELICA,1717,mercury_sales,OCHO,22641.0
Peru,HUANCAVELICA,1717,silver_tax,OCHO,28743.0
Peru,HUANCAVELICA,1721,mercury_sales,OCHO,22523.0
Peru,HUANCAVELICA,1721,silver_tax,OCHO,75278.0
Peru,HUANCAVELICA,1725,mercury_sales,OCHO,69830.0
Peru,HUANCAVELICA,1725,silver_tax,OCHO,138084.0
Peru,HUANCAVELICA,1729,silver_tax,OCHO,24794.0
Peru,HUANCAVELICA,1730,mercury_sales,OCHO,39291.0
Peru,HUANCAVELICA,1730,silver_tax,OCHO,117654.0
Peru,HUANCAVELICA,1739,mercury_sales,OCHO,117009.0
Peru,HUANCAVELICA,1739,silver_tax,OCHO,146987.0
Peru,HUANCAVELICA,1742,silver_tax,OCHO,101348.0
Peru,HUANCAVELICA,1745,mercury_sales,OCHO,9485.0
Peru,HUANCAVELICA,1745,silver_tax,OCHO,32543.0
Peru,HUANCAVELICA,1746,silver_tax,OCHO,36996.0
Peru,HUANCAVELICA,1747,silver_tax,OCHO,30029.0
Peru,HUANCAVELICA,1748,silver_tax,OCHO,51444.0
Peru,HUANCAVELICA,1749,silver_tax,OCHO,27301.0
Peru,HUANCAVELICA,1750,silver_tax,OCHO,28359.0
Peru,HUANCAVELICA,1751,silver_tax,OCHO,26648.0
Peru,HUANCAVELICA,1753,silver_tax,OCHO,23838.0
Peru,HUANCAVELICA,1754,silver_tax,OCHO,15132.0
Peru,HUANCAVELICA,1755,silver_tax,OCHO,11684.0
Peru,HUANCAVELICA,1758,silver_tax,OCHO,5924.0
Peru,HUANCAVELICA,1759,silver_tax,OCHO,13036.0
Peru,HUANCAVELICA,1760,silver_tax,OCHO,15094.0
Peru,HUANCAVELICA,1761,silver_tax,OCHO,12242.0
Peru,HUANCAVELICA,1762,silver_tax,OCHO,17743.0
Peru,HUANCAVELICA,1763,silver_tax,OCHO,10281.0
Peru,HUANCAVELICA,1764,silver_other,OCHO,1308.0
Peru,HUANCAVELICA,1764,silver_tax,OCHO,8591.0
Peru,HUANCAVELICA,1765,silver_other,OCHO,1354.0
Peru,HUANCAVELICA,1765,silver_tax,OCHO,8893.0
Peru,HUANCAVELICA,1766,silver_other,OCHO,802.0
Peru,HUANCAVELICA,1766,silver_tax,OCHO,5268.0
Peru,HUANCAVELICA,1767,silver_other,OCHO,1165.0
Peru,HUANCAVELICA,1767,silver_tax,OCHO,7657.0
Peru,HUANCAVELICA,1768,silver_other,OCHO,928.0
Peru,HUANCAVELICA,1768,silver_tax,OCHO,6090.0
Peru,HUANCAVELICA,1769,silver_other,OCHO,385.0
Peru,HUANCAVELICA,1769,silver_tax,OCHO,2530.0
Peru,HUANCAVELICA,1770,silver_other,OCHO,756.0
Peru,HUANCAVELICA,1770,silver_tax,OCHO,4965.0
Peru,HUANCAVELICA,1771,silver_tax,OCHO,6802.0
Peru,HUANCAVELICA,1772,silver_tax,OCHO,5148.0
Peru,HUANCAVELICA,1773,silver_other,OCHO,617.0
Peru,HUANCAVELICA,1773,silver_tax,OCHO,4054.0
Peru,HUANCAVELICA,1774,silver_tax,OCHO,6249.0
Peru,HUANCAVELICA,1775,silver_other,OCHO,715.0
Peru,HUANCAVELICA,1775,silver_tax,OCHO,4697.0
Peru,HUANCAVELICA,1776,silver_tax,OCHO,8373.0
Peru,HUANCAVELICA,1777,silver_tax,OCHO,7981.0
Peru,HUANCAVELICA,1778,silver_tax,OCHO,6705.0
Peru,HUANCAVELICA,1779,silver_tax,OCHO,8090.0
Peru,HUANCAVELICA,1780,gold_tax,OCHO,80.0
Peru,HUANCAVELICA,1780,silver_tax,OCHO,11472.0
Peru,HUANCAVELICA,1781,silver_tax,OCHO,13526.0
Peru,HUANCAVELICA,1782,silver_tax,OCHO,10879.0
Peru,HUANCAVELICA,1783,silver_tax,OCHO,9195.0
Peru,JAUJA,1730,mercury_sales,OCHO,6500.0
Peru,JAUJA,1730,silver_tax,OCHO,5600.0
Peru,JAUJA,1731,mercury_sales,OCHO,4030.0
Peru,JAUJA,1731,silver_tax,OCHO,5352.0
Peru,JAUJA,1732,mercury_sales,OCHO,9299.0
Peru,JAUJA,1732,silver_tax,OCHO,11523.0
Peru,JAUJA,1734,mercury_sales,OCHO,6291.0
Peru,JAUJA,1734,silver_tax,OCHO,7339.0
Peru,JAUJA,1735,mercury_sales,OCHO,7935.0
Peru,JAUJA,1735,silver_tax,OCHO,4194.0
Peru,JAUJA,1736,mercury_sales,OCHO,9192.0
Peru,JAUJA,1736,silver_tax,OCHO,4080.0
Peru,JAUJA,1737,mercury_sales,OCHO,6210.0
Peru,JAUJA,1737,silver_tax,OCHO,3836.0
Peru,JAUJA,1740,mercury_sales,OCHO,10711.0
Peru,JAUJA,1740,silver_tax,OCHO,7917.0
Peru,JAUJA,1741,mercury_sales,OCHO,6076.0
Peru,JAUJA,1741,silver_tax,OCHO,5951.0
Peru,JAUJA,1742,silver_tax,OCHO,6280.0
Peru,JAUJA,1743,silver_tax,OCHO,5393.0
Peru,JAUJA,1744,mercury_sales,OCHO,6704.0
Peru,JAUJA,1744,silver_tax,OCHO,5205.0
Peru,JAUJA,1745,mercury_sales,OCHO,9537.0
Peru,JAUJA,1745,silver_tax,OCHO,6112.0
Peru,JAUJA,1746,silver_tax,OCHO,5696.0
Peru,JAUJA,1747,silver_tax,OCHO,3715.0
Peru,JAUJA,1748,silver_tax,OCHO,4464.0
Peru,JAUJA,1749,silver_tax,OCHO,5974.0
Peru,JAUJA,1750,silver_tax,OCHO,5233.0
Peru,JAUJA,1751,silver_tax,OCHO,4419.0
Peru,JAUJA,1752,mercury_sales,OCHO,6295.0
Peru,JAUJA,1752,silver_tax,OCHO,4993.0
Peru,JAUJA,1753,mercury_sales,OCHO,11568.0
Peru,JAUJA,1753,silver_tax,OCHO,6935.0
Peru,JAUJA,1754,silver_tax,OCHO,5970.0
Peru,JAUJA,1755,mercury_sales,OCHO,6252.0
Peru,JAUJA,1755,silver_tax,OCHO,5548.0
Peru,JAUJA,1756,mercury_sales,OCHO,6252.0
Peru,JAUJA,1756,silver_tax,OCHO,6004.0
Peru,JAUJA,1757,silver_tax,OCHO,9873.0
Peru,JAUJA,1758,silver_tax,OCHO,6366.0
Peru,JAUJA,1759,silver_tax,OCHO,8960.0
Peru,JAUJA,1760,silver_tax,OCHO,7242.0
Peru,JAUJA,1761,silver_tax,OCHO,12928.0
Peru,JAUJA,1762,silver_tax,OCHO,13493.0
Peru,JAUJA,1763,silver_tax,OCHO,15813.0
Peru,JAUJA,1764,silver_other,OCHO,1667.0
Peru,JAUJA,1764,silver_tax,OCHO,10941.0
Peru,JAUJA,1765,silver_other,OCHO,1720.0
Peru,JAUJA,1765,silver_tax,OCHO,11296.0
Peru,JAUJA,1766,silver_other,OCHO,1712.0
Peru,JAUJA,1766,silver_tax,OCHO,11243.0
Peru,JAUJA,1767,silver_other,OCHO,1844.0
Peru,JAUJA,1767,silver_tax,OCHO,12105.0
Peru,JAUJA,1768,silver_other,OCHO,2159.0
Peru,JAUJA,1768,silver_tax,OCHO,14181.0
Peru,JAUJA,1769,silver_other,OCHO,874.0
Peru,JAUJA,1769,silver_tax,OCHO,5742.0
Peru,JAUJA,1770,silver_other,OCHO,2225.0
Peru,JAUJA,1770,silver_tax,OCHO,14613.0
Peru,JAUJA,1771,silver_other,OCHO,1781.0
Peru,JAUJA,1771,silver_tax,OCHO,11696.0
Peru,JAUJA,1772,silver_other,OCHO,1768.0
Peru,JAUJA,1772,silver_tax,OCHO,11609.0
Peru,JAUJA,1773,silver_other,OCHO,1609.0
Peru,JAUJA,1773,silver_tax,OCHO,10564.0
Peru,JAUJA,1774,silver_tax,OCHO,18976.0
Peru,JAUJA,1775,silver_other,OCHO,739.0
Peru,JAUJA,1775,silver_tax,OCHO,4850.0
Peru,JAUJA,1776,silver_other,OCHO,688.0
Peru,JAUJA,1776,silver_tax,OCHO,4519.0
Peru,JAUJA,1777,mercury_sales,OCHO,10661.0
Peru,JAUJA,1777,silver_other,OCHO,701.0
Peru,JAUJA,1777,silver_tax,OCHO,4663.0
Peru,JAUJA,1778,gold_tax,OCHO,5.0
Peru,JAUJA,1778,mercury_sales,OCHO,31525.0
Peru,JAUJA,1778,silver_tax,OCHO,10969.0
Peru,JAUJA,1779,mercury_sales,OCHO,19098.0
Peru,JAUJA,1779,silver_other,OCHO,174.0
Peru,JAUJA,1779,silver_tax,OCHO,11755.0
Peru,JAUJA,1780,mercury_sales,OCHO,9790.0
Peru,JAUJA,1780,silver_other,OCHO,162.0
Peru,JAUJA,1780,silver_tax,OCHO,9938.0
Peru,JAUJA,1781,mercury_sales,OCHO,15363.0
Peru,JAUJA,1781,silver_other,OCHO,21.0
Peru,JAUJA,1781,silver_tax,OCHO,6145.0
Peru,JAUJA,1782,mercury_sales,OCHO,18329.0
Peru,JAUJA,1782,silver_other,OCHO,185.0
Peru,JAUJA,1782,silver_tax,OCHO,9780.0
Peru,JAUJA,1783,mercury_sales,OCHO,17660.0
Peru,JAUJA,1783,silver_other,OCHO,132.0
Peru,JAUJA,1783,silver_tax,OCHO,15497.0
Peru,JAUJA,1784,mercury_sales,OCHO,15888.0
Peru,JAUJA,1784,silver_other,OCHO,87.0
Peru,JAUJA,1784,silver_tax,OCHO,10955.0
Peru,JAUJA,1785,mercury_sales,OCHO,9720.0
Peru,JAUJA,1785,silver_tax,OCHO,2602.0
Peru,LIMA,1580,gold_tax,ENSAYADOS,5175.0
Peru,LIMA,1580,mercury_sales,ENSAYADOS,54936.0
Peru,LIMA,1580,silver_tax,ENSAYADOS,9461.0
Peru,LIMA,1581,gold_tax,ORO,3077.0
Peru,LIMA,1581,silver_tax,ENSAYADOS,12304.0
Peru,LIMA,1582,gold_tax,ENSAYADOS,3830.0
Peru,LIMA,1582,silver_tax,ENSAYADOS,6199.0
Peru,LIMA,1583,gold_tax,ORO,1704.0
Peru,LIMA,1583,silver_tax,ENSAYADOS,4679.0
Peru,LIMA,1584,gold_tax,ORO,753.0
Peru,LIMA,1584,silver_tax,ENSAYADOS,2298.0
Peru,LIMA,1585,gold_tax,OCHO,184.0
Peru,LIMA,1585,gold_tax,ORO,3267.0
Peru,LIMA,1585,silver_tax,ENSAYADOS,4049.0
Peru,LIMA,1585,silver_tax,OCHO,170.0
Peru,LIMA,1586,gold_tax,OCHO,1721.0
Peru,LIMA,1586,gold_tax,ORO,378.0
Peru,LIMA,1586,silver_tax,ENSAYADOS,1648.0
Peru,LIMA,1586,silver_tax,OCHO,6789.0
Peru,LIMA,1587,gold_tax,OCHO,1528.0
Peru,LIMA,1587,silver_tax,ENSAYADOS,3029.0
Peru,LIMA,1587,silver_tax,OCHO,577.0
Peru,LIMA,1588,gold_tax,OCHO,4712.0
Peru,LIMA,1588,mercury_sales,ENSAYADOS,79126.0
Peru,LIMA,1588,mercury_sales,ORO,2480.0
Peru,LIMA,1588,silver_tax,ENSAYADOS,2127.0
Peru,LIMA,1588,silver_tax,OCHO,823.0
Peru,LIMA,1589,gold_tax,OCHO,1045.0
Peru,LIMA,1589,gold_tax,ORO,1036.0
Peru,LIMA,1589,silver_tax,ENSAYADOS,1231.0
Peru,LIMA,1589,silver_tax,OCHO,922.0
Peru,LIMA,1590,gold_tax,OCHO,1225.0
Peru,LIMA,1590,gold_tax,ORO,1186.0
Peru,LIMA,1590,silver_tax,ENSAYADOS,2689.0
Peru,LIMA,1590,silver_tax,OCHO,900.0
Peru,LIMA,1591,gold_tax,OCHO,612.0
Peru,LIMA,1591,gold_tax,ORO,125.0
Peru,LIMA,1591,silver_tax,ENSAYADOS,2425.0
Peru,LIMA,1591,silver_tax,OCHO,632.0
Peru,LIMA,1592,gold_tax,OCHO,420.0
Peru,LIMA,1592,gold_tax,ORO,227.0
Peru,LIMA,1592,silver_tax,ENSAYADOS,1067.0
Peru,LIMA,1592,silver_tax,OCHO,979.0
Peru,LIMA,1593,gold_tax,OCHO,111.0
Peru,LIMA,1593,gold_tax,ORO,846.0
Peru,LIMA,1593,silver_tax,ENSAYADOS,1346.0
Peru,LIMA,1593,silver_tax,OCHO,349.0
Peru,LIMA,1594,gold_tax,OCHO,198.0
Peru,LIMA,1594,gold_tax,ORO,125.0
Peru,LIMA,1594,silver_tax,ENSAYADOS,1266.0
Peru,LIMA,1594,silver_tax,OCHO,601.0
Peru,LIMA,1595,gold_tax,ENSAYADOS,88.0
Peru,LIMA,1595,gold_tax,OCHO,59.0
Peru,LIMA,1595,gold_tax,ORO,504.0
Peru,LIMA,1595,silver_tax,ENSAYADOS,1204.0
Peru,LIMA,1595,silver_tax,OCHO,1912.0
Peru,LIMA,1596,gold_tax,OCHO,727.0
Peru,LIMA,1596,gold_tax,ORO,100.0
Peru,LIMA,1596,silver_tax,ENSAYADOS,2491.0
Peru,LIMA,1596,silver_tax,OCHO,1136.0
Peru,LIMA,1597,gold_tax,OCHO,469.0
Peru,LIMA,1597,silver_tax,ENSAYADOS,3884.0
Peru,LIMA,1597,silver_tax,OCHO,531.0
Peru,LIMA,1598,gold_tax,OCHO,107.0
Peru,LIMA,1598,silver_tax,ENSAYADOS,2353.0
Peru,LIMA,1598,silver_tax,OCHO,364.0
Peru,LIMA,1599,gold_tax,OCHO,256.0
Peru,LIMA,1599,gold_tax,ORO,25.0
Peru,LIMA,1599,silver_tax,ENSAYADOS,3583.0
Peru,LIMA,1599,silver_tax,OCHO,24407.0
Peru,LIMA,1600,gold_tax,OCHO,30.0
Peru,LIMA,1600,gold_tax,ORO,321.0
Peru,LIMA,1600,silver_tax,ENSAYADOS,3958.0
Peru,LIMA,1601,gold_tax,OCHO,743.0
Peru,LIMA,1601,silver_tax,ENSAYADOS,5940.0
Peru,LIMA,1601,silver_tax,OCHO,236.0
Peru,LIMA,1602,gold_tax,OCHO,375.0
Peru,LIMA,1602,silver_tax,ENSAYADOS,12255.0
Peru,LIMA,1602,silver_tax,OCHO,5427.0
Peru,LIMA,1603,gold_tax,OCHO,168.0
Peru,LIMA,1603,gold_tax,ORO,78.0
Peru,LIMA,1603,silver_tax,ENSAYADOS,6488.0
Peru,LIMA,1603,silver_tax,OCHO,4068.0
Peru,LIMA,1604,gold_tax,OCHO,422.0
Peru,LIMA,1604,silver_tax,ENSAYADOS,4250.0
Peru,LIMA,1604,silver_tax,OCHO,828.0
Peru,LIMA,1605,silver_tax,ENSAYADOS,1664.0
Peru,LIMA,1605,silver_tax,OCHO,93.0
Peru,LIMA,1606,gold_tax,ENSAYADOS,547.0
Peru,LIMA,1606,gold_tax,OCHO,268.0
Peru,LIMA,1606,silver_tax,ENSAYADOS,1607.0
Peru,LIMA,1606,silver_tax,OCHO,303.0
Peru,LIMA,1607,gold_tax,OCHO,81.0
Peru,LIMA,1607,silver_tax,ENSAYADOS,7423.0
Peru,LIMA,1607,silver_tax,OCHO,676.0
Peru,LIMA,1608,gold_tax,OCHO,6.0
Peru,LIMA,1608,silver_tax,ENSAYADOS,477.0
Peru,LIMA,1608,silver_tax,OCHO,934.0
Peru,LIMA,1609,gold_tax,OCHO,215.0
Peru,LIMA,1609,silver_tax,ENSAYADOS,626.0
Peru,LIMA,1609,silver_tax,OCHO,671.0
Peru,LIMA,1610,gold_tax,OCHO,224.0
Peru,LIMA,1610,silver_tax,ENSAYADOS,2122.0
Peru,LIMA,1610,silver_tax,OCHO,313.0
Peru,LIMA,1611,gold_tax,OCHO,9.0
Peru,LIMA,1611,silver_tax,ENSAYADOS,1807.0
Peru,LIMA,1611,silver_tax,OCHO,178.0
Peru,LIMA,1612,silver_tax,ENSAYADOS,991.0
Peru,LIMA,1612,silver_tax,OCHO,41.0
Peru,LIMA,1613,silver_tax,ENSAYADOS,495.0
Peru,LIMA,1613,silver_tax,OCHO,179.0
Peru,LIMA,1614,silver_tax,ENSAYADOS,1857.0
Peru,LIMA,1614,silver_tax,OCHO,424.0
Peru,LIMA,1615,silver_tax,ENSAYADOS,951.0
Peru,LIMA,1615,silver_tax,OCHO,1024.0
Peru,LIMA,1616,silver_tax,ENSAYADOS,1897.0
Peru,LIMA,1616,silver_tax,OCHO,379.0
Peru,LIMA,1617,silver_tax,ENSAYADOS,4721.0
Peru,LIMA,1617,silver_tax,OCHO,149.0
Peru,LIMA,1618,silver_tax,ENSAYADOS,15510.0
Peru,LIMA,1618,silver_tax,OCHO,1827.0
Peru,LIMA,1619,silver_tax,ENSAYADOS,4822.0
Peru,LIMA,1619,silver_tax,OCHO,517.0
Peru,LIMA,1620,silver_tax,ENSAYADOS,1818.0
Peru,LIMA,1620,silver_tax,OCHO,7363.0
Peru,LIMA,1621,silver_tax,ENSAYADOS,16184.0
Peru,LIMA,1621,silver_tax,OCHO,27874.0
Peru,LIMA,1622,silver_tax,ENSAYADOS,25432.0
Peru,LIMA,1622,silver_tax,OCHO,2871.0
Peru,LIMA,1623,silver_tax,ENSAYADOS,8639.0
Peru,LIMA,1623,silver_tax,OCHO,3338.0
Peru,LIMA,1624,silver_tax,ENSAYADOS,8049.0
Peru,LIMA,1624,silver_tax,OCHO,531.0
Peru,LIMA,1625,silver_tax,ENSAYADOS,6905.0
Peru,LIMA,1625,silver_tax,OCHO,1159.0
Peru,LIMA,1626,silver_tax,ENSAYADOS,17498.0
Peru,LIMA,1626,silver_tax,OCHO,832.0
Peru,LIMA,1627,silver_tax,ENSAYADOS,10954.0
Peru,LIMA,1627,silver_tax,OCHO,11941.0
Peru,LIMA,1628,silver_tax,ENSAYADOS,4060.0
Peru,LIMA,1628,silver_tax,OCHO,2403.0
Peru,LIMA,1629,silver_tax,ENSAYADOS,2882.0
Peru,LIMA,1629,silver_tax,OCHO,431.0
Peru,LIMA,1630,silver_tax,ENSAYADOS,1879.0
Peru,LIMA,1630,silver_tax,OCHO,415.0
Peru,LIMA,1631,mercury_sales,ENSAYADOS,1446.0
Peru,LIMA,1631,mercury_sales,OCHO,90.0
Peru,LIMA,1631,silver_tax,OCHO,6283.0
Peru,LIMA,1632,silver_tax,ENSAYADOS,1405.0
Peru,LIMA,1632,silver_tax,OCHO,24345.0
Peru,LIMA,1632,silver_tax,ORO,362.0
Peru,LIMA,1633,silver_tax,ENSAYADOS,3005.0
Peru,LIMA,1633,silver_tax,OCHO,139.0
Peru,LIMA,1633,silver_tax,ORO,83.0
Peru,LIMA,1634,silver_tax,ENSAYADOS,1789.0
Peru,LIMA,1634,silver_tax,OCHO,539.0
Peru,LIMA,1634,silver_tax,ORO,1363.0
Peru,LIMA,1635,silver_tax,ENSAYADOS,3780.0
Peru,LIMA,1635,silver_tax,OCHO,1329.0
Peru,LIMA,1635,silver_tax,ORO,1883.0
Peru,LIMA,1636,silver_tax,ENSAYADOS,3251.0
Peru,LIMA,1636,silver_tax,OCHO,2534.0
Peru,LIMA,1636,silver_tax,ORO,141.0
Peru,LIMA,1637,silver_tax,ENSAYADOS,1034.0
Peru,LIMA,1637,silver_tax,OCHO,65.0
Peru,LIMA,1637,silver_tax,ORO,141.0
Peru,LIMA,1638,silver_tax,ENSAYADOS,346.0
Peru,LIMA,1639,silver_tax,ENSAYADOS,421.0
Peru,LIMA,1640,silver_tax,ENSAYADOS,10340.0
Peru,LIMA,1640,silver_tax,OCHO,415.0
Peru,LIMA,1641,silver_tax,ENSAYADOS,3191.0
Peru,LIMA,1641,silver_tax,OCHO,101.0
Peru,LIMA,1642,silver_tax,ENSAYADOS,19014.0
Peru,LIMA,1642,silver_tax,OCHO,1375.0
Peru,LIMA,1642,silver_tax,ORO,2705.0
Peru,LIMA,1643,silver_tax,ENSAYADOS,7399.0
Peru,LIMA,1645,silver_tax,ENSAYADOS,35201.0
Peru,LIMA,1645,silver_tax,OCHO,3371.0
Peru,LIMA,1646,silver_tax,ENSAYADOS,2916.0
Peru,LIMA,1646,silver_tax,OCHO,479.0
Peru,LIMA,1647,silver_tax,ENSAYADOS,1311.0
Peru,LIMA,1649,silver_tax,ENSAYADOS,30034.0
Peru,LIMA,1649,silver_tax,OCHO,501.0
Peru,LIMA,1650,silver_tax,ENSAYADOS,1091.0
Peru,LIMA,1650,silver_tax,OCHO,432.0
Peru,LIMA,1651,silver_tax,ENSAYADOS,6655.0
Peru,LIMA,1652,silver_tax,ENSAYADOS,28565.0
Peru,LIMA,1652,silver_tax,OCHO,112.0
Peru,LIMA,1653,silver_tax,ENSAYADOS,33400.0
Peru,LIMA,1653,silver_tax,OCHO,8201.0
Peru,LIMA,1654,silver_tax,ENSAYADOS,4926.0
Peru,LIMA,1654,silver_tax,OCHO,236.0
Peru,LIMA,1656,silver_tax,ENSAYADOS,1424.0
Peru,LIMA,1657,silver_tax,ENSAYADOS,399.0
Peru,LIMA,1659,silver_tax,ENSAYADOS,557.0
Peru,LIMA,1659,silver_tax,OCHO,95.0
Peru,LIMA,1660,silver_tax,OCHO,12.0
Peru,LIMA,1662,silver_tax,ENSAYADOS,3526.0
Peru,LIMA,1662,silver_tax,OCHO,48.0
Peru,LIMA,1663,silver_tax,ENSAYADOS,1042.0
Peru,LIMA,1665,silver_tax,ENSAYADOS,338.0
Peru,LIMA,1665,silver_tax,ORO,232.0
Peru,LIMA,1666,silver_tax,ENSAYADOS,1460.0
Peru,LIMA,1669,silver_tax,ENSAYADOS,3937.0
Peru,LIMA,1669,silver_tax,OCHO,1056.0
Peru,LIMA,1669,silver_tax,ORO,8627.0
Peru,LIMA,1672,silver_tax,ENSAYADOS,1887.0
Peru,LIMA,1672,silver_tax,OCHO,2203.0
Peru,LIMA,1672,silver_tax,ORO,372.0
Peru,LIMA,1675,silver_tax,ENSAYADOS,794.0
Peru,LIMA,1675,silver_tax,OCHO,33.0
Peru,LIMA,1675,silver_tax,ORO,187.0
Peru,LIMA,1678,silver_tax,ENSAYADOS,2856.0
Peru,LIMA,1678,silver_tax,OCHO,1115.0
Peru,LIMA,1678,silver_tax,ORO,160.0
Peru,LIMA,1681,silver_tax,ENSAYADOS,4468.0
Peru,LIMA,1681,silver_tax,OCHO,1163.0
Peru,LIMA,1685,gold_tax,OCHO,35.0
Peru,LIMA,1685,gold_tax,ORO,213.0
Peru,LIMA,1685,silver_tax,ENSAYADOS,15230.0
Peru,LIMA,1685,silver_tax,OCHO,1094.0
Peru,LIMA,1690,mercury_sales,OCHO,321561.0
Peru,LIMA,1690,silver_tax,ENSAYADOS,15511.0
Peru,LIMA,1690,silver_tax,OCHO,89551.0
Peru,LIMA,1690,silver_tax,ORO,857.0
Peru,LIMA,1696,silver_tax,ENSAYADOS,863.0
Peru,LIMA,1696,silver_tax,OCHO,5511.0
Peru,LIMA,1696,silver_tax,ORO,7.0
Peru,LIMA,1700,silver_tax,ENSAYADOS,1400.0
Peru,LIMA,1700,silver_tax,OCHO,2019.0
Peru,LIMA,1700,silver_tax,ORO,57.0
Peru,LIMA,1701,silver_tax,OCHO,1228.0
Peru,LIMA,1701,silver_tax,ORO,243.0
Peru,LIMA,1702,silver_tax,OCHO,13221.0
Peru,LIMA,1703,silver_tax,ENSAYADOS,837.0
Peru,LIMA,1703,silver_tax,OCHO,6670.0
Peru,LIMA,1704,silver_tax,ENSAYADOS,1165.0
Peru,LIMA,1704,silver_tax,OCHO,1348.0
Peru,LIMA,1704,silver_tax,ORO,37.0
Peru,LIMA,1705,gold_tax,OCHO,7972.0
Peru,LIMA,1705,gold_tax,ORO,99.0
Peru,LIMA,1705,silver_tax,ENSAYADOS,723.0
Peru,LIMA,1706,silver_tax,ENSAYADOS,1611.0
Peru,LIMA,1706,silver_tax,OCHO,603.0
Peru,LIMA,1706,silver_tax,ORO,36.0
Peru,LIMA,1707,silver_tax,ENSAYADOS,874.0
Peru,LIMA,1707,silver_tax,OCHO,15283.0
Peru,LIMA,1707,silver_tax,ORO,126.0
Peru,LIMA,1708,gold_tax,ENSAYADOS,474.0
Peru,LIMA,1708,gold_tax,OCHO,14194.0
Peru,LIMA,1708,gold_tax,ORO,118.0
Peru,LIMA,1709,gold_tax,ENSAYADOS,1406.0
Peru,LIMA,1709,gold_tax,OCHO,10697.0
Peru,LIMA,1710,gold_tax,OCHO,20637.0
Peru,LIMA,1711,silver_tax,ENSAYADOS,653.0
Peru,LIMA,1711,silver_tax,OCHO,28060.0
Peru,LIMA,1712,silver_tax,ENSAYADOS,274.0
Peru,LIMA,1712,silver_tax,OCHO,21365.0
Peru,LIMA,1713,silver_tax,ENSAYADOS,43.0
Peru,LIMA,1713,silver_tax,OCHO,21719.0
Peru,LIMA,1714,silver_tax,ENSAYADOS,933.0
Peru,LIMA,1714,silver_tax,OCHO,19916.0
Peru,LIMA,1715,silver_tax,ENSAYADOS,928.0
Peru,LIMA,1715,silver_tax,OCHO,30614.0
Peru,LIMA,1716,silver_tax,ENSAYADOS,3188.0
Peru,LIMA,1716,silver_tax,OCHO,39352.0
Peru,LIMA,1717,silver_tax,ENSAYADOS,3465.0
Peru,LIMA,1717,silver_tax,OCHO,29508.0
Peru,LIMA,1717,silver_tax,ORO,64.0
Peru,LIMA,1718,silver_tax,ENSAYADOS,2547.0
Peru,LIMA,1718,silver_tax,OCHO,34612.0
Peru,LIMA,1719,silver_tax,ENSAYADOS,981.0
Peru,LIMA,1719,silver_tax,OCHO,32332.0
Peru,LIMA,1720,silver_tax,ENSAYADOS,518.0
Peru,LIMA,1720,silver_tax,OCHO,30094.0
Peru,LIMA,1721,silver_tax,OCHO,86924.0
Peru,LIMA,1722,silver_tax,ENSAYADOS,18124.0
Peru,LIMA,1722,silver_tax,OCHO,17506.0
Peru,LIMA,1723,silver_tax,ENSAYADOS,928.0
Peru,LIMA,1723,silver_tax,OCHO,18918.0
Peru,LIMA,1724,silver_tax,OCHO,19523.0
Peru,LIMA,1725,silver_tax,OCHO,38943.0
Peru,LIMA,1726,silver_tax,OCHO,12371.0
Peru,LIMA,1727,silver_tax,OCHO,24139.0
Peru,LIMA,1728,silver_tax,OCHO,18006.0
Peru,LIMA,1729,silver_tax,OCHO,24157.0
Peru,LIMA,1730,silver_tax,OCHO,24759.0
Peru,LIMA,1731,silver_tax,OCHO,14477.0
Peru,LIMA,1732,silver_tax,OCHO,27207.0
Peru,LIMA,1733,silver_tax,OCHO,23158.0
Peru,LIMA,1734,silver_tax,OCHO,23914.0
Peru,LIMA,1735,silver_tax,OCHO,43408.0
Peru,LIMA,1736,silver_tax,OCHO,55681.0
Peru,LIMA,1737,silver_tax,OCHO,62455.0
Peru,LIMA,1738,silver_tax,OCHO,132766.0
Peru,LIMA,1739,silver_tax,OCHO,20183.0
Peru,LIMA,1740,silver_tax,OCHO,42870.0
Peru,LIMA,1741,silver_tax,OCHO,39609.0
Peru,LIMA,1742,silver_tax,OCHO,35128.0
Peru,LIMA,1743,silver_tax,OCHO,34172.0
Peru,LIMA,1744,silver_tax,OCHO,35424.0
Peru,LIMA,1745,silver_tax,OCHO,25892.0
Peru,LIMA,1746,silver_tax,OCHO,43358.0
Peru,LIMA,1747,mercury_sales,OCHO,7149.0
Peru,LIMA,1747,silver_tax,OCHO,345912.0
Peru,LIMA,1748,mercury_sales,OCHO,6468.0
Peru,LIMA,1748,silver_tax,OCHO,73001.0
Peru,LIMA,1749,mercury_sales,OCHO,6551.0
Peru,LIMA,1749,silver_tax,OCHO,62974.0
Peru,LIMA,1750,mercury_sales,OCHO,9753.0
Peru,LIMA,1750,silver_tax,OCHO,66595.0
Peru,LIMA,1751,mercury_sales,OCHO,32754.0
Peru,LIMA,1751,silver_tax,OCHO,97737.0
Peru,LIMA,1752,mercury_sales,OCHO,30904.0
Peru,LIMA,1752,silver_tax,OCHO,105105.0
Peru,LIMA,1753,mercury_sales,OCHO,45037.0
Peru,LIMA,1753,silver_tax,OCHO,63212.0
Peru,LIMA,1754,mercury_sales,OCHO,60837.0
Peru,LIMA,1754,silver_tax,OCHO,85173.0
Peru,LIMA,1755,mercury_sales,OCHO,53330.0
Peru,LIMA,1755,silver_tax,OCHO,69308.0
Peru,LIMA,1756,mercury_sales,OCHO,55848.0
Peru,LIMA,1756,silver_tax,OCHO,82958.0
Peru,LIMA,1757,mercury_sales,OCHO,82874.0
Peru,LIMA,1757,silver_tax,OCHO,80497.0
Peru,LIMA,1758,mercury_sales,OCHO,85635.0
Peru,LIMA,1758,silver_tax,OCHO,64475.0
Peru,LIMA,1759,mercury_sales,OCHO,92473.0
Peru,LIMA,1759,silver_tax,OCHO,92476.0
Peru,LIMA,1760,mercury_sales,OCHO,98363.0
Peru,LIMA,1760,silver_tax,OCHO,92625.0
Peru,LIMA,1761,mercury_sales,OCHO,103465.0
Peru,LIMA,1761,silver_tax,OCHO,97204.0
Peru,LIMA,1762,mercury_sales,OCHO,98106.0
Peru,LIMA,1762,silver_tax,OCHO,59200.0
Peru,LIMA,1763,mercury_sales,OCHO,143364.0
Peru,LIMA,1763,silver_tax,OCHO,61824.0
Peru,LIMA,1764,mercury_sales,OCHO,145996.0
Peru,LIMA,1764,silver_tax,OCHO,82930.0
Peru,LIMA,1765,mercury_sales,OCHO,2627.0
Peru,LIMA,1765,silver_tax,OCHO,87975.0
Peru,LIMA,1766,gold_tax,OCHO,32709.0
Peru,LIMA,1766,mercury_sales,OCHO,10308.0
Peru,LIMA,1766,silver_other,OCHO,6821.0
Peru,LIMA,1766,silver_tax,OCHO,49286.0
Peru,LIMA,1767,gold_tax,OCHO,24244.0
Peru,LIMA,1767,mercury_sales,OCHO,23357.0
Peru,LIMA,1767,silver_other,OCHO,8383.0
Peru,LIMA,1767,silver_tax,OCHO,60724.0
Peru,LIMA,1768,gold_tax,OCHO,41524.0
Peru,LIMA,1768,mercury_sales,OCHO,91038.0
Peru,LIMA,1768,silver_other,OCHO,8737.0
Peru,LIMA,1768,silver_tax,OCHO,60343.0
Peru,LIMA,1769,gold_tax,OCHO,33990.0
Peru,LIMA,1769,mercury_sales,OCHO,12531.0
Peru,LIMA,1769,silver_other,OCHO,9734.0
Peru,LIMA,1769,silver_tax,OCHO,67638.0
Peru,LIMA,1770,gold_tax,OCHO,34806.0
Peru,LIMA,1770,mercury_sales,OCHO,53986.0
Peru,LIMA,1770,silver_other,OCHO,11431.0
Peru,LIMA,1770,silver_tax,OCHO,78530.0
Peru,LIMA,1771,gold_tax,OCHO,38825.0
Peru,LIMA,1771,mercury_sales,OCHO,19102.0
Peru,LIMA,1771,silver_other,OCHO,11406.0
Peru,LIMA,1771,silver_tax,OCHO,78343.0
Peru,LIMA,1772,gold_tax,OCHO,33205.0
Peru,LIMA,1772,mercury_sales,OCHO,77375.0
Peru,LIMA,1772,silver_other,OCHO,10197.0
Peru,LIMA,1772,silver_tax,OCHO,71520.0
Peru,LIMA,1773,gold_tax,OCHO,35347.0
Peru,LIMA,1773,mercury_sales,OCHO,82488.0
Peru,LIMA,1773,silver_tax,OCHO,88609.0
Peru,LIMA,1774,gold_tax,OCHO,24062.0
Peru,LIMA,1774,mercury_sales,OCHO,302229.0
Peru,LIMA,1774,silver_tax,OCHO,59939.0
Peru,LIMA,1775,gold_tax,OCHO,12517.0
Peru,LIMA,1775,mercury_sales,OCHO,73412.0
Peru,LIMA,1775,silver_tax,OCHO,52960.0
Peru,LIMA,1776,gold_tax,OCHO,9364.0
Peru,LIMA,1776,silver_tax,OCHO,39655.0
Peru,LIMA,1777,gold_tax,OCHO,21494.0
Peru,LIMA,1777,mercury_sales,OCHO,83911.0
Peru,LIMA,1777,silver_tax,OCHO,55623.0
Peru,LIMA,1778,gold_tax,OCHO,23687.0
Peru,LIMA,1778,mercury_sales,OCHO,83486.0
Peru,LIMA,1778,silver_other,OCHO,11840.0
Peru,LIMA,1778,silver_tax,OCHO,89187.0
Peru,LIMA,1779,gold_tax,OCHO,21365.0
Peru,LIMA,1779,mercury_sales,OCHO,128377.0
Peru,LIMA,1779,silver_tax,OCHO,85094.0
Peru,LIMA,1780,gold_tax,OCHO,13691.0
Peru,LIMA,1780,mercury_sales,OCHO,137770.0
Peru,LIMA,1780,silver_tax,OCHO,90258.0
Peru,LIMA,1781,gold_tax,OCHO,10793.0
Peru,LIMA,1781,mercury_sales,OCHO,105470.0
Peru,LIMA,1781,silver_tax,OCHO,116859.0
Peru,LIMA,1782,gold_tax,OCHO,12837.0
Peru,LIMA,1782,mercury_sales,OCHO,327471.0
Peru,LIMA,1782,silver_tax,OCHO,77732.0
Peru,LIMA,1783,gold_tax,OCHO,12006.0
Peru,LIMA,1783,mercury_sales,OCHO,120773.0
Peru,LIMA,1783,silver_tax,OCHO,83764.0
Peru,LIMA,1784,gold_tax,OCHO,9534.0
Peru,LIMA,1784,mercury_sales,OCHO,96930.0
Peru,LIMA,1784,silver_tax,OCHO,99330.0
Peru,LIMA,1785,gold_tax,OCHO,8940.0
Peru,LIMA,1785,mercury_sales,OCHO,133262.0
Peru,LIMA,1785,silver_tax,OCHO,94560.0
Peru,LIMA,1786,gold_tax,OCHO,11948.0
Peru,LIMA,1786,mercury_sales,OCHO,37553.0
Peru,LIMA,1786,silver_tax,OCHO,91482.0
Peru,LIMA,1787,gold_tax,OCHO,13867.0
Peru,LIMA,1787,mercury_sales,OCHO,156381.0
Peru,LIMA,1787,silver_tax,OCHO,84214.0
Peru,LIMA,1788,gold_tax,OCHO,15273.0
Peru,LIMA,1788,mercury_sales,OCHO,86606.0
Peru,LIMA,1788,silver_tax,OCHO,362991.0
Peru,LIMA,1789,gold_tax,OCHO,13886.0
Peru,LIMA,1789,mercury_sales,OCHO,2065580.0
Peru,LIMA,1789,silver_tax,OCHO,85689.0
Peru,LIMA,1790,gold_tax,OCHO,8571.0
Peru,LIMA,1790,mercury_sales,OCHO,64846.0
Peru,LIMA,1790,silver_tax,OCHO,52627.0
Peru,LIMA,1791,gold_tax,OCHO,12652.0
Peru,LIMA,1791,mercury_sales,OCHO,122911.0
Peru,LIMA,1791,silver_tax,OCHO,86824.0
Peru,LIMA,1792,gold_tax,OCHO,12650.0
Peru,LIMA,1792,mercury_sales,OCHO,257220.0
Peru,LIMA,1792,silver_tax,OCHO,113297.0
Peru,LIMA,1793,gold_tax,OCHO,9618.0
Peru,LIMA,1793,mercury_sales,OCHO,97485.0
Peru,LIMA,1793,silver_tax,OCHO,113222.0
Peru,LIMA,1794,gold_tax,OCHO,11832.0
Peru,LIMA,1794,mercury_sales,OCHO,169782.0
Peru,LIMA,1794,silver_tax,OCHO,106088.0
Peru,LIMA,1795,gold_tax,OCHO,10751.0
Peru,LIMA,1795,mercury_sales,OCHO,163729.0
Peru,LIMA,1795,silver_tax,OCHO,85086.0
Peru,LIMA,1796,gold_tax,OCHO,10754.0
Peru,LIMA,1796,mercury_sales,OCHO,129114.0
Peru,LIMA,1796,silver_tax,OCHO,99270.0
Peru,LIMA,1797,gold_tax,OCHO,10132.0
Peru,LIMA,1797,mercury_sales,OCHO,110219.0
Peru,LIMA,1797,silver_tax,OCHO,74723.0
Peru,LIMA,1798,gold_tax,OCHO,7818.0
Peru,LIMA,1798,mercury_sales,OCHO,111797.0
Peru,LIMA,1798,silver_tax,OCHO,69744.0
Peru,LIMA,1799,gold_tax,OCHO,654.0
Peru,LIMA,1799,mercury_sales,OCHO,88842.0
Peru,LIMA,1799,silver_tax,OCHO,81612.0
Peru,LIMA,1800,gold_tax,OCHO,6574.0
Peru,LIMA,1800,mercury_sales,OCHO,124413.0
Peru,LIMA,1800,silver_tax,OCHO,72638.0
Peru,LIMA,1801,gold_tax,OCHO,5204.0
Peru,LIMA,1801,mercury_sales,OCHO,97404.0
Peru,LIMA,1801,silver_tax,OCHO,72276.0
Peru,LIMA,1802,gold_tax,OCHO,6058.0
Peru,LIMA,1802,mercury_sales,OCHO,246419.0
Peru,LIMA,1802,silver_tax,OCHO,67948.0
Peru,LIMA,1803,gold_tax,OCHO,5429.0
Peru,LIMA,1803,mercury_sales,OCHO,213967.0
Peru,LIMA,1803,silver_tax,OCHO,60871.0
Peru,LIMA,1806,gold_tax,OCHO,514.0
Peru,LIMA,1806,mercury_sales,OCHO,147368.0
Peru,LIMA,1806,silver_tax,OCHO,63304.0
Peru,LIMA,1807,gold_tax,OCHO,6016.0
Peru,LIMA,1807,mercury_sales,OCHO,147579.0
Peru,LIMA,1807,silver_tax,OCHO,54870.0
Peru,LIMA,1808,gold_tax,OCHO,6386.0
Peru,LIMA,1808,mercury_sales,OCHO,43364.0
Peru,LIMA,1808,silver_tax,OCHO,61716.0
Peru,LIMA,1809,gold_tax,OCHO,6050.0
Peru,LIMA,1809,mercury_sales,OCHO,122519.0
Peru,LIMA,1809,silver_tax,OCHO,60010.0
Peru,LIMA,1810,gold_tax,OCHO,6866.0
Peru,LIMA,1810,mercury_sales,OCHO,126980.0
Peru,LIMA,1810,silver_tax,OCHO,79873.0
Peru,LIMA,1812,gold_tax,OCHO,9641.0
Peru,LIMA,1812,mercury_sales,OCHO,280166.0
Peru,LIMA,1812,silver_tax,OCHO,383216.0
Peru,LIMA,1813,gold_tax,OCHO,10729.0
Peru,LIMA,1813,mercury_sales,OCHO,140327.0
Peru,LIMA,1813,silver_tax,OCHO,105021.0
Peru,LIMA,1814,gold_tax,OCHO,7674.0
Peru,LIMA,1814,mercury_sales,OCHO,101421.0
Peru,LIMA,1814,silver_tax,OCHO,91223.0
Peru,LIMA,1815,gold_tax,OCHO,7352.0
Peru,LIMA,1815,mercury_sales,OCHO,91642.0
Peru,LIMA,1815,silver_tax,OCHO,88455.0
Peru,LIMA,1816,gold_tax,OCHO,8412.0
Peru,LIMA,1816,mercury_sales,OCHO,53649.0
Peru,LIMA,1816,silver_tax,OCHO,85168.0
Peru,LIMA,1818,gold_tax,OCHO,7398.0
Peru,LIMA,1818,mercury_sales,OCHO,3827.0
Peru,LIMA,1818,silver_tax,OCHO,89918.0
Peru,LIMA,1819,gold_tax,OCHO,8739.0
Peru,LIMA,1819,mercury_sales,OCHO,3853.0
Peru,LIMA,1819,silver_tax,OCHO,93916.0
Peru,LIMA,1820,gold_tax,OCHO,5481.0
Peru,LIMA,1820,mercury_sales,OCHO,8635.0
Peru,LIMA,1820,silver_tax,OCHO,49197.0
Peru,PUNO,1803,gold_tax,OCHO,704.0
Peru,PUNO,1803,mercury_sales,OCHO,8461.0
Peru,PUNO,1803,silver_tax,OCHO,37540.0
Peru,PUNO,1804,gold_tax,OCHO,939.0
Peru,PUNO,1804,mercury_sales,OCHO,34136.0
Peru,PUNO,1804,silver_tax,OCHO,41298.0
Peru,PUNO,1806,gold_tax,OCHO,88.0
Peru,PUNO,1806,mercury_sales,OCHO,26873.0
Peru,PUNO,1806,silver_tax,OCHO,34032.0
Peru,PUNO,1807,gold_tax,OCHO,779.0
Peru,PUNO,1807,mercury_sales,OCHO,33811.0
Peru,PUNO,1807,silver_tax,OCHO,45439.0
Peru,PUNO,1808,gold_tax,OCHO,144.0
Peru,PUNO,1808,mercury_sales,OCHO,42158.0
Peru,PUNO,1808,silver_tax,OCHO,43272.0
Peru,PUNO,1810,gold_tax,OCHO,124.0
Peru,PUNO,1810,mercury_sales,OCHO,27362.0
Peru,PUNO,1810,silver_tax,OCHO,38146.0
Peru,PUNO,1812,gold_tax,OCHO,629.0
Peru,PUNO,1812,mercury_sales,OCHO,19300.0
Peru,PUNO,1812,silver_tax,OCHO,33080.0
Peru,PUNO,1814,gold_tax,OCHO,558.0
Peru,PUNO,1814,mercury_sales,OCHO,13682.0
Peru,PUNO,1814,silver_tax,OCHO,25456.0
Peru,PUNO,1815,gold_tax,OCHO,1185.0
Peru,PUNO,1815,mercury_sales,OCHO,3660.0
Peru,PUNO,1815,silver_tax,OCHO,16765.0
Peru,PUNO,1817,gold_tax,OCHO,135.0
Peru,PUNO,1817,mercury_sales,OCHO,4772.0
Peru,PUNO,1817,silver_tax,OCHO,37438.0
Peru,PUNO,1818,gold_tax,OCHO,12.0
Peru,PUNO,1818,silver_tax,OCHO,26464.0
Peru,PUNO,1819,gold_tax,OCHO,220.0
Peru,PUNO,1819,silver_tax,OCHO,19567.0
Peru,PUNO,1820,gold_tax,OCHO,166.0
Peru,PUNO,1820,silver_tax,OCHO,24514.0
Peru,PUNO,1821,silver_tax,OCHO,16402.0
Peru,PUNO,1822,gold_tax,OCHO,575.0
Peru,PUNO,1822,silver_tax,OCHO,14463.0
Peru,SAN JUAN DE MATUCANA,1721,mercury_sales,OCHO,7934.0
Peru,SAN JUAN DE MATUCANA,1721,silver_tax,OCHO,9946.0
Peru,SAN JUAN DE MATUCANA,1722,mercury_sales,OCHO,2582.0
Peru,SAN JUAN DE MATUCANA,1722,silver_tax,OCHO,8756.0
Peru,SAN JUAN DE MATUCANA,1723,mercury_sales,OCHO,4820.0
Peru,SAN JUAN DE MATUCANA,1723,silver_tax,OCHO,2378.0
Peru,SAN JUAN DE MATUCANA,1724,mercury_sales,OCHO,9309.0
Peru,SAN JUAN DE MATUCANA,1724,silver_tax,OCHO,5716.0
Peru,SAN JUAN DE MATUCANA,1725,mercury_sales,OCHO,2590.0
Peru,SAN JUAN DE MATUCANA,1725,silver_tax,OCHO,5302.0
Peru,SAN JUAN DE MATUCANA,1726,mercury_sales,OCHO,4255.0
Peru,SAN JUAN DE MATUCANA,1726,silver_tax,OCHO,5841.0
Peru,SAN JUAN DE MATUCANA,1727,mercury_sales,OCHO,4693.0
Peru,SAN JUAN DE MATUCANA,1727,silver_tax,OCHO,7672.0
Peru,SAN JUAN DE MATUCANA,1728,mercury_sales,OCHO,4495.0
Peru,SAN JUAN DE MATUCANA,1728,silver_tax,OCHO,7846.0
Peru,TRUJILLO,1601,silver_tax,ENSAYADOS,186.0
Peru,TRUJILLO,1601,silver_tax,OCHO,505.0
Peru,TRUJILLO,1601,silver_tax,ORO,605.0
Peru,TRUJILLO,1609,silver_tax,OCHO,145.0
Peru,TRUJILLO,1625,silver_tax,OCHO,564.0
Peru,TRUJILLO,1627,silver_tax,OCHO,1330.0
Peru,TRUJILLO,1628,silver_tax,OCHO,651.0
Peru,TRUJILLO,1629,silver_tax,OCHO,6.0
Peru,TRUJILLO,1635,silver_tax,OCHO,324.0
Peru,TRUJILLO,1641,silver_tax,OCHO,65.0
Peru,TRUJILLO,1646,silver_tax,OCHO,2.0
Peru,TRUJILLO,1675,silver_tax,OCHO,246.0
Peru,TRUJILLO,1681,silver_tax,OCHO,40.0
Peru,TRUJILLO,1681,silver_tax,ORO,170.0
Peru,TRUJILLO,1682,gold_tax,ORO,816.0
Peru,TRUJILLO,1682,mercury_sales,OCHO,12.0
Peru,TRUJILLO,1683,mercury_sales,OCHO,2452.0
Peru,TRUJILLO,1683,silver_tax,OCHO,25.0
Peru,TRUJILLO,1683,silver_tax,ORO,361.0
Peru,TRUJILLO,1684,mercury_sales,OCHO,1261.0
Peru,TRUJILLO,1685,gold_tax,ORO,57.0
Peru,TRUJILLO,1685,mercury_sales,OCHO,3072.0
Peru,TRUJILLO,1696,gold_tax,ORO,162.0
Peru,TRUJILLO,1698,gold_tax,ORO,290.0
Peru,TRUJILLO,1704,gold_tax,ORO,721.0
Peru,TRUJILLO,1708,gold_tax,ORO,968.0
Peru,TRUJILLO,1711,gold_tax,ORO,936.0
Peru,TRUJILLO,1718,gold_tax,ORO,12.0
Peru,TRUJILLO,1734,mercury_sales,OCHO,1899.0
Peru,TRUJILLO,1735,mercury_sales,OCHO,2616.0
Peru,TRUJILLO,1736,mercury_sales,OCHO,1690.0
Peru,TRUJILLO,1737,mercury_sales,OCHO,2592.0
Peru,TRUJILLO,1738,mercury_sales,OCHO,4046.0
Peru,TRUJILLO,1755,mercury_sales,OCHO,451.0
Peru,TRUJILLO,1774,silver_tax,OCHO,33853.0
Peru,TRUJILLO,1775,silver_tax,OCHO,56941.0
Peru,TRUJILLO,1776,mercury_sales,OCHO,48070.0
Peru,TRUJILLO,1776,silver_other,OCHO,10968.0
Peru,TRUJILLO,1776,silver_tax,OCHO,72018.0
Peru,TRUJILLO,1777,mercury_sales,OCHO,17410.0
Peru,TRUJILLO,1777,silver_tax,OCHO,59052.0
Peru,TRUJILLO,1778,gold_tax,OCHO,953.0
Peru,TRUJILLO,1778,mercury_sales,OCHO,28321.0
Peru,TRUJILLO,1778,silver_other,OCHO,185.0
Peru,TRUJILLO,1778,silver_tax,OCHO,64034.0
Peru,TRUJILLO,1779,gold_other,OCHO,6.0
Peru,TRUJILLO,1779,gold_tax,OCHO,1296.0
Peru,TRUJILLO,1779,mercury_sales,OCHO,108915.0
Peru,TRUJILLO,1779,silver_other,OCHO,1080.0
Peru,TRUJILLO,1779,silver_tax,OCHO,71417.0
Peru,TRUJILLO,1780,gold_tax,OCHO,1252.0
Peru,TRUJILLO,1780,mercury_sales,OCHO,39183.0
Peru,TRUJILLO,1780,silver_other,OCHO,332.0
Peru,TRUJILLO,1780,silver_tax,OCHO,60021.0
Peru,TRUJILLO,1781,gold_tax,OCHO,764.0
Peru,TRUJILLO,1781,mercury_sales,OCHO,71672.0
Peru,TRUJILLO,1781,silver_other,OCHO,170.0
Peru,TRUJILLO,1781,silver_tax,OCHO,60388.0
Peru,TRUJILLO,1782,gold_tax,OCHO,1154.0
Peru,TRUJILLO,1782,mercury_sales,OCHO,27109.0
Peru,TRUJILLO,1782,silver_other,OCHO,70.0
Peru,TRUJILLO,1782,silver_tax,OCHO,72463.0
Peru,TRUJILLO,1783,gold_tax,OCHO,824.0
Peru,TRUJILLO,1783,mercury_sales,OCHO,26134.0
Peru,TRUJILLO,1783,silver_other,OCHO,318.0
Peru,TRUJILLO,1783,silver_tax,OCHO,67032.0
Peru,TRUJILLO,1784,gold_tax,OCHO,506.0
Peru,TRUJILLO,1784,mercury_sales,OCHO,377.0
Peru,TRUJILLO,1784,silver_other,OCHO,88.0
Peru,TRUJILLO,1784,silver_tax,OCHO,60700.0
Peru,TRUJILLO,1785,gold_tax,OCHO,836.0
Peru,TRUJILLO,1785,mercury_sales,OCHO,53853.0
Peru,TRUJILLO,1785,silver_other,OCHO,48.0
Peru,TRUJILLO,1785,silver_tax,OCHO,72394.0
Peru,TRUJILLO,1786,gold_tax,OCHO,653.0
Peru,TRUJILLO,1786,mercury_sales,OCHO,45842.0
Peru,TRUJILLO,1786,silver_other,OCHO,57.0
Peru,TRUJILLO,1786,silver_tax,OCHO,72105.0
Peru,TRUJILLO,1787,gold_tax,OCHO,635.0
Peru,TRUJILLO,1787,mercury_sales,OCHO,146589.0
Peru,TRUJILLO,1787,silver_other,OCHO,10866.0
Peru,TRUJILLO,1787,silver_tax,OCHO,71344.0
Peru,TRUJILLO,1788,gold_tax,OCHO,1112.0
Peru,TRUJILLO,1788,mercury_sales,OCHO,82067.0
Peru,TRUJILLO,1788,silver_other,OCHO,9613.0
Peru,TRUJILLO,1788,silver_tax,OCHO,62582.0
Peru,TRUJILLO,1789,gold_tax,OCHO,846.0
Peru,TRUJILLO,1789,mercury_sales,OCHO,185420.0
Peru,TRUJILLO,1789,silver_other,OCHO,11209.0
Peru,TRUJILLO,1789,silver_tax,OCHO,72872.0
Peru,TRUJILLO,1790,gold_tax,OCHO,1229.0
Peru,TRUJILLO,1790,mercury_sales,OCHO,84175.0
Peru,TRUJILLO,1790,silver_other,OCHO,6178.0
Peru,TRUJILLO,1790,silver_tax,OCHO,111121.0
Peru,TRUJILLO,1791,gold_tax,OCHO,796.0
Peru,TRUJILLO,1791,mercury_sales,OCHO,24747.0
Peru,TRUJILLO,1791,silver_tax,OCHO,103619.0
Peru,TRUJILLO,1792,gold_tax,OCHO,2651.0
Peru,TRUJILLO,1792,mercury_sales,OCHO,55699.0
Peru,TRUJILLO,1792,silver_other,OCHO,169.0
Peru,TRUJILLO,1792,silver_tax,OCHO,131940.0
Peru,TRUJILLO,1793,gold_tax,OCHO,3342.0
Peru,TRUJILLO,1793,mercury_sales,OCHO,12374.0
Peru,TRUJILLO,1793,silver_other,OCHO,333.0
Peru,TRUJILLO,1793,silver_tax,OCHO,71714.0
Peru,TRUJILLO,1794,gold_tax,OCHO,4328.0
Peru,TRUJILLO,1794,mercury_sales,OCHO,24769.0
Peru,TRUJILLO,1794,silver_other,OCHO,609.0
Peru,TRUJILLO,1794,silver_tax,OCHO,85505.0
Peru,TRUJILLO,1795,gold_tax,OCHO,6623.0
Peru,TRUJILLO,1795,mercury_sales,OCHO,27700.0
Peru,TRUJILLO,1795,silver_other,OCHO,310.0
Peru,TRUJILLO,1795,silver_tax,OCHO,78048.0
Peru,TRUJILLO,1796,gold_tax,OCHO,4037.0
Peru,TRUJILLO,1796,mercury_sales,OCHO,33117.0
Peru,TRUJILLO,1796,silver_other,OCHO,423.0
Peru,TRUJILLO,1796,silver_tax,OCHO,76751.0
Peru,TRUJILLO,1797,gold_tax,OCHO,2874.0
Peru,TRUJILLO,1797,mercury_sales,OCHO,19316.0
Peru,TRUJILLO,1797,silver_other,OCHO,92.0
Peru,TRUJILLO,1797,silver_tax,OCHO,66721.0
Peru,TRUJILLO,1798,gold_tax,OCHO,3962.0
Peru,TRUJILLO,1798,mercury_sales,OCHO,7326.0
Peru,TRUJILLO,1798,silver_other,OCHO,124.0
Peru,TRUJILLO,1798,silver_tax,OCHO,88601.0
Peru,TRUJILLO,1799,gold_tax,OCHO,3143.0
Peru,TRUJILLO,1799,mercury_sales,OCHO,50795.0
Peru,TRUJILLO,1799,silver_other,OCHO,603.0
Peru,TRUJILLO,1799,silver_tax,OCHO,106890.0
Peru,TRUJILLO,1800,gold_tax,OCHO,2162.0
Peru,TRUJILLO,1800,mercury_sales,OCHO,28424.0
Peru,TRUJILLO,1800,silver_other,OCHO,657.0
Peru,TRUJILLO,1800,silver_tax,OCHO,69471.0
Peru,TRUJILLO,1801,gold_tax,OCHO,2760.0
Peru,TRUJILLO,1801,mercury_sales,OCHO,13414.0
Peru,TRUJILLO,1801,silver_other,OCHO,311.0
Peru,TRUJILLO,1801,silver_tax,OCHO,44627.0
Peru,TRUJILLO,1802,gold_tax,OCHO,2910.0
Peru,TRUJILLO,1802,mercury_sales,OCHO,13345.0
Peru,TRUJILLO,1802,silver_other,OCHO,270.0
Peru,TRUJILLO,1802,silver_tax,OCHO,54848.0
Peru,TRUJILLO,1803,gold_tax,OCHO,3532.0
Peru,TRUJILLO,1803,mercury_sales,OCHO,53904.0
Peru,TRUJILLO,1803,silver_other,OCHO,553.0
Peru,TRUJILLO,1803,silver_tax,OCHO,57032.0
Peru,TRUJILLO,1804,gold_tax,OCHO,2037.0
Peru,TRUJILLO,1804,mercury_sales,OCHO,19636.0
Peru,TRUJILLO,1804,silver_other,OCHO,77.0
Peru,TRUJILLO,1804,silver_tax,OCHO,74149.0
Peru,TRUJILLO,1805,gold_tax,OCHO,3868.0
Peru,TRUJILLO,1805,mercury_sales,OCHO,33087.0
Peru,TRUJILLO,1805,silver_other,OCHO,152.0
Peru,TRUJILLO,1805,silver_tax,OCHO,52467.0
Peru,TRUJILLO,1806,gold_tax,OCHO,1458.0
Peru,TRUJILLO,1806,mercury_sales,OCHO,56125.0
Peru,TRUJILLO,1806,silver_other,OCHO,14.0
Peru,TRUJILLO,1806,silver_tax,OCHO,54950.0
Peru,TRUJILLO,1807,gold_tax,OCHO,2019.0
Peru,TRUJILLO,1807,mercury_sales,OCHO,21451.0
Peru,TRUJILLO,1807,silver_other,OCHO,142.0
Peru,TRUJILLO,1807,silver_tax,OCHO,57098.0
Peru,TRUJILLO,1808,gold_tax,OCHO,1317.0
Peru,TRUJILLO,1808,mercury_sales,OCHO,28780.0
Peru,TRUJILLO,1808,silver_other,OCHO,29.0
Peru,TRUJILLO,1808,silver_tax,OCHO,93342.0
Peru,TRUJILLO,1810,gold_tax,OCHO,1969.0
Peru,TRUJILLO,1810,mercury_sales,OCHO,3981.0
Peru,TRUJILLO,1810,silver_other,OCHO,71.0
Peru,TRUJILLO,1810,silver_tax,OCHO,46889.0
Peru,TRUJILLO,1812,gold_tax,OCHO,1334.0
Peru,TRUJILLO,1812,mercury_sales,OCHO,3075.0
Peru,TRUJILLO,1812,silver_other,OCHO,93.0
Peru,TRUJILLO,1812,silver_tax,OCHO,23739.0
Peru,TRUJILLO,1813,gold_tax,OCHO,627.0
Peru,TRUJILLO,1813,mercury_sales,OCHO,9513.0
Peru,TRUJILLO,1813,silver_other,OCHO,184.0
Peru,TRUJILLO,1813,silver_tax,OCHO,44623.0
Peru,TRUJILLO,1815,gold_tax,OCHO,975.0
Peru,TRUJILLO,1815,mercury_sales,OCHO,9398.0
Peru,TRUJILLO,1815,silver_tax,OCHO,37070.0
Peru,TRUJILLO,1816,gold_tax,OCHO,1067.0
Peru,TRUJILLO,1816,mercury_sales,OCHO,150.0
Peru,TRUJILLO,1816,silver_other,OCHO,3.0
Peru,TRUJILLO,1816,silver_tax,OCHO,33516.0
Peru,TRUJILLO,1817,gold_tax,OCHO,1053.0
Peru,TRUJILLO,1817,mercury_sales,OCHO,150.0
Peru,TRUJILLO,1817,silver_other,OCHO,9.0
Peru,TRUJILLO,1817,silver_tax,OCHO,41430.0
Peru,VICO Y PASCO,1670,mercury_sales,OCHO,1421.0
Peru,VICO Y PASCO,1670,silver_tax,OCHO,4890.0
Peru,VICO Y PASCO,1674,mercury_sales,OCHO,3691.0
Peru,VICO Y PASCO,1674,silver_tax,OCHO,18649.0
Peru,VICO Y PASCO,1682,silver_tax,OCHO,2044.0
Peru,VICO Y PASCO,1685,mercury_sales,OCHO,5454.0
Peru,VICO Y PASCO,1685,silver_tax,OCHO,4153.0
Peru,VICO Y PASCO,1686,mercury_sales,OCHO,5399.0
Peru,VICO Y PASCO,1686,silver_tax,OCHO,2847.0
Peru,VICO Y PASCO,1690,mercury_sales,OCHO,488.0
Peru,VICO Y PASCO,1690,silver_tax,OCHO,8864.0
Peru,VICO Y PASCO,1693,mercury_sales,OCHO,611.0
Peru,VICO Y PASCO,1693,silver_tax,OCHO,21494.0
Peru,VICO Y PASCO,1696,mercury_sales,OCHO,5945.0
Peru,VICO Y PASCO,1696,silver_tax,OCHO,21166.0
Peru,VICO Y PASCO,1702,mercury_sales,OCHO,6677.0
Peru,VICO Y PASCO,1702,silver_other,OCHO,7523.0
Peru,VICO Y PASCO,1702,silver_tax,OCHO,8009.0
Peru,VICO Y PASCO,1703,mercury_sales,OCHO,5959.0
Peru,VICO Y PASCO,1703,silver_tax,OCHO,29512.0
Peru,VICO Y PASCO,1705,mercury_sales,OCHO,3390.0
Peru,VICO Y PASCO,1705,silver_tax,OCHO,11837.0
Peru,VICO Y PASCO,1706,mercury_sales,OCHO,1070.0
Peru,VICO Y PASCO,1706,silver_other,OCHO,13961.0
Peru,VICO Y PASCO,1706,silver_tax,OCHO,2948.0
Peru,VICO Y PASCO,1707,mercury_sales,OCHO,16146.0
Peru,VICO Y PASCO,1707,silver_tax,OCHO,15638.0
Peru,VICO Y PASCO,1711,mercury_sales,OCHO,5110.0
Peru,VICO Y PASCO,1711,silver_tax,OCHO,8939.0
Peru,VICO Y PASCO,1713,mercury_sales,OCHO,3017.0
Peru,VICO Y PASCO,1713,silver_tax,OCHO,14269.0
Peru,VICO Y PASCO,1715,mercury_sales,OCHO,1988.0
Peru,VICO Y PASCO,1715,silver_tax,OCHO,15087.0
Peru,VICO Y PASCO,1717,mercury_sales,OCHO,8751.0
Peru,VICO Y PASCO,1717,silver_tax,OCHO,25528.0
Peru,VICO Y PASCO,1718,mercury_sales,OCHO,8957.0
Peru,VICO Y PASCO,1718,silver_tax,OCHO,29667.0
Peru,VICO Y PASCO,1719,mercury_sales,OCHO,8934.0
Peru,VICO Y PASCO,1719,silver_tax,OCHO,20583.0
Peru,VICO Y PASCO,1721,mercury_sales,OCHO,1805.0
Peru,VICO Y PASCO,1721,silver_tax,OCHO,19909.0
Peru,VICO Y PASCO,1722,mercury_sales,OCHO,9552.0
Peru,VICO Y PASCO,1722,silver_tax,OCHO,20307.0
Peru,VICO Y PASCO,1724,mercury_sales,OCHO,5045.0
Peru,VICO Y PASCO,1724,silver_other,OCHO,3617.0
Peru,VICO Y PASCO,1724,silver_tax,OCHO,17274.0
Peru,VICO Y PASCO,1725,mercury_sales,OCHO,16491.0
Peru,VICO Y PASCO,1725,silver_tax,OCHO,24716.0
Peru,VICO Y PASCO,1726,mercury_sales,OCHO,11739.0
Peru,VICO Y PASCO,1726,silver_tax,OCHO,16012.0
Peru,VICO Y PASCO,1727,mercury_sales,OCHO,16528.0
Peru,VICO Y PASCO,1727,silver_tax,OCHO,17777.0
Peru,VICO Y PASCO,1728,mercury_sales,OCHO,16064.0
Peru,VICO Y PASCO,1728,silver_tax,OCHO,14288.0
Peru,VICO Y PASCO,1729,mercury_sales,OCHO,16031.0
Peru,VICO Y PASCO,1729,silver_tax,OCHO,20773.0
Peru,VICO Y PASCO,1730,mercury_sales,OCHO,14363.0
Peru,VICO Y PASCO,1730,silver_tax,OCHO,20976.0
Peru,VICO Y PASCO,1731,mercury_sales,OCHO,16231.0
Peru,VICO Y PASCO,1731,silver_tax,OCHO,16389.0
Peru,VICO Y PASCO,1733,mercury_sales,OCHO,17484.0
Peru,VICO Y PASCO,1733,silver_tax,OCHO,20136.0
Peru,VICO Y PASCO,1734,mercury_sales,OCHO,19259.0
Peru,VICO Y PASCO,1734,silver_tax,OCHO,15703.0
Peru,VICO Y PASCO,1735,mercury_sales,OCHO,22693.0
Peru,VICO Y PASCO,1735,silver_tax,OCHO,16663.0
Peru,VICO Y PASCO,1736,mercury_sales,OCHO,9588.0
Peru,VICO Y PASCO,1736,silver_tax,OCHO,14994.0
Peru,VICO Y PASCO,1737,silver_tax,OCHO,22427.0
Peru,VICO Y PASCO,1738,silver_tax,OCHO,23939.0
Peru,VICO Y PASCO,1739,silver_tax,OCHO,22985.0
Peru,VICO Y PASCO,1740,silver_tax,OCHO,24127.0
Peru,VICO Y PASCO,1741,silver_tax,OCHO,26893.0
Peru,VICO Y PASCO,1742,silver_tax,OCHO,25158.0
Peru,VICO Y PASCO,1743,silver_tax,OCHO,21539.0
Peru,VICO Y PASCO,1744,silver_tax,OCHO,18952.0
Peru,VICO Y PASCO,1745,silver_tax,OCHO,20493.0
Peru,VICO Y PASCO,1746,silver_tax,OCHO,22701.0
Peru,VICO Y PASCO,1747,silver_tax,OCHO,22451.0
Peru,VICO Y PASCO,1748,silver_tax,OCHO,24921.0
Peru,VICO Y PASCO,1749,silver_tax,OCHO,27346.0
Peru,VICO Y PASCO,1750,silver_tax,OCHO,29399.0
Peru,VICO Y PASCO,1751,silver_tax,OCHO,31980.0
Peru,VICO Y PASCO,1754,silver_tax,OCHO,33674.0
Peru,VICO Y PASCO,1757,silver_tax,OCHO,34780.0
Peru,VICO Y PASCO,1758,silver_tax,OCHO,39771.0
Peru,VICO Y PASCO,1759,silver_tax,OCHO,39136.0
Peru,VICO Y PASCO,1760,silver_tax,OCHO,39408.0
Peru,VICO Y PASCO,1761,silver_tax,OCHO,45996.0
Peru,VICO Y PASCO,1762,silver_tax,OCHO,55987.0
Peru,VICO Y PASCO,1763,silver_tax,OCHO,59470.0
Peru,VICO Y PASCO,1764,silver_tax,OCHO,57814.0
Peru,VICO Y PASCO,1765,silver_other,OCHO,7760.0
Peru,VICO Y PASCO,1765,silver_tax,OCHO,50988.0
Peru,VICO Y PASCO,1766,mercury_sales,OCHO,66.0
Peru,VICO Y PASCO,1766,silver_other,OCHO,9977.0
Peru,VICO Y PASCO,1766,silver_tax,OCHO,65550.0
Peru,VICO Y PASCO,1767,mercury_sales,OCHO,121.0
Peru,VICO Y PASCO,1767,silver_other,OCHO,9305.0
Peru,VICO Y PASCO,1767,silver_tax,OCHO,61226.0
Peru,VICO Y PASCO,1768,silver_other,OCHO,5685.0
Peru,VICO Y PASCO,1768,silver_tax,OCHO,37329.0
Peru,VICO Y PASCO,1769,silver_other,OCHO,10288.0
Peru,VICO Y PASCO,1769,silver_tax,OCHO,67540.0
Peru,VICO Y PASCO,1770,silver_other,OCHO,11602.0
Peru,VICO Y PASCO,1770,silver_tax,OCHO,76129.0
Peru,VICO Y PASCO,1771,silver_other,OCHO,13871.0
Peru,VICO Y PASCO,1771,silver_tax,OCHO,93090.0
Peru,VICO Y PASCO,1772,silver_other,OCHO,12747.0
Peru,VICO Y PASCO,1772,silver_tax,OCHO,85700.0
Peru,VICO Y PASCO,1773,silver_tax,OCHO,86570.0
Peru,VICO Y PASCO,1774,silver_tax,OCHO,79876.0
Peru,VICO Y PASCO,1775,silver_tax,OCHO,59757.0
Peru,VICO Y PASCO,1776,mercury_sales,OCHO,50925.0
Peru,VICO Y PASCO,1776,silver_other,OCHO,9325.0
Peru,VICO Y PASCO,1776,silver_tax,OCHO,61231.0
Peru,VICO Y PASCO,1777,mercury_sales,OCHO,6972.0
Peru,VICO Y PASCO,1777,silver_other,OCHO,8384.0
Peru,VICO Y PASCO,1777,silver_tax,OCHO,55058.0
Peru,VICO Y PASCO,1778,mercury_sales,OCHO,25166.0
Peru,VICO Y PASCO,1778,silver_tax,OCHO,62610.0
Peru,VICO Y PASCO,1779,mercury_sales,OCHO,52653.0
Peru,VICO Y PASCO,1779,silver_tax,OCHO,75672.0
Peru,VICO Y PASCO,1780,mercury_sales,OCHO,44583.0
Peru,VICO Y PASCO,1780,silver_tax,OCHO,69414.0
Peru,VICO Y PASCO,1781,mercury_sales,OCHO,46755.0
Peru,VICO Y PASCO,1781,silver_tax,OCHO,72792.0
Peru,VICO Y PASCO,1782,mercury_sales,OCHO,45635.0
Peru,VICO Y PASCO,1782,silver_tax,OCHO,69061.0
Peru,VICO Y PASCO,1783,mercury_sales,OCHO,23558.0
Peru,VICO Y PASCO,1783,silver_tax,OCHO,71120.0
Peru,VICO Y PASCO,1784,mercury_sales,OCHO,52148.0
Peru,VICO Y PASCO,1784,silver_tax,OCHO,67258.0
Peru,VICO Y PASCO,1785,mercury_sales,OCHO,63088.0
Peru,VICO Y PASCO,1785,silver_tax,OCHO,72322.0
Peru,VICO Y PASCO,1786,mercury_sales,OCHO,47859.0
Peru,VICO Y PASCO,1786,silver_tax,OCHO,107417.0
Peru,VICO Y PASCO,1787,mercury_sales,OCHO,78516.0
Peru,VICO Y PASCO,1787,silver_tax,OCHO,99594.0
Peru,VICO Y PASCO,1788,mercury_sales,OCHO,73965.0
Peru,VICO Y PASCO,1788,silver_tax,OCHO,118191.0
Peru,VICO Y PASCO,1789,mercury_sales,OCHO,78395.0
Peru,VICO Y PASCO,1789,silver_other,OCHO,15799.0
Peru,VICO Y PASCO,1789,silver_tax,OCHO,104532.0
Peru,VICO Y PASCO,1790,mercury_sales,OCHO,147128.0
Peru,VICO Y PASCO,1790,silver_tax,OCHO,79362.0
Peru,VICO Y PASCO,1791,mercury_sales,OCHO,16752.0
Peru,VICO Y PASCO,1791,silver_tax,OCHO,137125.0
Peru,VICO Y PASCO,1792,mercury_sales,OCHO,11977.0
Peru,VICO Y PASCO,1792,silver_tax,OCHO,180760.0
Peru,VICO Y PASCO,1793,mercury_sales,OCHO,112328.0
Peru,VICO Y PASCO,1793,silver_tax,OCHO,231284.0
Peru,VICO Y PASCO,1794,mercury_sales,OCHO,33576.0
Peru,VICO Y PASCO,1794,silver_tax,OCHO,286734.0
Peru,VICO Y PASCO,1795,mercury_sales,OCHO,40816.0
Peru,VICO Y PASCO,1795,silver_tax,OCHO,275228.0
Peru,VICO Y PASCO,1796,mercury_sales,OCHO,176477.0
Peru,VICO Y PASCO,1796,silver_tax,OCHO,272950.0
Peru,VICO Y PASCO,1797,mercury_sales,OCHO,158211.0
Peru,VICO Y PASCO,1797,silver_tax,OCHO,506302.0
Peru,VICO Y PASCO,1799,mercury_sales,OCHO,142905.0
Peru,VICO Y PASCO,1799,silver_tax,OCHO,224624.0
Peru,VICO Y PASCO,1800,mercury_sales,OCHO,63086.0
Peru,VICO Y PASCO,1800,silver_tax,OCHO,276821.0
Peru,VICO Y PASCO,1805,mercury_sales,OCHO,105058.0
Peru,VICO Y PASCO,1805,silver_tax,OCHO,218758.0
Peru,VICO Y PASCO,1806,mercury_sales,OCHO,105374.0
Peru,VICO Y PASCO,1806,silver_tax,OCHO,196161.0
Peru,VICO Y PASCO,1807,mercury_sales,OCHO,175887.0
Peru,VICO Y PASCO,1807,silver_tax,OCHO,224877.0
Peru,VICO Y PASCO,1808,mercury_sales,OCHO,93232.0
Peru,VICO Y PASCO,1808,silver_tax,OCHO,262328.0
Peru,VICO Y PASCO,1809,mercury_sales,OCHO,120037.0
Peru,VICO Y PASCO,1809,silver_tax,OCHO,265678.0
Peru,VICO Y PASCO,1810,mercury_sales,OCHO,72350.0
Peru,VICO Y PASCO,1810,silver_tax,OCHO,276400.0
Peru,VICO Y PASCO,1813,mercury_sales,OCHO,61625.0
Peru,VICO Y PASCO,1813,silver_tax,OCHO,182569.0
Peru,VICO Y PASCO,1817,silver_tax,OCHO,137044.0
Peru,VICO Y PASCO,1819,silver_tax,OCHO,196056.0
Peru,VICO Y PASCO,1820,mercury_sales,OCHO,12300.0
Peru,VICO Y PASCO,1820,silver_tax,OCHO,279130.0
Quito,GUAYAQUIL,1735,mercury_sales,MONTO,1180.0
Quito,GUAYAQUIL,1781,gold_tax,MONTO,17.0
Quito,GUAYAQUIL,1781,silver_other,MONTO,5.0
Quito,GUAYAQUIL,1783,gold_tax,MONTO,42.0
Quito,GUAYAQUIL,1787,gold_tax,MONTO,6.0
Quito,GUAYAQUIL,1792,gold_tax,MONTO,2.0
Quito,GUAYAQUIL,1794,silver_tax,MONTO,18.0
Quito,GUAYAQUIL,1796,silver_tax,MONTO,34.0
Quito,GUAYAQUIL,1802,silver_tax,MONTO,17.0
Quito,LOJA Y CUENCA,1723,mercury_sales,MONTO,5.0
Quito,LOJA Y CUENCA,1724,mercury_sales,MONTO,45.0
Quito,LOJA Y CUENCA,1725,mercury_sales,MONTO,595.0
Quito,LOJA Y CUENCA,1752,mercury_sales,MONTO,17.0
Quito,LOJA Y CUENCA,1758,mercury_sales,MONTO,466.0
Quito,LOJA Y CUENCA,1761,mercury_sales,MONTO,80.0
Quito,LOJA Y CUENCA,1773,mercury_sales,MONTO,201.0
Quito,LOJA Y CUENCA,1774,mercury_sales,MONTO,1683.0
Quito,LOJA Y CUENCA,1775,mercury_sales,MONTO,143.0
Quito,LOJA Y CUENCA,1779,mercury_sales,MONTO,182.0
Quito,LOJA Y CUENCA,1782,mercury_sales,MONTO,331.0
Quito,LOJA Y CUENCA,1783,mercury_sales,MONTO,106.0
Quito,LOJA Y CUENCA,1784,mercury_sales,MONTO,16.0
Quito,LOJA Y CUENCA,1785,mercury_sales,MONTO,68.0
Quito,LOJA Y CUENCA,1786,mercury_sales,MONTO,125.0
Quito,LOJA Y CUENCA,1787,mercury_sales,MONTO,40.0
Quito,LOJA Y CUENCA,1788,mercury_sales,MONTO,54.0
Quito,LOJA Y CUENCA,1789,mercury_sales,MONTO,73.0
Quito,LOJA Y CUENCA,1790,mercury_sales,MONTO,116.0
Quito,LOJA Y CUENCA,1791,mercury_sales,MONTO,63.0
Quito,LOJA Y CUENCA,1792,mercury_sales,MONTO,60.0
Quito,LOJA Y CUENCA,1793,mercury_sales,MONTO,62.0
Quito,LOJA Y CUENCA,1794,mercury_sales,MONTO,276.0
Quito,LOJA Y CUENCA,1795,mercury_sales,MONTO,112.0
Quito,LOJA Y CUENCA,1796,mercury_sales,MONTO,153.0
Quito,LOJA Y CUENCA,1797,mercury_sales,MONTO,51.0
Quito,LOJA Y CUENCA,1798,mercury_sales,MONTO,58.0
Quito,LOJA Y CUENCA,1799,mercury_sales,MONTO,2496.0
Quito,LOJA Y CUENCA,1800,mercury_sales,MONTO,200.0
Quito,LOJA Y CUENCA,1801,mercury_sales,MONTO,74.0
Quito,LOJA Y CUENCA,1802,mercury_sales,MONTO,51.0
Quito,QUITO,1702,mercury_sales,MONTO,232.0
Quito,QUITO,1712,mercury_sales,MONTO,50.0
Quito,QUITO,1718,mercury_sales,MONTO,434.0
Quito,QUITO,1719,mercury_sales,MONTO,1171.0
Quito,QUITO,1720,mercury_sales,MONTO,88.0
Quito,QUITO,1721,mercury_sales,MONTO,48.0
Quito,QUITO,1722,mercury_sales,MONTO,72.0
Quito,QUITO,1723,mercury_sales,MONTO,72.0
Quito,QUITO,1727,gold_tax,MONTO,1.0
Quito,QUITO,1727,mercury_sales,MONTO,35.0
Quito,QUITO,1728,mercury_sales,MONTO,187.0
Quito,QUITO,1729,mercury_sales,MONTO,57.0
Quito,QUITO,1730,mercury_sales,MONTO,42.0
Quito,QUITO,1731,mercury_sales,MONTO,4691.0
Quito,QUITO,1732,mercury_sales,MONTO,42.0
Quito,QUITO,1734,gold_tax,MONTO,345.0
Quito,QUITO,1734,mercury_sales,MONTO,239.0
Quito,QUITO,1735,mercury_sales,MONTO,106.0
Quito,QUITO,1763,gold_other,MONTO,8720.0
Quito,QUITO,1763,mercury_sales,MONTO,308.0
Quito,QUITO,1768,mercury_sales,MONTO,2.0
Quito,QUITO,1770,mercury_sales,MONTO,188.0
Quito,QUITO,1771,mercury_sales,MONTO,277.0
Quito,QUITO,1772,mercury_sales,MONTO,16.0
Quito,QUITO,1773,mercury_sales,MONTO,12236.0
Quito,QUITO,1774,mercury_sales,MONTO,20.0
Quito,QUITO,1775,mercury_sales,MONTO,168.0
Quito,QUITO,1776,mercury_sales,MONTO,20.0
Quito,QUITO,1777,mercury_sales,MONTO,28.0
Quito,QUITO,1778,mercury_sales,MONTO,138.0
Quito,QUITO,1779,mercury_sales,MONTO,130.0
Quito,QUITO,1780,mercury_sales,MONTO,276.0
Quito,QUITO,1781,mercury_sales,MONTO,219.0
Quito,QUITO,1782,mercury_sales,MONTO,132.0
Quito,QUITO,1783,mercury_sales,MONTO,199.0
Quito,QUITO,1784,mercury_sales,MONTO,566.0
Quito,QUITO,1785,gold_tax,MONTO,28.0
Quito,QUITO,1785,mercury_sales,MONTO,187.0
Quito,QUITO,1786,mercury_sales,MONTO,4725.0
Quito,QUITO,1786,silver_tax,MONTO,65.0
Quito,QUITO,1789,mercury_sales,MONTO,85.0
Quito,QUITO,1790,mercury_sales,MONTO,43.0
Quito,QUITO,1791,mercury_sales,MONTO,247.0
Quito,QUITO,1792,mercury_sales,MONTO,128.0
Quito,QUITO,1793,mercury_sales,MONTO,46.0
Quito,QUITO,1794,mercury_sales,MONTO,565.0
Quito,QUITO,1795,mercury_sales,MONTO,228.0
Quito,QUITO,1796,mercury_sales,MONTO,42.0
Quito,QUITO,1797,mercury_sales,MONTO,666.0
Quito,QUITO,1798,mercury_sales,MONTO,80.0
Quito,QUITO,1799,mercury_sales,MONTO,92.0
Quito,QUITO,1800,mercury_sales,MONTO,126.0
Quito,QUITO,1801,mercury_sales,MONTO,187.0
Quito,QUITO,1802,mercury_sales,MONTO,138.0
Quito,QUITO,1803,mercury_sales,MONTO,115.0
Quito,QUITO,1812,mercury_sales,MONTO,38.0
Quito,QUITO,1813,mercury_sales,MONTO,13.0
Rio de la Plata,BUENOS AIRES,1634,silver_tax,OCHO,71.0
Rio de la Plata,BUENOS AIRES,1637,silver_tax,OCHO,58.0
Rio de la Plata,BUENOS AIRES,1638,silver_tax,OCHO,105.0
Rio de la Plata,BUENOS AIRES,1749,silver_tax,OCHO,206.0
Rio de la Plata,BUENOS AIRES,1760,silver_other,OCHO,72.0
Rio de la Plata,BUENOS AIRES,1760,silver_tax,OCHO,477.0
Rio de la Plata,BUENOS AIRES,1785,gold_tax,OCHO,37.0
Rio de la Plata,BUENOS AIRES,1785,mercury_sales,OCHO,308423.0
Rio de la Plata,BUENOS AIRES,1786,gold_tax,OCHO,1582.0
Rio de la Plata,BUENOS AIRES,1786,mercury_sales,OCHO,267202.0
Rio de la Plata,BUENOS AIRES,1786,silver_tax,OCHO,1288.0
Rio de la Plata,BUENOS AIRES,1787,gold_tax,OCHO,1281.0
Rio de la Plata,BUENOS AIRES,1787,mercury_sales,OCHO,666863.0
Rio de la Plata,BUENOS AIRES,1787,silver_tax,OCHO,1242.0
Rio de la Plata,BUENOS AIRES,1788,gold_tax,OCHO,922.0
Rio de la Plata,BUENOS AIRES,1788,mercury_sales,OCHO,747154.0
Rio de la Plata,BUENOS AIRES,1788,silver_tax,OCHO,486.0
Rio de la Plata,BUENOS AIRES,1789,gold_tax,OCHO,369.0
Rio de la Plata,BUENOS AIRES,1789,mercury_sales,OCHO,181068.0
Rio de la Plata,BUENOS AIRES,1789,silver_tax,OCHO,835.0
Rio de la Plata,BUENOS AIRES,1790,gold_tax,OCHO,804.0
Rio de la Plata,BUENOS AIRES,1790,mercury_sales,OCHO,110688.0
Rio de la Plata,BUENOS AIRES,1790,silver_tax,OCHO,1297.0
Rio de la Plata,BUENOS AIRES,1791,gold_tax,OCHO,1281.0
Rio de la Plata,BUENOS AIRES,1791,mercury_sales,OCHO,200465.0
Rio de la Plata,BUENOS AIRES,1791,silver_tax,OCHO,838.0
Rio de la Plata,BUENOS AIRES,1792,gold_tax,OCHO,1142.0
Rio de la Plata,BUENOS AIRES,1792,mercury_sales,OCHO,226483.0
Rio de la Plata,BUENOS AIRES,1792,silver_tax,OCHO,632.0
Rio de la Plata,BUENOS AIRES,1793,gold_tax,OCHO,891.0
Rio de la Plata,BUENOS AIRES,1793,silver_tax,OCHO,938.0
Rio de la Plata,BUENOS AIRES,1794,gold_tax,OCHO,953.0
Rio de la Plata,BUENOS AIRES,1794,mercury_sales,OCHO,359081.0
Rio de la Plata,BUENOS AIRES,1794,silver_tax,OCHO,457.0
Rio de la Plata,BUENOS AIRES,1795,gold_tax,OCHO,1392.0
Rio de la Plata,BUENOS AIRES,1795,silver_tax,OCHO,543.0
Rio de la Plata,BUENOS AIRES,1796,gold_tax,OCHO,1331.0
Rio de la Plata,BUENOS AIRES,1796,mercury_sales,OCHO,105256.0
Rio de la Plata,BUENOS AIRES,1796,silver_tax,OCHO,293.0
Rio de la Plata,BUENOS AIRES,1797,gold_tax,OCHO,623.0
Rio de la Plata,BUENOS AIRES,1797,mercury_sales,OCHO,256088.0
Rio de la Plata,BUENOS AIRES,1797,silver_tax,OCHO,92.0
Rio de la Plata,BUENOS AIRES,1798,gold_tax,OCHO,140.0
Rio de la Plata,BUENOS AIRES,1798,mercury_sales,OCHO,175104.0
Rio de la Plata,BUENOS AIRES,1799,mercury_sales,OCHO,53325.0
Rio de la Plata,BUENOS AIRES,1799,silver_tax,OCHO,8.0
Rio de la Plata,BUENOS AIRES,1800,gold_tax,OCHO,3.0
Rio de la Plata,BUENOS AIRES,1800,mercury_sales,OCHO,206000.0
Rio de la Plata,BUENOS AIRES,1801,gold_tax,OCHO,81.0
Rio de la Plata,BUENOS AIRES,1801,mercury_sales,OCHO,6848.0
Rio de la Plata,BUENOS AIRES,1801,silver_tax,OCHO,11.0
Rio de la Plata,BUENOS AIRES,1802,gold_tax,OCHO,915.0
Rio de la Plata,BUENOS AIRES,1802,mercury_sales,OCHO,953.0
Rio de la Plata,BUENOS AIRES,1802,silver_tax,OCHO,1506.0
Rio de la Plata,BUENOS AIRES,1803,gold_tax,OCHO,1245.0
Rio de la Plata,BUENOS AIRES,1803,mercury_sales,OCHO,2225.0
Rio de la Plata,BUENOS AIRES,1803,silver_tax,OCHO,644.0
Rio de la Plata,BUENOS AIRES,1804,gold_tax,OCHO,20063.0
Rio de la Plata,BUENOS AIRES,1804,mercury_sales,OCHO,212322.0
Rio de la Plata,BUENOS AIRES,1804,silver_tax,OCHO,375920.0
Rio de la Plata,BUENOS AIRES,1805,gold_tax,OCHO,20273.0
Rio de la Plata,BUENOS AIRES,1805,mercury_sales,OCHO,183520.0
Rio de la Plata,BUENOS AIRES,1805,silver_tax,OCHO,338098.0
Rio de la Plata,BUENOS AIRES,1807,mercury_sales,OCHO,50928.0
Rio de la Plata,BUENOS AIRES,1808,mercury_sales,OCHO,42629.0
Rio de la Plata,BUENOS AIRES,1809,mercury_sales,OCHO,63161.0
Rio de la Plata,CORDOBA DE TUCUMAN,1765,silver_other,OCHO,592.0
Rio de la Plata,CORDOBA DE TUCUMAN,1768,silver_other,OCHO,263.0
Rio de la Plata,CORDOBA DE TUCUMAN,1769,silver_other,OCHO,133.0
Rio de la Plata,CORDOBA DE TUCUMAN,1785,gold_other,OCHO,434.0
Rio de la Plata,CORDOBA DE TUCUMAN,1785,gold_tax,OCHO,21.0
Rio de la Plata,CORDOBA DE TUCUMAN,1786,gold_tax,OCHO,118.0
Rio de la Plata,CORDOBA DE TUCUMAN,1787,gold_other,OCHO,206.0
Rio de la Plata,CORDOBA DE TUCUMAN,1787,gold_tax,OCHO,88.0
Rio de la Plata,CORDOBA DE TUCUMAN,1792,gold_tax,OCHO,27.0
Rio de la Plata,CORDOBA DE TUCUMAN,1793,gold_tax,OCHO,6.0
Rio de la Plata,CORDOBA DE TUCUMAN,1794,mercury_sales,OCHO,76.0
Rio de la Plata,CORDOBA DE TUCUMAN,1795,mercury_sales,OCHO,116.0
Rio de la Plata,CORDOBA DE TUCUMAN,1796,mercury_sales,OCHO,39.0
Rio de la Plata,CORDOBA DE TUCUMAN,1798,mercury_sales,OCHO,154.0
Rio de la Plata,CORDOBA DE TUCUMAN,1801,gold_tax,OCHO,74.0
Rio de la Plata,CORDOBA DE TUCUMAN,1801,mercury_sales,OCHO,961.0
Rio de la Plata,CORDOBA DE TUCUMAN,1807,mercury_sales,OCHO,444.0
Rio de la Plata,CORDOBA DE TUCUMAN,1807,silver_tax,OCHO,710.0
Rio de la Plata,CORDOBA DE TUCUMAN,1808,mercury_sales,OCHO,666.0
Rio de la Plata,CORDOBA DE TUCUMAN,1809,mercury_sales,OCHO,222.0
Rio de la Plata,CORDOBA DE TUCUMAN,1810,mercury_sales,OCHO,222.0
Rio de la Plata,CORDOBA DE TUCUMAN,1816,mercury_sales,OCHO,1686.0
Rio de la Plata,JUJUI,1781,mercury_sales,OCHO,558.0
Rio de la Plata,LA RIOJA,1803,silver_tax,OCHO,29.0
Rio de la Plata,LA RIOJA,1806,silver_tax,OCHO,609.0
Rio de la Plata,LA RIOJA,1807,silver_tax,OCHO,29.0
Rio de la Plata,LA RIOJA,1811,mercury_sales,OCHO,13323.0
Rio de la Plata,LA RIOJA,1811,silver_tax,OCHO,1952.0
Rio de la Plata,LA RIOJA,1812,mercury_sales,OCHO,1481.0
Rio de la Plata,LA RIOJA,1813,mercury_sales,OCHO,306.0
Rio de la Plata,MONTEVIDEO,1791,mercury_sales,OCHO,1497.0
Rio de la Plata,MONTEVIDEO,1792,mercury_sales,OCHO,7.0
Rio de la Plata,MONTEVIDEO,1794,mercury_sales,OCHO,198.0
Rio de la Plata,MONTEVIDEO,1795,mercury_sales,OCHO,65.0
Rio de la Plata,MONTEVIDEO,1796,mercury_sales,OCHO,557.0
Rio de la Plata,SALTA,1779,silver_other,OCHO,2049.0
Rio de la Plata,SALTA,1793,mercury_sales,OCHO,210.0
Rio de la Plata,SALTA,1794,mercury_sales,OCHO,316.0
Rio de la Plata,SALTA,1805,mercury_sales,OCHO,219.0
Rio de la Plata,SAN JUAN,1793,gold_tax,OCHO,223.0
Rio de la Plata,SAN JUAN,1794,gold_tax,OCHO,29.0
Rio de la Plata,SAN JUAN,1794,mercury_sales,OCHO,158.0
Rio de la Plata,SAN JUAN,1795,gold_tax,OCHO,302.0
Rio de la Plata,SAN JUAN,1795,mercury_sales,OCHO,85.0
Rio de la Plata,SAN JUAN,1796,gold_tax,OCHO,248.0
Rio de la Plata,SAN JUAN,1796,mercury_sales,OCHO,156.0
Rio de la Plata,SAN JUAN,1797,gold_tax,OCHO,87.0
Rio de la Plata,SAN JUAN,1797,mercury_sales,OCHO,664.0
Rio de la Plata,SAN JUAN,1798,gold_tax,OCHO,173.0
Rio de la Plata,SAN JUAN,1798,mercury_sales,OCHO,1106.0
Rio de la Plata,SAN JUAN,1799,gold_tax,OCHO,144.0
Rio de la Plata,SAN JUAN,1799,mercury_sales,OCHO,228.0
Rio de la Plata,SAN JUAN,1800,mercury_sales,OCHO,329.0
Rio de la Plata,SAN JUAN,1800,silver_tax,OCHO,1006.0
Rio de la Plata,SAN JUAN,1801,gold_tax,OCHO,374.0
Rio de la Plata,SAN JUAN,1801,mercury_sales,OCHO,329.0
Rio de la Plata,SAN JUAN,1802,gold_tax,OCHO,475.0
Rio de la Plata,SAN JUAN,1802,mercury_sales,OCHO,329.0
Rio de la Plata,SAN JUAN,1803,gold_tax,OCHO,363.0
Rio de la Plata,SAN JUAN,1803,mercury_sales,OCHO,342.0
Rio de la Plata,SAN JUAN,1804,gold_tax,OCHO,274.0
Rio de la Plata,SAN JUAN,1805,gold_tax,OCHO,281.0
Rio de la Plata,SAN JUAN,1806,gold_tax,OCHO,369.0
Rio de la Plata,SAN JUAN,1806,mercury_sales,OCHO,4380.0
Rio de la Plata,SAN JUAN,1807,gold_tax,OCHO,666.0
Rio de la Plata,SAN JUAN,1807,mercury_sales,OCHO,444.0
Rio de la Plata,SAN JUAN,1808,gold_tax,OCHO,837.0
Rio de la Plata,SAN JUAN,1808,mercury_sales,OCHO,660.0
Rio de la Plata,SAN JUAN,1810,gold_tax,OCHO,219.0
Rio de la Plata,SAN JUAN,1810,mercury_sales,OCHO,750.0
Rio de la Plata,SAN JUAN,1811,gold_tax,OCHO,1092.0
Rio de la Plata,SAN JUAN,1811,mercury_sales,OCHO,650.0
Rio de la Plata,SAN JUAN,1814,mercury_sales,OCHO,525.0
Rio de la Plata,SANTIAGO DEL ESTERO,1767,silver_other,OCHO,840.0
Rio de la Plata,SANTIAGO DEL ESTERO,1768,silver_other,OCHO,521.0
Rio de la Plata,SANTIAGO DEL ESTERO,1770,silver_other,OCHO,153.0
Rio de la Plata,SANTIAGO DEL ESTERO,1772,silver_other,OCHO,292.0
Rio de la Plata,SANTIAGO DEL ESTERO,1774,silver_other,OCHO,426.0
Rio de la Plata,TUCUMAN,1780,mercury_sales,OCHO,558.0
Rio de la Plata,TUCUMAN,1783,mercury_sales,OCHO,459.0
Upper Peru (Charcas),ARICA,1634,silver_other,ENSAYADOS,801971.0
Upper Peru (Charcas),ARICA,1634,silver_other,OCHO,892883.0
Upper Peru (Charcas),ARICA,1780,mercury_sales,OCHO,6629.0
Upper Peru (Charcas),ARICA,1780,silver_tax,OCHO,86872.0
Upper Peru (Charcas),ARICA,1782,gold_tax,OCHO,1820.0
Upper Peru (Charcas),ARICA,1782,mercury_sales,OCHO,3479.0
Upper Peru (Charcas),ARICA,1782,silver_tax,OCHO,27060.0
Upper Peru (Charcas),ARICA,1783,gold_tax,OCHO,80.0
Upper Peru (Charcas),ARICA,1783,mercury_sales,OCHO,3814.0
Upper Peru (Charcas),ARICA,1783,silver_tax,OCHO,12840.0
Upper Peru (Charcas),ARICA,1784,mercury_sales,OCHO,197.0
Upper Peru (Charcas),ARICA,1784,silver_tax,OCHO,19264.0
Upper Peru (Charcas),ARICA,1785,mercury_sales,OCHO,6507.0
Upper Peru (Charcas),ARICA,1785,silver_tax,OCHO,22757.0
Upper Peru (Charcas),ARICA,1786,mercury_sales,OCHO,19747.0
Upper Peru (Charcas),ARICA,1786,silver_tax,OCHO,34749.0
Upper Peru (Charcas),ARICA,1787,mercury_sales,OCHO,17823.0
Upper Peru (Charcas),ARICA,1787,silver_other,OCHO,3653.0
Upper Peru (Charcas),ARICA,1787,silver_tax,OCHO,24062.0
Upper Peru (Charcas),ARICA,1788,mercury_sales,OCHO,23123.0
Upper Peru (Charcas),ARICA,1788,silver_other,OCHO,4105.0
Upper Peru (Charcas),ARICA,1788,silver_tax,OCHO,27074.0
Upper Peru (Charcas),ARICA,1789,mercury_sales,OCHO,25931.0
Upper Peru (Charcas),ARICA,1789,silver_other,OCHO,3787.0
Upper Peru (Charcas),ARICA,1789,silver_tax,OCHO,24940.0
Upper Peru (Charcas),ARICA,1790,mercury_sales,OCHO,17676.0
Upper Peru (Charcas),ARICA,1790,silver_tax,OCHO,16954.0
Upper Peru (Charcas),ARICA,1791,mercury_sales,OCHO,1482.0
Upper Peru (Charcas),ARICA,1791,silver_tax,OCHO,24005.0
Upper Peru (Charcas),ARICA,1792,mercury_sales,OCHO,1105.0
Upper Peru (Charcas),ARICA,1792,silver_tax,OCHO,27359.0
Upper Peru (Charcas),ARICA,1793,silver_tax,OCHO,26589.0
Upper Peru (Charcas),ARICA,1794,mercury_sales,OCHO,70.0
Upper Peru (Charcas),ARICA,1794,silver_tax,OCHO,31363.0
Upper Peru (Charcas),ARICA,1795,mercury_sales,OCHO,1783.0
Upper Peru (Charcas),ARICA,1795,silver_tax,OCHO,27150.0
Upper Peru (Charcas),ARICA,1796,gold_tax,OCHO,9.0
Upper Peru (Charcas),ARICA,1796,mercury_sales,OCHO,4373.0
Upper Peru (Charcas),ARICA,1796,silver_tax,OCHO,35157.0
Upper Peru (Charcas),ARICA,1797,gold_tax,OCHO,51.0
Upper Peru (Charcas),ARICA,1797,mercury_sales,OCHO,1197.0
Upper Peru (Charcas),ARICA,1797,silver_tax,OCHO,37593.0
Upper Peru (Charcas),ARICA,1798,mercury_sales,OCHO,1894.0
Upper Peru (Charcas),ARICA,1798,silver_tax,OCHO,57058.0
Upper Peru (Charcas),ARICA,1799,mercury_sales,OCHO,5992.0
Upper Peru (Charcas),ARICA,1799,silver_tax,OCHO,30626.0
Upper Peru (Charcas),ARICA,1800,mercury_sales,OCHO,4973.0
Upper Peru (Charcas),ARICA,1800,silver_tax,OCHO,36741.0
Upper Peru (Charcas),ARICA,1801,mercury_sales,OCHO,4416.0
Upper Peru (Charcas),ARICA,1801,silver_tax,OCHO,20733.0
Upper Peru (Charcas),ARICA,1803,silver_tax,OCHO,13962.0
Upper Peru (Charcas),ARICA,1804,mercury_sales,OCHO,1095.0
Upper Peru (Charcas),ARICA,1804,silver_tax,OCHO,15199.0
Upper Peru (Charcas),ARICA,1805,gold_tax,OCHO,1.0
Upper Peru (Charcas),ARICA,1805,mercury_sales,OCHO,6786.0
Upper Peru (Charcas),ARICA,1805,silver_tax,OCHO,17460.0
Upper Peru (Charcas),ARICA,1806,mercury_sales,OCHO,13105.0
Upper Peru (Charcas),ARICA,1806,silver_tax,OCHO,8317.0
Upper Peru (Charcas),ARICA,1807,mercury_sales,OCHO,9263.0
Upper Peru (Charcas),ARICA,1807,silver_tax,OCHO,4330.0
Upper Peru (Charcas),ARICA,1808,mercury_sales,OCHO,6633.0
Upper Peru (Charcas),ARICA,1808,silver_tax,OCHO,10836.0
Upper Peru (Charcas),ARICA,1809,mercury_sales,OCHO,2640.0
Upper Peru (Charcas),ARICA,1809,silver_tax,OCHO,9389.0
Upper Peru (Charcas),ARICA,1811,mercury_sales,OCHO,1947.0
Upper Peru (Charcas),ARICA,1811,silver_tax,OCHO,10353.0
Upper Peru (Charcas),ARICA,1812,mercury_sales,OCHO,1575.0
Upper Peru (Charcas),ARICA,1812,silver_tax,OCHO,15926.0
Upper Peru (Charcas),ARICA,1815,mercury_sales,OCHO,202.0
Upper Peru (Charcas),ARICA,1815,silver_tax,OCHO,2486.0
Upper Peru (Charcas),ARICA,1817,gold_tax,OCHO,98.0
Upper Peru (Charcas),ARICA,1817,silver_tax,OCHO,1004.0
Upper Peru (Charcas),ARICA,1818,silver_tax,OCHO,2367.0
Upper Peru (Charcas),ARICA,1819,silver_tax,OCHO,5438.0
Upper Peru (Charcas),CARANGAS,1652,mercury_sales,ENSAYADOS,18301.0
Upper Peru (Charcas),CARANGAS,1652,silver_tax,ENSAYADOS,26992.0
Upper Peru (Charcas),CARANGAS,1653,mercury_sales,ENSAYADOS,17460.0
Upper Peru (Charcas),CARANGAS,1653,silver_tax,ENSAYADOS,50411.0
Upper Peru (Charcas),CARANGAS,1654,mercury_sales,ENSAYADOS,11749.0
Upper Peru (Charcas),CARANGAS,1654,silver_tax,ENSAYADOS,34675.0
Upper Peru (Charcas),CARANGAS,1656,mercury_sales,ENSAYADOS,17983.0
Upper Peru (Charcas),CARANGAS,1656,silver_tax,ENSAYADOS,33320.0
Upper Peru (Charcas),CARANGAS,1657,mercury_sales,ENSAYADOS,12725.0
Upper Peru (Charcas),CARANGAS,1657,silver_tax,ENSAYADOS,25863.0
Upper Peru (Charcas),CARANGAS,1658,mercury_sales,ENSAYADOS,13342.0
Upper Peru (Charcas),CARANGAS,1658,silver_tax,ENSAYADOS,28247.0
Upper Peru (Charcas),CARANGAS,1659,mercury_sales,ENSAYADOS,6025.0
Upper Peru (Charcas),CARANGAS,1659,silver_tax,ENSAYADOS,21073.0
Upper Peru (Charcas),CARANGAS,1660,mercury_sales,ENSAYADOS,8796.0
Upper Peru (Charcas),CARANGAS,1660,silver_tax,ENSAYADOS,25300.0
Upper Peru (Charcas),CARANGAS,1661,mercury_sales,ENSAYADOS,6174.0
Upper Peru (Charcas),CARANGAS,1661,silver_tax,ENSAYADOS,12477.0
Upper Peru (Charcas),CARANGAS,1684,mercury_sales,ENSAYADOS,6893.0
Upper Peru (Charcas),CARANGAS,1684,silver_tax,ENSAYADOS,11495.0
Upper Peru (Charcas),CARANGAS,1686,mercury_sales,ENSAYADOS,7070.0
Upper Peru (Charcas),CARANGAS,1686,silver_tax,ENSAYADOS,11643.0
Upper Peru (Charcas),CARANGAS,1689,mercury_sales,ENSAYADOS,5725.0
Upper Peru (Charcas),CARANGAS,1689,silver_tax,ENSAYADOS,8965.0
Upper Peru (Charcas),CARANGAS,1690,mercury_sales,ENSAYADOS,6078.0
Upper Peru (Charcas),CARANGAS,1690,silver_tax,ENSAYADOS,11086.0
Upper Peru (Charcas),CARANGAS,1691,mercury_sales,ENSAYADOS,5653.0
Upper Peru (Charcas),CARANGAS,1691,silver_tax,ENSAYADOS,13080.0
Upper Peru (Charcas),CARANGAS,1692,mercury_sales,ENSAYADOS,6740.0
Upper Peru (Charcas),CARANGAS,1692,silver_tax,ENSAYADOS,12008.0
Upper Peru (Charcas),CARANGAS,1693,mercury_sales,ENSAYADOS,4676.0
Upper Peru (Charcas),CARANGAS,1693,silver_tax,ENSAYADOS,12895.0
Upper Peru (Charcas),CARANGAS,1694,mercury_sales,ENSAYADOS,5011.0
Upper Peru (Charcas),CARANGAS,1694,silver_tax,ENSAYADOS,10427.0
Upper Peru (Charcas),CARANGAS,1695,mercury_sales,ENSAYADOS,4234.0
Upper Peru (Charcas),CARANGAS,1695,silver_tax,ENSAYADOS,10878.0
Upper Peru (Charcas),CARANGAS,1718,mercury_sales,ENSAYADOS,3058.0
Upper Peru (Charcas),CARANGAS,1718,silver_tax,ENSAYADOS,6914.0
Upper Peru (Charcas),CARANGAS,1719,mercury_sales,ENSAYADOS,3220.0
Upper Peru (Charcas),CARANGAS,1719,silver_tax,ENSAYADOS,5218.0
Upper Peru (Charcas),CARANGAS,1720,mercury_sales,ENSAYADOS,4756.0
Upper Peru (Charcas),CARANGAS,1720,silver_tax,ENSAYADOS,4550.0
Upper Peru (Charcas),CARANGAS,1721,mercury_sales,ENSAYADOS,3855.0
Upper Peru (Charcas),CARANGAS,1721,silver_tax,ENSAYADOS,5007.0
Upper Peru (Charcas),CARANGAS,1722,mercury_sales,ENSAYADOS,3212.0
Upper Peru (Charcas),CARANGAS,1722,silver_tax,ENSAYADOS,4763.0
Upper Peru (Charcas),CARANGAS,1723,mercury_sales,ENSAYADOS,3280.0
Upper Peru (Charcas),CARANGAS,1723,silver_tax,ENSAYADOS,5576.0
Upper Peru (Charcas),CARANGAS,1724,mercury_sales,ENSAYADOS,1065.0
Upper Peru (Charcas),CARANGAS,1724,silver_tax,ENSAYADOS,8146.0
Upper Peru (Charcas),CARANGAS,1725,mercury_sales,ENSAYADOS,768.0
Upper Peru (Charcas),CARANGAS,1725,silver_tax,ENSAYADOS,7346.0
Upper Peru (Charcas),CARANGAS,1726,silver_tax,ENSAYADOS,6892.0
Upper Peru (Charcas),CARANGAS,1727,mercury_sales,ENSAYADOS,1863.0
Upper Peru (Charcas),CARANGAS,1727,silver_tax,ENSAYADOS,8322.0
Upper Peru (Charcas),CARANGAS,1728,mercury_sales,ENSAYADOS,1180.0
Upper Peru (Charcas),CARANGAS,1728,silver_tax,ENSAYADOS,8370.0
Upper Peru (Charcas),CARANGAS,1729,mercury_sales,ENSAYADOS,674.0
Upper Peru (Charcas),CARANGAS,1729,silver_tax,ENSAYADOS,8335.0
Upper Peru (Charcas),CARANGAS,1730,silver_tax,ENSAYADOS,8286.0
Upper Peru (Charcas),CARANGAS,1731,mercury_sales,ENSAYADOS,1262.0
Upper Peru (Charcas),CARANGAS,1731,silver_tax,ENSAYADOS,6185.0
Upper Peru (Charcas),CARANGAS,1732,mercury_sales,ENSAYADOS,32.0
Upper Peru (Charcas),CARANGAS,1732,silver_tax,ENSAYADOS,4910.0
Upper Peru (Charcas),CARANGAS,1735,mercury_sales,ENSAYADOS,1050.0
Upper Peru (Charcas),CARANGAS,1735,silver_tax,ENSAYADOS,10803.0
Upper Peru (Charcas),CARANGAS,1736,mercury_sales,ENSAYADOS,2874.0
Upper Peru (Charcas),CARANGAS,1736,silver_tax,ENSAYADOS,7319.0
Upper Peru (Charcas),CARANGAS,1743,silver_tax,OCHO,9564.0
Upper Peru (Charcas),CARANGAS,1745,silver_tax,OCHO,6129.0
Upper Peru (Charcas),CARANGAS,1746,silver_tax,OCHO,10039.0
Upper Peru (Charcas),CARANGAS,1747,silver_tax,OCHO,8113.0
Upper Peru (Charcas),CARANGAS,1749,silver_tax,OCHO,5964.0
Upper Peru (Charcas),CARANGAS,1750,silver_tax,OCHO,6528.0
Upper Peru (Charcas),CARANGAS,1751,silver_tax,OCHO,7573.0
Upper Peru (Charcas),CARANGAS,1754,silver_tax,OCHO,8572.0
Upper Peru (Charcas),CARANGAS,1757,silver_tax,OCHO,21193.0
Upper Peru (Charcas),CARANGAS,1758,silver_tax,OCHO,16253.0
Upper Peru (Charcas),CARANGAS,1759,silver_tax,OCHO,21321.0
Upper Peru (Charcas),CARANGAS,1764,silver_other,OCHO,1889.0
Upper Peru (Charcas),CARANGAS,1764,silver_tax,OCHO,12402.0
Upper Peru (Charcas),CARANGAS,1765,silver_other,OCHO,2048.0
Upper Peru (Charcas),CARANGAS,1765,silver_tax,OCHO,13398.0
Upper Peru (Charcas),CARANGAS,1766,silver_other,OCHO,2186.0
Upper Peru (Charcas),CARANGAS,1766,silver_tax,OCHO,14359.0
Upper Peru (Charcas),CARANGAS,1767,silver_other,OCHO,1499.0
Upper Peru (Charcas),CARANGAS,1767,silver_tax,OCHO,9837.0
Upper Peru (Charcas),CARANGAS,1768,silver_other,OCHO,1485.0
Upper Peru (Charcas),CARANGAS,1768,silver_tax,OCHO,9815.0
Upper Peru (Charcas),CARANGAS,1769,silver_other,OCHO,2056.0
Upper Peru (Charcas),CARANGAS,1769,silver_tax,OCHO,13561.0
Upper Peru (Charcas),CARANGAS,1770,silver_other,OCHO,1465.0
Upper Peru (Charcas),CARANGAS,1770,silver_tax,OCHO,9618.0
Upper Peru (Charcas),CARANGAS,1771,silver_other,OCHO,1000.0
Upper Peru (Charcas),CARANGAS,1771,silver_tax,OCHO,6565.0
Upper Peru (Charcas),CARANGAS,1772,silver_other,OCHO,3033.0
Upper Peru (Charcas),CARANGAS,1772,silver_tax,OCHO,19913.0
Upper Peru (Charcas),CARANGAS,1773,silver_other,OCHO,2565.0
Upper Peru (Charcas),CARANGAS,1773,silver_tax,OCHO,16841.0
Upper Peru (Charcas),CARANGAS,1774,silver_other,OCHO,3019.0
Upper Peru (Charcas),CARANGAS,1774,silver_tax,OCHO,19827.0
Upper Peru (Charcas),CARANGAS,1775,silver_other,OCHO,4871.0
Upper Peru (Charcas),CARANGAS,1775,silver_tax,OCHO,31986.0
Upper Peru (Charcas),CARANGAS,1776,mercury_sales,OCHO,22179.0
Upper Peru (Charcas),CARANGAS,1776,silver_other,OCHO,4209.0
Upper Peru (Charcas),CARANGAS,1776,silver_tax,OCHO,27659.0
Upper Peru (Charcas),CARANGAS,1777,mercury_sales,OCHO,34529.0
Upper Peru (Charcas),CARANGAS,1777,silver_tax,OCHO,29160.0
Upper Peru (Charcas),CARANGAS,1778,mercury_sales,OCHO,9686.0
Upper Peru (Charcas),CARANGAS,1778,silver_tax,OCHO,23850.0
Upper Peru (Charcas),CARANGAS,1779,silver_tax,OCHO,1777.0
Upper Peru (Charcas),CARANGAS,1784,mercury_sales,OCHO,2751.0
Upper Peru (Charcas),CARANGAS,1784,silver_tax,OCHO,17569.0
Upper Peru (Charcas),CARANGAS,1785,mercury_sales,OCHO,6936.0
Upper Peru (Charcas),CARANGAS,1785,silver_tax,OCHO,12855.0
Upper Peru (Charcas),CARANGAS,1786,silver_tax,OCHO,6234.0
Upper Peru (Charcas),CARANGAS,1787,mercury_sales,OCHO,10660.0
Upper Peru (Charcas),CARANGAS,1787,silver_tax,OCHO,10518.0
Upper Peru (Charcas),CARANGAS,1788,mercury_sales,OCHO,292.0
Upper Peru (Charcas),CARANGAS,1788,silver_tax,OCHO,5327.0
Upper Peru (Charcas),CARANGAS,1789,mercury_sales,OCHO,2446.0
Upper Peru (Charcas),CARANGAS,1789,silver_tax,OCHO,17896.0
Upper Peru (Charcas),CARANGAS,1790,mercury_sales,OCHO,1022.0
Upper Peru (Charcas),CARANGAS,1790,silver_tax,OCHO,22169.0
Upper Peru (Charcas),CARANGAS,1791,mercury_sales,OCHO,5698.0
Upper Peru (Charcas),CARANGAS,1791,silver_tax,OCHO,21439.0
Upper Peru (Charcas),CARANGAS,1793,mercury_sales,OCHO,481.0
Upper Peru (Charcas),CARANGAS,1793,silver_tax,OCHO,11213.0
Upper Peru (Charcas),CARANGAS,1794,mercury_sales,OCHO,1636.0
Upper Peru (Charcas),CARANGAS,1794,silver_tax,OCHO,9658.0
Upper Peru (Charcas),CARANGAS,1795,mercury_sales,OCHO,3375.0
Upper Peru (Charcas),CARANGAS,1795,silver_tax,OCHO,3786.0
Upper Peru (Charcas),CARANGAS,1796,mercury_sales,OCHO,2511.0
Upper Peru (Charcas),CARANGAS,1796,silver_tax,OCHO,4313.0
Upper Peru (Charcas),CARANGAS,1797,mercury_sales,OCHO,3462.0
Upper Peru (Charcas),CARANGAS,1797,silver_tax,OCHO,4397.0
Upper Peru (Charcas),CARANGAS,1798,mercury_sales,OCHO,3192.0
Upper Peru (Charcas),CARANGAS,1798,silver_tax,OCHO,10167.0
Upper Peru (Charcas),CARANGAS,1799,mercury_sales,OCHO,11494.0
Upper Peru (Charcas),CARANGAS,1799,silver_tax,OCHO,32460.0
Upper Peru (Charcas),CARANGAS,1800,mercury_sales,OCHO,2779.0
Upper Peru (Charcas),CARANGAS,1800,silver_tax,OCHO,22744.0
Upper Peru (Charcas),CARANGAS,1802,mercury_sales,OCHO,393.0
Upper Peru (Charcas),CARANGAS,1802,silver_tax,OCHO,14393.0
Upper Peru (Charcas),CARANGAS,1803,mercury_sales,OCHO,471.0
Upper Peru (Charcas),CARANGAS,1803,silver_tax,OCHO,20917.0
Upper Peru (Charcas),CHUCUITO,1658,mercury_sales,ENSAYADOS,86650.0
Upper Peru (Charcas),CHUCUITO,1658,silver_tax,ENSAYADOS,134670.0
Upper Peru (Charcas),CHUCUITO,1661,mercury_sales,ENSAYADOS,60748.0
Upper Peru (Charcas),CHUCUITO,1661,silver_tax,ENSAYADOS,114334.0
Upper Peru (Charcas),CHUCUITO,1679,mercury_sales,ENSAYADOS,33979.0
Upper Peru (Charcas),CHUCUITO,1679,silver_tax,ENSAYADOS,91002.0
Upper Peru (Charcas),CHUCUITO,1681,mercury_sales,ENSAYADOS,35502.0
Upper Peru (Charcas),CHUCUITO,1681,silver_tax,ENSAYADOS,89092.0
Upper Peru (Charcas),CHUCUITO,1683,mercury_sales,ENSAYADOS,11774.0
Upper Peru (Charcas),CHUCUITO,1683,silver_tax,ENSAYADOS,102383.0
Upper Peru (Charcas),CHUCUITO,1684,mercury_sales,ENSAYADOS,68059.0
Upper Peru (Charcas),CHUCUITO,1684,silver_tax,ENSAYADOS,134384.0
Upper Peru (Charcas),CHUCUITO,1707,gold_tax,ENSAYADOS,172.0
Upper Peru (Charcas),CHUCUITO,1707,mercury_sales,ENSAYADOS,11518.0
Upper Peru (Charcas),CHUCUITO,1707,silver_tax,ENSAYADOS,12039.0
Upper Peru (Charcas),CHUCUITO,1708,mercury_sales,ENSAYADOS,17288.0
Upper Peru (Charcas),CHUCUITO,1708,silver_tax,ENSAYADOS,28043.0
Upper Peru (Charcas),CHUCUITO,1709,gold_tax,ENSAYADOS,139.0
Upper Peru (Charcas),CHUCUITO,1709,mercury_sales,ENSAYADOS,13967.0
Upper Peru (Charcas),CHUCUITO,1709,silver_tax,ENSAYADOS,13882.0
Upper Peru (Charcas),CHUCUITO,1710,gold_tax,ENSAYADOS,212.0
Upper Peru (Charcas),CHUCUITO,1710,mercury_sales,ENSAYADOS,18005.0
Upper Peru (Charcas),CHUCUITO,1710,silver_tax,ENSAYADOS,8099.0
Upper Peru (Charcas),CHUCUITO,1711,mercury_sales,ENSAYADOS,11227.0
Upper Peru (Charcas),CHUCUITO,1711,silver_tax,ENSAYADOS,5742.0
Upper Peru (Charcas),CHUCUITO,1712,mercury_sales,ENSAYADOS,14537.0
Upper Peru (Charcas),CHUCUITO,1712,silver_tax,ENSAYADOS,4779.0
Upper Peru (Charcas),CHUCUITO,1713,gold_tax,ENSAYADOS,100.0
Upper Peru (Charcas),CHUCUITO,1713,mercury_sales,ENSAYADOS,11809.0
Upper Peru (Charcas),CHUCUITO,1713,silver_tax,ENSAYADOS,3176.0
Upper Peru (Charcas),CHUCUITO,1714,gold_tax,ENSAYADOS,106.0
Upper Peru (Charcas),CHUCUITO,1714,mercury_sales,ENSAYADOS,18240.0
Upper Peru (Charcas),CHUCUITO,1714,silver_tax,ENSAYADOS,7460.0
Upper Peru (Charcas),CHUCUITO,1715,gold_tax,ENSAYADOS,384.0
Upper Peru (Charcas),CHUCUITO,1715,mercury_sales,ENSAYADOS,3785.0
Upper Peru (Charcas),CHUCUITO,1715,silver_tax,ENSAYADOS,21748.0
Upper Peru (Charcas),CHUCUITO,1717,mercury_sales,ENSAYADOS,21042.0
Upper Peru (Charcas),CHUCUITO,1717,silver_tax,ENSAYADOS,54095.0
Upper Peru (Charcas),CHUCUITO,1718,gold_tax,ENSAYADOS,1009.0
Upper Peru (Charcas),CHUCUITO,1718,mercury_sales,ENSAYADOS,5634.0
Upper Peru (Charcas),CHUCUITO,1718,silver_tax,ENSAYADOS,73439.0
Upper Peru (Charcas),CHUCUITO,1720,mercury_sales,ENSAYADOS,9245.0
Upper Peru (Charcas),CHUCUITO,1720,silver_tax,ENSAYADOS,11571.0
Upper Peru (Charcas),CHUCUITO,1721,mercury_sales,ENSAYADOS,12517.0
Upper Peru (Charcas),CHUCUITO,1721,silver_tax,ENSAYADOS,11092.0
Upper Peru (Charcas),CHUCUITO,1722,mercury_sales,ENSAYADOS,16124.0
Upper Peru (Charcas),CHUCUITO,1722,silver_tax,ENSAYADOS,29669.0
Upper Peru (Charcas),CHUCUITO,1723,mercury_sales,ENSAYADOS,13891.0
Upper Peru (Charcas),CHUCUITO,1723,silver_tax,ENSAYADOS,22007.0
Upper Peru (Charcas),CHUCUITO,1724,mercury_sales,ENSAYADOS,17107.0
Upper Peru (Charcas),CHUCUITO,1724,silver_tax,ENSAYADOS,50927.0
Upper Peru (Charcas),CHUCUITO,1725,mercury_sales,ENSAYADOS,19239.0
Upper Peru (Charcas),CHUCUITO,1725,silver_tax,ENSAYADOS,59041.0
Upper Peru (Charcas),CHUCUITO,1726,mercury_sales,ENSAYADOS,13559.0
Upper Peru (Charcas),CHUCUITO,1726,silver_tax,ENSAYADOS,40778.0
Upper Peru (Charcas),CHUCUITO,1727,mercury_sales,ENSAYADOS,20180.0
Upper Peru (Charcas),CHUCUITO,1727,silver_tax,ENSAYADOS,49077.0
Upper Peru (Charcas),CHUCUITO,1728,mercury_sales,ENSAYADOS,20281.0
Upper Peru (Charcas),CHUCUITO,1728,silver_tax,ENSAYADOS,40008.0
Upper Peru (Charcas),CHUCUITO,1729,mercury_sales,ENSAYADOS,19007.0
Upper Peru (Charcas),CHUCUITO,1729,silver_tax,ENSAYADOS,44132.0
Upper Peru (Charcas),CHUCUITO,1730,mercury_sales,ENSAYADOS,9293.0
Upper Peru (Charcas),CHUCUITO,1730,silver_tax,ENSAYADOS,40268.0
Upper Peru (Charcas),CHUCUITO,1731,mercury_sales,ENSAYADOS,12690.0
Upper Peru (Charcas),CHUCUITO,1731,silver_tax,ENSAYADOS,33389.0
Upper Peru (Charcas),CHUCUITO,1732,mercury_sales,ENSAYADOS,12590.0
Upper Peru (Charcas),CHUCUITO,1732,silver_tax,ENSAYADOS,30399.0
Upper Peru (Charcas),CHUCUITO,1733,mercury_sales,OCHO,16047.0
Upper Peru (Charcas),CHUCUITO,1733,silver_tax,OCHO,65579.0
Upper Peru (Charcas),CHUCUITO,1734,mercury_sales,OCHO,11965.0
Upper Peru (Charcas),CHUCUITO,1734,silver_tax,OCHO,59539.0
Upper Peru (Charcas),CHUCUITO,1735,gold_tax,OCHO,138.0
Upper Peru (Charcas),CHUCUITO,1735,mercury_sales,OCHO,16318.0
Upper Peru (Charcas),CHUCUITO,1735,silver_tax,OCHO,49024.0
Upper Peru (Charcas),CHUCUITO,1736,mercury_sales,OCHO,23299.0
Upper Peru (Charcas),CHUCUITO,1736,silver_other,OCHO,5188.0
Upper Peru (Charcas),CHUCUITO,1736,silver_tax,OCHO,39033.0
Upper Peru (Charcas),CHUCUITO,1743,silver_tax,OCHO,24014.0
Upper Peru (Charcas),CHUCUITO,1745,silver_tax,OCHO,37167.0
Upper Peru (Charcas),CHUCUITO,1746,silver_tax,OCHO,33750.0
Upper Peru (Charcas),CHUCUITO,1747,silver_tax,OCHO,37870.0
Upper Peru (Charcas),CHUCUITO,1748,silver_tax,OCHO,38377.0
Upper Peru (Charcas),CHUCUITO,1749,silver_tax,OCHO,37592.0
Upper Peru (Charcas),CHUCUITO,1750,silver_tax,OCHO,52832.0
Upper Peru (Charcas),CHUCUITO,1751,silver_tax,OCHO,69879.0
Upper Peru (Charcas),CHUCUITO,1754,silver_tax,OCHO,73673.0
Upper Peru (Charcas),CHUCUITO,1757,silver_tax,OCHO,56719.0
Upper Peru (Charcas),CHUCUITO,1758,silver_tax,OCHO,53517.0
Upper Peru (Charcas),CHUCUITO,1759,silver_tax,OCHO,55583.0
Upper Peru (Charcas),CHUCUITO,1760,silver_tax,OCHO,22543.0
Upper Peru (Charcas),CHUCUITO,1761,silver_tax,OCHO,29572.0
Upper Peru (Charcas),CHUCUITO,1762,silver_tax,OCHO,21096.0
Upper Peru (Charcas),CHUCUITO,1763,silver_tax,OCHO,13762.0
Upper Peru (Charcas),CHUCUITO,1764,silver_tax,OCHO,39673.0
Upper Peru (Charcas),CHUCUITO,1765,silver_other,OCHO,7315.0
Upper Peru (Charcas),CHUCUITO,1765,silver_tax,OCHO,48036.0
Upper Peru (Charcas),CHUCUITO,1766,silver_other,OCHO,5911.0
Upper Peru (Charcas),CHUCUITO,1766,silver_tax,OCHO,38781.0
Upper Peru (Charcas),CHUCUITO,1767,silver_other,OCHO,6993.0
Upper Peru (Charcas),CHUCUITO,1767,silver_tax,OCHO,45913.0
Upper Peru (Charcas),CHUCUITO,1768,silver_other,OCHO,8331.0
Upper Peru (Charcas),CHUCUITO,1768,silver_tax,OCHO,54713.0
Upper Peru (Charcas),CHUCUITO,1769,silver_other,OCHO,5692.0
Upper Peru (Charcas),CHUCUITO,1769,silver_tax,OCHO,37347.0
Upper Peru (Charcas),CHUCUITO,1770,silver_other,OCHO,9152.0
Upper Peru (Charcas),CHUCUITO,1770,silver_tax,OCHO,60097.0
Upper Peru (Charcas),CHUCUITO,1771,silver_other,OCHO,6841.0
Upper Peru (Charcas),CHUCUITO,1771,silver_tax,OCHO,44916.0
Upper Peru (Charcas),CHUCUITO,1772,silver_other,OCHO,5834.0
Upper Peru (Charcas),CHUCUITO,1772,silver_tax,OCHO,38310.0
Upper Peru (Charcas),CHUCUITO,1773,silver_other,OCHO,3741.0
Upper Peru (Charcas),CHUCUITO,1773,silver_tax,OCHO,37485.0
Upper Peru (Charcas),CHUCUITO,1774,silver_tax,OCHO,42598.0
Upper Peru (Charcas),CHUCUITO,1775,silver_tax,OCHO,44030.0
Upper Peru (Charcas),CHUCUITO,1776,mercury_sales,OCHO,53429.0
Upper Peru (Charcas),CHUCUITO,1776,silver_tax,OCHO,36643.0
Upper Peru (Charcas),CHUCUITO,1777,mercury_sales,OCHO,45138.0
Upper Peru (Charcas),CHUCUITO,1777,silver_tax,OCHO,40762.0
Upper Peru (Charcas),CHUCUITO,1778,mercury_sales,OCHO,56872.0
Upper Peru (Charcas),CHUCUITO,1778,silver_tax,OCHO,42697.0
Upper Peru (Charcas),CHUCUITO,1785,mercury_sales,OCHO,17651.0
Upper Peru (Charcas),CHUCUITO,1785,silver_tax,OCHO,48836.0
Upper Peru (Charcas),CHUCUITO,1786,mercury_sales,OCHO,99581.0
Upper Peru (Charcas),CHUCUITO,1786,silver_other,OCHO,4190.0
Upper Peru (Charcas),CHUCUITO,1786,silver_tax,OCHO,27510.0
Upper Peru (Charcas),CHUCUITO,1787,mercury_sales,OCHO,155401.0
Upper Peru (Charcas),CHUCUITO,1787,silver_other,OCHO,5676.0
Upper Peru (Charcas),CHUCUITO,1787,silver_tax,OCHO,37259.0
Upper Peru (Charcas),CHUCUITO,1788,mercury_sales,OCHO,264739.0
Upper Peru (Charcas),CHUCUITO,1788,silver_other,OCHO,4990.0
Upper Peru (Charcas),CHUCUITO,1788,silver_tax,OCHO,32752.0
Upper Peru (Charcas),CHUCUITO,1789,mercury_sales,OCHO,302505.0
Upper Peru (Charcas),CHUCUITO,1789,silver_other,OCHO,159.0
Upper Peru (Charcas),CHUCUITO,1789,silver_tax,OCHO,41800.0
Upper Peru (Charcas),CHUCUITO,1791,mercury_sales,OCHO,302417.0
Upper Peru (Charcas),CHUCUITO,1791,silver_other,OCHO,4984.0
Upper Peru (Charcas),CHUCUITO,1798,mercury_sales,OCHO,34438.0
Upper Peru (Charcas),CHUCUITO,1798,silver_tax,OCHO,40808.0
Upper Peru (Charcas),CHUCUITO,1800,gold_tax,OCHO,92.0
Upper Peru (Charcas),CHUCUITO,1800,mercury_sales,OCHO,21351.0
Upper Peru (Charcas),CHUCUITO,1800,silver_tax,OCHO,40103.0
Upper Peru (Charcas),COCHABAMBA,1787,mercury_sales,OCHO,482.0
Upper Peru (Charcas),COCHABAMBA,1788,mercury_sales,OCHO,4243.0
Upper Peru (Charcas),COCHABAMBA,1789,mercury_sales,OCHO,1904.0
Upper Peru (Charcas),COCHABAMBA,1790,mercury_sales,OCHO,655.0
Upper Peru (Charcas),COCHABAMBA,1791,mercury_sales,OCHO,438.0
Upper Peru (Charcas),COCHABAMBA,1793,gold_tax,OCHO,49.0
Upper Peru (Charcas),COCHABAMBA,1793,mercury_sales,OCHO,71.0
Upper Peru (Charcas),COCHABAMBA,1793,silver_tax,OCHO,27.0
Upper Peru (Charcas),COCHABAMBA,1795,mercury_sales,OCHO,409.0
Upper Peru (Charcas),LA PAZ,1624,silver_tax,OCHO,381.0
Upper Peru (Charcas),LA PAZ,1655,gold_tax,ENSAYADOS,42.0
Upper Peru (Charcas),LA PAZ,1655,mercury_sales,ENSAYADOS,3769.0
Upper Peru (Charcas),LA PAZ,1655,silver_tax,ENSAYADOS,16920.0
Upper Peru (Charcas),LA PAZ,1656,mercury_sales,ENSAYADOS,2942.0
Upper Peru (Charcas),LA PAZ,1656,silver_tax,ENSAYADOS,17387.0
Upper Peru (Charcas),LA PAZ,1657,mercury_sales,ENSAYADOS,6088.0
Upper Peru (Charcas),LA PAZ,1657,silver_tax,ENSAYADOS,19688.0
Upper Peru (Charcas),LA PAZ,1658,gold_tax,ENSAYADOS,91.0
Upper Peru (Charcas),LA PAZ,1658,mercury_sales,ENSAYADOS,6511.0
Upper Peru (Charcas),LA PAZ,1658,silver_tax,ENSAYADOS,13178.0
Upper Peru (Charcas),LA PAZ,1659,mercury_sales,ENSAYADOS,6619.0
Upper Peru (Charcas),LA PAZ,1659,silver_tax,ENSAYADOS,17738.0
Upper Peru (Charcas),LA PAZ,1660,mercury_sales,ENSAYADOS,15271.0
Upper Peru (Charcas),LA PAZ,1660,silver_tax,ENSAYADOS,11081.0
Upper Peru (Charcas),LA PAZ,1661,mercury_sales,ENSAYADOS,1689.0
Upper Peru (Charcas),LA PAZ,1661,silver_tax,ENSAYADOS,7705.0
Upper Peru (Charcas),LA PAZ,1668,mercury_sales,ENSAYADOS,5741.0
Upper Peru (Charcas),LA PAZ,1668,silver_tax,OCHO,30755.0
Upper Peru (Charcas),LA PAZ,1689,gold_tax,OCHO,310.0
Upper Peru (Charcas),LA PAZ,1689,gold_tax,ORO,2802.0
Upper Peru (Charcas),LA PAZ,1689,mercury_sales,ENSAYADOS,7305.0
Upper Peru (Charcas),LA PAZ,1689,mercury_sales,OCHO,2662.0
Upper Peru (Charcas),LA PAZ,1689,silver_tax,ENSAYADOS,12669.0
Upper Peru (Charcas),LA PAZ,1689,silver_tax,OCHO,148.0
Upper Peru (Charcas),LA PAZ,1690,gold_tax,OCHO,393.0
Upper Peru (Charcas),LA PAZ,1690,gold_tax,ORO,3180.0
Upper Peru (Charcas),LA PAZ,1690,mercury_sales,OCHO,1674.0
Upper Peru (Charcas),LA PAZ,1690,silver_tax,OCHO,28.0
Upper Peru (Charcas),LA PAZ,1690,silver_tax,ORO,3153.0
Upper Peru (Charcas),LA PAZ,1691,gold_tax,OCHO,218.0
Upper Peru (Charcas),LA PAZ,1691,gold_tax,ORO,541.0
Upper Peru (Charcas),LA PAZ,1691,mercury_sales,ENSAYADOS,854.0
Upper Peru (Charcas),LA PAZ,1691,mercury_sales,OCHO,3156.0
Upper Peru (Charcas),LA PAZ,1691,silver_tax,ENSAYADOS,3429.0
Upper Peru (Charcas),LA PAZ,1691,silver_tax,OCHO,49.0
Upper Peru (Charcas),LA PAZ,1692,gold_tax,OCHO,120.0
Upper Peru (Charcas),LA PAZ,1692,gold_tax,ORO,775.0
Upper Peru (Charcas),LA PAZ,1692,mercury_sales,ENSAYADOS,861.0
Upper Peru (Charcas),LA PAZ,1692,mercury_sales,OCHO,4018.0
Upper Peru (Charcas),LA PAZ,1692,silver_tax,ENSAYADOS,8060.0
Upper Peru (Charcas),LA PAZ,1692,silver_tax,OCHO,158.0
Upper Peru (Charcas),LA PAZ,1693,gold_tax,OCHO,133.0
Upper Peru (Charcas),LA PAZ,1693,gold_tax,ORO,700.0
Upper Peru (Charcas),LA PAZ,1693,mercury_sales,ENSAYADOS,2476.0
Upper Peru (Charcas),LA PAZ,1693,mercury_sales,OCHO,2127.0
Upper Peru (Charcas),LA PAZ,1693,silver_tax,ENSAYADOS,6062.0
Upper Peru (Charcas),LA PAZ,1693,silver_tax,OCHO,209.0
Upper Peru (Charcas),LA PAZ,1694,gold_tax,OCHO,240.0
Upper Peru (Charcas),LA PAZ,1694,gold_tax,ORO,1228.0
Upper Peru (Charcas),LA PAZ,1694,mercury_sales,OCHO,793.0
Upper Peru (Charcas),LA PAZ,1694,silver_tax,ENSAYADOS,4380.0
Upper Peru (Charcas),LA PAZ,1694,silver_tax,OCHO,69.0
Upper Peru (Charcas),LA PAZ,1695,gold_tax,OCHO,620.0
Upper Peru (Charcas),LA PAZ,1695,gold_tax,ORO,1443.0
Upper Peru (Charcas),LA PAZ,1695,mercury_sales,ENSAYADOS,2437.0
Upper Peru (Charcas),LA PAZ,1695,mercury_sales,OCHO,1996.0
Upper Peru (Charcas),LA PAZ,1695,silver_tax,ENSAYADOS,10072.0
Upper Peru (Charcas),LA PAZ,1695,silver_tax,OCHO,344.0
Upper Peru (Charcas),LA PAZ,1696,gold_tax,OCHO,361.0
Upper Peru (Charcas),LA PAZ,1696,gold_tax,ORO,1556.0
Upper Peru (Charcas),LA PAZ,1696,mercury_sales,ENSAYADOS,1948.0
Upper Peru (Charcas),LA PAZ,1696,mercury_sales,OCHO,3.0
Upper Peru (Charcas),LA PAZ,1696,silver_tax,ENSAYADOS,6309.0
Upper Peru (Charcas),LA PAZ,1696,silver_tax,OCHO,164.0
Upper Peru (Charcas),LA PAZ,1697,gold_tax,OCHO,14.0
Upper Peru (Charcas),LA PAZ,1697,gold_tax,ORO,275.0
Upper Peru (Charcas),LA PAZ,1697,mercury_sales,ENSAYADOS,1208.0
Upper Peru (Charcas),LA PAZ,1697,mercury_sales,OCHO,201.0
Upper Peru (Charcas),LA PAZ,1697,silver_tax,ENSAYADOS,6481.0
Upper Peru (Charcas),LA PAZ,1697,silver_tax,OCHO,87.0
Upper Peru (Charcas),LA PAZ,1698,gold_tax,OCHO,359.0
Upper Peru (Charcas),LA PAZ,1698,gold_tax,ORO,1461.0
Upper Peru (Charcas),LA PAZ,1698,mercury_sales,ENSAYADOS,2177.0
Upper Peru (Charcas),LA PAZ,1698,mercury_sales,OCHO,196.0
Upper Peru (Charcas),LA PAZ,1698,silver_tax,ENSAYADOS,5643.0
Upper Peru (Charcas),LA PAZ,1698,silver_tax,OCHO,155.0
Upper Peru (Charcas),LA PAZ,1699,gold_tax,OCHO,342.0
Upper Peru (Charcas),LA PAZ,1699,gold_tax,ORO,2041.0
Upper Peru (Charcas),LA PAZ,1699,mercury_sales,OCHO,2183.0
Upper Peru (Charcas),LA PAZ,1699,silver_tax,ENSAYADOS,4623.0
Upper Peru (Charcas),LA PAZ,1699,silver_tax,OCHO,58.0
Upper Peru (Charcas),LA PAZ,1704,gold_tax,OCHO,195.0
Upper Peru (Charcas),LA PAZ,1704,gold_tax,ORO,464.0
Upper Peru (Charcas),LA PAZ,1704,mercury_sales,OCHO,1170.0
Upper Peru (Charcas),LA PAZ,1704,silver_tax,ENSAYADOS,270.0
Upper Peru (Charcas),LA PAZ,1704,silver_tax,OCHO,5.0
Upper Peru (Charcas),LA PAZ,1707,gold_tax,OCHO,920.0
Upper Peru (Charcas),LA PAZ,1707,gold_tax,ORO,974.0
Upper Peru (Charcas),LA PAZ,1707,mercury_sales,ENSAYADOS,3200.0
Upper Peru (Charcas),LA PAZ,1707,mercury_sales,OCHO,2806.0
Upper Peru (Charcas),LA PAZ,1707,silver_tax,ENSAYADOS,861.0
Upper Peru (Charcas),LA PAZ,1708,gold_tax,OCHO,664.0
Upper Peru (Charcas),LA PAZ,1708,gold_tax,ORO,1989.0
Upper Peru (Charcas),LA PAZ,1708,mercury_sales,OCHO,1699.0
Upper Peru (Charcas),LA PAZ,1708,silver_tax,ENSAYADOS,1295.0
Upper Peru (Charcas),LA PAZ,1708,silver_tax,OCHO,241.0
Upper Peru (Charcas),LA PAZ,1709,gold_tax,OCHO,1439.0
Upper Peru (Charcas),LA PAZ,1709,gold_tax,ORO,1327.0
Upper Peru (Charcas),LA PAZ,1709,mercury_sales,OCHO,4344.0
Upper Peru (Charcas),LA PAZ,1709,silver_tax,ENSAYADOS,2543.0
Upper Peru (Charcas),LA PAZ,1709,silver_tax,OCHO,38.0
Upper Peru (Charcas),LA PAZ,1710,gold_tax,OCHO,1190.0
Upper Peru (Charcas),LA PAZ,1710,gold_tax,ORO,636.0
Upper Peru (Charcas),LA PAZ,1710,mercury_sales,OCHO,9727.0
Upper Peru (Charcas),LA PAZ,1710,silver_tax,ENSAYADOS,708.0
Upper Peru (Charcas),LA PAZ,1710,silver_tax,OCHO,189.0
Upper Peru (Charcas),LA PAZ,1711,gold_tax,OCHO,42.0
Upper Peru (Charcas),LA PAZ,1711,gold_tax,ORO,23.0
Upper Peru (Charcas),LA PAZ,1711,mercury_sales,OCHO,2050.0
Upper Peru (Charcas),LA PAZ,1716,gold_tax,OCHO,388.0
Upper Peru (Charcas),LA PAZ,1716,gold_tax,ORO,834.0
Upper Peru (Charcas),LA PAZ,1716,mercury_sales,OCHO,3479.0
Upper Peru (Charcas),LA PAZ,1717,gold_tax,OCHO,78.0
Upper Peru (Charcas),LA PAZ,1717,gold_tax,ORO,43.0
Upper Peru (Charcas),LA PAZ,1717,mercury_sales,OCHO,2084.0
Upper Peru (Charcas),LA PAZ,1718,gold_tax,OCHO,27.0
Upper Peru (Charcas),LA PAZ,1718,gold_tax,ORO,15.0
Upper Peru (Charcas),LA PAZ,1718,mercury_sales,OCHO,2550.0
Upper Peru (Charcas),LA PAZ,1719,gold_tax,OCHO,2917.0
Upper Peru (Charcas),LA PAZ,1719,gold_tax,ORO,1075.0
Upper Peru (Charcas),LA PAZ,1719,mercury_sales,OCHO,3567.0
Upper Peru (Charcas),LA PAZ,1720,gold_tax,OCHO,13.0
Upper Peru (Charcas),LA PAZ,1720,gold_tax,ORO,8.0
Upper Peru (Charcas),LA PAZ,1720,mercury_sales,OCHO,633.0
Upper Peru (Charcas),LA PAZ,1721,mercury_sales,OCHO,3469.0
Upper Peru (Charcas),LA PAZ,1722,mercury_sales,OCHO,1292.0
Upper Peru (Charcas),LA PAZ,1723,gold_tax,OCHO,2.0
Upper Peru (Charcas),LA PAZ,1723,mercury_sales,OCHO,4407.0
Upper Peru (Charcas),LA PAZ,1724,mercury_sales,OCHO,6493.0
Upper Peru (Charcas),LA PAZ,1725,gold_tax,OCHO,79.0
Upper Peru (Charcas),LA PAZ,1725,mercury_sales,OCHO,1606.0
Upper Peru (Charcas),LA PAZ,1726,mercury_sales,OCHO,1274.0
Upper Peru (Charcas),LA PAZ,1727,mercury_sales,OCHO,1082.0
Upper Peru (Charcas),LA PAZ,1728,mercury_sales,OCHO,1224.0
Upper Peru (Charcas),LA PAZ,1729,mercury_sales,OCHO,3059.0
Upper Peru (Charcas),LA PAZ,1730,gold_tax,OCHO,790.0
Upper Peru (Charcas),LA PAZ,1730,mercury_sales,OCHO,231.0
Upper Peru (Charcas),LA PAZ,1731,gold_tax,OCHO,14.0
Upper Peru (Charcas),LA PAZ,1731,mercury_sales,OCHO,1555.0
Upper Peru (Charcas),LA PAZ,1732,mercury_sales,OCHO,2243.0
Upper Peru (Charcas),LA PAZ,1733,gold_tax,OCHO,180.0
Upper Peru (Charcas),LA PAZ,1733,mercury_sales,OCHO,2553.0
Upper Peru (Charcas),LA PAZ,1734,mercury_sales,OCHO,827.0
Upper Peru (Charcas),LA PAZ,1735,gold_tax,OCHO,28.0
Upper Peru (Charcas),LA PAZ,1735,mercury_sales,OCHO,1978.0
Upper Peru (Charcas),LA PAZ,1740,mercury_sales,OCHO,5056.0
Upper Peru (Charcas),LA PAZ,1740,silver_tax,OCHO,37.0
Upper Peru (Charcas),LA PAZ,1741,mercury_sales,OCHO,2967.0
Upper Peru (Charcas),LA PAZ,1742,mercury_sales,OCHO,1976.0
Upper Peru (Charcas),LA PAZ,1744,mercury_sales,OCHO,3419.0
Upper Peru (Charcas),LA PAZ,1752,mercury_sales,OCHO,2014.0
Upper Peru (Charcas),LA PAZ,1753,mercury_sales,OCHO,2214.0
Upper Peru (Charcas),LA PAZ,1755,mercury_sales,OCHO,2809.0
Upper Peru (Charcas),LA PAZ,1756,mercury_sales,OCHO,6055.0
Upper Peru (Charcas),LA PAZ,1756,silver_tax,OCHO,831.0
Upper Peru (Charcas),LA PAZ,1757,silver_tax,OCHO,1137.0
Upper Peru (Charcas),LA PAZ,1758,silver_tax,OCHO,2626.0
Upper Peru (Charcas),LA PAZ,1759,silver_tax,OCHO,2511.0
Upper Peru (Charcas),LA PAZ,1760,silver_tax,OCHO,1660.0
Upper Peru (Charcas),LA PAZ,1761,silver_tax,OCHO,558.0
Upper Peru (Charcas),LA PAZ,1762,silver_tax,OCHO,1572.0
Upper Peru (Charcas),LA PAZ,1763,silver_tax,OCHO,2504.0
Upper Peru (Charcas),LA PAZ,1765,silver_tax,OCHO,1519.0
Upper Peru (Charcas),LA PAZ,1766,silver_other,OCHO,2363.0
Upper Peru (Charcas),LA PAZ,1767,silver_tax,OCHO,2051.0
Upper Peru (Charcas),LA PAZ,1768,gold_tax,OCHO,1950.0
Upper Peru (Charcas),LA PAZ,1768,silver_tax,OCHO,342.0
Upper Peru (Charcas),LA PAZ,1769,silver_tax,OCHO,777.0
Upper Peru (Charcas),LA PAZ,1770,silver_tax,OCHO,1445.0
Upper Peru (Charcas),LA PAZ,1771,silver_tax,OCHO,1353.0
Upper Peru (Charcas),LA PAZ,1772,silver_tax,OCHO,2933.0
Upper Peru (Charcas),LA PAZ,1777,mercury_sales,OCHO,9821.0
Upper Peru (Charcas),LA PAZ,1778,mercury_sales,OCHO,1659.0
Upper Peru (Charcas),LA PAZ,1778,silver_tax,OCHO,7801.0
Upper Peru (Charcas),LA PAZ,1779,mercury_sales,OCHO,127.0
Upper Peru (Charcas),LA PAZ,1779,silver_tax,OCHO,9873.0
Upper Peru (Charcas),LA PAZ,1780,gold_tax,OCHO,14337.0
Upper Peru (Charcas),LA PAZ,1780,mercury_sales,OCHO,2136.0
Upper Peru (Charcas),LA PAZ,1781,gold_tax,OCHO,2360.0
Upper Peru (Charcas),LA PAZ,1784,gold_tax,OCHO,5255.0
Upper Peru (Charcas),LA PAZ,1784,mercury_sales,OCHO,650.0
Upper Peru (Charcas),LA PAZ,1785,gold_other,OCHO,11524.0
Upper Peru (Charcas),LA PAZ,1785,gold_tax,OCHO,6169.0
Upper Peru (Charcas),LA PAZ,1785,mercury_sales,OCHO,38118.0
Upper Peru (Charcas),LA PAZ,1789,gold_tax,OCHO,6443.0
Upper Peru (Charcas),LA PAZ,1789,mercury_sales,OCHO,6748.0
Upper Peru (Charcas),LA PAZ,1790,gold_tax,OCHO,7201.0
Upper Peru (Charcas),LA PAZ,1790,mercury_sales,OCHO,3771.0
Upper Peru (Charcas),LA PAZ,1791,gold_tax,OCHO,9429.0
Upper Peru (Charcas),LA PAZ,1791,mercury_sales,OCHO,8411.0
Upper Peru (Charcas),LA PAZ,1792,gold_tax,OCHO,10901.0
Upper Peru (Charcas),LA PAZ,1792,mercury_sales,OCHO,6603.0
Upper Peru (Charcas),LA PAZ,1793,gold_tax,OCHO,11908.0
Upper Peru (Charcas),LA PAZ,1793,mercury_sales,OCHO,3077.0
Upper Peru (Charcas),LA PAZ,1794,gold_tax,OCHO,13472.0
Upper Peru (Charcas),LA PAZ,1794,mercury_sales,OCHO,4517.0
Upper Peru (Charcas),LA PAZ,1795,gold_tax,OCHO,10447.0
Upper Peru (Charcas),LA PAZ,1795,mercury_sales,OCHO,3127.0
Upper Peru (Charcas),LA PAZ,1796,gold_tax,OCHO,14098.0
Upper Peru (Charcas),LA PAZ,1796,mercury_sales,OCHO,9896.0
Upper Peru (Charcas),LA PAZ,1796,silver_tax,OCHO,11.0
Upper Peru (Charcas),LA PAZ,1797,gold_tax,OCHO,9172.0
Upper Peru (Charcas),LA PAZ,1797,mercury_sales,OCHO,1280.0
Upper Peru (Charcas),LA PAZ,1798,gold_other,OCHO,2239.0
Upper Peru (Charcas),LA PAZ,1798,gold_tax,OCHO,10897.0
Upper Peru (Charcas),LA PAZ,1798,mercury_sales,OCHO,9251.0
Upper Peru (Charcas),LA PAZ,1798,silver_other,OCHO,32058.0
Upper Peru (Charcas),LA PAZ,1798,silver_tax,OCHO,4673.0
Upper Peru (Charcas),LA PAZ,1799,gold_tax,OCHO,11941.0
Upper Peru (Charcas),LA PAZ,1799,mercury_sales,OCHO,11410.0
Upper Peru (Charcas),LA PAZ,1799,silver_other,OCHO,27623.0
Upper Peru (Charcas),LA PAZ,1799,silver_tax,OCHO,3741.0
Upper Peru (Charcas),LA PAZ,1800,gold_other,OCHO,27.0
Upper Peru (Charcas),LA PAZ,1800,gold_tax,OCHO,12659.0
Upper Peru (Charcas),LA PAZ,1800,mercury_sales,OCHO,1765.0
Upper Peru (Charcas),LA PAZ,1800,silver_other,OCHO,28352.0
Upper Peru (Charcas),LA PAZ,1800,silver_tax,OCHO,4294.0
Upper Peru (Charcas),LA PAZ,1801,gold_tax,OCHO,10171.0
Upper Peru (Charcas),LA PAZ,1801,mercury_sales,OCHO,4062.0
Upper Peru (Charcas),LA PAZ,1801,silver_tax,OCHO,4118.0
Upper Peru (Charcas),LA PAZ,1802,gold_tax,OCHO,10038.0
Upper Peru (Charcas),LA PAZ,1802,mercury_sales,OCHO,8662.0
Upper Peru (Charcas),LA PAZ,1802,silver_tax,OCHO,3553.0
Upper Peru (Charcas),LA PAZ,1803,gold_tax,OCHO,11580.0
Upper Peru (Charcas),LA PAZ,1803,silver_tax,OCHO,663.0
Upper Peru (Charcas),LA PAZ,1804,gold_tax,OCHO,10128.0
Upper Peru (Charcas),LA PAZ,1804,silver_tax,OCHO,996.0
Upper Peru (Charcas),LA PAZ,1805,gold_tax,OCHO,8710.0
Upper Peru (Charcas),LA PAZ,1805,silver_tax,OCHO,7142.0
Upper Peru (Charcas),LA PAZ,1806,gold_tax,OCHO,5782.0
Upper Peru (Charcas),LA PAZ,1806,mercury_sales,OCHO,5813.0
Upper Peru (Charcas),LA PAZ,1806,silver_tax,OCHO,6393.0
Upper Peru (Charcas),LA PAZ,1807,gold_tax,OCHO,3678.0
Upper Peru (Charcas),LA PAZ,1807,mercury_sales,OCHO,11872.0
Upper Peru (Charcas),LA PAZ,1807,silver_tax,OCHO,17560.0
Upper Peru (Charcas),LA PAZ,1808,gold_tax,OCHO,6710.0
Upper Peru (Charcas),LA PAZ,1808,mercury_sales,OCHO,11399.0
Upper Peru (Charcas),LA PAZ,1808,silver_tax,OCHO,14558.0
Upper Peru (Charcas),LA PAZ,1809,gold_tax,OCHO,4795.0
Upper Peru (Charcas),LA PAZ,1809,mercury_sales,OCHO,2951.0
Upper Peru (Charcas),LA PAZ,1809,silver_tax,OCHO,2319.0
Upper Peru (Charcas),LA PAZ,1811,gold_tax,OCHO,2716.0
Upper Peru (Charcas),LA PAZ,1811,mercury_sales,OCHO,7084.0
Upper Peru (Charcas),LA PAZ,1811,silver_tax,OCHO,3970.0
Upper Peru (Charcas),LA PAZ,1813,gold_tax,OCHO,6938.0
Upper Peru (Charcas),LA PAZ,1813,mercury_sales,OCHO,7220.0
Upper Peru (Charcas),LA PAZ,1813,silver_tax,OCHO,7603.0
Upper Peru (Charcas),LA PAZ,1814,gold_tax,OCHO,6563.0
Upper Peru (Charcas),LA PAZ,1814,silver_tax,OCHO,9119.0
Upper Peru (Charcas),LA PAZ,1815,gold_tax,OCHO,3792.0
Upper Peru (Charcas),LA PAZ,1815,silver_tax,OCHO,3993.0
Upper Peru (Charcas),LA PAZ,1816,gold_tax,OCHO,7946.0
Upper Peru (Charcas),LA PAZ,1816,mercury_sales,OCHO,20333.0
Upper Peru (Charcas),LA PAZ,1816,silver_tax,OCHO,9678.0
Upper Peru (Charcas),LA PAZ,1820,gold_tax,OCHO,7303.0
Upper Peru (Charcas),LA PAZ,1820,silver_tax,OCHO,4610.0
Upper Peru (Charcas),LA PAZ,1824,gold_tax,OCHO,259.0
Upper Peru (Charcas),LA PAZ,1824,silver_tax,OCHO,726.0
Upper Peru (Charcas),ORURO,1609,mercury_sales,ENSAYADOS,209585.0
Upper Peru (Charcas),ORURO,1609,silver_tax,ENSAYADOS,1262547.0
Upper Peru (Charcas),ORURO,1609,silver_tax,OCHO,285.0
Upper Peru (Charcas),ORURO,1621,mercury_sales,ENSAYADOS,14404.0
Upper Peru (Charcas),ORURO,1621,mercury_sales,OCHO,709.0
Upper Peru (Charcas),ORURO,1621,silver_tax,ENSAYADOS,56059.0
Upper Peru (Charcas),ORURO,1624,mercury_sales,ENSAYADOS,41430.0
Upper Peru (Charcas),ORURO,1624,silver_tax,ENSAYADOS,232845.0
Upper Peru (Charcas),ORURO,1625,mercury_sales,ENSAYADOS,38066.0
Upper Peru (Charcas),ORURO,1625,silver_tax,ENSAYADOS,164848.0
Upper Peru (Charcas),ORURO,1626,mercury_sales,ENSAYADOS,64591.0
Upper Peru (Charcas),ORURO,1626,silver_tax,ENSAYADOS,311196.0
Upper Peru (Charcas),ORURO,1627,mercury_sales,ENSAYADOS,15451.0
Upper Peru (Charcas),ORURO,1627,silver_tax,ENSAYADOS,263774.0
Upper Peru (Charcas),ORURO,1628,mercury_sales,ENSAYADOS,48790.0
Upper Peru (Charcas),ORURO,1628,silver_tax,ENSAYADOS,247736.0
Upper Peru (Charcas),ORURO,1629,mercury_sales,ENSAYADOS,62413.0
Upper Peru (Charcas),ORURO,1629,silver_tax,ENSAYADOS,238525.0
Upper Peru (Charcas),ORURO,1631,mercury_sales,ENSAYADOS,100018.0
Upper Peru (Charcas),ORURO,1631,mercury_sales,OCHO,970.0
Upper Peru (Charcas),ORURO,1631,silver_tax,ENSAYADOS,232059.0
Upper Peru (Charcas),ORURO,1632,mercury_sales,ENSAYADOS,179210.0
Upper Peru (Charcas),ORURO,1632,mercury_sales,OCHO,6739.0
Upper Peru (Charcas),ORURO,1632,silver_tax,ENSAYADOS,466735.0
Upper Peru (Charcas),ORURO,1632,silver_tax,OCHO,5595.0
Upper Peru (Charcas),ORURO,1633,mercury_sales,ENSAYADOS,361033.0
Upper Peru (Charcas),ORURO,1633,mercury_sales,OCHO,11707.0
Upper Peru (Charcas),ORURO,1633,silver_tax,ENSAYADOS,841101.0
Upper Peru (Charcas),ORURO,1633,silver_tax,OCHO,902.0
Upper Peru (Charcas),ORURO,1645,mercury_sales,ENSAYADOS,36510.0
Upper Peru (Charcas),ORURO,1645,mercury_sales,OCHO,1466.0
Upper Peru (Charcas),ORURO,1645,silver_tax,ENSAYADOS,107590.0
Upper Peru (Charcas),ORURO,1646,mercury_sales,ENSAYADOS,28481.0
Upper Peru (Charcas),ORURO,1646,mercury_sales,OCHO,2073.0
Upper Peru (Charcas),ORURO,1646,silver_other,OCHO,840.0
Upper Peru (Charcas),ORURO,1646,silver_tax,ENSAYADOS,174019.0
Upper Peru (Charcas),ORURO,1647,mercury_sales,ENSAYADOS,52362.0
Upper Peru (Charcas),ORURO,1647,mercury_sales,OCHO,12764.0
Upper Peru (Charcas),ORURO,1647,silver_tax,ENSAYADOS,196060.0
Upper Peru (Charcas),ORURO,1648,mercury_sales,ENSAYADOS,41746.0
Upper Peru (Charcas),ORURO,1648,mercury_sales,OCHO,2591.0
Upper Peru (Charcas),ORURO,1648,silver_tax,ENSAYADOS,182111.0
Upper Peru (Charcas),ORURO,1649,mercury_sales,ENSAYADOS,1311.0
Upper Peru (Charcas),ORURO,1649,silver_tax,ENSAYADOS,24253.0
Upper Peru (Charcas),ORURO,1650,mercury_sales,ENSAYADOS,45508.0
Upper Peru (Charcas),ORURO,1650,mercury_sales,OCHO,1500.0
Upper Peru (Charcas),ORURO,1650,silver_tax,ENSAYADOS,127995.0
Upper Peru (Charcas),ORURO,1651,mercury_sales,ENSAYADOS,18794.0
Upper Peru (Charcas),ORURO,1651,mercury_sales,OCHO,1050.0
Upper Peru (Charcas),ORURO,1651,silver_tax,ENSAYADOS,67933.0
Upper Peru (Charcas),ORURO,1652,mercury_sales,ENSAYADOS,43654.0
Upper Peru (Charcas),ORURO,1652,mercury_sales,OCHO,649.0
Upper Peru (Charcas),ORURO,1652,silver_tax,ENSAYADOS,77075.0
Upper Peru (Charcas),ORURO,1653,mercury_sales,ENSAYADOS,18744.0
Upper Peru (Charcas),ORURO,1653,silver_tax,ENSAYADOS,55328.0
Upper Peru (Charcas),ORURO,1654,mercury_sales,ENSAYADOS,3793.0
Upper Peru (Charcas),ORURO,1654,mercury_sales,OCHO,1098.0
Upper Peru (Charcas),ORURO,1654,silver_tax,ENSAYADOS,30634.0
Upper Peru (Charcas),ORURO,1666,mercury_sales,ENSAYADOS,25997.0
Upper Peru (Charcas),ORURO,1666,silver_tax,ENSAYADOS,52822.0
Upper Peru (Charcas),ORURO,1667,mercury_sales,ENSAYADOS,14304.0
Upper Peru (Charcas),ORURO,1667,silver_other,ENSAYADOS,133.0
Upper Peru (Charcas),ORURO,1667,silver_tax,ENSAYADOS,51700.0
Upper Peru (Charcas),ORURO,1683,mercury_sales,ENSAYADOS,8580.0
Upper Peru (Charcas),ORURO,1683,silver_tax,ENSAYADOS,37723.0
Upper Peru (Charcas),ORURO,1684,mercury_sales,ENSAYADOS,12631.0
Upper Peru (Charcas),ORURO,1684,silver_tax,ENSAYADOS,40627.0
Upper Peru (Charcas),ORURO,1686,mercury_sales,ENSAYADOS,11957.0
Upper Peru (Charcas),ORURO,1686,silver_tax,ENSAYADOS,36422.0
Upper Peru (Charcas),ORURO,1687,mercury_sales,ENSAYADOS,13721.0
Upper Peru (Charcas),ORURO,1687,silver_tax,ENSAYADOS,44437.0
Upper Peru (Charcas),ORURO,1688,mercury_sales,ENSAYADOS,13040.0
Upper Peru (Charcas),ORURO,1688,silver_tax,ENSAYADOS,36706.0
Upper Peru (Charcas),ORURO,1689,mercury_sales,ENSAYADOS,11786.0
Upper Peru (Charcas),ORURO,1689,silver_tax,ENSAYADOS,46103.0
Upper Peru (Charcas),ORURO,1690,gold_tax,ENSAYADOS,73.0
Upper Peru (Charcas),ORURO,1690,mercury_sales,ENSAYADOS,9957.0
Upper Peru (Charcas),ORURO,1690,silver_tax,ENSAYADOS,44106.0
Upper Peru (Charcas),ORURO,1691,mercury_sales,ENSAYADOS,16783.0
Upper Peru (Charcas),ORURO,1691,silver_tax,ENSAYADOS,49867.0
Upper Peru (Charcas),ORURO,1692,mercury_sales,ENSAYADOS,18017.0
Upper Peru (Charcas),ORURO,1692,silver_tax,ENSAYADOS,50672.0
Upper Peru (Charcas),ORURO,1693,mercury_sales,ENSAYADOS,24214.0
Upper Peru (Charcas),ORURO,1693,silver_tax,ENSAYADOS,72733.0
Upper Peru (Charcas),ORURO,1694,mercury_sales,ENSAYADOS,32555.0
Upper Peru (Charcas),ORURO,1694,silver_tax,ENSAYADOS,91953.0
Upper Peru (Charcas),ORURO,1695,mercury_sales,ENSAYADOS,29843.0
Upper Peru (Charcas),ORURO,1695,silver_tax,ENSAYADOS,103091.0
Upper Peru (Charcas),ORURO,1698,mercury_sales,ENSAYADOS,20945.0
Upper Peru (Charcas),ORURO,1698,silver_tax,ENSAYADOS,69382.0
Upper Peru (Charcas),ORURO,1700,mercury_sales,ENSAYADOS,17543.0
Upper Peru (Charcas),ORURO,1700,silver_tax,ENSAYADOS,76273.0
Upper Peru (Charcas),ORURO,1702,mercury_sales,ENSAYADOS,33929.0
Upper Peru (Charcas),ORURO,1702,silver_tax,ENSAYADOS,75341.0
Upper Peru (Charcas),ORURO,1703,gold_tax,ENSAYADOS,109.0
Upper Peru (Charcas),ORURO,1703,mercury_sales,ENSAYADOS,29321.0
Upper Peru (Charcas),ORURO,1703,silver_tax,ENSAYADOS,84616.0
Upper Peru (Charcas),ORURO,1704,mercury_sales,ENSAYADOS,14940.0
Upper Peru (Charcas),ORURO,1704,silver_tax,ENSAYADOS,82758.0
Upper Peru (Charcas),ORURO,1706,gold_tax,ENSAYADOS,92.0
Upper Peru (Charcas),ORURO,1706,mercury_sales,ENSAYADOS,36937.0
Upper Peru (Charcas),ORURO,1706,silver_tax,ENSAYADOS,95764.0
Upper Peru (Charcas),ORURO,1707,gold_tax,ENSAYADOS,399.0
Upper Peru (Charcas),ORURO,1707,mercury_sales,ENSAYADOS,31741.0
Upper Peru (Charcas),ORURO,1707,silver_tax,ENSAYADOS,80781.0
Upper Peru (Charcas),ORURO,1708,mercury_sales,ENSAYADOS,51327.0
Upper Peru (Charcas),ORURO,1708,silver_tax,ENSAYADOS,107504.0
Upper Peru (Charcas),ORURO,1709,gold_tax,ENSAYADOS,36.0
Upper Peru (Charcas),ORURO,1709,mercury_sales,ENSAYADOS,53715.0
Upper Peru (Charcas),ORURO,1709,silver_tax,ENSAYADOS,123775.0
Upper Peru (Charcas),ORURO,1710,gold_tax,ENSAYADOS,67.0
Upper Peru (Charcas),ORURO,1710,mercury_sales,ENSAYADOS,47253.0
Upper Peru (Charcas),ORURO,1710,silver_tax,ENSAYADOS,116050.0
Upper Peru (Charcas),ORURO,1711,mercury_sales,ENSAYADOS,49305.0
Upper Peru (Charcas),ORURO,1711,silver_tax,ENSAYADOS,91204.0
Upper Peru (Charcas),ORURO,1712,mercury_sales,ENSAYADOS,28122.0
Upper Peru (Charcas),ORURO,1712,silver_tax,ENSAYADOS,79777.0
Upper Peru (Charcas),ORURO,1713,mercury_sales,ENSAYADOS,27517.0
Upper Peru (Charcas),ORURO,1713,silver_tax,ENSAYADOS,69542.0
Upper Peru (Charcas),ORURO,1714,gold_tax,ENSAYADOS,102.0
Upper Peru (Charcas),ORURO,1714,mercury_sales,ENSAYADOS,34468.0
Upper Peru (Charcas),ORURO,1714,silver_tax,ENSAYADOS,54551.0
Upper Peru (Charcas),ORURO,1715,mercury_sales,ENSAYADOS,51800.0
Upper Peru (Charcas),ORURO,1715,silver_tax,ENSAYADOS,52213.0
Upper Peru (Charcas),ORURO,1716,gold_tax,ENSAYADOS,519.0
Upper Peru (Charcas),ORURO,1716,mercury_sales,ENSAYADOS,48988.0
Upper Peru (Charcas),ORURO,1716,silver_tax,ENSAYADOS,93288.0
Upper Peru (Charcas),ORURO,1717,mercury_sales,ENSAYADOS,53514.0
Upper Peru (Charcas),ORURO,1717,silver_tax,ENSAYADOS,110357.0
Upper Peru (Charcas),ORURO,1718,gold_tax,ENSAYADOS,94.0
Upper Peru (Charcas),ORURO,1718,mercury_sales,ENSAYADOS,77979.0
Upper Peru (Charcas),ORURO,1718,silver_tax,ENSAYADOS,167416.0
Upper Peru (Charcas),ORURO,1719,mercury_sales,ENSAYADOS,78979.0
Upper Peru (Charcas),ORURO,1719,silver_tax,ENSAYADOS,129096.0
Upper Peru (Charcas),ORURO,1720,mercury_sales,ENSAYADOS,43442.0
Upper Peru (Charcas),ORURO,1720,silver_tax,ENSAYADOS,56900.0
Upper Peru (Charcas),ORURO,1721,mercury_sales,OCHO,74517.0
Upper Peru (Charcas),ORURO,1721,silver_tax,OCHO,97911.0
Upper Peru (Charcas),ORURO,1722,mercury_sales,OCHO,94618.0
Upper Peru (Charcas),ORURO,1722,silver_tax,OCHO,169721.0
Upper Peru (Charcas),ORURO,1723,mercury_sales,OCHO,72237.0
Upper Peru (Charcas),ORURO,1723,silver_tax,OCHO,105102.0
Upper Peru (Charcas),ORURO,1724,mercury_sales,OCHO,66960.0
Upper Peru (Charcas),ORURO,1724,silver_tax,OCHO,121772.0
Upper Peru (Charcas),ORURO,1725,gold_tax,OCHO,608.0
Upper Peru (Charcas),ORURO,1725,mercury_sales,OCHO,75418.0
Upper Peru (Charcas),ORURO,1725,silver_tax,OCHO,136012.0
Upper Peru (Charcas),ORURO,1726,gold_tax,OCHO,608.0
Upper Peru (Charcas),ORURO,1726,mercury_sales,ENSAYADOS,46554.0
Upper Peru (Charcas),ORURO,1726,silver_tax,ENSAYADOS,83958.0
Upper Peru (Charcas),ORURO,1727,mercury_sales,OCHO,77167.0
Upper Peru (Charcas),ORURO,1727,silver_tax,OCHO,152210.0
Upper Peru (Charcas),ORURO,1728,mercury_sales,OCHO,62623.0
Upper Peru (Charcas),ORURO,1728,silver_tax,OCHO,138525.0
Upper Peru (Charcas),ORURO,1729,mercury_sales,ENSAYADOS,41932.0
Upper Peru (Charcas),ORURO,1729,silver_tax,ENSAYADOS,78725.0
Upper Peru (Charcas),ORURO,1730,gold_tax,OCHO,53.0
Upper Peru (Charcas),ORURO,1730,mercury_sales,ENSAYADOS,35721.0
Upper Peru (Charcas),ORURO,1730,silver_tax,ENSAYADOS,75756.0
Upper Peru (Charcas),ORURO,1731,mercury_sales,ENSAYADOS,31095.0
Upper Peru (Charcas),ORURO,1731,silver_tax,ENSAYADOS,69627.0
Upper Peru (Charcas),ORURO,1732,mercury_sales,ENSAYADOS,32271.0
Upper Peru (Charcas),ORURO,1732,silver_tax,ENSAYADOS,59326.0
Upper Peru (Charcas),ORURO,1733,mercury_sales,ENSAYADOS,36314.0
Upper Peru (Charcas),ORURO,1733,silver_tax,ENSAYADOS,65986.0
Upper Peru (Charcas),ORURO,1734,mercury_sales,ENSAYADOS,32754.0
Upper Peru (Charcas),ORURO,1734,silver_tax,ENSAYADOS,70121.0
Upper Peru (Charcas),ORURO,1735,mercury_sales,ENSAYADOS,40643.0
Upper Peru (Charcas),ORURO,1735,silver_tax,ENSAYADOS,69186.0
Upper Peru (Charcas),ORURO,1736,mercury_sales,ENSAYADOS,42411.0
Upper Peru (Charcas),ORURO,1736,silver_tax,ENSAYADOS,45124.0
Upper Peru (Charcas),ORURO,1737,mercury_sales,ENSAYADOS,48310.0
Upper Peru (Charcas),ORURO,1737,silver_tax,ENSAYADOS,47416.0
Upper Peru (Charcas),ORURO,1738,mercury_sales,ENSAYADOS,56665.0
Upper Peru (Charcas),ORURO,1738,mercury_sales,OCHO,5086.0
Upper Peru (Charcas),ORURO,1738,silver_tax,ENSAYADOS,55444.0
Upper Peru (Charcas),ORURO,1739,mercury_sales,ENSAYADOS,63478.0
Upper Peru (Charcas),ORURO,1739,silver_tax,ENSAYADOS,65725.0
Upper Peru (Charcas),ORURO,1743,silver_tax,OCHO,75713.0
Upper Peru (Charcas),ORURO,1744,mercury_sales,ENSAYADOS,42141.0
Upper Peru (Charcas),ORURO,1744,mercury_sales,OCHO,5000.0
Upper Peru (Charcas),ORURO,1744,silver_tax,ENSAYADOS,48050.0
Upper Peru (Charcas),ORURO,1745,silver_tax,OCHO,88500.0
Upper Peru (Charcas),ORURO,1746,silver_tax,OCHO,98754.0
Upper Peru (Charcas),ORURO,1747,silver_tax,OCHO,97917.0
Upper Peru (Charcas),ORURO,1748,silver_tax,OCHO,115677.0
Upper Peru (Charcas),ORURO,1749,silver_tax,OCHO,114602.0
Upper Peru (Charcas),ORURO,1750,silver_tax,OCHO,123777.0
Upper Peru (Charcas),ORURO,1751,silver_tax,OCHO,110260.0
Upper Peru (Charcas),ORURO,1752,mercury_sales,OCHO,76534.0
Upper Peru (Charcas),ORURO,1752,silver_tax,OCHO,96213.0
Upper Peru (Charcas),ORURO,1753,mercury_sales,OCHO,72114.0
Upper Peru (Charcas),ORURO,1753,silver_tax,OCHO,85628.0
Upper Peru (Charcas),ORURO,1754,mercury_sales,OCHO,87004.0
Upper Peru (Charcas),ORURO,1754,silver_tax,OCHO,92073.0
Upper Peru (Charcas),ORURO,1755,mercury_sales,OCHO,107423.0
Upper Peru (Charcas),ORURO,1755,silver_tax,OCHO,110236.0
Upper Peru (Charcas),ORURO,1756,mercury_sales,OCHO,95050.0
Upper Peru (Charcas),ORURO,1756,silver_tax,OCHO,102334.0
Upper Peru (Charcas),ORURO,1757,silver_tax,OCHO,115817.0
Upper Peru (Charcas),ORURO,1758,silver_tax,OCHO,125481.0
Upper Peru (Charcas),ORURO,1759,silver_tax,OCHO,119947.0
Upper Peru (Charcas),ORURO,1760,silver_tax,OCHO,100435.0
Upper Peru (Charcas),ORURO,1761,silver_tax,OCHO,141052.0
Upper Peru (Charcas),ORURO,1762,mercury_sales,OCHO,60.0
Upper Peru (Charcas),ORURO,1762,silver_other,OCHO,223.0
Upper Peru (Charcas),ORURO,1762,silver_tax,OCHO,119917.0
Upper Peru (Charcas),ORURO,1763,silver_tax,OCHO,114836.0
Upper Peru (Charcas),ORURO,1764,silver_tax,OCHO,98692.0
Upper Peru (Charcas),ORURO,1765,silver_other,OCHO,12879.0
Upper Peru (Charcas),ORURO,1765,silver_tax,OCHO,84582.0
Upper Peru (Charcas),ORURO,1766,mercury_sales,OCHO,98047.0
Upper Peru (Charcas),ORURO,1766,silver_tax,OCHO,91799.0
Upper Peru (Charcas),ORURO,1767,mercury_sales,OCHO,10371.0
Upper Peru (Charcas),ORURO,1767,silver_other,OCHO,13352.0
Upper Peru (Charcas),ORURO,1767,silver_tax,OCHO,87652.0
Upper Peru (Charcas),ORURO,1768,mercury_sales,OCHO,13322.0
Upper Peru (Charcas),ORURO,1768,silver_other,OCHO,13368.0
Upper Peru (Charcas),ORURO,1768,silver_tax,OCHO,87768.0
Upper Peru (Charcas),ORURO,1769,silver_tax,OCHO,64265.0
Upper Peru (Charcas),ORURO,1770,silver_tax,OCHO,115132.0
Upper Peru (Charcas),ORURO,1771,mercury_sales,OCHO,139878.0
Upper Peru (Charcas),ORURO,1771,silver_tax,OCHO,117396.0
Upper Peru (Charcas),ORURO,1772,mercury_sales,OCHO,123141.0
Upper Peru (Charcas),ORURO,1772,silver_tax,OCHO,120488.0
Upper Peru (Charcas),ORURO,1773,mercury_sales,OCHO,249049.0
Upper Peru (Charcas),ORURO,1773,silver_tax,OCHO,111219.0
Upper Peru (Charcas),ORURO,1774,silver_other,OCHO,13592.0
Upper Peru (Charcas),ORURO,1774,silver_tax,OCHO,89257.0
Upper Peru (Charcas),ORURO,1775,silver_tax,OCHO,119381.0
Upper Peru (Charcas),ORURO,1776,mercury_sales,OCHO,294117.0
Upper Peru (Charcas),ORURO,1776,silver_other,OCHO,13299.0
Upper Peru (Charcas),ORURO,1776,silver_tax,OCHO,87330.0
Upper Peru (Charcas),ORURO,1777,mercury_sales,OCHO,119535.0
Upper Peru (Charcas),ORURO,1777,silver_other,OCHO,14793.0
Upper Peru (Charcas),ORURO,1777,silver_tax,OCHO,97143.0
Upper Peru (Charcas),ORURO,1778,mercury_sales,OCHO,100649.0
Upper Peru (Charcas),ORURO,1778,silver_tax,OCHO,114082.0
Upper Peru (Charcas),ORURO,1779,mercury_sales,OCHO,78262.0
Upper Peru (Charcas),ORURO,1779,silver_other,OCHO,12166.0
Upper Peru (Charcas),ORURO,1779,silver_tax,OCHO,79887.0
Upper Peru (Charcas),ORURO,1780,mercury_sales,OCHO,84858.0
Upper Peru (Charcas),ORURO,1780,silver_other,OCHO,11447.0
Upper Peru (Charcas),ORURO,1780,silver_tax,OCHO,75165.0
Upper Peru (Charcas),ORURO,1781,mercury_sales,OCHO,35541.0
Upper Peru (Charcas),ORURO,1781,silver_tax,OCHO,26267.0
Upper Peru (Charcas),ORURO,1782,mercury_sales,OCHO,56890.0
Upper Peru (Charcas),ORURO,1782,silver_tax,OCHO,34137.0
Upper Peru (Charcas),ORURO,1783,mercury_sales,OCHO,51692.0
Upper Peru (Charcas),ORURO,1783,silver_tax,OCHO,35690.0
Upper Peru (Charcas),ORURO,1784,mercury_sales,OCHO,26215.0
Upper Peru (Charcas),ORURO,1784,silver_tax,OCHO,25829.0
Upper Peru (Charcas),ORURO,1785,mercury_sales,OCHO,16836.0
Upper Peru (Charcas),ORURO,1785,silver_tax,OCHO,25878.0
Upper Peru (Charcas),ORURO,1786,mercury_sales,OCHO,33359.0
Upper Peru (Charcas),ORURO,1786,silver_tax,OCHO,40498.0
Upper Peru (Charcas),ORURO,1787,mercury_sales,OCHO,37403.0
Upper Peru (Charcas),ORURO,1787,silver_tax,OCHO,45516.0
Upper Peru (Charcas),ORURO,1788,mercury_sales,OCHO,29327.0
Upper Peru (Charcas),ORURO,1788,silver_tax,OCHO,49395.0
Upper Peru (Charcas),ORURO,1789,mercury_sales,OCHO,25896.0
Upper Peru (Charcas),ORURO,1789,silver_tax,OCHO,43866.0
Upper Peru (Charcas),ORURO,1790,mercury_sales,OCHO,49222.0
Upper Peru (Charcas),ORURO,1790,silver_tax,OCHO,47128.0
Upper Peru (Charcas),ORURO,1791,mercury_sales,OCHO,44905.0
Upper Peru (Charcas),ORURO,1791,silver_tax,OCHO,56932.0
Upper Peru (Charcas),ORURO,1792,mercury_sales,OCHO,66775.0
Upper Peru (Charcas),ORURO,1792,silver_tax,OCHO,77586.0
Upper Peru (Charcas),ORURO,1793,mercury_sales,OCHO,13317.0
Upper Peru (Charcas),ORURO,1793,silver_tax,OCHO,62016.0
Upper Peru (Charcas),ORURO,1794,mercury_sales,OCHO,53542.0
Upper Peru (Charcas),ORURO,1794,silver_tax,OCHO,63895.0
Upper Peru (Charcas),ORURO,1795,mercury_sales,OCHO,17969.0
Upper Peru (Charcas),ORURO,1795,silver_tax,OCHO,58309.0
Upper Peru (Charcas),ORURO,1796,mercury_sales,OCHO,24603.0
Upper Peru (Charcas),ORURO,1796,silver_tax,OCHO,62983.0
Upper Peru (Charcas),ORURO,1797,mercury_sales,OCHO,40125.0
Upper Peru (Charcas),ORURO,1797,silver_tax,OCHO,58363.0
Upper Peru (Charcas),ORURO,1798,mercury_sales,OCHO,12727.0
Upper Peru (Charcas),ORURO,1798,silver_tax,OCHO,56803.0
Upper Peru (Charcas),ORURO,1799,mercury_sales,OCHO,57055.0
Upper Peru (Charcas),ORURO,1799,silver_tax,OCHO,51151.0
Upper Peru (Charcas),ORURO,1800,mercury_sales,OCHO,28835.0
Upper Peru (Charcas),ORURO,1800,silver_tax,OCHO,55262.0
Upper Peru (Charcas),ORURO,1802,mercury_sales,OCHO,33031.0
Upper Peru (Charcas),ORURO,1802,silver_tax,OCHO,31016.0
Upper Peru (Charcas),ORURO,1803,mercury_sales,OCHO,166.0
Upper Peru (Charcas),ORURO,1803,silver_tax,OCHO,10932.0
Upper Peru (Charcas),ORURO,1804,mercury_sales,OCHO,44685.0
Upper Peru (Charcas),ORURO,1804,silver_tax,OCHO,102966.0
Upper Peru (Charcas),ORURO,1805,mercury_sales,OCHO,18081.0
Upper Peru (Charcas),ORURO,1805,silver_tax,OCHO,35090.0
Upper Peru (Charcas),ORURO,1806,mercury_sales,OCHO,15575.0
Upper Peru (Charcas),ORURO,1806,silver_tax,OCHO,38484.0
Upper Peru (Charcas),ORURO,1807,mercury_sales,OCHO,16520.0
Upper Peru (Charcas),ORURO,1807,silver_tax,OCHO,38954.0
Upper Peru (Charcas),ORURO,1808,mercury_sales,OCHO,18049.0
Upper Peru (Charcas),ORURO,1808,silver_tax,OCHO,39154.0
Upper Peru (Charcas),ORURO,1809,mercury_sales,OCHO,19912.0
Upper Peru (Charcas),ORURO,1809,silver_tax,OCHO,43316.0
Upper Peru (Charcas),Potosí,1560,silver_tax,ENSAYADOS,223488.0
Upper Peru (Charcas),Potosí,1560,silver_tax,OCHO,39888.0
Upper Peru (Charcas),Potosí,1561,silver_tax,ENSAYADOS,209094.0
Upper Peru (Charcas),Potosí,1561,silver_tax,OCHO,53528.0
Upper Peru (Charcas),Potosí,1562,silver_tax,ENSAYADOS,227235.0
Upper Peru (Charcas),Potosí,1562,silver_tax,OCHO,73125.0
Upper Peru (Charcas),Potosí,1563,silver_tax,ENSAYADOS,232850.0
Upper Peru (Charcas),Potosí,1563,silver_tax,OCHO,81703.0
Upper Peru (Charcas),Potosí,1564,silver_tax,ENSAYADOS,215912.0
Upper Peru (Charcas),Potosí,1564,silver_tax,OCHO,57806.0
Upper Peru (Charcas),Potosí,1565,silver_tax,ENSAYADOS,288238.0
Upper Peru (Charcas),Potosí,1565,silver_tax,OCHO,40674.0
Upper Peru (Charcas),Potosí,1566,silver_tax,ENSAYADOS,289717.0
Upper Peru (Charcas),Potosí,1566,silver_tax,OCHO,12184.0
Upper Peru (Charcas),Potosí,1567,silver_tax,ENSAYADOS,247465.0
Upper Peru (Charcas),Potosí,1567,silver_tax,OCHO,20753.0
Upper Peru (Charcas),Potosí,1568,silver_tax,ENSAYADOS,232409.0
Upper Peru (Charcas),Potosí,1568,silver_tax,OCHO,14815.0
Upper Peru (Charcas),Potosí,1569,silver_tax,ENSAYADOS,235258.0
Upper Peru (Charcas),Potosí,1569,silver_tax,OCHO,23310.0
Upper Peru (Charcas),Potosí,1570,mercury_sales,ENSAYADOS,100.0
Upper Peru (Charcas),Potosí,1570,silver_tax,ENSAYADOS,174786.0
Upper Peru (Charcas),Potosí,1570,silver_tax,OCHO,41401.0
Upper Peru (Charcas),Potosí,1571,silver_tax,ENSAYADOS,143793.0
Upper Peru (Charcas),Potosí,1571,silver_tax,OCHO,19193.0
Upper Peru (Charcas),Potosí,1572,silver_other,ENSAYADOS,4012.0
Upper Peru (Charcas),Potosí,1572,silver_other,OCHO,1746.0
Upper Peru (Charcas),Potosí,1572,silver_other,ORO,2.0
Upper Peru (Charcas),Potosí,1572,silver_tax,ENSAYADOS,91882.0
Upper Peru (Charcas),Potosí,1572,silver_tax,OCHO,22507.0
Upper Peru (Charcas),Potosí,1572,silver_tax,ORO,42.0
Upper Peru (Charcas),Potosí,1573,mercury_sales,ENSAYADOS,15773.0
Upper Peru (Charcas),Potosí,1573,mercury_sales,OCHO,3081.0
Upper Peru (Charcas),Potosí,1573,silver_tax,ENSAYADOS,110359.0
Upper Peru (Charcas),Potosí,1573,silver_tax,OCHO,71701.0
Upper Peru (Charcas),Potosí,1574,mercury_sales,ENSAYADOS,40149.0
Upper Peru (Charcas),Potosí,1574,silver_other,OCHO,3859.0
Upper Peru (Charcas),Potosí,1574,silver_tax,ENSAYADOS,157613.0
Upper Peru (Charcas),Potosí,1574,silver_tax,OCHO,65813.0
Upper Peru (Charcas),Potosí,1575,mercury_sales,ENSAYADOS,122625.0
Upper Peru (Charcas),Potosí,1575,mercury_sales,OCHO,163.0
Upper Peru (Charcas),Potosí,1575,silver_tax,ENSAYADOS,247883.0
Upper Peru (Charcas),Potosí,1575,silver_tax,OCHO,21398.0
Upper Peru (Charcas),Potosí,1576,mercury_sales,ENSAYADOS,186869.0
Upper Peru (Charcas),Potosí,1576,silver_other,ENSAYADOS,5777.0
Upper Peru (Charcas),Potosí,1576,silver_tax,ENSAYADOS,328068.0
Upper Peru (Charcas),Potosí,1576,silver_tax,OCHO,13976.0
Upper Peru (Charcas),Potosí,1577,mercury_sales,ENSAYADOS,79499.0
Upper Peru (Charcas),Potosí,1577,silver_tax,ENSAYADOS,423707.0
Upper Peru (Charcas),Potosí,1577,silver_tax,OCHO,38146.0
Upper Peru (Charcas),Potosí,1578,mercury_sales,ENSAYADOS,54900.0
Upper Peru (Charcas),Potosí,1578,silver_tax,ENSAYADOS,502166.0
Upper Peru (Charcas),Potosí,1578,silver_tax,OCHO,16950.0
Upper Peru (Charcas),Potosí,1578,silver_tax,ORO,69.0
Upper Peru (Charcas),Potosí,1579,mercury_sales,ENSAYADOS,126927.0
Upper Peru (Charcas),Potosí,1579,silver_other,ENSAYADOS,458.0
Upper Peru (Charcas),Potosí,1579,silver_tax,ENSAYADOS,674733.0
Upper Peru (Charcas),Potosí,1580,mercury_sales,ENSAYADOS,143536.0
Upper Peru (Charcas),Potosí,1580,silver_other,ENSAYADOS,3744.0
Upper Peru (Charcas),Potosí,1580,silver_tax,ENSAYADOS,735428.0
Upper Peru (Charcas),Potosí,1581,mercury_sales,ENSAYADOS,47352.0
Upper Peru (Charcas),Potosí,1581,silver_other,ENSAYADOS,342.0
Upper Peru (Charcas),Potosí,1581,silver_tax,ENSAYADOS,788484.0
Upper Peru (Charcas),Potosí,1582,mercury_sales,ENSAYADOS,176896.0
Upper Peru (Charcas),Potosí,1582,silver_other,ENSAYADOS,1950.0
Upper Peru (Charcas),Potosí,1582,silver_tax,ENSAYADOS,842931.0
Upper Peru (Charcas),Potosí,1583,mercury_sales,ENSAYADOS,88424.0
Upper Peru (Charcas),Potosí,1583,silver_other,ENSAYADOS,2797.0
Upper Peru (Charcas),Potosí,1583,silver_tax,ENSAYADOS,755279.0
Upper Peru (Charcas),Potosí,1585,mercury_sales,ENSAYADOS,257660.0
Upper Peru (Charcas),Potosí,1585,silver_tax,ENSAYADOS,751680.0
Upper Peru (Charcas),Potosí,1586,mercury_sales,ENSAYADOS,797834.0
Upper Peru (Charcas),Potosí,1586,silver_other,ENSAYADOS,4973.0
Upper Peru (Charcas),Potosí,1586,silver_tax,ENSAYADOS,1844819.0
Upper Peru (Charcas),Potosí,1587,mercury_sales,ENSAYADOS,144660.0
Upper Peru (Charcas),Potosí,1587,silver_other,ENSAYADOS,2780.0
Upper Peru (Charcas),Potosí,1587,silver_tax,ENSAYADOS,470666.0
Upper Peru (Charcas),Potosí,1589,mercury_sales,ENSAYADOS,215554.0
Upper Peru (Charcas),Potosí,1589,silver_tax,ENSAYADOS,970084.0
Upper Peru (Charcas),Potosí,1590,mercury_sales,ENSAYADOS,27109.0
Upper Peru (Charcas),Potosí,1590,silver_other,ENSAYADOS,2544.0
Upper Peru (Charcas),Potosí,1590,silver_tax,ENSAYADOS,930376.0
Upper Peru (Charcas),Potosí,1591,mercury_sales,ENSAYADOS,315506.0
Upper Peru (Charcas),Potosí,1591,silver_other,ENSAYADOS,673.0
Upper Peru (Charcas),Potosí,1591,silver_tax,ENSAYADOS,966196.0
Upper Peru (Charcas),Potosí,1592,mercury_sales,ENSAYADOS,246055.0
Upper Peru (Charcas),Potosí,1592,silver_other,ENSAYADOS,3463.0
Upper Peru (Charcas),Potosí,1592,silver_tax,ENSAYADOS,975044.0
Upper Peru (Charcas),Potosí,1593,mercury_sales,ENSAYADOS,62316.0
Upper Peru (Charcas),Potosí,1593,silver_other,ENSAYADOS,4689.0
Upper Peru (Charcas),Potosí,1593,silver_tax,ENSAYADOS,976422.0
Upper Peru (Charcas),Potosí,1594,mercury_sales,ENSAYADOS,260747.0
Upper Peru (Charcas),Potosí,1594,silver_other,ENSAYADOS,1668.0
Upper Peru (Charcas),Potosí,1594,silver_tax,ENSAYADOS,867866.0
Upper Peru (Charcas),Potosí,1596,mercury_sales,ENSAYADOS,309288.0
Upper Peru (Charcas),Potosí,1596,silver_other,ENSAYADOS,4047.0
Upper Peru (Charcas),Potosí,1596,silver_tax,ENSAYADOS,907862.0
Upper Peru (Charcas),Potosí,1598,mercury_sales,ENSAYADOS,271196.0
Upper Peru (Charcas),Potosí,1598,silver_other,ENSAYADOS,376.0
Upper Peru (Charcas),Potosí,1598,silver_tax,ENSAYADOS,811322.0
Upper Peru (Charcas),Potosí,1600,mercury_sales,ENSAYADOS,274526.0
Upper Peru (Charcas),Potosí,1600,silver_other,ENSAYADOS,835.0
Upper Peru (Charcas),Potosí,1600,silver_tax,ENSAYADOS,810268.0
Upper Peru (Charcas),Potosí,1601,mercury_sales,ENSAYADOS,461809.0
Upper Peru (Charcas),Potosí,1601,silver_tax,ENSAYADOS,913532.0
Upper Peru (Charcas),Potosí,1602,mercury_sales,ENSAYADOS,499653.0
Upper Peru (Charcas),Potosí,1602,silver_other,ENSAYADOS,3591.0
Upper Peru (Charcas),Potosí,1602,silver_tax,ENSAYADOS,940717.0
Upper Peru (Charcas),Potosí,1603,mercury_sales,ENSAYADOS,345037.0
Upper Peru (Charcas),Potosí,1603,silver_other,ENSAYADOS,4529.0
Upper Peru (Charcas),Potosí,1603,silver_tax,ENSAYADOS,914887.0
Upper Peru (Charcas),Potosí,1604,mercury_sales,ENSAYADOS,289821.0
Upper Peru (Charcas),Potosí,1604,silver_tax,ENSAYADOS,827391.0
Upper Peru (Charcas),Potosí,1605,mercury_sales,ENSAYADOS,310234.0
Upper Peru (Charcas),Potosí,1605,silver_other,ENSAYADOS,5356.0
Upper Peru (Charcas),Potosí,1605,silver_tax,ENSAYADOS,947723.0
Upper Peru (Charcas),Potosí,1606,mercury_sales,ENSAYADOS,349217.0
Upper Peru (Charcas),Potosí,1606,silver_tax,ENSAYADOS,898876.0
Upper Peru (Charcas),Potosí,1607,mercury_sales,ENSAYADOS,422683.0
Upper Peru (Charcas),Potosí,1607,silver_tax,ENSAYADOS,874765.0
Upper Peru (Charcas),Potosí,1608,mercury_sales,ENSAYADOS,346345.0
Upper Peru (Charcas),Potosí,1608,silver_tax,ENSAYADOS,742342.0
Upper Peru (Charcas),Potosí,1609,mercury_sales,ENSAYADOS,304866.0
Upper Peru (Charcas),Potosí,1609,silver_tax,ENSAYADOS,700403.0
Upper Peru (Charcas),Potosí,1610,mercury_sales,ENSAYADOS,518086.0
Upper Peru (Charcas),Potosí,1610,silver_tax,ENSAYADOS,928051.0
Upper Peru (Charcas),Potosí,1611,mercury_sales,ENSAYADOS,1530.0
Upper Peru (Charcas),Potosí,1611,silver_tax,ENSAYADOS,412891.0
Upper Peru (Charcas),Potosí,1612,mercury_sales,ENSAYADOS,422789.0
Upper Peru (Charcas),Potosí,1612,silver_tax,ENSAYADOS,812415.0
Upper Peru (Charcas),Potosí,1613,mercury_sales,ENSAYADOS,381536.0
Upper Peru (Charcas),Potosí,1613,silver_tax,ENSAYADOS,638220.0
Upper Peru (Charcas),Potosí,1614,mercury_sales,ENSAYADOS,372120.0
Upper Peru (Charcas),Potosí,1614,silver_tax,ENSAYADOS,852106.0
Upper Peru (Charcas),Potosí,1615,mercury_sales,ENSAYADOS,364306.0
Upper Peru (Charcas),Potosí,1615,silver_tax,ENSAYADOS,850474.0
Upper Peru (Charcas),Potosí,1616,mercury_sales,ENSAYADOS,46972.0
Upper Peru (Charcas),Potosí,1616,silver_tax,ENSAYADOS,522148.0
Upper Peru (Charcas),Potosí,1617,mercury_sales,ENSAYADOS,193035.0
Upper Peru (Charcas),Potosí,1617,silver_tax,ENSAYADOS,662837.0
Upper Peru (Charcas),Potosí,1618,mercury_sales,ENSAYADOS,178634.0
Upper Peru (Charcas),Potosí,1618,silver_tax,ENSAYADOS,646239.0
Upper Peru (Charcas),Potosí,1619,mercury_sales,ENSAYADOS,231511.0
Upper Peru (Charcas),Potosí,1619,silver_tax,ENSAYADOS,695706.0
Upper Peru (Charcas),Potosí,1620,mercury_sales,ENSAYADOS,178279.0
Upper Peru (Charcas),Potosí,1620,silver_tax,ENSAYADOS,662387.0
Upper Peru (Charcas),Potosí,1621,mercury_sales,ENSAYADOS,226720.0
Upper Peru (Charcas),Potosí,1621,silver_tax,ENSAYADOS,678813.0
Upper Peru (Charcas),Potosí,1622,mercury_sales,ENSAYADOS,202490.0
Upper Peru (Charcas),Potosí,1622,silver_tax,ENSAYADOS,675989.0
Upper Peru (Charcas),Potosí,1623,silver_tax,ENSAYADOS,669712.0
Upper Peru (Charcas),Potosí,1624,mercury_sales,ENSAYADOS,198173.0
Upper Peru (Charcas),Potosí,1624,silver_tax,ENSAYADOS,672306.0
Upper Peru (Charcas),Potosí,1625,mercury_sales,ENSAYADOS,206945.0
Upper Peru (Charcas),Potosí,1625,silver_tax,ENSAYADOS,633689.0
Upper Peru (Charcas),Potosí,1626,mercury_sales,ENSAYADOS,144376.0
Upper Peru (Charcas),Potosí,1626,silver_tax,ENSAYADOS,639301.0
Upper Peru (Charcas),Potosí,1627,mercury_sales,ENSAYADOS,192180.0
Upper Peru (Charcas),Potosí,1628,mercury_sales,ENSAYADOS,285360.0
Upper Peru (Charcas),Potosí,1629,mercury_sales,ENSAYADOS,207421.0
Upper Peru (Charcas),Potosí,1629,silver_tax,ENSAYADOS,601517.0
Upper Peru (Charcas),Potosí,1630,mercury_sales,ENSAYADOS,289413.0
Upper Peru (Charcas),Potosí,1630,silver_tax,ENSAYADOS,595015.0
Upper Peru (Charcas),Potosí,1631,mercury_sales,ENSAYADOS,374494.0
Upper Peru (Charcas),Potosí,1631,silver_tax,ENSAYADOS,659789.0
Upper Peru (Charcas),Potosí,1632,mercury_sales,ENSAYADOS,261293.0
Upper Peru (Charcas),Potosí,1632,silver_tax,ENSAYADOS,596326.0
Upper Peru (Charcas),Potosí,1633,mercury_sales,ENSAYADOS,309786.0
Upper Peru (Charcas),Potosí,1633,silver_tax,ENSAYADOS,620800.0
Upper Peru (Charcas),Potosí,1634,mercury_sales,ENSAYADOS,362537.0
Upper Peru (Charcas),Potosí,1634,silver_tax,ENSAYADOS,612969.0
Upper Peru (Charcas),Potosí,1635,mercury_sales,ENSAYADOS,178607.0
Upper Peru (Charcas),Potosí,1635,silver_other,ENSAYADOS,160.0
Upper Peru (Charcas),Potosí,1635,silver_tax,ENSAYADOS,585449.0
Upper Peru (Charcas),Potosí,1636,mercury_sales,ENSAYADOS,323356.0
Upper Peru (Charcas),Potosí,1636,silver_tax,ENSAYADOS,889815.0
Upper Peru (Charcas),Potosí,1637,mercury_sales,ENSAYADOS,197874.0
Upper Peru (Charcas),Potosí,1637,silver_tax,ENSAYADOS,735954.0
Upper Peru (Charcas),Potosí,1638,mercury_sales,ENSAYADOS,223786.0
Upper Peru (Charcas),Potosí,1638,silver_tax,ENSAYADOS,726195.0
Upper Peru (Charcas),Potosí,1639,mercury_sales,ENSAYADOS,230866.0
Upper Peru (Charcas),Potosí,1639,silver_tax,ENSAYADOS,690881.0
Upper Peru (Charcas),Potosí,1640,mercury_sales,ENSAYADOS,221184.0
Upper Peru (Charcas),Potosí,1640,silver_tax,ENSAYADOS,605211.0
Upper Peru (Charcas),Potosí,1641,mercury_sales,ENSAYADOS,194753.0
Upper Peru (Charcas),Potosí,1641,silver_tax,ENSAYADOS,581771.0
Upper Peru (Charcas),Potosí,1642,mercury_sales,ENSAYADOS,260618.0
Upper Peru (Charcas),Potosí,1642,silver_tax,ENSAYADOS,560273.0
Upper Peru (Charcas),Potosí,1643,mercury_sales,ENSAYADOS,263656.0
Upper Peru (Charcas),Potosí,1644,mercury_sales,ENSAYADOS,210002.0
Upper Peru (Charcas),Potosí,1644,silver_tax,ENSAYADOS,532742.0
Upper Peru (Charcas),Potosí,1645,mercury_sales,ENSAYADOS,173024.0
Upper Peru (Charcas),Potosí,1645,silver_tax,ENSAYADOS,561622.0
Upper Peru (Charcas),Potosí,1646,mercury_sales,ENSAYADOS,270257.0
Upper Peru (Charcas),Potosí,1646,silver_tax,ENSAYADOS,520032.0
Upper Peru (Charcas),Potosí,1647,mercury_sales,ENSAYADOS,272921.0
Upper Peru (Charcas),Potosí,1647,silver_tax,ENSAYADOS,551034.0
Upper Peru (Charcas),Potosí,1648,mercury_sales,ENSAYADOS,286563.0
Upper Peru (Charcas),Potosí,1648,silver_tax,ENSAYADOS,694659.0
Upper Peru (Charcas),Potosí,1649,mercury_sales,ENSAYADOS,445702.0
Upper Peru (Charcas),Potosí,1649,silver_tax,ENSAYADOS,661200.0
Upper Peru (Charcas),Potosí,1650,mercury_sales,ENSAYADOS,161185.0
Upper Peru (Charcas),Potosí,1650,silver_tax,ENSAYADOS,567490.0
Upper Peru (Charcas),Potosí,1651,mercury_sales,ENSAYADOS,148077.0
Upper Peru (Charcas),Potosí,1651,silver_tax,ENSAYADOS,476243.0
Upper Peru (Charcas),Potosí,1652,mercury_sales,ENSAYADOS,347709.0
Upper Peru (Charcas),Potosí,1652,silver_tax,ENSAYADOS,495520.0
Upper Peru (Charcas),Potosí,1653,mercury_sales,ENSAYADOS,296049.0
Upper Peru (Charcas),Potosí,1653,silver_tax,ENSAYADOS,471373.0
Upper Peru (Charcas),Potosí,1654,mercury_sales,ENSAYADOS,295454.0
Upper Peru (Charcas),Potosí,1654,silver_tax,ENSAYADOS,516397.0
Upper Peru (Charcas),Potosí,1655,mercury_sales,ENSAYADOS,260979.0
Upper Peru (Charcas),Potosí,1655,silver_tax,ENSAYADOS,467727.0
Upper Peru (Charcas),Potosí,1656,mercury_sales,ENSAYADOS,217452.0
Upper Peru (Charcas),Potosí,1656,silver_tax,ENSAYADOS,497203.0
Upper Peru (Charcas),Potosí,1657,mercury_sales,ENSAYADOS,212192.0
Upper Peru (Charcas),Potosí,1657,silver_other,ENSAYADOS,10880.0
Upper Peru (Charcas),Potosí,1657,silver_tax,ENSAYADOS,576011.0
Upper Peru (Charcas),Potosí,1658,mercury_sales,ENSAYADOS,203037.0
Upper Peru (Charcas),Potosí,1658,silver_tax,ENSAYADOS,542850.0
Upper Peru (Charcas),Potosí,1659,mercury_sales,ENSAYADOS,214218.0
Upper Peru (Charcas),Potosí,1659,silver_tax,ENSAYADOS,494445.0
Upper Peru (Charcas),Potosí,1660,mercury_sales,ENSAYADOS,198043.0
Upper Peru (Charcas),Potosí,1660,silver_tax,ENSAYADOS,403620.0
Upper Peru (Charcas),Potosí,1661,mercury_sales,ENSAYADOS,179227.0
Upper Peru (Charcas),Potosí,1661,silver_tax,ENSAYADOS,385392.0
Upper Peru (Charcas),Potosí,1662,mercury_sales,ENSAYADOS,178128.0
Upper Peru (Charcas),Potosí,1662,silver_tax,ENSAYADOS,394615.0
Upper Peru (Charcas),Potosí,1663,mercury_sales,ENSAYADOS,165189.0
Upper Peru (Charcas),Potosí,1663,silver_tax,ENSAYADOS,358107.0
Upper Peru (Charcas),Potosí,1664,mercury_sales,ENSAYADOS,150380.0
Upper Peru (Charcas),Potosí,1664,silver_tax,ENSAYADOS,374385.0
Upper Peru (Charcas),Potosí,1665,mercury_sales,ENSAYADOS,190568.0
Upper Peru (Charcas),Potosí,1665,silver_tax,ENSAYADOS,405373.0
Upper Peru (Charcas),Potosí,1666,mercury_sales,ENSAYADOS,201856.0
Upper Peru (Charcas),Potosí,1666,silver_tax,ENSAYADOS,417842.0
Upper Peru (Charcas),Potosí,1667,mercury_sales,ENSAYADOS,211177.0
Upper Peru (Charcas),Potosí,1667,silver_tax,ENSAYADOS,438341.0
Upper Peru (Charcas),Potosí,1668,mercury_sales,ENSAYADOS,161957.0
Upper Peru (Charcas),Potosí,1668,silver_tax,ENSAYADOS,427390.0
Upper Peru (Charcas),Potosí,1669,mercury_sales,ENSAYADOS,171203.0
Upper Peru (Charcas),Potosí,1669,silver_tax,ENSAYADOS,385937.0
Upper Peru (Charcas),Potosí,1670,mercury_sales,ENSAYADOS,174391.0
Upper Peru (Charcas),Potosí,1670,silver_tax,ENSAYADOS,342950.0
Upper Peru (Charcas),Potosí,1671,mercury_sales,ENSAYADOS,162205.0
Upper Peru (Charcas),Potosí,1671,silver_other,ENSAYADOS,42040.0
Upper Peru (Charcas),Potosí,1671,silver_tax,ENSAYADOS,416150.0
Upper Peru (Charcas),Potosí,1672,mercury_sales,ENSAYADOS,154375.0
Upper Peru (Charcas),Potosí,1672,silver_tax,ENSAYADOS,385878.0
Upper Peru (Charcas),Potosí,1673,mercury_sales,ENSAYADOS,180838.0
Upper Peru (Charcas),Potosí,1673,silver_tax,ENSAYADOS,418511.0
Upper Peru (Charcas),Potosí,1674,mercury_sales,ENSAYADOS,183812.0
Upper Peru (Charcas),Potosí,1674,silver_tax,ENSAYADOS,416584.0
Upper Peru (Charcas),Potosí,1675,mercury_sales,ENSAYADOS,19922.0
Upper Peru (Charcas),Potosí,1675,silver_tax,ENSAYADOS,351121.0
Upper Peru (Charcas),Potosí,1676,mercury_sales,ENSAYADOS,144404.0
Upper Peru (Charcas),Potosí,1676,silver_tax,ENSAYADOS,318164.0
Upper Peru (Charcas),Potosí,1677,mercury_sales,ENSAYADOS,159828.0
Upper Peru (Charcas),Potosí,1677,silver_tax,ENSAYADOS,340158.0
Upper Peru (Charcas),Potosí,1678,mercury_sales,ENSAYADOS,153138.0
Upper Peru (Charcas),Potosí,1678,silver_tax,ENSAYADOS,403829.0
Upper Peru (Charcas),Potosí,1679,gold_tax,ENSAYADOS,181.0
Upper Peru (Charcas),Potosí,1679,mercury_sales,ENSAYADOS,159205.0
Upper Peru (Charcas),Potosí,1679,silver_tax,ENSAYADOS,385225.0
Upper Peru (Charcas),Potosí,1680,gold_other,ENSAYADOS,178.0
Upper Peru (Charcas),Potosí,1680,mercury_sales,ENSAYADOS,155253.0
Upper Peru (Charcas),Potosí,1680,silver_tax,ENSAYADOS,389114.0
Upper Peru (Charcas),Potosí,1681,gold_tax,ENSAYADOS,577.0
Upper Peru (Charcas),Potosí,1681,mercury_sales,ENSAYADOS,170982.0
Upper Peru (Charcas),Potosí,1681,silver_tax,ENSAYADOS,424064.0
Upper Peru (Charcas),Potosí,1682,gold_tax,ENSAYADOS,683.0
Upper Peru (Charcas),Potosí,1682,mercury_sales,ENSAYADOS,193135.0
Upper Peru (Charcas),Potosí,1682,silver_tax,ENSAYADOS,407708.0
Upper Peru (Charcas),Potosí,1683,gold_tax,ENSAYADOS,69.0
Upper Peru (Charcas),Potosí,1683,mercury_sales,ENSAYADOS,214043.0
Upper Peru (Charcas),Potosí,1683,silver_tax,ENSAYADOS,452390.0
Upper Peru (Charcas),Potosí,1684,gold_tax,ENSAYADOS,525.0
Upper Peru (Charcas),Potosí,1684,mercury_sales,ENSAYADOS,198835.0
Upper Peru (Charcas),Potosí,1684,silver_tax,ENSAYADOS,444650.0
Upper Peru (Charcas),Potosí,1685,mercury_sales,ENSAYADOS,203540.0
Upper Peru (Charcas),Potosí,1685,silver_tax,ENSAYADOS,405183.0
Upper Peru (Charcas),Potosí,1686,gold_tax,ENSAYADOS,439.0
Upper Peru (Charcas),Potosí,1686,mercury_sales,ENSAYADOS,191746.0
Upper Peru (Charcas),Potosí,1686,silver_tax,ENSAYADOS,362874.0
Upper Peru (Charcas),Potosí,1687,mercury_sales,ENSAYADOS,185343.0
Upper Peru (Charcas),Potosí,1687,silver_tax,ENSAYADOS,399037.0
Upper Peru (Charcas),Potosí,1688,mercury_sales,ENSAYADOS,182434.0
Upper Peru (Charcas),Potosí,1688,silver_tax,ENSAYADOS,399507.0
Upper Peru (Charcas),Potosí,1689,gold_tax,ENSAYADOS,246.0
Upper Peru (Charcas),Potosí,1689,mercury_sales,ENSAYADOS,154694.0
Upper Peru (Charcas),Potosí,1689,silver_tax,ENSAYADOS,400194.0
Upper Peru (Charcas),Potosí,1690,gold_tax,ENSAYADOS,578.0
Upper Peru (Charcas),Potosí,1690,mercury_sales,ENSAYADOS,151148.0
Upper Peru (Charcas),Potosí,1690,silver_tax,ENSAYADOS,416215.0
Upper Peru (Charcas),Potosí,1691,mercury_sales,ENSAYADOS,153683.0
Upper Peru (Charcas),Potosí,1691,silver_other,ENSAYADOS,843.0
Upper Peru (Charcas),Potosí,1691,silver_tax,ENSAYADOS,367290.0
Upper Peru (Charcas),Potosí,1692,gold_tax,ENSAYADOS,401.0
Upper Peru (Charcas),Potosí,1692,mercury_sales,ENSAYADOS,135803.0
Upper Peru (Charcas),Potosí,1692,silver_other,ENSAYADOS,3945.0
Upper Peru (Charcas),Potosí,1692,silver_tax,ENSAYADOS,262655.0
Upper Peru (Charcas),Potosí,1693,mercury_sales,ENSAYADOS,139510.0
Upper Peru (Charcas),Potosí,1693,silver_tax,ENSAYADOS,353002.0
Upper Peru (Charcas),Potosí,1694,mercury_sales,ENSAYADOS,130905.0
Upper Peru (Charcas),Potosí,1694,silver_tax,ENSAYADOS,338197.0
Upper Peru (Charcas),Potosí,1695,gold_tax,ENSAYADOS,184.0
Upper Peru (Charcas),Potosí,1695,mercury_sales,ENSAYADOS,153979.0
Upper Peru (Charcas),Potosí,1695,silver_tax,ENSAYADOS,344515.0
Upper Peru (Charcas),Potosí,1696,gold_tax,ENSAYADOS,188.0
Upper Peru (Charcas),Potosí,1696,mercury_sales,ENSAYADOS,293025.0
Upper Peru (Charcas),Potosí,1696,silver_tax,ENSAYADOS,476273.0
Upper Peru (Charcas),Potosí,1697,mercury_sales,ENSAYADOS,121588.0
Upper Peru (Charcas),Potosí,1697,silver_tax,ENSAYADOS,242691.0
Upper Peru (Charcas),Potosí,1698,mercury_sales,ENSAYADOS,188608.0
Upper Peru (Charcas),Potosí,1698,silver_other,ENSAYADOS,2882.0
Upper Peru (Charcas),Potosí,1698,silver_tax,ENSAYADOS,264704.0
Upper Peru (Charcas),Potosí,1699,gold_tax,ENSAYADOS,20.0
Upper Peru (Charcas),Potosí,1699,mercury_sales,ENSAYADOS,141364.0
Upper Peru (Charcas),Potosí,1699,silver_tax,ENSAYADOS,259221.0
Upper Peru (Charcas),Potosí,1700,mercury_sales,ENSAYADOS,140037.0
Upper Peru (Charcas),Potosí,1700,silver_tax,ENSAYADOS,188152.0
Upper Peru (Charcas),Potosí,1701,gold_tax,ENSAYADOS,1308.0
Upper Peru (Charcas),Potosí,1701,mercury_sales,ENSAYADOS,144413.0
Upper Peru (Charcas),Potosí,1701,silver_tax,ENSAYADOS,131785.0
Upper Peru (Charcas),Potosí,1705,mercury_sales,ENSAYADOS,83659.0
Upper Peru (Charcas),Potosí,1705,silver_tax,ENSAYADOS,183676.0
Upper Peru (Charcas),Potosí,1706,gold_tax,ENSAYADOS,399.0
Upper Peru (Charcas),Potosí,1706,mercury_sales,ENSAYADOS,135538.0
Upper Peru (Charcas),Potosí,1706,silver_tax,ENSAYADOS,245344.0
Upper Peru (Charcas),Potosí,1707,mercury_sales,ENSAYADOS,135503.0
Upper Peru (Charcas),Potosí,1707,silver_tax,ENSAYADOS,227415.0
Upper Peru (Charcas),Potosí,1708,gold_tax,ENSAYADOS,1519.0
Upper Peru (Charcas),Potosí,1708,mercury_sales,ENSAYADOS,99465.0
Upper Peru (Charcas),Potosí,1708,silver_tax,ENSAYADOS,231442.0
Upper Peru (Charcas),Potosí,1709,mercury_sales,ENSAYADOS,104966.0
Upper Peru (Charcas),Potosí,1709,silver_tax,ENSAYADOS,178890.0
Upper Peru (Charcas),Potosí,1710,mercury_sales,ENSAYADOS,103048.0
Upper Peru (Charcas),Potosí,1710,silver_tax,ENSAYADOS,198677.0
Upper Peru (Charcas),Potosí,1711,gold_tax,ENSAYADOS,504.0
Upper Peru (Charcas),Potosí,1711,mercury_sales,ENSAYADOS,69460.0
Upper Peru (Charcas),Potosí,1711,silver_tax,ENSAYADOS,108740.0
Upper Peru (Charcas),Potosí,1716,gold_tax,ENSAYADOS,70.0
Upper Peru (Charcas),Potosí,1716,mercury_sales,ENSAYADOS,101961.0
Upper Peru (Charcas),Potosí,1716,silver_tax,ENSAYADOS,218739.0
Upper Peru (Charcas),Potosí,1717,mercury_sales,ENSAYADOS,94398.0
Upper Peru (Charcas),Potosí,1717,silver_tax,ENSAYADOS,213671.0
Upper Peru (Charcas),Potosí,1718,mercury_sales,ENSAYADOS,95795.0
Upper Peru (Charcas),Potosí,1718,silver_tax,ENSAYADOS,192090.0
Upper Peru (Charcas),Potosí,1719,gold_tax,ENSAYADOS,189.0
Upper Peru (Charcas),Potosí,1719,mercury_sales,ENSAYADOS,60035.0
Upper Peru (Charcas),Potosí,1719,silver_tax,ENSAYADOS,144975.0
Upper Peru (Charcas),Potosí,1720,mercury_sales,OCHO,157995.0
Upper Peru (Charcas),Potosí,1720,silver_tax,OCHO,456227.0
Upper Peru (Charcas),Potosí,1722,mercury_sales,OCHO,117418.0
Upper Peru (Charcas),Potosí,1722,silver_tax,OCHO,214501.0
Upper Peru (Charcas),Potosí,1723,mercury_sales,OCHO,128820.0
Upper Peru (Charcas),Potosí,1723,silver_tax,OCHO,232127.0
Upper Peru (Charcas),Potosí,1724,gold_tax,OCHO,392.0
Upper Peru (Charcas),Potosí,1724,mercury_sales,OCHO,134027.0
Upper Peru (Charcas),Potosí,1724,silver_other,OCHO,12.0
Upper Peru (Charcas),Potosí,1724,silver_tax,OCHO,236772.0
Upper Peru (Charcas),Potosí,1725,mercury_sales,OCHO,142883.0
Upper Peru (Charcas),Potosí,1725,silver_other,OCHO,19.0
Upper Peru (Charcas),Potosí,1725,silver_tax,OCHO,248517.0
Upper Peru (Charcas),Potosí,1726,mercury_sales,OCHO,131027.0
Upper Peru (Charcas),Potosí,1726,silver_tax,OCHO,265067.0
Upper Peru (Charcas),Potosí,1727,mercury_sales,OCHO,133496.0
Upper Peru (Charcas),Potosí,1727,silver_tax,OCHO,309749.0
Upper Peru (Charcas),Potosí,1728,gold_tax,OCHO,112.0
Upper Peru (Charcas),Potosí,1728,mercury_sales,OCHO,150498.0
Upper Peru (Charcas),Potosí,1728,silver_tax,OCHO,351811.0
Upper Peru (Charcas),Potosí,1729,gold_tax,OCHO,1086.0
Upper Peru (Charcas),Potosí,1729,mercury_sales,OCHO,131912.0
Upper Peru (Charcas),Potosí,1729,silver_tax,OCHO,318403.0
Upper Peru (Charcas),Potosí,1730,mercury_sales,OCHO,101604.0
Upper Peru (Charcas),Potosí,1730,silver_tax,OCHO,299177.0
Upper Peru (Charcas),Potosí,1731,mercury_sales,OCHO,152832.0
Upper Peru (Charcas),Potosí,1731,silver_tax,OCHO,302134.0
Upper Peru (Charcas),Potosí,1732,mercury_sales,OCHO,137113.0
Upper Peru (Charcas),Potosí,1732,silver_other,OCHO,16000.0
Upper Peru (Charcas),Potosí,1732,silver_tax,OCHO,304414.0
Upper Peru (Charcas),Potosí,1733,mercury_sales,OCHO,133754.0
Upper Peru (Charcas),Potosí,1733,silver_other,OCHO,16000.0
Upper Peru (Charcas),Potosí,1733,silver_tax,OCHO,305395.0
Upper Peru (Charcas),Potosí,1734,mercury_sales,OCHO,128493.0
Upper Peru (Charcas),Potosí,1734,silver_tax,OCHO,287596.0
Upper Peru (Charcas),Potosí,1735,mercury_sales,OCHO,148019.0
Upper Peru (Charcas),Potosí,1735,silver_tax,OCHO,233437.0
Upper Peru (Charcas),Potosí,1736,mercury_sales,OCHO,160766.0
Upper Peru (Charcas),Potosí,1737,gold_other,OCHO,33.0
Upper Peru (Charcas),Potosí,1737,mercury_sales,OCHO,142917.0
Upper Peru (Charcas),Potosí,1737,silver_tax,OCHO,183487.0
Upper Peru (Charcas),Potosí,1738,silver_tax,OCHO,165588.0
Upper Peru (Charcas),Potosí,1739,mercury_sales,OCHO,121435.0
Upper Peru (Charcas),Potosí,1739,silver_tax,OCHO,182327.0
Upper Peru (Charcas),Potosí,1740,mercury_sales,OCHO,149870.0
Upper Peru (Charcas),Potosí,1740,silver_tax,OCHO,169884.0
Upper Peru (Charcas),Potosí,1741,mercury_sales,OCHO,130345.0
Upper Peru (Charcas),Potosí,1741,silver_tax,OCHO,172106.0
Upper Peru (Charcas),Potosí,1743,gold_other,OCHO,2564.0
Upper Peru (Charcas),Potosí,1743,mercury_sales,OCHO,167074.0
Upper Peru (Charcas),Potosí,1743,silver_tax,OCHO,145561.0
Upper Peru (Charcas),Potosí,1744,mercury_sales,OCHO,116985.0
Upper Peru (Charcas),Potosí,1744,silver_tax,OCHO,158461.0
Upper Peru (Charcas),Potosí,1745,mercury_sales,OCHO,148235.0
Upper Peru (Charcas),Potosí,1745,silver_tax,OCHO,166357.0
Upper Peru (Charcas),Potosí,1746,silver_tax,OCHO,190747.0
Upper Peru (Charcas),Potosí,1747,silver_tax,OCHO,185051.0
Upper Peru (Charcas),Potosí,1748,gold_other,OCHO,200.0
Upper Peru (Charcas),Potosí,1748,mercury_sales,OCHO,145169.0
Upper Peru (Charcas),Potosí,1748,silver_tax,OCHO,203472.0
Upper Peru (Charcas),Potosí,1749,mercury_sales,OCHO,183720.0
Upper Peru (Charcas),Potosí,1749,silver_tax,OCHO,226664.0
Upper Peru (Charcas),Potosí,1750,mercury_sales,OCHO,166189.0
Upper Peru (Charcas),Potosí,1750,silver_tax,OCHO,231822.0
Upper Peru (Charcas),Potosí,1751,gold_other,OCHO,2824.0
Upper Peru (Charcas),Potosí,1751,mercury_sales,OCHO,146645.0
Upper Peru (Charcas),Potosí,1751,silver_tax,OCHO,230880.0
Upper Peru (Charcas),Potosí,1752,gold_other,OCHO,32.0
Upper Peru (Charcas),Potosí,1752,mercury_sales,OCHO,160724.0
Upper Peru (Charcas),Potosí,1752,silver_tax,OCHO,238230.0
Upper Peru (Charcas),Potosí,1753,mercury_sales,OCHO,153487.0
Upper Peru (Charcas),Potosí,1753,silver_tax,OCHO,248506.0
Upper Peru (Charcas),Potosí,1754,mercury_sales,OCHO,152600.0
Upper Peru (Charcas),Potosí,1754,silver_tax,OCHO,239126.0
Upper Peru (Charcas),Potosí,1755,mercury_sales,OCHO,163520.0
Upper Peru (Charcas),Potosí,1755,silver_tax,OCHO,224020.0
Upper Peru (Charcas),Potosí,1756,mercury_sales,OCHO,163166.0
Upper Peru (Charcas),Potosí,1756,silver_tax,OCHO,250211.0
Upper Peru (Charcas),Potosí,1757,gold_tax,OCHO,23.0
Upper Peru (Charcas),Potosí,1757,mercury_sales,OCHO,363682.0
Upper Peru (Charcas),Potosí,1757,silver_tax,OCHO,251606.0
Upper Peru (Charcas),Potosí,1758,mercury_sales,OCHO,165642.0
Upper Peru (Charcas),Potosí,1758,silver_tax,OCHO,266332.0
Upper Peru (Charcas),Potosí,1759,mercury_sales,OCHO,185182.0
Upper Peru (Charcas),Potosí,1759,silver_tax,OCHO,255716.0
Upper Peru (Charcas),Potosí,1760,mercury_sales,OCHO,192050.0
Upper Peru (Charcas),Potosí,1760,silver_tax,OCHO,278369.0
Upper Peru (Charcas),Potosí,1761,mercury_sales,OCHO,196930.0
Upper Peru (Charcas),Potosí,1761,silver_tax,OCHO,255824.0
Upper Peru (Charcas),Potosí,1762,mercury_sales,OCHO,213667.0
Upper Peru (Charcas),Potosí,1762,silver_tax,OCHO,261747.0
Upper Peru (Charcas),Potosí,1763,mercury_sales,OCHO,206305.0
Upper Peru (Charcas),Potosí,1763,silver_tax,OCHO,282851.0
Upper Peru (Charcas),Potosí,1764,mercury_sales,OCHO,201159.0
Upper Peru (Charcas),Potosí,1764,silver_tax,OCHO,266280.0
Upper Peru (Charcas),Potosí,1765,mercury_sales,OCHO,197120.0
Upper Peru (Charcas),Potosí,1765,silver_tax,OCHO,289667.0
Upper Peru (Charcas),Potosí,1766,mercury_sales,OCHO,185349.0
Upper Peru (Charcas),Potosí,1766,silver_tax,OCHO,283851.0
Upper Peru (Charcas),Potosí,1767,mercury_sales,OCHO,180352.0
Upper Peru (Charcas),Potosí,1767,silver_tax,OCHO,298314.0
Upper Peru (Charcas),Potosí,1768,mercury_sales,OCHO,205535.0
Upper Peru (Charcas),Potosí,1768,silver_tax,OCHO,311102.0
Upper Peru (Charcas),Potosí,1769,mercury_sales,OCHO,422269.0
Upper Peru (Charcas),Potosí,1769,silver_tax,OCHO,185440.0
Upper Peru (Charcas),Potosí,1770,mercury_sales,OCHO,315048.0
Upper Peru (Charcas),Potosí,1770,silver_tax,OCHO,292373.0
Upper Peru (Charcas),Potosí,1771,mercury_sales,OCHO,317749.0
Upper Peru (Charcas),Potosí,1771,silver_tax,OCHO,308058.0
Upper Peru (Charcas),Potosí,1772,mercury_sales,OCHO,384927.0
Upper Peru (Charcas),Potosí,1772,silver_other,OCHO,29.0
Upper Peru (Charcas),Potosí,1772,silver_tax,OCHO,299228.0
Upper Peru (Charcas),Potosí,1773,mercury_sales,OCHO,212363.0
Upper Peru (Charcas),Potosí,1773,silver_tax,OCHO,306925.0
Upper Peru (Charcas),Potosí,1774,gold_other,OCHO,1248.0
Upper Peru (Charcas),Potosí,1774,mercury_sales,OCHO,409556.0
Upper Peru (Charcas),Potosí,1774,silver_other,OCHO,41970.0
Upper Peru (Charcas),Potosí,1774,silver_tax,OCHO,276505.0
Upper Peru (Charcas),Potosí,1775,gold_other,OCHO,672.0
Upper Peru (Charcas),Potosí,1775,mercury_sales,OCHO,363800.0
Upper Peru (Charcas),Potosí,1775,silver_other,OCHO,43920.0
Upper Peru (Charcas),Potosí,1775,silver_tax,OCHO,288740.0
Upper Peru (Charcas),Potosí,1776,mercury_sales,OCHO,367347.0
Upper Peru (Charcas),Potosí,1776,silver_other,OCHO,45769.0
Upper Peru (Charcas),Potosí,1776,silver_tax,OCHO,300700.0
Upper Peru (Charcas),Potosí,1777,gold_other,OCHO,19.0
Upper Peru (Charcas),Potosí,1777,mercury_sales,OCHO,198809.0
Upper Peru (Charcas),Potosí,1777,silver_tax,OCHO,390708.0
Upper Peru (Charcas),Potosí,1778,gold_other,OCHO,1301.0
Upper Peru (Charcas),Potosí,1778,mercury_sales,OCHO,251111.0
Upper Peru (Charcas),Potosí,1778,silver_other,OCHO,48.0
Upper Peru (Charcas),Potosí,1778,silver_tax,OCHO,352064.0
Upper Peru (Charcas),Potosí,1779,gold_other,OCHO,4276.0
Upper Peru (Charcas),Potosí,1779,mercury_sales,OCHO,270778.0
Upper Peru (Charcas),Potosí,1779,silver_tax,OCHO,348822.0
Upper Peru (Charcas),Potosí,1780,gold_tax,OCHO,7618.0
Upper Peru (Charcas),Potosí,1780,mercury_sales,OCHO,202090.0
Upper Peru (Charcas),Potosí,1780,silver_tax,OCHO,400862.0
Upper Peru (Charcas),Potosí,1781,gold_tax,OCHO,5379.0
Upper Peru (Charcas),Potosí,1781,mercury_sales,OCHO,80399.0
Upper Peru (Charcas),Potosí,1781,silver_other,OCHO,1626.0
Upper Peru (Charcas),Potosí,1781,silver_tax,OCHO,329153.0
Upper Peru (Charcas),Potosí,1782,gold_tax,OCHO,6104.0
Upper Peru (Charcas),Potosí,1782,mercury_sales,OCHO,137267.0
Upper Peru (Charcas),Potosí,1782,silver_tax,OCHO,350981.0
Upper Peru (Charcas),Potosí,1783,gold_tax,OCHO,5132.0
Upper Peru (Charcas),Potosí,1783,mercury_sales,OCHO,149194.0
Upper Peru (Charcas),Potosí,1783,silver_tax,OCHO,400510.0
Upper Peru (Charcas),Potosí,1784,gold_tax,OCHO,4643.0
Upper Peru (Charcas),Potosí,1784,mercury_sales,OCHO,134736.0
Upper Peru (Charcas),Potosí,1784,silver_tax,OCHO,374156.0
Upper Peru (Charcas),Potosí,1785,gold_tax,OCHO,4450.0
Upper Peru (Charcas),Potosí,1785,mercury_sales,OCHO,2306.0
Upper Peru (Charcas),Potosí,1785,silver_tax,OCHO,352888.0
Upper Peru (Charcas),Potosí,1786,gold_tax,OCHO,6249.0
Upper Peru (Charcas),Potosí,1786,silver_tax,OCHO,333391.0
Upper Peru (Charcas),Potosí,1787,gold_tax,OCHO,5988.0
Upper Peru (Charcas),Potosí,1787,mercury_sales,OCHO,156233.0
Upper Peru (Charcas),Potosí,1787,silver_tax,OCHO,391142.0
Upper Peru (Charcas),Potosí,1788,gold_tax,OCHO,6133.0
Upper Peru (Charcas),Potosí,1788,mercury_sales,OCHO,87565.0
Upper Peru (Charcas),Potosí,1788,silver_tax,OCHO,383964.0
Upper Peru (Charcas),Potosí,1789,gold_tax,OCHO,6863.0
Upper Peru (Charcas),Potosí,1789,silver_tax,OCHO,336022.0
Upper Peru (Charcas),Potosí,1790,gold_tax,OCHO,7765.0
Upper Peru (Charcas),Potosí,1790,silver_tax,OCHO,360399.0
Upper Peru (Charcas),Potosí,1791,gold_tax,OCHO,6758.0
Upper Peru (Charcas),Potosí,1791,silver_tax,OCHO,370873.0
Upper Peru (Charcas),Potosí,1792,gold_tax,OCHO,4769.0
Upper Peru (Charcas),Potosí,1792,silver_tax,OCHO,378684.0
Upper Peru (Charcas),Potosí,1793,gold_tax,OCHO,5845.0
Upper Peru (Charcas),Potosí,1793,silver_tax,OCHO,371455.0
Upper Peru (Charcas),Potosí,1794,gold_tax,OCHO,6617.0
Upper Peru (Charcas),Potosí,1794,silver_tax,OCHO,377247.0
Upper Peru (Charcas),Potosí,1795,gold_tax,OCHO,6993.0
Upper Peru (Charcas),Potosí,1795,silver_tax,OCHO,391039.0
Upper Peru (Charcas),Potosí,1796,gold_tax,OCHO,7503.0
Upper Peru (Charcas),Potosí,1796,silver_tax,OCHO,370424.0
Upper Peru (Charcas),Potosí,1797,gold_tax,OCHO,8589.0
Upper Peru (Charcas),Potosí,1797,silver_tax,OCHO,357249.0
Upper Peru (Charcas),Potosí,1798,gold_tax,OCHO,9247.0
Upper Peru (Charcas),Potosí,1798,silver_other,OCHO,664.0
Upper Peru (Charcas),Potosí,1798,silver_tax,OCHO,373676.0
Upper Peru (Charcas),Potosí,1799,gold_tax,OCHO,6599.0
Upper Peru (Charcas),Potosí,1799,silver_other,OCHO,1494.0
Upper Peru (Charcas),Potosí,1799,silver_tax,OCHO,369198.0
Upper Peru (Charcas),Potosí,1800,gold_tax,OCHO,8116.0
Upper Peru (Charcas),Potosí,1800,silver_other,OCHO,1414.0
Upper Peru (Charcas),Potosí,1800,silver_tax,OCHO,359257.0
Upper Peru (Charcas),Potosí,1801,gold_tax,OCHO,5621.0
Upper Peru (Charcas),Potosí,1801,silver_other,OCHO,1585.0
Upper Peru (Charcas),Potosí,1801,silver_tax,OCHO,318405.0
Upper Peru (Charcas),Potosí,1802,gold_tax,OCHO,7241.0
Upper Peru (Charcas),Potosí,1802,silver_other,OCHO,1472.0
Upper Peru (Charcas),Potosí,1802,silver_tax,OCHO,186895.0
Upper Peru (Charcas),Potosí,1803,gold_tax,OCHO,5684.0
Upper Peru (Charcas),Potosí,1803,silver_other,OCHO,1243.0
Upper Peru (Charcas),Potosí,1803,silver_tax,OCHO,232986.0
Upper Peru (Charcas),Potosí,1804,gold_tax,OCHO,8173.0
Upper Peru (Charcas),Potosí,1804,silver_other,OCHO,1646.0
Upper Peru (Charcas),Potosí,1804,silver_tax,OCHO,311358.0
Upper Peru (Charcas),Potosí,1805,gold_tax,OCHO,11509.0
Upper Peru (Charcas),Potosí,1805,silver_other,OCHO,1230.0
Upper Peru (Charcas),Potosí,1805,silver_tax,OCHO,295774.0
Upper Peru (Charcas),Potosí,1806,gold_tax,OCHO,12827.0
Upper Peru (Charcas),Potosí,1806,silver_other,OCHO,1736.0
Upper Peru (Charcas),Potosí,1806,silver_tax,OCHO,285105.0
Upper Peru (Charcas),Potosí,1807,gold_tax,OCHO,11984.0
Upper Peru (Charcas),Potosí,1807,silver_other,OCHO,1496.0
Upper Peru (Charcas),Potosí,1807,silver_tax,OCHO,296010.0
Upper Peru (Charcas),Potosí,1808,gold_tax,OCHO,10861.0
Upper Peru (Charcas),Potosí,1808,silver_other,OCHO,1424.0
Upper Peru (Charcas),Potosí,1808,silver_tax,OCHO,285978.0
Upper Peru (Charcas),Potosí,1809,gold_tax,OCHO,8570.0
Upper Peru (Charcas),Potosí,1809,silver_other,OCHO,1246.0
Upper Peru (Charcas),Potosí,1809,silver_tax,OCHO,293977.0
Upper Peru (Charcas),Potosí,1810,gold_tax,OCHO,6174.0
Upper Peru (Charcas),Potosí,1810,silver_other,OCHO,1411.0
Upper Peru (Charcas),Potosí,1810,silver_tax,OCHO,299419.0
Upper Peru (Charcas),Potosí,1812,gold_tax,OCHO,1860.0
Upper Peru (Charcas),Potosí,1812,silver_tax,OCHO,232627.0
Upper Peru (Charcas),Potosí,1814,gold_tax,OCHO,252.0
Upper Peru (Charcas),Potosí,1814,silver_tax,OCHO,226950.0
Upper Peru (Charcas),Potosí,1820,silver_other,OCHO,281.0
Upper Peru (Charcas),Potosí,1820,silver_tax,OCHO,126510.0
Upper Peru (Charcas),Potosí,1822,gold_tax,OCHO,5320.0
Upper Peru (Charcas),Potosí,1822,silver_tax,OCHO,153294.0
Upper Peru (Charcas),Potosí,1823,gold_tax,OCHO,4088.0
Upper Peru (Charcas),Potosí,1823,silver_tax,OCHO,160281.0
