group,group_name,freq,period,measure,currency,currency_name,usd,share_pct
G001,World,A,1995,allocated,CHF,Swiss franc,3463651709.0,0.334597065418042
G001,World,A,1995,allocated,DEM,Deutsche mark,163071770033.0,15.7531242427723
G001,World,A,1995,allocated,ECU,European currency unit,88288010000.0,8.52883359514445
G001,World,A,1995,allocated,FRF,French franc,24344659776.0,2.35175254442716
G001,World,A,1995,allocated,GBP,Pound sterling,21874306308.0,2.11311047230706
G001,World,A,1995,allocated,JPY,Japanese yen,70070639145.0,6.76899186167091
G001,World,A,1995,allocated,NLG,Netherlands guilder,3306038785.0,0.319371278799449
G001,World,A,1995,allocated,OTH,Other currencies,50415217730.0,4.87023099379119
G001,World,A,1995,allocated,TOTAL,All currencies,1035170976372.0,74.4825598853141
G001,World,A,1995,allocated,USD,U.S. dollar,610336682886.0,58.9599879456695
G001,World,A,1995,total,TOTAL,All currencies,1389816593261.46,
G001,World,A,1995,unallocated,TOTAL,All currencies,354645616889.462,25.5174401146859
G001,World,A,1996,allocated,CHF,Swiss franc,3704910000.0,0.302144885456493
G001,World,A,1996,allocated,DEM,Deutsche mark,179909387000.0,14.6720706110709
G001,World,A,1996,allocated,ECU,European currency unit,86836700000.0,7.08175496163735
G001,World,A,1996,allocated,FRF,French franc,22637974000.0,1.84618467417483
G001,World,A,1996,allocated,GBP,Pound sterling,32882911900.0,2.68168556037837
G001,World,A,1996,allocated,JPY,Japanese yen,82307441000.0,6.71238230703635
G001,World,A,1996,allocated,NLG,Netherlands guilder,2934818000.0,0.239341913419126
G001,World,A,1996,allocated,OTH,Other currencies,54947531000.0,4.48111167615734
G001,World,A,1996,allocated,TOTAL,All currencies,1226203115900.0,78.2879850913185
G001,World,A,1996,allocated,USD,U.S. dollar,760041443000.0,61.9833234106692
G001,World,A,1996,total,TOTAL,All currencies,1566272416475.79,
G001,World,A,1996,unallocated,TOTAL,All currencies,340069300575.789,21.7120149086815
G001,World,A,1997,allocated,CHF,Swiss franc,4434727200.0,0.348292556717082
G001,World,A,1997,allocated,DEM,Deutsche mark,184338294000.0,14.477475800118
G001,World,A,1997,allocated,ECU,European currency unit,77322150000.0,6.0726913065502
G001,World,A,1997,allocated,FRF,French franc,18314080000.0,1.43834275693918
G001,World,A,1997,allocated,GBP,Pound sterling,32856070000.0,2.58043485154519
G001,World,A,1997,allocated,JPY,Japanese yen,73487323000.0,5.77151343468523
G001,World,A,1997,allocated,NLG,Netherlands guilder,4460931000.0,0.350350538659625
G001,World,A,1997,allocated,OTH,Other currencies,49175820000.0,3.86214783999769
G001,World,A,1997,allocated,TOTAL,All currencies,1273276478200.0,78.7799552281931
G001,World,A,1997,allocated,USD,U.S. dollar,828887083000.0,65.0987509147878
G001,World,A,1997,total,TOTAL,All currencies,1616244226734.89,
G001,World,A,1997,unallocated,TOTAL,All currencies,342967748534.886,21.2200447718069
G001,World,A,1998,allocated,CHF,Swiss franc,4236631079.96558,0.330267723277006
G001,World,A,1998,allocated,DEM,Deutsche mark,176950800031.493,13.7942475413556
G001,World,A,1998,allocated,ECU,European currency unit,16637380000.0,1.2969714639253
G001,World,A,1998,allocated,FRF,French franc,20813855466.143,1.62254974003438
G001,World,A,1998,allocated,GBP,Pound sterling,34142263729.1578,2.66156941600959
G001,World,A,1998,allocated,JPY,Japanese yen,80029361412.4839,6.23871054385705
G001,World,A,1998,allocated,NLG,Netherlands guilder,3488943866.75256,0.271981564069299
G001,World,A,1998,allocated,OTH,Other currencies,57763702528.7132,4.50298507519879
G001,World,A,1998,allocated,TOTAL,All currencies,1282786897226.46,78.0367661983125
G001,World,A,1998,allocated,USD,U.S. dollar,888723959111.752,69.280716932273
G001,World,A,1998,total,TOTAL,All currencies,1643823750931.14,
G001,World,A,1998,unallocated,TOTAL,All currencies,361036853704.675,21.9632338016875
G001,World,A,1999,allocated,CHF,Swiss franc,3171864564.29576,0.229894413428983
G001,World,A,1999,allocated,EUR,Euro,246950496655.992,17.8987905769332
G001,World,A,1999,allocated,GBP,Pound sterling,39827370892.0595,2.88665858331864
G001,World,A,1999,allocated,JPY,Japanese yen,87938694898.2778,6.3737320025953
G001,World,A,1999,allocated,OTH,Other currencies,22033790525.9205,1.59699295032739
G001,World,A,1999,allocated,TOTAL,All currencies,1379704933663.2,77.3938524700262
G001,World,A,1999,allocated,USD,U.S. dollar,979782716126.656,71.0139314733965
G001,World,A,1999,total,TOTAL,All currencies,1782706106014.75,
G001,World,A,1999,unallocated,TOTAL,All currencies,403001172351.545,22.6061475299738
G001,World,A,2000,allocated,CHF,Swiss franc,5806167655.40092,0.300435722773635
G001,World,A,2000,allocated,EUR,Euro,338918134136.294,17.5370606971042
G001,World,A,2000,allocated,GBP,Pound sterling,65957756607.4026,3.41293387565885
G001,World,A,2000,allocated,JPY,Japanese yen,126811281269.99,6.56175315722423
G001,World,A,2000,allocated,OTH,Other currencies,47299747538.1753,2.44748940816813
G001,World,A,2000,allocated,TOTAL,All currencies,1932582318040.66,100.0
G001,World,A,2000,allocated,USD,U.S. dollar,1347789230833.39,69.7403271390709
G001,World,A,2000,total,TOTAL,All currencies,1932582318040.66,
G001,World,A,2000,unallocated,TOTAL,All currencies,0.0,0.0
G001,World,A,2001,allocated,CHF,Swiss franc,5020051683.98395,0.243598164527768
G001,World,A,2001,allocated,EUR,Euro,379290717048.307,18.405093873867
G001,World,A,2001,allocated,GBP,Pound sterling,64033903590.2878,3.10724716877079
G001,World,A,2001,allocated,JPY,Japanese yen,111184156932.065,5.39521468267518
G001,World,A,2001,allocated,OTH,Other currencies,42559091785.3752,2.06518125619349
G001,World,A,2001,allocated,TOTAL,All currencies,2060792080973.05,100.0
G001,World,A,2001,allocated,USD,U.S. dollar,1458704159933.03,70.7836648539658
G001,World,A,2001,total,TOTAL,All currencies,2060792080973.05,
G001,World,A,2001,unallocated,TOTAL,All currencies,0.0,0.0
G001,World,A,2002,allocated,CHF,Swiss franc,9477399431.61201,0.391308283066066
G001,World,A,2002,allocated,EUR,Euro,555199436111.847,22.923391556076
G001,World,A,2002,allocated,GBP,Pound sterling,88953596951.5296,3.67276693852855
G001,World,A,2002,allocated,JPY,Japanese yen,135716145567.5,5.60352576564664
G001,World,A,2002,allocated,OTH,Other currencies,59818502170.5968,2.46982049758122
G001,World,A,2002,allocated,TOTAL,All currencies,2421977719805.11,100.0
G001,World,A,2002,allocated,USD,U.S. dollar,1572812639572.02,64.9391869591015
G001,World,A,2002,total,TOTAL,All currencies,2421977719805.11,
G001,World,A,2002,unallocated,TOTAL,All currencies,0.0,0.0
G001,World,A,2003,allocated,CHF,Swiss franc,7082821558.94507,0.232921630795454
G001,World,A,2003,allocated,EUR,Euro,703419798770.967,23.1322623759487
G001,World,A,2003,allocated,GBP,Pound sterling,117685678123.387,3.87014410029142
G001,World,A,2003,allocated,JPY,Japanese yen,186424310260.811,6.13064355843143
G001,World,A,2003,allocated,OTH,Other currencies,94239646585.9528,3.09911127729395
G001,World,A,2003,allocated,TOTAL,All currencies,3040860367822.61,100.0
G001,World,A,2003,allocated,USD,U.S. dollar,1932008112522.55,63.534917057239
G001,World,A,2003,total,TOTAL,All currencies,3040860367822.61,
G001,World,A,2003,unallocated,TOTAL,All currencies,0.0,0.0
G001,World,A,2004,allocated,CHF,Swiss franc,7886062791.59622,0.208960983814368
G001,World,A,2004,allocated,EUR,Euro,873466113066.413,23.1446722069437
G001,World,A,2004,allocated,GBP,Pound sterling,173075454830.532,4.58606763238653
G001,World,A,2004,allocated,JPY,Japanese yen,213297410983.39,5.65184909403001
G001,World,A,2004,allocated,OTH,Other currencies,116446267104.915,3.08553547933754
G001,World,A,2004,allocated,TOTAL,All currencies,3773940305814.15,100.0
G001,World,A,2004,allocated,USD,U.S. dollar,2389768997037.3,63.3229146034879
G001,World,A,2004,total,TOTAL,All currencies,3773940305814.15,
G001,World,A,2004,unallocated,TOTAL,All currencies,0.0,0.0
G001,World,A,2005,allocated,CHF,Swiss franc,8945550776.87147,0.205158020437379
G001,World,A,2005,allocated,EUR,Euro,954441095801.478,21.8892330637684
G001,World,A,2005,allocated,GBP,Pound sterling,206977277283.394,4.74683443670868
G001,World,A,2005,allocated,JPY,Japanese yen,209245182787.813,4.79884677395107
G001,World,A,2005,allocated,OTH,Other currencies,151386178421.871,3.47190345919347
G001,World,A,2005,allocated,TOTAL,All currencies,4360322232491.98,100.0
G001,World,A,2005,allocated,USD,U.S. dollar,2829326947420.55,64.888024245941
G001,World,A,2005,total,TOTAL,All currencies,4360322232491.98,
G001,World,A,2005,unallocated,TOTAL,All currencies,0.0,0.0
G001,World,A,2006,allocated,CHF,Swiss franc,11327720877.1503,0.213938298852018
G001,World,A,2006,allocated,EUR,Euro,1197834919111.86,22.6226235338528
G001,World,A,2006,allocated,GBP,Pound sterling,280865662495.402,5.30450235240327
G001,World,A,2006,allocated,JPY,Japanese yen,238286045532.662,4.50033257124684
G001,World,A,2006,allocated,OTH,Other currencies,195451144234.597,3.69134142337283
G001,World,A,2006,allocated,TOTAL,All currencies,5294854141560.56,100.0
G001,World,A,2006,allocated,USD,U.S. dollar,3371088649308.89,63.6672618202723
G001,World,A,2006,total,TOTAL,All currencies,5294854141560.56,
G001,World,A,2006,unallocated,TOTAL,All currencies,0.0,0.0
G001,World,A,2007,allocated,CHF,Swiss franc,14413957023.4176,0.214808160996282
G001,World,A,2007,allocated,EUR,Euro,1564998522686.73,23.3228428580763
G001,World,A,2007,allocated,GBP,Pound sterling,380072104454.347,5.66413439912333
G001,World,A,2007,allocated,JPY,Japanese yen,279915171339.934,4.17151675232578
G001,World,A,2007,allocated,OTH,Other currencies,270088080714.233,4.02506569368718
G001,World,A,2007,allocated,TOTAL,All currencies,6710153355703.79,100.0
G001,World,A,2007,allocated,USD,U.S. dollar,4200665519485.13,62.6016321357911
G001,World,A,2007,total,TOTAL,All currencies,6710153355703.79,
G001,World,A,2007,unallocated,TOTAL,All currencies,0.0,0.0
G001,World,A,2008,allocated,CHF,Swiss franc,16773486016.0933,0.22809669263497
G001,World,A,2008,allocated,EUR,Euro,1722013962377.98,23.4170576773844
G001,World,A,2008,allocated,GBP,Pound sterling,361010830753.903,4.90925836295223
G001,World,A,2008,allocated,JPY,Japanese yen,313291761522.495,4.2603436497638
G001,World,A,2008,allocated,OTH,Other currencies,317467120742.873,4.31712288025992
G001,World,A,2008,allocated,TOTAL,All currencies,7353673489223.45,100.0
G001,World,A,2008,allocated,USD,U.S. dollar,4623116327810.1,62.8681207370047
G001,World,A,2008,total,TOTAL,All currencies,7353673489223.45,
G001,World,A,2008,unallocated,TOTAL,All currencies,0.0,0.0
G001,World,A,2009,allocated,CHF,Swiss franc,17112531186.6067,0.209285240041787
G001,World,A,2009,allocated,EUR,Euro,1966218239188.37,24.0467322850019
G001,World,A,2009,allocated,GBP,Pound sterling,408822582590.539,4.99987590374293
G001,World,A,2009,allocated,JPY,Japanese yen,273775167501.283,3.3482540381186
G001,World,A,2009,allocated,OTH,Other currencies,425842840204.983,5.2080326434776
G001,World,A,2009,allocated,TOTAL,All currencies,8176654590256.79,100.0
G001,World,A,2009,allocated,USD,U.S. dollar,5084883229585.01,62.1878198896172
G001,World,A,2009,total,TOTAL,All currencies,8176654590256.79,
G001,World,A,2009,unallocated,TOTAL,All currencies,0.0,0.0
G001,World,A,2010,allocated,CHF,Swiss franc,22245863512.862,0.239674287124409
G001,World,A,2010,allocated,EUR,Euro,2126737785675.78,22.9132199065987
G001,World,A,2010,allocated,GBP,Pound sterling,443683151338.129,4.78018949206419
G001,World,A,2010,allocated,JPY,Japanese yen,379389912937.874,4.08750178984974
G001,World,A,2010,allocated,OTH,Other currencies,560938358033.258,6.0434831403432
G001,World,A,2010,allocated,TOTAL,All currencies,9281706343957.85,100.0
G001,World,A,2010,allocated,USD,U.S. dollar,5748711272459.95,61.9359313840198
G001,World,A,2010,total,TOTAL,All currencies,9281706343957.85,
G001,World,A,2010,unallocated,TOTAL,All currencies,0.0,0.0
G001,World,A,2011,allocated,CHF,Swiss franc,20070463773.1963,0.196253491055965
G001,World,A,2011,allocated,EUR,Euro,2221784887536.35,21.7251103652476
G001,World,A,2011,allocated,GBP,Pound sterling,472670782058.91,4.62188079694987
G001,World,A,2011,allocated,JPY,Japanese yen,418680127239.125,4.09394807887633
G001,World,A,2011,allocated,OTH,Other currencies,700348378442.711,6.84816333981889
G001,World,A,2011,allocated,TOTAL,All currencies,10226805987096.0,100.0
G001,World,A,2011,allocated,USD,U.S. dollar,6393251348045.7,62.5146439280514
G001,World,A,2011,total,TOTAL,All currencies,10226805987096.0,
G001,World,A,2011,unallocated,TOTAL,All currencies,0.0,0.0
G001,World,A,2012,allocated,AUD,Australian dollar,183455430059.266,1.67321946434594
G001,World,A,2012,allocated,CAD,Canadian dollar,229640570244.305,2.09445461391979
G001,World,A,2012,allocated,CHF,Swiss franc,32981993948.9728,0.300814831321879
G001,World,A,2012,allocated,EUR,Euro,2351759647925.82,21.449406087907
G001,World,A,2012,allocated,GBP,Pound sterling,518126806801.108,4.72561568692161
G001,World,A,2012,allocated,JPY,Japanese yen,472856540650.85,4.31272471686822
G001,World,A,2012,allocated,OTH,Other currencies,394659498886.235,3.59952253859224
G001,World,A,2012,allocated,TOTAL,All currencies,10964218022109.8,100.0
G001,World,A,2012,allocated,USD,U.S. dollar,6780737533593.26,61.8442420601233
G001,World,A,2012,total,TOTAL,All currencies,10964218022109.8,
G001,World,A,2012,unallocated,TOTAL,All currencies,0.0,0.0
G001,World,A,2013,allocated,AUD,Australian dollar,222532504665.598,1.90163878804648
G001,World,A,2013,allocated,CAD,Canadian dollar,273662062798.854,2.33856350206966
G001,World,A,2013,allocated,CHF,Swiss franc,39388099342.8831,0.336588749631927
G001,World,A,2013,allocated,EUR,Euro,2512914969836.5,21.4739711166451
G001,World,A,2013,allocated,GBP,Pound sterling,559464079313.448,4.78086828411831
G001,World,A,2013,allocated,JPY,Japanese yen,478517933999.932,4.08914763008468
G001,World,A,2013,allocated,OTH,Other currencies,393524413867.156,3.36284036607408
G001,World,A,2013,allocated,TOTAL,All currencies,11702143754345.8,100.0
G001,World,A,2013,allocated,USD,U.S. dollar,7222139690521.39,61.7163815633297
G001,World,A,2013,total,TOTAL,All currencies,11702143754345.8,
G001,World,A,2013,unallocated,TOTAL,All currencies,0.0,0.0
G001,World,A,2014,allocated,AUD,Australian dollar,209072045567.77,1.80218154275658
G001,World,A,2014,allocated,CAD,Canadian dollar,266527747751.984,2.29744433947009
G001,World,A,2014,allocated,CHF,Swiss franc,35631218389.5957,0.307137780917934
G001,World,A,2014,allocated,EUR,Euro,2373228257070.91,20.4570063397365
G001,World,A,2014,allocated,GBP,Pound sterling,546977427257.818,4.71489443283316
G001,World,A,2014,allocated,JPY,Japanese yen,473494888566.105,4.08148179947288
G001,World,A,2014,allocated,OTH,Other currencies,424365031776.367,3.65798701391084
G001,World,A,2014,allocated,TOTAL,All currencies,11601053534705.4,100.0
G001,World,A,2014,allocated,USD,U.S. dollar,7271756918324.83,62.681866750902
G001,World,A,2014,total,TOTAL,All currencies,11601053534705.4,
G001,World,A,2014,unallocated,TOTAL,All currencies,0.0,0.0
G001,World,A,2015,allocated,AUD,Australian dollar,199865466100.0,1.829566
G001,World,A,2015,allocated,CAD,Canadian dollar,227773978940.0,2.0850402
G001,World,A,2015,allocated,CHF,Swiss franc,30876959850.0,0.2826473
G001,World,A,2015,allocated,EUR,Euro,2119355476120.0,19.4005537
G001,World,A,2015,allocated,GBP,Pound sterling,565213933020.0,5.1739613
G001,World,A,2015,allocated,JPY,Japanese yen,426029664130.0,3.8998703
G001,World,A,2015,allocated,OTH,Other currencies,346769548170.0,3.1743241
G001,World,A,2015,allocated,TOTAL,All currencies,10924200946140.0,100.0
G001,World,A,2015,allocated,USD,U.S. dollar,7008315919810.0,64.154037
G001,World,A,2015,total,TOTAL,All currencies,10924200946140.0,
G001,World,A,2015,unallocated,TOTAL,All currencies,0.0,0.0
G001,World,A,2016,allocated,AUD,Australian dollar,200425360290.0,1.8701022
G001,World,A,2016,allocated,CAD,Canadian dollar,228405779290.0,2.1311781
G001,World,A,2016,allocated,CHF,Swiss franc,18780018890.0,0.1752301
G001,World,A,2016,allocated,CNY,Chinese renminbi,106876710370.0,0.9972309
G001,World,A,2016,allocated,EUR,Euro,2028548474730.0,18.9277091
G001,World,A,2016,allocated,GBP,Pound sterling,500001404960.0,4.6653463
G001,World,A,2016,allocated,JPY,Japanese yen,426691290000.0,3.9813141
G001,World,A,2016,allocated,OTH,Other currencies,275641458410.0,2.5719185
G001,World,A,2016,allocated,TOTAL,All currencies,10717348110240.0,100.0
G001,World,A,2016,allocated,USD,U.S. dollar,6931977613300.0,64.6799707
G001,World,A,2016,total,TOTAL,All currencies,10717348110240.0,
G001,World,A,2016,unallocated,TOTAL,All currencies,0.0,0.0
G001,World,A,2017,allocated,AUD,Australian dollar,225334224160.0,1.9692428
G001,World,A,2017,allocated,CAD,Canadian dollar,242674348710.0,2.1207818
G001,World,A,2017,allocated,CHF,Swiss franc,20408109230.0,0.1783507
G001,World,A,2017,allocated,CNY,Chinese renminbi,140712745510.0,1.229718
G001,World,A,2017,allocated,EUR,Euro,2265390359800.0,19.7977191
G001,World,A,2017,allocated,GBP,Pound sterling,542200067850.0,4.7383995
G001,World,A,2017,allocated,JPY,Japanese yen,546623180990.0,4.777054
G001,World,A,2017,allocated,OTH,Other currencies,283943005700.0,2.4814372
G001,World,A,2017,allocated,TOTAL,All currencies,11442683613800.0,100.0
G001,World,A,2017,allocated,USD,U.S. dollar,7175397571850.0,62.7072968
G001,World,A,2017,total,TOTAL,All currencies,11442683613800.0,
G001,World,A,2017,unallocated,TOTAL,All currencies,0.0,0.0
G001,World,A,2018,allocated,AUD,Australian dollar,198716807756.666,1.73973294161817
G001,World,A,2018,allocated,CAD,Canadian dollar,210706592735.003,1.84470153549411
G001,World,A,2018,allocated,CHF,Swiss franc,15259184783.0309,0.133591650998063
G001,World,A,2018,allocated,CNY,Chinese renminbi,223820493668.014,1.95951157951522
G001,World,A,2018,allocated,EUR,Euro,2287938885628.34,20.0305283316089
G001,World,A,2018,allocated,GBP,Pound sterling,515219197609.428,4.51065926608886
G001,World,A,2018,allocated,JPY,Japanese yen,581443056333.668,5.09043824827092
G001,World,A,2018,allocated,OTH,Other currencies,299927233998.645,2.62581356336408
G001,World,A,2018,allocated,TOTAL,All currencies,11422259302156.7,100.0
G001,World,A,2018,allocated,USD,U.S. dollar,7089227849643.91,62.0650228830416
G001,World,A,2018,total,TOTAL,All currencies,11422259302156.7,
G001,World,A,2018,unallocated,TOTAL,All currencies,0.0,0.0
G001,World,A,2019,allocated,AUD,Australian dollar,217160254256.825,1.83794324888231
G001,World,A,2019,allocated,CAD,Canadian dollar,223900245388.06,1.89498739464266
G001,World,A,2019,allocated,CHF,Swiss franc,16762161578.4796,0.141867128564908
G001,World,A,2019,allocated,CNY,Chinese renminbi,239353954793.862,2.0257803934342
G001,World,A,2019,allocated,EUR,Euro,2342353466200.82,19.8245887786098
G001,World,A,2019,allocated,GBP,Pound sterling,552287489681.632,4.67430408283664
G001,World,A,2019,allocated,JPY,Japanese yen,687933315651.346,5.82234717632673
G001,World,A,2019,allocated,OTH,Other currencies,290413751148.279,2.45792672849937
G001,World,A,2019,allocated,TOTAL,All currencies,11815394974185.6,100.0
G001,World,A,2019,allocated,USD,U.S. dollar,7245230335486.3,61.3202550682034
G001,World,A,2019,total,TOTAL,All currencies,11815394974185.6,
G001,World,A,2019,unallocated,TOTAL,All currencies,0.0,0.0
G001,World,A,2020,allocated,AUD,Australian dollar,251447616018.35,1.98084877918702
G001,World,A,2020,allocated,CAD,Canadian dollar,269666761815.008,2.12437518552411
G001,World,A,2020,allocated,CHF,Swiss franc,20877608302.3238,0.164469186754926
G001,World,A,2020,allocated,CNY,Chinese renminbi,294824810395.082,2.32256473532254
G001,World,A,2020,allocated,EUR,Euro,2609668740231.57,20.5583939113306
G001,World,A,2020,allocated,GBP,Pound sterling,604217789363.253,4.75989428484355
G001,World,A,2020,allocated,JPY,Japanese yen,766390570049.308,6.0374556303283
G001,World,A,2020,allocated,OTH,Other currencies,320359595859.767,2.52372213508422
G001,World,A,2020,allocated,TOTAL,All currencies,12693932957444.1,100.0
G001,World,A,2020,allocated,USD,U.S. dollar,7556479465409.42,59.5282761516248
G001,World,A,2020,total,TOTAL,All currencies,12693932957444.1,
G001,World,A,2020,unallocated,TOTAL,All currencies,0.0,0.0
G001,World,A,2021,allocated,AUD,Australian dollar,258935860358.432,2.00505886277357
G001,World,A,2021,allocated,CAD,Canadian dollar,314203678906.607,2.43302287383323
G001,World,A,2021,allocated,CHF,Swiss franc,20947844579.2416,0.1622087468745
G001,World,A,2021,allocated,CNY,Chinese renminbi,368264229937.178,2.85163846002599
G001,World,A,2021,allocated,EUR,Euro,2558983744830.01,19.8153821960483
G001,World,A,2021,allocated,GBP,Pound sterling,630272353471.227,4.88048726251867
G001,World,A,2021,allocated,JPY,Japanese yen,710809093257.225,5.5041200944612
G001,World,A,2021,allocated,OTH,Other currencies,380392224192.229,2.94555106963941
G001,World,A,2021,allocated,TOTAL,All currencies,12914127618191.2,100.0
G001,World,A,2021,allocated,USD,U.S. dollar,7671318588659.05,59.4025304338252
G001,World,A,2021,total,TOTAL,All currencies,12914127618191.2,
G001,World,A,2021,unallocated,TOTAL,All currencies,0.0,0.0
G001,World,A,2022,allocated,AUD,Australian dollar,266153064762.163,2.23950481414795
G001,World,A,2022,allocated,CAD,Canadian dollar,295603787601.854,2.48731350898743
G001,World,A,2022,allocated,CHF,Swiss franc,26136084265.6009,0.219918146729469
G001,World,A,2022,allocated,CNY,Chinese renminbi,303112537676.202,2.5504949092865
G001,World,A,2022,allocated,EUR,Euro,2344771873605.8,19.7297306060791
G001,World,A,2022,allocated,GBP,Pound sterling,599378140582.87,5.04337692260742
G001,World,A,2022,allocated,JPY,Japanese yen,646590956391.612,5.44064235687256
G001,World,A,2022,allocated,OTH,Other currencies,396614340871.514,3.33725166320801
G001,World,A,2022,allocated,TOTAL,All currencies,11884460095608.2,100.0
G001,World,A,2022,allocated,USD,U.S. dollar,7006099309850.61,58.9517669677734
G001,World,A,2022,total,TOTAL,All currencies,11884460095608.2,
G001,World,A,2022,unallocated,TOTAL,All currencies,0.0,0.0
G001,World,A,2023,allocated,AUD,Australian dollar,257087165004.811,2.08758854866028
G001,World,A,2023,allocated,CAD,Canadian dollar,309452815259.973,2.51280570030212
G001,World,A,2023,allocated,CHF,Swiss franc,24556527490.5552,0.199402883648872
G001,World,A,2023,allocated,CNY,Chinese renminbi,287991128142.53,2.33853340148926
G001,World,A,2023,allocated,EUR,Euro,2365617474294.95,19.2091884613037
G001,World,A,2023,allocated,GBP,Pound sterling,589550966305.422,4.78724718093872
G001,World,A,2023,allocated,JPY,Japanese yen,670107662151.317,5.4413800239563
G001,World,A,2023,allocated,OTH,Other currencies,547309031118.351,4.44423580169678
G001,World,A,2023,allocated,TOTAL,All currencies,12315031040251.1,100.0
G001,World,A,2023,allocated,USD,U.S. dollar,7263358270483.21,58.9796180725098
G001,World,A,2023,total,TOTAL,All currencies,12315031040251.1,
G001,World,A,2023,unallocated,TOTAL,All currencies,0.0,0.0
G001,World,A,2024,allocated,AUD,Australian dollar,251065325486.428,2.0361864566803
G001,World,A,2024,allocated,CAD,Canadian dollar,350581092403.093,2.8432776927948
G001,World,A,2024,allocated,CHF,Swiss franc,27033920609.2146,0.219250112771988
G001,World,A,2024,allocated,CNY,Chinese renminbi,254643469471.343,2.06520581245422
G001,World,A,2024,allocated,EUR,Euro,2331670999542.63,18.9102840423584
G001,World,A,2024,allocated,GBP,Pound sterling,566897420198.302,4.59764337539673
G001,World,A,2024,allocated,JPY,Japanese yen,695458253090.187,5.64029550552368
G001,World,A,2024,allocated,OTH,Other currencies,650986466069.034,5.27962112426758
G001,World,A,2024,allocated,TOTAL,All currencies,12330174088808.9,100.0
G001,World,A,2024,allocated,USD,U.S. dollar,7201837141938.64,58.4082374572754
G001,World,A,2024,total,TOTAL,All currencies,12330174088808.9,
G001,World,A,2024,unallocated,TOTAL,All currencies,0.0,0.0
G001,World,A,2025,allocated,AUD,Australian dollar,265942867196.437,2.02289247512817
G001,World,A,2025,allocated,CAD,Canadian dollar,328230274670.852,2.49668121337891
G001,World,A,2025,allocated,CHF,Swiss franc,29995986300.1851,0.228164255619049
G001,World,A,2025,allocated,CNY,Chinese renminbi,256995176317.892,1.95483195781708
G001,World,A,2025,allocated,EUR,Euro,2679437249294.71,20.3811206817627
G001,World,A,2025,allocated,GBP,Pound sterling,579635734566.264,4.40899515151978
G001,World,A,2025,allocated,JPY,Japanese yen,768227454887.091,5.84351682662964
G001,World,A,2025,allocated,OTH,Other currencies,821209809172.617,6.24652671813965
G001,World,A,2025,allocated,TOTAL,All currencies,13146663077686.2,100.0
G001,World,A,2025,allocated,USD,U.S. dollar,7416988525280.19,56.4172706604004
G001,World,A,2025,total,TOTAL,All currencies,13146663077686.2,
G001,World,A,2025,unallocated,TOTAL,All currencies,0.0,0.0
G001,World,Q,1999-Q1,allocated,CHF,Swiss franc,3571276289.78701,0.288142224166944
G001,World,Q,1999-Q1,allocated,EUR,Euro,224608504431.04,18.1221470370837
G001,World,Q,1999-Q1,allocated,GBP,Pound sterling,34014701888.7905,2.74441713866842
G001,World,Q,1999-Q1,allocated,JPY,Japanese yen,74773497630.1907,6.03296977540481
G001,World,Q,1999-Q1,allocated,OTH,Other currencies,20121333434.3273,1.62345483757504
G001,World,Q,1999-Q1,allocated,TOTAL,All currencies,1239414424634.23,77.1780443178892
G001,World,Q,1999-Q1,allocated,USD,U.S. dollar,882325110960.097,71.1888689871011
G001,World,Q,1999-Q1,total,TOTAL,All currencies,1605915821770.76,
G001,World,Q,1999-Q1,unallocated,TOTAL,All currencies,366501397136.527,22.8219556821107
G001,World,Q,1999-Q2,allocated,CHF,Swiss franc,3092356768.34092,0.242780802330429
G001,World,Q,1999-Q2,allocated,EUR,Euro,223853655662.4,17.5747412726491
G001,World,Q,1999-Q2,allocated,GBP,Pound sterling,35573742348.0157,2.79289304441442
G001,World,Q,1999-Q2,allocated,JPY,Japanese yen,71673744981.0355,5.62710276209759
G001,World,Q,1999-Q2,allocated,OTH,Other currencies,20845130228.35,1.63655031441804
G001,World,Q,1999-Q2,allocated,TOTAL,All currencies,1273723761787.46,77.3485464051613
G001,World,Q,1999-Q2,allocated,USD,U.S. dollar,918685131799.318,72.1259318040904
G001,World,Q,1999-Q2,total,TOTAL,All currencies,1646732642027.35,
G001,World,Q,1999-Q2,unallocated,TOTAL,All currencies,373008880239.885,22.6514535948387
G001,World,Q,1999-Q3,allocated,CHF,Swiss franc,3193278202.2,0.241139623481688
G001,World,Q,1999-Q3,allocated,EUR,Euro,242702355031.22,18.3276090601898
G001,World,Q,1999-Q3,allocated,GBP,Pound sterling,37029313618.06,2.79625957346672
G001,World,Q,1999-Q3,allocated,JPY,Japanese yen,82726030366.9,6.24703597734313
G001,World,Q,1999-Q3,allocated,OTH,Other currencies,22554526123.99,1.70319953131544
G001,World,Q,1999-Q3,allocated,TOTAL,All currencies,1324244500382.78,77.2564503148857
G001,World,Q,1999-Q3,allocated,USD,U.S. dollar,936038997040.41,70.6847562342032
G001,World,Q,1999-Q3,total,TOTAL,All currencies,1714089237837.56,
G001,World,Q,1999-Q3,unallocated,TOTAL,All currencies,389844737454.783,22.7435496851143
G001,World,Q,1999-Q4,allocated,CHF,Swiss franc,3171864564.29576,0.229894413428983
G001,World,Q,1999-Q4,allocated,EUR,Euro,246950496655.992,17.8987905769332
G001,World,Q,1999-Q4,allocated,GBP,Pound sterling,39827370892.0595,2.88665858331864
G001,World,Q,1999-Q4,allocated,JPY,Japanese yen,87938694898.2778,6.3737320025953
G001,World,Q,1999-Q4,allocated,OTH,Other currencies,22033790525.9205,1.59699295032739
G001,World,Q,1999-Q4,allocated,TOTAL,All currencies,1379704933663.2,77.3938524700262
G001,World,Q,1999-Q4,allocated,USD,U.S. dollar,979782716126.656,71.0139314733965
G001,World,Q,1999-Q4,total,TOTAL,All currencies,1782706106014.75,
G001,World,Q,1999-Q4,unallocated,TOTAL,All currencies,403001172351.545,22.6061475299738
G001,World,Q,2000-Q1,allocated,CHF,Swiss franc,5505958025.04969,0.305566067237065
G001,World,Q,2000-Q1,allocated,EUR,Euro,297939516535.156,16.534852958916
G001,World,Q,2000-Q1,allocated,GBP,Pound sterling,68573693023.2167,3.80565808850985
G001,World,Q,2000-Q1,allocated,JPY,Japanese yen,108165729207.653,6.0029110889405
G001,World,Q,2000-Q1,allocated,OTH,Other currencies,46028486753.1814,2.55445893594803
G001,World,Q,2000-Q1,allocated,TOTAL,All currencies,1801887910799.35,100.0
G001,World,Q,2000-Q1,allocated,USD,U.S. dollar,1275674527255.1,70.7965528604486
G001,World,Q,2000-Q1,total,TOTAL,All currencies,1801887910799.35,
G001,World,Q,2000-Q1,unallocated,TOTAL,All currencies,0.0,0.0
G001,World,Q,2000-Q2,allocated,CHF,Swiss franc,3849358847.3527,0.208569363826617
G001,World,Q,2000-Q2,allocated,EUR,Euro,309563569010.718,16.7730469443933
G001,World,Q,2000-Q2,allocated,GBP,Pound sterling,60518590147.5367,3.27907174864619
G001,World,Q,2000-Q2,allocated,JPY,Japanese yen,125902307026.585,6.82175009453778
G001,World,Q,2000-Q2,allocated,OTH,Other currencies,41376304741.8623,2.24188751938297
G001,World,Q,2000-Q2,allocated,TOTAL,All currencies,1845601279463.39,100.0
G001,World,Q,2000-Q2,allocated,USD,U.S. dollar,1304391149689.34,70.6756743292132
G001,World,Q,2000-Q2,total,TOTAL,All currencies,1845601279463.39,
G001,World,Q,2000-Q2,unallocated,TOTAL,All currencies,0.0,0.0
G001,World,Q,2000-Q3,allocated,CHF,Swiss franc,4262416543.73772,0.228059718582468
G001,World,Q,2000-Q3,allocated,EUR,Euro,306925068641.001,16.4219625327352
G001,World,Q,2000-Q3,allocated,GBP,Pound sterling,61863604154.3938,3.30999938865111
G001,World,Q,2000-Q3,allocated,JPY,Japanese yen,131825065379.723,7.05327295071261
G001,World,Q,2000-Q3,allocated,OTH,Other currencies,43800236150.4766,2.3435226069116
G001,World,Q,2000-Q3,allocated,TOTAL,All currencies,1868991407264.41,100.0
G001,World,Q,2000-Q3,allocated,USD,U.S. dollar,1320315016395.08,70.643182802407
G001,World,Q,2000-Q3,total,TOTAL,All currencies,1868991407264.41,
G001,World,Q,2000-Q3,unallocated,TOTAL,All currencies,0.0,0.0
G001,World,Q,2000-Q4,allocated,CHF,Swiss franc,5806167655.40092,0.300435722773635
G001,World,Q,2000-Q4,allocated,EUR,Euro,338918134136.294,17.5370606971042
G001,World,Q,2000-Q4,allocated,GBP,Pound sterling,65957756607.4026,3.41293387565885
G001,World,Q,2000-Q4,allocated,JPY,Japanese yen,126811281269.99,6.56175315722423
G001,World,Q,2000-Q4,allocated,OTH,Other currencies,47299747538.1753,2.44748940816813
G001,World,Q,2000-Q4,allocated,TOTAL,All currencies,1932582318040.66,100.0
G001,World,Q,2000-Q4,allocated,USD,U.S. dollar,1347789230833.39,69.7403271390709
G001,World,Q,2000-Q4,total,TOTAL,All currencies,1932582318040.66,
G001,World,Q,2000-Q4,unallocated,TOTAL,All currencies,0.0,0.0
G001,World,Q,2001-Q1,allocated,CHF,Swiss franc,5363805204.57341,0.277286854191542
G001,World,Q,2001-Q1,allocated,EUR,Euro,333212584650.388,17.225731705536
G001,World,Q,2001-Q1,allocated,GBP,Pound sterling,65532539266.8371,3.38776502267296
G001,World,Q,2001-Q1,allocated,JPY,Japanese yen,114931212391.529,5.94147496357515
G001,World,Q,2001-Q1,allocated,OTH,Other currencies,48701335395.3054,2.51766042420354
G001,World,Q,2001-Q1,allocated,TOTAL,All currencies,1934388566746.93,100.0
G001,World,Q,2001-Q1,allocated,USD,U.S. dollar,1366647089838.29,70.6500810298208
G001,World,Q,2001-Q1,total,TOTAL,All currencies,1934388566746.93,
G001,World,Q,2001-Q1,unallocated,TOTAL,All currencies,0.0,0.0
G001,World,Q,2001-Q2,allocated,CHF,Swiss franc,5292357641.33826,0.272253200877856
G001,World,Q,2001-Q2,allocated,EUR,Euro,333446213309.199,17.1533756874137
G001,World,Q,2001-Q2,allocated,GBP,Pound sterling,60775338440.1922,3.12644789829308
G001,World,Q,2001-Q2,allocated,JPY,Japanese yen,112683345072.741,5.79673624889796
G001,World,Q,2001-Q2,allocated,OTH,Other currencies,43755010399.5463,2.25087615823107
G001,World,Q,2001-Q2,allocated,TOTAL,All currencies,1943910163139.88,100.0
G001,World,Q,2001-Q2,allocated,USD,U.S. dollar,1387957898276.86,71.4003108062864
G001,World,Q,2001-Q2,total,TOTAL,All currencies,1943910163139.88,
G001,World,Q,2001-Q2,unallocated,TOTAL,All currencies,0.0,0.0
G001,World,Q,2001-Q3,allocated,CHF,Swiss franc,5174597584.30435,0.25357370651392
G001,World,Q,2001-Q3,allocated,EUR,Euro,366636564870.473,17.9664971397453
G001,World,Q,2001-Q3,allocated,GBP,Pound sterling,62633836368.4895,3.06928099864589
G001,World,Q,2001-Q3,allocated,JPY,Japanese yen,116793592349.466,5.72330188514773
G001,World,Q,2001-Q3,allocated,OTH,Other currencies,45384154109.7889,2.22398514804804
G001,World,Q,2001-Q3,allocated,TOTAL,All currencies,2040668039065.91,100.0
G001,World,Q,2001-Q3,allocated,USD,U.S. dollar,1444045293783.39,70.7633611218991
G001,World,Q,2001-Q3,total,TOTAL,All currencies,2040668039065.91,
G001,World,Q,2001-Q3,unallocated,TOTAL,All currencies,0.0,0.0
G001,World,Q,2001-Q4,allocated,CHF,Swiss franc,5020051683.98395,0.243598164527768
G001,World,Q,2001-Q4,allocated,EUR,Euro,379290717048.307,18.405093873867
G001,World,Q,2001-Q4,allocated,GBP,Pound sterling,64033903590.2878,3.10724716877079
G001,World,Q,2001-Q4,allocated,JPY,Japanese yen,111184156932.065,5.39521468267518
G001,World,Q,2001-Q4,allocated,OTH,Other currencies,42559091785.3752,2.06518125619349
G001,World,Q,2001-Q4,allocated,TOTAL,All currencies,2060792080973.05,100.0
G001,World,Q,2001-Q4,allocated,USD,U.S. dollar,1458704159933.03,70.7836648539658
G001,World,Q,2001-Q4,total,TOTAL,All currencies,2060792080973.05,
G001,World,Q,2001-Q4,unallocated,TOTAL,All currencies,0.0,0.0
G001,World,Q,2002-Q1,allocated,CHF,Swiss franc,6199582319.44258,0.296080925755089
G001,World,Q,2002-Q1,allocated,EUR,Euro,398762149987.151,19.0441646615479
G001,World,Q,2002-Q1,allocated,GBP,Pound sterling,68925218991.1017,3.29174476524937
G001,World,Q,2002-Q1,allocated,JPY,Japanese yen,98221890188.4839,4.69090120558893
G001,World,Q,2002-Q1,allocated,OTH,Other currencies,45297098417.7641,2.16330812988654
G001,World,Q,2002-Q1,allocated,TOTAL,All currencies,2093881023788.31,100.0
G001,World,Q,2002-Q1,allocated,USD,U.S. dollar,1476475083884.37,70.5138003119722
G001,World,Q,2002-Q1,total,TOTAL,All currencies,2093881023788.31,
G001,World,Q,2002-Q1,unallocated,TOTAL,All currencies,0.0,0.0
G001,World,Q,2002-Q2,allocated,CHF,Swiss franc,6443968160.49239,0.286419187296188
G001,World,Q,2002-Q2,allocated,EUR,Euro,451908274940.802,20.086257041822
G001,World,Q,2002-Q2,allocated,GBP,Pound sterling,73237281314.4827,3.25522443181557
G001,World,Q,2002-Q2,allocated,JPY,Japanese yen,139764855075.613,6.21221818704142
G001,World,Q,2002-Q2,allocated,OTH,Other currencies,52967083184.9283,2.35426193013926
G001,World,Q,2002-Q2,allocated,TOTAL,All currencies,2249838155510.38,100.0
G001,World,Q,2002-Q2,allocated,USD,U.S. dollar,1525516692834.06,67.8056192218856
G001,World,Q,2002-Q2,total,TOTAL,All currencies,2249838155510.38,
G001,World,Q,2002-Q2,unallocated,TOTAL,All currencies,0.0,0.0
G001,World,Q,2002-Q3,allocated,CHF,Swiss franc,7048929909.42075,0.303467291983549
G001,World,Q,2002-Q3,allocated,EUR,Euro,491325616506.282,21.152324713009
G001,World,Q,2002-Q3,allocated,GBP,Pound sterling,83328140527.503,3.58740482269655
G001,World,Q,2002-Q3,allocated,JPY,Japanese yen,134236541537.514,5.779089914227
G001,World,Q,2002-Q3,allocated,OTH,Other currencies,57699676639.7359,2.48405996983817
G001,World,Q,2002-Q3,allocated,TOTAL,All currencies,2322797248872.17,100.0
G001,World,Q,2002-Q3,allocated,USD,U.S. dollar,1549158343751.72,66.6936532882457
G001,World,Q,2002-Q3,total,TOTAL,All currencies,2322797248872.17,
G001,World,Q,2002-Q3,unallocated,TOTAL,All currencies,0.0,0.0
G001,World,Q,2002-Q4,allocated,CHF,Swiss franc,9477399431.61201,0.391308283066066
G001,World,Q,2002-Q4,allocated,EUR,Euro,555199436111.847,22.923391556076
G001,World,Q,2002-Q4,allocated,GBP,Pound sterling,88953596951.5296,3.67276693852855
G001,World,Q,2002-Q4,allocated,JPY,Japanese yen,135716145567.5,5.60352576564664
G001,World,Q,2002-Q4,allocated,OTH,Other currencies,59818502170.5968,2.46982049758122
G001,World,Q,2002-Q4,allocated,TOTAL,All currencies,2421977719805.11,100.0
G001,World,Q,2002-Q4,allocated,USD,U.S. dollar,1572812639572.02,64.9391869591015
G001,World,Q,2002-Q4,total,TOTAL,All currencies,2421977719805.11,
G001,World,Q,2002-Q4,unallocated,TOTAL,All currencies,0.0,0.0
G001,World,Q,2003-Q1,allocated,CHF,Swiss franc,6167698503.43234,0.244837072749828
G001,World,Q,2003-Q1,allocated,EUR,Euro,570737030409.681,22.6563577577068
G001,World,Q,2003-Q1,allocated,GBP,Pound sterling,87936940922.0147,3.49080344798615
G001,World,Q,2003-Q1,allocated,JPY,Japanese yen,153393567539.557,6.08921334824294
G001,World,Q,2003-Q1,allocated,OTH,Other currencies,73120277710.6207,2.90263130458794
G001,World,Q,2003-Q1,allocated,TOTAL,All currencies,2519103187340.6,100.0
G001,World,Q,2003-Q1,allocated,USD,U.S. dollar,1627747672255.29,64.6161570687263
G001,World,Q,2003-Q1,total,TOTAL,All currencies,2519103187340.6,
G001,World,Q,2003-Q1,unallocated,TOTAL,All currencies,0.0,0.0
G001,World,Q,2003-Q2,allocated,CHF,Swiss franc,5949631608.57969,0.221573258514436
G001,World,Q,2003-Q2,allocated,EUR,Euro,620966591215.667,23.1257328345919
G001,World,Q,2003-Q2,allocated,GBP,Pound sterling,94091097359.3271,3.50409443990468
G001,World,Q,2003-Q2,allocated,JPY,Japanese yen,147962505911.623,5.51034698106732
G001,World,Q,2003-Q2,allocated,OTH,Other currencies,80189125507.3293,2.98636403142339
G001,World,Q,2003-Q2,allocated,TOTAL,All currencies,2685175841376.2,100.0
G001,World,Q,2003-Q2,allocated,USD,U.S. dollar,1736016889773.68,64.6518884544982
G001,World,Q,2003-Q2,total,TOTAL,All currencies,2685175841376.2,
G001,World,Q,2003-Q2,unallocated,TOTAL,All currencies,0.0,0.0
G001,World,Q,2003-Q3,allocated,CHF,Swiss franc,6735569657.36241,0.236427540020288
G001,World,Q,2003-Q3,allocated,EUR,Euro,646324137805.873,22.6868451713132
G001,World,Q,2003-Q3,allocated,GBP,Pound sterling,99374105621.2703,3.4881645545855
G001,World,Q,2003-Q3,allocated,JPY,Japanese yen,161007941773.682,5.65159497024458
G001,World,Q,2003-Q3,allocated,OTH,Other currencies,86286557195.4784,3.02877402986216
G001,World,Q,2003-Q3,allocated,TOTAL,All currencies,2848893854237.3,100.0
G001,World,Q,2003-Q3,allocated,USD,U.S. dollar,1849165542183.63,64.9081937339743
G001,World,Q,2003-Q3,total,TOTAL,All currencies,2848893854237.3,
G001,World,Q,2003-Q3,unallocated,TOTAL,All currencies,0.0,0.0
G001,World,Q,2003-Q4,allocated,CHF,Swiss franc,7082821558.94507,0.232921630795454
G001,World,Q,2003-Q4,allocated,EUR,Euro,703419798770.967,23.1322623759487
G001,World,Q,2003-Q4,allocated,GBP,Pound sterling,117685678123.387,3.87014410029142
G001,World,Q,2003-Q4,allocated,JPY,Japanese yen,186424310260.811,6.13064355843143
G001,World,Q,2003-Q4,allocated,OTH,Other currencies,94239646585.9528,3.09911127729395
G001,World,Q,2003-Q4,allocated,TOTAL,All currencies,3040860367822.61,100.0
G001,World,Q,2003-Q4,allocated,USD,U.S. dollar,1932008112522.55,63.534917057239
G001,World,Q,2003-Q4,total,TOTAL,All currencies,3040860367822.61,
G001,World,Q,2003-Q4,unallocated,TOTAL,All currencies,0.0,0.0
G001,World,Q,2004-Q1,allocated,CHF,Swiss franc,7926342318.16913,0.238947430591396
G001,World,Q,2004-Q1,allocated,EUR,Euro,722712013001.865,21.7868685999698
G001,World,Q,2004-Q1,allocated,GBP,Pound sterling,132882640946.671,4.00587867011783
G001,World,Q,2004-Q1,allocated,JPY,Japanese yen,211191244697.164,6.36656899968995
G001,World,Q,2004-Q1,allocated,OTH,Other currencies,97343253096.2382,2.93450866478938
G001,World,Q,2004-Q1,allocated,TOTAL,All currencies,3317190855976.73,100.0
G001,World,Q,2004-Q1,allocated,USD,U.S. dollar,2145135361916.62,64.6672276348416
G001,World,Q,2004-Q1,total,TOTAL,All currencies,3317190855976.73,
G001,World,Q,2004-Q1,unallocated,TOTAL,All currencies,0.0,0.0
G001,World,Q,2004-Q2,allocated,CHF,Swiss franc,8290128784.3105,0.246531866286037
G001,World,Q,2004-Q2,allocated,EUR,Euro,732038131765.513,21.7693514192742
G001,World,Q,2004-Q2,allocated,GBP,Pound sterling,136872338060.935,4.07030986164614
G001,World,Q,2004-Q2,allocated,JPY,Japanese yen,204530462073.763,6.08232728818627
G001,World,Q,2004-Q2,allocated,OTH,Other currencies,100091887194.518,2.97653274058376
G001,World,Q,2004-Q2,allocated,TOTAL,All currencies,3362700696344.03,100.0
G001,World,Q,2004-Q2,allocated,USD,U.S. dollar,2180877748465.0,64.8549468240236
G001,World,Q,2004-Q2,total,TOTAL,All currencies,3362700696344.03,
G001,World,Q,2004-Q2,unallocated,TOTAL,All currencies,0.0,0.0
G001,World,Q,2004-Q3,allocated,CHF,Swiss franc,6911944026.67281,0.199459623001186
G001,World,Q,2004-Q3,allocated,EUR,Euro,769093272112.551,22.1939086191011
G001,World,Q,2004-Q3,allocated,GBP,Pound sterling,150107471527.791,4.33168723083639
G001,World,Q,2004-Q3,allocated,JPY,Japanese yen,200995852237.126,5.80018541199292
G001,World,Q,2004-Q3,allocated,OTH,Other currencies,105152557369.296,3.03441251398362
G001,World,Q,2004-Q3,allocated,TOTAL,All currencies,3465334949836.79,100.0
G001,World,Q,2004-Q3,allocated,USD,U.S. dollar,2233073852563.35,64.4403466010848
G001,World,Q,2004-Q3,total,TOTAL,All currencies,3465334949836.79,
G001,World,Q,2004-Q3,unallocated,TOTAL,All currencies,0.0,0.0
G001,World,Q,2004-Q4,allocated,CHF,Swiss franc,7886062791.59622,0.208960983814368
G001,World,Q,2004-Q4,allocated,EUR,Euro,873466113066.413,23.1446722069437
G001,World,Q,2004-Q4,allocated,GBP,Pound sterling,173075454830.532,4.58606763238653
G001,World,Q,2004-Q4,allocated,JPY,Japanese yen,213297410983.39,5.65184909403001
G001,World,Q,2004-Q4,allocated,OTH,Other currencies,116446267104.915,3.08553547933754
G001,World,Q,2004-Q4,allocated,TOTAL,All currencies,3773940305814.15,100.0
G001,World,Q,2004-Q4,allocated,USD,U.S. dollar,2389768997037.3,63.3229146034879
G001,World,Q,2004-Q4,total,TOTAL,All currencies,3773940305814.15,
G001,World,Q,2004-Q4,unallocated,TOTAL,All currencies,0.0,0.0
G001,World,Q,2005-Q1,allocated,CHF,Swiss franc,8028559124.52228,0.202516690650509
G001,World,Q,2005-Q1,allocated,EUR,Euro,915696130476.652,23.0980113753154
G001,World,Q,2005-Q1,allocated,GBP,Pound sterling,185579048638.512,4.68114567027959
G001,World,Q,2005-Q1,allocated,JPY,Japanese yen,191705924710.653,4.83569328547569
G001,World,Q,2005-Q1,allocated,OTH,Other currencies,118035549677.623,2.97739214833872
G001,World,Q,2005-Q1,allocated,TOTAL,All currencies,3964393798226.48,100.0
G001,World,Q,2005-Q1,allocated,USD,U.S. dollar,2545348585598.52,64.2052408299401
G001,World,Q,2005-Q1,total,TOTAL,All currencies,3964393798226.48,
G001,World,Q,2005-Q1,unallocated,TOTAL,All currencies,0.0,0.0
G001,World,Q,2005-Q2,allocated,CHF,Swiss franc,7240649412.68405,0.177872000382408
G001,World,Q,2005-Q2,allocated,EUR,Euro,924033886815.286,22.6995876338169
G001,World,Q,2005-Q2,allocated,GBP,Pound sterling,189393859712.293,4.65260265580003
G001,World,Q,2005-Q2,allocated,JPY,Japanese yen,192329635421.261,4.7247221948449
G001,World,Q,2005-Q2,allocated,OTH,Other currencies,124658771316.821,3.06233650540975
G001,World,Q,2005-Q2,allocated,TOTAL,All currencies,4070707810738.81,100.0
G001,World,Q,2005-Q2,allocated,USD,U.S. dollar,2633051008060.47,64.682879009746
G001,World,Q,2005-Q2,total,TOTAL,All currencies,4070707810738.81,
G001,World,Q,2005-Q2,unallocated,TOTAL,All currencies,0.0,0.0
G001,World,Q,2005-Q3,allocated,CHF,Swiss franc,8043729621.42567,0.191638504945211
G001,World,Q,2005-Q3,allocated,EUR,Euro,937573247947.718,22.3372917750411
G001,World,Q,2005-Q3,allocated,GBP,Pound sterling,195203677297.143,4.65064623472533
G001,World,Q,2005-Q3,allocated,JPY,Japanese yen,192874937425.496,4.59516497809283
G001,World,Q,2005-Q3,allocated,OTH,Other currencies,134891703349.423,3.21373859839095
G001,World,Q,2005-Q3,allocated,TOTAL,All currencies,4197345217092.65,100.0
G001,World,Q,2005-Q3,allocated,USD,U.S. dollar,2728757921451.44,65.0115199088046
G001,World,Q,2005-Q3,total,TOTAL,All currencies,4197345217092.65,
G001,World,Q,2005-Q3,unallocated,TOTAL,All currencies,0.0,0.0
G001,World,Q,2005-Q4,allocated,CHF,Swiss franc,8945550776.87147,0.205158020437379
G001,World,Q,2005-Q4,allocated,EUR,Euro,954441095801.478,21.8892330637684
G001,World,Q,2005-Q4,allocated,GBP,Pound sterling,206977277283.394,4.74683443670868
G001,World,Q,2005-Q4,allocated,JPY,Japanese yen,209245182787.813,4.79884677395107
G001,World,Q,2005-Q4,allocated,OTH,Other currencies,151386178421.871,3.47190345919347
G001,World,Q,2005-Q4,allocated,TOTAL,All currencies,4360322232491.98,100.0
G001,World,Q,2005-Q4,allocated,USD,U.S. dollar,2829326947420.55,64.888024245941
G001,World,Q,2005-Q4,total,TOTAL,All currencies,4360322232491.98,
G001,World,Q,2005-Q4,unallocated,TOTAL,All currencies,0.0,0.0
G001,World,Q,2006-Q1,allocated,CHF,Swiss franc,9638849713.1958,0.21106655629837
G001,World,Q,2006-Q1,allocated,EUR,Euro,1010690509506.48,22.1315791481771
G001,World,Q,2006-Q1,allocated,GBP,Pound sterling,230054942540.95,5.03762439776006
G001,World,Q,2006-Q1,allocated,JPY,Japanese yen,199057662170.575,4.35886195026249
G001,World,Q,2006-Q1,allocated,OTH,Other currencies,154229233418.234,3.37723215391135
G001,World,Q,2006-Q1,allocated,TOTAL,All currencies,4566734722089.28,100.0
G001,World,Q,2006-Q1,allocated,USD,U.S. dollar,2963063524739.85,64.8836357935906
G001,World,Q,2006-Q1,total,TOTAL,All currencies,4566734722089.28,
G001,World,Q,2006-Q1,unallocated,TOTAL,All currencies,0.0,0.0
G001,World,Q,2006-Q2,allocated,CHF,Swiss franc,9623035544.7033,0.200388394432645
G001,World,Q,2006-Q2,allocated,EUR,Euro,1078474280992.75,22.4579581568719
G001,World,Q,2006-Q2,allocated,GBP,Pound sterling,250025290910.004,5.20648254703661
G001,World,Q,2006-Q2,allocated,JPY,Japanese yen,212969121249.774,4.43483140769063
G001,World,Q,2006-Q2,allocated,OTH,Other currencies,172360938067.918,3.58921376543659
G001,World,Q,2006-Q2,allocated,TOTAL,All currencies,4802192049069.9,100.0
G001,World,Q,2006-Q2,allocated,USD,U.S. dollar,3078739382304.75,64.1111257285317
G001,World,Q,2006-Q2,total,TOTAL,All currencies,4802192049069.9,
G001,World,Q,2006-Q2,unallocated,TOTAL,All currencies,0.0,0.0
G001,World,Q,2006-Q3,allocated,CHF,Swiss franc,10182645869.0438,0.20390240977639
G001,World,Q,2006-Q3,allocated,EUR,Euro,1103026011838.0,22.0875462774912
G001,World,Q,2006-Q3,allocated,GBP,Pound sterling,261078470655.512,5.22796628617241
G001,World,Q,2006-Q3,allocated,JPY,Japanese yen,217011323679.292,4.34554362550244
G001,World,Q,2006-Q3,allocated,OTH,Other currencies,177025871447.793,3.54485486829174
G001,World,Q,2006-Q3,allocated,TOTAL,All currencies,4993882063586.48,100.0
G001,World,Q,2006-Q3,allocated,USD,U.S. dollar,3225557740096.84,64.5901865327659
G001,World,Q,2006-Q3,total,TOTAL,All currencies,4993882063586.48,
G001,World,Q,2006-Q3,unallocated,TOTAL,All currencies,0.0,0.0
G001,World,Q,2006-Q4,allocated,CHF,Swiss franc,11327720877.1503,0.213938298852018
G001,World,Q,2006-Q4,allocated,EUR,Euro,1197834919111.86,22.6226235338528
G001,World,Q,2006-Q4,allocated,GBP,Pound sterling,280865662495.402,5.30450235240327
G001,World,Q,2006-Q4,allocated,JPY,Japanese yen,238286045532.662,4.50033257124684
G001,World,Q,2006-Q4,allocated,OTH,Other currencies,195451144234.597,3.69134142337283
G001,World,Q,2006-Q4,allocated,TOTAL,All currencies,5294854141560.56,100.0
G001,World,Q,2006-Q4,allocated,USD,U.S. dollar,3371088649308.89,63.6672618202723
G001,World,Q,2006-Q4,total,TOTAL,All currencies,5294854141560.56,
G001,World,Q,2006-Q4,unallocated,TOTAL,All currencies,0.0,0.0
G001,World,Q,2007-Q1,allocated,CHF,Swiss franc,13604355371.6278,0.241546638622463
G001,World,Q,2007-Q1,allocated,EUR,Euro,1311661010853.89,23.2886674545895
G001,World,Q,2007-Q1,allocated,GBP,Pound sterling,287691643583.762,5.10799281326877
G001,World,Q,2007-Q1,allocated,JPY,Japanese yen,217883188861.106,3.86853698275938
G001,World,Q,2007-Q1,allocated,OTH,Other currencies,216108492372.167,3.83702707583852
G001,World,Q,2007-Q1,allocated,TOTAL,All currencies,5632185754773.19,100.0
G001,World,Q,2007-Q1,allocated,USD,U.S. dollar,3585237063730.64,63.6562290349214
G001,World,Q,2007-Q1,total,TOTAL,All currencies,5632185754773.19,
G001,World,Q,2007-Q1,unallocated,TOTAL,All currencies,0.0,0.0
G001,World,Q,2007-Q2,allocated,CHF,Swiss franc,12375101713.3154,0.207525482289555
G001,World,Q,2007-Q2,allocated,EUR,Euro,1366544711373.03,22.9164056076231
G001,World,Q,2007-Q2,allocated,GBP,Pound sterling,326516437451.256,5.4755494320204
G001,World,Q,2007-Q2,allocated,JPY,Japanese yen,238501000315.828,3.99956592387661
G001,World,Q,2007-Q2,allocated,OTH,Other currencies,238665215061.935,4.00231973917239
G001,World,Q,2007-Q2,allocated,TOTAL,All currencies,5963172125555.54,100.0
G001,World,Q,2007-Q2,allocated,USD,U.S. dollar,3780569659640.18,63.3986338150179
G001,World,Q,2007-Q2,total,TOTAL,All currencies,5963172125555.54,
G001,World,Q,2007-Q2,unallocated,TOTAL,All currencies,0.0,0.0
G001,World,Q,2007-Q3,allocated,CHF,Swiss franc,14785292375.5277,0.23457377501697
G001,World,Q,2007-Q3,allocated,EUR,Euro,1498286838271.28,23.7708386675709
G001,World,Q,2007-Q3,allocated,GBP,Pound sterling,336513772974.167,5.33890734568154
G001,World,Q,2007-Q3,allocated,JPY,Japanese yen,241839107420.71,3.83686104634003
G001,World,Q,2007-Q3,allocated,OTH,Other currencies,258784765059.882,4.10570976313274
G001,World,Q,2007-Q3,allocated,TOTAL,All currencies,6303045757974.46,100.0
G001,World,Q,2007-Q3,allocated,USD,U.S. dollar,3952835981872.9,62.7131094022578
G001,World,Q,2007-Q3,total,TOTAL,All currencies,6303045757974.46,
G001,World,Q,2007-Q3,unallocated,TOTAL,All currencies,0.0,0.0
G001,World,Q,2007-Q4,allocated,CHF,Swiss franc,14413957023.4176,0.214808160996282
G001,World,Q,2007-Q4,allocated,EUR,Euro,1564998522686.73,23.3228428580763
G001,World,Q,2007-Q4,allocated,GBP,Pound sterling,380072104454.347,5.66413439912333
G001,World,Q,2007-Q4,allocated,JPY,Japanese yen,279915171339.934,4.17151675232578
G001,World,Q,2007-Q4,allocated,OTH,Other currencies,270088080714.233,4.02506569368718
G001,World,Q,2007-Q4,allocated,TOTAL,All currencies,6710153355703.79,100.0
G001,World,Q,2007-Q4,allocated,USD,U.S. dollar,4200665519485.13,62.6016321357911
G001,World,Q,2007-Q4,total,TOTAL,All currencies,6710153355703.79,
G001,World,Q,2007-Q4,unallocated,TOTAL,All currencies,0.0,0.0
G001,World,Q,2008-Q1,allocated,CHF,Swiss franc,16600190922.3376,0.229035772252225
G001,World,Q,2008-Q1,allocated,EUR,Euro,1686303000266.37,23.2662209563831
G001,World,Q,2008-Q1,allocated,GBP,Pound sterling,379024149659.545,5.22946327699782
G001,World,Q,2008-Q1,allocated,JPY,Japanese yen,310518508812.509,4.28427882529844
G001,World,Q,2008-Q1,allocated,OTH,Other currencies,285199022054.175,3.93494138515361
G001,World,Q,2008-Q1,allocated,TOTAL,All currencies,7247859475879.88,100.0
G001,World,Q,2008-Q1,allocated,USD,U.S. dollar,4570214604164.95,63.0560597839148
G001,World,Q,2008-Q1,total,TOTAL,All currencies,7247859475879.88,
G001,World,Q,2008-Q1,unallocated,TOTAL,All currencies,0.0,0.0
G001,World,Q,2008-Q2,allocated,CHF,Swiss franc,18303360655.2099,0.245143513084014
G001,World,Q,2008-Q2,allocated,EUR,Euro,1740384493065.73,23.3095974440975
G001,World,Q,2008-Q2,allocated,GBP,Pound sterling,398043096867.129,5.33113480977463
G001,World,Q,2008-Q2,allocated,JPY,Japanese yen,329008076084.684,4.40652386868937
G001,World,Q,2008-Q2,allocated,OTH,Other currencies,299523600045.943,4.01162764314179
G001,World,Q,2008-Q2,allocated,TOTAL,All currencies,7466385883495.53,100.0
G001,World,Q,2008-Q2,allocated,USD,U.S. dollar,4681123256776.83,62.6959727212127
G001,World,Q,2008-Q2,total,TOTAL,All currencies,7466385883495.53,
G001,World,Q,2008-Q2,unallocated,TOTAL,All currencies,0.0,0.0
G001,World,Q,2008-Q3,allocated,CHF,Swiss franc,18529909763.8284,0.246914547932734
G001,World,Q,2008-Q3,allocated,EUR,Euro,1667604883167.84,22.2211500814526
G001,World,Q,2008-Q3,allocated,GBP,Pound sterling,392619194792.917,5.2317249370122
G001,World,Q,2008-Q3,allocated,JPY,Japanese yen,328034174830.67,4.37111734580125
G001,World,Q,2008-Q3,allocated,OTH,Other currencies,299744282163.837,3.99414918200952
G001,World,Q,2008-Q3,allocated,TOTAL,All currencies,7504584042928.28,100.0
G001,World,Q,2008-Q3,allocated,USD,U.S. dollar,4798051598209.18,63.9349439057916
G001,World,Q,2008-Q3,total,TOTAL,All currencies,7504584042928.28,
G001,World,Q,2008-Q3,unallocated,TOTAL,All currencies,0.0,0.0
G001,World,Q,2008-Q4,allocated,CHF,Swiss franc,16773486016.0933,0.22809669263497
G001,World,Q,2008-Q4,allocated,EUR,Euro,1722013962377.98,23.4170576773844
G001,World,Q,2008-Q4,allocated,GBP,Pound sterling,361010830753.903,4.90925836295223
G001,World,Q,2008-Q4,allocated,JPY,Japanese yen,313291761522.495,4.2603436497638
G001,World,Q,2008-Q4,allocated,OTH,Other currencies,317467120742.873,4.31712288025992
G001,World,Q,2008-Q4,allocated,TOTAL,All currencies,7353673489223.45,100.0
G001,World,Q,2008-Q4,allocated,USD,U.S. dollar,4623116327810.1,62.8681207370047
G001,World,Q,2008-Q4,total,TOTAL,All currencies,7353673489223.45,
G001,World,Q,2008-Q4,unallocated,TOTAL,All currencies,0.0,0.0
G001,World,Q,2009-Q1,allocated,CHF,Swiss franc,16855018639.8419,0.234961904516255
G001,World,Q,2009-Q1,allocated,EUR,Euro,1668005682808.88,23.2522906293496
G001,World,Q,2009-Q1,allocated,GBP,Pound sterling,340730327036.259,4.74984028659825
G001,World,Q,2009-Q1,allocated,JPY,Japanese yen,260532538138.216,3.63186909830574
G001,World,Q,2009-Q1,allocated,OTH,Other currencies,310508185103.306,4.32853834805625
G001,World,Q,2009-Q1,allocated,TOTAL,All currencies,7173511244107.19,100.0
G001,World,Q,2009-Q1,allocated,USD,U.S. dollar,4576879492380.69,63.8024997331739
G001,World,Q,2009-Q1,total,TOTAL,All currencies,7173511244107.19,
G001,World,Q,2009-Q1,unallocated,TOTAL,All currencies,0.0,0.0
G001,World,Q,2009-Q2,allocated,CHF,Swiss franc,16312947225.2859,0.215394737627666
G001,World,Q,2009-Q2,allocated,EUR,Euro,1823545370379.66,24.0779346111192
G001,World,Q,2009-Q2,allocated,GBP,Pound sterling,386890144112.852,5.10846384353806
G001,World,Q,2009-Q2,allocated,JPY,Japanese yen,263391918687.121,3.47780400655747
G001,World,Q,2009-Q2,allocated,OTH,Other currencies,361109215293.752,4.76805469967838
G001,World,Q,2009-Q2,allocated,TOTAL,All currencies,7573512428834.12,100.0
G001,World,Q,2009-Q2,allocated,USD,U.S. dollar,4722262833135.45,62.3523481014793
G001,World,Q,2009-Q2,total,TOTAL,All currencies,7573512428834.12,
G001,World,Q,2009-Q2,unallocated,TOTAL,All currencies,0.0,0.0
G001,World,Q,2009-Q3,allocated,CHF,Swiss franc,16518367967.5953,0.209416894152011
G001,World,Q,2009-Q3,allocated,EUR,Euro,1907563461233.7,24.1837460112942
G001,World,Q,2009-Q3,allocated,GBP,Pound sterling,406420771269.756,5.15252934219309
G001,World,Q,2009-Q3,allocated,JPY,Japanese yen,276506336479.485,3.50549753537876
G001,World,Q,2009-Q3,allocated,OTH,Other currencies,444008082354.335,5.62905450268714
G001,World,Q,2009-Q3,allocated,TOTAL,All currencies,7887791495754.38,100.0
G001,World,Q,2009-Q3,allocated,USD,U.S. dollar,4836774476449.5,61.3197557142948
G001,World,Q,2009-Q3,total,TOTAL,All currencies,7887791495754.38,
G001,World,Q,2009-Q3,unallocated,TOTAL,All currencies,0.0,0.0
G001,World,Q,2009-Q4,allocated,CHF,Swiss franc,17112531186.6067,0.209285240041787
G001,World,Q,2009-Q4,allocated,EUR,Euro,1966218239188.37,24.0467322850019
G001,World,Q,2009-Q4,allocated,GBP,Pound sterling,408822582590.539,4.99987590374293
G001,World,Q,2009-Q4,allocated,JPY,Japanese yen,273775167501.283,3.3482540381186
G001,World,Q,2009-Q4,allocated,OTH,Other currencies,425842840204.983,5.2080326434776
G001,World,Q,2009-Q4,allocated,TOTAL,All currencies,8176654590256.79,100.0
G001,World,Q,2009-Q4,allocated,USD,U.S. dollar,5084883229585.01,62.1878198896172
G001,World,Q,2009-Q4,total,TOTAL,All currencies,8176654590256.79,
G001,World,Q,2009-Q4,unallocated,TOTAL,All currencies,0.0,0.0
G001,World,Q,2010-Q1,allocated,CHF,Swiss franc,17515747039.4204,0.210800107010814
G001,World,Q,2010-Q1,allocated,EUR,Euro,1978259691212.69,23.8081398220863
G001,World,Q,2010-Q1,allocated,GBP,Pound sterling,421291571841.998,5.07019816095642
G001,World,Q,2010-Q1,allocated,JPY,Japanese yen,300157534699.017,3.6123632233472
G001,World,Q,2010-Q1,allocated,OTH,Other currencies,457991752898.804,5.51188084092889
G001,World,Q,2010-Q1,allocated,TOTAL,All currencies,8309173694357.68,100.0
G001,World,Q,2010-Q1,allocated,USD,U.S. dollar,5133957396665.75,61.7866178456704
G001,World,Q,2010-Q1,total,TOTAL,All currencies,8309173694357.68,
G001,World,Q,2010-Q1,unallocated,TOTAL,All currencies,0.0,0.0
G001,World,Q,2010-Q2,allocated,CHF,Swiss franc,18580053728.2552,0.220102547137286
G001,World,Q,2010-Q2,allocated,EUR,Euro,1939181695874.21,22.9718835513829
G001,World,Q,2010-Q2,allocated,GBP,Pound sterling,413435564360.753,4.89762958298445
G001,World,Q,2010-Q2,allocated,JPY,Japanese yen,321491860119.659,3.80844847550858
G001,World,Q,2010-Q2,allocated,OTH,Other currencies,467576556372.808,5.5389931883152
G001,World,Q,2010-Q2,allocated,TOTAL,All currencies,8441544166531.66,100.0
G001,World,Q,2010-Q2,allocated,USD,U.S. dollar,5281278436075.98,62.5629426546716
G001,World,Q,2010-Q2,total,TOTAL,All currencies,8441544166531.66,
G001,World,Q,2010-Q2,unallocated,TOTAL,All currencies,0.0,0.0
G001,World,Q,2010-Q3,allocated,CHF,Swiss franc,19424851134.4053,0.215641695679924
G001,World,Q,2010-Q3,allocated,EUR,Euro,2101771107620.03,23.3324560606541
G001,World,Q,2010-Q3,allocated,GBP,Pound sterling,433932051409.169,4.81722319148194
G001,World,Q,2010-Q3,allocated,JPY,Japanese yen,359791076925.298,3.99415971745891
G001,World,Q,2010-Q3,allocated,OTH,Other currencies,524158288250.812,5.81885448187001
G001,World,Q,2010-Q3,allocated,TOTAL,All currencies,9007929135948.47,100.0
G001,World,Q,2010-Q3,allocated,USD,U.S. dollar,5568851760608.76,61.8216648528552
G001,World,Q,2010-Q3,total,TOTAL,All currencies,9007929135948.47,
G001,World,Q,2010-Q3,unallocated,TOTAL,All currencies,0.0,0.0
G001,World,Q,2010-Q4,allocated,CHF,Swiss franc,22245863512.862,0.239674287124409
G001,World,Q,2010-Q4,allocated,EUR,Euro,2126737785675.78,22.9132199065987
G001,World,Q,2010-Q4,allocated,GBP,Pound sterling,443683151338.129,4.78018949206419
G001,World,Q,2010-Q4,allocated,JPY,Japanese yen,379389912937.874,4.08750178984974
G001,World,Q,2010-Q4,allocated,OTH,Other currencies,560938358033.258,6.0434831403432
G001,World,Q,2010-Q4,allocated,TOTAL,All currencies,9281706343957.85,100.0
G001,World,Q,2010-Q4,allocated,USD,U.S. dollar,5748711272459.95,61.9359313840198
G001,World,Q,2010-Q4,total,TOTAL,All currencies,9281706343957.85,
G001,World,Q,2010-Q4,unallocated,TOTAL,All currencies,0.0,0.0
G001,World,Q,2011-Q1,allocated,CHF,Swiss franc,22143079541.5283,0.228074575651324
G001,World,Q,2011-Q1,allocated,EUR,Euro,2208928452757.09,22.7520484927065
G001,World,Q,2011-Q1,allocated,GBP,Pound sterling,464067103374.553,4.77990911234316
G001,World,Q,2011-Q1,allocated,JPY,Japanese yen,396389999195.402,4.08283232191651
G001,World,Q,2011-Q1,allocated,OTH,Other currencies,615658133887.174,6.34130258933767
G001,World,Q,2011-Q1,allocated,TOTAL,All currencies,9708701409744.23,100.0
G001,World,Q,2011-Q1,allocated,USD,U.S. dollar,6001514640988.48,61.8158329080448
G001,World,Q,2011-Q1,total,TOTAL,All currencies,9708701409744.23,
G001,World,Q,2011-Q1,unallocated,TOTAL,All currencies,0.0,0.0
G001,World,Q,2011-Q2,allocated,CHF,Swiss franc,23141088088.1191,0.2292027009071
G001,World,Q,2011-Q2,allocated,EUR,Euro,2310991513119.49,22.8893945938661
G001,World,Q,2011-Q2,allocated,GBP,Pound sterling,480823179612.439,4.76235045673983
G001,World,Q,2011-Q2,allocated,JPY,Japanese yen,414924977012.117,4.10965660053902
G001,World,Q,2011-Q2,allocated,OTH,Other currencies,652055262177.323,6.45833189271944
G001,World,Q,2011-Q2,allocated,TOTAL,All currencies,10096341795509.0,100.0
G001,World,Q,2011-Q2,allocated,USD,U.S. dollar,6214405775499.56,61.5510637552286
G001,World,Q,2011-Q2,total,TOTAL,All currencies,10096341795509.0,
G001,World,Q,2011-Q2,unallocated,TOTAL,All currencies,0.0,0.0
G001,World,Q,2011-Q3,allocated,CHF,Swiss franc,37309211916.5877,0.366071605932356
G001,World,Q,2011-Q3,allocated,EUR,Euro,2263955412259.5,22.2135432766033
G001,World,Q,2011-Q3,allocated,GBP,Pound sterling,474978969095.303,4.66041240403438
G001,World,Q,2011-Q3,allocated,JPY,Japanese yen,419807475163.597,4.11907914214665
G001,World,Q,2011-Q3,allocated,OTH,Other currencies,651843800609.621,6.39577987977074
G001,World,Q,2011-Q3,allocated,TOTAL,All currencies,10191779780779.2,100.0
G001,World,Q,2011-Q3,allocated,USD,U.S. dollar,6343884911734.63,62.2451136915126
G001,World,Q,2011-Q3,total,TOTAL,All currencies,10191779780779.2,
G001,World,Q,2011-Q3,unallocated,TOTAL,All currencies,0.0,0.0
G001,World,Q,2011-Q4,allocated,CHF,Swiss franc,20070463773.1963,0.196253491055965
G001,World,Q,2011-Q4,allocated,EUR,Euro,2221784887536.35,21.7251103652476
G001,World,Q,2011-Q4,allocated,GBP,Pound sterling,472670782058.91,4.62188079694987
G001,World,Q,2011-Q4,allocated,JPY,Japanese yen,418680127239.125,4.09394807887633
G001,World,Q,2011-Q4,allocated,OTH,Other currencies,700348378442.711,6.84816333981889
G001,World,Q,2011-Q4,allocated,TOTAL,All currencies,10226805987096.0,100.0
G001,World,Q,2011-Q4,allocated,USD,U.S. dollar,6393251348045.7,62.5146439280514
G001,World,Q,2011-Q4,total,TOTAL,All currencies,10226805987096.0,
G001,World,Q,2011-Q4,unallocated,TOTAL,All currencies,0.0,0.0
G001,World,Q,2012-Q1,allocated,CHF,Swiss franc,35339189272.5818,0.338050692637345
G001,World,Q,2012-Q1,allocated,EUR,Euro,2273477566444.08,21.7478295866898
G001,World,Q,2012-Q1,allocated,GBP,Pound sterling,494635899818.258,4.73163114317936
G001,World,Q,2012-Q1,allocated,JPY,Japanese yen,444857559157.982,4.25545715942588
G001,World,Q,2012-Q1,allocated,OTH,Other currencies,737452928109.955,7.05439140700454
G001,World,Q,2012-Q1,allocated,TOTAL,All currencies,10453813597268.1,100.0
G001,World,Q,2012-Q1,allocated,USD,U.S. dollar,6468050454465.27,61.8726400110631
G001,World,Q,2012-Q1,total,TOTAL,All currencies,10453813597268.1,
G001,World,Q,2012-Q1,unallocated,TOTAL,All currencies,0.0,0.0
G001,World,Q,2012-Q2,allocated,CHF,Swiss franc,32413041483.4962,0.307287081449729
G001,World,Q,2012-Q2,allocated,EUR,Euro,2304793063165.97,21.8502522846078
G001,World,Q,2012-Q2,allocated,GBP,Pound sterling,487991190584.828,4.62632884372613
G001,World,Q,2012-Q2,allocated,JPY,Japanese yen,442345300662.913,4.19358968527898
G001,World,Q,2012-Q2,allocated,OTH,Other currencies,724894863224.23,6.87225933399346
G001,World,Q,2012-Q2,allocated,TOTAL,All currencies,10548130214448.6,100.0
G001,World,Q,2012-Q2,allocated,USD,U.S. dollar,6555692755327.18,62.1502827709439
G001,World,Q,2012-Q2,total,TOTAL,All currencies,10548130214448.6,
G001,World,Q,2012-Q2,unallocated,TOTAL,All currencies,0.0,0.0
G001,World,Q,2012-Q3,allocated,CHF,Swiss franc,37111640690.3958,0.343405695064437
G001,World,Q,2012-Q3,allocated,EUR,Euro,2307012685154.17,21.3475146862172
G001,World,Q,2012-Q3,allocated,GBP,Pound sterling,518988722535.677,4.80236604142083
G001,World,Q,2012-Q3,allocated,JPY,Japanese yen,484243621916.923,4.48085868669063
G001,World,Q,2012-Q3,allocated,OTH,Other currencies,780355858132.441,7.22087843259721
G001,World,Q,2012-Q3,allocated,TOTAL,All currencies,10806938039694.5,100.0
G001,World,Q,2012-Q3,allocated,USD,U.S. dollar,6679225511264.86,61.8049764580097
G001,World,Q,2012-Q3,total,TOTAL,All currencies,10806938039694.5,
G001,World,Q,2012-Q3,unallocated,TOTAL,All currencies,0.0,0.0
G001,World,Q,2012-Q4,allocated,AUD,Australian dollar,183455430059.266,1.67321946434594
G001,World,Q,2012-Q4,allocated,CAD,Canadian dollar,229640570244.305,2.09445461391979
G001,World,Q,2012-Q4,allocated,CHF,Swiss franc,32981993948.9728,0.300814831321879
G001,World,Q,2012-Q4,allocated,EUR,Euro,2351759647925.82,21.449406087907
G001,World,Q,2012-Q4,allocated,GBP,Pound sterling,518126806801.108,4.72561568692161
G001,World,Q,2012-Q4,allocated,JPY,Japanese yen,472856540650.85,4.31272471686822
G001,World,Q,2012-Q4,allocated,OTH,Other currencies,394659498886.235,3.59952253859224
G001,World,Q,2012-Q4,allocated,TOTAL,All currencies,10964218022109.8,100.0
G001,World,Q,2012-Q4,allocated,USD,U.S. dollar,6780737533593.26,61.8442420601233
G001,World,Q,2012-Q4,total,TOTAL,All currencies,10964218022109.8,
G001,World,Q,2012-Q4,unallocated,TOTAL,All currencies,0.0,0.0
G001,World,Q,2013-Q1,allocated,AUD,Australian dollar,199792746976.156,1.79937310974119
G001,World,Q,2013-Q1,allocated,CAD,Canadian dollar,243970267350.813,2.19724462119645
G001,World,Q,2013-Q1,allocated,CHF,Swiss franc,38345872153.6726,0.345350530823456
G001,World,Q,2013-Q1,allocated,EUR,Euro,2334010311480.32,21.0205598346248
G001,World,Q,2013-Q1,allocated,GBP,Pound sterling,515044641736.371,4.63859420666213
G001,World,Q,2013-Q1,allocated,JPY,Japanese yen,469360054005.396,4.22714974765712
G001,World,Q,2013-Q1,allocated,OTH,Other currencies,409977114106.0,3.69233521184666
G001,World,Q,2013-Q1,allocated,TOTAL,All currencies,11103464083938.3,100.0
G001,World,Q,2013-Q1,allocated,USD,U.S. dollar,6892963076129.54,62.0793927374482
G001,World,Q,2013-Q1,total,TOTAL,All currencies,11103464083938.3,
G001,World,Q,2013-Q1,unallocated,TOTAL,All currencies,0.0,0.0
G001,World,Q,2013-Q2,allocated,AUD,Australian dollar,201299827816.383,1.80530204099438
G001,World,Q,2013-Q2,allocated,CAD,Canadian dollar,258107290771.72,2.31476412016977
G001,World,Q,2013-Q2,allocated,CHF,Swiss franc,38240180858.3523,0.342946525590416
G001,World,Q,2013-Q2,allocated,EUR,Euro,2357139915064.31,21.1393598580545
G001,World,Q,2013-Q2,allocated,GBP,Pound sterling,514108845539.109,4.61064352718478
G001,World,Q,2013-Q2,allocated,JPY,Japanese yen,478216682915.212,4.28875455617321
G001,World,Q,2013-Q2,allocated,OTH,Other currencies,385883388837.816,3.460688849124
G001,World,Q,2013-Q2,allocated,TOTAL,All currencies,11150479157798.1,100.0
G001,World,Q,2013-Q2,allocated,USD,U.S. dollar,6917483025995.25,62.037540522709
G001,World,Q,2013-Q2,total,TOTAL,All currencies,11150479157798.1,
G001,World,Q,2013-Q2,unallocated,TOTAL,All currencies,0.0,0.0
G001,World,Q,2013-Q3,allocated,AUD,Australian dollar,206599098771.145,1.80283604241885
G001,World,Q,2013-Q3,allocated,CAD,Canadian dollar,265685685910.559,2.31844056127716
G001,World,Q,2013-Q3,allocated,CHF,Swiss franc,39933462020.8985,0.348469499906138
G001,World,Q,2013-Q3,allocated,EUR,Euro,2442357359152.44,21.3126286694233
G001,World,Q,2013-Q3,allocated,GBP,Pound sterling,538571006637.648,4.6997069587593
G001,World,Q,2013-Q3,allocated,JPY,Japanese yen,489624407668.942,4.27258654391009
G001,World,Q,2013-Q3,allocated,OTH,Other currencies,401454643273.712,3.5031948570694
G001,World,Q,2013-Q3,allocated,TOTAL,All currencies,11459672089423.8,100.0
G001,World,Q,2013-Q3,allocated,USD,U.S. dollar,7075446425988.46,61.7421368672357
G001,World,Q,2013-Q3,total,TOTAL,All currencies,11459672089423.8,
G001,World,Q,2013-Q3,unallocated,TOTAL,All currencies,0.0,0.0
G001,World,Q,2013-Q4,allocated,AUD,Australian dollar,222532504665.598,1.90163878804648
G001,World,Q,2013-Q4,allocated,CAD,Canadian dollar,273662062798.854,2.33856350206966
G001,World,Q,2013-Q4,allocated,CHF,Swiss franc,39388099342.8831,0.336588749631927
G001,World,Q,2013-Q4,allocated,EUR,Euro,2512914969836.5,21.4739711166451
G001,World,Q,2013-Q4,allocated,GBP,Pound sterling,559464079313.448,4.78086828411831
G001,World,Q,2013-Q4,allocated,JPY,Japanese yen,478517933999.932,4.08914763008468
G001,World,Q,2013-Q4,allocated,OTH,Other currencies,393524413867.156,3.36284036607408
G001,World,Q,2013-Q4,allocated,TOTAL,All currencies,11702143754345.8,100.0
G001,World,Q,2013-Q4,allocated,USD,U.S. dollar,7222139690521.39,61.7163815633297
G001,World,Q,2013-Q4,total,TOTAL,All currencies,11702143754345.8,
G001,World,Q,2013-Q4,unallocated,TOTAL,All currencies,0.0,0.0
G001,World,Q,2014-Q1,allocated,AUD,Australian dollar,223447937361.48,1.88516901194059
G001,World,Q,2014-Q1,allocated,CAD,Canadian dollar,272316180641.683,2.29745698822554
G001,World,Q,2014-Q1,allocated,CHF,Swiss franc,40242463000.9948,0.339514631951662
G001,World,Q,2014-Q1,allocated,EUR,Euro,2581034212834.39,21.7754783250581
G001,World,Q,2014-Q1,allocated,GBP,Pound sterling,559491545356.812,4.72027684034123
G001,World,Q,2014-Q1,allocated,JPY,Japanese yen,495184610441.439,4.17773685368105
G001,World,Q,2014-Q1,allocated,OTH,Other currencies,413340280897.193,3.48723867463426
G001,World,Q,2014-Q1,allocated,TOTAL,All currencies,11852939229648.4,100.0
G001,World,Q,2014-Q1,allocated,USD,U.S. dollar,7267881999114.38,61.3171286741676
G001,World,Q,2014-Q1,total,TOTAL,All currencies,11852939229648.4,
G001,World,Q,2014-Q1,unallocated,TOTAL,All currencies,0.0,0.0
G001,World,Q,2014-Q2,allocated,AUD,Australian dollar,228686195536.679,1.90496036246258
G001,World,Q,2014-Q2,allocated,CAD,Canadian dollar,283836151883.837,2.3643605487586
G001,World,Q,2014-Q2,allocated,CHF,Swiss franc,41171978091.9608,0.342963361322714
G001,World,Q,2014-Q2,allocated,EUR,Euro,2591985002109.29,21.591284412809
G001,World,Q,2014-Q2,allocated,GBP,Pound sterling,566540326673.266,4.71929170677062
G001,World,Q,2014-Q2,allocated,JPY,Japanese yen,505319211389.898,4.20931865095553
G001,World,Q,2014-Q2,allocated,OTH,Other currencies,422875929342.116,3.52256454197321
G001,World,Q,2014-Q2,allocated,TOTAL,All currencies,12004774484706.4,100.0
G001,World,Q,2014-Q2,allocated,USD,U.S. dollar,7364359689679.38,61.3452564149478
G001,World,Q,2014-Q2,total,TOTAL,All currencies,12004774484706.4,
G001,World,Q,2014-Q2,unallocated,TOTAL,All currencies,0.0,0.0
G001,World,Q,2014-Q3,allocated,AUD,Australian dollar,219055590898.066,1.86118618725394
G001,World,Q,2014-Q3,allocated,CAD,Canadian dollar,272658648133.618,2.31661975693542
G001,World,Q,2014-Q3,allocated,CHF,Swiss franc,39132663359.2161,0.332487165545678
G001,World,Q,2014-Q3,allocated,EUR,Euro,2436134321548.63,20.6983968360408
G001,World,Q,2014-Q3,allocated,GBP,Pound sterling,551678410478.751,4.68728615042315
G001,World,Q,2014-Q3,allocated,JPY,Japanese yen,484375723158.77,4.11545490205611
G001,World,Q,2014-Q3,allocated,OTH,Other currencies,424043149389.042,3.60284459851928
G001,World,Q,2014-Q3,allocated,TOTAL,All currencies,11769676370813.2,100.0
G001,World,Q,2014-Q3,allocated,USD,U.S. dollar,7342597863847.08,62.3857244032257
G001,World,Q,2014-Q3,total,TOTAL,All currencies,11769676370813.2,
G001,World,Q,2014-Q3,unallocated,TOTAL,All currencies,0.0,0.0
G001,World,Q,2014-Q4,allocated,AUD,Australian dollar,209072045567.77,1.80218154275658
G001,World,Q,2014-Q4,allocated,CAD,Canadian dollar,266527747751.984,2.29744433947009
G001,World,Q,2014-Q4,allocated,CHF,Swiss franc,35631218389.5957,0.307137780917934
G001,World,Q,2014-Q4,allocated,EUR,Euro,2373228257070.91,20.4570063397365
G001,World,Q,2014-Q4,allocated,GBP,Pound sterling,546977427257.818,4.71489443283316
G001,World,Q,2014-Q4,allocated,JPY,Japanese yen,473494888566.105,4.08148179947288
G001,World,Q,2014-Q4,allocated,OTH,Other currencies,424365031776.367,3.65798701391084
G001,World,Q,2014-Q4,allocated,TOTAL,All currencies,11601053534705.4,100.0
G001,World,Q,2014-Q4,allocated,USD,U.S. dollar,7271756918324.83,62.681866750902
G001,World,Q,2014-Q4,total,TOTAL,All currencies,11601053534705.4,
G001,World,Q,2014-Q4,unallocated,TOTAL,All currencies,0.0,0.0
G001,World,Q,2015-Q1,allocated,AUD,Australian dollar,197948974263.723,1.73051500648751
G001,World,Q,2015-Q1,allocated,CAD,Canadian dollar,259819731119.445,2.27140325104553
G001,World,Q,2015-Q1,allocated,CHF,Swiss franc,36059866972.3628,0.315243567993841
G001,World,Q,2015-Q1,allocated,EUR,Euro,2254273382011.9,19.707371209207
G001,World,Q,2015-Q1,allocated,GBP,Pound sterling,544562382252.191,4.76068834385825
G001,World,Q,2015-Q1,allocated,JPY,Japanese yen,474402284952.087,4.14733279763199
G001,World,Q,2015-Q1,allocated,OTH,Other currencies,402418737876.285,3.51803623826253
G001,World,Q,2015-Q1,allocated,TOTAL,All currencies,11438732026109.8,100.0
G001,World,Q,2015-Q1,allocated,USD,U.S. dollar,7269246666661.83,63.5494095855134
G001,World,Q,2015-Q1,total,TOTAL,All currencies,11438732026109.8,
G001,World,Q,2015-Q1,unallocated,TOTAL,All currencies,0.0,0.0
G001,World,Q,2015-Q2,allocated,AUD,Australian dollar,206454343760.0,1.8015736
G001,World,Q,2015-Q2,allocated,CAD,Canadian dollar,256865077630.0,2.2414706
G001,World,Q,2015-Q2,allocated,CHF,Swiss franc,37685908230.0,0.3288569
G001,World,Q,2015-Q2,allocated,EUR,Euro,2261523066620.0,19.7346303
G001,World,Q,2015-Q2,allocated,GBP,Pound sterling,587155237140.0,5.1236672
G001,World,Q,2015-Q2,allocated,JPY,Japanese yen,441206998360.0,3.8500854
G001,World,Q,2015-Q2,allocated,OTH,Other currencies,395093434540.0,3.4476866
G001,World,Q,2015-Q2,allocated,TOTAL,All currencies,11459667741520.0,100.0
G001,World,Q,2015-Q2,allocated,USD,U.S. dollar,7273683675240.0,63.4720294
G001,World,Q,2015-Q2,total,TOTAL,All currencies,11459667741520.0,
G001,World,Q,2015-Q2,unallocated,TOTAL,All currencies,0.0,0.0
G001,World,Q,2015-Q3,allocated,AUD,Australian dollar,182136696190.0,1.6287052
G001,World,Q,2015-Q3,allocated,CAD,Canadian dollar,233199633060.0,2.0853209
G001,World,Q,2015-Q3,allocated,CHF,Swiss franc,31612471510.0,0.2826855
G001,World,Q,2015-Q3,allocated,EUR,Euro,2188787399880.0,19.5726043
G001,World,Q,2015-Q3,allocated,GBP,Pound sterling,564871586160.0,5.0512023
G001,World,Q,2015-Q3,allocated,JPY,Japanese yen,422878830150.0,3.7814728
G001,World,Q,2015-Q3,allocated,OTH,Other currencies,375849379890.0,3.3609254
G001,World,Q,2015-Q3,allocated,TOTAL,All currencies,11182913477870.0,100.0
G001,World,Q,2015-Q3,allocated,USD,U.S. dollar,7183577481030.0,64.2370836
G001,World,Q,2015-Q3,total,TOTAL,All currencies,11182913477870.0,
G001,World,Q,2015-Q3,unallocated,TOTAL,All currencies,0.0,0.0
G001,World,Q,2015-Q4,allocated,AUD,Australian dollar,199865466100.0,1.829566
G001,World,Q,2015-Q4,allocated,CAD,Canadian dollar,227773978940.0,2.0850402
G001,World,Q,2015-Q4,allocated,CHF,Swiss franc,30876959850.0,0.2826473
G001,World,Q,2015-Q4,allocated,EUR,Euro,2119355476120.0,19.4005537
G001,World,Q,2015-Q4,allocated,GBP,Pound sterling,565213933020.0,5.1739613
G001,World,Q,2015-Q4,allocated,JPY,Japanese yen,426029664130.0,3.8998703
G001,World,Q,2015-Q4,allocated,OTH,Other currencies,346769548170.0,3.1743241
G001,World,Q,2015-Q4,allocated,TOTAL,All currencies,10924200946140.0,100.0
G001,World,Q,2015-Q4,allocated,USD,U.S. dollar,7008315919810.0,64.154037
G001,World,Q,2015-Q4,total,TOTAL,All currencies,10924200946140.0,
G001,World,Q,2015-Q4,unallocated,TOTAL,All currencies,0.0,0.0
G001,World,Q,2016-Q1,allocated,AUD,Australian dollar,205681618350.0,1.8827546
G001,World,Q,2016-Q1,allocated,CAD,Canadian dollar,225925026400.0,2.0680573
G001,World,Q,2016-Q1,allocated,CHF,Swiss franc,23951847610.0,0.2192488
G001,World,Q,2016-Q1,allocated,EUR,Euro,2160632299470.0,19.7778506
G001,World,Q,2016-Q1,allocated,GBP,Pound sterling,547742609880.0,5.0138895
G001,World,Q,2016-Q1,allocated,JPY,Japanese yen,418207867760.0,3.828163
G001,World,Q,2016-Q1,allocated,OTH,Other currencies,358415382350.0,3.2808386
G001,World,Q,2016-Q1,allocated,TOTAL,All currencies,10924505122750.0,100.0
G001,World,Q,2016-Q1,allocated,USD,U.S. dollar,6983948470930.0,63.9291976
G001,World,Q,2016-Q1,total,TOTAL,All currencies,10924505122750.0,
G001,World,Q,2016-Q1,unallocated,TOTAL,All currencies,0.0,0.0
G001,World,Q,2016-Q2,allocated,AUD,Australian dollar,203409242920.0,1.8552647
G001,World,Q,2016-Q2,allocated,CAD,Canadian dollar,226289017110.0,2.0639476
G001,World,Q,2016-Q2,allocated,CHF,Swiss franc,22231891160.0,0.2027737
G001,World,Q,2016-Q2,allocated,EUR,Euro,2134906329470.0,19.4721547
G001,World,Q,2016-Q2,allocated,GBP,Pound sterling,534400502540.0,4.8741854
G001,World,Q,2016-Q2,allocated,JPY,Japanese yen,464639629260.0,4.2379071
G001,World,Q,2016-Q2,allocated,OTH,Other currencies,360544426800.0,3.2884707
G001,World,Q,2016-Q2,allocated,TOTAL,All currencies,10963893636440.0,100.0
G001,World,Q,2016-Q2,allocated,USD,U.S. dollar,7017472597180.0,64.0052962
G001,World,Q,2016-Q2,total,TOTAL,All currencies,10963893636440.0,
G001,World,Q,2016-Q2,unallocated,TOTAL,All currencies,0.0,0.0
G001,World,Q,2016-Q3,allocated,AUD,Australian dollar,213648991120.0,1.9438542
G001,World,Q,2016-Q3,allocated,CAD,Canadian dollar,230578679620.0,2.0978865
G001,World,Q,2016-Q3,allocated,CHF,Swiss franc,21650672260.0,0.1969855
G001,World,Q,2016-Q3,allocated,EUR,Euro,2147892700720.0,19.5422885
G001,World,Q,2016-Q3,allocated,GBP,Pound sterling,515360954710.0,4.6889365
G001,World,Q,2016-Q3,allocated,JPY,Japanese yen,474248055370.0,4.3148768
G001,World,Q,2016-Q3,allocated,OTH,Other currencies,376144187780.0,3.422293
G001,World,Q,2016-Q3,allocated,TOTAL,All currencies,10990998834930.0,100.0
G001,World,Q,2016-Q3,allocated,USD,U.S. dollar,7011474593350.0,63.7928791
G001,World,Q,2016-Q3,total,TOTAL,All currencies,10990998834930.0,
G001,World,Q,2016-Q3,unallocated,TOTAL,All currencies,0.0,0.0
G001,World,Q,2016-Q4,allocated,AUD,Australian dollar,200425360290.0,1.8701022
G001,World,Q,2016-Q4,allocated,CAD,Canadian dollar,228405779290.0,2.1311781
G001,World,Q,2016-Q4,allocated,CHF,Swiss franc,18780018890.0,0.1752301
G001,World,Q,2016-Q4,allocated,CNY,Chinese renminbi,106876710370.0,0.9972309
G001,World,Q,2016-Q4,allocated,EUR,Euro,2028548474730.0,18.9277091
G001,World,Q,2016-Q4,allocated,GBP,Pound sterling,500001404960.0,4.6653463
G001,World,Q,2016-Q4,allocated,JPY,Japanese yen,426691290000.0,3.9813141
G001,World,Q,2016-Q4,allocated,OTH,Other currencies,275641458410.0,2.5719185
G001,World,Q,2016-Q4,allocated,TOTAL,All currencies,10717348110240.0,100.0
G001,World,Q,2016-Q4,allocated,USD,U.S. dollar,6931977613300.0,64.6799707
G001,World,Q,2016-Q4,total,TOTAL,All currencies,10717348110240.0,
G001,World,Q,2016-Q4,unallocated,TOTAL,All currencies,0.0,0.0
G001,World,Q,2017-Q1,allocated,AUD,Australian dollar,213235884460.0,1.9563485
G001,World,Q,2017-Q1,allocated,CAD,Canadian dollar,226285000640.0,2.0760686
G001,World,Q,2017-Q1,allocated,CHF,Swiss franc,19208137170.0,0.1762265
G001,World,Q,2017-Q1,allocated,CNY,Chinese renminbi,112384834870.0,1.031083
G001,World,Q,2017-Q1,allocated,EUR,Euro,2072017769350.0,19.0098815
G001,World,Q,2017-Q1,allocated,GBP,Pound sterling,498006560200.0,4.5689983
G001,World,Q,2017-Q1,allocated,JPY,Japanese yen,485795479320.0,4.4569668
G001,World,Q,2017-Q1,allocated,OTH,Other currencies,273028147890.0,2.5049171
G001,World,Q,2017-Q1,allocated,TOTAL,All currencies,10899687980180.0,100.0
G001,World,Q,2017-Q1,allocated,USD,U.S. dollar,6999726166280.0,64.2195096
G001,World,Q,2017-Q1,total,TOTAL,All currencies,10899687980180.0,
G001,World,Q,2017-Q1,unallocated,TOTAL,All currencies,0.0,0.0
G001,World,Q,2017-Q2,allocated,AUD,Australian dollar,214845292350.0,1.932564
G001,World,Q,2017-Q2,allocated,CAD,Canadian dollar,232426108130.0,2.090706
G001,World,Q,2017-Q2,allocated,CHF,Swiss franc,19645578460.0,0.1767148
G001,World,Q,2017-Q2,allocated,CNY,Chinese renminbi,115627905810.0,1.0400895
G001,World,Q,2017-Q2,allocated,EUR,Euro,2188687806820.0,19.6875589
G001,World,Q,2017-Q2,allocated,GBP,Pound sterling,521000055010.0,4.6864698
G001,World,Q,2017-Q2,allocated,JPY,Japanese yen,504465654990.0,4.5377405
G001,World,Q,2017-Q2,allocated,OTH,Other currencies,259454316050.0,2.3338286
G001,World,Q,2017-Q2,allocated,TOTAL,All currencies,11117111160760.0,100.0
G001,World,Q,2017-Q2,allocated,USD,U.S. dollar,7060958443140.0,63.514328
G001,World,Q,2017-Q2,total,TOTAL,All currencies,11117111160760.0,
G001,World,Q,2017-Q2,unallocated,TOTAL,All currencies,0.0,0.0
G001,World,Q,2017-Q3,allocated,AUD,Australian dollar,219854518980.0,1.9469712
G001,World,Q,2017-Q3,allocated,CAD,Canadian dollar,240380978350.0,2.1287479
G001,World,Q,2017-Q3,allocated,CHF,Swiss franc,19446382310.0,0.1722118
G001,World,Q,2017-Q3,allocated,CNY,Chinese renminbi,123928688030.0,1.0974784
G001,World,Q,2017-Q3,allocated,EUR,Euro,2232663817450.0,19.771857
G001,World,Q,2017-Q3,allocated,GBP,Pound sterling,534625808580.0,4.7344992
G001,World,Q,2017-Q3,allocated,JPY,Japanese yen,501101113530.0,4.4376137
G001,World,Q,2017-Q3,allocated,OTH,Other currencies,271028100250.0,2.4001504
G001,World,Q,2017-Q3,allocated,TOTAL,All currencies,11292130096110.0,100.0
G001,World,Q,2017-Q3,allocated,USD,U.S. dollar,7149100688630.0,63.3104705
G001,World,Q,2017-Q3,total,TOTAL,All currencies,11292130096110.0,
G001,World,Q,2017-Q3,unallocated,TOTAL,All currencies,0.0,0.0
G001,World,Q,2017-Q4,allocated,AUD,Australian dollar,225334224160.0,1.9692428
G001,World,Q,2017-Q4,allocated,CAD,Canadian dollar,242674348710.0,2.1207818
G001,World,Q,2017-Q4,allocated,CHF,Swiss franc,20408109230.0,0.1783507
G001,World,Q,2017-Q4,allocated,CNY,Chinese renminbi,140712745510.0,1.229718
G001,World,Q,2017-Q4,allocated,EUR,Euro,2265390359800.0,19.7977191
G001,World,Q,2017-Q4,allocated,GBP,Pound sterling,542200067850.0,4.7383995
G001,World,Q,2017-Q4,allocated,JPY,Japanese yen,546623180990.0,4.777054
G001,World,Q,2017-Q4,allocated,OTH,Other currencies,283943005700.0,2.4814372
G001,World,Q,2017-Q4,allocated,TOTAL,All currencies,11442683613800.0,100.0
G001,World,Q,2017-Q4,allocated,USD,U.S. dollar,7175397571850.0,62.7072968
G001,World,Q,2017-Q4,total,TOTAL,All currencies,11442683613800.0,
G001,World,Q,2017-Q4,unallocated,TOTAL,All currencies,0.0,0.0
G001,World,Q,2018-Q1,allocated,AUD,Australian dollar,215403827980.0,1.8563273
G001,World,Q,2018-Q1,allocated,CAD,Canadian dollar,223340660960.0,1.9247261
G001,World,Q,2018-Q1,allocated,CHF,Swiss franc,19453027050.0,0.1676441
G001,World,Q,2018-Q1,allocated,CNY,Chinese renminbi,169429909240.0,1.460129
G001,World,Q,2018-Q1,allocated,EUR,Euro,2310578467080.0,19.9123199
G001,World,Q,2018-Q1,allocated,GBP,Pound sterling,552638199280.0,4.7625773
G001,World,Q,2018-Q1,allocated,JPY,Japanese yen,528084902950.0,4.5509796
G001,World,Q,2018-Q1,allocated,OTH,Other currencies,286344549950.0,2.4676869
G001,World,Q,2018-Q1,allocated,TOTAL,All currencies,11603763275650.0,100.0
G001,World,Q,2018-Q1,allocated,USD,U.S. dollar,7298489731160.0,62.8976097
G001,World,Q,2018-Q1,total,TOTAL,All currencies,11603763275650.0,
G001,World,Q,2018-Q1,unallocated,TOTAL,All currencies,0.0,0.0
G001,World,Q,2018-Q2,allocated,AUD,Australian dollar,211824859470.0,1.8480988
G001,World,Q,2018-Q2,allocated,CAD,Canadian dollar,223315668410.0,1.9483521
G001,World,Q,2018-Q2,allocated,CHF,Swiss franc,17582612190.0,0.1534022
G001,World,Q,2018-Q2,allocated,CNY,Chinese renminbi,219094874530.0,1.9115272
G001,World,Q,2018-Q2,allocated,EUR,Euro,2246341277480.0,19.5985523
G001,World,Q,2018-Q2,allocated,GBP,Pound sterling,524310151420.0,4.5744251
G001,World,Q,2018-Q2,allocated,JPY,Japanese yen,567229700150.0,4.9488834
G001,World,Q,2018-Q2,allocated,OTH,Other currencies,275259579840.0,2.4015448
G001,World,Q,2018-Q2,allocated,TOTAL,All currencies,11461771468870.0,100.0
G001,World,Q,2018-Q2,allocated,USD,U.S. dollar,7176812745380.0,62.6152141
G001,World,Q,2018-Q2,total,TOTAL,All currencies,11461771468870.0,
G001,World,Q,2018-Q2,unallocated,TOTAL,All currencies,0.0,0.0
G001,World,Q,2018-Q3,allocated,AUD,Australian dollar,209299818349.391,1.83626607950513
G001,World,Q,2018-Q3,allocated,CAD,Canadian dollar,226961848207.243,1.99122171481791
G001,World,Q,2018-Q3,allocated,CHF,Swiss franc,16978406890.5872,0.148957953729214
G001,World,Q,2018-Q3,allocated,CNY,Chinese renminbi,213379435556.459,1.87205809668787
G001,World,Q,2018-Q3,allocated,EUR,Euro,2247844708541.33,19.7211876381046
G001,World,Q,2018-Q3,allocated,GBP,Pound sterling,516598902377.073,4.53231660029944
G001,World,Q,2018-Q3,allocated,JPY,Japanese yen,576112319984.709,5.05445021173859
G001,World,Q,2018-Q3,allocated,OTH,Other currencies,284326310961.845,2.49450173654001
G001,World,Q,2018-Q3,allocated,TOTAL,All currencies,11398120386006.2,100.0
G001,World,Q,2018-Q3,allocated,USD,U.S. dollar,7106618635137.55,62.3490399685773
G001,World,Q,2018-Q3,total,TOTAL,All currencies,11398120386006.2,
G001,World,Q,2018-Q3,unallocated,TOTAL,All currencies,0.0,0.0
G001,World,Q,2018-Q4,allocated,AUD,Australian dollar,198716807756.666,1.73973294161817
G001,World,Q,2018-Q4,allocated,CAD,Canadian dollar,210706592735.003,1.84470153549411
G001,World,Q,2018-Q4,allocated,CHF,Swiss franc,15259184783.0309,0.133591650998063
G001,World,Q,2018-Q4,allocated,CNY,Chinese renminbi,223820493668.014,1.95951157951522
G001,World,Q,2018-Q4,allocated,EUR,Euro,2287938885628.34,20.0305283316089
G001,World,Q,2018-Q4,allocated,GBP,Pound sterling,515219197609.428,4.51065926608886
G001,World,Q,2018-Q4,allocated,JPY,Japanese yen,581443056333.668,5.09043824827092
G001,World,Q,2018-Q4,allocated,OTH,Other currencies,299927233998.645,2.62581356336408
G001,World,Q,2018-Q4,allocated,TOTAL,All currencies,11422259302156.7,100.0
G001,World,Q,2018-Q4,allocated,USD,U.S. dollar,7089227849643.91,62.0650228830416
G001,World,Q,2018-Q4,total,TOTAL,All currencies,11422259302156.7,
G001,World,Q,2018-Q4,unallocated,TOTAL,All currencies,0.0,0.0
G001,World,Q,2019-Q1,allocated,AUD,Australian dollar,207889090340.346,1.79182481777985
G001,World,Q,2019-Q1,allocated,CAD,Canadian dollar,228195179229.087,1.96684580595833
G001,World,Q,2019-Q1,allocated,CHF,Swiss franc,14854344837.2501,0.128031652299165
G001,World,Q,2019-Q1,allocated,CNY,Chinese renminbi,230050132393.582,1.98283390379703
G001,World,Q,2019-Q1,allocated,EUR,Euro,2267491219198.69,19.5438203804079
G001,World,Q,2019-Q1,allocated,GBP,Pound sterling,532289027677.186,4.58787273763345
G001,World,Q,2019-Q1,allocated,JPY,Japanese yen,628630967048.688,5.41825723581121
G001,World,Q,2019-Q1,allocated,OTH,Other currencies,275421434992.08,2.37389543510631
G001,World,Q,2019-Q1,allocated,TOTAL,All currencies,11602087898186.9,100.0
G001,World,Q,2019-Q1,allocated,USD,U.S. dollar,7217266502469.99,62.2066180312068
G001,World,Q,2019-Q1,total,TOTAL,All currencies,11602087898186.9,
G001,World,Q,2019-Q1,unallocated,TOTAL,All currencies,0.0,0.0
G001,World,Q,2019-Q2,allocated,AUD,Australian dollar,212398384865.659,1.81073854363856
G001,World,Q,2019-Q2,allocated,CAD,Canadian dollar,228637338149.095,1.9491788554011
G001,World,Q,2019-Q2,allocated,CHF,Swiss franc,15122560172.0215,0.128922838086986
G001,World,Q,2019-Q2,allocated,CNY,Chinese renminbi,232074367256.232,1.97848021324259
G001,World,Q,2019-Q2,allocated,EUR,Euro,2326030463959.81,19.8298730822905
G001,World,Q,2019-Q2,allocated,GBP,Pound sterling,531452337422.417,4.53073704908933
G001,World,Q,2019-Q2,allocated,JPY,Japanese yen,661361978078.715,5.63824261545876
G001,World,Q,2019-Q2,allocated,OTH,Other currencies,281771279443.829,2.40215628994542
G001,World,Q,2019-Q2,allocated,TOTAL,All currencies,11729931171557.1,100.0
G001,World,Q,2019-Q2,allocated,USD,U.S. dollar,7241082462209.36,61.7316705128468
G001,World,Q,2019-Q2,total,TOTAL,All currencies,11729931171557.1,
G001,World,Q,2019-Q2,unallocated,TOTAL,All currencies,0.0,0.0
G001,World,Q,2019-Q3,allocated,AUD,Australian dollar,207749976941.682,1.78411712543133
G001,World,Q,2019-Q3,allocated,CAD,Canadian dollar,223202366692.443,1.91681929747976
G001,World,Q,2019-Q3,allocated,CHF,Swiss franc,15799965455.6434,0.135687085821192
G001,World,Q,2019-Q3,allocated,CNY,Chinese renminbi,233263883721.223,2.00322568415245
G001,World,Q,2019-Q3,allocated,EUR,Euro,2274848046351.82,19.5359605666266
G001,World,Q,2019-Q3,allocated,GBP,Pound sterling,526288261518.088,4.51966307823698
G001,World,Q,2019-Q3,allocated,JPY,Japanese yen,665879604811.171,5.71844687497869
G001,World,Q,2019-Q3,allocated,OTH,Other currencies,272014697869.22,2.33601027534042
G001,World,Q,2019-Q3,allocated,TOTAL,All currencies,11644413585876.9,100.0
G001,World,Q,2019-Q3,allocated,USD,U.S. dollar,7225366782515.6,62.0500700119326
G001,World,Q,2019-Q3,total,TOTAL,All currencies,11644413585876.9,
G001,World,Q,2019-Q3,unallocated,TOTAL,All currencies,0.0,0.0
G001,World,Q,2019-Q4,allocated,AUD,Australian dollar,217160254256.825,1.83794324888231
G001,World,Q,2019-Q4,allocated,CAD,Canadian dollar,223900245388.06,1.89498739464266
G001,World,Q,2019-Q4,allocated,CHF,Swiss franc,16762161578.4796,0.141867128564908
G001,World,Q,2019-Q4,allocated,CNY,Chinese renminbi,239353954793.862,2.0257803934342
G001,World,Q,2019-Q4,allocated,EUR,Euro,2342353466200.82,19.8245887786098
G001,World,Q,2019-Q4,allocated,GBP,Pound sterling,552287489681.632,4.67430408283664
G001,World,Q,2019-Q4,allocated,JPY,Japanese yen,687933315651.346,5.82234717632673
G001,World,Q,2019-Q4,allocated,OTH,Other currencies,290413751148.279,2.45792672849937
G001,World,Q,2019-Q4,allocated,TOTAL,All currencies,11815394974185.6,100.0
G001,World,Q,2019-Q4,allocated,USD,U.S. dollar,7245230335486.3,61.3202550682034
G001,World,Q,2019-Q4,total,TOTAL,All currencies,11815394974185.6,
G001,World,Q,2019-Q4,unallocated,TOTAL,All currencies,0.0,0.0
G001,World,Q,2020-Q1,allocated,AUD,Australian dollar,192905779043.122,1.65050857965116
G001,World,Q,2020-Q1,allocated,CAD,Canadian dollar,213657352224.078,1.82805976420521
G001,World,Q,2020-Q1,allocated,CHF,Swiss franc,15877562592.114,0.135848979808814
G001,World,Q,2020-Q1,allocated,CNY,Chinese renminbi,238553294928.516,2.04107031907819
G001,World,Q,2020-Q1,allocated,EUR,Euro,2259123405845.6,19.3291387242754
G001,World,Q,2020-Q1,allocated,GBP,Pound sterling,519359810917.402,4.44366067256886
G001,World,Q,2020-Q1,allocated,JPY,Japanese yen,709629713658.769,6.07161660256627
G001,World,Q,2020-Q1,allocated,OTH,Other currencies,254661673427.653,2.17889416784505
G001,World,Q,2020-Q1,allocated,TOTAL,All currencies,11687656848405.6,100.0
G001,World,Q,2020-Q1,allocated,USD,U.S. dollar,7283888255768.37,62.3212021900011
G001,World,Q,2020-Q1,total,TOTAL,All currencies,11687656848405.6,
G001,World,Q,2020-Q1,unallocated,TOTAL,All currencies,0.0,0.0
G001,World,Q,2020-Q2,allocated,AUD,Australian dollar,218649022439.817,1.81942097769368
G001,World,Q,2020-Q2,allocated,CAD,Canadian dollar,235451220711.474,1.95923533252454
G001,World,Q,2020-Q2,allocated,CHF,Swiss franc,17352293190.5818,0.144391801480502
G001,World,Q,2020-Q2,allocated,CNY,Chinese renminbi,252290136823.83,2.09935522363852
G001,World,Q,2020-Q2,allocated,EUR,Euro,2340919793651.01,19.4792482131464
G001,World,Q,2020-Q2,allocated,GBP,Pound sterling,543691673852.784,4.52416400387715
G001,World,Q,2020-Q2,allocated,JPY,Japanese yen,688952480888.063,5.73290738908688
G001,World,Q,2020-Q2,allocated,OTH,Other currencies,284330710696.281,2.36597106115926
G001,World,Q,2020-Q2,allocated,TOTAL,All currencies,12017505850514.0,100.0
G001,World,Q,2020-Q2,allocated,USD,U.S. dollar,7435868518260.13,61.875305997393
G001,World,Q,2020-Q2,total,TOTAL,All currencies,12017505850514.0,
G001,World,Q,2020-Q2,unallocated,TOTAL,All currencies,0.0,0.0
G001,World,Q,2020-Q3,allocated,AUD,Australian dollar,229705557508.48,1.87607662223341
G001,World,Q,2020-Q3,allocated,CAD,Canadian dollar,253227903521.902,2.06819092688726
G001,World,Q,2020-Q3,allocated,CHF,Swiss franc,19443566649.4255,0.158801646940901
G001,World,Q,2020-Q3,allocated,CNY,Chinese renminbi,268705444491.931,2.1946008104725
G001,World,Q,2020-Q3,allocated,EUR,Euro,2432790350690.33,19.8693542865485
G001,World,Q,2020-Q3,allocated,GBP,Pound sterling,562957431784.763,4.5978481693677
G001,World,Q,2020-Q3,allocated,JPY,Japanese yen,713055603713.646,5.82374655184524
G001,World,Q,2020-Q3,allocated,OTH,Other currencies,294435630348.802,2.40474722876286
G001,World,Q,2020-Q3,allocated,TOTAL,All currencies,12243932619075.2,100.0
G001,World,Q,2020-Q3,allocated,USD,U.S. dollar,7469611130365.9,61.0066337569416
G001,World,Q,2020-Q3,total,TOTAL,All currencies,12243932619075.2,
G001,World,Q,2020-Q3,unallocated,TOTAL,All currencies,0.0,0.0
G001,World,Q,2020-Q4,allocated,AUD,Australian dollar,251447616018.35,1.98084877918702
G001,World,Q,2020-Q4,allocated,CAD,Canadian dollar,269666761815.008,2.12437518552411
G001,World,Q,2020-Q4,allocated,CHF,Swiss franc,20877608302.3238,0.164469186754926
G001,World,Q,2020-Q4,allocated,CNY,Chinese renminbi,294824810395.082,2.32256473532254
G001,World,Q,2020-Q4,allocated,EUR,Euro,2609668740231.57,20.5583939113306
G001,World,Q,2020-Q4,allocated,GBP,Pound sterling,604217789363.253,4.75989428484355
G001,World,Q,2020-Q4,allocated,JPY,Japanese yen,766390570049.308,6.0374556303283
G001,World,Q,2020-Q4,allocated,OTH,Other currencies,320359595859.767,2.52372213508422
G001,World,Q,2020-Q4,allocated,TOTAL,All currencies,12693932957444.1,100.0
G001,World,Q,2020-Q4,allocated,USD,U.S. dollar,7556479465409.42,59.5282761516248
G001,World,Q,2020-Q4,total,TOTAL,All currencies,12693932957444.1,
G001,World,Q,2020-Q4,unallocated,TOTAL,All currencies,0.0,0.0
G001,World,Q,2021-Q1,allocated,AUD,Australian dollar,251251947720.338,1.9988725305169
G001,World,Q,2021-Q1,allocated,CAD,Canadian dollar,276320318656.437,2.19830771302443
G001,World,Q,2021-Q1,allocated,CHF,Swiss franc,19571743702.8731,0.15570594065816
G001,World,Q,2021-Q1,allocated,CNY,Chinese renminbi,317269268654.91,2.52408322261994
G001,World,Q,2021-Q1,allocated,EUR,Euro,2483850385742.97,19.7606440508144
G001,World,Q,2021-Q1,allocated,GBP,Pound sterling,596628071306.576,4.74656405051008
G001,World,Q,2021-Q1,allocated,JPY,Japanese yen,733412402253.924,5.83477229811387
G001,World,Q,2021-Q1,allocated,OTH,Other currencies,341666610280.618,2.71817993086734
G001,World,Q,2021-Q1,allocated,TOTAL,All currencies,12569683353213.4,100.0
G001,World,Q,2021-Q1,allocated,USD,U.S. dollar,7549712604894.73,60.0628702628749
G001,World,Q,2021-Q1,total,TOTAL,All currencies,12569683353213.4,
G001,World,Q,2021-Q1,unallocated,TOTAL,All currencies,0.0,0.0
G001,World,Q,2021-Q2,allocated,AUD,Australian dollar,254840593442.121,1.99142410185545
G001,World,Q,2021-Q2,allocated,CAD,Canadian dollar,298505687970.439,2.3326402341795
G001,World,Q,2021-Q2,allocated,CHF,Swiss franc,23961159486.7173,0.187241874874571
G001,World,Q,2021-Q2,allocated,CNY,Chinese renminbi,339092715470.22,2.64980314646918
G001,World,Q,2021-Q2,allocated,EUR,Euro,2538734651589.36,19.8386658306809
G001,World,Q,2021-Q2,allocated,GBP,Pound sterling,608917879802.896,4.7583225478778
G001,World,Q,2021-Q2,allocated,JPY,Japanese yen,710861864670.117,5.5549527305409
G001,World,Q,2021-Q2,allocated,OTH,Other currencies,363549833800.434,2.84092063778746
G001,World,Q,2021-Q2,allocated,TOTAL,All currencies,12796902136751.4,100.0
G001,World,Q,2021-Q2,allocated,USD,U.S. dollar,7658437750519.06,59.8460288957343
G001,World,Q,2021-Q2,total,TOTAL,All currencies,12796902136751.4,
G001,World,Q,2021-Q2,unallocated,TOTAL,All currencies,0.0,0.0
G001,World,Q,2021-Q3,allocated,AUD,Australian dollar,250883528109.185,1.95653185907574
G001,World,Q,2021-Q3,allocated,CAD,Canadian dollar,290483657397.078,2.26535609779405
G001,World,Q,2021-Q3,allocated,CHF,Swiss franc,23992907219.8243,0.187110280699676
G001,World,Q,2021-Q3,allocated,CNY,Chinese renminbi,347942077367.857,2.71344940265246
G001,World,Q,2021-Q3,allocated,EUR,Euro,2535753987738.41,19.7752459126348
G001,World,Q,2021-Q3,allocated,GBP,Pound sterling,607955989968.029,4.74118517167343
G001,World,Q,2021-Q3,allocated,JPY,Japanese yen,723373513452.071,5.64127639525457
G001,World,Q,2021-Q3,allocated,OTH,Other currencies,365244606463.995,2.84838432514145
G001,World,Q,2021-Q3,allocated,TOTAL,All currencies,12822869555914.2,100.0
G001,World,Q,2021-Q3,allocated,USD,U.S. dollar,7677239288197.73,59.8714605550738
G001,World,Q,2021-Q3,total,TOTAL,All currencies,12822869555914.2,
G001,World,Q,2021-Q3,unallocated,TOTAL,All currencies,0.0,0.0
G001,World,Q,2021-Q4,allocated,AUD,Australian dollar,258935860358.432,2.00505886277357
G001,World,Q,2021-Q4,allocated,CAD,Canadian dollar,314203678906.607,2.43302287383323
G001,World,Q,2021-Q4,allocated,CHF,Swiss franc,20947844579.2416,0.1622087468745
G001,World,Q,2021-Q4,allocated,CNY,Chinese renminbi,368264229937.178,2.85163846002599
G001,World,Q,2021-Q4,allocated,EUR,Euro,2558983744830.01,19.8153821960483
G001,World,Q,2021-Q4,allocated,GBP,Pound sterling,630272353471.227,4.88048726251867
G001,World,Q,2021-Q4,allocated,JPY,Japanese yen,710809093257.225,5.5041200944612
G001,World,Q,2021-Q4,allocated,OTH,Other currencies,380392224192.229,2.94555106963941
G001,World,Q,2021-Q4,allocated,TOTAL,All currencies,12914127618191.2,100.0
G001,World,Q,2021-Q4,allocated,USD,U.S. dollar,7671318588659.05,59.4025304338252
G001,World,Q,2021-Q4,total,TOTAL,All currencies,12914127618191.2,
G001,World,Q,2021-Q4,unallocated,TOTAL,All currencies,0.0,0.0
G001,World,Q,2022-Q1,allocated,AUD,Australian dollar,258382969078.225,2.06531095504761
G001,World,Q,2022-Q1,allocated,CAD,Canadian dollar,319973448076.698,2.55761694908142
G001,World,Q,2022-Q1,allocated,CHF,Swiss franc,30035162606.8435,0.240077540278435
G001,World,Q,2022-Q1,allocated,CNY,Chinese renminbi,356473876664.848,2.84937262535095
G001,World,Q,2022-Q1,allocated,EUR,Euro,2399169566982.36,19.1770801544189
G001,World,Q,2022-Q1,allocated,GBP,Pound sterling,613716442891.639,4.90556812286377
G001,World,Q,2022-Q1,allocated,JPY,Japanese yen,701252166780.977,5.60525989532471
G001,World,Q,2022-Q1,allocated,OTH,Other currencies,398113892565.996,3.18221020698547
G001,World,Q,2022-Q1,allocated,TOTAL,All currencies,12510609114106.9,100.0
G001,World,Q,2022-Q1,allocated,USD,U.S. dollar,7433491588459.33,59.4175033569336
G001,World,Q,2022-Q1,total,TOTAL,All currencies,12510609114106.9,
G001,World,Q,2022-Q1,unallocated,TOTAL,All currencies,0.0,0.0
G001,World,Q,2022-Q2,allocated,AUD,Australian dollar,247171879332.521,2.06404638290405
G001,World,Q,2022-Q2,allocated,CAD,Canadian dollar,311050363951.23,2.59747362136841
G001,World,Q,2022-Q2,allocated,CHF,Swiss franc,27909078242.9931,0.233059018850327
G001,World,Q,2022-Q2,allocated,CNY,Chinese renminbi,332975207677.373,2.78056025505066
G001,World,Q,2022-Q2,allocated,EUR,Euro,2275393516645.54,19.0010204315186
G001,World,Q,2022-Q2,allocated,GBP,Pound sterling,585214864555.139,4.88692617416382
G001,World,Q,2022-Q2,allocated,JPY,Japanese yen,643415901630.897,5.37294244766235
G001,World,Q,2022-Q2,allocated,OTH,Other currencies,367492357421.26,3.0688009262085
G001,World,Q,2022-Q2,allocated,TOTAL,All currencies,11975111980171.4,100.0
G001,World,Q,2022-Q2,allocated,USD,U.S. dollar,7184488810714.44,59.9951705932617
G001,World,Q,2022-Q2,total,TOTAL,All currencies,11975111980171.4,
G001,World,Q,2022-Q2,unallocated,TOTAL,All currencies,0.0,0.0
G001,World,Q,2022-Q3,allocated,AUD,Australian dollar,252130159141.838,2.18976640701294
G001,World,Q,2022-Q3,allocated,CAD,Canadian dollar,296961151137.989,2.57912635803223
G001,World,Q,2022-Q3,allocated,CHF,Swiss franc,25255614483.7581,0.219346597790718
G001,World,Q,2022-Q3,allocated,CNY,Chinese renminbi,300905281503.587,2.61338138580322
G001,World,Q,2022-Q3,allocated,EUR,Euro,2170413562004.07,18.8501777648926
G001,World,Q,2022-Q3,allocated,GBP,Pound sterling,546981691603.478,4.75057029724121
G001,World,Q,2022-Q3,allocated,JPY,Japanese yen,589782364227.2,5.12229681015015
G001,World,Q,2022-Q3,allocated,OTH,Other currencies,373272250324.083,3.24189305305481
G001,World,Q,2022-Q3,allocated,TOTAL,All currencies,11514021184924.3,100.0
G001,World,Q,2022-Q3,allocated,USD,U.S. dollar,6958319110498.27,60.4334411621094
G001,World,Q,2022-Q3,total,TOTAL,All currencies,11514021184924.3,
G001,World,Q,2022-Q3,unallocated,TOTAL,All currencies,0.0,0.0
G001,World,Q,2022-Q4,allocated,AUD,Australian dollar,266153064762.163,2.23950481414795
G001,World,Q,2022-Q4,allocated,CAD,Canadian dollar,295603787601.854,2.48731350898743
G001,World,Q,2022-Q4,allocated,CHF,Swiss franc,26136084265.6009,0.219918146729469
G001,World,Q,2022-Q4,allocated,CNY,Chinese renminbi,303112537676.202,2.5504949092865
G001,World,Q,2022-Q4,allocated,EUR,Euro,2344771873605.8,19.7297306060791
G001,World,Q,2022-Q4,allocated,GBP,Pound sterling,599378140582.87,5.04337692260742
G001,World,Q,2022-Q4,allocated,JPY,Japanese yen,646590956391.612,5.44064235687256
G001,World,Q,2022-Q4,allocated,OTH,Other currencies,396614340871.514,3.33725166320801
G001,World,Q,2022-Q4,allocated,TOTAL,All currencies,11884460095608.2,100.0
G001,World,Q,2022-Q4,allocated,USD,U.S. dollar,7006099309850.61,58.9517669677734
G001,World,Q,2022-Q4,total,TOTAL,All currencies,11884460095608.2,
G001,World,Q,2022-Q4,unallocated,TOTAL,All currencies,0.0,0.0
G001,World,Q,2023-Q1,allocated,AUD,Australian dollar,230584717385.235,1.92138850688934
G001,World,Q,2023-Q1,allocated,CAD,Canadian dollar,281931025111.202,2.34924077987671
G001,World,Q,2023-Q1,allocated,CHF,Swiss franc,30909346137.122,0.257557660341263
G001,World,Q,2023-Q1,allocated,CNY,Chinese renminbi,312875457115.469,2.60709095001221
G001,World,Q,2023-Q1,allocated,EUR,Euro,2250167709945.0,18.7499256134033
G001,World,Q,2023-Q1,allocated,GBP,Pound sterling,556192505033.855,4.6345739364624
G001,World,Q,2023-Q1,allocated,JPY,Japanese yen,645104459704.716,5.37544870376587
G001,World,Q,2023-Q1,allocated,OTH,Other currencies,477838489737.286,3.98167490959168
G001,World,Q,2023-Q1,allocated,TOTAL,All currencies,12000941803350.4,100.0
G001,World,Q,2023-Q1,allocated,USD,U.S. dollar,7215338093180.53,60.1231002807617
G001,World,Q,2023-Q1,total,TOTAL,All currencies,12000941803350.4,
G001,World,Q,2023-Q1,unallocated,TOTAL,All currencies,0.0,0.0
G001,World,Q,2023-Q2,allocated,AUD,Australian dollar,228411365435.579,1.8989382982254
G001,World,Q,2023-Q2,allocated,CAD,Canadian dollar,296683621526.344,2.46653175354004
G001,World,Q,2023-Q2,allocated,CHF,Swiss franc,23395385226.2183,0.194501668214798
G001,World,Q,2023-Q2,allocated,CNY,Chinese renminbi,297677270520.502,2.47479271888733
G001,World,Q,2023-Q2,allocated,EUR,Euro,2275737707195.78,18.9197483062744
G001,World,Q,2023-Q2,allocated,GBP,Pound sterling,564939156737.311,4.69672155380249
G001,World,Q,2023-Q2,allocated,JPY,Japanese yen,658985531419.78,5.47859287261963
G001,World,Q,2023-Q2,allocated,OTH,Other currencies,487402367705.143,4.05210590362549
G001,World,Q,2023-Q2,allocated,TOTAL,All currencies,12028372412729.8,100.0
G001,World,Q,2023-Q2,allocated,USD,U.S. dollar,7195140006963.09,59.8180694580078
G001,World,Q,2023-Q2,total,TOTAL,All currencies,12028372412729.8,
G001,World,Q,2023-Q2,unallocated,TOTAL,All currencies,0.0,0.0
G001,World,Q,2023-Q3,allocated,AUD,Australian dollar,232664435844.984,1.96841478347778
G001,World,Q,2023-Q3,allocated,CAD,Canadian dollar,286032161611.438,2.41992259025574
G001,World,Q,2023-Q3,allocated,CHF,Swiss franc,22371653179.5593,0.18927127122879
G001,World,Q,2023-Q3,allocated,CNY,Chinese renminbi,287832200658.413,2.43515157699585
G001,World,Q,2023-Q3,allocated,EUR,Euro,2234019993920.79,18.9005165100098
G001,World,Q,2023-Q3,allocated,GBP,Pound sterling,571024485634.156,4.83104801177979
G001,World,Q,2023-Q3,allocated,JPY,Japanese yen,616554661278.993,5.21624755859375
G001,World,Q,2023-Q3,allocated,OTH,Other currencies,514120098275.274,4.34961891174316
G001,World,Q,2023-Q3,allocated,TOTAL,All currencies,11819888460196.0,100.0
G001,World,Q,2023-Q3,allocated,USD,U.S. dollar,7055268769792.38,59.6898078918457
G001,World,Q,2023-Q3,total,TOTAL,All currencies,11819888460196.0,
G001,World,Q,2023-Q3,unallocated,TOTAL,All currencies,0.0,0.0
G001,World,Q,2023-Q4,allocated,AUD,Australian dollar,257087165004.811,2.08758854866028
G001,World,Q,2023-Q4,allocated,CAD,Canadian dollar,309452815259.973,2.51280570030212
G001,World,Q,2023-Q4,allocated,CHF,Swiss franc,24556527490.5552,0.199402883648872
G001,World,Q,2023-Q4,allocated,CNY,Chinese renminbi,287991128142.53,2.33853340148926
G001,World,Q,2023-Q4,allocated,EUR,Euro,2365617474294.95,19.2091884613037
G001,World,Q,2023-Q4,allocated,GBP,Pound sterling,589550966305.422,4.78724718093872
G001,World,Q,2023-Q4,allocated,JPY,Japanese yen,670107662151.317,5.4413800239563
G001,World,Q,2023-Q4,allocated,OTH,Other currencies,547309031118.351,4.44423580169678
G001,World,Q,2023-Q4,allocated,TOTAL,All currencies,12315031040251.1,100.0
G001,World,Q,2023-Q4,allocated,USD,U.S. dollar,7263358270483.21,58.9796180725098
G001,World,Q,2023-Q4,total,TOTAL,All currencies,12315031040251.1,
G001,World,Q,2023-Q4,unallocated,TOTAL,All currencies,0.0,0.0
G001,World,Q,2024-Q1,allocated,AUD,Australian dollar,260242019327.504,2.10727906227112
G001,World,Q,2024-Q1,allocated,CAD,Canadian dollar,308947518720.655,2.50166630744934
G001,World,Q,2024-Q1,allocated,CHF,Swiss franc,24283970957.4547,0.196636602282524
G001,World,Q,2024-Q1,allocated,CNY,Chinese renminbi,263937303974.705,2.1372013092041
G001,World,Q,2024-Q1,allocated,EUR,Euro,2330668021159.99,18.8723106384277
G001,World,Q,2024-Q1,allocated,GBP,Pound sterling,595535469663.042,4.82227849960327
G001,World,Q,2024-Q1,allocated,JPY,Japanese yen,674699133655.573,5.46329689025879
G001,World,Q,2024-Q1,allocated,OTH,Other currencies,541897987640.134,4.38795518875122
G001,World,Q,2024-Q1,allocated,TOTAL,All currencies,12349669922393.4,100.0
G001,World,Q,2024-Q1,allocated,USD,U.S. dollar,7349458497294.33,59.5113754272461
G001,World,Q,2024-Q1,total,TOTAL,All currencies,12349669922393.4,
G001,World,Q,2024-Q1,unallocated,TOTAL,All currencies,0.0,0.0
G001,World,Q,2024-Q2,allocated,AUD,Australian dollar,269443650731.582,2.18794274330139
G001,World,Q,2024-Q2,allocated,CAD,Canadian dollar,327520486826.63,2.65953969955444
G001,World,Q,2024-Q2,allocated,CHF,Swiss franc,24335267925.4305,0.197607830166817
G001,World,Q,2024-Q2,allocated,CNY,Chinese renminbi,255709414278.755,2.07641768455505
G001,World,Q,2024-Q2,allocated,EUR,Euro,2318158871514.55,18.8239688873291
G001,World,Q,2024-Q2,allocated,GBP,Pound sterling,588202321754.443,4.77633476257324
G001,World,Q,2024-Q2,allocated,JPY,Japanese yen,679624491592.25,5.5187029838562
G001,World,Q,2024-Q2,allocated,OTH,Other currencies,602879932683.881,4.89552021026611
G001,World,Q,2024-Q2,allocated,TOTAL,All currencies,12314931094536.4,100.0
G001,World,Q,2024-Q2,allocated,USD,U.S. dollar,7249056657228.83,58.8639640808106
G001,World,Q,2024-Q2,total,TOTAL,All currencies,12314931094536.4,
G001,World,Q,2024-Q2,unallocated,TOTAL,All currencies,0.0,0.0
G001,World,Q,2024-Q3,allocated,AUD,Australian dollar,284972372581.812,2.23912620544434
G001,World,Q,2024-Q3,allocated,CAD,Canadian dollar,351240456703.259,2.75981760025024
G001,World,Q,2024-Q3,allocated,CHF,Swiss franc,25140294858.1934,0.19753597676754
G001,World,Q,2024-Q3,allocated,CNY,Chinese renminbi,269410068687.974,2.11684799194336
G001,World,Q,2024-Q3,allocated,EUR,Euro,2437412251912.45,19.15159034729
G001,World,Q,2024-Q3,allocated,GBP,Pound sterling,617878624285.082,4.85488557815552
G001,World,Q,2024-Q3,allocated,JPY,Japanese yen,719413874310.835,5.65268325805664
G001,World,Q,2024-Q3,allocated,OTH,Other currencies,659683560130.403,5.18336153030396
G001,World,Q,2024-Q3,allocated,TOTAL,All currencies,12726944920281.4,100.0
G001,World,Q,2024-Q3,allocated,USD,U.S. dollar,7361793416811.41,57.8441505432129
G001,World,Q,2024-Q3,total,TOTAL,All currencies,12726944920281.4,
G001,World,Q,2024-Q3,unallocated,TOTAL,All currencies,0.0,0.0
G001,World,Q,2024-Q4,allocated,AUD,Australian dollar,251065325486.428,2.0361864566803
G001,World,Q,2024-Q4,allocated,CAD,Canadian dollar,350581092403.093,2.8432776927948
G001,World,Q,2024-Q4,allocated,CHF,Swiss franc,27033920609.2146,0.219250112771988
G001,World,Q,2024-Q4,allocated,CNY,Chinese renminbi,254643469471.343,2.06520581245422
G001,World,Q,2024-Q4,allocated,EUR,Euro,2331670999542.63,18.9102840423584
G001,World,Q,2024-Q4,allocated,GBP,Pound sterling,566897420198.302,4.59764337539673
G001,World,Q,2024-Q4,allocated,JPY,Japanese yen,695458253090.187,5.64029550552368
G001,World,Q,2024-Q4,allocated,OTH,Other currencies,650986466069.034,5.27962112426758
G001,World,Q,2024-Q4,allocated,TOTAL,All currencies,12330174088808.9,100.0
G001,World,Q,2024-Q4,allocated,USD,U.S. dollar,7201837141938.64,58.4082374572754
G001,World,Q,2024-Q4,total,TOTAL,All currencies,12330174088808.9,
G001,World,Q,2024-Q4,unallocated,TOTAL,All currencies,0.0,0.0
G001,World,Q,2025-Q1,allocated,AUD,Australian dollar,249165028743.802,1.99325788021088
G001,World,Q,2025-Q1,allocated,CAD,Canadian dollar,329658732207.748,2.63718724250794
G001,World,Q,2025-Q1,allocated,CHF,Swiss franc,28467699522.3473,0.227734461426735
G001,World,Q,2025-Q1,allocated,CNY,Chinese renminbi,245529673807.255,1.96417593955994
G001,World,Q,2025-Q1,allocated,EUR,Euro,2388699980850.24,19.109001159668
G001,World,Q,2025-Q1,allocated,GBP,Pound sterling,576346442826.503,4.61062717437744
G001,World,Q,2025-Q1,allocated,JPY,Japanese yen,720165493228.881,5.76114368438721
G001,World,Q,2025-Q1,allocated,OTH,Other currencies,664139575233.857,5.31295013427734
G001,World,Q,2025-Q1,allocated,TOTAL,All currencies,12500391229250.5,100.0
G001,World,Q,2025-Q1,allocated,USD,U.S. dollar,7298218602829.81,58.3839225769043
G001,World,Q,2025-Q1,total,TOTAL,All currencies,12500391229250.5,
G001,World,Q,2025-Q1,unallocated,TOTAL,All currencies,0.0,0.0
G001,World,Q,2025-Q2,allocated,AUD,Australian dollar,266590403451.264,2.06003737449646
G001,World,Q,2025-Q2,allocated,CAD,Canadian dollar,340572594385.406,2.63172364234924
G001,World,Q,2025-Q2,allocated,CHF,Swiss franc,28149840736.2446,0.21752367913723
G001,World,Q,2025-Q2,allocated,CNY,Chinese renminbi,255893826465.059,1.97738122940064
G001,World,Q,2025-Q2,allocated,EUR,Euro,2622459716935.11,20.2646656036377
G001,World,Q,2025-Q2,allocated,GBP,Pound sterling,610240025035.435,4.7155385017395
G001,World,Q,2025-Q2,allocated,JPY,Japanese yen,733662273120.696,5.66926527023315
G001,World,Q,2025-Q2,allocated,OTH,Other currencies,714492471729.462,5.52113342285156
G001,World,Q,2025-Q2,allocated,TOTAL,All currencies,12941046689251.2,100.0
G001,World,Q,2025-Q2,allocated,USD,U.S. dollar,7368985537392.53,56.9427337646484
G001,World,Q,2025-Q2,total,TOTAL,All currencies,12941046689251.2,
G001,World,Q,2025-Q2,unallocated,TOTAL,All currencies,0.0,0.0
G001,World,Q,2025-Q3,allocated,AUD,Australian dollar,268544178763.162,2.06034231185913
G001,World,Q,2025-Q3,allocated,CAD,Canadian dollar,347698826142.695,2.66763782501221
G001,World,Q,2025-Q3,allocated,CHF,Swiss franc,28921699662.9073,0.221894979476929
G001,World,Q,2025-Q3,allocated,CNY,Chinese renminbi,253725216724.873,1.94664740562439
G001,World,Q,2025-Q3,allocated,EUR,Euro,2670251202652.89,20.4868774414063
G001,World,Q,2025-Q3,allocated,GBP,Pound sterling,587771664621.186,4.50954055786133
G001,World,Q,2025-Q3,allocated,JPY,Japanese yen,757519170207.034,5.81188869476318
G001,World,Q,2025-Q3,allocated,OTH,Other currencies,742003260804.066,5.69284629821777
G001,World,Q,2025-Q3,allocated,TOTAL,All currencies,13033958726395.8,100.0
G001,World,Q,2025-Q3,allocated,USD,U.S. dollar,7377523506817.03,56.6023254394531
G001,World,Q,2025-Q3,total,TOTAL,All currencies,13033958726395.8,
G001,World,Q,2025-Q3,unallocated,TOTAL,All currencies,0.0,0.0
G001,World,Q,2025-Q4,allocated,AUD,Australian dollar,265942867196.437,2.02289247512817
G001,World,Q,2025-Q4,allocated,CAD,Canadian dollar,328230274670.852,2.49668121337891
G001,World,Q,2025-Q4,allocated,CHF,Swiss franc,29995986300.1851,0.228164255619049
G001,World,Q,2025-Q4,allocated,CNY,Chinese renminbi,256995176317.892,1.95483195781708
G001,World,Q,2025-Q4,allocated,EUR,Euro,2679437249294.71,20.3811206817627
G001,World,Q,2025-Q4,allocated,GBP,Pound sterling,579635734566.264,4.40899515151978
G001,World,Q,2025-Q4,allocated,JPY,Japanese yen,768227454887.091,5.84351682662964
G001,World,Q,2025-Q4,allocated,OTH,Other currencies,821209809172.617,6.24652671813965
G001,World,Q,2025-Q4,allocated,TOTAL,All currencies,13146663077686.2,100.0
G001,World,Q,2025-Q4,allocated,USD,U.S. dollar,7416988525280.19,56.4172706604004
G001,World,Q,2025-Q4,total,TOTAL,All currencies,13146663077686.2,
G001,World,Q,2025-Q4,unallocated,TOTAL,All currencies,0.0,0.0
G001,World,Q,2026-Q1,allocated,AUD,Australian dollar,276775411421.046,2.11199975013733
G001,World,Q,2026-Q1,allocated,CAD,Canadian dollar,324590697796.917,2.47686553001404
G001,World,Q,2026-Q1,allocated,CHF,Swiss franc,32032265005.2941,0.244429707527161
G001,World,Q,2026-Q1,allocated,CNY,Chinese renminbi,260138119155.243,1.98504495620728
G001,World,Q,2026-Q1,allocated,EUR,Euro,2625001440700.01,20.030689239502
G001,World,Q,2026-Q1,allocated,GBP,Pound sterling,576458925792.361,4.39880514144898
G001,World,Q,2026-Q1,allocated,JPY,Japanese yen,713110837683.817,5.44155931472778
G001,World,Q,2026-Q1,allocated,OTH,Other currencies,809859084839.91,6.17981958389282
G001,World,Q,2026-Q1,allocated,TOTAL,All currencies,13104898337195.7,100.0
G001,World,Q,2026-Q1,allocated,USD,U.S. dollar,7486931554801.15,57.130786895752
G001,World,Q,2026-Q1,total,TOTAL,All currencies,13104898337195.7,
G001,World,Q,2026-Q1,unallocated,TOTAL,All currencies,0.0,0.0
G110,Advanced economies,A,1995,allocated,CHF,Swiss franc,1427903000.0,0.18585127172009
G110,Advanced economies,A,1995,allocated,DEM,Deutsche mark,130499001000.0,16.9853311422774
G110,Advanced economies,A,1995,allocated,ECU,European currency unit,88115590000.0,11.468842393262
G110,Advanced economies,A,1995,allocated,FRF,French franc,17346368000.0,2.25774758686317
G110,Advanced economies,A,1995,allocated,GBP,Pound sterling,16014066000.0,2.08433943447801
G110,Advanced economies,A,1995,allocated,JPY,Japanese yen,54124180000.0,7.04462956083646
G110,Advanced economies,A,1995,allocated,NLG,Netherlands guilder,2406732000.0,0.313252512873379
G110,Advanced economies,A,1995,allocated,OTH,Other currencies,44308795000.0,5.76709055106318
G110,Advanced economies,A,1995,allocated,TOTAL,All currencies,768304132000.0,82.1138994671461
G110,Advanced economies,A,1995,allocated,USD,U.S. dollar,414061497000.0,53.8929155466263
G110,Advanced economies,A,1995,total,TOTAL,All currencies,935656614757.894,
G110,Advanced economies,A,1995,unallocated,TOTAL,All currencies,167352482757.894,17.8861005328539
G110,Advanced economies,A,1996,allocated,CHF,Swiss franc,1451105000.0,0.158949451129095
G110,Advanced economies,A,1996,allocated,DEM,Deutsche mark,142454489000.0,15.6040140702608
G110,Advanced economies,A,1996,allocated,ECU,European currency unit,86654700000.0,9.49188170584239
G110,Advanced economies,A,1996,allocated,FRF,French franc,15039285000.0,1.64735570211945
G110,Advanced economies,A,1996,allocated,GBP,Pound sterling,25989439000.0,2.84680093046548
G110,Advanced economies,A,1996,allocated,JPY,Japanese yen,64949053000.0,7.11431379928022
G110,Advanced economies,A,1996,allocated,NLG,Netherlands guilder,2479180000.0,0.271561534313665
G110,Advanced economies,A,1996,allocated,OTH,Other currencies,47736004000.0,5.22885086530355
G110,Advanced economies,A,1996,allocated,TOTAL,All currencies,912934892000.0,89.4840344758204
G110,Advanced economies,A,1996,allocated,USD,U.S. dollar,526181637000.0,57.6362719412854
G110,Advanced economies,A,1996,total,TOTAL,All currencies,1020220978354.17,
G110,Advanced economies,A,1996,unallocated,TOTAL,All currencies,107286086354.173,10.5159655241797
G110,Advanced economies,A,1997,allocated,CHF,Swiss franc,2259469000.0,0.247211953315226
G110,Advanced economies,A,1997,allocated,DEM,Deutsche mark,140002275000.0,15.3178626798267
G110,Advanced economies,A,1997,allocated,ECU,European currency unit,76931150000.0,8.41715458910331
G110,Advanced economies,A,1997,allocated,FRF,French franc,10717107000.0,1.17257504101994
G110,Advanced economies,A,1997,allocated,GBP,Pound sterling,24683696000.0,2.70068086935436
G110,Advanced economies,A,1997,allocated,JPY,Japanese yen,57161065000.0,6.25407940194294
G110,Advanced economies,A,1997,allocated,NLG,Netherlands guilder,3254451000.0,0.356074453191742
G110,Advanced economies,A,1997,allocated,OTH,Other currencies,41162455000.0,4.50364705326787
G110,Advanced economies,A,1997,allocated,TOTAL,All currencies,913980481000.0,90.1096173082575
G110,Advanced economies,A,1997,allocated,USD,U.S. dollar,557808813000.0,61.0307139589779
G110,Advanced economies,A,1997,total,TOTAL,All currencies,1014298482561.91,
G110,Advanced economies,A,1997,unallocated,TOTAL,All currencies,100318001561.91,9.89038269174251
G110,Advanced economies,A,1998,allocated,CHF,Swiss franc,2212540000.0,0.238597929231721
G110,Advanced economies,A,1998,allocated,DEM,Deutsche mark,130543871000.0,14.077710366589
G110,Advanced economies,A,1998,allocated,ECU,European currency unit,16541380000.0,1.78380459319832
G110,Advanced economies,A,1998,allocated,FRF,French franc,12962472000.0,1.39785901132823
G110,Advanced economies,A,1998,allocated,GBP,Pound sterling,26120274000.0,2.81678219935692
G110,Advanced economies,A,1998,allocated,JPY,Japanese yen,65975295000.0,7.11470471379135
G110,Advanced economies,A,1998,allocated,NLG,Netherlands guilder,2988848000.0,0.322314147354792
G110,Advanced economies,A,1998,allocated,OTH,Other currencies,49663590000.0,5.35566802508122
G110,Advanced economies,A,1998,allocated,TOTAL,All currencies,927308970000.0,90.2829805833637
G110,Advanced economies,A,1998,allocated,USD,U.S. dollar,620300700000.0,66.8925590140684
G110,Advanced economies,A,1998,total,TOTAL,All currencies,1027113819247.21,
G110,Advanced economies,A,1998,unallocated,TOTAL,All currencies,99804849247.2056,9.71701941663629
G110,Advanced economies,A,1999,allocated,CHF,Swiss franc,1338184978.05546,0.132127042416227
G110,Advanced economies,A,1999,allocated,EUR,Euro,183374834576.837,18.1056990950606
G110,Advanced economies,A,1999,allocated,GBP,Pound sterling,30518030095.704,3.01322845723027
G110,Advanced economies,A,1999,allocated,JPY,Japanese yen,73453200045.2018,7.25247573178017
G110,Advanced economies,A,1999,allocated,OTH,Other currencies,16986817077.9205,1.6772105033136
G110,Advanced economies,A,1999,allocated,TOTAL,All currencies,1012801735045.2,89.8907248969251
G110,Advanced economies,A,1999,allocated,USD,U.S. dollar,707130668271.483,69.8192591701992
G110,Advanced economies,A,1999,total,TOTAL,All currencies,1126703268002.96,
G110,Advanced economies,A,1999,unallocated,TOTAL,All currencies,113901532957.754,10.1092751030749
G110,Advanced economies,Q,1999-Q1,allocated,CHF,Swiss franc,1723272792.16701,0.191215548262754
G110,Advanced economies,Q,1999-Q1,allocated,EUR,Euro,168778054348.0,18.727730364901
G110,Advanced economies,Q,1999-Q1,allocated,GBP,Pound sterling,26218230290.7905,2.90919307861201
G110,Advanced economies,Q,1999-Q1,allocated,JPY,Japanese yen,60453518165.9707,6.70796444594373
G110,Advanced economies,Q,1999-Q1,allocated,OTH,Other currencies,15471779145.4473,1.71675938095484
G110,Advanced economies,Q,1999-Q1,allocated,TOTAL,All currencies,901220014702.472,90.3245599872728
G110,Advanced economies,Q,1999-Q1,allocated,USD,U.S. dollar,628575159960.097,69.7471371813257
G110,Advanced economies,Q,1999-Q1,total,TOTAL,All currencies,997757436991.067,
G110,Advanced economies,Q,1999-Q1,unallocated,TOTAL,All currencies,96537422288.5953,9.67544001272722
G110,Advanced economies,Q,1999-Q2,allocated,CHF,Swiss franc,1285445856.24092,0.139529467740507
G110,Advanced economies,Q,1999-Q2,allocated,EUR,Euro,168761215000.0,18.3182841889983
G110,Advanced economies,Q,1999-Q2,allocated,GBP,Pound sterling,27620338891.0157,2.99806574159866
G110,Advanced economies,Q,1999-Q2,allocated,JPY,Japanese yen,58580899160.6955,6.35869775453246
G110,Advanced economies,Q,1999-Q2,allocated,OTH,Other currencies,16397850000.0,1.7799141608963
G110,Advanced economies,Q,1999-Q2,allocated,TOTAL,All currencies,921271955707.271,90.063996191854
G110,Advanced economies,Q,1999-Q2,allocated,USD,U.S. dollar,648626206799.319,70.4055086862338
G110,Advanced economies,Q,1999-Q2,total,TOTAL,All currencies,1022908148273.57,
G110,Advanced economies,Q,1999-Q2,unallocated,TOTAL,All currencies,101636192566.297,9.93600380814598
G110,Advanced economies,Q,1999-Q3,allocated,CHF,Swiss franc,1362236000.0,0.140642803054316
G110,Advanced economies,Q,1999-Q3,allocated,EUR,Euro,183059955000.0,18.8998567048565
G110,Advanced economies,Q,1999-Q3,allocated,GBP,Pound sterling,29165473000.0,3.01116243817148
G110,Advanced economies,Q,1999-Q3,allocated,JPY,Japanese yen,68789720000.0,7.10213137967396
G110,Advanced economies,Q,1999-Q3,allocated,OTH,Other currencies,18142228000.0,1.87307764555517
G110,Advanced economies,Q,1999-Q3,allocated,TOTAL,All currencies,968578534000.0,90.0793554308925
G110,Advanced economies,Q,1999-Q3,allocated,USD,U.S. dollar,668058922000.0,68.9731290286885
G110,Advanced economies,Q,1999-Q3,total,TOTAL,All currencies,1075250293884.57,
G110,Advanced economies,Q,1999-Q3,unallocated,TOTAL,All currencies,106671759884.572,9.92064456910751
G110,Advanced economies,Q,1999-Q4,allocated,CHF,Swiss franc,1338184978.05546,0.132127042416227
G110,Advanced economies,Q,1999-Q4,allocated,EUR,Euro,183374834576.837,18.1056990950606
G110,Advanced economies,Q,1999-Q4,allocated,GBP,Pound sterling,30518030095.704,3.01322845723027
G110,Advanced economies,Q,1999-Q4,allocated,JPY,Japanese yen,73453200045.2018,7.25247573178017
G110,Advanced economies,Q,1999-Q4,allocated,OTH,Other currencies,16986817077.9205,1.6772105033136
G110,Advanced economies,Q,1999-Q4,allocated,TOTAL,All currencies,1012801735045.2,89.8907248969251
G110,Advanced economies,Q,1999-Q4,allocated,USD,U.S. dollar,707130668271.483,69.8192591701992
G110,Advanced economies,Q,1999-Q4,total,TOTAL,All currencies,1126703268002.96,
G110,Advanced economies,Q,1999-Q4,unallocated,TOTAL,All currencies,113901532957.754,10.1092751030749
G200,Emerging and developing economies,A,1995,allocated,CHF,Swiss franc,2035748709.0,0.762833132677307
G200,Emerging and developing economies,A,1995,allocated,DEM,Deutsche mark,32572769033.0,12.2056260340813
G200,Emerging and developing economies,A,1995,allocated,ECU,European currency unit,172420000.0,0.0646090001947393
G200,Emerging and developing economies,A,1995,allocated,FRF,French franc,6998291776.0,2.62239087529536
G200,Emerging and developing economies,A,1995,allocated,GBP,Pound sterling,5860240308.0,2.19594169586354
G200,Emerging and developing economies,A,1995,allocated,JPY,Japanese yen,15946459145.0,5.97543661990898
G200,Emerging and developing economies,A,1995,allocated,NLG,Netherlands guilder,899306785.0,0.336987079498871
G200,Emerging and developing economies,A,1995,allocated,OTH,Other currencies,6106422730.0,2.28819085576923
G200,Emerging and developing economies,A,1995,allocated,TOTAL,All currencies,266866844372.0,58.7605374765324
G200,Emerging and developing economies,A,1995,allocated,USD,U.S. dollar,196275185886.0,73.5479847067107
G200,Emerging and developing economies,A,1995,total,TOTAL,All currencies,454159978503.567,
G200,Emerging and developing economies,A,1995,unallocated,TOTAL,All currencies,187293134131.567,41.2394625234676
G200,Emerging and developing economies,A,1996,allocated,CHF,Swiss franc,2253805000.0,0.719448966748523
G200,Emerging and developing economies,A,1996,allocated,DEM,Deutsche mark,37454898000.0,11.9561752972291
G200,Emerging and developing economies,A,1996,allocated,ECU,European currency unit,182000000.0,0.0580971787480422
G200,Emerging and developing economies,A,1996,allocated,FRF,French franc,7598689000.0,2.42561754441638
G200,Emerging and developing economies,A,1996,allocated,GBP,Pound sterling,6893472900.0,2.2005017981653
G200,Emerging and developing economies,A,1996,allocated,JPY,Japanese yen,17358388000.0,5.54106247480149
G200,Emerging and developing economies,A,1996,allocated,NLG,Netherlands guilder,455638000.0,0.145446606210991
G200,Emerging and developing economies,A,1996,allocated,OTH,Other currencies,7211527000.0,2.30202952288644
G200,Emerging and developing economies,A,1996,allocated,TOTAL,All currencies,313268223900.0,57.3697278369279
G200,Emerging and developing economies,A,1996,allocated,USD,U.S. dollar,233859806000.0,74.6516206107938
G200,Emerging and developing economies,A,1996,total,TOTAL,All currencies,546051438121.613,
G200,Emerging and developing economies,A,1996,unallocated,TOTAL,All currencies,232783214221.613,42.6302721630721
G200,Emerging and developing economies,A,1997,allocated,CHF,Swiss franc,2175258200.0,0.605422330599791
G200,Emerging and developing economies,A,1997,allocated,DEM,Deutsche mark,44336019000.0,12.339691882323
G200,Emerging and developing economies,A,1997,allocated,ECU,European currency unit,391000000.0,0.108823923185081
G200,Emerging and developing economies,A,1997,allocated,FRF,French franc,7596973000.0,2.11440513092362
G200,Emerging and developing economies,A,1997,allocated,GBP,Pound sterling,8172374000.0,2.27455191922188
G200,Emerging and developing economies,A,1997,allocated,JPY,Japanese yen,16326258000.0,4.54395766366194
G200,Emerging and developing economies,A,1997,allocated,NLG,Netherlands guilder,1206480000.0,0.33578999192925
G200,Emerging and developing economies,A,1997,allocated,OTH,Other currencies,8013365000.0,2.23029620770849
G200,Emerging and developing economies,A,1997,allocated,TOTAL,All currencies,359295997200.0,59.6891000024661
G200,Emerging and developing economies,A,1997,allocated,USD,U.S. dollar,271078270000.0,75.4470609504469
G200,Emerging and developing economies,A,1997,total,TOTAL,All currencies,601945744172.982,
G200,Emerging and developing economies,A,1997,unallocated,TOTAL,All currencies,242649746972.982,40.3108999975339
G200,Emerging and developing economies,A,1998,allocated,CHF,Swiss franc,2024091079.96558,0.569399933142995
G200,Emerging and developing economies,A,1998,allocated,DEM,Deutsche mark,46406929031.4929,13.0547990401465
G200,Emerging and developing economies,A,1998,allocated,ECU,European currency unit,96000000.0,0.0270058961885535
G200,Emerging and developing economies,A,1998,allocated,FRF,French franc,7851383466.143,2.20868382107483
G200,Emerging and developing economies,A,1998,allocated,GBP,Pound sterling,8021989729.15783,2.25667731095082
G200,Emerging and developing economies,A,1998,allocated,JPY,Japanese yen,14054066412.4839,3.95356936002684
G200,Emerging and developing economies,A,1998,allocated,NLG,Netherlands guilder,500095866.752563,0.140682677727546
G200,Emerging and developing economies,A,1998,allocated,OTH,Other currencies,8100112528.7132,2.27865414652115
G200,Emerging and developing economies,A,1998,allocated,TOTAL,All currencies,355477927226.461,57.6410252151806
G200,Emerging and developing economies,A,1998,allocated,USD,U.S. dollar,268423259111.752,75.5105278142207
G200,Emerging and developing economies,A,1998,total,TOTAL,All currencies,616709931683.938,
G200,Emerging and developing economies,A,1998,unallocated,TOTAL,All currencies,261232004457.476,42.3589747848194
G200,Emerging and developing economies,A,1999,allocated,CHF,Swiss franc,1833679586.2403,0.499772036097573
G200,Emerging and developing economies,A,1999,allocated,EUR,Euro,63575662079.1551,17.3276390935329
G200,Emerging and developing economies,A,1999,allocated,GBP,Pound sterling,9309340796.35553,2.53727436321642
G200,Emerging and developing economies,A,1999,allocated,JPY,Japanese yen,14485494853.076,3.9480426738273
G200,Emerging and developing economies,A,1999,allocated,OTH,Other currencies,5046973448.0,1.37555994796727
G200,Emerging and developing economies,A,1999,allocated,TOTAL,All currencies,366903198618.0,55.9301236759899
G200,Emerging and developing economies,A,1999,allocated,USD,U.S. dollar,272652047855.173,74.3117118853586
G200,Emerging and developing economies,A,1999,total,TOTAL,All currencies,656002838011.794,
G200,Emerging and developing economies,A,1999,unallocated,TOTAL,All currencies,289099639393.794,44.0698763240101
G200,Emerging and developing economies,Q,1999-Q1,allocated,CHF,Swiss franc,1848003497.62,0.546432301466155
G200,Emerging and developing economies,Q,1999-Q1,allocated,EUR,Euro,55830450083.04,16.5083893889037
G200,Emerging and developing economies,Q,1999-Q1,allocated,GBP,Pound sterling,7796471598.0,2.30532243261299
G200,Emerging and developing economies,Q,1999-Q1,allocated,JPY,Japanese yen,14319979464.22,4.23424487326962
G200,Emerging and developing economies,Q,1999-Q1,allocated,OTH,Other currencies,4649554288.88,1.37481701421918
G200,Emerging and developing economies,Q,1999-Q1,allocated,TOTAL,All currencies,338194409931.76,55.6095942102772
G200,Emerging and developing economies,Q,1999-Q1,allocated,USD,U.S. dollar,253749951000.0,75.0307939895284
G200,Emerging and developing economies,Q,1999-Q1,total,TOTAL,All currencies,608158384779.687,
G200,Emerging and developing economies,Q,1999-Q1,unallocated,TOTAL,All currencies,269963974847.927,44.3904057897228
G200,Emerging and developing economies,Q,1999-Q2,allocated,CHF,Swiss franc,1806910912.1,0.512668932582769
G200,Emerging and developing economies,Q,1999-Q2,allocated,EUR,Euro,55092440662.4,15.6311982835649
G200,Emerging and developing economies,Q,1999-Q2,allocated,GBP,Pound sterling,7953403457.0,2.25659319084052
G200,Emerging and developing economies,Q,1999-Q2,allocated,JPY,Japanese yen,13092845820.34,3.71479038962879
G200,Emerging and developing economies,Q,1999-Q2,allocated,OTH,Other currencies,4447280228.35,1.26181229649825
G200,Emerging and developing economies,Q,1999-Q2,allocated,TOTAL,All currencies,352451806080.19,56.4985520141024
G200,Emerging and developing economies,Q,1999-Q2,allocated,USD,U.S. dollar,270058925000.0,76.6229369068848
G200,Emerging and developing economies,Q,1999-Q2,total,TOTAL,All currencies,623824493753.779,
G200,Emerging and developing economies,Q,1999-Q2,unallocated,TOTAL,All currencies,271372687673.589,43.5014479858976
G200,Emerging and developing economies,Q,1999-Q3,allocated,CHF,Swiss franc,1831042202.2,0.514820751848202
G200,Emerging and developing economies,Q,1999-Q3,allocated,EUR,Euro,59642400031.22,16.7692176560494
G200,Emerging and developing economies,Q,1999-Q3,allocated,GBP,Pound sterling,7863840618.06,2.21101858522968
G200,Emerging and developing economies,Q,1999-Q3,allocated,JPY,Japanese yen,13936310366.9,3.91837051732447
G200,Emerging and developing economies,Q,1999-Q3,allocated,OTH,Other currencies,4412298123.99,1.24057361148841
G200,Emerging and developing economies,Q,1999-Q3,allocated,TOTAL,All currencies,355665966382.78,55.6738078899821
G200,Emerging and developing economies,Q,1999-Q3,allocated,USD,U.S. dollar,267980075040.41,75.3459988780598
G200,Emerging and developing economies,Q,1999-Q3,total,TOTAL,All currencies,638838943952.993,
G200,Emerging and developing economies,Q,1999-Q3,unallocated,TOTAL,All currencies,283172977570.213,44.3261921100179
G200,Emerging and developing economies,Q,1999-Q4,allocated,CHF,Swiss franc,1833679586.2403,0.499772036097573
G200,Emerging and developing economies,Q,1999-Q4,allocated,EUR,Euro,63575662079.1551,17.3276390935329
G200,Emerging and developing economies,Q,1999-Q4,allocated,GBP,Pound sterling,9309340796.35553,2.53727436321642
G200,Emerging and developing economies,Q,1999-Q4,allocated,JPY,Japanese yen,14485494853.076,3.9480426738273
G200,Emerging and developing economies,Q,1999-Q4,allocated,OTH,Other currencies,5046973448.0,1.37555994796727
G200,Emerging and developing economies,Q,1999-Q4,allocated,TOTAL,All currencies,366903198618.0,55.9301236759899
G200,Emerging and developing economies,Q,1999-Q4,allocated,USD,U.S. dollar,272652047855.173,74.3117118853586
G200,Emerging and developing economies,Q,1999-Q4,total,TOTAL,All currencies,656002838011.794,
G200,Emerging and developing economies,Q,1999-Q4,unallocated,TOTAL,All currencies,289099639393.794,44.0698763240101
