name,iso3,is_aggregate,year,month,usd_bn
Australia,AUS,0,2002,1,8.7
Australia,AUS,0,2002,2,9.1
Australia,AUS,0,2002,3,9.8
Australia,AUS,0,2002,4,9.7
Australia,AUS,0,2002,5,9.8
Australia,AUS,0,2002,6,6.7
Australia,AUS,0,2002,7,9.1
Australia,AUS,0,2002,8,9.5
Australia,AUS,0,2002,9,8.8
Australia,AUS,0,2002,10,9.3
Australia,AUS,0,2002,11,9.1
Australia,AUS,0,2002,12,8.4
Australia,AUS,0,2008,1,9.6
Australia,AUS,0,2008,2,9.2
Australia,AUS,0,2008,3,9.2
Australia,AUS,0,2008,4,9.0
Australia,AUS,0,2008,5,9.8
Australia,AUS,0,2008,6,9.1
Australia,AUS,0,2008,7,9.4
Australia,AUS,0,2008,8,9.3
Australia,AUS,0,2008,9,9.0
Australia,AUS,0,2008,10,9.5
Australia,AUS,0,2008,11,8.7
Australia,AUS,0,2008,12,10.3
Australia,AUS,0,2009,1,7.8
Australia,AUS,0,2009,2,8.1
Australia,AUS,0,2009,3,6.8
Australia,AUS,0,2009,4,8.4
Australia,AUS,0,2009,5,9.0
Australia,AUS,0,2009,6,12.5
Australia,AUS,0,2009,7,12.1
Australia,AUS,0,2009,8,12.5
Australia,AUS,0,2009,9,12.3
Australia,AUS,0,2009,10,12.8
Australia,AUS,0,2009,11,13.7
Australia,AUS,0,2009,12,16.3
Australia,AUS,0,2010,1,15.4
Australia,AUS,0,2010,2,14.4
Australia,AUS,0,2010,3,14.4
Australia,AUS,0,2010,4,17.9
Australia,AUS,0,2010,5,14.1
Australia,AUS,0,2010,6,18.4
Australia,AUS,0,2010,7,19.2
Australia,AUS,0,2010,8,15.5
Australia,AUS,0,2010,9,17.8
Australia,AUS,0,2010,10,15.5
Australia,AUS,0,2010,11,14.8
Australia,AUS,0,2010,12,14.8
Australia,AUS,0,2011,1,14.6
Australia,AUS,0,2011,2,12.6
Australia,AUS,0,2011,3,10.3
Australia,AUS,0,2011,4,13.1
Australia,AUS,0,2011,5,12.4
Australia,AUS,0,2011,6,21.3
Australia,AUS,0,2011,7,20.4
Australia,AUS,0,2011,8,18.9
Australia,AUS,0,2011,9,23.4
Australia,AUS,0,2011,10,24.7
Australia,AUS,0,2011,11,24.1
Australia,AUS,0,2011,12,21.8
Australia,AUS,0,2012,1,22.1
Australia,AUS,0,2012,2,23.4
Australia,AUS,0,2012,3,22.5
Australia,AUS,0,2012,4,25.8
Australia,AUS,0,2012,5,29.7
Australia,AUS,0,2012,6,25.3
Australia,AUS,0,2012,7,26.7
Australia,AUS,0,2012,8,27.6
Australia,AUS,0,2012,9,25.7
Australia,AUS,0,2012,10,26.7
Australia,AUS,0,2012,11,29.0
Australia,AUS,0,2012,12,27.4
Australia,AUS,0,2013,1,28.6
Australia,AUS,0,2013,2,28.9
Australia,AUS,0,2013,3,29.4
Australia,AUS,0,2013,4,35.8
Australia,AUS,0,2013,5,34.6
Australia,AUS,0,2013,6,35.4
Australia,AUS,0,2013,7,33.1
Australia,AUS,0,2013,8,32.9
Australia,AUS,0,2013,9,34.2
Australia,AUS,0,2013,10,34.1
Australia,AUS,0,2013,11,33.7
Australia,AUS,0,2013,12,33.8
Australia,AUS,0,2014,1,31.0
Australia,AUS,0,2014,2,31.7
Australia,AUS,0,2014,3,31.8
Australia,AUS,0,2014,4,31.2
Australia,AUS,0,2014,5,33.8
Australia,AUS,0,2014,6,35.3
Australia,AUS,0,2014,7,34.9
Australia,AUS,0,2014,8,33.9
Australia,AUS,0,2014,9,35.4
Australia,AUS,0,2014,10,33.4
Australia,AUS,0,2014,11,34.3
Australia,AUS,0,2014,12,34.5
Australia,AUS,0,2015,1,33.0
Australia,AUS,0,2015,2,34.8
Australia,AUS,0,2015,3,36.3
Australia,AUS,0,2015,4,33.8
Australia,AUS,0,2015,5,32.1
Australia,AUS,0,2015,6,34.0
Australia,AUS,0,2015,7,30.9
Australia,AUS,0,2015,8,29.4
Australia,AUS,0,2015,9,31.3
Australia,AUS,0,2015,10,27.6
Australia,AUS,0,2015,11,30.2
Australia,AUS,0,2015,12,30.6
Australia,AUS,0,2016,1,32.2
Australia,AUS,0,2016,2,33.3
Australia,AUS,0,2016,3,34.1
Australia,AUS,0,2016,4,29.1
Australia,AUS,0,2016,5,31.0
Australia,AUS,0,2016,6,31.4
Australia,AUS,0,2016,7,30.9
Australia,AUS,0,2016,8,32.1
Australia,AUS,0,2016,9,34.6
Australia,AUS,0,2016,10,34.5
Australia,AUS,0,2016,11,36.4
Australia,AUS,0,2016,12,34.6
Australia,AUS,0,2017,1,37.0
Australia,AUS,0,2017,2,34.7
Australia,AUS,0,2017,3,37.6
Australia,AUS,0,2017,4,35.2
Australia,AUS,0,2017,5,37.1
Australia,AUS,0,2017,6,38.1
Australia,AUS,0,2017,7,37.9
Australia,AUS,0,2017,8,37.8
Australia,AUS,0,2017,9,36.9
Australia,AUS,0,2017,10,38.7
Australia,AUS,0,2017,11,40.6
Australia,AUS,0,2017,12,37.7
Australia,AUS,0,2018,1,38.1
Australia,AUS,0,2018,2,38.7
Australia,AUS,0,2018,3,34.3
Australia,AUS,0,2018,4,36.2
Australia,AUS,0,2018,5,37.6
Australia,AUS,0,2018,6,39.8
Australia,AUS,0,2018,7,39.2
Australia,AUS,0,2018,8,38.4
Australia,AUS,0,2018,9,36.8
Australia,AUS,0,2018,10,38.9
Australia,AUS,0,2018,11,41.3
Australia,AUS,0,2018,12,38.0
Australia,AUS,0,2019,1,41.4
Australia,AUS,0,2019,2,39.5
Australia,AUS,0,2019,3,39.3
Australia,AUS,0,2019,4,39.1
Australia,AUS,0,2019,5,39.7
Australia,AUS,0,2019,6,39.7
Australia,AUS,0,2019,7,45.9
Australia,AUS,0,2019,8,41.8
Australia,AUS,0,2019,9,39.6
Australia,AUS,0,2019,10,45.4
Australia,AUS,0,2019,11,44.6
Australia,AUS,0,2019,12,41.8
Australia,AUS,0,2020,1,45.1
Australia,AUS,0,2020,2,43.7
Australia,AUS,0,2020,3,46.3
Australia,AUS,0,2020,4,44.8
Australia,AUS,0,2020,5,43.5
Australia,AUS,0,2020,6,43.0
Australia,AUS,0,2020,7,43.8
Australia,AUS,0,2020,8,42.9
Australia,AUS,0,2020,9,39.3
Australia,AUS,0,2020,10,39.5
Australia,AUS,0,2020,11,40.6
Australia,AUS,0,2020,12,39.8
Australia,AUS,0,2021,1,41.0
Australia,AUS,0,2021,2,40.5
Australia,AUS,0,2021,3,41.3
Australia,AUS,0,2021,4,42.9
Australia,AUS,0,2021,5,45.4
Australia,AUS,0,2021,6,45.1
Australia,AUS,0,2021,7,46.3
Australia,AUS,0,2021,8,47.1
Australia,AUS,0,2021,9,47.8
Australia,AUS,0,2021,10,53.8
Australia,AUS,0,2021,11,54.6
Australia,AUS,0,2021,12,56.3
Australia,AUS,0,2022,1,59.7
Australia,AUS,0,2022,2,60.6
Australia,AUS,0,2022,3,59.2
Australia,AUS,0,2022,4,60.2
Australia,AUS,0,2022,5,57.2
Australia,AUS,0,2022,6,54.3
Australia,AUS,0,2022,7,56.3
Australia,AUS,0,2022,8,56.2
Australia,AUS,0,2022,9,56.3
Australia,AUS,0,2022,10,58.5
Australia,AUS,0,2022,11,58.3
Australia,AUS,0,2022,12,56.4
Australia,AUS,0,2023,1,61.0
Australia,AUS,0,2023,2,57.6
Australia,AUS,0,2023,3,59.2
Australia,AUS,0,2023,4,59.0
Australia,AUS,0,2023,5,52.8
Australia,AUS,0,2023,6,56.5
Australia,AUS,0,2023,7,53.9
Australia,AUS,0,2023,8,55.8
Australia,AUS,0,2023,9,55.8
Australia,AUS,0,2023,10,56.2
Australia,AUS,0,2023,11,56.7
Australia,AUS,0,2023,12,59.7
Australia,AUS,0,2024,1,67.3
Australia,AUS,0,2024,2,68.2
Australia,AUS,0,2024,3,66.7
Australia,AUS,0,2024,4,67.8
Australia,AUS,0,2024,5,65.1
Australia,AUS,0,2024,6,64.5
Australia,AUS,0,2024,7,73.3
Australia,AUS,0,2024,8,73.4
Australia,AUS,0,2024,9,73.1
Australia,AUS,0,2024,10,71.4
Australia,AUS,0,2024,11,67.9
Australia,AUS,0,2024,12,67.3
Australia,AUS,0,2025,1,66.4
Australia,AUS,0,2025,2,69.8
Australia,AUS,0,2025,3,67.5
Australia,AUS,0,2025,4,68.2
Australia,AUS,0,2025,5,62.4
Australia,AUS,0,2025,6,61.6
Australia,AUS,0,2025,7,71.0
Australia,AUS,0,2025,8,67.4
Australia,AUS,0,2025,9,72.1
Australia,AUS,0,2025,10,74.1
Australia,AUS,0,2025,11,75.1
Australia,AUS,0,2025,12,72.3
Bahamas,BHS,0,2021,1,8.0
Bahamas,BHS,0,2021,2,8.6
Bahamas,BHS,0,2021,3,7.5
Bahamas,BHS,0,2021,4,7.4
Bahamas,BHS,0,2021,5,14.5
Bahamas,BHS,0,2021,6,13.7
Bahamas,BHS,0,2021,7,16.7
Bahamas,BHS,0,2021,8,21.6
Bahamas,BHS,0,2021,9,18.4
Bahamas,BHS,0,2021,10,23.9
Bahamas,BHS,0,2021,11,28.3
Bahamas,BHS,0,2021,12,34.9
Bahamas,BHS,0,2022,1,35.9
Bahamas,BHS,0,2022,2,33.5
Bahamas,BHS,0,2022,3,36.1
Bahamas,BHS,0,2022,4,39.5
Bahamas,BHS,0,2022,5,30.0
Bahamas,BHS,0,2022,6,30.3
Bahamas,BHS,0,2022,7,35.7
Bahamas,BHS,0,2022,8,40.0
Bahamas,BHS,0,2022,9,41.3
Bahamas,BHS,0,2022,10,45.1
Bahamas,BHS,0,2022,11,44.1
Bahamas,BHS,0,2022,12,46.0
Bahamas,BHS,0,2024,1,17.0
Bahamas,BHS,0,2024,2,17.0
Bahamas,BHS,0,2024,3,18.4
Bahamas,BHS,0,2024,4,17.6
Bahamas,BHS,0,2024,5,16.1
Bahamas,BHS,0,2024,6,47.6
Bahamas,BHS,0,2024,7,44.5
Bahamas,BHS,0,2024,8,49.9
Bahamas,BHS,0,2024,9,38.0
Bahamas,BHS,0,2024,10,41.2
Bahamas,BHS,0,2024,11,39.3
Bahamas,BHS,0,2024,12,43.8
Belgium,BEL,0,2002,1,21.8
Belgium,BEL,0,2002,2,21.2
Belgium,BEL,0,2002,3,22.4
Belgium,BEL,0,2002,4,21.8
Belgium,BEL,0,2002,5,21.7
Belgium,BEL,0,2002,6,11.3
Belgium,BEL,0,2002,7,11.6
Belgium,BEL,0,2002,8,13.3
Belgium,BEL,0,2002,9,13.2
Belgium,BEL,0,2002,10,12.8
Belgium,BEL,0,2002,11,13.2
Belgium,BEL,0,2002,12,13.0
Belgium,BEL,0,2003,1,16.6
Belgium,BEL,0,2003,2,15.0
Belgium,BEL,0,2003,3,12.2
Belgium,BEL,0,2003,4,12.3
Belgium,BEL,0,2003,5,12.2
Belgium,BEL,0,2003,6,12.0
Belgium,BEL,0,2003,7,12.5
Belgium,BEL,0,2003,8,14.2
Belgium,BEL,0,2003,9,14.2
Belgium,BEL,0,2003,10,14.6
Belgium,BEL,0,2003,11,15.2
Belgium,BEL,0,2003,12,14.4
Belgium,BEL,0,2004,1,14.5
Belgium,BEL,0,2004,2,12.9
Belgium,BEL,0,2004,3,12.7
Belgium,BEL,0,2004,4,13.2
Belgium,BEL,0,2004,5,13.6
Belgium,BEL,0,2004,6,16.4
Belgium,BEL,0,2004,7,16.0
Belgium,BEL,0,2004,8,15.8
Belgium,BEL,0,2004,9,15.9
Belgium,BEL,0,2004,10,16.0
Belgium,BEL,0,2004,11,16.8
Belgium,BEL,0,2004,12,17.0
Belgium,BEL,0,2005,1,16.8
Belgium,BEL,0,2005,2,16.7
Belgium,BEL,0,2005,3,15.3
Belgium,BEL,0,2005,4,15.7
Belgium,BEL,0,2005,5,15.8
Belgium,BEL,0,2005,6,15.4
Belgium,BEL,0,2005,7,15.6
Belgium,BEL,0,2005,8,15.8
Belgium,BEL,0,2005,9,15.7
Belgium,BEL,0,2005,10,15.4
Belgium,BEL,0,2005,11,15.6
Belgium,BEL,0,2005,12,17.0
Belgium,BEL,0,2006,1,16.7
Belgium,BEL,0,2006,2,17.2
Belgium,BEL,0,2006,3,17.1
Belgium,BEL,0,2006,4,17.4
Belgium,BEL,0,2006,5,17.2
Belgium,BEL,0,2006,6,13.7
Belgium,BEL,0,2006,7,15.1
Belgium,BEL,0,2006,8,14.5
Belgium,BEL,0,2006,9,13.8
Belgium,BEL,0,2006,10,13.3
Belgium,BEL,0,2006,11,13.0
Belgium,BEL,0,2006,12,13.6
Belgium,BEL,0,2007,1,12.3
Belgium,BEL,0,2007,2,12.9
Belgium,BEL,0,2007,3,12.3
Belgium,BEL,0,2007,4,12.9
Belgium,BEL,0,2007,5,12.1
Belgium,BEL,0,2007,6,15.2
Belgium,BEL,0,2007,7,15.4
Belgium,BEL,0,2007,8,14.6
Belgium,BEL,0,2007,9,14.6
Belgium,BEL,0,2007,10,14.6
Belgium,BEL,0,2007,11,14.2
Belgium,BEL,0,2007,12,13.2
Belgium,BEL,0,2008,1,13.1
Belgium,BEL,0,2008,2,13.2
Belgium,BEL,0,2008,3,12.8
Belgium,BEL,0,2008,4,12.5
Belgium,BEL,0,2008,5,12.4
Belgium,BEL,0,2008,6,15.4
Belgium,BEL,0,2008,7,15.0
Belgium,BEL,0,2008,8,14.8
Belgium,BEL,0,2008,9,15.4
Belgium,BEL,0,2008,10,15.8
Belgium,BEL,0,2008,11,15.3
Belgium,BEL,0,2008,12,15.9
Belgium,BEL,0,2009,1,15.6
Belgium,BEL,0,2009,2,14.5
Belgium,BEL,0,2009,3,15.4
Belgium,BEL,0,2009,4,15.8
Belgium,BEL,0,2009,5,15.7
Belgium,BEL,0,2009,6,17.9
Belgium,BEL,0,2009,7,17.8
Belgium,BEL,0,2009,8,17.7
Belgium,BEL,0,2009,9,17.2
Belgium,BEL,0,2009,10,16.9
Belgium,BEL,0,2009,11,17.4
Belgium,BEL,0,2009,12,17.3
Belgium,BEL,0,2010,1,17.4
Belgium,BEL,0,2010,2,17.0
Belgium,BEL,0,2010,3,17.1
Belgium,BEL,0,2010,4,18.5
Belgium,BEL,0,2010,5,17.6
Belgium,BEL,0,2010,6,34.8
Belgium,BEL,0,2010,7,34.3
Belgium,BEL,0,2010,8,51.9
Belgium,BEL,0,2010,9,33.8
Belgium,BEL,0,2010,10,33.4
Belgium,BEL,0,2010,11,33.4
Belgium,BEL,0,2010,12,33.2
Belgium,BEL,0,2011,1,32.1
Belgium,BEL,0,2011,2,31.9
Belgium,BEL,0,2011,3,32.2
Belgium,BEL,0,2011,4,31.6
Belgium,BEL,0,2011,5,31.4
Belgium,BEL,0,2011,6,88.8
Belgium,BEL,0,2011,7,86.6
Belgium,BEL,0,2011,8,87.1
Belgium,BEL,0,2011,9,132.1
Belgium,BEL,0,2011,10,132.4
Belgium,BEL,0,2011,11,133.2
Belgium,BEL,0,2011,12,135.2
Belgium,BEL,0,2012,1,131.5
Belgium,BEL,0,2012,2,125.0
Belgium,BEL,0,2012,3,141.4
Belgium,BEL,0,2012,4,132.1
Belgium,BEL,0,2012,5,132.1
Belgium,BEL,0,2012,6,144.5
Belgium,BEL,0,2012,7,141.3
Belgium,BEL,0,2012,8,130.2
Belgium,BEL,0,2012,9,133.2
Belgium,BEL,0,2012,10,136.4
Belgium,BEL,0,2012,11,138.5
Belgium,BEL,0,2012,12,138.8
Belgium,BEL,0,2013,1,185.6
Belgium,BEL,0,2013,2,187.3
Belgium,BEL,0,2013,3,188.4
Belgium,BEL,0,2013,4,185.5
Belgium,BEL,0,2013,5,175.2
Belgium,BEL,0,2013,6,176.2
Belgium,BEL,0,2013,7,167.7
Belgium,BEL,0,2013,8,166.8
Belgium,BEL,0,2013,9,172.5
Belgium,BEL,0,2013,10,180.3
Belgium,BEL,0,2013,11,200.6
Belgium,BEL,0,2013,12,256.8
Belgium,BEL,0,2014,1,310.3
Belgium,BEL,0,2014,2,341.2
Belgium,BEL,0,2014,3,381.4
Belgium,BEL,0,2014,4,366.4
Belgium,BEL,0,2014,5,362.4
Belgium,BEL,0,2014,6,364.1
Belgium,BEL,0,2014,7,352.6
Belgium,BEL,0,2014,8,359.9
Belgium,BEL,0,2014,9,353.9
Belgium,BEL,0,2014,10,348.1
Belgium,BEL,0,2014,11,335.7
Belgium,BEL,0,2014,12,335.4
Belgium,BEL,0,2015,1,354.6
Belgium,BEL,0,2015,2,345.3
Belgium,BEL,0,2015,3,252.8
Belgium,BEL,0,2015,4,228.9
Belgium,BEL,0,2015,5,202.8
Belgium,BEL,0,2015,6,207.7
Belgium,BEL,0,2015,7,155.5
Belgium,BEL,0,2015,8,110.7
Belgium,BEL,0,2015,9,135.8
Belgium,BEL,0,2015,10,138.3
Belgium,BEL,0,2015,11,143.6
Belgium,BEL,0,2015,12,121.7
Belgium,BEL,0,2016,1,137.5
Belgium,BEL,0,2016,2,143.0
Belgium,BEL,0,2016,3,153.8
Belgium,BEL,0,2016,4,153.6
Belgium,BEL,0,2016,5,151.7
Belgium,BEL,0,2016,6,156.3
Belgium,BEL,0,2016,7,154.4
Belgium,BEL,0,2016,8,157.0
Belgium,BEL,0,2016,9,142.7
Belgium,BEL,0,2016,10,116.9
Belgium,BEL,0,2016,11,113.5
Belgium,BEL,0,2016,12,120.4
Belgium,BEL,0,2017,1,112.2
Belgium,BEL,0,2017,2,105.7
Belgium,BEL,0,2017,3,109.9
Belgium,BEL,0,2017,4,96.4
Belgium,BEL,0,2017,5,98.7
Belgium,BEL,0,2017,6,98.3
Belgium,BEL,0,2017,7,99.4
Belgium,BEL,0,2017,8,96.9
Belgium,BEL,0,2017,9,104.8
Belgium,BEL,0,2017,10,116.0
Belgium,BEL,0,2017,11,115.3
Belgium,BEL,0,2017,12,119.2
Belgium,BEL,0,2018,1,124.6
Belgium,BEL,0,2018,2,126.8
Belgium,BEL,0,2018,3,126.7
Belgium,BEL,0,2018,4,139.5
Belgium,BEL,0,2018,5,150.5
Belgium,BEL,0,2018,6,154.7
Belgium,BEL,0,2018,7,154.5
Belgium,BEL,0,2018,8,154.3
Belgium,BEL,0,2018,9,164.7
Belgium,BEL,0,2018,10,169.7
Belgium,BEL,0,2018,11,173.0
Belgium,BEL,0,2018,12,185.1
Belgium,BEL,0,2019,1,191.5
Belgium,BEL,0,2019,2,181.3
Belgium,BEL,0,2019,3,186.6
Belgium,BEL,0,2019,4,179.8
Belgium,BEL,0,2019,5,190.5
Belgium,BEL,0,2019,6,200.1
Belgium,BEL,0,2019,7,203.3
Belgium,BEL,0,2019,8,215.0
Belgium,BEL,0,2019,9,215.5
Belgium,BEL,0,2019,10,205.6
Belgium,BEL,0,2019,11,202.4
Belgium,BEL,0,2019,12,207.4
Belgium,BEL,0,2020,1,206.5
Belgium,BEL,0,2020,2,218.0
Belgium,BEL,0,2020,3,206.1
Belgium,BEL,0,2020,4,210.2
Belgium,BEL,0,2020,5,212.1
Belgium,BEL,0,2020,6,218.8
Belgium,BEL,0,2020,7,211.8
Belgium,BEL,0,2020,8,214.9
Belgium,BEL,0,2020,9,218.1
Belgium,BEL,0,2020,10,239.5
Belgium,BEL,0,2020,11,240.5
Belgium,BEL,0,2020,12,253.5
Belgium,BEL,0,2021,1,248.2
Belgium,BEL,0,2021,2,236.7
Belgium,BEL,0,2021,3,235.8
Belgium,BEL,0,2021,4,234.8
Belgium,BEL,0,2021,5,236.4
Belgium,BEL,0,2021,6,228.5
Belgium,BEL,0,2021,7,220.5
Belgium,BEL,0,2021,8,227.7
Belgium,BEL,0,2021,9,220.9
Belgium,BEL,0,2021,10,225.8
Belgium,BEL,0,2021,11,224.9
Belgium,BEL,0,2021,12,271.6
Belgium,BEL,0,2022,1,243.0
Belgium,BEL,0,2022,2,258.4
Belgium,BEL,0,2022,3,264.5
Belgium,BEL,0,2022,4,255.6
Belgium,BEL,0,2022,5,268.2
Belgium,BEL,0,2022,6,273.5
Belgium,BEL,0,2022,7,285.4
Belgium,BEL,0,2022,8,287.8
Belgium,BEL,0,2022,9,325.0
Belgium,BEL,0,2022,10,327.2
Belgium,BEL,0,2022,11,334.4
Belgium,BEL,0,2022,12,351.2
Belgium,BEL,0,2023,1,331.1
Belgium,BEL,0,2023,2,330.9
Belgium,BEL,0,2023,3,337.0
Belgium,BEL,0,2023,4,336.6
Belgium,BEL,0,2023,5,335.6
Belgium,BEL,0,2023,6,331.8
Belgium,BEL,0,2023,7,318.7
Belgium,BEL,0,2023,8,316.7
Belgium,BEL,0,2023,9,317.1
Belgium,BEL,0,2023,10,285.4
Belgium,BEL,0,2023,11,296.5
Belgium,BEL,0,2023,12,314.4
Belgium,BEL,0,2024,1,293.1
Belgium,BEL,0,2024,2,320.1
Belgium,BEL,0,2024,3,317.2
Belgium,BEL,0,2024,4,312.5
Belgium,BEL,0,2024,5,313.1
Belgium,BEL,0,2024,6,318.0
Belgium,BEL,0,2024,7,315.9
Belgium,BEL,0,2024,8,325.0
Belgium,BEL,0,2024,9,366.6
Belgium,BEL,0,2024,10,349.7
Belgium,BEL,0,2024,11,361.3
Belgium,BEL,0,2024,12,374.6
Belgium,BEL,0,2025,1,377.7
Belgium,BEL,0,2025,2,394.7
Belgium,BEL,0,2025,3,402.1
Belgium,BEL,0,2025,4,411.0
Belgium,BEL,0,2025,5,415.5
Belgium,BEL,0,2025,6,430.3
Belgium,BEL,0,2025,7,425.4
Belgium,BEL,0,2025,8,451.1
Belgium,BEL,0,2025,9,463.6
Belgium,BEL,0,2025,10,465.5
Belgium,BEL,0,2025,11,481.0
Belgium,BEL,0,2025,12,477.3
Bermuda,BMU,0,2012,1,73.1
Bermuda,BMU,0,2012,2,80.1
Bermuda,BMU,0,2012,3,82.3
Bermuda,BMU,0,2012,4,83.3
Bermuda,BMU,0,2012,5,87.5
Bermuda,BMU,0,2012,6,86.8
Bermuda,BMU,0,2012,7,92.1
Bermuda,BMU,0,2012,8,97.8
Bermuda,BMU,0,2012,9,98.3
Bermuda,BMU,0,2012,10,100.4
Bermuda,BMU,0,2012,11,97.1
Bermuda,BMU,0,2012,12,98.7
Bermuda,BMU,0,2013,1,101.7
Bermuda,BMU,0,2013,2,104.0
Bermuda,BMU,0,2013,3,102.0
Bermuda,BMU,0,2013,4,103.8
Bermuda,BMU,0,2013,5,105.2
Bermuda,BMU,0,2013,6,115.3
Bermuda,BMU,0,2013,7,117.1
Bermuda,BMU,0,2013,8,123.6
Bermuda,BMU,0,2013,9,117.5
Bermuda,BMU,0,2013,10,114.5
Bermuda,BMU,0,2013,11,112.9
Bermuda,BMU,0,2013,12,51.7
Bermuda,BMU,0,2014,1,51.1
Bermuda,BMU,0,2014,2,51.6
Bermuda,BMU,0,2014,3,53.2
Bermuda,BMU,0,2014,4,52.8
Bermuda,BMU,0,2014,5,48.1
Bermuda,BMU,0,2014,6,48.2
Bermuda,BMU,0,2014,7,48.8
Bermuda,BMU,0,2014,8,50.0
Bermuda,BMU,0,2014,9,51.3
Bermuda,BMU,0,2014,10,54.0
Bermuda,BMU,0,2014,11,52.0
Bermuda,BMU,0,2014,12,49.2
Bermuda,BMU,0,2015,1,47.5
Bermuda,BMU,0,2015,2,50.9
Bermuda,BMU,0,2015,3,52.0
Bermuda,BMU,0,2015,4,53.3
Bermuda,BMU,0,2015,5,53.8
Bermuda,BMU,0,2015,6,53.7
Bermuda,BMU,0,2015,7,53.8
Bermuda,BMU,0,2015,8,55.9
Bermuda,BMU,0,2015,9,56.5
Bermuda,BMU,0,2015,10,56.4
Bermuda,BMU,0,2015,11,57.9
Bermuda,BMU,0,2015,12,59.8
Bermuda,BMU,0,2016,1,58.8
Bermuda,BMU,0,2016,2,60.8
Bermuda,BMU,0,2016,3,62.9
Bermuda,BMU,0,2016,4,62.3
Bermuda,BMU,0,2016,5,65.2
Bermuda,BMU,0,2016,6,69.1
Bermuda,BMU,0,2016,7,66.3
Bermuda,BMU,0,2016,8,66.8
Bermuda,BMU,0,2016,9,64.3
Bermuda,BMU,0,2016,10,65.9
Bermuda,BMU,0,2016,11,66.8
Bermuda,BMU,0,2016,12,64.0
Bermuda,BMU,0,2017,1,61.5
Bermuda,BMU,0,2017,2,61.0
Bermuda,BMU,0,2017,3,59.4
Bermuda,BMU,0,2017,4,59.2
Bermuda,BMU,0,2017,5,59.8
Bermuda,BMU,0,2017,6,60.2
Bermuda,BMU,0,2017,7,61.5
Bermuda,BMU,0,2017,8,62.3
Bermuda,BMU,0,2017,9,62.4
Bermuda,BMU,0,2017,10,62.9
Bermuda,BMU,0,2017,11,63.5
Bermuda,BMU,0,2017,12,67.0
Bermuda,BMU,0,2018,1,67.7
Bermuda,BMU,0,2018,2,67.5
Bermuda,BMU,0,2018,3,66.5
Bermuda,BMU,0,2018,4,64.8
Bermuda,BMU,0,2018,5,64.0
Bermuda,BMU,0,2018,6,60.7
Bermuda,BMU,0,2018,7,64.4
Bermuda,BMU,0,2018,8,65.5
Bermuda,BMU,0,2018,9,64.5
Bermuda,BMU,0,2018,10,62.6
Bermuda,BMU,0,2018,11,64.3
Bermuda,BMU,0,2018,12,65.9
Bermuda,BMU,0,2019,1,66.3
Bermuda,BMU,0,2019,2,66.8
Bermuda,BMU,0,2019,3,68.1
Bermuda,BMU,0,2019,4,66.3
Bermuda,BMU,0,2019,5,69.0
Bermuda,BMU,0,2019,6,69.0
Bermuda,BMU,0,2019,7,68.5
Bermuda,BMU,0,2019,8,74.4
Bermuda,BMU,0,2019,9,69.6
Bermuda,BMU,0,2019,10,65.4
Bermuda,BMU,0,2019,11,68.2
Bermuda,BMU,0,2019,12,71.3
Bermuda,BMU,0,2020,1,64.8
Bermuda,BMU,0,2020,2,65.9
Bermuda,BMU,0,2020,3,64.2
Bermuda,BMU,0,2020,4,65.2
Bermuda,BMU,0,2020,5,63.9
Bermuda,BMU,0,2020,6,70.9
Bermuda,BMU,0,2020,7,71.1
Bermuda,BMU,0,2020,8,74.2
Bermuda,BMU,0,2020,9,76.1
Bermuda,BMU,0,2020,10,73.9
Bermuda,BMU,0,2020,11,74.0
Bermuda,BMU,0,2020,12,72.6
Bermuda,BMU,0,2021,1,68.2
Bermuda,BMU,0,2021,2,67.1
Bermuda,BMU,0,2021,3,66.3
Bermuda,BMU,0,2021,4,67.1
Bermuda,BMU,0,2021,5,66.3
Bermuda,BMU,0,2021,6,68.0
Bermuda,BMU,0,2021,7,68.1
Bermuda,BMU,0,2021,8,70.2
Bermuda,BMU,0,2021,9,72.3
Bermuda,BMU,0,2021,10,70.9
Bermuda,BMU,0,2021,11,73.2
Bermuda,BMU,0,2021,12,72.3
Bermuda,BMU,0,2022,1,69.7
Bermuda,BMU,0,2022,2,71.2
Bermuda,BMU,0,2022,3,73.0
Bermuda,BMU,0,2022,4,75.2
Bermuda,BMU,0,2022,5,77.4
Bermuda,BMU,0,2022,6,79.5
Bermuda,BMU,0,2022,7,82.3
Bermuda,BMU,0,2022,8,82.7
Bermuda,BMU,0,2022,9,82.6
Bermuda,BMU,0,2022,10,83.6
Bermuda,BMU,0,2022,11,83.6
Bermuda,BMU,0,2022,12,81.6
Bermuda,BMU,0,2023,1,77.4
Bermuda,BMU,0,2023,2,77.8
Bermuda,BMU,0,2023,3,79.1
Bermuda,BMU,0,2023,4,75.1
Bermuda,BMU,0,2023,5,73.0
Bermuda,BMU,0,2023,6,84.5
Bermuda,BMU,0,2023,7,87.0
Bermuda,BMU,0,2023,8,87.8
Bermuda,BMU,0,2023,9,88.7
Bermuda,BMU,0,2023,10,89.1
Bermuda,BMU,0,2023,11,89.2
Bermuda,BMU,0,2023,12,90.6
Bermuda,BMU,0,2024,1,86.8
Bermuda,BMU,0,2024,2,87.1
Bermuda,BMU,0,2024,3,90.3
Bermuda,BMU,0,2024,4,86.9
Bermuda,BMU,0,2024,5,87.6
Bermuda,BMU,0,2024,6,89.0
Bermuda,BMU,0,2024,7,91.0
Bermuda,BMU,0,2024,8,91.9
Bermuda,BMU,0,2024,9,92.3
Bermuda,BMU,0,2024,10,90.9
Bermuda,BMU,0,2024,11,91.6
Bermuda,BMU,0,2024,12,90.1
Bermuda,BMU,0,2025,1,88.9
Bermuda,BMU,0,2025,2,92.5
Bermuda,BMU,0,2025,3,95.8
Bermuda,BMU,0,2025,4,97.7
Bermuda,BMU,0,2025,5,94.3
Bermuda,BMU,0,2025,6,96.1
Bermuda,BMU,0,2025,7,97.3
Bermuda,BMU,0,2025,8,98.9
Bermuda,BMU,0,2025,9,103.4
Bermuda,BMU,0,2025,10,105.8
Bermuda,BMU,0,2025,11,104.5
Bermuda,BMU,0,2025,12,101.4
Brazil,BRA,0,2002,1,10.9
Brazil,BRA,0,2002,2,10.1
Brazil,BRA,0,2002,3,10.8
Brazil,BRA,0,2002,4,10.4
Brazil,BRA,0,2002,5,10.8
Brazil,BRA,0,2002,6,11.3
Brazil,BRA,0,2002,7,11.2
Brazil,BRA,0,2002,8,10.9
Brazil,BRA,0,2002,9,12.1
Brazil,BRA,0,2002,10,12.4
Brazil,BRA,0,2002,11,13.0
Brazil,BRA,0,2002,12,12.7
Brazil,BRA,0,2003,1,13.0
Brazil,BRA,0,2003,2,13.5
Brazil,BRA,0,2003,3,14.4
Brazil,BRA,0,2003,4,14.2
Brazil,BRA,0,2003,5,15.7
Brazil,BRA,0,2003,6,12.1
Brazil,BRA,0,2003,7,11.7
Brazil,BRA,0,2003,8,12.6
Brazil,BRA,0,2003,9,11.3
Brazil,BRA,0,2003,10,11.7
Brazil,BRA,0,2003,11,11.2
Brazil,BRA,0,2003,12,11.8
Brazil,BRA,0,2004,1,10.7
Brazil,BRA,0,2004,2,11.3
Brazil,BRA,0,2004,3,13.1
Brazil,BRA,0,2004,4,12.2
Brazil,BRA,0,2004,5,12.1
Brazil,BRA,0,2004,6,13.9
Brazil,BRA,0,2004,7,16.9
Brazil,BRA,0,2004,8,16.9
Brazil,BRA,0,2004,9,16.4
Brazil,BRA,0,2004,10,15.7
Brazil,BRA,0,2004,11,15.5
Brazil,BRA,0,2004,12,15.2
Brazil,BRA,0,2005,1,14.0
Brazil,BRA,0,2005,2,13.7
Brazil,BRA,0,2005,3,14.8
Brazil,BRA,0,2005,4,16.4
Brazil,BRA,0,2005,5,17.0
Brazil,BRA,0,2005,6,22.1
Brazil,BRA,0,2005,7,24.5
Brazil,BRA,0,2005,8,25.0
Brazil,BRA,0,2005,9,27.5
Brazil,BRA,0,2005,10,27.1
Brazil,BRA,0,2005,11,28.8
Brazil,BRA,0,2005,12,28.7
Brazil,BRA,0,2006,1,30.1
Brazil,BRA,0,2006,2,33.3
Brazil,BRA,0,2006,3,31.4
Brazil,BRA,0,2006,4,30.8
Brazil,BRA,0,2006,5,32.9
Brazil,BRA,0,2006,6,33.3
Brazil,BRA,0,2006,7,31.7
Brazil,BRA,0,2006,8,43.1
Brazil,BRA,0,2006,9,44.9
Brazil,BRA,0,2006,10,46.4
Brazil,BRA,0,2006,11,51.0
Brazil,BRA,0,2006,12,52.1
Brazil,BRA,0,2007,1,53.7
Brazil,BRA,0,2007,2,60.7
Brazil,BRA,0,2007,3,69.7
Brazil,BRA,0,2007,4,79.7
Brazil,BRA,0,2007,5,81.6
Brazil,BRA,0,2007,6,94.7
Brazil,BRA,0,2007,7,105.7
Brazil,BRA,0,2007,8,107.7
Brazil,BRA,0,2007,9,110.5
Brazil,BRA,0,2007,10,113.9
Brazil,BRA,0,2007,11,121.7
Brazil,BRA,0,2007,12,129.9
Brazil,BRA,0,2008,1,141.7
Brazil,BRA,0,2008,2,146.6
Brazil,BRA,0,2008,3,149.1
Brazil,BRA,0,2008,4,149.5
Brazil,BRA,0,2008,5,151.4
Brazil,BRA,0,2008,6,158.0
Brazil,BRA,0,2008,7,154.8
Brazil,BRA,0,2008,8,152.6
Brazil,BRA,0,2008,9,148.3
Brazil,BRA,0,2008,10,141.0
Brazil,BRA,0,2008,11,136.1
Brazil,BRA,0,2008,12,127.0
Brazil,BRA,0,2009,1,133.5
Brazil,BRA,0,2009,2,130.9
Brazil,BRA,0,2009,3,126.6
Brazil,BRA,0,2009,4,126.0
Brazil,BRA,0,2009,5,127.1
Brazil,BRA,0,2009,6,148.5
Brazil,BRA,0,2009,7,146.8
Brazil,BRA,0,2009,8,146.0
Brazil,BRA,0,2009,9,153.6
Brazil,BRA,0,2009,10,164.9
Brazil,BRA,0,2009,11,165.8
Brazil,BRA,0,2009,12,169.2
Brazil,BRA,0,2010,1,169.0
Brazil,BRA,0,2010,2,170.9
Brazil,BRA,0,2010,3,164.5
Brazil,BRA,0,2010,4,164.4
Brazil,BRA,0,2010,5,161.5
Brazil,BRA,0,2010,6,163.8
Brazil,BRA,0,2010,7,167.7
Brazil,BRA,0,2010,8,170.5
Brazil,BRA,0,2010,9,181.0
Brazil,BRA,0,2010,10,183.0
Brazil,BRA,0,2010,11,189.8
Brazil,BRA,0,2010,12,179.7
Brazil,BRA,0,2011,1,191.2
Brazil,BRA,0,2011,2,194.3
Brazil,BRA,0,2011,3,193.5
Brazil,BRA,0,2011,4,206.9
Brazil,BRA,0,2011,5,211.4
Brazil,BRA,0,2011,6,216.2
Brazil,BRA,0,2011,7,219.1
Brazil,BRA,0,2011,8,219.2
Brazil,BRA,0,2011,9,226.4
Brazil,BRA,0,2011,10,229.4
Brazil,BRA,0,2011,11,226.6
Brazil,BRA,0,2011,12,226.9
Brazil,BRA,0,2012,1,228.2
Brazil,BRA,0,2012,2,228.4
Brazil,BRA,0,2012,3,238.1
Brazil,BRA,0,2012,4,245.9
Brazil,BRA,0,2012,5,245.8
Brazil,BRA,0,2012,6,244.3
Brazil,BRA,0,2012,7,256.5
Brazil,BRA,0,2012,8,259.8
Brazil,BRA,0,2012,9,251.2
Brazil,BRA,0,2012,10,254.1
Brazil,BRA,0,2012,11,255.9
Brazil,BRA,0,2012,12,253.3
Brazil,BRA,0,2013,1,254.1
Brazil,BRA,0,2013,2,256.5
Brazil,BRA,0,2013,3,257.9
Brazil,BRA,0,2013,4,253.1
Brazil,BRA,0,2013,5,255.2
Brazil,BRA,0,2013,6,253.7
Brazil,BRA,0,2013,7,256.4
Brazil,BRA,0,2013,8,252.9
Brazil,BRA,0,2013,9,249.2
Brazil,BRA,0,2013,10,246.7
Brazil,BRA,0,2013,11,246.9
Brazil,BRA,0,2013,12,245.4
Brazil,BRA,0,2014,1,246.0
Brazil,BRA,0,2014,2,243.9
Brazil,BRA,0,2014,3,245.3
Brazil,BRA,0,2014,4,245.8
Brazil,BRA,0,2014,5,250.1
Brazil,BRA,0,2014,6,253.7
Brazil,BRA,0,2014,7,258.6
Brazil,BRA,0,2014,8,261.7
Brazil,BRA,0,2014,9,262.3
Brazil,BRA,0,2014,10,261.7
Brazil,BRA,0,2014,11,264.2
Brazil,BRA,0,2014,12,255.8
Brazil,BRA,0,2015,1,256.5
Brazil,BRA,0,2015,2,259.9
Brazil,BRA,0,2015,3,261.5
Brazil,BRA,0,2015,4,262.7
Brazil,BRA,0,2015,5,258.5
Brazil,BRA,0,2015,6,256.3
Brazil,BRA,0,2015,7,257.9
Brazil,BRA,0,2015,8,255.3
Brazil,BRA,0,2015,9,251.6
Brazil,BRA,0,2015,10,255.0
Brazil,BRA,0,2015,11,255.0
Brazil,BRA,0,2015,12,254.8
Brazil,BRA,0,2016,1,255.7
Brazil,BRA,0,2016,2,247.3
Brazil,BRA,0,2016,3,246.4
Brazil,BRA,0,2016,4,249.1
Brazil,BRA,0,2016,5,249.5
Brazil,BRA,0,2016,6,251.6
Brazil,BRA,0,2016,7,254.1
Brazil,BRA,0,2016,8,256.1
Brazil,BRA,0,2016,9,258.1
Brazil,BRA,0,2016,10,254.7
Brazil,BRA,0,2016,11,258.3
Brazil,BRA,0,2016,12,259.2
Brazil,BRA,0,2017,1,257.7
Brazil,BRA,0,2017,2,257.7
Brazil,BRA,0,2017,3,259.5
Brazil,BRA,0,2017,4,267.7
Brazil,BRA,0,2017,5,269.7
Brazil,BRA,0,2017,6,269.7
Brazil,BRA,0,2017,7,271.9
Brazil,BRA,0,2017,8,273.6
Brazil,BRA,0,2017,9,272.8
Brazil,BRA,0,2017,10,270.0
Brazil,BRA,0,2017,11,265.3
Brazil,BRA,0,2017,12,256.8
Brazil,BRA,0,2018,1,265.7
Brazil,BRA,0,2018,2,272.9
Brazil,BRA,0,2018,3,286.0
Brazil,BRA,0,2018,4,294.1
Brazil,BRA,0,2018,5,299.2
Brazil,BRA,0,2018,6,300.1
Brazil,BRA,0,2018,7,299.7
Brazil,BRA,0,2018,8,317.8
Brazil,BRA,0,2018,9,317.0
Brazil,BRA,0,2018,10,313.9
Brazil,BRA,0,2018,11,311.4
Brazil,BRA,0,2018,12,303.1
Brazil,BRA,0,2019,1,305.1
Brazil,BRA,0,2019,2,307.7
Brazil,BRA,0,2019,3,311.6
Brazil,BRA,0,2019,4,306.7
Brazil,BRA,0,2019,5,305.7
Brazil,BRA,0,2019,6,311.7
Brazil,BRA,0,2019,7,309.9
Brazil,BRA,0,2019,8,313.4
Brazil,BRA,0,2019,9,303.0
Brazil,BRA,0,2019,10,298.5
Brazil,BRA,0,2019,11,293.3
Brazil,BRA,0,2019,12,281.8
Brazil,BRA,0,2020,1,283.3
Brazil,BRA,0,2020,2,285.9
Brazil,BRA,0,2020,3,264.4
Brazil,BRA,0,2020,4,259.5
Brazil,BRA,0,2020,5,264.4
Brazil,BRA,0,2020,6,264.1
Brazil,BRA,0,2020,7,265.7
Brazil,BRA,0,2020,8,265.0
Brazil,BRA,0,2020,9,265.1
Brazil,BRA,0,2020,10,262.9
Brazil,BRA,0,2020,11,262.2
Brazil,BRA,0,2020,12,258.3
Brazil,BRA,0,2021,1,260.4
Brazil,BRA,0,2021,2,259.0
Brazil,BRA,0,2021,3,255.5
Brazil,BRA,0,2021,4,255.3
Brazil,BRA,0,2021,5,251.8
Brazil,BRA,0,2021,6,249.1
Brazil,BRA,0,2021,7,248.5
Brazil,BRA,0,2021,8,248.9
Brazil,BRA,0,2021,9,249.0
Brazil,BRA,0,2021,10,247.7
Brazil,BRA,0,2021,11,244.9
Brazil,BRA,0,2021,12,240.6
Brazil,BRA,0,2022,1,236.1
Brazil,BRA,0,2022,2,237.4
Brazil,BRA,0,2022,3,233.3
Brazil,BRA,0,2022,4,229.2
Brazil,BRA,0,2022,5,228.4
Brazil,BRA,0,2022,6,226.1
Brazil,BRA,0,2022,7,232.9
Brazil,BRA,0,2022,8,227.3
Brazil,BRA,0,2022,9,221.8
Brazil,BRA,0,2022,10,220.1
Brazil,BRA,0,2022,11,225.9
Brazil,BRA,0,2022,12,217.4
Brazil,BRA,0,2023,1,214.0
Brazil,BRA,0,2023,2,215.2
Brazil,BRA,0,2023,3,224.4
Brazil,BRA,0,2023,4,229.8
Brazil,BRA,0,2023,5,230.0
Brazil,BRA,0,2023,6,227.5
Brazil,BRA,0,2023,7,224.7
Brazil,BRA,0,2023,8,223.2
Brazil,BRA,0,2023,9,223.0
Brazil,BRA,0,2023,10,219.4
Brazil,BRA,0,2023,11,224.9
Brazil,BRA,0,2023,12,230.3
Brazil,BRA,0,2024,1,226.8
Brazil,BRA,0,2024,2,225.6
Brazil,BRA,0,2024,3,227.1
Brazil,BRA,0,2024,4,223.6
Brazil,BRA,0,2024,5,223.2
Brazil,BRA,0,2024,6,227.0
Brazil,BRA,0,2024,7,229.1
Brazil,BRA,0,2024,8,233.3
Brazil,BRA,0,2024,9,234.6
Brazil,BRA,0,2024,10,228.8
Brazil,BRA,0,2024,11,229.0
Brazil,BRA,0,2024,12,201.6
Brazil,BRA,0,2025,1,199.4
Brazil,BRA,0,2025,2,207.3
Brazil,BRA,0,2025,3,208.4
Brazil,BRA,0,2025,4,212.1
Brazil,BRA,0,2025,5,212.0
Brazil,BRA,0,2025,6,215.4
Brazil,BRA,0,2025,7,201.8
Brazil,BRA,0,2025,8,184.6
Brazil,BRA,0,2025,9,172.8
Brazil,BRA,0,2025,10,167.8
Brazil,BRA,0,2025,11,168.2
Brazil,BRA,0,2025,12,168.7
Canada,CAN,0,2000,3,15.8
Canada,CAN,0,2000,4,17.6
Canada,CAN,0,2000,5,16.7
Canada,CAN,0,2000,6,17.0
Canada,CAN,0,2000,7,16.0
Canada,CAN,0,2000,8,15.4
Canada,CAN,0,2000,9,16.5
Canada,CAN,0,2000,10,16.9
Canada,CAN,0,2000,11,15.8
Canada,CAN,0,2000,12,14.2
Canada,CAN,0,2001,1,12.8
Canada,CAN,0,2001,2,12.5
Canada,CAN,0,2001,3,12.5
Canada,CAN,0,2001,4,13.7
Canada,CAN,0,2001,5,14.8
Canada,CAN,0,2001,6,15.4
Canada,CAN,0,2001,7,13.8
Canada,CAN,0,2001,8,14.4
Canada,CAN,0,2001,9,15.2
Canada,CAN,0,2001,10,12.1
Canada,CAN,0,2001,11,12.4
Canada,CAN,0,2001,12,15.4
Canada,CAN,0,2002,1,12.4
Canada,CAN,0,2002,2,14.2
Canada,CAN,0,2002,3,15.7
Canada,CAN,0,2002,4,13.7
Canada,CAN,0,2002,5,14.5
Canada,CAN,0,2002,6,11.7
Canada,CAN,0,2002,7,9.7
Canada,CAN,0,2002,8,8.1
Canada,CAN,0,2002,9,8.6
Canada,CAN,0,2002,10,6.1
Canada,CAN,0,2002,11,9.0
Canada,CAN,0,2002,12,10.4
Canada,CAN,0,2003,1,8.6
Canada,CAN,0,2003,2,7.3
Canada,CAN,0,2003,3,9.3
Canada,CAN,0,2003,4,11.0
Canada,CAN,0,2003,5,8.4
Canada,CAN,0,2003,6,15.7
Canada,CAN,0,2003,7,20.2
Canada,CAN,0,2003,8,22.6
Canada,CAN,0,2003,9,23.0
Canada,CAN,0,2003,10,18.8
Canada,CAN,0,2003,11,20.3
Canada,CAN,0,2003,12,24.2
Canada,CAN,0,2004,1,26.3
Canada,CAN,0,2004,2,28.6
Canada,CAN,0,2004,3,31.1
Canada,CAN,0,2004,4,33.8
Canada,CAN,0,2004,5,33.8
Canada,CAN,0,2004,6,23.2
Canada,CAN,0,2004,7,25.9
Canada,CAN,0,2004,8,25.7
Canada,CAN,0,2004,9,26.1
Canada,CAN,0,2004,10,26.6
Canada,CAN,0,2004,11,32.3
Canada,CAN,0,2004,12,33.3
Canada,CAN,0,2005,1,35.4
Canada,CAN,0,2005,2,38.1
Canada,CAN,0,2005,3,38.4
Canada,CAN,0,2005,4,42.1
Canada,CAN,0,2005,5,41.1
Canada,CAN,0,2005,6,18.5
Canada,CAN,0,2005,7,21.4
Canada,CAN,0,2005,8,23.0
Canada,CAN,0,2005,9,22.4
Canada,CAN,0,2005,10,26.3
Canada,CAN,0,2005,11,28.5
Canada,CAN,0,2005,12,27.9
Canada,CAN,0,2006,1,29.6
Canada,CAN,0,2006,2,32.1
Canada,CAN,0,2006,3,33.0
Canada,CAN,0,2006,4,34.9
Canada,CAN,0,2006,5,38.6
Canada,CAN,0,2006,6,21.5
Canada,CAN,0,2006,7,21.6
Canada,CAN,0,2006,8,28.3
Canada,CAN,0,2006,9,28.8
Canada,CAN,0,2006,10,28.9
Canada,CAN,0,2006,11,27.2
Canada,CAN,0,2006,12,26.9
Canada,CAN,0,2007,1,28.4
Canada,CAN,0,2007,2,30.1
Canada,CAN,0,2007,3,31.5
Canada,CAN,0,2007,4,29.8
Canada,CAN,0,2007,5,33.6
Canada,CAN,0,2007,6,24.6
Canada,CAN,0,2007,7,23.3
Canada,CAN,0,2007,8,18.8
Canada,CAN,0,2007,9,17.3
Canada,CAN,0,2007,10,15.9
Canada,CAN,0,2007,11,24.0
Canada,CAN,0,2007,12,18.7
Canada,CAN,0,2009,1,8.4
Canada,CAN,0,2009,2,10.3
Canada,CAN,0,2009,3,11.3
Canada,CAN,0,2009,4,12.5
Canada,CAN,0,2009,5,11.0
Canada,CAN,0,2009,6,23.0
Canada,CAN,0,2009,7,24.1
Canada,CAN,0,2009,8,30.2
Canada,CAN,0,2009,9,42.3
Canada,CAN,0,2009,10,44.8
Canada,CAN,0,2009,11,50.7
Canada,CAN,0,2009,12,52.8
Canada,CAN,0,2010,1,54.7
Canada,CAN,0,2010,2,67.1
Canada,CAN,0,2010,3,77.1
Canada,CAN,0,2010,4,81.9
Canada,CAN,0,2010,5,84.8
Canada,CAN,0,2010,6,35.9
Canada,CAN,0,2010,7,41.8
Canada,CAN,0,2010,8,43.9
Canada,CAN,0,2010,9,55.6
Canada,CAN,0,2010,10,65.2
Canada,CAN,0,2010,11,74.8
Canada,CAN,0,2010,12,74.7
Canada,CAN,0,2011,1,85.5
Canada,CAN,0,2011,2,93.2
Canada,CAN,0,2011,3,93.7
Canada,CAN,0,2011,4,90.1
Canada,CAN,0,2011,5,93.1
Canada,CAN,0,2011,6,44.7
Canada,CAN,0,2011,7,46.8
Canada,CAN,0,2011,8,46.6
Canada,CAN,0,2011,9,45.1
Canada,CAN,0,2011,10,46.4
Canada,CAN,0,2011,11,48.7
Canada,CAN,0,2011,12,45.1
Canada,CAN,0,2012,1,47.3
Canada,CAN,0,2012,2,53.5
Canada,CAN,0,2012,3,54.3
Canada,CAN,0,2012,4,64.0
Canada,CAN,0,2012,5,55.9
Canada,CAN,0,2012,6,52.9
Canada,CAN,0,2012,7,61.3
Canada,CAN,0,2012,8,61.3
Canada,CAN,0,2012,9,60.6
Canada,CAN,0,2012,10,58.3
Canada,CAN,0,2012,11,59.8
Canada,CAN,0,2012,12,66.2
Canada,CAN,0,2013,1,61.7
Canada,CAN,0,2013,2,65.5
Canada,CAN,0,2013,3,64.4
Canada,CAN,0,2013,4,66.2
Canada,CAN,0,2013,5,60.7
Canada,CAN,0,2013,6,65.0
Canada,CAN,0,2013,7,65.6
Canada,CAN,0,2013,8,60.4
Canada,CAN,0,2013,9,62.4
Canada,CAN,0,2013,10,58.0
Canada,CAN,0,2013,11,57.0
Canada,CAN,0,2013,12,55.9
Canada,CAN,0,2014,1,55.5
Canada,CAN,0,2014,2,59.4
Canada,CAN,0,2014,3,60.2
Canada,CAN,0,2014,4,60.7
Canada,CAN,0,2014,5,62.8
Canada,CAN,0,2014,6,66.2
Canada,CAN,0,2014,7,66.3
Canada,CAN,0,2014,8,64.9
Canada,CAN,0,2014,9,64.6
Canada,CAN,0,2014,10,62.5
Canada,CAN,0,2014,11,64.1
Canada,CAN,0,2014,12,69.0
Canada,CAN,0,2015,1,69.7
Canada,CAN,0,2015,2,70.5
Canada,CAN,0,2015,3,73.1
Canada,CAN,0,2015,4,72.0
Canada,CAN,0,2015,5,70.9
Canada,CAN,0,2015,6,68.1
Canada,CAN,0,2015,7,69.2
Canada,CAN,0,2015,8,66.8
Canada,CAN,0,2015,9,69.2
Canada,CAN,0,2015,10,66.8
Canada,CAN,0,2015,11,68.3
Canada,CAN,0,2015,12,72.4
Canada,CAN,0,2016,1,70.7
Canada,CAN,0,2016,2,69.4
Canada,CAN,0,2016,3,81.5
Canada,CAN,0,2016,4,81.9
Canada,CAN,0,2016,5,76.6
Canada,CAN,0,2016,6,85.3
Canada,CAN,0,2016,7,81.3
Canada,CAN,0,2016,8,81.9
Canada,CAN,0,2016,9,85.0
Canada,CAN,0,2016,10,81.4
Canada,CAN,0,2016,11,81.2
Canada,CAN,0,2016,12,82.9
Canada,CAN,0,2017,1,80.0
Canada,CAN,0,2017,2,81.9
Canada,CAN,0,2017,3,77.5
Canada,CAN,0,2017,4,80.4
Canada,CAN,0,2017,5,80.1
Canada,CAN,0,2017,6,76.5
Canada,CAN,0,2017,7,75.5
Canada,CAN,0,2017,8,73.6
Canada,CAN,0,2017,9,75.0
Canada,CAN,0,2017,10,78.0
Canada,CAN,0,2017,11,82.4
Canada,CAN,0,2017,12,86.1
Canada,CAN,0,2018,1,86.1
Canada,CAN,0,2018,2,89.1
Canada,CAN,0,2018,3,93.0
Canada,CAN,0,2018,4,89.4
Canada,CAN,0,2018,5,96.7
Canada,CAN,0,2018,6,102.3
Canada,CAN,0,2018,7,96.1
Canada,CAN,0,2018,8,96.2
Canada,CAN,0,2018,9,94.1
Canada,CAN,0,2018,10,101.9
Canada,CAN,0,2018,11,106.3
Canada,CAN,0,2018,12,96.2
Canada,CAN,0,2019,1,99.2
Canada,CAN,0,2019,2,97.6
Canada,CAN,0,2019,3,99.6
Canada,CAN,0,2019,4,102.1
Canada,CAN,0,2019,5,100.5
Canada,CAN,0,2019,6,111.3
Canada,CAN,0,2019,7,148.4
Canada,CAN,0,2019,8,157.8
Canada,CAN,0,2019,9,153.4
Canada,CAN,0,2019,10,157.1
Canada,CAN,0,2019,11,155.2
Canada,CAN,0,2019,12,143.3
Canada,CAN,0,2020,1,157.9
Canada,CAN,0,2020,2,148.3
Canada,CAN,0,2020,3,131.5
Canada,CAN,0,2020,4,136.3
Canada,CAN,0,2020,5,129.9
Canada,CAN,0,2020,6,127.6
Canada,CAN,0,2020,7,133.9
Canada,CAN,0,2020,8,131.1
Canada,CAN,0,2020,9,128.0
Canada,CAN,0,2020,10,131.3
Canada,CAN,0,2020,11,127.4
Canada,CAN,0,2020,12,119.9
Canada,CAN,0,2021,1,126.6
Canada,CAN,0,2021,2,112.7
Canada,CAN,0,2021,3,106.0
Canada,CAN,0,2021,4,116.1
Canada,CAN,0,2021,5,121.1
Canada,CAN,0,2021,6,167.8
Canada,CAN,0,2021,7,167.0
Canada,CAN,0,2021,8,169.2
Canada,CAN,0,2021,9,167.1
Canada,CAN,0,2021,10,200.3
Canada,CAN,0,2021,11,195.1
Canada,CAN,0,2021,12,219.7
Canada,CAN,0,2022,1,217.6
Canada,CAN,0,2022,2,224.1
Canada,CAN,0,2022,3,236.5
Canada,CAN,0,2022,4,234.7
Canada,CAN,0,2022,5,225.5
Canada,CAN,0,2022,6,206.2
Canada,CAN,0,2022,7,227.9
Canada,CAN,0,2022,8,228.2
Canada,CAN,0,2022,9,199.9
Canada,CAN,0,2022,10,218.2
Canada,CAN,0,2022,11,228.8
Canada,CAN,0,2022,12,215.1
Canada,CAN,0,2023,1,254.1
Canada,CAN,0,2023,2,235.3
Canada,CAN,0,2023,3,245.3
Canada,CAN,0,2023,4,247.1
Canada,CAN,0,2023,5,265.9
Canada,CAN,0,2023,6,275.6
Canada,CAN,0,2023,7,293.9
Canada,CAN,0,2023,8,295.1
Canada,CAN,0,2023,9,280.5
Canada,CAN,0,2023,10,281.5
Canada,CAN,0,2023,11,321.2
Canada,CAN,0,2023,12,348.5
Canada,CAN,0,2024,1,351.3
Canada,CAN,0,2024,2,365.3
Canada,CAN,0,2024,3,369.4
Canada,CAN,0,2024,4,341.6
Canada,CAN,0,2024,5,356.3
Canada,CAN,0,2024,6,372.5
Canada,CAN,0,2024,7,375.3
Canada,CAN,0,2024,8,362.9
Canada,CAN,0,2024,9,367.9
Canada,CAN,0,2024,10,363.7
Canada,CAN,0,2024,11,372.4
Canada,CAN,0,2024,12,378.8
Canada,CAN,0,2025,1,350.8
Canada,CAN,0,2025,2,406.4
Canada,CAN,0,2025,3,426.3
Canada,CAN,0,2025,4,368.5
Canada,CAN,0,2025,5,430.1
Canada,CAN,0,2025,6,438.9
Canada,CAN,0,2025,7,381.8
Canada,CAN,0,2025,8,444.0
Canada,CAN,0,2025,9,476.1
Canada,CAN,0,2025,10,419.0
Canada,CAN,0,2025,11,472.4
Canada,CAN,0,2025,12,468.3
Cayman Islands,CYM,0,2012,1,119.5
Cayman Islands,CYM,0,2012,2,122.2
Cayman Islands,CYM,0,2012,3,123.6
Cayman Islands,CYM,0,2012,4,123.3
Cayman Islands,CYM,0,2012,5,126.3
Cayman Islands,CYM,0,2012,6,127.9
Cayman Islands,CYM,0,2012,7,129.7
Cayman Islands,CYM,0,2012,8,142.3
Cayman Islands,CYM,0,2012,9,138.5
Cayman Islands,CYM,0,2012,10,147.7
Cayman Islands,CYM,0,2012,11,140.0
Cayman Islands,CYM,0,2012,12,142.1
Cayman Islands,CYM,0,2013,1,146.1
Cayman Islands,CYM,0,2013,2,152.4
Cayman Islands,CYM,0,2013,3,156.3
Cayman Islands,CYM,0,2013,4,156.5
Cayman Islands,CYM,0,2013,5,154.1
Cayman Islands,CYM,0,2013,6,152.3
Cayman Islands,CYM,0,2013,7,147.4
Cayman Islands,CYM,0,2013,8,153.2
Cayman Islands,CYM,0,2013,9,158.8
Cayman Islands,CYM,0,2013,10,154.4
Cayman Islands,CYM,0,2013,11,154.8
Cayman Islands,CYM,0,2013,12,162.5
Cayman Islands,CYM,0,2014,1,162.4
Cayman Islands,CYM,0,2014,2,159.5
Cayman Islands,CYM,0,2014,3,167.8
Cayman Islands,CYM,0,2014,4,162.3
Cayman Islands,CYM,0,2014,5,167.6
Cayman Islands,CYM,0,2014,6,169.8
Cayman Islands,CYM,0,2014,7,169.4
Cayman Islands,CYM,0,2014,8,165.2
Cayman Islands,CYM,0,2014,9,169.3
Cayman Islands,CYM,0,2014,10,175.3
Cayman Islands,CYM,0,2014,11,182.6
Cayman Islands,CYM,0,2014,12,187.9
Cayman Islands,CYM,0,2015,1,191.2
Cayman Islands,CYM,0,2015,2,194.8
Cayman Islands,CYM,0,2015,3,201.8
Cayman Islands,CYM,0,2015,4,203.3
Cayman Islands,CYM,0,2015,5,216.1
Cayman Islands,CYM,0,2015,6,221.1
Cayman Islands,CYM,0,2015,7,224.5
Cayman Islands,CYM,0,2015,8,228.4
Cayman Islands,CYM,0,2015,9,224.3
Cayman Islands,CYM,0,2015,10,226.0
Cayman Islands,CYM,0,2015,11,236.5
Cayman Islands,CYM,0,2015,12,249.8
Cayman Islands,CYM,0,2016,1,251.1
Cayman Islands,CYM,0,2016,2,255.6
Cayman Islands,CYM,0,2016,3,265.4
Cayman Islands,CYM,0,2016,4,259.4
Cayman Islands,CYM,0,2016,5,260.7
Cayman Islands,CYM,0,2016,6,270.0
Cayman Islands,CYM,0,2016,7,264.6
Cayman Islands,CYM,0,2016,8,264.4
Cayman Islands,CYM,0,2016,9,262.6
Cayman Islands,CYM,0,2016,10,262.2
Cayman Islands,CYM,0,2016,11,260.8
Cayman Islands,CYM,0,2016,12,261.3
Cayman Islands,CYM,0,2017,1,254.3
Cayman Islands,CYM,0,2017,2,256.8
Cayman Islands,CYM,0,2017,3,248.2
Cayman Islands,CYM,0,2017,4,243.6
Cayman Islands,CYM,0,2017,5,250.1
Cayman Islands,CYM,0,2017,6,249.3
Cayman Islands,CYM,0,2017,7,240.5
Cayman Islands,CYM,0,2017,8,242.9
Cayman Islands,CYM,0,2017,9,246.9
Cayman Islands,CYM,0,2017,10,247.2
Cayman Islands,CYM,0,2017,11,240.4
Cayman Islands,CYM,0,2017,12,170.6
Cayman Islands,CYM,0,2018,1,168.2
Cayman Islands,CYM,0,2018,2,177.5
Cayman Islands,CYM,0,2018,3,166.1
Cayman Islands,CYM,0,2018,4,181.3
Cayman Islands,CYM,0,2018,5,186.2
Cayman Islands,CYM,0,2018,6,191.3
Cayman Islands,CYM,0,2018,7,198.1
Cayman Islands,CYM,0,2018,8,197.7
Cayman Islands,CYM,0,2018,9,200.4
Cayman Islands,CYM,0,2018,10,208.3
Cayman Islands,CYM,0,2018,11,207.6
Cayman Islands,CYM,0,2018,12,225.6
Cayman Islands,CYM,0,2019,1,209.2
Cayman Islands,CYM,0,2019,2,210.0
Cayman Islands,CYM,0,2019,3,219.4
Cayman Islands,CYM,0,2019,4,217.2
Cayman Islands,CYM,0,2019,5,216.1
Cayman Islands,CYM,0,2019,6,225.0
Cayman Islands,CYM,0,2019,7,233.2
Cayman Islands,CYM,0,2019,8,248.8
Cayman Islands,CYM,0,2019,9,250.9
Cayman Islands,CYM,0,2019,10,236.8
Cayman Islands,CYM,0,2019,11,234.2
Cayman Islands,CYM,0,2019,12,238.2
Cayman Islands,CYM,0,2020,1,225.1
Cayman Islands,CYM,0,2020,2,228.2
Cayman Islands,CYM,0,2020,3,209.4
Cayman Islands,CYM,0,2020,4,213.1
Cayman Islands,CYM,0,2020,5,216.7
Cayman Islands,CYM,0,2020,6,229.6
Cayman Islands,CYM,0,2020,7,222.3
Cayman Islands,CYM,0,2020,8,229.0
Cayman Islands,CYM,0,2020,9,231.6
Cayman Islands,CYM,0,2020,10,221.5
Cayman Islands,CYM,0,2020,11,222.9
Cayman Islands,CYM,0,2020,12,222.9
Cayman Islands,CYM,0,2021,1,216.8
Cayman Islands,CYM,0,2021,2,216.0
Cayman Islands,CYM,0,2021,3,215.2
Cayman Islands,CYM,0,2021,4,226.4
Cayman Islands,CYM,0,2021,5,229.4
Cayman Islands,CYM,0,2021,6,260.1
Cayman Islands,CYM,0,2021,7,263.8
Cayman Islands,CYM,0,2021,8,263.5
Cayman Islands,CYM,0,2021,9,266.8
Cayman Islands,CYM,0,2021,10,271.9
Cayman Islands,CYM,0,2021,11,262.1
Cayman Islands,CYM,0,2021,12,262.8
Cayman Islands,CYM,0,2022,1,272.1
Cayman Islands,CYM,0,2022,2,275.9
Cayman Islands,CYM,0,2022,3,293.9
Cayman Islands,CYM,0,2022,4,292.5
Cayman Islands,CYM,0,2022,5,295.4
Cayman Islands,CYM,0,2022,6,302.3
Cayman Islands,CYM,0,2022,7,293.4
Cayman Islands,CYM,0,2022,8,308.6
Cayman Islands,CYM,0,2022,9,301.5
Cayman Islands,CYM,0,2022,10,291.7
Cayman Islands,CYM,0,2022,11,293.4
Cayman Islands,CYM,0,2022,12,292.6
Cayman Islands,CYM,0,2023,1,292.3
Cayman Islands,CYM,0,2023,2,292.6
Cayman Islands,CYM,0,2023,3,297.3
Cayman Islands,CYM,0,2023,4,285.1
Cayman Islands,CYM,0,2023,5,273.3
Cayman Islands,CYM,0,2023,6,284.4
Cayman Islands,CYM,0,2023,7,305.7
Cayman Islands,CYM,0,2023,8,318.7
Cayman Islands,CYM,0,2023,9,323.4
Cayman Islands,CYM,0,2023,10,333.2
Cayman Islands,CYM,0,2023,11,329.0
Cayman Islands,CYM,0,2023,12,314.8
Cayman Islands,CYM,0,2024,1,327.9
Cayman Islands,CYM,0,2024,2,309.9
Cayman Islands,CYM,0,2024,3,310.8
Cayman Islands,CYM,0,2024,4,326.0
Cayman Islands,CYM,0,2024,5,342.7
Cayman Islands,CYM,0,2024,6,326.3
Cayman Islands,CYM,0,2024,7,380.1
Cayman Islands,CYM,0,2024,8,424.2
Cayman Islands,CYM,0,2024,9,424.6
Cayman Islands,CYM,0,2024,10,418.3
Cayman Islands,CYM,0,2024,11,405.3
Cayman Islands,CYM,0,2024,12,423.0
Cayman Islands,CYM,0,2025,1,406.9
Cayman Islands,CYM,0,2025,2,416.0
Cayman Islands,CYM,0,2025,3,453.5
Cayman Islands,CYM,0,2025,4,446.4
Cayman Islands,CYM,0,2025,5,441.2
Cayman Islands,CYM,0,2025,6,440.9
Cayman Islands,CYM,0,2025,7,436.8
Cayman Islands,CYM,0,2025,8,410.5
Cayman Islands,CYM,0,2025,9,426.8
Cayman Islands,CYM,0,2025,10,418.5
Cayman Islands,CYM,0,2025,11,427.6
Cayman Islands,CYM,0,2025,12,421.6
Chile,CHL,0,2008,1,9.0
Chile,CHL,0,2008,2,8.5
Chile,CHL,0,2008,3,9.7
Chile,CHL,0,2008,4,10.2
Chile,CHL,0,2008,5,11.1
Chile,CHL,0,2008,6,12.2
Chile,CHL,0,2008,7,13.6
Chile,CHL,0,2008,8,13.0
Chile,CHL,0,2008,9,13.4
Chile,CHL,0,2008,10,15.4
Chile,CHL,0,2008,11,15.1
Chile,CHL,0,2008,12,15.2
Chile,CHL,0,2009,1,15.2
Chile,CHL,0,2009,2,15.2
Chile,CHL,0,2009,3,15.5
Chile,CHL,0,2009,4,15.1
Chile,CHL,0,2009,5,14.7
Chile,CHL,0,2009,6,14.2
Chile,CHL,0,2009,7,13.4
Chile,CHL,0,2009,8,12.9
Chile,CHL,0,2009,9,12.8
Chile,CHL,0,2009,10,12.4
Chile,CHL,0,2009,11,12.1
Chile,CHL,0,2009,12,12.4
Chile,CHL,0,2010,1,12.5
Chile,CHL,0,2010,2,12.3
Chile,CHL,0,2010,3,11.9
Chile,CHL,0,2010,4,12.0
Chile,CHL,0,2010,5,12.0
Chile,CHL,0,2010,6,12.0
Chile,CHL,0,2010,7,13.1
Chile,CHL,0,2010,8,13.0
Chile,CHL,0,2010,9,13.0
Chile,CHL,0,2010,10,13.4
Chile,CHL,0,2010,11,13.4
Chile,CHL,0,2010,12,13.9
Chile,CHL,0,2011,1,15.0
Chile,CHL,0,2011,2,16.0
Chile,CHL,0,2011,3,16.7
Chile,CHL,0,2011,4,18.6
Chile,CHL,0,2011,5,21.9
Chile,CHL,0,2011,6,20.0
Chile,CHL,0,2011,7,19.6
Chile,CHL,0,2011,8,22.0
Chile,CHL,0,2011,9,22.2
Chile,CHL,0,2011,10,24.7
Chile,CHL,0,2011,11,24.9
Chile,CHL,0,2011,12,23.0
Chile,CHL,0,2012,1,22.3
Chile,CHL,0,2012,2,22.5
Chile,CHL,0,2012,3,21.9
Chile,CHL,0,2012,4,24.5
Chile,CHL,0,2012,5,26.4
Chile,CHL,0,2012,6,26.7
Chile,CHL,0,2012,7,29.7
Chile,CHL,0,2012,8,30.1
Chile,CHL,0,2012,9,30.3
Chile,CHL,0,2012,10,30.9
Chile,CHL,0,2012,11,32.1
Chile,CHL,0,2012,12,33.0
Chile,CHL,0,2013,1,32.8
Chile,CHL,0,2013,2,33.6
Chile,CHL,0,2013,3,31.9
Chile,CHL,0,2013,4,32.1
Chile,CHL,0,2013,5,31.1
Chile,CHL,0,2013,6,29.6
Chile,CHL,0,2013,7,29.2
Chile,CHL,0,2013,8,28.0
Chile,CHL,0,2013,9,26.7
Chile,CHL,0,2013,10,26.2
Chile,CHL,0,2013,11,25.9
Chile,CHL,0,2013,12,26.1
Chile,CHL,0,2014,1,27.1
Chile,CHL,0,2014,2,27.9
Chile,CHL,0,2014,3,28.5
Chile,CHL,0,2014,4,26.4
Chile,CHL,0,2014,5,26.8
Chile,CHL,0,2014,6,27.2
Chile,CHL,0,2014,7,26.7
Chile,CHL,0,2014,8,27.0
Chile,CHL,0,2014,9,26.4
Chile,CHL,0,2014,10,24.7
Chile,CHL,0,2014,11,24.1
Chile,CHL,0,2014,12,25.5
Chile,CHL,0,2015,1,25.2
Chile,CHL,0,2015,2,25.7
Chile,CHL,0,2015,3,28.6
Chile,CHL,0,2015,4,28.3
Chile,CHL,0,2015,5,28.5
Chile,CHL,0,2015,6,29.0
Chile,CHL,0,2015,7,29.2
Chile,CHL,0,2015,8,28.3
Chile,CHL,0,2015,9,27.8
Chile,CHL,0,2015,10,27.7
Chile,CHL,0,2015,11,27.9
Chile,CHL,0,2015,12,27.3
Chile,CHL,0,2016,1,28.5
Chile,CHL,0,2016,2,30.7
Chile,CHL,0,2016,3,31.7
Chile,CHL,0,2016,4,30.7
Chile,CHL,0,2016,5,31.0
Chile,CHL,0,2016,6,33.4
Chile,CHL,0,2016,7,33.8
Chile,CHL,0,2016,8,31.8
Chile,CHL,0,2016,9,30.8
Chile,CHL,0,2016,10,31.0
Chile,CHL,0,2016,11,29.7
Chile,CHL,0,2016,12,29.2
Chile,CHL,0,2017,1,28.2
Chile,CHL,0,2017,2,27.7
Chile,CHL,0,2017,3,27.7
Chile,CHL,0,2017,4,27.6
Chile,CHL,0,2017,5,27.3
Chile,CHL,0,2017,6,27.4
Chile,CHL,0,2017,7,27.1
Chile,CHL,0,2017,8,26.2
Chile,CHL,0,2017,9,25.6
Chile,CHL,0,2017,10,28.8
Chile,CHL,0,2017,11,29.2
Chile,CHL,0,2017,12,28.9
Chile,CHL,0,2018,1,29.4
Chile,CHL,0,2018,2,30.8
Chile,CHL,0,2018,3,30.6
Chile,CHL,0,2018,4,29.1
Chile,CHL,0,2018,5,30.2
Chile,CHL,0,2018,6,29.2
Chile,CHL,0,2018,7,28.8
Chile,CHL,0,2018,8,28.7
Chile,CHL,0,2018,9,28.9
Chile,CHL,0,2018,10,29.3
Chile,CHL,0,2018,11,28.9
Chile,CHL,0,2018,12,28.7
Chile,CHL,0,2019,1,29.4
Chile,CHL,0,2019,2,30.0
Chile,CHL,0,2019,3,28.6
Chile,CHL,0,2019,4,28.9
Chile,CHL,0,2019,5,29.8
Chile,CHL,0,2019,6,29.2
Chile,CHL,0,2019,7,30.6
Chile,CHL,0,2019,8,31.1
Chile,CHL,0,2019,9,30.5
Chile,CHL,0,2019,10,29.8
Chile,CHL,0,2019,11,29.4
Chile,CHL,0,2019,12,30.8
Chile,CHL,0,2021,1,30.1
Chile,CHL,0,2021,2,38.2
Chile,CHL,0,2021,3,38.3
Chile,CHL,0,2021,4,38.0
Chile,CHL,0,2021,5,39.4
Chile,CHL,0,2021,6,38.0
Chile,CHL,0,2021,7,40.9
Chile,CHL,0,2021,8,38.3
Chile,CHL,0,2021,9,38.8
Chile,CHL,0,2021,10,37.8
Chile,CHL,0,2021,11,36.4
Chile,CHL,0,2021,12,35.8
Chile,CHL,0,2022,1,35.3
Chile,CHL,0,2022,2,37.2
Chile,CHL,0,2022,3,37.4
Chile,CHL,0,2022,4,36.5
Chile,CHL,0,2022,5,39.4
Chile,CHL,0,2022,6,40.5
Chile,CHL,0,2022,7,38.1
Chile,CHL,0,2022,8,36.0
Chile,CHL,0,2022,9,34.0
Chile,CHL,0,2022,10,33.8
Chile,CHL,0,2022,11,34.2
Chile,CHL,0,2022,12,34.0
Chile,CHL,0,2023,1,34.2
Chile,CHL,0,2023,2,34.7
Chile,CHL,0,2023,3,35.7
Chile,CHL,0,2023,4,37.4
Chile,CHL,0,2023,5,38.9
Chile,CHL,0,2023,6,39.9
Chile,CHL,0,2023,7,43.3
Chile,CHL,0,2023,8,41.9
Chile,CHL,0,2023,9,40.0
Chile,CHL,0,2023,10,39.3
Chile,CHL,0,2023,11,40.4
Chile,CHL,0,2023,12,40.3
Chile,CHL,0,2024,1,40.7
Chile,CHL,0,2024,2,39.4
Chile,CHL,0,2024,3,39.8
Chile,CHL,0,2024,4,37.9
Chile,CHL,0,2024,5,37.7
Chile,CHL,0,2024,6,36.1
Chile,CHL,0,2024,7,36.0
Chile,CHL,0,2024,8,35.3
Chile,CHL,0,2024,9,36.0
Chile,CHL,0,2024,10,34.9
Chile,CHL,0,2024,11,34.7
Chile,CHL,0,2024,12,34.3
Chile,CHL,0,2025,1,35.1
Chile,CHL,0,2025,2,36.0
Chile,CHL,0,2025,3,37.1
Chile,CHL,0,2025,4,38.2
Chile,CHL,0,2025,5,38.1
Chile,CHL,0,2025,6,39.2
Chile,CHL,0,2025,7,38.9
Chile,CHL,0,2025,8,39.1
Chile,CHL,0,2025,9,38.9
Chile,CHL,0,2025,10,39.5
Chile,CHL,0,2025,11,39.6
Chile,CHL,0,2025,12,39.6
"China, Mainland",CHN,0,2000,3,71.4
"China, Mainland",CHN,0,2000,4,71.7
"China, Mainland",CHN,0,2000,5,72.5
"China, Mainland",CHN,0,2000,6,67.5
"China, Mainland",CHN,0,2000,7,66.4
"China, Mainland",CHN,0,2000,8,62.6
"China, Mainland",CHN,0,2000,9,62.1
"China, Mainland",CHN,0,2000,10,59.5
"China, Mainland",CHN,0,2000,11,58.9
"China, Mainland",CHN,0,2000,12,60.3
"China, Mainland",CHN,0,2001,1,61.5
"China, Mainland",CHN,0,2001,2,63.7
"China, Mainland",CHN,0,2001,3,69.8
"China, Mainland",CHN,0,2001,4,69.2
"China, Mainland",CHN,0,2001,5,69.2
"China, Mainland",CHN,0,2001,6,72.7
"China, Mainland",CHN,0,2001,7,74.2
"China, Mainland",CHN,0,2001,8,73.4
"China, Mainland",CHN,0,2001,9,72.0
"China, Mainland",CHN,0,2001,10,72.3
"China, Mainland",CHN,0,2001,11,77.9
"China, Mainland",CHN,0,2001,12,78.6
"China, Mainland",CHN,0,2002,1,77.5
"China, Mainland",CHN,0,2002,2,76.5
"China, Mainland",CHN,0,2002,3,84.5
"China, Mainland",CHN,0,2002,4,82.4
"China, Mainland",CHN,0,2002,5,81.3
"China, Mainland",CHN,0,2002,6,96.5
"China, Mainland",CHN,0,2002,7,96.9
"China, Mainland",CHN,0,2002,8,102.3
"China, Mainland",CHN,0,2002,9,104.7
"China, Mainland",CHN,0,2002,10,106.5
"China, Mainland",CHN,0,2002,11,112.4
"China, Mainland",CHN,0,2002,12,118.4
"China, Mainland",CHN,0,2003,1,120.7
"China, Mainland",CHN,0,2003,2,121.8
"China, Mainland",CHN,0,2003,3,133.2
"China, Mainland",CHN,0,2003,4,134.0
"China, Mainland",CHN,0,2003,5,135.8
"China, Mainland",CHN,0,2003,6,147.1
"China, Mainland",CHN,0,2003,7,151.3
"China, Mainland",CHN,0,2003,8,148.8
"China, Mainland",CHN,0,2003,9,147.1
"China, Mainland",CHN,0,2003,10,151.5
"China, Mainland",CHN,0,2003,11,154.2
"China, Mainland",CHN,0,2003,12,159.0
"China, Mainland",CHN,0,2004,1,157.6
"China, Mainland",CHN,0,2004,2,155.0
"China, Mainland",CHN,0,2004,3,158.7
"China, Mainland",CHN,0,2004,4,163.9
"China, Mainland",CHN,0,2004,5,165.8
"China, Mainland",CHN,0,2004,6,194.3
"China, Mainland",CHN,0,2004,7,196.4
"China, Mainland",CHN,0,2004,8,201.6
"China, Mainland",CHN,0,2004,9,209.4
"China, Mainland",CHN,0,2004,10,214.8
"China, Mainland",CHN,0,2004,11,220.2
"China, Mainland",CHN,0,2004,12,222.9
"China, Mainland",CHN,0,2005,1,223.5
"China, Mainland",CHN,0,2005,2,224.9
"China, Mainland",CHN,0,2005,3,223.7
"China, Mainland",CHN,0,2005,4,240.2
"China, Mainland",CHN,0,2005,5,243.1
"China, Mainland",CHN,0,2005,6,298.0
"China, Mainland",CHN,0,2005,7,296.4
"China, Mainland",CHN,0,2005,8,302.1
"China, Mainland",CHN,0,2005,9,306.3
"China, Mainland",CHN,0,2005,10,301.7
"China, Mainland",CHN,0,2005,11,303.9
"China, Mainland",CHN,0,2005,12,310.0
"China, Mainland",CHN,0,2006,1,313.9
"China, Mainland",CHN,0,2006,2,318.4
"China, Mainland",CHN,0,2006,3,319.2
"China, Mainland",CHN,0,2006,4,321.1
"China, Mainland",CHN,0,2006,5,324.5
"China, Mainland",CHN,0,2006,6,372.3
"China, Mainland",CHN,0,2006,7,378.2
"China, Mainland",CHN,0,2006,8,386.5
"China, Mainland",CHN,0,2006,9,389.7
"China, Mainland",CHN,0,2006,10,392.2
"China, Mainland",CHN,0,2006,11,393.8
"China, Mainland",CHN,0,2006,12,396.9
"China, Mainland",CHN,0,2007,1,401.0
"China, Mainland",CHN,0,2007,2,416.0
"China, Mainland",CHN,0,2007,3,420.0
"China, Mainland",CHN,0,2007,4,414.2
"China, Mainland",CHN,0,2007,5,407.5
"China, Mainland",CHN,0,2007,6,477.3
"China, Mainland",CHN,0,2007,7,480.0
"China, Mainland",CHN,0,2007,8,471.2
"China, Mainland",CHN,0,2007,9,467.7
"China, Mainland",CHN,0,2007,10,459.1
"China, Mainland",CHN,0,2007,11,458.9
"China, Mainland",CHN,0,2007,12,477.6
"China, Mainland",CHN,0,2008,1,492.6
"China, Mainland",CHN,0,2008,2,486.9
"China, Mainland",CHN,0,2008,3,490.6
"China, Mainland",CHN,0,2008,4,502.0
"China, Mainland",CHN,0,2008,5,506.8
"China, Mainland",CHN,0,2008,6,535.1
"China, Mainland",CHN,0,2008,7,550.0
"China, Mainland",CHN,0,2008,8,573.7
"China, Mainland",CHN,0,2008,9,618.2
"China, Mainland",CHN,0,2008,10,684.1
"China, Mainland",CHN,0,2008,11,713.2
"China, Mainland",CHN,0,2008,12,727.4
"China, Mainland",CHN,0,2009,1,739.6
"China, Mainland",CHN,0,2009,2,744.2
"China, Mainland",CHN,0,2009,3,767.9
"China, Mainland",CHN,0,2009,4,763.5
"China, Mainland",CHN,0,2009,5,801.5
"China, Mainland",CHN,0,2009,6,915.8
"China, Mainland",CHN,0,2009,7,939.9
"China, Mainland",CHN,0,2009,8,936.5
"China, Mainland",CHN,0,2009,9,938.3
"China, Mainland",CHN,0,2009,10,938.3
"China, Mainland",CHN,0,2009,11,929.0
"China, Mainland",CHN,0,2009,12,894.8
"China, Mainland",CHN,0,2010,1,889.0
"China, Mainland",CHN,0,2010,2,877.5
"China, Mainland",CHN,0,2010,3,895.2
"China, Mainland",CHN,0,2010,4,900.2
"China, Mainland",CHN,0,2010,5,867.7
"China, Mainland",CHN,0,2010,6,1112.1
"China, Mainland",CHN,0,2010,7,1115.1
"China, Mainland",CHN,0,2010,8,1136.8
"China, Mainland",CHN,0,2010,9,1151.9
"China, Mainland",CHN,0,2010,10,1175.3
"China, Mainland",CHN,0,2010,11,1164.1
"China, Mainland",CHN,0,2010,12,1160.1
"China, Mainland",CHN,0,2011,1,1154.7
"China, Mainland",CHN,0,2011,2,1154.1
"China, Mainland",CHN,0,2011,3,1144.9
"China, Mainland",CHN,0,2011,4,1152.5
"China, Mainland",CHN,0,2011,5,1159.8
"China, Mainland",CHN,0,2011,6,1307.0
"China, Mainland",CHN,0,2011,7,1314.9
"China, Mainland",CHN,0,2011,8,1278.5
"China, Mainland",CHN,0,2011,9,1270.2
"China, Mainland",CHN,0,2011,10,1256.0
"China, Mainland",CHN,0,2011,11,1254.6
"China, Mainland",CHN,0,2011,12,1151.9
"China, Mainland",CHN,0,2012,1,1166.2
"China, Mainland",CHN,0,2012,2,1155.2
"China, Mainland",CHN,0,2012,3,1144.0
"China, Mainland",CHN,0,2012,4,1164.4
"China, Mainland",CHN,0,2012,5,1164.0
"China, Mainland",CHN,0,2012,6,1147.0
"China, Mainland",CHN,0,2012,7,1160.0
"China, Mainland",CHN,0,2012,8,1155.2
"China, Mainland",CHN,0,2012,9,1153.6
"China, Mainland",CHN,0,2012,10,1169.9
"China, Mainland",CHN,0,2012,11,1183.1
"China, Mainland",CHN,0,2012,12,1220.4
"China, Mainland",CHN,0,2013,1,1214.2
"China, Mainland",CHN,0,2013,2,1251.9
"China, Mainland",CHN,0,2013,3,1270.3
"China, Mainland",CHN,0,2013,4,1290.7
"China, Mainland",CHN,0,2013,5,1297.3
"China, Mainland",CHN,0,2013,6,1275.8
"China, Mainland",CHN,0,2013,7,1279.3
"China, Mainland",CHN,0,2013,8,1268.1
"China, Mainland",CHN,0,2013,9,1293.8
"China, Mainland",CHN,0,2013,10,1304.5
"China, Mainland",CHN,0,2013,11,1316.7
"China, Mainland",CHN,0,2013,12,1270.1
"China, Mainland",CHN,0,2014,1,1275.6
"China, Mainland",CHN,0,2014,2,1272.9
"China, Mainland",CHN,0,2014,3,1272.1
"China, Mainland",CHN,0,2014,4,1263.2
"China, Mainland",CHN,0,2014,5,1270.9
"China, Mainland",CHN,0,2014,6,1268.4
"China, Mainland",CHN,0,2014,7,1264.9
"China, Mainland",CHN,0,2014,8,1269.7
"China, Mainland",CHN,0,2014,9,1266.3
"China, Mainland",CHN,0,2014,10,1252.7
"China, Mainland",CHN,0,2014,11,1250.4
"China, Mainland",CHN,0,2014,12,1244.3
"China, Mainland",CHN,0,2015,1,1239.1
"China, Mainland",CHN,0,2015,2,1223.7
"China, Mainland",CHN,0,2015,3,1261.0
"China, Mainland",CHN,0,2015,4,1263.4
"China, Mainland",CHN,0,2015,5,1270.3
"China, Mainland",CHN,0,2015,6,1271.2
"China, Mainland",CHN,0,2015,7,1268.8
"China, Mainland",CHN,0,2015,8,1270.5
"China, Mainland",CHN,0,2015,9,1258.0
"China, Mainland",CHN,0,2015,10,1254.8
"China, Mainland",CHN,0,2015,11,1264.5
"China, Mainland",CHN,0,2015,12,1246.1
"China, Mainland",CHN,0,2016,1,1238.0
"China, Mainland",CHN,0,2016,2,1252.3
"China, Mainland",CHN,0,2016,3,1244.6
"China, Mainland",CHN,0,2016,4,1242.8
"China, Mainland",CHN,0,2016,5,1244.0
"China, Mainland",CHN,0,2016,6,1240.8
"China, Mainland",CHN,0,2016,7,1218.8
"China, Mainland",CHN,0,2016,8,1185.1
"China, Mainland",CHN,0,2016,9,1157.0
"China, Mainland",CHN,0,2016,10,1115.7
"China, Mainland",CHN,0,2016,11,1049.3
"China, Mainland",CHN,0,2016,12,1058.4
"China, Mainland",CHN,0,2017,1,1051.1
"China, Mainland",CHN,0,2017,2,1059.7
"China, Mainland",CHN,0,2017,3,1088.1
"China, Mainland",CHN,0,2017,4,1092.2
"China, Mainland",CHN,0,2017,5,1102.2
"China, Mainland",CHN,0,2017,6,1146.5
"China, Mainland",CHN,0,2017,7,1166.9
"China, Mainland",CHN,0,2017,8,1201.7
"China, Mainland",CHN,0,2017,9,1182.3
"China, Mainland",CHN,0,2017,10,1189.2
"China, Mainland",CHN,0,2017,11,1176.6
"China, Mainland",CHN,0,2017,12,1184.9
"China, Mainland",CHN,0,2018,1,1168.2
"China, Mainland",CHN,0,2018,2,1176.7
"China, Mainland",CHN,0,2018,3,1187.7
"China, Mainland",CHN,0,2018,4,1181.9
"China, Mainland",CHN,0,2018,5,1183.1
"China, Mainland",CHN,0,2018,6,1191.2
"China, Mainland",CHN,0,2018,7,1171.0
"China, Mainland",CHN,0,2018,8,1165.1
"China, Mainland",CHN,0,2018,9,1151.4
"China, Mainland",CHN,0,2018,10,1138.9
"China, Mainland",CHN,0,2018,11,1121.4
"China, Mainland",CHN,0,2018,12,1124.3
"China, Mainland",CHN,0,2019,1,1126.7
"China, Mainland",CHN,0,2019,2,1130.9
"China, Mainland",CHN,0,2019,3,1120.5
"China, Mainland",CHN,0,2019,4,1113.0
"China, Mainland",CHN,0,2019,5,1110.2
"China, Mainland",CHN,0,2019,6,1112.5
"China, Mainland",CHN,0,2019,7,1110.3
"China, Mainland",CHN,0,2019,8,1103.5
"China, Mainland",CHN,0,2019,9,1102.4
"China, Mainland",CHN,0,2019,10,1101.5
"China, Mainland",CHN,0,2019,11,1089.1
"China, Mainland",CHN,0,2019,12,1069.9
"China, Mainland",CHN,0,2020,1,1078.6
"China, Mainland",CHN,0,2020,2,1092.3
"China, Mainland",CHN,0,2020,3,1081.6
"China, Mainland",CHN,0,2020,4,1072.8
"China, Mainland",CHN,0,2020,5,1083.7
"China, Mainland",CHN,0,2020,6,1074.4
"China, Mainland",CHN,0,2020,7,1073.4
"China, Mainland",CHN,0,2020,8,1068.0
"China, Mainland",CHN,0,2020,9,1061.7
"China, Mainland",CHN,0,2020,10,1054.0
"China, Mainland",CHN,0,2020,11,1063.0
"China, Mainland",CHN,0,2020,12,1072.3
"China, Mainland",CHN,0,2021,1,1095.2
"China, Mainland",CHN,0,2021,2,1104.2
"China, Mainland",CHN,0,2021,3,1100.4
"China, Mainland",CHN,0,2021,4,1096.1
"China, Mainland",CHN,0,2021,5,1078.4
"China, Mainland",CHN,0,2021,6,1061.8
"China, Mainland",CHN,0,2021,7,1068.3
"China, Mainland",CHN,0,2021,8,1047.0
"China, Mainland",CHN,0,2021,9,1047.5
"China, Mainland",CHN,0,2021,10,1065.4
"China, Mainland",CHN,0,2021,11,1052.9
"China, Mainland",CHN,0,2021,12,1040.3
"China, Mainland",CHN,0,2022,1,1033.8
"China, Mainland",CHN,0,2022,2,1028.7
"China, Mainland",CHN,0,2022,3,1013.2
"China, Mainland",CHN,0,2022,4,976.0
"China, Mainland",CHN,0,2022,5,951.8
"China, Mainland",CHN,0,2022,6,938.8
"China, Mainland",CHN,0,2022,7,939.2
"China, Mainland",CHN,0,2022,8,938.6
"China, Mainland",CHN,0,2022,9,901.7
"China, Mainland",CHN,0,2022,10,877.9
"China, Mainland",CHN,0,2022,11,870.3
"China, Mainland",CHN,0,2022,12,867.1
"China, Mainland",CHN,0,2023,1,859.3
"China, Mainland",CHN,0,2023,2,849.0
"China, Mainland",CHN,0,2023,3,869.3
"China, Mainland",CHN,0,2023,4,868.9
"China, Mainland",CHN,0,2023,5,846.7
"China, Mainland",CHN,0,2023,6,835.8
"China, Mainland",CHN,0,2023,7,821.8
"China, Mainland",CHN,0,2023,8,805.4
"China, Mainland",CHN,0,2023,9,778.1
"China, Mainland",CHN,0,2023,10,769.6
"China, Mainland",CHN,0,2023,11,782.0
"China, Mainland",CHN,0,2023,12,816.3
"China, Mainland",CHN,0,2024,1,797.7
"China, Mainland",CHN,0,2024,2,775.0
"China, Mainland",CHN,0,2024,3,767.4
"China, Mainland",CHN,0,2024,4,770.7
"China, Mainland",CHN,0,2024,5,768.3
"China, Mainland",CHN,0,2024,6,780.2
"China, Mainland",CHN,0,2024,7,776.5
"China, Mainland",CHN,0,2024,8,774.6
"China, Mainland",CHN,0,2024,9,772.0
"China, Mainland",CHN,0,2024,10,760.1
"China, Mainland",CHN,0,2024,11,768.6
"China, Mainland",CHN,0,2024,12,759.0
"China, Mainland",CHN,0,2025,1,760.8
"China, Mainland",CHN,0,2025,2,784.3
"China, Mainland",CHN,0,2025,3,765.4
"China, Mainland",CHN,0,2025,4,743.6
"China, Mainland",CHN,0,2025,5,732.7
"China, Mainland",CHN,0,2025,6,731.4
"China, Mainland",CHN,0,2025,7,695.6
"China, Mainland",CHN,0,2025,8,699.7
"China, Mainland",CHN,0,2025,9,699.2
"China, Mainland",CHN,0,2025,10,687.7
"China, Mainland",CHN,0,2025,11,683.9
"China, Mainland",CHN,0,2025,12,684.4
Colombia,COL,0,2008,1,7.1
Colombia,COL,0,2008,2,6.9
Colombia,COL,0,2008,3,6.7
Colombia,COL,0,2008,4,6.5
Colombia,COL,0,2008,5,7.6
Colombia,COL,0,2008,6,9.2
Colombia,COL,0,2008,7,9.3
Colombia,COL,0,2008,8,9.0
Colombia,COL,0,2008,9,9.9
Colombia,COL,0,2008,10,11.4
Colombia,COL,0,2008,11,11.6
Colombia,COL,0,2008,12,11.2
Colombia,COL,0,2009,1,11.5
Colombia,COL,0,2009,2,11.6
Colombia,COL,0,2009,3,11.4
Colombia,COL,0,2009,4,11.6
Colombia,COL,0,2009,5,12.1
Colombia,COL,0,2009,6,13.3
Colombia,COL,0,2009,7,16.4
Colombia,COL,0,2009,8,17.9
Colombia,COL,0,2009,9,18.3
Colombia,COL,0,2009,10,18.3
Colombia,COL,0,2009,11,17.2
Colombia,COL,0,2009,12,17.3
Colombia,COL,0,2010,1,16.0
Colombia,COL,0,2010,2,16.0
Colombia,COL,0,2010,3,16.2
Colombia,COL,0,2010,4,15.7
Colombia,COL,0,2010,5,15.7
Colombia,COL,0,2010,6,16.4
Colombia,COL,0,2010,7,16.4
Colombia,COL,0,2010,8,16.5
Colombia,COL,0,2010,9,16.3
Colombia,COL,0,2010,10,16.7
Colombia,COL,0,2010,11,20.3
Colombia,COL,0,2010,12,20.2
Colombia,COL,0,2011,1,19.8
Colombia,COL,0,2011,2,20.1
Colombia,COL,0,2011,3,20.2
Colombia,COL,0,2011,4,19.8
Colombia,COL,0,2011,5,19.9
Colombia,COL,0,2011,6,18.9
Colombia,COL,0,2011,7,18.8
Colombia,COL,0,2011,8,19.8
Colombia,COL,0,2011,9,21.4
Colombia,COL,0,2011,10,21.8
Colombia,COL,0,2011,11,20.0
Colombia,COL,0,2011,12,23.5
Colombia,COL,0,2012,1,25.2
Colombia,COL,0,2012,2,25.1
Colombia,COL,0,2012,3,26.7
Colombia,COL,0,2012,4,26.9
Colombia,COL,0,2012,5,26.5
Colombia,COL,0,2012,6,27.1
Colombia,COL,0,2012,7,27.6
Colombia,COL,0,2012,8,27.9
Colombia,COL,0,2012,9,29.3
Colombia,COL,0,2012,10,29.9
Colombia,COL,0,2012,11,30.2
Colombia,COL,0,2012,12,30.2
Colombia,COL,0,2013,1,30.3
Colombia,COL,0,2013,2,29.5
Colombia,COL,0,2013,3,31.2
Colombia,COL,0,2013,4,30.9
Colombia,COL,0,2013,5,32.0
Colombia,COL,0,2013,6,32.7
Colombia,COL,0,2013,7,33.1
Colombia,COL,0,2013,8,33.0
Colombia,COL,0,2013,9,33.4
Colombia,COL,0,2013,10,32.9
Colombia,COL,0,2013,11,34.0
Colombia,COL,0,2013,12,33.0
Colombia,COL,0,2014,1,32.9
Colombia,COL,0,2014,2,30.5
Colombia,COL,0,2014,3,32.9
Colombia,COL,0,2014,4,32.9
Colombia,COL,0,2014,5,33.1
Colombia,COL,0,2014,6,33.5
Colombia,COL,0,2014,7,33.1
Colombia,COL,0,2014,8,34.8
Colombia,COL,0,2014,9,33.8
Colombia,COL,0,2014,10,35.2
Colombia,COL,0,2014,11,35.9
Colombia,COL,0,2014,12,34.7
Colombia,COL,0,2015,1,35.9
Colombia,COL,0,2015,2,35.9
Colombia,COL,0,2015,3,35.2
Colombia,COL,0,2015,4,35.4
Colombia,COL,0,2015,5,36.7
Colombia,COL,0,2015,6,37.6
Colombia,COL,0,2015,7,36.8
Colombia,COL,0,2015,8,37.2
Colombia,COL,0,2015,9,36.8
Colombia,COL,0,2015,10,35.9
Colombia,COL,0,2015,11,36.7
Colombia,COL,0,2015,12,36.8
Colombia,COL,0,2016,1,36.2
Colombia,COL,0,2016,2,35.1
Colombia,COL,0,2016,3,36.8
Colombia,COL,0,2016,4,36.8
Colombia,COL,0,2016,5,37.2
Colombia,COL,0,2016,6,31.4
Colombia,COL,0,2016,7,30.7
Colombia,COL,0,2016,8,29.2
Colombia,COL,0,2016,9,28.1
Colombia,COL,0,2016,10,27.5
Colombia,COL,0,2016,11,28.0
Colombia,COL,0,2016,12,28.2
Colombia,COL,0,2017,1,27.3
Colombia,COL,0,2017,2,27.9
Colombia,COL,0,2017,3,27.9
Colombia,COL,0,2017,4,28.8
Colombia,COL,0,2017,5,28.1
Colombia,COL,0,2017,6,28.5
Colombia,COL,0,2017,7,28.9
Colombia,COL,0,2017,8,28.8
Colombia,COL,0,2017,9,29.6
Colombia,COL,0,2017,10,29.0
Colombia,COL,0,2017,11,29.1
Colombia,COL,0,2017,12,29.8
Colombia,COL,0,2018,1,28.2
Colombia,COL,0,2018,2,28.6
Colombia,COL,0,2018,3,28.3
Colombia,COL,0,2018,4,26.8
Colombia,COL,0,2018,5,26.9
Colombia,COL,0,2018,6,27.4
Colombia,COL,0,2018,7,26.8
Colombia,COL,0,2018,8,27.1
Colombia,COL,0,2018,9,27.4
Colombia,COL,0,2018,10,26.9
Colombia,COL,0,2018,11,27.5
Colombia,COL,0,2018,12,27.7
Colombia,COL,0,2019,1,26.8
Colombia,COL,0,2019,2,27.2
Colombia,COL,0,2019,3,31.5
Colombia,COL,0,2019,4,29.7
Colombia,COL,0,2019,5,29.6
Colombia,COL,0,2019,6,31.1
Colombia,COL,0,2019,7,30.5
Colombia,COL,0,2019,8,32.3
Colombia,COL,0,2019,9,31.6
Colombia,COL,0,2019,10,31.5
Colombia,COL,0,2019,11,31.8
Colombia,COL,0,2019,12,31.4
Colombia,COL,0,2020,1,29.7
Colombia,COL,0,2020,2,30.8
Colombia,COL,0,2020,3,29.3
Colombia,COL,0,2020,4,26.5
Colombia,COL,0,2020,5,28.2
Colombia,COL,0,2020,6,29.4
Colombia,COL,0,2020,7,29.8
Colombia,COL,0,2020,8,30.6
Colombia,COL,0,2020,9,29.8
Colombia,COL,0,2020,10,31.9
Colombia,COL,0,2020,11,30.8
Colombia,COL,0,2020,12,31.0
Colombia,COL,0,2021,1,32.4
Colombia,COL,0,2021,2,30.6
Colombia,COL,0,2021,3,35.2
Colombia,COL,0,2021,4,35.1
Colombia,COL,0,2021,5,35.8
Colombia,COL,0,2021,6,35.3
Colombia,COL,0,2021,7,36.2
Colombia,COL,0,2021,8,33.1
Colombia,COL,0,2021,9,33.3
Colombia,COL,0,2021,10,34.2
Colombia,COL,0,2021,11,33.7
Colombia,COL,0,2021,12,33.1
Colombia,COL,0,2022,1,33.3
Colombia,COL,0,2022,2,34.0
Colombia,COL,0,2022,3,34.5
Colombia,COL,0,2022,4,35.4
Colombia,COL,0,2022,5,34.9
Colombia,COL,0,2022,6,34.9
Colombia,COL,0,2022,7,35.1
Colombia,COL,0,2022,8,34.0
Colombia,COL,0,2022,9,34.4
Colombia,COL,0,2022,10,33.8
Colombia,COL,0,2022,11,35.7
Colombia,COL,0,2022,12,39.9
Colombia,COL,0,2023,1,39.6
Colombia,COL,0,2023,2,38.7
Colombia,COL,0,2023,3,39.3
Colombia,COL,0,2023,4,39.7
Colombia,COL,0,2023,5,36.2
Colombia,COL,0,2023,6,38.4
Colombia,COL,0,2023,7,38.4
Colombia,COL,0,2023,8,38.8
Colombia,COL,0,2023,9,38.6
Colombia,COL,0,2023,10,38.0
Colombia,COL,0,2023,11,39.4
Colombia,COL,0,2023,12,43.0
Colombia,COL,0,2024,1,42.8
Colombia,COL,0,2024,2,43.4
Colombia,COL,0,2024,3,44.9
Colombia,COL,0,2024,4,40.7
Colombia,COL,0,2024,5,44.2
Colombia,COL,0,2024,6,45.8
Colombia,COL,0,2024,7,46.9
Colombia,COL,0,2024,8,47.9
Colombia,COL,0,2024,9,48.2
Colombia,COL,0,2024,10,46.9
Colombia,COL,0,2024,11,47.0
Colombia,COL,0,2024,12,45.9
Colombia,COL,0,2025,1,45.5
Colombia,COL,0,2025,2,46.2
Colombia,COL,0,2025,3,47.3
Colombia,COL,0,2025,4,48.2
Colombia,COL,0,2025,5,45.6
Colombia,COL,0,2025,6,43.0
Colombia,COL,0,2025,7,43.3
Colombia,COL,0,2025,8,44.7
Colombia,COL,0,2025,9,43.3
Colombia,COL,0,2025,10,41.6
Colombia,COL,0,2025,11,45.2
Colombia,COL,0,2025,12,44.2
Denmark,DNK,0,2011,1,8.7
Denmark,DNK,0,2011,2,9.1
Denmark,DNK,0,2011,3,9.3
Denmark,DNK,0,2011,4,9.4
Denmark,DNK,0,2011,5,9.9
Denmark,DNK,0,2011,6,10.7
Denmark,DNK,0,2011,7,10.8
Denmark,DNK,0,2011,8,12.0
Denmark,DNK,0,2011,9,13.9
Denmark,DNK,0,2011,10,13.6
Denmark,DNK,0,2011,11,13.6
Denmark,DNK,0,2011,12,16.5
Denmark,DNK,0,2012,1,15.9
Denmark,DNK,0,2012,2,15.4
Denmark,DNK,0,2012,3,15.4
Denmark,DNK,0,2012,4,14.6
Denmark,DNK,0,2012,5,15.1
Denmark,DNK,0,2012,6,15.3
Denmark,DNK,0,2012,7,15.6
Denmark,DNK,0,2012,8,15.8
Denmark,DNK,0,2012,9,15.2
Denmark,DNK,0,2012,10,14.9
Denmark,DNK,0,2012,11,14.7
Denmark,DNK,0,2012,12,13.8
Denmark,DNK,0,2013,1,14.1
Denmark,DNK,0,2013,2,13.9
Denmark,DNK,0,2013,3,14.0
Denmark,DNK,0,2013,4,13.7
Denmark,DNK,0,2013,5,13.3
Denmark,DNK,0,2013,6,13.5
Denmark,DNK,0,2013,7,13.0
Denmark,DNK,0,2013,8,13.3
Denmark,DNK,0,2013,9,11.6
Denmark,DNK,0,2013,10,11.5
Denmark,DNK,0,2013,11,12.6
Denmark,DNK,0,2013,12,14.5
Denmark,DNK,0,2014,1,14.1
Denmark,DNK,0,2014,2,13.8
Denmark,DNK,0,2014,3,14.4
Denmark,DNK,0,2014,4,15.3
Denmark,DNK,0,2014,5,16.1
Denmark,DNK,0,2014,6,16.0
Denmark,DNK,0,2014,7,16.0
Denmark,DNK,0,2014,8,16.2
Denmark,DNK,0,2014,9,16.2
Denmark,DNK,0,2014,10,16.3
Denmark,DNK,0,2014,11,16.0
Denmark,DNK,0,2014,12,16.7
Denmark,DNK,0,2015,1,17.0
Denmark,DNK,0,2015,2,16.6
Denmark,DNK,0,2015,3,16.6
Denmark,DNK,0,2015,4,16.4
Denmark,DNK,0,2015,5,17.3
Denmark,DNK,0,2015,6,17.1
Denmark,DNK,0,2015,7,18.3
Denmark,DNK,0,2015,8,17.8
Denmark,DNK,0,2015,9,18.4
Denmark,DNK,0,2015,10,18.4
Denmark,DNK,0,2015,11,19.0
Denmark,DNK,0,2015,12,21.1
Denmark,DNK,0,2016,1,22.7
Denmark,DNK,0,2016,2,23.4
Denmark,DNK,0,2016,3,23.2
Denmark,DNK,0,2016,4,23.8
Denmark,DNK,0,2016,5,23.7
Denmark,DNK,0,2016,6,23.3
Denmark,DNK,0,2016,7,22.8
Denmark,DNK,0,2016,8,23.2
Denmark,DNK,0,2016,9,17.4
Denmark,DNK,0,2016,10,19.4
Denmark,DNK,0,2016,11,18.7
Denmark,DNK,0,2016,12,19.1
Denmark,DNK,0,2017,1,19.4
Denmark,DNK,0,2017,2,18.0
Denmark,DNK,0,2017,3,18.1
Denmark,DNK,0,2017,4,18.4
Denmark,DNK,0,2017,5,18.7
Denmark,DNK,0,2017,6,18.5
Denmark,DNK,0,2017,7,18.3
Denmark,DNK,0,2017,8,18.2
Denmark,DNK,0,2017,9,18.0
Denmark,DNK,0,2017,10,18.1
Denmark,DNK,0,2017,11,17.8
Denmark,DNK,0,2017,12,14.8
Denmark,DNK,0,2018,1,16.5
Denmark,DNK,0,2018,2,17.9
Denmark,DNK,0,2018,3,18.3
Denmark,DNK,0,2018,4,17.6
Denmark,DNK,0,2018,5,17.2
Denmark,DNK,0,2018,6,17.3
Denmark,DNK,0,2018,7,17.3
Denmark,DNK,0,2018,8,17.5
Denmark,DNK,0,2018,9,17.4
Denmark,DNK,0,2018,10,16.6
Denmark,DNK,0,2018,11,16.7
Denmark,DNK,0,2018,12,16.4
Denmark,DNK,0,2019,1,15.7
Denmark,DNK,0,2019,2,16.1
Denmark,DNK,0,2019,3,16.2
Denmark,DNK,0,2019,4,15.8
Denmark,DNK,0,2019,5,16.1
Denmark,DNK,0,2019,6,17.3
Denmark,DNK,0,2019,7,17.6
Denmark,DNK,0,2019,8,18.6
Denmark,DNK,0,2019,9,17.7
Denmark,DNK,0,2019,10,17.5
Denmark,DNK,0,2019,11,17.1
Denmark,DNK,0,2019,12,16.9
Egypt,EGY,0,2007,1,5.9
Egypt,EGY,0,2007,2,5.4
Egypt,EGY,0,2007,3,6.1
Egypt,EGY,0,2007,4,6.0
Egypt,EGY,0,2007,5,6.3
Egypt,EGY,0,2007,6,10.0
Egypt,EGY,0,2007,7,10.2
Egypt,EGY,0,2007,8,10.1
Egypt,EGY,0,2007,9,9.9
Egypt,EGY,0,2007,10,9.9
Egypt,EGY,0,2007,11,10.6
Egypt,EGY,0,2007,12,10.4
Egypt,EGY,0,2008,1,11.6
Egypt,EGY,0,2008,2,12.0
Egypt,EGY,0,2008,3,12.7
Egypt,EGY,0,2008,4,12.7
Egypt,EGY,0,2008,5,12.8
Egypt,EGY,0,2008,6,14.1
Egypt,EGY,0,2008,7,15.1
Egypt,EGY,0,2008,8,14.5
Egypt,EGY,0,2008,9,15.5
Egypt,EGY,0,2008,10,16.7
Egypt,EGY,0,2008,11,16.8
Egypt,EGY,0,2008,12,17.2
Egypt,EGY,0,2009,1,16.9
Egypt,EGY,0,2009,2,19.1
Egypt,EGY,0,2009,3,18.5
Egypt,EGY,0,2009,4,18.5
Egypt,EGY,0,2009,5,18.6
Egypt,EGY,0,2009,6,11.5
Egypt,EGY,0,2009,7,12.7
Egypt,EGY,0,2009,8,14.5
Egypt,EGY,0,2009,9,14.9
Egypt,EGY,0,2009,10,14.3
Egypt,EGY,0,2009,11,19.4
Egypt,EGY,0,2009,12,18.9
Egypt,EGY,0,2010,1,19.4
Egypt,EGY,0,2010,2,21.7
Egypt,EGY,0,2010,3,21.4
Egypt,EGY,0,2010,4,21.1
Egypt,EGY,0,2010,5,28.0
Egypt,EGY,0,2010,6,25.0
Egypt,EGY,0,2010,7,25.9
Egypt,EGY,0,2010,8,29.2
Egypt,EGY,0,2010,9,30.6
Egypt,EGY,0,2010,10,30.5
Egypt,EGY,0,2010,11,29.8
Egypt,EGY,0,2010,12,26.0
Egypt,EGY,0,2018,1,14.0
Egypt,EGY,0,2018,2,15.9
Egypt,EGY,0,2018,3,15.6
Egypt,EGY,0,2018,4,19.4
Egypt,EGY,0,2018,5,19.0
Egypt,EGY,0,2018,6,20.3
Egypt,EGY,0,2018,7,20.6
Egypt,EGY,0,2018,8,20.6
Egypt,EGY,0,2018,9,21.0
Egypt,EGY,0,2018,10,20.7
Egypt,EGY,0,2018,11,21.2
Egypt,EGY,0,2018,12,21.6
Egypt,EGY,0,2019,1,19.5
Egypt,EGY,0,2019,2,20.0
Egypt,EGY,0,2019,3,21.8
Egypt,EGY,0,2019,4,21.2
Egypt,EGY,0,2019,5,20.5
Egypt,EGY,0,2019,6,19.8
Egypt,EGY,0,2019,7,19.5
Egypt,EGY,0,2019,8,19.2
Egypt,EGY,0,2019,9,18.9
Egypt,EGY,0,2019,10,20.6
Egypt,EGY,0,2019,11,21.1
Egypt,EGY,0,2019,12,21.0
El Salvador,SLV,0,2025,1,1.1
El Salvador,SLV,0,2025,2,1.1
El Salvador,SLV,0,2025,3,85.0
El Salvador,SLV,0,2025,4,86.3
El Salvador,SLV,0,2025,5,88.4
El Salvador,SLV,0,2025,6,89.5
El Salvador,SLV,0,2025,7,82.0
El Salvador,SLV,0,2025,8,82.2
El Salvador,SLV,0,2025,9,88.6
El Salvador,SLV,0,2025,10,91.6
El Salvador,SLV,0,2025,11,92.2
El Salvador,SLV,0,2025,12,93.8
Finland,FIN,0,2016,1,9.2
Finland,FIN,0,2016,2,9.0
Finland,FIN,0,2016,3,9.2
Finland,FIN,0,2016,4,9.7
Finland,FIN,0,2016,5,9.6
Finland,FIN,0,2016,6,10.0
Finland,FIN,0,2016,7,10.3
Finland,FIN,0,2016,8,10.0
Finland,FIN,0,2016,9,10.6
Finland,FIN,0,2016,10,11.3
Finland,FIN,0,2016,11,10.9
Finland,FIN,0,2016,12,11.2
France,FRA,0,2000,3,33.6
France,FRA,0,2000,4,30.0
France,FRA,0,2000,5,26.8
France,FRA,0,2000,6,28.1
France,FRA,0,2000,7,27.6
France,FRA,0,2000,8,28.5
France,FRA,0,2000,9,27.4
France,FRA,0,2000,10,27.6
France,FRA,0,2000,11,25.6
France,FRA,0,2000,12,25.1
France,FRA,0,2001,1,22.0
France,FRA,0,2001,2,23.4
France,FRA,0,2001,3,24.7
France,FRA,0,2001,4,21.8
France,FRA,0,2001,5,22.6
France,FRA,0,2001,6,26.0
France,FRA,0,2001,7,24.4
France,FRA,0,2001,8,25.5
France,FRA,0,2001,9,24.0
France,FRA,0,2001,10,24.3
France,FRA,0,2001,11,22.6
France,FRA,0,2001,12,20.6
France,FRA,0,2002,1,17.7
France,FRA,0,2002,2,17.7
France,FRA,0,2002,3,14.8
France,FRA,0,2002,4,15.5
France,FRA,0,2002,5,16.7
France,FRA,0,2002,6,23.3
France,FRA,0,2002,7,22.7
France,FRA,0,2002,8,23.0
France,FRA,0,2002,9,23.0
France,FRA,0,2002,10,21.0
France,FRA,0,2002,11,23.0
France,FRA,0,2002,12,22.9
France,FRA,0,2003,1,20.2
France,FRA,0,2003,2,18.4
France,FRA,0,2003,3,17.6
France,FRA,0,2003,4,17.2
France,FRA,0,2003,5,15.5
France,FRA,0,2003,6,22.5
France,FRA,0,2003,7,19.5
France,FRA,0,2003,8,18.7
France,FRA,0,2003,9,19.5
France,FRA,0,2003,10,19.9
France,FRA,0,2003,11,20.4
France,FRA,0,2003,12,17.2
France,FRA,0,2004,1,15.9
France,FRA,0,2004,2,12.2
France,FRA,0,2004,3,16.4
France,FRA,0,2004,4,12.2
France,FRA,0,2004,5,11.1
France,FRA,0,2004,6,23.1
France,FRA,0,2004,7,23.8
France,FRA,0,2004,8,22.2
France,FRA,0,2004,9,22.1
France,FRA,0,2004,10,19.8
France,FRA,0,2004,11,19.5
France,FRA,0,2004,12,20.1
France,FRA,0,2005,1,21.3
France,FRA,0,2005,2,27.3
France,FRA,0,2005,3,25.2
France,FRA,0,2005,4,22.4
France,FRA,0,2005,5,28.2
France,FRA,0,2005,6,23.2
France,FRA,0,2005,7,26.4
France,FRA,0,2005,8,28.5
France,FRA,0,2005,9,28.5
France,FRA,0,2005,10,30.0
France,FRA,0,2005,11,31.3
France,FRA,0,2005,12,30.9
France,FRA,0,2006,1,32.0
France,FRA,0,2006,2,34.9
France,FRA,0,2006,3,34.7
France,FRA,0,2006,4,30.1
France,FRA,0,2006,5,30.7
France,FRA,0,2006,6,25.9
France,FRA,0,2006,7,22.3
France,FRA,0,2006,8,23.6
France,FRA,0,2006,9,17.6
France,FRA,0,2006,10,26.7
France,FRA,0,2006,11,30.4
France,FRA,0,2006,12,26.4
France,FRA,0,2008,1,4.3
France,FRA,0,2008,2,3.9
France,FRA,0,2008,3,1.5
France,FRA,0,2008,4,0.0
France,FRA,0,2008,5,0.0
France,FRA,0,2008,6,15.4
France,FRA,0,2008,7,17.1
France,FRA,0,2008,8,21.2
France,FRA,0,2008,9,19.3
France,FRA,0,2008,10,20.5
France,FRA,0,2008,11,18.4
France,FRA,0,2008,12,16.8
France,FRA,0,2009,1,17.9
France,FRA,0,2009,2,16.8
France,FRA,0,2009,3,27.1
France,FRA,0,2009,4,30.6
France,FRA,0,2009,5,25.9
France,FRA,0,2009,6,18.9
France,FRA,0,2009,7,17.5
France,FRA,0,2009,8,28.0
France,FRA,0,2009,9,25.0
France,FRA,0,2009,10,29.1
France,FRA,0,2009,11,40.4
France,FRA,0,2009,12,30.5
France,FRA,0,2010,1,36.3
France,FRA,0,2010,2,32.8
France,FRA,0,2010,3,39.8
France,FRA,0,2010,4,40.6
France,FRA,0,2010,5,37.9
France,FRA,0,2010,6,24.2
France,FRA,0,2010,7,19.8
France,FRA,0,2010,8,26.1
France,FRA,0,2010,9,23.3
France,FRA,0,2010,10,23.5
France,FRA,0,2010,11,20.1
France,FRA,0,2010,12,15.0
France,FRA,0,2011,1,30.0
France,FRA,0,2011,2,30.0
France,FRA,0,2011,3,21.1
France,FRA,0,2011,4,24.8
France,FRA,0,2011,5,37.2
France,FRA,0,2011,6,45.4
France,FRA,0,2011,7,45.6
France,FRA,0,2011,8,60.9
France,FRA,0,2011,9,43.4
France,FRA,0,2011,10,53.7
France,FRA,0,2011,11,59.4
France,FRA,0,2011,12,44.7
France,FRA,0,2012,1,42.5
France,FRA,0,2012,2,39.7
France,FRA,0,2012,3,45.9
France,FRA,0,2012,4,49.8
France,FRA,0,2012,5,50.6
France,FRA,0,2012,6,49.1
France,FRA,0,2012,7,55.2
France,FRA,0,2012,8,52.9
France,FRA,0,2012,9,59.3
France,FRA,0,2012,10,58.7
France,FRA,0,2012,11,59.0
France,FRA,0,2012,12,51.4
France,FRA,0,2013,1,52.2
France,FRA,0,2013,2,53.1
France,FRA,0,2013,3,56.4
France,FRA,0,2013,4,50.6
France,FRA,0,2013,5,60.2
France,FRA,0,2013,6,51.8
France,FRA,0,2013,7,49.8
France,FRA,0,2013,8,51.9
France,FRA,0,2013,9,54.5
France,FRA,0,2013,10,57.7
France,FRA,0,2013,11,51.6
France,FRA,0,2013,12,53.8
France,FRA,0,2014,1,57.5
France,FRA,0,2014,2,54.9
France,FRA,0,2014,3,57.1
France,FRA,0,2014,4,62.3
France,FRA,0,2014,5,65.4
France,FRA,0,2014,6,63.1
France,FRA,0,2014,7,54.8
France,FRA,0,2014,8,59.0
France,FRA,0,2014,9,72.3
France,FRA,0,2014,10,59.7
France,FRA,0,2014,11,67.3
France,FRA,0,2014,12,79.2
France,FRA,0,2015,1,75.5
France,FRA,0,2015,2,70.2
France,FRA,0,2015,3,80.4
France,FRA,0,2015,4,74.9
France,FRA,0,2015,5,51.1
France,FRA,0,2015,6,53.8
France,FRA,0,2015,7,49.3
France,FRA,0,2015,8,56.2
France,FRA,0,2015,9,49.8
France,FRA,0,2015,10,49.7
France,FRA,0,2015,11,56.9
France,FRA,0,2015,12,59.6
France,FRA,0,2016,1,56.7
France,FRA,0,2016,2,76.6
France,FRA,0,2016,3,67.0
France,FRA,0,2016,4,54.5
France,FRA,0,2016,5,57.8
France,FRA,0,2016,6,51.6
France,FRA,0,2016,7,61.6
France,FRA,0,2016,8,68.2
France,FRA,0,2016,9,69.5
France,FRA,0,2016,10,61.4
France,FRA,0,2016,11,68.4
France,FRA,0,2016,12,61.4
France,FRA,0,2017,1,60.8
France,FRA,0,2017,2,64.4
France,FRA,0,2017,3,69.9
France,FRA,0,2017,4,66.9
France,FRA,0,2017,5,74.4
France,FRA,0,2017,6,72.2
France,FRA,0,2017,7,80.0
France,FRA,0,2017,8,76.0
France,FRA,0,2017,9,78.2
France,FRA,0,2017,10,77.9
France,FRA,0,2017,11,76.6
France,FRA,0,2017,12,80.9
France,FRA,0,2018,1,78.4
France,FRA,0,2018,2,77.0
France,FRA,0,2018,3,80.9
France,FRA,0,2018,4,82.6
France,FRA,0,2018,5,89.6
France,FRA,0,2018,6,93.4
France,FRA,0,2018,7,111.0
France,FRA,0,2018,8,113.6
France,FRA,0,2018,9,97.7
France,FRA,0,2018,10,109.4
France,FRA,0,2018,11,131.6
France,FRA,0,2018,12,110.8
France,FRA,0,2019,1,112.5
France,FRA,0,2019,2,115.9
France,FRA,0,2019,3,109.6
France,FRA,0,2019,4,124.7
France,FRA,0,2019,5,125.1
France,FRA,0,2019,6,131.5
France,FRA,0,2019,7,136.4
France,FRA,0,2019,8,134.0
France,FRA,0,2019,9,132.2
France,FRA,0,2019,10,133.4
France,FRA,0,2019,11,123.0
France,FRA,0,2019,12,127.7
France,FRA,0,2020,1,134.0
France,FRA,0,2020,2,147.6
France,FRA,0,2020,3,156.0
France,FRA,0,2020,4,137.7
France,FRA,0,2020,5,130.5
France,FRA,0,2020,6,144.1
France,FRA,0,2020,7,130.0
France,FRA,0,2020,8,133.3
France,FRA,0,2020,9,135.1
France,FRA,0,2020,10,136.9
France,FRA,0,2020,11,132.4
France,FRA,0,2020,12,111.3
France,FRA,0,2021,1,121.5
France,FRA,0,2021,2,108.7
France,FRA,0,2021,3,114.4
France,FRA,0,2021,4,107.2
France,FRA,0,2021,5,108.8
France,FRA,0,2021,6,226.7
France,FRA,0,2021,7,235.9
France,FRA,0,2021,8,238.1
France,FRA,0,2021,9,242.0
France,FRA,0,2021,10,239.7
France,FRA,0,2021,11,227.3
France,FRA,0,2021,12,223.9
France,FRA,0,2022,1,232.9
France,FRA,0,2022,2,238.7
France,FRA,0,2022,3,246.0
France,FRA,0,2022,4,242.9
France,FRA,0,2022,5,242.5
France,FRA,0,2022,6,236.3
France,FRA,0,2022,7,231.8
France,FRA,0,2022,8,232.7
France,FRA,0,2022,9,206.7
France,FRA,0,2022,10,217.4
France,FRA,0,2022,11,194.7
France,FRA,0,2022,12,180.3
France,FRA,0,2023,1,178.4
France,FRA,0,2023,2,171.2
France,FRA,0,2023,3,173.9
France,FRA,0,2023,4,187.3
France,FRA,0,2023,5,202.0
France,FRA,0,2023,6,207.8
France,FRA,0,2023,7,219.3
France,FRA,0,2023,8,217.4
France,FRA,0,2023,9,215.7
France,FRA,0,2023,10,222.5
France,FRA,0,2023,11,244.7
France,FRA,0,2023,12,236.7
France,FRA,0,2024,1,256.4
France,FRA,0,2024,2,271.0
France,FRA,0,2024,3,271.9
France,FRA,0,2024,4,276.7
France,FRA,0,2024,5,283.1
France,FRA,0,2024,6,305.4
France,FRA,0,2024,7,291.2
France,FRA,0,2024,8,312.5
France,FRA,0,2024,9,329.0
France,FRA,0,2024,10,330.2
France,FRA,0,2024,11,332.5
France,FRA,0,2024,12,332.3
France,FRA,0,2025,1,335.4
France,FRA,0,2025,2,354.1
France,FRA,0,2025,3,363.1
France,FRA,0,2025,4,360.6
France,FRA,0,2025,5,375.1
France,FRA,0,2025,6,373.8
France,FRA,0,2025,7,391.0
France,FRA,0,2025,8,389.1
France,FRA,0,2025,9,375.5
France,FRA,0,2025,10,390.2
France,FRA,0,2025,11,376.1
France,FRA,0,2025,12,368.9
Germany,DEU,0,2000,3,56.4
Germany,DEU,0,2000,4,54.2
Germany,DEU,0,2000,5,54.1
Germany,DEU,0,2000,6,54.7
Germany,DEU,0,2000,7,52.6
Germany,DEU,0,2000,8,52.4
Germany,DEU,0,2000,9,50.9
Germany,DEU,0,2000,10,52.1
Germany,DEU,0,2000,11,50.1
Germany,DEU,0,2000,12,49.0
Germany,DEU,0,2001,1,48.0
Germany,DEU,0,2001,2,44.8
Germany,DEU,0,2001,3,46.1
Germany,DEU,0,2001,4,47.9
Germany,DEU,0,2001,5,49.0
Germany,DEU,0,2001,6,47.6
Germany,DEU,0,2001,7,46.6
Germany,DEU,0,2001,8,47.6
Germany,DEU,0,2001,9,46.5
Germany,DEU,0,2001,10,46.2
Germany,DEU,0,2001,11,46.6
Germany,DEU,0,2001,12,47.8
Germany,DEU,0,2002,1,44.0
Germany,DEU,0,2002,2,43.9
Germany,DEU,0,2002,3,45.5
Germany,DEU,0,2002,4,45.9
Germany,DEU,0,2002,5,46.5
Germany,DEU,0,2002,6,39.0
Germany,DEU,0,2002,7,36.6
Germany,DEU,0,2002,8,35.0
Germany,DEU,0,2002,9,34.2
Germany,DEU,0,2002,10,34.4
Germany,DEU,0,2002,11,35.8
Germany,DEU,0,2002,12,37.3
Germany,DEU,0,2003,1,35.9
Germany,DEU,0,2003,2,36.1
Germany,DEU,0,2003,3,35.7
Germany,DEU,0,2003,4,36.9
Germany,DEU,0,2003,5,40.3
Germany,DEU,0,2003,6,41.6
Germany,DEU,0,2003,7,46.7
Germany,DEU,0,2003,8,49.5
Germany,DEU,0,2003,9,49.0
Germany,DEU,0,2003,10,49.2
Germany,DEU,0,2003,11,48.7
Germany,DEU,0,2003,12,47.8
Germany,DEU,0,2004,1,50.6
Germany,DEU,0,2004,2,49.2
Germany,DEU,0,2004,3,49.2
Germany,DEU,0,2004,4,53.6
Germany,DEU,0,2004,5,53.2
Germany,DEU,0,2004,6,44.9
Germany,DEU,0,2004,7,46.0
Germany,DEU,0,2004,8,45.2
Germany,DEU,0,2004,9,48.0
Germany,DEU,0,2004,10,49.2
Germany,DEU,0,2004,11,52.6
Germany,DEU,0,2004,12,50.3
Germany,DEU,0,2005,1,53.8
Germany,DEU,0,2005,2,53.0
Germany,DEU,0,2005,3,56.1
Germany,DEU,0,2005,4,60.9
Germany,DEU,0,2005,5,61.2
Germany,DEU,0,2005,6,44.1
Germany,DEU,0,2005,7,44.8
Germany,DEU,0,2005,8,47.9
Germany,DEU,0,2005,9,46.4
Germany,DEU,0,2005,10,47.3
Germany,DEU,0,2005,11,48.6
Germany,DEU,0,2005,12,49.9
Germany,DEU,0,2006,1,48.0
Germany,DEU,0,2006,2,47.9
Germany,DEU,0,2006,3,46.7
Germany,DEU,0,2006,4,47.0
Germany,DEU,0,2006,5,47.5
Germany,DEU,0,2006,6,41.8
Germany,DEU,0,2006,7,43.2
Germany,DEU,0,2006,8,44.7
Germany,DEU,0,2006,9,46.3
Germany,DEU,0,2006,10,46.1
Germany,DEU,0,2006,11,45.6
Germany,DEU,0,2006,12,46.0
Germany,DEU,0,2007,1,49.8
Germany,DEU,0,2007,2,47.9
Germany,DEU,0,2007,3,47.3
Germany,DEU,0,2007,4,49.4
Germany,DEU,0,2007,5,51.1
Germany,DEU,0,2007,6,45.6
Germany,DEU,0,2007,7,41.3
Germany,DEU,0,2007,8,42.0
Germany,DEU,0,2007,9,41.4
Germany,DEU,0,2007,10,41.5
Germany,DEU,0,2007,11,38.6
Germany,DEU,0,2007,12,41.3
Germany,DEU,0,2008,1,42.3
Germany,DEU,0,2008,2,41.7
Germany,DEU,0,2008,3,42.1
Germany,DEU,0,2008,4,43.6
Germany,DEU,0,2008,5,44.9
Germany,DEU,0,2008,6,51.6
Germany,DEU,0,2008,7,51.7
Germany,DEU,0,2008,8,51.8
Germany,DEU,0,2008,9,51.5
Germany,DEU,0,2008,10,53.6
Germany,DEU,0,2008,11,53.8
Germany,DEU,0,2008,12,56.0
Germany,DEU,0,2009,1,56.2
Germany,DEU,0,2009,2,56.5
Germany,DEU,0,2009,3,54.9
Germany,DEU,0,2009,4,54.4
Germany,DEU,0,2009,5,55.1
Germany,DEU,0,2009,6,48.9
Germany,DEU,0,2009,7,51.2
Germany,DEU,0,2009,8,50.1
Germany,DEU,0,2009,9,48.8
Germany,DEU,0,2009,10,47.9
Germany,DEU,0,2009,11,48.7
Germany,DEU,0,2009,12,47.8
Germany,DEU,0,2010,1,49.0
Germany,DEU,0,2010,2,50.0
Germany,DEU,0,2010,3,53.7
Germany,DEU,0,2010,4,54.8
Germany,DEU,0,2010,5,55.8
Germany,DEU,0,2010,6,52.2
Germany,DEU,0,2010,7,55.3
Germany,DEU,0,2010,8,56.8
Germany,DEU,0,2010,9,57.9
Germany,DEU,0,2010,10,58.2
Germany,DEU,0,2010,11,58.6
Germany,DEU,0,2010,12,60.5
Germany,DEU,0,2011,1,61.0
Germany,DEU,0,2011,2,58.3
Germany,DEU,0,2011,3,60.2
Germany,DEU,0,2011,4,61.7
Germany,DEU,0,2011,5,61.7
Germany,DEU,0,2011,6,63.8
Germany,DEU,0,2011,7,63.0
Germany,DEU,0,2011,8,62.1
Germany,DEU,0,2011,9,66.0
Germany,DEU,0,2011,10,68.0
Germany,DEU,0,2011,11,67.8
Germany,DEU,0,2011,12,60.7
Germany,DEU,0,2012,1,60.9
Germany,DEU,0,2012,2,60.7
Germany,DEU,0,2012,3,64.6
Germany,DEU,0,2012,4,62.8
Germany,DEU,0,2012,5,65.1
Germany,DEU,0,2012,6,64.0
Germany,DEU,0,2012,7,66.5
Germany,DEU,0,2012,8,66.1
Germany,DEU,0,2012,9,65.5
Germany,DEU,0,2012,10,63.9
Germany,DEU,0,2012,11,65.3
Germany,DEU,0,2012,12,63.2
Germany,DEU,0,2013,1,60.5
Germany,DEU,0,2013,2,65.1
Germany,DEU,0,2013,3,64.2
Germany,DEU,0,2013,4,62.2
Germany,DEU,0,2013,5,61.9
Germany,DEU,0,2013,6,58.9
Germany,DEU,0,2013,7,56.3
Germany,DEU,0,2013,8,58.7
Germany,DEU,0,2013,9,61.9
Germany,DEU,0,2013,10,60.7
Germany,DEU,0,2013,11,64.3
Germany,DEU,0,2013,12,67.3
Germany,DEU,0,2014,1,63.9
Germany,DEU,0,2014,2,61.3
Germany,DEU,0,2014,3,63.0
Germany,DEU,0,2014,4,63.0
Germany,DEU,0,2014,5,62.8
Germany,DEU,0,2014,6,68.0
Germany,DEU,0,2014,7,65.0
Germany,DEU,0,2014,8,69.4
Germany,DEU,0,2014,9,75.0
Germany,DEU,0,2014,10,72.5
Germany,DEU,0,2014,11,73.0
Germany,DEU,0,2014,12,72.7
Germany,DEU,0,2015,1,69.6
Germany,DEU,0,2015,2,68.6
Germany,DEU,0,2015,3,72.2
Germany,DEU,0,2015,4,76.3
Germany,DEU,0,2015,5,76.0
Germany,DEU,0,2015,6,74.7
Germany,DEU,0,2015,7,80.0
Germany,DEU,0,2015,8,80.2
Germany,DEU,0,2015,9,83.4
Germany,DEU,0,2015,10,81.6
Germany,DEU,0,2015,11,83.9
Germany,DEU,0,2015,12,74.6
Germany,DEU,0,2016,1,80.4
Germany,DEU,0,2016,2,80.7
Germany,DEU,0,2016,3,90.3
Germany,DEU,0,2016,4,96.9
Germany,DEU,0,2016,5,97.3
Germany,DEU,0,2016,6,99.4
Germany,DEU,0,2016,7,97.0
Germany,DEU,0,2016,8,103.9
Germany,DEU,0,2016,9,103.1
Germany,DEU,0,2016,10,93.8
Germany,DEU,0,2016,11,87.0
Germany,DEU,0,2016,12,82.3
Germany,DEU,0,2017,1,71.6
Germany,DEU,0,2017,2,73.1
Germany,DEU,0,2017,3,77.0
Germany,DEU,0,2017,4,74.7
Germany,DEU,0,2017,5,68.3
Germany,DEU,0,2017,6,68.3
Germany,DEU,0,2017,7,73.3
Germany,DEU,0,2017,8,73.0
Germany,DEU,0,2017,9,74.9
Germany,DEU,0,2017,10,72.9
Germany,DEU,0,2017,11,71.6
Germany,DEU,0,2017,12,72.3
Germany,DEU,0,2018,1,71.0
Germany,DEU,0,2018,2,78.4
Germany,DEU,0,2018,3,76.5
Germany,DEU,0,2018,4,86.0
Germany,DEU,0,2018,5,78.3
Germany,DEU,0,2018,6,70.7
Germany,DEU,0,2018,7,71.0
Germany,DEU,0,2018,8,73.3
Germany,DEU,0,2018,9,68.3
Germany,DEU,0,2018,10,77.5
Germany,DEU,0,2018,11,77.7
Germany,DEU,0,2018,12,66.6
Germany,DEU,0,2019,1,73.6
Germany,DEU,0,2019,2,76.2
Germany,DEU,0,2019,3,78.1
Germany,DEU,0,2019,4,72.8
Germany,DEU,0,2019,5,77.8
Germany,DEU,0,2019,6,79.0
Germany,DEU,0,2019,7,85.8
Germany,DEU,0,2019,8,86.4
Germany,DEU,0,2019,9,84.9
Germany,DEU,0,2019,10,84.0
Germany,DEU,0,2019,11,79.9
Germany,DEU,0,2019,12,78.3
Germany,DEU,0,2020,1,83.7
Germany,DEU,0,2020,2,86.0
Germany,DEU,0,2020,3,77.3
Germany,DEU,0,2020,4,77.7
Germany,DEU,0,2020,5,80.6
Germany,DEU,0,2020,6,79.4
Germany,DEU,0,2020,7,78.2
Germany,DEU,0,2020,8,78.7
Germany,DEU,0,2020,9,74.7
Germany,DEU,0,2020,10,74.2
Germany,DEU,0,2020,11,73.0
Germany,DEU,0,2020,12,75.4
Germany,DEU,0,2021,1,74.8
Germany,DEU,0,2021,2,73.5
Germany,DEU,0,2021,3,77.6
Germany,DEU,0,2021,4,77.8
Germany,DEU,0,2021,5,77.1
Germany,DEU,0,2021,6,83.3
Germany,DEU,0,2021,7,80.5
Germany,DEU,0,2021,8,82.4
Germany,DEU,0,2021,9,83.6
Germany,DEU,0,2021,10,83.8
Germany,DEU,0,2021,11,82.3
Germany,DEU,0,2021,12,83.4
Germany,DEU,0,2022,1,84.3
Germany,DEU,0,2022,2,90.5
Germany,DEU,0,2022,3,93.8
Germany,DEU,0,2022,4,92.8
Germany,DEU,0,2022,5,91.6
Germany,DEU,0,2022,6,95.4
Germany,DEU,0,2022,7,87.5
Germany,DEU,0,2022,8,88.8
Germany,DEU,0,2022,9,83.9
Germany,DEU,0,2022,10,85.9
Germany,DEU,0,2022,11,79.8
Germany,DEU,0,2022,12,80.1
Germany,DEU,0,2023,1,77.8
Germany,DEU,0,2023,2,79.6
Germany,DEU,0,2023,3,77.7
Germany,DEU,0,2023,4,79.5
Germany,DEU,0,2023,5,84.2
Germany,DEU,0,2023,6,87.8
Germany,DEU,0,2023,7,88.5
Germany,DEU,0,2023,8,88.5
Germany,DEU,0,2023,9,84.8
Germany,DEU,0,2023,10,87.9
Germany,DEU,0,2023,11,86.3
Germany,DEU,0,2023,12,91.6
Germany,DEU,0,2024,1,94.5
Germany,DEU,0,2024,2,95.5
Germany,DEU,0,2024,3,94.3
Germany,DEU,0,2024,4,92.0
Germany,DEU,0,2024,5,91.5
Germany,DEU,0,2024,6,91.0
Germany,DEU,0,2024,7,105.1
Germany,DEU,0,2024,8,99.3
Germany,DEU,0,2024,9,104.0
Germany,DEU,0,2024,10,102.6
Germany,DEU,0,2024,11,100.1
Germany,DEU,0,2024,12,97.2
Germany,DEU,0,2025,1,105.7
Germany,DEU,0,2025,2,103.3
Germany,DEU,0,2025,3,109.6
Germany,DEU,0,2025,4,108.6
Germany,DEU,0,2025,5,100.7
Germany,DEU,0,2025,6,100.1
Germany,DEU,0,2025,7,107.0
Germany,DEU,0,2025,8,100.6
Germany,DEU,0,2025,9,109.5
Germany,DEU,0,2025,10,114.5
Germany,DEU,0,2025,11,109.1
Germany,DEU,0,2025,12,103.1
Hong Kong,HKG,0,2000,3,39.2
Hong Kong,HKG,0,2000,4,38.3
Hong Kong,HKG,0,2000,5,38.6
Hong Kong,HKG,0,2000,6,38.6
Hong Kong,HKG,0,2000,7,38.3
Hong Kong,HKG,0,2000,8,38.0
Hong Kong,HKG,0,2000,9,37.4
Hong Kong,HKG,0,2000,10,38.7
Hong Kong,HKG,0,2000,11,37.9
Hong Kong,HKG,0,2000,12,38.6
Hong Kong,HKG,0,2001,1,39.1
Hong Kong,HKG,0,2001,2,39.5
Hong Kong,HKG,0,2001,3,41.0
Hong Kong,HKG,0,2001,4,38.5
Hong Kong,HKG,0,2001,5,39.7
Hong Kong,HKG,0,2001,6,41.9
Hong Kong,HKG,0,2001,7,43.3
Hong Kong,HKG,0,2001,8,42.1
Hong Kong,HKG,0,2001,9,45.6
Hong Kong,HKG,0,2001,10,39.3
Hong Kong,HKG,0,2001,11,42.9
Hong Kong,HKG,0,2001,12,47.7
Hong Kong,HKG,0,2002,1,46.2
Hong Kong,HKG,0,2002,2,47.3
Hong Kong,HKG,0,2002,3,47.1
Hong Kong,HKG,0,2002,4,43.5
Hong Kong,HKG,0,2002,5,43.6
Hong Kong,HKG,0,2002,6,42.9
Hong Kong,HKG,0,2002,7,44.1
Hong Kong,HKG,0,2002,8,48.0
Hong Kong,HKG,0,2002,9,45.3
Hong Kong,HKG,0,2002,10,46.8
Hong Kong,HKG,0,2002,11,49.0
Hong Kong,HKG,0,2002,12,47.5
Hong Kong,HKG,0,2003,1,50.1
Hong Kong,HKG,0,2003,2,48.8
Hong Kong,HKG,0,2003,3,48.9
Hong Kong,HKG,0,2003,4,51.4
Hong Kong,HKG,0,2003,5,48.7
Hong Kong,HKG,0,2003,6,43.0
Hong Kong,HKG,0,2003,7,42.3
Hong Kong,HKG,0,2003,8,44.0
Hong Kong,HKG,0,2003,9,42.5
Hong Kong,HKG,0,2003,10,43.9
Hong Kong,HKG,0,2003,11,47.5
Hong Kong,HKG,0,2003,12,50.0
Hong Kong,HKG,0,2004,1,55.0
Hong Kong,HKG,0,2004,2,54.0
Hong Kong,HKG,0,2004,3,52.0
Hong Kong,HKG,0,2004,4,53.6
Hong Kong,HKG,0,2004,5,53.7
Hong Kong,HKG,0,2004,6,45.8
Hong Kong,HKG,0,2004,7,43.9
Hong Kong,HKG,0,2004,8,42.8
Hong Kong,HKG,0,2004,9,43.0
Hong Kong,HKG,0,2004,10,43.3
Hong Kong,HKG,0,2004,11,42.4
Hong Kong,HKG,0,2004,12,45.1
Hong Kong,HKG,0,2005,1,45.3
Hong Kong,HKG,0,2005,2,45.4
Hong Kong,HKG,0,2005,3,45.5
Hong Kong,HKG,0,2005,4,47.6
Hong Kong,HKG,0,2005,5,48.0
Hong Kong,HKG,0,2005,6,44.5
Hong Kong,HKG,0,2005,7,44.7
Hong Kong,HKG,0,2005,8,43.6
Hong Kong,HKG,0,2005,9,44.4
Hong Kong,HKG,0,2005,10,44.0
Hong Kong,HKG,0,2005,11,42.8
Hong Kong,HKG,0,2005,12,40.3
Hong Kong,HKG,0,2006,1,44.6
Hong Kong,HKG,0,2006,2,44.9
Hong Kong,HKG,0,2006,3,46.6
Hong Kong,HKG,0,2006,4,49.5
Hong Kong,HKG,0,2006,5,48.5
Hong Kong,HKG,0,2006,6,48.8
Hong Kong,HKG,0,2006,7,48.9
Hong Kong,HKG,0,2006,8,50.7
Hong Kong,HKG,0,2006,9,49.7
Hong Kong,HKG,0,2006,10,50.6
Hong Kong,HKG,0,2006,11,51.1
Hong Kong,HKG,0,2006,12,54.0
Hong Kong,HKG,0,2007,1,54.6
Hong Kong,HKG,0,2007,2,57.3
Hong Kong,HKG,0,2007,3,58.5
Hong Kong,HKG,0,2007,4,56.3
Hong Kong,HKG,0,2007,5,58.6
Hong Kong,HKG,0,2007,6,57.3
Hong Kong,HKG,0,2007,7,55.9
Hong Kong,HKG,0,2007,8,53.2
Hong Kong,HKG,0,2007,9,52.6
Hong Kong,HKG,0,2007,10,51.3
Hong Kong,HKG,0,2007,11,51.7
Hong Kong,HKG,0,2007,12,51.1
Hong Kong,HKG,0,2008,1,54.4
Hong Kong,HKG,0,2008,2,57.5
Hong Kong,HKG,0,2008,3,60.5
Hong Kong,HKG,0,2008,4,63.1
Hong Kong,HKG,0,2008,5,61.4
Hong Kong,HKG,0,2008,6,65.8
Hong Kong,HKG,0,2008,7,65.2
Hong Kong,HKG,0,2008,8,65.8
Hong Kong,HKG,0,2008,9,65.5
Hong Kong,HKG,0,2008,10,69.8
Hong Kong,HKG,0,2008,11,70.6
Hong Kong,HKG,0,2008,12,77.2
Hong Kong,HKG,0,2009,1,71.7
Hong Kong,HKG,0,2009,2,76.3
Hong Kong,HKG,0,2009,3,78.9
Hong Kong,HKG,0,2009,4,80.9
Hong Kong,HKG,0,2009,5,93.2
Hong Kong,HKG,0,2009,6,95.7
Hong Kong,HKG,0,2009,7,111.1
Hong Kong,HKG,0,2009,8,120.5
Hong Kong,HKG,0,2009,9,128.0
Hong Kong,HKG,0,2009,10,137.8
Hong Kong,HKG,0,2009,11,142.1
Hong Kong,HKG,0,2009,12,148.7
Hong Kong,HKG,0,2010,1,146.6
Hong Kong,HKG,0,2010,2,152.4
Hong Kong,HKG,0,2010,3,150.9
Hong Kong,HKG,0,2010,4,151.8
Hong Kong,HKG,0,2010,5,145.7
Hong Kong,HKG,0,2010,6,137.0
Hong Kong,HKG,0,2010,7,130.2
Hong Kong,HKG,0,2010,8,133.0
Hong Kong,HKG,0,2010,9,131.0
Hong Kong,HKG,0,2010,10,133.8
Hong Kong,HKG,0,2010,11,133.4
Hong Kong,HKG,0,2010,12,133.1
Hong Kong,HKG,0,2011,1,127.6
Hong Kong,HKG,0,2011,2,123.9
Hong Kong,HKG,0,2011,3,121.6
Hong Kong,HKG,0,2011,4,121.9
Hong Kong,HKG,0,2011,5,121.6
Hong Kong,HKG,0,2011,6,112.4
Hong Kong,HKG,0,2011,7,105.9
Hong Kong,HKG,0,2011,8,102.0
Hong Kong,HKG,0,2011,9,111.6
Hong Kong,HKG,0,2011,10,113.3
Hong Kong,HKG,0,2011,11,107.9
Hong Kong,HKG,0,2011,12,121.7
Hong Kong,HKG,0,2012,1,134.2
Hong Kong,HKG,0,2012,2,141.5
Hong Kong,HKG,0,2012,3,140.5
Hong Kong,HKG,0,2012,4,145.2
Hong Kong,HKG,0,2012,5,144.1
Hong Kong,HKG,0,2012,6,136.0
Hong Kong,HKG,0,2012,7,137.1
Hong Kong,HKG,0,2012,8,141.7
Hong Kong,HKG,0,2012,9,137.1
Hong Kong,HKG,0,2012,10,138.5
Hong Kong,HKG,0,2012,11,141.2
Hong Kong,HKG,0,2012,12,141.9
Hong Kong,HKG,0,2013,1,142.9
Hong Kong,HKG,0,2013,2,144.7
Hong Kong,HKG,0,2013,3,146.6
Hong Kong,HKG,0,2013,4,141.2
Hong Kong,HKG,0,2013,5,136.4
Hong Kong,HKG,0,2013,6,124.2
Hong Kong,HKG,0,2013,7,120.0
Hong Kong,HKG,0,2013,8,126.5
Hong Kong,HKG,0,2013,9,126.5
Hong Kong,HKG,0,2013,10,137.3
Hong Kong,HKG,0,2013,11,141.7
Hong Kong,HKG,0,2013,12,158.8
Hong Kong,HKG,0,2014,1,160.3
Hong Kong,HKG,0,2014,2,160.4
Hong Kong,HKG,0,2014,3,155.1
Hong Kong,HKG,0,2014,4,154.5
Hong Kong,HKG,0,2014,5,155.2
Hong Kong,HKG,0,2014,6,157.6
Hong Kong,HKG,0,2014,7,158.7
Hong Kong,HKG,0,2014,8,160.5
Hong Kong,HKG,0,2014,9,159.0
Hong Kong,HKG,0,2014,10,161.0
Hong Kong,HKG,0,2014,11,165.6
Hong Kong,HKG,0,2014,12,172.6
Hong Kong,HKG,0,2015,1,170.8
Hong Kong,HKG,0,2015,2,175.4
Hong Kong,HKG,0,2015,3,180.7
Hong Kong,HKG,0,2015,4,183.1
Hong Kong,HKG,0,2015,5,186.3
Hong Kong,HKG,0,2015,6,181.3
Hong Kong,HKG,0,2015,7,182.8
Hong Kong,HKG,0,2015,8,193.2
Hong Kong,HKG,0,2015,9,198.6
Hong Kong,HKG,0,2015,10,197.0
Hong Kong,HKG,0,2015,11,196.5
Hong Kong,HKG,0,2015,12,200.1
Hong Kong,HKG,0,2016,1,201.5
Hong Kong,HKG,0,2016,2,201.5
Hong Kong,HKG,0,2016,3,199.7
Hong Kong,HKG,0,2016,4,194.5
Hong Kong,HKG,0,2016,5,191.9
Hong Kong,HKG,0,2016,6,184.7
Hong Kong,HKG,0,2016,7,189.6
Hong Kong,HKG,0,2016,8,191.5
Hong Kong,HKG,0,2016,9,189.8
Hong Kong,HKG,0,2016,10,186.3
Hong Kong,HKG,0,2016,11,185.5
Hong Kong,HKG,0,2016,12,191.4
Hong Kong,HKG,0,2017,1,189.4
Hong Kong,HKG,0,2017,2,197.1
Hong Kong,HKG,0,2017,3,195.1
Hong Kong,HKG,0,2017,4,196.8
Hong Kong,HKG,0,2017,5,196.6
Hong Kong,HKG,0,2017,6,201.1
Hong Kong,HKG,0,2017,7,196.7
Hong Kong,HKG,0,2017,8,194.5
Hong Kong,HKG,0,2017,9,194.4
Hong Kong,HKG,0,2017,10,192.3
Hong Kong,HKG,0,2017,11,194.9
Hong Kong,HKG,0,2017,12,194.7
Hong Kong,HKG,0,2018,1,194.3
Hong Kong,HKG,0,2018,2,196.6
Hong Kong,HKG,0,2018,3,196.3
Hong Kong,HKG,0,2018,4,194.1
Hong Kong,HKG,0,2018,5,191.9
Hong Kong,HKG,0,2018,6,196.4
Hong Kong,HKG,0,2018,7,194.4
Hong Kong,HKG,0,2018,8,193.2
Hong Kong,HKG,0,2018,9,192.3
Hong Kong,HKG,0,2018,10,185.0
Hong Kong,HKG,0,2018,11,189.2
Hong Kong,HKG,0,2018,12,196.3
Hong Kong,HKG,0,2019,1,200.9
Hong Kong,HKG,0,2019,2,203.1
Hong Kong,HKG,0,2019,3,209.0
Hong Kong,HKG,0,2019,4,207.2
Hong Kong,HKG,0,2019,5,205.3
Hong Kong,HKG,0,2019,6,217.3
Hong Kong,HKG,0,2019,7,235.8
Hong Kong,HKG,0,2019,8,252.2
Hong Kong,HKG,0,2019,9,242.5
Hong Kong,HKG,0,2019,10,243.6
Hong Kong,HKG,0,2019,11,249.7
Hong Kong,HKG,0,2019,12,249.7
Hong Kong,HKG,0,2020,1,253.0
Hong Kong,HKG,0,2020,2,268.4
Hong Kong,HKG,0,2020,3,256.0
Hong Kong,HKG,0,2020,4,259.4
Hong Kong,HKG,0,2020,5,269.0
Hong Kong,HKG,0,2020,6,262.2
Hong Kong,HKG,0,2020,7,262.7
Hong Kong,HKG,0,2020,8,246.7
Hong Kong,HKG,0,2020,9,241.7
Hong Kong,HKG,0,2020,10,226.6
Hong Kong,HKG,0,2020,11,223.8
Hong Kong,HKG,0,2020,12,224.1
Hong Kong,HKG,0,2021,1,223.9
Hong Kong,HKG,0,2021,2,225.0
Hong Kong,HKG,0,2021,3,227.0
Hong Kong,HKG,0,2021,4,215.9
Hong Kong,HKG,0,2021,5,224.1
Hong Kong,HKG,0,2021,6,219.2
Hong Kong,HKG,0,2021,7,227.1
Hong Kong,HKG,0,2021,8,219.5
Hong Kong,HKG,0,2021,9,229.5
Hong Kong,HKG,0,2021,10,233.4
Hong Kong,HKG,0,2021,11,234.4
Hong Kong,HKG,0,2021,12,225.2
Hong Kong,HKG,0,2022,1,225.6
Hong Kong,HKG,0,2022,2,205.4
Hong Kong,HKG,0,2022,3,207.7
Hong Kong,HKG,0,2022,4,195.0
Hong Kong,HKG,0,2022,5,185.6
Hong Kong,HKG,0,2022,6,187.3
Hong Kong,HKG,0,2022,7,192.8
Hong Kong,HKG,0,2022,8,189.8
Hong Kong,HKG,0,2022,9,178.7
Hong Kong,HKG,0,2022,10,185.0
Hong Kong,HKG,0,2022,11,201.2
Hong Kong,HKG,0,2022,12,214.5
Hong Kong,HKG,0,2023,1,221.0
Hong Kong,HKG,0,2023,2,212.5
Hong Kong,HKG,0,2023,3,223.1
Hong Kong,HKG,0,2023,4,222.2
Hong Kong,HKG,0,2023,5,216.1
Hong Kong,HKG,0,2023,6,198.9
Hong Kong,HKG,0,2023,7,205.9
Hong Kong,HKG,0,2023,8,202.6
Hong Kong,HKG,0,2023,9,197.0
Hong Kong,HKG,0,2023,10,199.1
Hong Kong,HKG,0,2023,11,211.1
Hong Kong,HKG,0,2023,12,238.0
Hong Kong,HKG,0,2024,1,232.7
Hong Kong,HKG,0,2024,2,216.7
Hong Kong,HKG,0,2024,3,208.2
Hong Kong,HKG,0,2024,4,226.6
Hong Kong,HKG,0,2024,5,224.2
Hong Kong,HKG,0,2024,6,226.6
Hong Kong,HKG,0,2024,7,238.6
Hong Kong,HKG,0,2024,8,243.7
Hong Kong,HKG,0,2024,9,243.7
Hong Kong,HKG,0,2024,10,261.8
Hong Kong,HKG,0,2024,11,265.8
Hong Kong,HKG,0,2024,12,255.0
Hong Kong,HKG,0,2025,1,256.0
Hong Kong,HKG,0,2025,2,273.4
Hong Kong,HKG,0,2025,3,262.4
Hong Kong,HKG,0,2025,4,246.6
Hong Kong,HKG,0,2025,5,252.1
Hong Kong,HKG,0,2025,6,241.8
Hong Kong,HKG,0,2025,7,247.5
Hong Kong,HKG,0,2025,8,251.9
Hong Kong,HKG,0,2025,9,238.9
Hong Kong,HKG,0,2025,10,252.0
Hong Kong,HKG,0,2025,11,256.6
Hong Kong,HKG,0,2025,12,268.4
India,IND,0,2002,1,5.8
India,IND,0,2002,2,5.4
India,IND,0,2002,3,6.3
India,IND,0,2002,4,5.4
India,IND,0,2002,5,6.3
India,IND,0,2002,6,9.1
India,IND,0,2002,7,9.3
India,IND,0,2002,8,9.6
India,IND,0,2002,9,8.1
India,IND,0,2002,10,7.9
India,IND,0,2002,11,9.0
India,IND,0,2002,12,9.2
India,IND,0,2003,1,8.6
India,IND,0,2003,2,9.5
India,IND,0,2003,3,9.7
India,IND,0,2003,4,10.6
India,IND,0,2003,5,10.9
India,IND,0,2003,6,10.4
India,IND,0,2003,7,11.3
India,IND,0,2003,8,13.7
India,IND,0,2003,9,13.5
India,IND,0,2003,10,14.9
India,IND,0,2003,11,16.1
India,IND,0,2003,12,16.7
India,IND,0,2004,1,15.7
India,IND,0,2004,2,13.5
India,IND,0,2004,3,13.8
India,IND,0,2004,4,16.2
India,IND,0,2004,5,16.1
India,IND,0,2004,6,18.2
India,IND,0,2004,7,17.2
India,IND,0,2004,8,16.3
India,IND,0,2004,9,14.9
India,IND,0,2004,10,16.0
India,IND,0,2004,11,15.5
India,IND,0,2004,12,15.0
India,IND,0,2006,1,10.3
India,IND,0,2006,2,10.0
India,IND,0,2006,3,11.2
India,IND,0,2006,4,12.3
India,IND,0,2006,5,12.2
India,IND,0,2006,6,13.1
India,IND,0,2006,7,14.0
India,IND,0,2006,8,13.5
India,IND,0,2006,9,11.2
India,IND,0,2006,10,12.0
India,IND,0,2006,11,13.9
India,IND,0,2006,12,14.6
India,IND,0,2007,1,15.8
India,IND,0,2007,2,19.5
India,IND,0,2007,3,20.1
India,IND,0,2007,4,20.0
India,IND,0,2007,5,15.3
India,IND,0,2007,6,14.0
India,IND,0,2007,7,14.1
India,IND,0,2007,8,12.1
India,IND,0,2007,9,10.8
India,IND,0,2007,10,14.9
India,IND,0,2007,11,14.8
India,IND,0,2007,12,14.9
India,IND,0,2008,1,14.6
India,IND,0,2008,2,14.4
India,IND,0,2008,3,11.8
India,IND,0,2008,4,10.5
India,IND,0,2008,5,10.3
India,IND,0,2008,6,17.7
India,IND,0,2008,7,19.0
India,IND,0,2008,8,20.2
India,IND,0,2008,9,20.3
India,IND,0,2008,10,18.3
India,IND,0,2008,11,22.3
India,IND,0,2008,12,29.2
India,IND,0,2009,1,32.5
India,IND,0,2009,2,34.6
India,IND,0,2009,3,38.2
India,IND,0,2009,4,38.5
India,IND,0,2009,5,38.8
India,IND,0,2009,6,42.2
India,IND,0,2009,7,41.8
India,IND,0,2009,8,41.5
India,IND,0,2009,9,38.8
India,IND,0,2009,10,35.8
India,IND,0,2009,11,34.5
India,IND,0,2009,12,32.5
India,IND,0,2010,1,32.7
India,IND,0,2010,2,31.6
India,IND,0,2010,3,32.0
India,IND,0,2010,4,31.0
India,IND,0,2010,5,29.3
India,IND,0,2010,6,35.4
India,IND,0,2010,7,38.4
India,IND,0,2010,8,37.9
India,IND,0,2010,9,40.0
India,IND,0,2010,10,40.1
India,IND,0,2010,11,39.7
India,IND,0,2010,12,40.5
India,IND,0,2011,1,40.6
India,IND,0,2011,2,40.3
India,IND,0,2011,3,39.8
India,IND,0,2011,4,42.1
India,IND,0,2011,5,41.0
India,IND,0,2011,6,41.3
India,IND,0,2011,7,40.3
India,IND,0,2011,8,40.1
India,IND,0,2011,9,41.2
India,IND,0,2011,10,40.1
India,IND,0,2011,11,38.4
India,IND,0,2011,12,43.5
India,IND,0,2012,1,42.8
India,IND,0,2012,2,44.1
India,IND,0,2012,3,46.7
India,IND,0,2012,4,49.3
India,IND,0,2012,5,50.0
India,IND,0,2012,6,53.8
India,IND,0,2012,7,59.3
India,IND,0,2012,8,60.6
India,IND,0,2012,9,59.7
India,IND,0,2012,10,59.6
India,IND,0,2012,11,58.8
India,IND,0,2012,12,59.5
India,IND,0,2013,1,58.5
India,IND,0,2013,2,56.8
India,IND,0,2013,3,55.0
India,IND,0,2013,4,55.8
India,IND,0,2013,5,59.9
India,IND,0,2013,6,61.2
India,IND,0,2013,7,58.9
India,IND,0,2013,8,57.0
India,IND,0,2013,9,56.8
India,IND,0,2013,10,59.9
India,IND,0,2013,11,63.9
India,IND,0,2013,12,68.5
India,IND,0,2014,1,68.1
India,IND,0,2014,2,67.0
India,IND,0,2014,3,70.2
India,IND,0,2014,4,68.7
India,IND,0,2014,5,70.1
India,IND,0,2014,6,72.9
India,IND,0,2014,7,79.7
India,IND,0,2014,8,80.4
India,IND,0,2014,9,80.0
India,IND,0,2014,10,77.5
India,IND,0,2014,11,80.5
India,IND,0,2014,12,83.0
India,IND,0,2015,1,91.2
India,IND,0,2015,2,101.7
India,IND,0,2015,3,107.7
India,IND,0,2015,4,110.3
India,IND,0,2015,5,114.0
India,IND,0,2015,6,117.0
India,IND,0,2015,7,116.4
India,IND,0,2015,8,115.6
India,IND,0,2015,9,113.5
India,IND,0,2015,10,116.6
India,IND,0,2015,11,115.4
India,IND,0,2015,12,116.8
India,IND,0,2016,1,119.8
India,IND,0,2016,2,118.8
India,IND,0,2016,3,118.9
India,IND,0,2016,4,121.6
India,IND,0,2016,5,118.0
India,IND,0,2016,6,117.2
India,IND,0,2016,7,123.7
India,IND,0,2016,8,122.9
India,IND,0,2016,9,122.7
India,IND,0,2016,10,123.0
India,IND,0,2016,11,118.7
India,IND,0,2016,12,118.2
India,IND,0,2017,1,113.7
India,IND,0,2017,2,112.3
India,IND,0,2017,3,117.1
India,IND,0,2017,4,124.1
India,IND,0,2017,5,127.3
India,IND,0,2017,6,130.3
India,IND,0,2017,7,135.7
India,IND,0,2017,8,138.9
India,IND,0,2017,9,145.1
India,IND,0,2017,10,141.4
India,IND,0,2017,11,140.8
India,IND,0,2017,12,144.7
India,IND,0,2018,1,148.6
India,IND,0,2018,2,152.9
India,IND,0,2018,3,157.0
India,IND,0,2018,4,152.8
India,IND,0,2018,5,148.9
India,IND,0,2018,6,147.3
India,IND,0,2018,7,142.6
India,IND,0,2018,8,140.6
India,IND,0,2018,9,144.0
India,IND,0,2018,10,138.2
India,IND,0,2018,11,138.5
India,IND,0,2018,12,141.3
India,IND,0,2019,1,144.9
India,IND,0,2019,2,144.3
India,IND,0,2019,3,152.0
India,IND,0,2019,4,155.3
India,IND,0,2019,5,156.9
India,IND,0,2019,6,162.7
India,IND,0,2019,7,159.9
India,IND,0,2019,8,162.2
India,IND,0,2019,9,160.7
India,IND,0,2019,10,161.4
India,IND,0,2019,11,159.2
India,IND,0,2019,12,162.0
India,IND,0,2020,1,164.3
India,IND,0,2020,2,177.5
India,IND,0,2020,3,156.5
India,IND,0,2020,4,157.4
India,IND,0,2020,5,169.9
India,IND,0,2020,6,182.7
India,IND,0,2020,7,194.6
India,IND,0,2020,8,196.5
India,IND,0,2020,9,213.5
India,IND,0,2020,10,222.4
India,IND,0,2020,11,220.2
India,IND,0,2020,12,216.2
India,IND,0,2021,1,211.6
India,IND,0,2021,2,204.4
India,IND,0,2021,3,200.0
India,IND,0,2021,4,208.7
India,IND,0,2021,5,215.8
India,IND,0,2021,6,220.2
India,IND,0,2021,7,219.2
India,IND,0,2021,8,217.0
India,IND,0,2021,9,218.4
India,IND,0,2021,10,210.7
India,IND,0,2021,11,205.2
India,IND,0,2021,12,198.9
India,IND,0,2022,1,198.6
India,IND,0,2022,2,199.8
India,IND,0,2022,3,199.8
India,IND,0,2022,4,199.0
India,IND,0,2022,5,203.7
India,IND,0,2022,6,208.8
India,IND,0,2022,7,212.0
India,IND,0,2022,8,221.2
India,IND,0,2022,9,212.6
India,IND,0,2022,10,213.0
India,IND,0,2022,11,219.0
India,IND,0,2022,12,224.1
India,IND,0,2023,1,232.0
India,IND,0,2023,2,231.2
India,IND,0,2023,3,237.9
India,IND,0,2023,4,238.7
India,IND,0,2023,5,238.3
India,IND,0,2023,6,235.4
India,IND,0,2023,7,233.1
India,IND,0,2023,8,232.5
India,IND,0,2023,9,229.1
India,IND,0,2023,10,222.0
India,IND,0,2023,11,224.9
India,IND,0,2023,12,233.7
India,IND,0,2024,1,236.1
India,IND,0,2024,2,234.7
India,IND,0,2024,3,240.6
India,IND,0,2024,4,233.5
India,IND,0,2024,5,237.8
India,IND,0,2024,6,241.9
India,IND,0,2024,7,238.8
India,IND,0,2024,8,245.9
India,IND,0,2024,9,247.2
India,IND,0,2024,10,241.4
India,IND,0,2024,11,234.0
India,IND,0,2024,12,219.1
India,IND,0,2025,1,225.7
India,IND,0,2025,2,228.0
India,IND,0,2025,3,239.9
India,IND,0,2025,4,232.5
India,IND,0,2025,5,235.3
India,IND,0,2025,6,227.4
India,IND,0,2025,7,219.7
India,IND,0,2025,8,219.4
India,IND,0,2025,9,202.7
India,IND,0,2025,10,190.4
India,IND,0,2025,11,186.5
India,IND,0,2025,12,182.9
Indonesia,IDN,0,2012,1,38.2
Indonesia,IDN,0,2012,2,36.3
Indonesia,IDN,0,2012,3,32.3
Indonesia,IDN,0,2012,4,31.4
Indonesia,IDN,0,2012,5,32.5
Indonesia,IDN,0,2012,6,31.6
Indonesia,IDN,0,2012,7,28.3
Indonesia,IDN,0,2012,8,29.6
Indonesia,IDN,0,2012,9,28.0
Indonesia,IDN,0,2012,10,27.5
Indonesia,IDN,0,2012,11,26.8
Indonesia,IDN,0,2012,12,26.0
Indonesia,IDN,0,2013,1,25.1
Indonesia,IDN,0,2013,2,24.3
Indonesia,IDN,0,2013,3,24.1
Indonesia,IDN,0,2013,4,24.8
Indonesia,IDN,0,2013,5,22.7
Indonesia,IDN,0,2013,6,22.0
Indonesia,IDN,0,2013,7,22.3
Indonesia,IDN,0,2013,8,20.9
Indonesia,IDN,0,2013,9,20.1
Indonesia,IDN,0,2013,10,20.2
Indonesia,IDN,0,2013,11,20.9
Indonesia,IDN,0,2013,12,22.5
Indonesia,IDN,0,2014,1,23.9
Indonesia,IDN,0,2014,2,22.7
Indonesia,IDN,0,2014,3,22.0
Indonesia,IDN,0,2014,4,22.2
Indonesia,IDN,0,2014,5,22.9
Indonesia,IDN,0,2014,6,23.9
Indonesia,IDN,0,2014,7,23.5
Indonesia,IDN,0,2014,8,23.2
Indonesia,IDN,0,2014,9,25.1
Indonesia,IDN,0,2014,10,22.8
Indonesia,IDN,0,2014,11,21.1
Indonesia,IDN,0,2014,12,24.3
Indonesia,IDN,0,2015,1,23.5
Indonesia,IDN,0,2015,2,23.3
Indonesia,IDN,0,2015,3,23.7
Indonesia,IDN,0,2015,4,21.1
Indonesia,IDN,0,2015,5,21.4
Indonesia,IDN,0,2015,6,20.8
Indonesia,IDN,0,2015,7,20.3
Indonesia,IDN,0,2015,8,20.1
Indonesia,IDN,0,2015,9,19.0
Indonesia,IDN,0,2015,10,18.6
Indonesia,IDN,0,2015,11,18.8
Indonesia,IDN,0,2015,12,20.6
Indonesia,IDN,0,2016,1,20.6
Indonesia,IDN,0,2016,2,19.3
Indonesia,IDN,0,2016,3,18.7
Indonesia,IDN,0,2016,4,18.8
Indonesia,IDN,0,2016,5,17.8
Indonesia,IDN,0,2016,6,18.7
Indonesia,IDN,0,2016,7,22.2
Indonesia,IDN,0,2016,8,22.5
Indonesia,IDN,0,2016,9,21.6
Indonesia,IDN,0,2016,10,24.1
Indonesia,IDN,0,2016,11,22.5
Indonesia,IDN,0,2016,12,24.6
Indonesia,IDN,0,2017,1,24.6
Indonesia,IDN,0,2017,2,24.0
Indonesia,IDN,0,2017,3,22.7
Indonesia,IDN,0,2017,4,24.2
Indonesia,IDN,0,2017,5,26.7
Indonesia,IDN,0,2017,6,27.6
Indonesia,IDN,0,2017,7,26.8
Indonesia,IDN,0,2017,8,25.5
Indonesia,IDN,0,2017,9,27.2
Indonesia,IDN,0,2017,10,25.3
Indonesia,IDN,0,2017,11,24.5
Indonesia,IDN,0,2017,12,27.1
Indonesia,IDN,0,2018,1,27.3
Indonesia,IDN,0,2018,2,26.6
Indonesia,IDN,0,2018,3,24.8
Indonesia,IDN,0,2018,4,23.5
Indonesia,IDN,0,2018,5,23.5
Indonesia,IDN,0,2018,6,23.0
Indonesia,IDN,0,2018,7,23.1
Indonesia,IDN,0,2018,8,23.5
Indonesia,IDN,0,2018,9,23.0
Indonesia,IDN,0,2018,10,22.5
Indonesia,IDN,0,2018,11,23.4
Indonesia,IDN,0,2018,12,25.1
Indonesia,IDN,0,2019,1,23.8
Indonesia,IDN,0,2019,2,24.2
Indonesia,IDN,0,2019,3,23.5
Indonesia,IDN,0,2019,4,24.8
Indonesia,IDN,0,2019,5,24.2
Indonesia,IDN,0,2019,6,23.5
Indonesia,IDN,0,2019,7,25.9
Indonesia,IDN,0,2019,8,28.9
Indonesia,IDN,0,2019,9,28.7
Indonesia,IDN,0,2019,10,28.4
Indonesia,IDN,0,2019,11,30.5
Indonesia,IDN,0,2019,12,32.2
Indonesia,IDN,0,2024,1,16.7
Indonesia,IDN,0,2024,2,17.5
Indonesia,IDN,0,2024,3,21.9
Indonesia,IDN,0,2024,4,19.8
Indonesia,IDN,0,2024,5,18.6
Indonesia,IDN,0,2024,6,20.8
Indonesia,IDN,0,2024,7,20.6
Indonesia,IDN,0,2024,8,20.9
Indonesia,IDN,0,2024,9,31.9
Indonesia,IDN,0,2024,10,33.5
Indonesia,IDN,0,2024,11,33.6
Indonesia,IDN,0,2024,12,32.0
Iraq,IRQ,0,2012,1,41.1
Iraq,IRQ,0,2012,2,43.8
Iraq,IRQ,0,2012,3,44.1
Iraq,IRQ,0,2012,4,45.2
Iraq,IRQ,0,2012,5,44.7
Iraq,IRQ,0,2012,6,48.9
Iraq,IRQ,0,2012,7,47.8
Iraq,IRQ,0,2012,8,46.9
Iraq,IRQ,0,2012,9,48.4
Iraq,IRQ,0,2012,10,48.3
Iraq,IRQ,0,2012,11,47.2
Iraq,IRQ,0,2012,12,49.4
Iraq,IRQ,0,2013,1,49.2
Iraq,IRQ,0,2013,2,45.3
Iraq,IRQ,0,2013,3,45.7
Iraq,IRQ,0,2013,4,49.6
Iraq,IRQ,0,2013,5,46.9
Iraq,IRQ,0,2013,6,45.4
Iraq,IRQ,0,2013,7,44.1
Iraq,IRQ,0,2013,8,38.7
Iraq,IRQ,0,2013,9,37.8
Iraq,IRQ,0,2013,10,34.1
Iraq,IRQ,0,2013,11,33.2
Iraq,IRQ,0,2013,12,35.2
Iraq,IRQ,0,2014,1,36.5
Iraq,IRQ,0,2014,2,33.9
Iraq,IRQ,0,2014,3,31.6
Iraq,IRQ,0,2014,4,29.6
Iraq,IRQ,0,2014,5,27.3
Iraq,IRQ,0,2014,6,26.4
Iraq,IRQ,0,2014,7,25.1
Iraq,IRQ,0,2014,8,25.6
Iraq,IRQ,0,2014,9,24.6
Iraq,IRQ,0,2014,10,25.7
Iraq,IRQ,0,2014,11,26.2
Iraq,IRQ,0,2014,12,26.4
Iraq,IRQ,0,2015,1,24.9
Iraq,IRQ,0,2015,2,25.9
Iraq,IRQ,0,2015,3,27.2
Iraq,IRQ,0,2015,4,27.6
Iraq,IRQ,0,2015,5,29.3
Iraq,IRQ,0,2015,6,30.1
Iraq,IRQ,0,2015,7,29.0
Iraq,IRQ,0,2015,8,25.6
Iraq,IRQ,0,2015,9,25.1
Iraq,IRQ,0,2015,10,22.6
Iraq,IRQ,0,2015,11,20.8
Iraq,IRQ,0,2015,12,19.4
Iraq,IRQ,0,2016,1,19.4
Iraq,IRQ,0,2016,2,17.1
Iraq,IRQ,0,2016,3,13.4
Iraq,IRQ,0,2016,4,15.2
Iraq,IRQ,0,2016,5,14.7
Iraq,IRQ,0,2016,6,15.3
Iraq,IRQ,0,2016,7,15.2
Iraq,IRQ,0,2016,8,15.3
Iraq,IRQ,0,2016,9,15.2
Iraq,IRQ,0,2016,10,15.4
Iraq,IRQ,0,2016,11,13.9
Iraq,IRQ,0,2016,12,14.0
Iraq,IRQ,0,2017,1,14.7
Iraq,IRQ,0,2017,2,14.4
Iraq,IRQ,0,2017,3,15.4
Iraq,IRQ,0,2017,4,14.8
Iraq,IRQ,0,2017,5,15.5
Iraq,IRQ,0,2017,6,16.0
Iraq,IRQ,0,2017,7,16.2
Iraq,IRQ,0,2017,8,17.0
Iraq,IRQ,0,2017,9,17.3
Iraq,IRQ,0,2017,10,18.2
Iraq,IRQ,0,2017,11,19.9
Iraq,IRQ,0,2017,12,20.7
Iraq,IRQ,0,2018,1,21.3
Iraq,IRQ,0,2018,2,22.3
Iraq,IRQ,0,2018,3,21.7
Iraq,IRQ,0,2018,4,22.4
Iraq,IRQ,0,2018,5,24.5
Iraq,IRQ,0,2018,6,26.5
Iraq,IRQ,0,2018,7,28.3
Iraq,IRQ,0,2018,8,29.8
Iraq,IRQ,0,2018,9,29.4
Iraq,IRQ,0,2018,10,31.1
Iraq,IRQ,0,2018,11,32.1
Iraq,IRQ,0,2018,12,34.6
Iraq,IRQ,0,2019,1,34.0
Iraq,IRQ,0,2019,2,34.7
Iraq,IRQ,0,2019,3,36.2
Iraq,IRQ,0,2019,4,35.4
Iraq,IRQ,0,2019,5,34.4
Iraq,IRQ,0,2019,6,34.7
Iraq,IRQ,0,2019,7,34.9
Iraq,IRQ,0,2019,8,35.1
Iraq,IRQ,0,2019,9,32.5
Iraq,IRQ,0,2019,10,32.7
Iraq,IRQ,0,2019,11,31.0
Iraq,IRQ,0,2019,12,32.9
Iraq,IRQ,0,2022,1,23.4
Iraq,IRQ,0,2022,2,24.1
Iraq,IRQ,0,2022,3,26.2
Iraq,IRQ,0,2022,4,28.3
Iraq,IRQ,0,2022,5,32.9
Iraq,IRQ,0,2022,6,32.0
Iraq,IRQ,0,2022,7,34.6
Iraq,IRQ,0,2022,8,35.6
Iraq,IRQ,0,2022,9,36.9
Iraq,IRQ,0,2022,10,38.0
Iraq,IRQ,0,2022,11,39.7
Iraq,IRQ,0,2022,12,40.8
Ireland,IRL,0,2002,1,7.2
Ireland,IRL,0,2002,2,7.3
Ireland,IRL,0,2002,3,9.8
Ireland,IRL,0,2002,4,9.4
Ireland,IRL,0,2002,5,8.8
Ireland,IRL,0,2002,6,7.9
Ireland,IRL,0,2002,7,7.2
Ireland,IRL,0,2002,8,8.5
Ireland,IRL,0,2002,9,8.7
Ireland,IRL,0,2002,10,7.5
Ireland,IRL,0,2002,11,7.0
Ireland,IRL,0,2002,12,7.0
Ireland,IRL,0,2003,1,7.2
Ireland,IRL,0,2003,2,9.5
Ireland,IRL,0,2003,3,9.5
Ireland,IRL,0,2003,4,8.9
Ireland,IRL,0,2003,5,9.6
Ireland,IRL,0,2003,6,12.6
Ireland,IRL,0,2003,7,13.5
Ireland,IRL,0,2003,8,14.9
Ireland,IRL,0,2003,9,15.5
Ireland,IRL,0,2003,10,15.0
Ireland,IRL,0,2003,11,15.4
Ireland,IRL,0,2003,12,14.9
Ireland,IRL,0,2004,1,14.7
Ireland,IRL,0,2004,2,15.4
Ireland,IRL,0,2004,3,14.0
Ireland,IRL,0,2004,4,14.2
Ireland,IRL,0,2004,5,19.2
Ireland,IRL,0,2004,6,12.8
Ireland,IRL,0,2004,7,14.9
Ireland,IRL,0,2004,8,15.6
Ireland,IRL,0,2004,9,14.6
Ireland,IRL,0,2004,10,15.1
Ireland,IRL,0,2004,11,17.0
Ireland,IRL,0,2004,12,16.2
Ireland,IRL,0,2005,1,15.8
Ireland,IRL,0,2005,2,18.4
Ireland,IRL,0,2005,3,18.2
Ireland,IRL,0,2005,4,14.4
Ireland,IRL,0,2005,5,19.2
Ireland,IRL,0,2005,6,22.2
Ireland,IRL,0,2005,7,23.1
Ireland,IRL,0,2005,8,18.9
Ireland,IRL,0,2005,9,19.1
Ireland,IRL,0,2005,10,22.1
Ireland,IRL,0,2005,11,23.0
Ireland,IRL,0,2005,12,19.7
Ireland,IRL,0,2006,1,21.1
Ireland,IRL,0,2006,2,19.3
Ireland,IRL,0,2006,3,19.6
Ireland,IRL,0,2006,4,17.7
Ireland,IRL,0,2006,5,19.0
Ireland,IRL,0,2006,6,13.8
Ireland,IRL,0,2006,7,13.6
Ireland,IRL,0,2006,8,15.1
Ireland,IRL,0,2006,9,14.6
Ireland,IRL,0,2006,10,15.7
Ireland,IRL,0,2006,11,14.8
Ireland,IRL,0,2006,12,11.6
Ireland,IRL,0,2007,1,12.3
Ireland,IRL,0,2007,2,12.5
Ireland,IRL,0,2007,3,11.7
Ireland,IRL,0,2007,4,8.5
Ireland,IRL,0,2007,5,12.0
Ireland,IRL,0,2007,6,15.8
Ireland,IRL,0,2007,7,15.6
Ireland,IRL,0,2007,8,16.8
Ireland,IRL,0,2007,9,16.3
Ireland,IRL,0,2007,10,17.0
Ireland,IRL,0,2007,11,17.5
Ireland,IRL,0,2007,12,18.7
Ireland,IRL,0,2008,1,15.6
Ireland,IRL,0,2008,2,15.4
Ireland,IRL,0,2008,3,17.6
Ireland,IRL,0,2008,4,18.3
Ireland,IRL,0,2008,5,15.6
Ireland,IRL,0,2008,6,19.9
Ireland,IRL,0,2008,7,16.9
Ireland,IRL,0,2008,8,18.9
Ireland,IRL,0,2008,9,32.9
Ireland,IRL,0,2008,10,35.1
Ireland,IRL,0,2008,11,41.3
Ireland,IRL,0,2008,12,54.3
Ireland,IRL,0,2009,1,50.0
Ireland,IRL,0,2009,2,54.5
Ireland,IRL,0,2009,3,54.7
Ireland,IRL,0,2009,4,49.7
Ireland,IRL,0,2009,5,50.6
Ireland,IRL,0,2009,6,50.6
Ireland,IRL,0,2009,7,42.9
Ireland,IRL,0,2009,8,40.8
Ireland,IRL,0,2009,9,37.0
Ireland,IRL,0,2009,10,42.6
Ireland,IRL,0,2009,11,43.1
Ireland,IRL,0,2009,12,43.6
Ireland,IRL,0,2010,1,39.2
Ireland,IRL,0,2010,2,38.7
Ireland,IRL,0,2010,3,43.3
Ireland,IRL,0,2010,4,45.7
Ireland,IRL,0,2010,5,48.0
Ireland,IRL,0,2010,6,55.7
Ireland,IRL,0,2010,7,50.8
Ireland,IRL,0,2010,8,49.2
Ireland,IRL,0,2010,9,51.4
Ireland,IRL,0,2010,10,48.7
Ireland,IRL,0,2010,11,49.8
Ireland,IRL,0,2010,12,45.7
Ireland,IRL,0,2011,1,44.2
Ireland,IRL,0,2011,2,41.8
Ireland,IRL,0,2011,3,43.8
Ireland,IRL,0,2011,4,40.0
Ireland,IRL,0,2011,5,33.5
Ireland,IRL,0,2011,6,53.9
Ireland,IRL,0,2011,7,52.2
Ireland,IRL,0,2011,8,51.4
Ireland,IRL,0,2011,9,62.9
Ireland,IRL,0,2011,10,66.7
Ireland,IRL,0,2011,11,70.2
Ireland,IRL,0,2011,12,95.2
Ireland,IRL,0,2012,1,83.9
Ireland,IRL,0,2012,2,94.1
Ireland,IRL,0,2012,3,92.2
Ireland,IRL,0,2012,4,93.0
Ireland,IRL,0,2012,5,91.5
Ireland,IRL,0,2012,6,88.7
Ireland,IRL,0,2012,7,90.6
Ireland,IRL,0,2012,8,91.8
Ireland,IRL,0,2012,9,94.3
Ireland,IRL,0,2012,10,95.3
Ireland,IRL,0,2012,11,97.4
Ireland,IRL,0,2012,12,103.1
Ireland,IRL,0,2013,1,108.5
Ireland,IRL,0,2013,2,109.6
Ireland,IRL,0,2013,3,113.5
Ireland,IRL,0,2013,4,120.5
Ireland,IRL,0,2013,5,120.5
Ireland,IRL,0,2013,6,121.2
Ireland,IRL,0,2013,7,117.9
Ireland,IRL,0,2013,8,120.0
Ireland,IRL,0,2013,9,111.3
Ireland,IRL,0,2013,10,110.9
Ireland,IRL,0,2013,11,116.9
Ireland,IRL,0,2013,12,179.6
Ireland,IRL,0,2014,1,166.2
Ireland,IRL,0,2014,2,171.4
Ireland,IRL,0,2014,3,173.3
Ireland,IRL,0,2014,4,174.3
Ireland,IRL,0,2014,5,170.0
Ireland,IRL,0,2014,6,177.1
Ireland,IRL,0,2014,7,174.7
Ireland,IRL,0,2014,8,176.1
Ireland,IRL,0,2014,9,178.8
Ireland,IRL,0,2014,10,188.5
Ireland,IRL,0,2014,11,193.9
Ireland,IRL,0,2014,12,202.0
Ireland,IRL,0,2015,1,203.7
Ireland,IRL,0,2015,2,206.5
Ireland,IRL,0,2015,3,214.3
Ireland,IRL,0,2015,4,215.7
Ireland,IRL,0,2015,5,209.0
Ireland,IRL,0,2015,6,217.7
Ireland,IRL,0,2015,7,216.1
Ireland,IRL,0,2015,8,215.9
Ireland,IRL,0,2015,9,222.0
Ireland,IRL,0,2015,10,232.4
Ireland,IRL,0,2015,11,246.0
Ireland,IRL,0,2015,12,264.4
Ireland,IRL,0,2016,1,252.1
Ireland,IRL,0,2016,2,255.2
Ireland,IRL,0,2016,3,263.7
Ireland,IRL,0,2016,4,257.4
Ireland,IRL,0,2016,5,259.3
Ireland,IRL,0,2016,6,269.8
Ireland,IRL,0,2016,7,269.2
Ireland,IRL,0,2016,8,266.4
Ireland,IRL,0,2016,9,270.9
Ireland,IRL,0,2016,10,273.9
Ireland,IRL,0,2016,11,275.2
Ireland,IRL,0,2016,12,288.2
Ireland,IRL,0,2017,1,293.7
Ireland,IRL,0,2017,2,309.0
Ireland,IRL,0,2017,3,313.9
Ireland,IRL,0,2017,4,301.9
Ireland,IRL,0,2017,5,297.8
Ireland,IRL,0,2017,6,304.4
Ireland,IRL,0,2017,7,312.3
Ireland,IRL,0,2017,8,309.0
Ireland,IRL,0,2017,9,310.6
Ireland,IRL,0,2017,10,312.4
Ireland,IRL,0,2017,11,324.3
Ireland,IRL,0,2017,12,326.6
Ireland,IRL,0,2018,1,327.7
Ireland,IRL,0,2018,2,314.2
Ireland,IRL,0,2018,3,318.1
Ireland,IRL,0,2018,4,300.6
Ireland,IRL,0,2018,5,301.0
Ireland,IRL,0,2018,6,301.1
Ireland,IRL,0,2018,7,300.2
Ireland,IRL,0,2018,8,311.6
Ireland,IRL,0,2018,9,290.4
Ireland,IRL,0,2018,10,287.3
Ireland,IRL,0,2018,11,279.6
Ireland,IRL,0,2018,12,279.9
Ireland,IRL,0,2019,1,270.1
Ireland,IRL,0,2019,2,274.0
Ireland,IRL,0,2019,3,277.6
Ireland,IRL,0,2019,4,269.7
Ireland,IRL,0,2019,5,270.7
Ireland,IRL,0,2019,6,261.8
Ireland,IRL,0,2019,7,257.3
Ireland,IRL,0,2019,8,272.3
Ireland,IRL,0,2019,9,274.1
Ireland,IRL,0,2019,10,285.4
Ireland,IRL,0,2019,11,289.7
Ireland,IRL,0,2019,12,281.9
Ireland,IRL,0,2020,1,271.7
Ireland,IRL,0,2020,2,282.8
Ireland,IRL,0,2020,3,271.6
Ireland,IRL,0,2020,4,301.3
Ireland,IRL,0,2020,5,324.2
Ireland,IRL,0,2020,6,330.2
Ireland,IRL,0,2020,7,330.7
Ireland,IRL,0,2020,8,335.2
Ireland,IRL,0,2020,9,315.7
Ireland,IRL,0,2020,10,316.3
Ireland,IRL,0,2020,11,314.2
Ireland,IRL,0,2020,12,318.1
Ireland,IRL,0,2021,1,313.6
Ireland,IRL,0,2021,2,316.0
Ireland,IRL,0,2021,3,309.8
Ireland,IRL,0,2021,4,307.0
Ireland,IRL,0,2021,5,304.9
Ireland,IRL,0,2021,6,322.7
Ireland,IRL,0,2021,7,319.8
Ireland,IRL,0,2021,8,326.4
Ireland,IRL,0,2021,9,309.6
Ireland,IRL,0,2021,10,324.1
Ireland,IRL,0,2021,11,330.0
Ireland,IRL,0,2021,12,334.5
Ireland,IRL,0,2022,1,308.5
Ireland,IRL,0,2022,2,314.7
Ireland,IRL,0,2022,3,315.7
Ireland,IRL,0,2022,4,309.4
Ireland,IRL,0,2022,5,288.6
Ireland,IRL,0,2022,6,285.4
Ireland,IRL,0,2022,7,277.5
Ireland,IRL,0,2022,8,275.6
Ireland,IRL,0,2022,9,265.4
Ireland,IRL,0,2022,10,245.1
Ireland,IRL,0,2022,11,241.5
Ireland,IRL,0,2022,12,241.7
Ireland,IRL,0,2023,1,243.1
Ireland,IRL,0,2023,2,240.9
Ireland,IRL,0,2023,3,240.3
Ireland,IRL,0,2023,4,234.4
Ireland,IRL,0,2023,5,234.7
Ireland,IRL,0,2023,6,271.3
Ireland,IRL,0,2023,7,257.1
Ireland,IRL,0,2023,8,281.4
Ireland,IRL,0,2023,9,279.4
Ireland,IRL,0,2023,10,287.9
Ireland,IRL,0,2023,11,304.7
Ireland,IRL,0,2023,12,349.7
Ireland,IRL,0,2024,1,334.6
Ireland,IRL,0,2024,2,341.2
Ireland,IRL,0,2024,3,340.7
Ireland,IRL,0,2024,4,330.0
Ireland,IRL,0,2024,5,336.8
Ireland,IRL,0,2024,6,336.1
Ireland,IRL,0,2024,7,341.2
Ireland,IRL,0,2024,8,350.9
Ireland,IRL,0,2024,9,356.3
Ireland,IRL,0,2024,10,336.7
Ireland,IRL,0,2024,11,343.1
Ireland,IRL,0,2024,12,339.4
Ireland,IRL,0,2025,1,329.7
Ireland,IRL,0,2025,2,334.3
Ireland,IRL,0,2025,3,324.8
Ireland,IRL,0,2025,4,333.1
Ireland,IRL,0,2025,5,319.3
Ireland,IRL,0,2025,6,310.2
Ireland,IRL,0,2025,7,320.2
Ireland,IRL,0,2025,8,340.0
Ireland,IRL,0,2025,9,340.0
Ireland,IRL,0,2025,10,339.9
Ireland,IRL,0,2025,11,340.3
Ireland,IRL,0,2025,12,341.0
Israel,ISR,0,2002,1,14.8
Israel,ISR,0,2002,2,14.6
Israel,ISR,0,2002,3,15.6
Israel,ISR,0,2002,4,16.4
Israel,ISR,0,2002,5,15.4
Israel,ISR,0,2002,6,11.2
Israel,ISR,0,2002,7,12.7
Israel,ISR,0,2002,8,11.2
Israel,ISR,0,2002,9,12.9
Israel,ISR,0,2002,10,10.5
Israel,ISR,0,2002,11,11.2
Israel,ISR,0,2002,12,12.5
Israel,ISR,0,2003,1,11.7
Israel,ISR,0,2003,2,12.9
Israel,ISR,0,2003,3,14.9
Israel,ISR,0,2003,4,14.2
Israel,ISR,0,2003,5,12.8
Israel,ISR,0,2003,6,11.8
Israel,ISR,0,2003,7,13.1
Israel,ISR,0,2003,8,12.0
Israel,ISR,0,2003,9,12.1
Israel,ISR,0,2003,10,11.4
Israel,ISR,0,2003,11,11.9
Israel,ISR,0,2003,12,12.2
Israel,ISR,0,2004,1,10.5
Israel,ISR,0,2004,2,14.1
Israel,ISR,0,2004,3,16.4
Israel,ISR,0,2004,4,15.5
Israel,ISR,0,2004,5,18.0
Israel,ISR,0,2004,6,17.1
Israel,ISR,0,2004,7,12.8
Israel,ISR,0,2004,8,11.6
Israel,ISR,0,2004,9,12.5
Israel,ISR,0,2004,10,10.6
Israel,ISR,0,2004,11,13.2
Israel,ISR,0,2004,12,13.7
Israel,ISR,0,2005,1,14.9
Israel,ISR,0,2005,2,14.3
Israel,ISR,0,2005,3,14.6
Israel,ISR,0,2005,4,11.5
Israel,ISR,0,2005,5,10.3
Israel,ISR,0,2005,6,10.9
Israel,ISR,0,2005,7,10.5
Israel,ISR,0,2005,8,11.4
Israel,ISR,0,2005,9,11.8
Israel,ISR,0,2005,10,11.9
Israel,ISR,0,2005,11,10.8
Israel,ISR,0,2005,12,12.5
Israel,ISR,0,2006,1,12.5
Israel,ISR,0,2006,2,12.4
Israel,ISR,0,2006,3,12.3
Israel,ISR,0,2006,4,13.4
Israel,ISR,0,2006,5,13.4
Israel,ISR,0,2006,6,7.5
Israel,ISR,0,2006,7,6.5
Israel,ISR,0,2006,8,6.2
Israel,ISR,0,2006,9,9.2
Israel,ISR,0,2006,10,11.3
Israel,ISR,0,2006,11,11.7
Israel,ISR,0,2006,12,12.3
Israel,ISR,0,2008,1,7.6
Israel,ISR,0,2008,2,7.1
Israel,ISR,0,2008,3,6.5
Israel,ISR,0,2008,4,6.2
Israel,ISR,0,2008,5,5.3
Israel,ISR,0,2008,6,9.8
Israel,ISR,0,2008,7,8.1
Israel,ISR,0,2008,8,7.6
Israel,ISR,0,2008,9,8.7
Israel,ISR,0,2008,10,12.4
Israel,ISR,0,2008,11,13.8
Israel,ISR,0,2008,12,18.8
Israel,ISR,0,2009,1,16.9
Israel,ISR,0,2009,2,17.4
Israel,ISR,0,2009,3,19.4
Israel,ISR,0,2009,4,19.1
Israel,ISR,0,2009,5,19.0
Israel,ISR,0,2009,6,16.6
Israel,ISR,0,2009,7,15.5
Israel,ISR,0,2009,8,16.2
Israel,ISR,0,2009,9,16.9
Israel,ISR,0,2009,10,14.5
Israel,ISR,0,2009,11,15.1
Israel,ISR,0,2009,12,13.8
Israel,ISR,0,2010,1,16.8
Israel,ISR,0,2010,2,18.9
Israel,ISR,0,2010,3,22.0
Israel,ISR,0,2010,4,19.9
Israel,ISR,0,2010,5,20.1
Israel,ISR,0,2010,6,18.3
Israel,ISR,0,2010,7,17.8
Israel,ISR,0,2010,8,16.3
Israel,ISR,0,2010,9,17.6
Israel,ISR,0,2010,10,17.9
Israel,ISR,0,2010,11,20.5
Israel,ISR,0,2010,12,20.6
Israel,ISR,0,2011,1,19.9
Israel,ISR,0,2011,2,19.8
Israel,ISR,0,2011,3,18.9
Israel,ISR,0,2011,4,19.3
Israel,ISR,0,2011,5,19.1
Israel,ISR,0,2011,6,21.9
Israel,ISR,0,2011,7,20.9
Israel,ISR,0,2011,8,22.0
Israel,ISR,0,2011,9,20.3
Israel,ISR,0,2011,10,19.3
Israel,ISR,0,2011,11,19.4
Israel,ISR,0,2011,12,19.3
Israel,ISR,0,2012,1,22.8
Israel,ISR,0,2012,2,23.1
Israel,ISR,0,2012,3,22.9
Israel,ISR,0,2012,4,23.8
Israel,ISR,0,2012,5,24.9
Israel,ISR,0,2012,6,24.6
Israel,ISR,0,2012,7,23.1
Israel,ISR,0,2012,8,25.0
Israel,ISR,0,2012,9,25.8
Israel,ISR,0,2012,10,28.9
Israel,ISR,0,2012,11,26.2
Israel,ISR,0,2012,12,24.1
Israel,ISR,0,2013,1,23.1
Israel,ISR,0,2013,2,23.1
Israel,ISR,0,2013,3,23.7
Israel,ISR,0,2013,4,24.5
Israel,ISR,0,2013,5,26.6
Israel,ISR,0,2013,6,24.4
Israel,ISR,0,2013,7,21.2
Israel,ISR,0,2013,8,23.1
Israel,ISR,0,2013,9,21.9
Israel,ISR,0,2013,10,21.6
Israel,ISR,0,2013,11,20.0
Israel,ISR,0,2013,12,23.7
Israel,ISR,0,2014,1,24.2
Israel,ISR,0,2014,2,26.0
Israel,ISR,0,2014,3,26.2
Israel,ISR,0,2014,4,26.1
Israel,ISR,0,2014,5,26.5
Israel,ISR,0,2014,6,26.1
Israel,ISR,0,2014,7,25.9
Israel,ISR,0,2014,8,26.4
Israel,ISR,0,2014,9,26.5
Israel,ISR,0,2014,10,26.7
Israel,ISR,0,2014,11,26.1
Israel,ISR,0,2014,12,25.2
Israel,ISR,0,2015,1,24.6
Israel,ISR,0,2015,2,23.5
Israel,ISR,0,2015,3,22.0
Israel,ISR,0,2015,4,20.9
Israel,ISR,0,2015,5,19.9
Israel,ISR,0,2015,6,20.0
Israel,ISR,0,2015,7,16.3
Israel,ISR,0,2015,8,14.9
Israel,ISR,0,2015,9,17.4
Israel,ISR,0,2015,10,16.2
Israel,ISR,0,2015,11,18.1
Israel,ISR,0,2015,12,20.8
Israel,ISR,0,2016,1,18.3
Israel,ISR,0,2016,2,18.7
Israel,ISR,0,2016,3,26.0
Israel,ISR,0,2016,4,28.7
Israel,ISR,0,2016,5,29.4
Israel,ISR,0,2016,6,30.6
Israel,ISR,0,2016,7,30.0
Israel,ISR,0,2016,8,27.4
Israel,ISR,0,2016,9,28.7
Israel,ISR,0,2016,10,29.4
Israel,ISR,0,2016,11,29.5
Israel,ISR,0,2016,12,31.6
Israel,ISR,0,2017,1,30.9
Israel,ISR,0,2017,2,30.2
Israel,ISR,0,2017,3,29.6
Israel,ISR,0,2017,4,29.5
Israel,ISR,0,2017,5,30.9
Israel,ISR,0,2017,6,30.9
Israel,ISR,0,2017,7,30.4
Israel,ISR,0,2017,8,31.8
Israel,ISR,0,2017,9,32.5
Israel,ISR,0,2017,10,32.7
Israel,ISR,0,2017,11,30.9
Israel,ISR,0,2017,12,29.3
Israel,ISR,0,2018,1,27.4
Israel,ISR,0,2018,2,29.2
Israel,ISR,0,2018,3,29.4
Israel,ISR,0,2018,4,29.9
Israel,ISR,0,2018,5,28.2
Israel,ISR,0,2018,6,28.2
Israel,ISR,0,2018,7,29.7
Israel,ISR,0,2018,8,30.5
Israel,ISR,0,2018,9,31.2
Israel,ISR,0,2018,10,30.8
Israel,ISR,0,2018,11,29.0
Israel,ISR,0,2018,12,29.1
Israel,ISR,0,2019,1,30.0
Israel,ISR,0,2019,2,35.4
Israel,ISR,0,2019,3,34.8
Israel,ISR,0,2019,4,36.2
Israel,ISR,0,2019,5,36.1
Israel,ISR,0,2019,6,39.5
Israel,ISR,0,2019,7,40.1
Israel,ISR,0,2019,8,42.9
Israel,ISR,0,2019,9,46.0
Israel,ISR,0,2019,10,45.4
Israel,ISR,0,2019,11,45.6
Israel,ISR,0,2019,12,43.1
Israel,ISR,0,2020,1,45.6
Israel,ISR,0,2020,2,45.1
Israel,ISR,0,2020,3,41.1
Israel,ISR,0,2020,4,43.2
Israel,ISR,0,2020,5,46.8
Israel,ISR,0,2020,6,47.6
Israel,ISR,0,2020,7,48.4
Israel,ISR,0,2020,8,47.7
Israel,ISR,0,2020,9,51.5
Israel,ISR,0,2020,10,53.3
Israel,ISR,0,2020,11,57.0
Israel,ISR,0,2020,12,48.7
Israel,ISR,0,2021,1,53.7
Israel,ISR,0,2021,2,58.2
Israel,ISR,0,2021,3,61.0
Israel,ISR,0,2021,4,61.4
Israel,ISR,0,2021,5,58.3
Israel,ISR,0,2021,6,62.6
Israel,ISR,0,2021,7,65.5
Israel,ISR,0,2021,8,63.9
Israel,ISR,0,2021,9,64.0
Israel,ISR,0,2021,10,65.8
Israel,ISR,0,2021,11,64.3
Israel,ISR,0,2021,12,69.1
Israel,ISR,0,2022,1,63.8
Israel,ISR,0,2022,2,66.0
Israel,ISR,0,2022,3,59.5
Israel,ISR,0,2022,4,52.0
Israel,ISR,0,2022,5,50.9
Israel,ISR,0,2022,6,51.5
Israel,ISR,0,2022,7,53.0
Israel,ISR,0,2022,8,51.1
Israel,ISR,0,2022,9,51.2
Israel,ISR,0,2022,10,51.1
Israel,ISR,0,2022,11,55.0
Israel,ISR,0,2022,12,50.6
Israel,ISR,0,2023,1,49.3
Israel,ISR,0,2023,2,45.8
Israel,ISR,0,2023,3,52.0
Israel,ISR,0,2023,4,48.3
Israel,ISR,0,2023,5,49.0
Israel,ISR,0,2023,6,56.5
Israel,ISR,0,2023,7,58.0
Israel,ISR,0,2023,8,56.7
Israel,ISR,0,2023,9,58.2
Israel,ISR,0,2023,10,51.8
Israel,ISR,0,2023,11,61.1
Israel,ISR,0,2023,12,56.6
Israel,ISR,0,2024,1,56.9
Israel,ISR,0,2024,2,57.3
Israel,ISR,0,2024,3,58.5
Israel,ISR,0,2024,4,59.8
Israel,ISR,0,2024,5,64.2
Israel,ISR,0,2024,6,69.7
Israel,ISR,0,2024,7,71.2
Israel,ISR,0,2024,8,73.5
Israel,ISR,0,2024,9,79.0
Israel,ISR,0,2024,10,89.4
Israel,ISR,0,2024,11,87.5
Israel,ISR,0,2024,12,82.1
Israel,ISR,0,2025,1,88.4
Israel,ISR,0,2025,2,90.7
Israel,ISR,0,2025,3,92.5
Israel,ISR,0,2025,4,97.4
Israel,ISR,0,2025,5,100.8
Israel,ISR,0,2025,6,101.8
Israel,ISR,0,2025,7,102.5
Israel,ISR,0,2025,8,100.1
Israel,ISR,0,2025,9,105.3
Israel,ISR,0,2025,10,108.6
Israel,ISR,0,2025,11,107.9
Israel,ISR,0,2025,12,105.7
Italy,ITA,0,2000,3,18.7
Italy,ITA,0,2000,4,19.5
Italy,ITA,0,2000,5,19.8
Italy,ITA,0,2000,6,19.4
Italy,ITA,0,2000,7,21.0
Italy,ITA,0,2000,8,20.9
Italy,ITA,0,2000,9,20.8
Italy,ITA,0,2000,10,20.8
Italy,ITA,0,2000,11,20.8
Italy,ITA,0,2000,12,20.8
Italy,ITA,0,2001,1,20.8
Italy,ITA,0,2001,2,21.3
Italy,ITA,0,2001,3,19.9
Italy,ITA,0,2001,4,20.0
Italy,ITA,0,2001,5,20.4
Italy,ITA,0,2001,6,20.4
Italy,ITA,0,2001,7,20.7
Italy,ITA,0,2001,8,20.4
Italy,ITA,0,2001,9,19.5
Italy,ITA,0,2001,10,18.6
Italy,ITA,0,2001,11,18.9
Italy,ITA,0,2001,12,18.9
Italy,ITA,0,2002,1,20.4
Italy,ITA,0,2002,2,20.6
Italy,ITA,0,2002,3,20.5
Italy,ITA,0,2002,4,19.9
Italy,ITA,0,2002,5,20.6
Italy,ITA,0,2002,6,18.0
Italy,ITA,0,2002,7,17.9
Italy,ITA,0,2002,8,18.0
Italy,ITA,0,2002,9,18.2
Italy,ITA,0,2002,10,17.0
Italy,ITA,0,2002,11,16.6
Italy,ITA,0,2002,12,16.3
Italy,ITA,0,2003,1,17.3
Italy,ITA,0,2003,2,16.9
Italy,ITA,0,2003,3,16.4
Italy,ITA,0,2003,4,16.6
Italy,ITA,0,2003,5,16.2
Italy,ITA,0,2003,6,16.2
Italy,ITA,0,2003,7,16.6
Italy,ITA,0,2003,8,17.1
Italy,ITA,0,2003,9,16.9
Italy,ITA,0,2003,10,15.7
Italy,ITA,0,2003,11,17.3
Italy,ITA,0,2003,12,13.2
Italy,ITA,0,2004,1,14.7
Italy,ITA,0,2004,2,14.8
Italy,ITA,0,2004,3,14.7
Italy,ITA,0,2004,4,15.5
Italy,ITA,0,2004,5,15.8
Italy,ITA,0,2004,6,13.5
Italy,ITA,0,2004,7,13.3
Italy,ITA,0,2004,8,12.4
Italy,ITA,0,2004,9,12.5
Italy,ITA,0,2004,10,12.3
Italy,ITA,0,2004,11,12.9
Italy,ITA,0,2004,12,12.9
Italy,ITA,0,2005,1,13.1
Italy,ITA,0,2005,2,13.9
Italy,ITA,0,2005,3,14.7
Italy,ITA,0,2005,4,14.8
Italy,ITA,0,2005,5,14.5
Italy,ITA,0,2005,6,13.1
Italy,ITA,0,2005,7,14.4
Italy,ITA,0,2005,8,14.9
Italy,ITA,0,2005,9,14.2
Italy,ITA,0,2005,10,15.1
Italy,ITA,0,2005,11,16.5
Italy,ITA,0,2005,12,15.4
Italy,ITA,0,2006,1,15.0
Italy,ITA,0,2006,2,14.3
Italy,ITA,0,2006,3,13.7
Italy,ITA,0,2006,4,13.9
Italy,ITA,0,2006,5,14.2
Italy,ITA,0,2006,6,14.5
Italy,ITA,0,2006,7,14.0
Italy,ITA,0,2006,8,14.2
Italy,ITA,0,2006,9,13.6
Italy,ITA,0,2006,10,13.8
Italy,ITA,0,2006,11,16.0
Italy,ITA,0,2006,12,13.2
Italy,ITA,0,2007,1,13.6
Italy,ITA,0,2007,2,13.4
Italy,ITA,0,2007,3,13.9
Italy,ITA,0,2007,4,13.3
Italy,ITA,0,2007,5,13.4
Italy,ITA,0,2007,6,14.0
Italy,ITA,0,2007,7,13.9
Italy,ITA,0,2007,8,13.2
Italy,ITA,0,2007,9,13.4
Italy,ITA,0,2007,10,14.1
Italy,ITA,0,2007,11,15.5
Italy,ITA,0,2007,12,14.6
Italy,ITA,0,2008,1,12.6
Italy,ITA,0,2008,2,11.1
Italy,ITA,0,2008,3,11.1
Italy,ITA,0,2008,4,10.3
Italy,ITA,0,2008,5,11.3
Italy,ITA,0,2008,6,11.4
Italy,ITA,0,2008,7,11.0
Italy,ITA,0,2008,8,12.9
Italy,ITA,0,2008,9,11.6
Italy,ITA,0,2008,10,15.2
Italy,ITA,0,2008,11,15.9
Italy,ITA,0,2008,12,16.0
Italy,ITA,0,2009,1,15.6
Italy,ITA,0,2009,2,16.4
Italy,ITA,0,2009,3,16.6
Italy,ITA,0,2009,4,16.1
Italy,ITA,0,2009,5,16.7
Italy,ITA,0,2009,6,19.1
Italy,ITA,0,2009,7,19.8
Italy,ITA,0,2009,8,19.3
Italy,ITA,0,2009,9,20.0
Italy,ITA,0,2009,10,21.6
Italy,ITA,0,2009,11,21.6
Italy,ITA,0,2009,12,21.1
Italy,ITA,0,2010,1,21.3
Italy,ITA,0,2010,2,20.9
Italy,ITA,0,2010,3,20.5
Italy,ITA,0,2010,4,20.3
Italy,ITA,0,2010,5,20.8
Italy,ITA,0,2010,6,22.7
Italy,ITA,0,2010,7,23.2
Italy,ITA,0,2010,8,23.6
Italy,ITA,0,2010,9,24.1
Italy,ITA,0,2010,10,23.7
Italy,ITA,0,2010,11,23.6
Italy,ITA,0,2010,12,23.7
Italy,ITA,0,2011,1,24.6
Italy,ITA,0,2011,2,24.3
Italy,ITA,0,2011,3,24.2
Italy,ITA,0,2011,4,24.8
Italy,ITA,0,2011,5,25.4
Italy,ITA,0,2011,6,20.7
Italy,ITA,0,2011,7,21.3
Italy,ITA,0,2011,8,20.7
Italy,ITA,0,2011,9,21.7
Italy,ITA,0,2011,10,21.5
Italy,ITA,0,2011,11,21.2
Italy,ITA,0,2011,12,22.8
Italy,ITA,0,2012,1,22.7
Italy,ITA,0,2012,2,23.3
Italy,ITA,0,2012,3,24.1
Italy,ITA,0,2012,4,26.5
Italy,ITA,0,2012,5,27.1
Italy,ITA,0,2012,6,27.5
Italy,ITA,0,2012,7,27.7
Italy,ITA,0,2012,8,27.5
Italy,ITA,0,2012,9,27.6
Italy,ITA,0,2012,10,28.0
Italy,ITA,0,2012,11,28.3
Italy,ITA,0,2012,12,27.5
Italy,ITA,0,2013,1,28.4
Italy,ITA,0,2013,2,28.8
Italy,ITA,0,2013,3,28.5
Italy,ITA,0,2013,4,28.1
Italy,ITA,0,2013,5,27.2
Italy,ITA,0,2013,6,28.5
Italy,ITA,0,2013,7,27.5
Italy,ITA,0,2013,8,28.8
Italy,ITA,0,2013,9,28.8
Italy,ITA,0,2013,10,29.4
Italy,ITA,0,2013,11,30.2
Italy,ITA,0,2013,12,30.3
Italy,ITA,0,2014,1,30.4
Italy,ITA,0,2014,2,30.8
Italy,ITA,0,2014,3,31.0
Italy,ITA,0,2014,4,32.0
Italy,ITA,0,2014,5,31.2
Italy,ITA,0,2014,6,31.3
Italy,ITA,0,2014,7,30.8
Italy,ITA,0,2014,8,30.8
Italy,ITA,0,2014,9,29.5
Italy,ITA,0,2014,10,30.6
Italy,ITA,0,2014,11,31.6
Italy,ITA,0,2014,12,31.9
Italy,ITA,0,2015,1,32.5
Italy,ITA,0,2015,2,31.7
Italy,ITA,0,2015,3,32.5
Italy,ITA,0,2015,4,32.7
Italy,ITA,0,2015,5,32.9
Italy,ITA,0,2015,6,32.9
Italy,ITA,0,2015,7,32.0
Italy,ITA,0,2015,8,32.0
Italy,ITA,0,2015,9,33.9
Italy,ITA,0,2015,10,34.6
Italy,ITA,0,2015,11,34.1
Italy,ITA,0,2015,12,34.6
Italy,ITA,0,2016,1,36.3
Italy,ITA,0,2016,2,36.8
Italy,ITA,0,2016,3,37.5
Italy,ITA,0,2016,4,39.2
Italy,ITA,0,2016,5,42.3
Italy,ITA,0,2016,6,38.9
Italy,ITA,0,2016,7,41.3
Italy,ITA,0,2016,8,40.6
Italy,ITA,0,2016,9,42.0
Italy,ITA,0,2016,10,40.8
Italy,ITA,0,2016,11,37.8
Italy,ITA,0,2016,12,39.9
Italy,ITA,0,2017,1,38.2
Italy,ITA,0,2017,2,37.5
Italy,ITA,0,2017,3,35.2
Italy,ITA,0,2017,4,35.0
Italy,ITA,0,2017,5,35.6
Italy,ITA,0,2017,6,36.1
Italy,ITA,0,2017,7,36.2
Italy,ITA,0,2017,8,35.4
Italy,ITA,0,2017,9,35.3
Italy,ITA,0,2017,10,34.5
Italy,ITA,0,2017,11,35.6
Italy,ITA,0,2017,12,35.2
Italy,ITA,0,2018,1,35.4
Italy,ITA,0,2018,2,36.6
Italy,ITA,0,2018,3,37.2
Italy,ITA,0,2018,4,36.4
Italy,ITA,0,2018,5,39.6
Italy,ITA,0,2018,6,40.6
Italy,ITA,0,2018,7,38.4
Italy,ITA,0,2018,8,37.3
Italy,ITA,0,2018,9,39.6
Italy,ITA,0,2018,10,39.6
Italy,ITA,0,2018,11,40.4
Italy,ITA,0,2018,12,40.2
Italy,ITA,0,2019,1,41.1
Italy,ITA,0,2019,2,42.1
Italy,ITA,0,2019,3,44.0
Italy,ITA,0,2019,4,43.6
Italy,ITA,0,2019,5,42.5
Italy,ITA,0,2019,6,45.4
Italy,ITA,0,2019,7,45.6
Italy,ITA,0,2019,8,46.7
Italy,ITA,0,2019,9,47.2
Italy,ITA,0,2019,10,47.1
Italy,ITA,0,2019,11,45.7
Italy,ITA,0,2019,12,45.3
Italy,ITA,0,2020,1,44.6
Italy,ITA,0,2020,2,46.8
Italy,ITA,0,2020,3,44.8
Italy,ITA,0,2020,4,41.5
Italy,ITA,0,2020,5,41.4
Italy,ITA,0,2020,6,42.4
Italy,ITA,0,2020,7,42.6
Italy,ITA,0,2020,8,43.5
Italy,ITA,0,2020,9,44.0
Italy,ITA,0,2020,10,44.2
Italy,ITA,0,2020,11,41.3
Italy,ITA,0,2020,12,39.1
Italy,ITA,0,2021,1,38.3
Italy,ITA,0,2021,2,36.8
Italy,ITA,0,2021,3,36.5
Italy,ITA,0,2021,4,37.7
Italy,ITA,0,2021,5,38.2
Italy,ITA,0,2021,6,39.9
Italy,ITA,0,2021,7,41.8
Italy,ITA,0,2021,8,41.0
Italy,ITA,0,2021,9,41.8
Italy,ITA,0,2021,10,43.6
Italy,ITA,0,2021,11,44.0
Italy,ITA,0,2021,12,42.3
Italy,ITA,0,2022,1,42.1
Italy,ITA,0,2022,2,45.4
Italy,ITA,0,2022,3,44.2
Italy,ITA,0,2022,4,42.6
Italy,ITA,0,2022,5,41.9
Italy,ITA,0,2022,6,40.4
Italy,ITA,0,2022,7,40.2
Italy,ITA,0,2022,8,37.9
Italy,ITA,0,2022,9,36.8
Italy,ITA,0,2022,10,36.8
Italy,ITA,0,2022,11,38.1
Italy,ITA,0,2022,12,39.2
Italy,ITA,0,2023,1,40.1
Italy,ITA,0,2023,2,40.0
Italy,ITA,0,2023,3,39.4
Italy,ITA,0,2023,4,43.0
Italy,ITA,0,2023,5,49.0
Italy,ITA,0,2023,6,46.7
Italy,ITA,0,2023,7,46.0
Italy,ITA,0,2023,8,45.3
Italy,ITA,0,2023,9,45.1
Italy,ITA,0,2023,10,44.1
Italy,ITA,0,2023,11,44.4
Italy,ITA,0,2023,12,44.7
Italy,ITA,0,2024,1,45.3
Italy,ITA,0,2024,2,44.9
Italy,ITA,0,2024,3,43.7
Italy,ITA,0,2024,4,49.3
Italy,ITA,0,2024,5,53.7
Italy,ITA,0,2024,6,54.8
Italy,ITA,0,2024,7,54.8
Italy,ITA,0,2024,8,56.4
Italy,ITA,0,2024,9,58.7
Italy,ITA,0,2024,10,58.1
Italy,ITA,0,2024,11,59.3
Italy,ITA,0,2024,12,59.8
Italy,ITA,0,2025,1,58.7
Italy,ITA,0,2025,2,58.7
Italy,ITA,0,2025,3,59.6
Italy,ITA,0,2025,4,60.8
Italy,ITA,0,2025,5,60.8
Italy,ITA,0,2025,6,60.7
Italy,ITA,0,2025,7,62.5
Italy,ITA,0,2025,8,62.9
Italy,ITA,0,2025,9,62.7
Italy,ITA,0,2025,10,65.2
Italy,ITA,0,2025,11,65.5
Italy,ITA,0,2025,12,62.1
Japan,JPN,0,2000,3,307.6
Japan,JPN,0,2000,4,322.4
Japan,JPN,0,2000,5,319.4
Japan,JPN,0,2000,6,318.8
Japan,JPN,0,2000,7,319.6
Japan,JPN,0,2000,8,317.8
Japan,JPN,0,2000,9,317.3
Japan,JPN,0,2000,10,317.7
Japan,JPN,0,2000,11,321.7
Japan,JPN,0,2000,12,317.7
Japan,JPN,0,2001,1,312.3
Japan,JPN,0,2001,2,312.5
Japan,JPN,0,2001,3,307.1
Japan,JPN,0,2001,4,305.9
Japan,JPN,0,2001,5,306.7
Japan,JPN,0,2001,6,300.8
Japan,JPN,0,2001,7,295.3
Japan,JPN,0,2001,8,293.1
Japan,JPN,0,2001,9,292.9
Japan,JPN,0,2001,10,314.5
Japan,JPN,0,2001,11,315.4
Japan,JPN,0,2001,12,317.9
Japan,JPN,0,2002,1,310.6
Japan,JPN,0,2002,2,311.9
Japan,JPN,0,2002,3,312.6
Japan,JPN,0,2002,4,314.6
Japan,JPN,0,2002,5,317.8
Japan,JPN,0,2002,6,349.2
Japan,JPN,0,2002,7,361.8
Japan,JPN,0,2002,8,364.6
Japan,JPN,0,2002,9,373.8
Japan,JPN,0,2002,10,373.1
Japan,JPN,0,2002,11,374.9
Japan,JPN,0,2002,12,378.1
Japan,JPN,0,2003,1,385.0
Japan,JPN,0,2003,2,391.1
Japan,JPN,0,2003,3,399.3
Japan,JPN,0,2003,4,401.8
Japan,JPN,0,2003,5,441.4
Japan,JPN,0,2003,6,461.0
Japan,JPN,0,2003,7,463.1
Japan,JPN,0,2003,8,471.4
Japan,JPN,0,2003,9,491.2
Japan,JPN,0,2003,10,507.7
Japan,JPN,0,2003,11,531.1
Japan,JPN,0,2003,12,550.8
Japan,JPN,0,2004,1,582.6
Japan,JPN,0,2004,2,613.2
Japan,JPN,0,2004,3,645.3
Japan,JPN,0,2004,4,651.8
Japan,JPN,0,2004,5,666.4
Japan,JPN,0,2004,6,666.6
Japan,JPN,0,2004,7,675.4
Japan,JPN,0,2004,8,699.4
Japan,JPN,0,2004,9,698.9
Japan,JPN,0,2004,10,692.3
Japan,JPN,0,2004,11,693.1
Japan,JPN,0,2004,12,689.9
Japan,JPN,0,2005,1,679.5
Japan,JPN,0,2005,2,680.8
Japan,JPN,0,2005,3,681.6
Japan,JPN,0,2005,4,688.2
Japan,JPN,0,2005,5,686.8
Japan,JPN,0,2005,6,667.1
Japan,JPN,0,2005,7,669.4
Japan,JPN,0,2005,8,670.0
Japan,JPN,0,2005,9,672.8
Japan,JPN,0,2005,10,667.6
Japan,JPN,0,2005,11,667.9
Japan,JPN,0,2005,12,670.0
Japan,JPN,0,2006,1,653.4
Japan,JPN,0,2006,2,656.4
Japan,JPN,0,2006,3,639.0
Japan,JPN,0,2006,4,639.4
Japan,JPN,0,2006,5,636.1
Japan,JPN,0,2006,6,614.7
Japan,JPN,0,2006,7,614.9
Japan,JPN,0,2006,8,623.5
Japan,JPN,0,2006,9,618.1
Japan,JPN,0,2006,10,618.1
Japan,JPN,0,2006,11,615.9
Japan,JPN,0,2006,12,622.9
Japan,JPN,0,2007,1,627.2
Japan,JPN,0,2007,2,616.4
Japan,JPN,0,2007,3,611.4
Japan,JPN,0,2007,4,614.6
Japan,JPN,0,2007,5,615.0
Japan,JPN,0,2007,6,622.9
Japan,JPN,0,2007,7,620.6
Japan,JPN,0,2007,8,595.8
Japan,JPN,0,2007,9,591.9
Japan,JPN,0,2007,10,601.8
Japan,JPN,0,2007,11,589.6
Japan,JPN,0,2007,12,579.9
Japan,JPN,0,2008,1,585.6
Japan,JPN,0,2008,2,583.3
Japan,JPN,0,2008,3,597.4
Japan,JPN,0,2008,4,588.8
Japan,JPN,0,2008,5,575.3
Japan,JPN,0,2008,6,628.0
Japan,JPN,0,2008,7,637.6
Japan,JPN,0,2008,8,630.3
Japan,JPN,0,2008,9,617.5
Japan,JPN,0,2008,10,629.6
Japan,JPN,0,2008,11,625.2
Japan,JPN,0,2008,12,626.0
Japan,JPN,0,2009,1,634.8
Japan,JPN,0,2009,2,661.9
Japan,JPN,0,2009,3,686.7
Japan,JPN,0,2009,4,685.9
Japan,JPN,0,2009,5,677.2
Japan,JPN,0,2009,6,708.2
Japan,JPN,0,2009,7,720.9
Japan,JPN,0,2009,8,727.5
Japan,JPN,0,2009,9,747.9
Japan,JPN,0,2009,10,742.9
Japan,JPN,0,2009,11,754.3
Japan,JPN,0,2009,12,765.7
Japan,JPN,0,2010,1,765.2
Japan,JPN,0,2010,2,768.2
Japan,JPN,0,2010,3,783.3
Japan,JPN,0,2010,4,793.8
Japan,JPN,0,2010,5,784.8
Japan,JPN,0,2010,6,799.9
Japan,JPN,0,2010,7,817.2
Japan,JPN,0,2010,8,832.4
Japan,JPN,0,2010,9,860.8
Japan,JPN,0,2010,10,873.6
Japan,JPN,0,2010,11,875.9
Japan,JPN,0,2010,12,882.3
Japan,JPN,0,2011,1,886.0
Japan,JPN,0,2011,2,890.4
Japan,JPN,0,2011,3,908.1
Japan,JPN,0,2011,4,906.7
Japan,JPN,0,2011,5,912.4
Japan,JPN,0,2011,6,881.5
Japan,JPN,0,2011,7,884.9
Japan,JPN,0,2011,8,906.7
Japan,JPN,0,2011,9,984.0
Japan,JPN,0,2011,10,1006.2
Japan,JPN,0,2011,11,1066.2
Japan,JPN,0,2011,12,1058.1
Japan,JPN,0,2012,1,1080.8
Japan,JPN,0,2012,2,1088.6
Japan,JPN,0,2012,3,1080.4
Japan,JPN,0,2012,4,1087.9
Japan,JPN,0,2012,5,1107.2
Japan,JPN,0,2012,6,1108.4
Japan,JPN,0,2012,7,1119.8
Japan,JPN,0,2012,8,1120.9
Japan,JPN,0,2012,9,1128.5
Japan,JPN,0,2012,10,1131.9
Japan,JPN,0,2012,11,1117.7
Japan,JPN,0,2012,12,1111.2
Japan,JPN,0,2013,1,1103.9
Japan,JPN,0,2013,2,1105.5
Japan,JPN,0,2013,3,1114.3
Japan,JPN,0,2013,4,1112.7
Japan,JPN,0,2013,5,1103.7
Japan,JPN,0,2013,6,1083.3
Japan,JPN,0,2013,7,1135.4
Japan,JPN,0,2013,8,1149.1
Japan,JPN,0,2013,9,1178.1
Japan,JPN,0,2013,10,1174.4
Japan,JPN,0,2013,11,1186.4
Japan,JPN,0,2013,12,1182.5
Japan,JPN,0,2014,1,1201.4
Japan,JPN,0,2014,2,1210.8
Japan,JPN,0,2014,3,1200.2
Japan,JPN,0,2014,4,1209.7
Japan,JPN,0,2014,5,1220.1
Japan,JPN,0,2014,6,1219.3
Japan,JPN,0,2014,7,1219.0
Japan,JPN,0,2014,8,1230.1
Japan,JPN,0,2014,9,1221.8
Japan,JPN,0,2014,10,1222.4
Japan,JPN,0,2014,11,1241.5
Japan,JPN,0,2014,12,1230.9
Japan,JPN,0,2015,1,1238.6
Japan,JPN,0,2015,2,1224.4
Japan,JPN,0,2015,3,1224.7
Japan,JPN,0,2015,4,1215.9
Japan,JPN,0,2015,5,1214.9
Japan,JPN,0,2015,6,1197.1
Japan,JPN,0,2015,7,1200.8
Japan,JPN,0,2015,8,1197.0
Japan,JPN,0,2015,9,1177.1
Japan,JPN,0,2015,10,1149.2
Japan,JPN,0,2015,11,1144.9
Japan,JPN,0,2015,12,1122.4
Japan,JPN,0,2016,1,1123.6
Japan,JPN,0,2016,2,1133.2
Japan,JPN,0,2016,3,1137.1
Japan,JPN,0,2016,4,1142.8
Japan,JPN,0,2016,5,1133.2
Japan,JPN,0,2016,6,1147.1
Japan,JPN,0,2016,7,1154.6
Japan,JPN,0,2016,8,1144.0
Japan,JPN,0,2016,9,1136.4
Japan,JPN,0,2016,10,1131.9
Japan,JPN,0,2016,11,1108.6
Japan,JPN,0,2016,12,1090.8
Japan,JPN,0,2017,1,1102.5
Japan,JPN,0,2017,2,1115.7
Japan,JPN,0,2017,3,1120.7
Japan,JPN,0,2017,4,1106.9
Japan,JPN,0,2017,5,1111.5
Japan,JPN,0,2017,6,1090.3
Japan,JPN,0,2017,7,1113.3
Japan,JPN,0,2017,8,1101.7
Japan,JPN,0,2017,9,1096.0
Japan,JPN,0,2017,10,1094.0
Japan,JPN,0,2017,11,1084.1
Japan,JPN,0,2017,12,1061.6
Japan,JPN,0,2018,1,1066.0
Japan,JPN,0,2018,2,1060.1
Japan,JPN,0,2018,3,1044.4
Japan,JPN,0,2018,4,1031.8
Japan,JPN,0,2018,5,1048.9
Japan,JPN,0,2018,6,1032.5
Japan,JPN,0,2018,7,1035.5
Japan,JPN,0,2018,8,1029.9
Japan,JPN,0,2018,9,1028.0
Japan,JPN,0,2018,10,1018.5
Japan,JPN,0,2018,11,1036.6
Japan,JPN,0,2018,12,1039.7
Japan,JPN,0,2019,1,1064.9
Japan,JPN,0,2019,2,1068.8
Japan,JPN,0,2019,3,1078.1
Japan,JPN,0,2019,4,1064.0
Japan,JPN,0,2019,5,1101.0
Japan,JPN,0,2019,6,1122.8
Japan,JPN,0,2019,7,1131.2
Japan,JPN,0,2019,8,1174.6
Japan,JPN,0,2019,9,1146.2
Japan,JPN,0,2019,10,1168.5
Japan,JPN,0,2019,11,1160.6
Japan,JPN,0,2019,12,1155.2
Japan,JPN,0,2020,1,1211.8
Japan,JPN,0,2020,2,1268.6
Japan,JPN,0,2020,3,1272.6
Japan,JPN,0,2020,4,1266.5
Japan,JPN,0,2020,5,1260.4
Japan,JPN,0,2020,6,1261.6
Japan,JPN,0,2020,7,1293.0
Japan,JPN,0,2020,8,1278.4
Japan,JPN,0,2020,9,1276.2
Japan,JPN,0,2020,10,1273.1
Japan,JPN,0,2020,11,1260.8
Japan,JPN,0,2020,12,1251.3
Japan,JPN,0,2021,1,1276.9
Japan,JPN,0,2021,2,1258.0
Japan,JPN,0,2021,3,1240.5
Japan,JPN,0,2021,4,1276.8
Japan,JPN,0,2021,5,1266.2
Japan,JPN,0,2021,6,1279.7
Japan,JPN,0,2021,7,1310.2
Japan,JPN,0,2021,8,1319.7
Japan,JPN,0,2021,9,1299.6
Japan,JPN,0,2021,10,1320.4
Japan,JPN,0,2021,11,1325.5
Japan,JPN,0,2021,12,1300.8
Japan,JPN,0,2022,1,1299.9
Japan,JPN,0,2022,2,1303.0
Japan,JPN,0,2022,3,1229.0
Japan,JPN,0,2022,4,1215.0
Japan,JPN,0,2022,5,1219.9
Japan,JPN,0,2022,6,1232.7
Japan,JPN,0,2022,7,1230.7
Japan,JPN,0,2022,8,1196.0
Japan,JPN,0,2022,9,1116.4
Japan,JPN,0,2022,10,1064.4
Japan,JPN,0,2022,11,1081.8
Japan,JPN,0,2022,12,1075.1
Japan,JPN,0,2023,1,1102.9
Japan,JPN,0,2023,2,1080.7
Japan,JPN,0,2023,3,1086.6
Japan,JPN,0,2023,4,1125.8
Japan,JPN,0,2023,5,1096.1
Japan,JPN,0,2023,6,1104.1
Japan,JPN,0,2023,7,1111.8
Japan,JPN,0,2023,8,1115.5
Japan,JPN,0,2023,9,1086.4
Japan,JPN,0,2023,10,1098.2
Japan,JPN,0,2023,11,1127.5
Japan,JPN,0,2023,12,1115.3
Japan,JPN,0,2024,1,1140.6
Japan,JPN,0,2024,2,1147.6
Japan,JPN,0,2024,3,1167.0
Japan,JPN,0,2024,4,1126.1
Japan,JPN,0,2024,5,1106.0
Japan,JPN,0,2024,6,1091.4
Japan,JPN,0,2024,7,1093.5
Japan,JPN,0,2024,8,1106.0
Japan,JPN,0,2024,9,1095.5
Japan,JPN,0,2024,10,1101.5
Japan,JPN,0,2024,11,1087.1
Japan,JPN,0,2024,12,1061.5
Japan,JPN,0,2025,1,1079.3
Japan,JPN,0,2025,2,1130.3
Japan,JPN,0,2025,3,1135.1
Japan,JPN,0,2025,4,1140.9
Japan,JPN,0,2025,5,1142.8
Japan,JPN,0,2025,6,1154.8
Japan,JPN,0,2025,7,1155.4
Japan,JPN,0,2025,8,1183.9
Japan,JPN,0,2025,9,1189.3
Japan,JPN,0,2025,10,1200.0
Japan,JPN,0,2025,11,1202.7
Japan,JPN,0,2025,12,1185.5
Kazakhstan,KAZ,0,2012,1,29.3
Kazakhstan,KAZ,0,2012,2,31.7
Kazakhstan,KAZ,0,2012,3,33.5
Kazakhstan,KAZ,0,2012,4,25.4
Kazakhstan,KAZ,0,2012,5,31.1
Kazakhstan,KAZ,0,2012,6,28.9
Kazakhstan,KAZ,0,2012,7,28.4
Kazakhstan,KAZ,0,2012,8,29.7
Kazakhstan,KAZ,0,2012,9,29.9
Kazakhstan,KAZ,0,2012,10,28.9
Kazakhstan,KAZ,0,2012,11,30.3
Kazakhstan,KAZ,0,2012,12,28.1
Kazakhstan,KAZ,0,2013,1,29.5
Kazakhstan,KAZ,0,2013,2,30.0
Kazakhstan,KAZ,0,2013,3,23.7
Kazakhstan,KAZ,0,2013,4,23.1
Kazakhstan,KAZ,0,2013,5,24.9
Kazakhstan,KAZ,0,2013,6,25.1
Kazakhstan,KAZ,0,2013,7,27.6
Kazakhstan,KAZ,0,2013,8,27.8
Kazakhstan,KAZ,0,2013,9,27.0
Kazakhstan,KAZ,0,2013,10,28.2
Kazakhstan,KAZ,0,2013,11,29.1
Kazakhstan,KAZ,0,2013,12,29.2
Kazakhstan,KAZ,0,2014,1,29.8
Kazakhstan,KAZ,0,2014,2,30.3
Kazakhstan,KAZ,0,2014,3,30.8
Kazakhstan,KAZ,0,2014,4,32.7
Kazakhstan,KAZ,0,2014,5,34.4
Kazakhstan,KAZ,0,2014,6,35.1
Kazakhstan,KAZ,0,2014,7,35.8
Kazakhstan,KAZ,0,2014,8,36.1
Kazakhstan,KAZ,0,2014,9,35.0
Kazakhstan,KAZ,0,2014,10,35.4
Kazakhstan,KAZ,0,2014,11,35.1
Kazakhstan,KAZ,0,2014,12,31.6
Kazakhstan,KAZ,0,2015,1,31.3
Kazakhstan,KAZ,0,2015,2,32.0
Kazakhstan,KAZ,0,2015,3,29.7
Kazakhstan,KAZ,0,2015,4,27.1
Kazakhstan,KAZ,0,2015,5,28.5
Kazakhstan,KAZ,0,2015,6,28.4
Kazakhstan,KAZ,0,2015,7,24.4
Kazakhstan,KAZ,0,2015,8,24.9
Kazakhstan,KAZ,0,2015,9,25.4
Kazakhstan,KAZ,0,2015,10,23.8
Kazakhstan,KAZ,0,2015,11,24.8
Kazakhstan,KAZ,0,2015,12,22.6
Kazakhstan,KAZ,0,2016,1,23.7
Kazakhstan,KAZ,0,2016,2,23.0
Kazakhstan,KAZ,0,2016,3,22.1
Kazakhstan,KAZ,0,2016,4,19.9
Kazakhstan,KAZ,0,2016,5,21.5
Kazakhstan,KAZ,0,2016,6,21.5
Kazakhstan,KAZ,0,2016,7,22.9
Kazakhstan,KAZ,0,2016,8,23.0
Kazakhstan,KAZ,0,2016,9,24.6
Kazakhstan,KAZ,0,2016,10,21.0
Kazakhstan,KAZ,0,2016,11,22.2
Kazakhstan,KAZ,0,2016,12,24.0
Kazakhstan,KAZ,0,2017,1,22.3
Kazakhstan,KAZ,0,2017,2,25.2
Kazakhstan,KAZ,0,2017,3,25.1
Kazakhstan,KAZ,0,2017,4,24.5
Kazakhstan,KAZ,0,2017,5,24.6
Kazakhstan,KAZ,0,2017,6,22.0
Kazakhstan,KAZ,0,2017,7,19.4
Kazakhstan,KAZ,0,2017,8,18.9
Kazakhstan,KAZ,0,2017,9,18.4
Kazakhstan,KAZ,0,2017,10,17.5
Kazakhstan,KAZ,0,2017,11,18.3
Kazakhstan,KAZ,0,2017,12,17.4
Kazakhstan,KAZ,0,2018,1,16.8
Kazakhstan,KAZ,0,2018,2,17.3
Kazakhstan,KAZ,0,2018,3,16.0
Kazakhstan,KAZ,0,2018,4,16.3
Kazakhstan,KAZ,0,2018,5,17.6
Kazakhstan,KAZ,0,2018,6,11.5
Kazakhstan,KAZ,0,2018,7,12.4
Kazakhstan,KAZ,0,2018,8,12.6
Kazakhstan,KAZ,0,2018,9,10.2
Kazakhstan,KAZ,0,2018,10,9.8
Kazakhstan,KAZ,0,2018,11,10.8
Kazakhstan,KAZ,0,2018,12,11.5
"Korea, South",KOR,0,2000,3,24.7
"Korea, South",KOR,0,2000,4,25.0
"Korea, South",KOR,0,2000,5,25.8
"Korea, South",KOR,0,2000,6,28.9
"Korea, South",KOR,0,2000,7,28.1
"Korea, South",KOR,0,2000,8,27.5
"Korea, South",KOR,0,2000,9,28.1
"Korea, South",KOR,0,2000,10,28.3
"Korea, South",KOR,0,2000,11,27.3
"Korea, South",KOR,0,2000,12,29.6
"Korea, South",KOR,0,2001,1,28.4
"Korea, South",KOR,0,2001,2,28.1
"Korea, South",KOR,0,2001,3,29.9
"Korea, South",KOR,0,2001,4,27.7
"Korea, South",KOR,0,2001,5,26.1
"Korea, South",KOR,0,2001,6,27.3
"Korea, South",KOR,0,2001,7,26.9
"Korea, South",KOR,0,2001,8,27.0
"Korea, South",KOR,0,2001,9,28.5
"Korea, South",KOR,0,2001,10,30.4
"Korea, South",KOR,0,2001,11,31.9
"Korea, South",KOR,0,2001,12,32.8
"Korea, South",KOR,0,2002,1,32.3
"Korea, South",KOR,0,2002,2,33.4
"Korea, South",KOR,0,2002,3,32.6
"Korea, South",KOR,0,2002,4,34.7
"Korea, South",KOR,0,2002,5,35.4
"Korea, South",KOR,0,2002,6,32.6
"Korea, South",KOR,0,2002,7,35.0
"Korea, South",KOR,0,2002,8,35.8
"Korea, South",KOR,0,2002,9,35.8
"Korea, South",KOR,0,2002,10,37.5
"Korea, South",KOR,0,2002,11,37.7
"Korea, South",KOR,0,2002,12,38.0
"Korea, South",KOR,0,2003,1,36.7
"Korea, South",KOR,0,2003,2,37.4
"Korea, South",KOR,0,2003,3,36.7
"Korea, South",KOR,0,2003,4,36.7
"Korea, South",KOR,0,2003,5,38.6
"Korea, South",KOR,0,2003,6,60.2
"Korea, South",KOR,0,2003,7,59.6
"Korea, South",KOR,0,2003,8,59.7
"Korea, South",KOR,0,2003,9,61.7
"Korea, South",KOR,0,2003,10,62.6
"Korea, South",KOR,0,2003,11,63.3
"Korea, South",KOR,0,2003,12,63.1
"Korea, South",KOR,0,2004,1,59.8
"Korea, South",KOR,0,2004,2,57.3
"Korea, South",KOR,0,2004,3,59.1
"Korea, South",KOR,0,2004,4,57.8
"Korea, South",KOR,0,2004,5,57.2
"Korea, South",KOR,0,2004,6,44.5
"Korea, South",KOR,0,2004,7,45.4
"Korea, South",KOR,0,2004,8,47.3
"Korea, South",KOR,0,2004,9,50.5
"Korea, South",KOR,0,2004,10,49.6
"Korea, South",KOR,0,2004,11,55.3
"Korea, South",KOR,0,2004,12,55.0
"Korea, South",KOR,0,2005,1,53.6
"Korea, South",KOR,0,2005,2,53.1
"Korea, South",KOR,0,2005,3,57.2
"Korea, South",KOR,0,2005,4,55.9
"Korea, South",KOR,0,2005,5,58.7
"Korea, South",KOR,0,2005,6,63.0
"Korea, South",KOR,0,2005,7,62.6
"Korea, South",KOR,0,2005,8,62.4
"Korea, South",KOR,0,2005,9,64.1
"Korea, South",KOR,0,2005,10,63.7
"Korea, South",KOR,0,2005,11,68.8
"Korea, South",KOR,0,2005,12,69.0
"Korea, South",KOR,0,2006,1,71.2
"Korea, South",KOR,0,2006,2,72.8
"Korea, South",KOR,0,2006,3,72.4
"Korea, South",KOR,0,2006,4,70.9
"Korea, South",KOR,0,2006,5,68.2
"Korea, South",KOR,0,2006,6,65.6
"Korea, South",KOR,0,2006,7,65.1
"Korea, South",KOR,0,2006,8,63.4
"Korea, South",KOR,0,2006,9,65.7
"Korea, South",KOR,0,2006,10,65.7
"Korea, South",KOR,0,2006,11,64.5
"Korea, South",KOR,0,2006,12,66.7
"Korea, South",KOR,0,2007,1,62.3
"Korea, South",KOR,0,2007,2,56.9
"Korea, South",KOR,0,2007,3,57.9
"Korea, South",KOR,0,2007,4,54.1
"Korea, South",KOR,0,2007,5,52.1
"Korea, South",KOR,0,2007,6,43.7
"Korea, South",KOR,0,2007,7,44.4
"Korea, South",KOR,0,2007,8,42.6
"Korea, South",KOR,0,2007,9,39.4
"Korea, South",KOR,0,2007,10,37.0
"Korea, South",KOR,0,2007,11,37.8
"Korea, South",KOR,0,2007,12,39.2
"Korea, South",KOR,0,2008,1,42.1
"Korea, South",KOR,0,2008,2,41.3
"Korea, South",KOR,0,2008,3,40.7
"Korea, South",KOR,0,2008,4,40.4
"Korea, South",KOR,0,2008,5,38.4
"Korea, South",KOR,0,2008,6,40.6
"Korea, South",KOR,0,2008,7,39.4
"Korea, South",KOR,0,2008,8,42.1
"Korea, South",KOR,0,2008,9,40.2
"Korea, South",KOR,0,2008,10,36.2
"Korea, South",KOR,0,2008,11,32.7
"Korea, South",KOR,0,2008,12,31.3
"Korea, South",KOR,0,2009,1,31.3
"Korea, South",KOR,0,2009,2,33.3
"Korea, South",KOR,0,2009,3,33.1
"Korea, South",KOR,0,2009,4,35.4
"Korea, South",KOR,0,2009,5,37.4
"Korea, South",KOR,0,2009,6,37.4
"Korea, South",KOR,0,2009,7,38.7
"Korea, South",KOR,0,2009,8,39.8
"Korea, South",KOR,0,2009,9,39.9
"Korea, South",KOR,0,2009,10,43.3
"Korea, South",KOR,0,2009,11,40.2
"Korea, South",KOR,0,2009,12,40.3
"Korea, South",KOR,0,2010,1,39.7
"Korea, South",KOR,0,2010,2,39.8
"Korea, South",KOR,0,2010,3,40.1
"Korea, South",KOR,0,2010,4,38.7
"Korea, South",KOR,0,2010,5,37.8
"Korea, South",KOR,0,2010,6,37.0
"Korea, South",KOR,0,2010,7,37.6
"Korea, South",KOR,0,2010,8,39.9
"Korea, South",KOR,0,2010,9,38.7
"Korea, South",KOR,0,2010,10,39.4
"Korea, South",KOR,0,2010,11,39.8
"Korea, South",KOR,0,2010,12,36.2
"Korea, South",KOR,0,2011,1,31.9
"Korea, South",KOR,0,2011,2,31.2
"Korea, South",KOR,0,2011,3,32.5
"Korea, South",KOR,0,2011,4,30.8
"Korea, South",KOR,0,2011,5,32.5
"Korea, South",KOR,0,2011,6,33.9
"Korea, South",KOR,0,2011,7,33.4
"Korea, South",KOR,0,2011,8,36.3
"Korea, South",KOR,0,2011,9,38.5
"Korea, South",KOR,0,2011,10,42.7
"Korea, South",KOR,0,2011,11,42.1
"Korea, South",KOR,0,2011,12,47.3
"Korea, South",KOR,0,2012,1,49.9
"Korea, South",KOR,0,2012,2,50.8
"Korea, South",KOR,0,2012,3,42.7
"Korea, South",KOR,0,2012,4,43.9
"Korea, South",KOR,0,2012,5,46.3
"Korea, South",KOR,0,2012,6,44.5
"Korea, South",KOR,0,2012,7,46.5
"Korea, South",KOR,0,2012,8,44.1
"Korea, South",KOR,0,2012,9,42.1
"Korea, South",KOR,0,2012,10,42.2
"Korea, South",KOR,0,2012,11,45.0
"Korea, South",KOR,0,2012,12,47.6
"Korea, South",KOR,0,2013,1,48.1
"Korea, South",KOR,0,2013,2,50.6
"Korea, South",KOR,0,2013,3,53.1
"Korea, South",KOR,0,2013,4,53.1
"Korea, South",KOR,0,2013,5,52.9
"Korea, South",KOR,0,2013,6,51.2
"Korea, South",KOR,0,2013,7,51.4
"Korea, South",KOR,0,2013,8,50.0
"Korea, South",KOR,0,2013,9,55.5
"Korea, South",KOR,0,2013,10,50.6
"Korea, South",KOR,0,2013,11,46.4
"Korea, South",KOR,0,2013,12,54.0
"Korea, South",KOR,0,2014,1,55.6
"Korea, South",KOR,0,2014,2,56.7
"Korea, South",KOR,0,2014,3,52.7
"Korea, South",KOR,0,2014,4,55.3
"Korea, South",KOR,0,2014,5,56.3
"Korea, South",KOR,0,2014,6,57.5
"Korea, South",KOR,0,2014,7,56.1
"Korea, South",KOR,0,2014,8,56.9
"Korea, South",KOR,0,2014,9,54.5
"Korea, South",KOR,0,2014,10,57.3
"Korea, South",KOR,0,2014,11,55.4
"Korea, South",KOR,0,2014,12,68.3
"Korea, South",KOR,0,2015,1,65.6
"Korea, South",KOR,0,2015,2,63.8
"Korea, South",KOR,0,2015,3,67.2
"Korea, South",KOR,0,2015,4,71.8
"Korea, South",KOR,0,2015,5,74.3
"Korea, South",KOR,0,2015,6,76.7
"Korea, South",KOR,0,2015,7,74.4
"Korea, South",KOR,0,2015,8,72.1
"Korea, South",KOR,0,2015,9,69.4
"Korea, South",KOR,0,2015,10,69.1
"Korea, South",KOR,0,2015,11,72.6
"Korea, South",KOR,0,2015,12,74.6
"Korea, South",KOR,0,2016,1,74.2
"Korea, South",KOR,0,2016,2,78.2
"Korea, South",KOR,0,2016,3,84.1
"Korea, South",KOR,0,2016,4,83.0
"Korea, South",KOR,0,2016,5,80.5
"Korea, South",KOR,0,2016,6,82.1
"Korea, South",KOR,0,2016,7,85.9
"Korea, South",KOR,0,2016,8,90.2
"Korea, South",KOR,0,2016,9,88.5
"Korea, South",KOR,0,2016,10,86.7
"Korea, South",KOR,0,2016,11,85.0
"Korea, South",KOR,0,2016,12,93.2
"Korea, South",KOR,0,2017,1,95.6
"Korea, South",KOR,0,2017,2,96.9
"Korea, South",KOR,0,2017,3,97.1
"Korea, South",KOR,0,2017,4,93.8
"Korea, South",KOR,0,2017,5,100.1
"Korea, South",KOR,0,2017,6,96.8
"Korea, South",KOR,0,2017,7,97.9
"Korea, South",KOR,0,2017,8,95.0
"Korea, South",KOR,0,2017,9,94.3
"Korea, South",KOR,0,2017,10,100.1
"Korea, South",KOR,0,2017,11,98.5
"Korea, South",KOR,0,2017,12,96.3
"Korea, South",KOR,0,2018,1,101.8
"Korea, South",KOR,0,2018,2,101.3
"Korea, South",KOR,0,2018,3,100.6
"Korea, South",KOR,0,2018,4,104.7
"Korea, South",KOR,0,2018,5,104.8
"Korea, South",KOR,0,2018,6,106.1
"Korea, South",KOR,0,2018,7,109.1
"Korea, South",KOR,0,2018,8,110.2
"Korea, South",KOR,0,2018,9,110.8
"Korea, South",KOR,0,2018,10,111.1
"Korea, South",KOR,0,2018,11,110.2
"Korea, South",KOR,0,2018,12,114.8
"Korea, South",KOR,0,2019,1,117.3
"Korea, South",KOR,0,2019,2,115.5
"Korea, South",KOR,0,2019,3,119.9
"Korea, South",KOR,0,2019,4,115.1
"Korea, South",KOR,0,2019,5,117.3
"Korea, South",KOR,0,2019,6,115.2
"Korea, South",KOR,0,2019,7,116.8
"Korea, South",KOR,0,2019,8,117.8
"Korea, South",KOR,0,2019,9,118.5
"Korea, South",KOR,0,2019,10,117.1
"Korea, South",KOR,0,2019,11,117.2
"Korea, South",KOR,0,2019,12,121.9
"Korea, South",KOR,0,2020,1,121.1
"Korea, South",KOR,0,2020,2,116.1
"Korea, South",KOR,0,2020,3,110.8
"Korea, South",KOR,0,2020,4,120.0
"Korea, South",KOR,0,2020,5,117.3
"Korea, South",KOR,0,2020,6,122.7
"Korea, South",KOR,0,2020,7,123.1
"Korea, South",KOR,0,2020,8,122.7
"Korea, South",KOR,0,2020,9,123.2
"Korea, South",KOR,0,2020,10,119.1
"Korea, South",KOR,0,2020,11,122.8
"Korea, South",KOR,0,2020,12,130.9
"Korea, South",KOR,0,2021,1,125.2
"Korea, South",KOR,0,2021,2,125.7
"Korea, South",KOR,0,2021,3,122.9
"Korea, South",KOR,0,2021,4,120.3
"Korea, South",KOR,0,2021,5,123.2
"Korea, South",KOR,0,2021,6,130.9
"Korea, South",KOR,0,2021,7,126.1
"Korea, South",KOR,0,2021,8,129.0
"Korea, South",KOR,0,2021,9,130.1
"Korea, South",KOR,0,2021,10,125.4
"Korea, South",KOR,0,2021,11,132.2
"Korea, South",KOR,0,2021,12,130.7
"Korea, South",KOR,0,2022,1,123.8
"Korea, South",KOR,0,2022,2,121.9
"Korea, South",KOR,0,2022,3,118.9
"Korea, South",KOR,0,2022,4,117.3
"Korea, South",KOR,0,2022,5,115.3
"Korea, South",KOR,0,2022,6,111.9
"Korea, South",KOR,0,2022,7,111.9
"Korea, South",KOR,0,2022,8,117.5
"Korea, South",KOR,0,2022,9,104.9
"Korea, South",KOR,0,2022,10,98.7
"Korea, South",KOR,0,2022,11,100.4
"Korea, South",KOR,0,2022,12,102.6
"Korea, South",KOR,0,2023,1,105.8
"Korea, South",KOR,0,2023,2,110.8
"Korea, South",KOR,0,2023,3,113.9
"Korea, South",KOR,0,2023,4,111.5
"Korea, South",KOR,0,2023,5,115.4
"Korea, South",KOR,0,2023,6,115.1
"Korea, South",KOR,0,2023,7,115.8
"Korea, South",KOR,0,2023,8,117.8
"Korea, South",KOR,0,2023,9,112.9
"Korea, South",KOR,0,2023,10,112.9
"Korea, South",KOR,0,2023,11,116.0
"Korea, South",KOR,0,2023,12,117.2
"Korea, South",KOR,0,2024,1,116.9
"Korea, South",KOR,0,2024,2,118.2
"Korea, South",KOR,0,2024,3,115.0
"Korea, South",KOR,0,2024,4,119.0
"Korea, South",KOR,0,2024,5,119.8
"Korea, South",KOR,0,2024,6,117.2
"Korea, South",KOR,0,2024,7,123.1
"Korea, South",KOR,0,2024,8,123.3
"Korea, South",KOR,0,2024,9,127.3
"Korea, South",KOR,0,2024,10,127.3
"Korea, South",KOR,0,2024,11,127.5
"Korea, South",KOR,0,2024,12,124.9
"Korea, South",KOR,0,2025,1,122.2
"Korea, South",KOR,0,2025,2,124.6
"Korea, South",KOR,0,2025,3,125.8
"Korea, South",KOR,0,2025,4,121.7
"Korea, South",KOR,0,2025,5,124.2
"Korea, South",KOR,0,2025,6,126.5
"Korea, South",KOR,0,2025,7,132.3
"Korea, South",KOR,0,2025,8,135.8
"Korea, South",KOR,0,2025,9,142.7
"Korea, South",KOR,0,2025,10,145.0
"Korea, South",KOR,0,2025,11,145.1
"Korea, South",KOR,0,2025,12,140.6
Kuwait,KWT,0,2012,1,23.3
Kuwait,KWT,0,2012,2,24.0
Kuwait,KWT,0,2012,3,24.0
Kuwait,KWT,0,2012,4,25.0
Kuwait,KWT,0,2012,5,26.8
Kuwait,KWT,0,2012,6,26.6
Kuwait,KWT,0,2012,7,27.5
Kuwait,KWT,0,2012,8,27.3
Kuwait,KWT,0,2012,9,27.6
Kuwait,KWT,0,2012,10,27.5
Kuwait,KWT,0,2012,11,27.9
Kuwait,KWT,0,2012,12,28.0
Kuwait,KWT,0,2013,1,28.2
Kuwait,KWT,0,2013,2,28.3
Kuwait,KWT,0,2013,3,29.0
Kuwait,KWT,0,2013,4,34.8
Kuwait,KWT,0,2013,5,30.6
Kuwait,KWT,0,2013,6,28.5
Kuwait,KWT,0,2013,7,28.6
Kuwait,KWT,0,2013,8,27.9
Kuwait,KWT,0,2013,9,28.0
Kuwait,KWT,0,2013,10,28.2
Kuwait,KWT,0,2013,11,28.2
Kuwait,KWT,0,2013,12,28.8
Kuwait,KWT,0,2014,1,29.6
Kuwait,KWT,0,2014,2,29.6
Kuwait,KWT,0,2014,3,29.7
Kuwait,KWT,0,2014,4,39.3
Kuwait,KWT,0,2014,5,32.3
Kuwait,KWT,0,2014,6,32.3
Kuwait,KWT,0,2014,7,31.5
Kuwait,KWT,0,2014,8,31.9
Kuwait,KWT,0,2014,9,31.8
Kuwait,KWT,0,2014,10,37.4
Kuwait,KWT,0,2014,11,32.1
Kuwait,KWT,0,2014,12,32.1
Kuwait,KWT,0,2015,1,31.8
Kuwait,KWT,0,2015,2,31.6
Kuwait,KWT,0,2015,3,32.1
Kuwait,KWT,0,2015,4,32.4
Kuwait,KWT,0,2015,5,30.9
Kuwait,KWT,0,2015,6,31.0
Kuwait,KWT,0,2015,7,31.2
Kuwait,KWT,0,2015,8,30.8
Kuwait,KWT,0,2015,9,30.7
Kuwait,KWT,0,2015,10,30.2
Kuwait,KWT,0,2015,11,31.4
Kuwait,KWT,0,2015,12,31.4
Kuwait,KWT,0,2016,1,30.7
Kuwait,KWT,0,2016,2,30.4
Kuwait,KWT,0,2016,3,31.2
Kuwait,KWT,0,2016,4,30.9
Kuwait,KWT,0,2016,5,30.9
Kuwait,KWT,0,2016,6,30.6
Kuwait,KWT,0,2016,7,31.7
Kuwait,KWT,0,2016,8,31.3
Kuwait,KWT,0,2016,9,30.6
Kuwait,KWT,0,2016,10,29.9
Kuwait,KWT,0,2016,11,29.4
Kuwait,KWT,0,2016,12,28.7
Kuwait,KWT,0,2017,1,29.4
Kuwait,KWT,0,2017,2,29.8
Kuwait,KWT,0,2017,3,32.4
Kuwait,KWT,0,2017,4,31.3
Kuwait,KWT,0,2017,5,31.6
Kuwait,KWT,0,2017,6,31.8
Kuwait,KWT,0,2017,7,33.0
Kuwait,KWT,0,2017,8,35.6
Kuwait,KWT,0,2017,9,38.0
Kuwait,KWT,0,2017,10,39.4
Kuwait,KWT,0,2017,11,36.8
Kuwait,KWT,0,2017,12,36.8
Kuwait,KWT,0,2018,1,36.9
Kuwait,KWT,0,2018,2,36.3
Kuwait,KWT,0,2018,3,36.9
Kuwait,KWT,0,2018,4,42.6
Kuwait,KWT,0,2018,5,43.9
Kuwait,KWT,0,2018,6,43.0
Kuwait,KWT,0,2018,7,42.9
Kuwait,KWT,0,2018,8,43.5
Kuwait,KWT,0,2018,9,43.8
Kuwait,KWT,0,2018,10,44.1
Kuwait,KWT,0,2018,11,43.9
Kuwait,KWT,0,2018,12,41.1
Kuwait,KWT,0,2019,1,40.7
Kuwait,KWT,0,2019,2,42.2
Kuwait,KWT,0,2019,3,40.2
Kuwait,KWT,0,2019,4,40.2
Kuwait,KWT,0,2019,5,41.4
Kuwait,KWT,0,2019,6,44.4
Kuwait,KWT,0,2019,7,44.0
Kuwait,KWT,0,2019,8,44.1
Kuwait,KWT,0,2019,9,44.1
Kuwait,KWT,0,2019,10,43.8
Kuwait,KWT,0,2019,11,43.0
Kuwait,KWT,0,2019,12,43.3
Kuwait,KWT,0,2020,1,41.9
Kuwait,KWT,0,2020,2,43.6
Kuwait,KWT,0,2020,3,40.1
Kuwait,KWT,0,2020,4,44.5
Kuwait,KWT,0,2020,5,43.6
Kuwait,KWT,0,2020,6,44.7
Kuwait,KWT,0,2020,7,47.9
Kuwait,KWT,0,2020,8,46.4
Kuwait,KWT,0,2020,9,46.6
Kuwait,KWT,0,2020,10,47.1
Kuwait,KWT,0,2020,11,46.1
Kuwait,KWT,0,2020,12,46.6
Kuwait,KWT,0,2021,1,45.3
Kuwait,KWT,0,2021,2,44.8
Kuwait,KWT,0,2021,3,45.7
Kuwait,KWT,0,2021,4,45.8
Kuwait,KWT,0,2021,5,45.9
Kuwait,KWT,0,2021,6,47.2
Kuwait,KWT,0,2021,7,46.5
Kuwait,KWT,0,2021,8,46.8
Kuwait,KWT,0,2021,9,46.3
Kuwait,KWT,0,2021,10,46.0
Kuwait,KWT,0,2021,11,46.3
Kuwait,KWT,0,2021,12,46.4
Kuwait,KWT,0,2022,1,50.6
Kuwait,KWT,0,2022,2,50.6
Kuwait,KWT,0,2022,3,46.8
Kuwait,KWT,0,2022,4,46.1
Kuwait,KWT,0,2022,5,46.3
Kuwait,KWT,0,2022,6,46.0
Kuwait,KWT,0,2022,7,49.5
Kuwait,KWT,0,2022,8,51.1
Kuwait,KWT,0,2022,9,50.2
Kuwait,KWT,0,2022,10,50.3
Kuwait,KWT,0,2022,11,50.8
Kuwait,KWT,0,2022,12,48.5
Kuwait,KWT,0,2023,1,43.3
Kuwait,KWT,0,2023,2,39.1
Kuwait,KWT,0,2023,3,39.3
Kuwait,KWT,0,2023,4,41.4
Kuwait,KWT,0,2023,5,41.4
Kuwait,KWT,0,2023,6,43.7
Kuwait,KWT,0,2023,7,42.5
Kuwait,KWT,0,2023,8,41.9
Kuwait,KWT,0,2023,9,40.8
Kuwait,KWT,0,2023,10,39.6
Kuwait,KWT,0,2023,11,43.1
Kuwait,KWT,0,2023,12,46.4
Kuwait,KWT,0,2024,1,46.0
Kuwait,KWT,0,2024,2,46.7
Kuwait,KWT,0,2024,3,46.3
Kuwait,KWT,0,2024,4,44.9
Kuwait,KWT,0,2024,5,46.2
Kuwait,KWT,0,2024,6,46.4
Kuwait,KWT,0,2024,7,47.6
Kuwait,KWT,0,2024,8,47.4
Kuwait,KWT,0,2024,9,48.3
Kuwait,KWT,0,2024,10,51.4
Kuwait,KWT,0,2024,11,51.2
Kuwait,KWT,0,2024,12,50.3
Kuwait,KWT,0,2025,1,49.2
Kuwait,KWT,0,2025,2,50.0
Kuwait,KWT,0,2025,3,52.7
Kuwait,KWT,0,2025,4,54.2
Kuwait,KWT,0,2025,5,57.0
Kuwait,KWT,0,2025,6,58.0
Kuwait,KWT,0,2025,7,58.1
Kuwait,KWT,0,2025,8,59.2
Kuwait,KWT,0,2025,9,59.4
Kuwait,KWT,0,2025,10,60.7
Kuwait,KWT,0,2025,11,64.8
Kuwait,KWT,0,2025,12,66.1
Luxembourg,LUX,0,2002,6,23.1
Luxembourg,LUX,0,2002,7,22.9
Luxembourg,LUX,0,2002,8,22.8
Luxembourg,LUX,0,2002,9,23.8
Luxembourg,LUX,0,2002,10,23.3
Luxembourg,LUX,0,2002,11,23.7
Luxembourg,LUX,0,2002,12,23.9
Luxembourg,LUX,0,2003,1,23.1
Luxembourg,LUX,0,2003,2,23.4
Luxembourg,LUX,0,2003,3,23.6
Luxembourg,LUX,0,2003,4,23.9
Luxembourg,LUX,0,2003,5,23.5
Luxembourg,LUX,0,2003,6,25.2
Luxembourg,LUX,0,2003,7,26.2
Luxembourg,LUX,0,2003,8,26.8
Luxembourg,LUX,0,2003,9,26.2
Luxembourg,LUX,0,2003,10,25.7
Luxembourg,LUX,0,2003,11,25.8
Luxembourg,LUX,0,2003,12,25.4
Luxembourg,LUX,0,2004,1,26.1
Luxembourg,LUX,0,2004,2,27.7
Luxembourg,LUX,0,2004,3,27.8
Luxembourg,LUX,0,2004,4,26.2
Luxembourg,LUX,0,2004,5,25.5
Luxembourg,LUX,0,2004,6,39.7
Luxembourg,LUX,0,2004,7,39.6
Luxembourg,LUX,0,2004,8,39.7
Luxembourg,LUX,0,2004,9,39.6
Luxembourg,LUX,0,2004,10,40.3
Luxembourg,LUX,0,2004,11,40.5
Luxembourg,LUX,0,2004,12,41.4
Luxembourg,LUX,0,2005,1,41.9
Luxembourg,LUX,0,2005,2,43.2
Luxembourg,LUX,0,2005,3,42.8
Luxembourg,LUX,0,2005,4,45.8
Luxembourg,LUX,0,2005,5,45.0
Luxembourg,LUX,0,2005,6,38.8
Luxembourg,LUX,0,2005,7,36.9
Luxembourg,LUX,0,2005,8,38.2
Luxembourg,LUX,0,2005,9,37.6
Luxembourg,LUX,0,2005,10,36.7
Luxembourg,LUX,0,2005,11,36.6
Luxembourg,LUX,0,2005,12,35.6
Luxembourg,LUX,0,2006,1,35.2
Luxembourg,LUX,0,2006,2,36.2
Luxembourg,LUX,0,2006,3,36.6
Luxembourg,LUX,0,2006,4,37.5
Luxembourg,LUX,0,2006,5,38.4
Luxembourg,LUX,0,2006,6,58.8
Luxembourg,LUX,0,2006,7,59.4
Luxembourg,LUX,0,2006,8,58.4
Luxembourg,LUX,0,2006,9,58.7
Luxembourg,LUX,0,2006,10,59.5
Luxembourg,LUX,0,2006,11,60.5
Luxembourg,LUX,0,2006,12,60.0
Luxembourg,LUX,0,2007,1,59.4
Luxembourg,LUX,0,2007,2,59.8
Luxembourg,LUX,0,2007,3,61.8
Luxembourg,LUX,0,2007,4,61.8
Luxembourg,LUX,0,2007,5,62.2
Luxembourg,LUX,0,2007,6,55.9
Luxembourg,LUX,0,2007,7,57.6
Luxembourg,LUX,0,2007,8,57.1
Luxembourg,LUX,0,2007,9,58.3
Luxembourg,LUX,0,2007,10,63.3
Luxembourg,LUX,0,2007,11,67.9
Luxembourg,LUX,0,2007,12,69.0
Luxembourg,LUX,0,2008,1,66.1
Luxembourg,LUX,0,2008,2,80.3
Luxembourg,LUX,0,2008,3,89.8
Luxembourg,LUX,0,2008,4,81.8
Luxembourg,LUX,0,2008,5,75.2
Luxembourg,LUX,0,2008,6,102.6
Luxembourg,LUX,0,2008,7,89.7
Luxembourg,LUX,0,2008,8,90.4
Luxembourg,LUX,0,2008,9,104.5
Luxembourg,LUX,0,2008,10,100.6
Luxembourg,LUX,0,2008,11,94.2
Luxembourg,LUX,0,2008,12,97.3
Luxembourg,LUX,0,2009,1,87.0
Luxembourg,LUX,0,2009,2,92.1
Luxembourg,LUX,0,2009,3,106.0
Luxembourg,LUX,0,2009,4,97.4
Luxembourg,LUX,0,2009,5,96.2
Luxembourg,LUX,0,2009,6,92.9
Luxembourg,LUX,0,2009,7,80.8
Luxembourg,LUX,0,2009,8,83.0
Luxembourg,LUX,0,2009,9,87.5
Luxembourg,LUX,0,2009,10,79.5
Luxembourg,LUX,0,2009,11,80.2
Luxembourg,LUX,0,2009,12,88.4
Luxembourg,LUX,0,2010,1,79.1
Luxembourg,LUX,0,2010,2,77.8
Luxembourg,LUX,0,2010,3,83.9
Luxembourg,LUX,0,2010,4,76.9
Luxembourg,LUX,0,2010,5,75.6
Luxembourg,LUX,0,2010,6,97.6
Luxembourg,LUX,0,2010,7,93.4
Luxembourg,LUX,0,2010,8,74.0
Luxembourg,LUX,0,2010,9,80.8
Luxembourg,LUX,0,2010,10,73.2
Luxembourg,LUX,0,2010,11,76.8
Luxembourg,LUX,0,2010,12,83.5
Luxembourg,LUX,0,2011,1,79.1
Luxembourg,LUX,0,2011,2,77.2
Luxembourg,LUX,0,2011,3,79.8
Luxembourg,LUX,0,2011,4,76.2
Luxembourg,LUX,0,2011,5,66.7
Luxembourg,LUX,0,2011,6,121.7
Luxembourg,LUX,0,2011,7,114.1
Luxembourg,LUX,0,2011,8,114.7
Luxembourg,LUX,0,2011,9,128.0
Luxembourg,LUX,0,2011,10,126.6
Luxembourg,LUX,0,2011,11,127.2
Luxembourg,LUX,0,2011,12,147.5
Luxembourg,LUX,0,2012,1,136.5
Luxembourg,LUX,0,2012,2,137.1
Luxembourg,LUX,0,2012,3,137.5
Luxembourg,LUX,0,2012,4,128.9
Luxembourg,LUX,0,2012,5,131.2
Luxembourg,LUX,0,2012,6,137.7
Luxembourg,LUX,0,2012,7,134.8
Luxembourg,LUX,0,2012,8,138.6
Luxembourg,LUX,0,2012,9,147.5
Luxembourg,LUX,0,2012,10,144.3
Luxembourg,LUX,0,2012,11,148.0
Luxembourg,LUX,0,2012,12,154.7
Luxembourg,LUX,0,2013,1,147.6
Luxembourg,LUX,0,2013,2,151.2
Luxembourg,LUX,0,2013,3,154.5
Luxembourg,LUX,0,2013,4,149.7
Luxembourg,LUX,0,2013,5,143.2
Luxembourg,LUX,0,2013,6,150.5
Luxembourg,LUX,0,2013,7,146.8
Luxembourg,LUX,0,2013,8,143.8
Luxembourg,LUX,0,2013,9,141.1
Luxembourg,LUX,0,2013,10,133.3
Luxembourg,LUX,0,2013,11,130.4
Luxembourg,LUX,0,2013,12,134.6
Luxembourg,LUX,0,2014,1,135.5
Luxembourg,LUX,0,2014,2,136.9
Luxembourg,LUX,0,2014,3,144.8
Luxembourg,LUX,0,2014,4,141.2
Luxembourg,LUX,0,2014,5,141.5
Luxembourg,LUX,0,2014,6,145.3
Luxembourg,LUX,0,2014,7,145.6
Luxembourg,LUX,0,2014,8,150.5
Luxembourg,LUX,0,2014,9,156.1
Luxembourg,LUX,0,2014,10,162.5
Luxembourg,LUX,0,2014,11,166.6
Luxembourg,LUX,0,2014,12,171.8
Luxembourg,LUX,0,2015,1,176.0
Luxembourg,LUX,0,2015,2,179.2
Luxembourg,LUX,0,2015,3,176.7
Luxembourg,LUX,0,2015,4,171.0
Luxembourg,LUX,0,2015,5,177.0
Luxembourg,LUX,0,2015,6,183.4
Luxembourg,LUX,0,2015,7,185.2
Luxembourg,LUX,0,2015,8,184.8
Luxembourg,LUX,0,2015,9,191.0
Luxembourg,LUX,0,2015,10,188.2
Luxembourg,LUX,0,2015,11,193.0
Luxembourg,LUX,0,2015,12,199.6
Luxembourg,LUX,0,2016,1,200.6
Luxembourg,LUX,0,2016,2,209.1
Luxembourg,LUX,0,2016,3,221.6
Luxembourg,LUX,0,2016,4,221.7
Luxembourg,LUX,0,2016,5,222.5
Luxembourg,LUX,0,2016,6,225.2
Luxembourg,LUX,0,2016,7,224.2
Luxembourg,LUX,0,2016,8,220.7
Luxembourg,LUX,0,2016,9,228.3
Luxembourg,LUX,0,2016,10,217.8
Luxembourg,LUX,0,2016,11,222.4
Luxembourg,LUX,0,2016,12,224.3
Luxembourg,LUX,0,2017,1,218.9
Luxembourg,LUX,0,2017,2,217.8
Luxembourg,LUX,0,2017,3,218.3
Luxembourg,LUX,0,2017,4,212.1
Luxembourg,LUX,0,2017,5,208.0
Luxembourg,LUX,0,2017,6,211.6
Luxembourg,LUX,0,2017,7,213.0
Luxembourg,LUX,0,2017,8,213.3
Luxembourg,LUX,0,2017,9,213.9
Luxembourg,LUX,0,2017,10,217.9
Luxembourg,LUX,0,2017,11,218.3
Luxembourg,LUX,0,2017,12,217.6
Luxembourg,LUX,0,2018,1,220.9
Luxembourg,LUX,0,2018,2,218.6
Luxembourg,LUX,0,2018,3,221.5
Luxembourg,LUX,0,2018,4,213.8
Luxembourg,LUX,0,2018,5,208.9
Luxembourg,LUX,0,2018,6,220.9
Luxembourg,LUX,0,2018,7,221.5
Luxembourg,LUX,0,2018,8,224.0
Luxembourg,LUX,0,2018,9,227.2
Luxembourg,LUX,0,2018,10,225.4
Luxembourg,LUX,0,2018,11,225.7
Luxembourg,LUX,0,2018,12,230.5
Luxembourg,LUX,0,2019,1,226.7
Luxembourg,LUX,0,2019,2,228.9
Luxembourg,LUX,0,2019,3,230.2
Luxembourg,LUX,0,2019,4,223.7
Luxembourg,LUX,0,2019,5,229.6
Luxembourg,LUX,0,2019,6,230.5
Luxembourg,LUX,0,2019,7,229.2
Luxembourg,LUX,0,2019,8,244.2
Luxembourg,LUX,0,2019,9,252.3
Luxembourg,LUX,0,2019,10,263.0
Luxembourg,LUX,0,2019,11,261.9
Luxembourg,LUX,0,2019,12,254.6
Luxembourg,LUX,0,2020,1,255.2
Luxembourg,LUX,0,2020,2,260.8
Luxembourg,LUX,0,2020,3,246.1
Luxembourg,LUX,0,2020,4,265.5
Luxembourg,LUX,0,2020,5,262.7
Luxembourg,LUX,0,2020,6,267.3
Luxembourg,LUX,0,2020,7,264.7
Luxembourg,LUX,0,2020,8,268.8
Luxembourg,LUX,0,2020,9,262.5
Luxembourg,LUX,0,2020,10,266.2
Luxembourg,LUX,0,2020,11,267.8
Luxembourg,LUX,0,2020,12,287.7
Luxembourg,LUX,0,2021,1,280.9
Luxembourg,LUX,0,2021,2,282.1
Luxembourg,LUX,0,2021,3,282.8
Luxembourg,LUX,0,2021,4,290.4
Luxembourg,LUX,0,2021,5,287.6
Luxembourg,LUX,0,2021,6,302.1
Luxembourg,LUX,0,2021,7,291.7
Luxembourg,LUX,0,2021,8,294.2
Luxembourg,LUX,0,2021,9,312.0
Luxembourg,LUX,0,2021,10,314.3
Luxembourg,LUX,0,2021,11,333.3
Luxembourg,LUX,0,2021,12,327.8
Luxembourg,LUX,0,2022,1,313.0
Luxembourg,LUX,0,2022,2,316.4
Luxembourg,LUX,0,2022,3,303.2
Luxembourg,LUX,0,2022,4,296.2
Luxembourg,LUX,0,2022,5,296.5
Luxembourg,LUX,0,2022,6,309.3
Luxembourg,LUX,0,2022,7,306.5
Luxembourg,LUX,0,2022,8,308.4
Luxembourg,LUX,0,2022,9,299.9
Luxembourg,LUX,0,2022,10,298.4
Luxembourg,LUX,0,2022,11,311.3
Luxembourg,LUX,0,2022,12,329.3
Luxembourg,LUX,0,2023,1,318.2
Luxembourg,LUX,0,2023,2,327.2
Luxembourg,LUX,0,2023,3,328.6
Luxembourg,LUX,0,2023,4,332.3
Luxembourg,LUX,0,2023,5,331.5
Luxembourg,LUX,0,2023,6,330.7
Luxembourg,LUX,0,2023,7,352.0
Luxembourg,LUX,0,2023,8,365.8
Luxembourg,LUX,0,2023,9,373.7
Luxembourg,LUX,0,2023,10,345.4
Luxembourg,LUX,0,2023,11,371.3
Luxembourg,LUX,0,2023,12,339.9
Luxembourg,LUX,0,2024,1,348.1
Luxembourg,LUX,0,2024,2,355.8
Luxembourg,LUX,0,2024,3,366.2
Luxembourg,LUX,0,2024,4,359.2
Luxembourg,LUX,0,2024,5,367.3
Luxembourg,LUX,0,2024,6,374.2
Luxembourg,LUX,0,2024,7,389.3
Luxembourg,LUX,0,2024,8,395.7
Luxembourg,LUX,0,2024,9,407.2
Luxembourg,LUX,0,2024,10,413.5
Luxembourg,LUX,0,2024,11,417.8
Luxembourg,LUX,0,2024,12,423.9
Luxembourg,LUX,0,2025,1,409.9
Luxembourg,LUX,0,2025,2,412.5
Luxembourg,LUX,0,2025,3,412.4
Luxembourg,LUX,0,2025,4,411.0
Luxembourg,LUX,0,2025,5,412.6
Luxembourg,LUX,0,2025,6,403.2
Luxembourg,LUX,0,2025,7,403.8
Luxembourg,LUX,0,2025,8,409.9
Luxembourg,LUX,0,2025,9,419.9
Luxembourg,LUX,0,2025,10,417.7
Luxembourg,LUX,0,2025,11,424.7
Luxembourg,LUX,0,2025,12,434.0
Malaysia,MYS,0,2009,1,8.0
Malaysia,MYS,0,2009,2,8.4
Malaysia,MYS,0,2009,3,10.6
Malaysia,MYS,0,2009,4,11.6
Malaysia,MYS,0,2009,5,12.3
Malaysia,MYS,0,2009,6,12.4
Malaysia,MYS,0,2009,7,12.5
Malaysia,MYS,0,2009,8,11.9
Malaysia,MYS,0,2009,9,11.7
Malaysia,MYS,0,2009,10,11.7
Malaysia,MYS,0,2009,11,11.8
Malaysia,MYS,0,2009,12,11.7
Malaysia,MYS,0,2010,1,11.0
Malaysia,MYS,0,2010,2,10.9
Malaysia,MYS,0,2010,3,11.0
Malaysia,MYS,0,2010,4,10.9
Malaysia,MYS,0,2010,5,10.5
Malaysia,MYS,0,2010,6,11.1
Malaysia,MYS,0,2010,7,11.7
Malaysia,MYS,0,2010,8,11.7
Malaysia,MYS,0,2010,9,11.5
Malaysia,MYS,0,2010,10,11.6
Malaysia,MYS,0,2010,11,11.7
Malaysia,MYS,0,2010,12,11.5
Malaysia,MYS,0,2011,1,11.3
Malaysia,MYS,0,2011,2,11.3
Malaysia,MYS,0,2011,3,11.2
Malaysia,MYS,0,2011,4,12.2
Malaysia,MYS,0,2011,5,12.7
Malaysia,MYS,0,2011,6,14.0
Malaysia,MYS,0,2011,7,15.3
Malaysia,MYS,0,2011,8,15.4
Malaysia,MYS,0,2011,9,17.0
Malaysia,MYS,0,2011,10,17.7
Malaysia,MYS,0,2011,11,18.5
Malaysia,MYS,0,2011,12,20.6
Malaysia,MYS,0,2012,1,20.6
Malaysia,MYS,0,2012,2,20.9
Malaysia,MYS,0,2012,3,20.5
Malaysia,MYS,0,2012,4,20.1
Malaysia,MYS,0,2012,5,20.3
Malaysia,MYS,0,2012,6,20.3
Malaysia,MYS,0,2012,7,20.1
Malaysia,MYS,0,2012,8,19.6
Malaysia,MYS,0,2012,9,19.4
Malaysia,MYS,0,2012,10,19.5
Malaysia,MYS,0,2012,11,19.5
Malaysia,MYS,0,2012,12,19.3
Malaysia,MYS,0,2013,1,19.3
Malaysia,MYS,0,2013,2,18.8
Malaysia,MYS,0,2013,3,18.6
Malaysia,MYS,0,2013,4,17.6
Malaysia,MYS,0,2013,5,17.6
Malaysia,MYS,0,2013,6,16.8
Malaysia,MYS,0,2013,7,15.9
Malaysia,MYS,0,2013,8,13.9
Malaysia,MYS,0,2013,9,12.4
Malaysia,MYS,0,2013,10,11.8
Malaysia,MYS,0,2013,11,11.8
Malaysia,MYS,0,2013,12,11.8
Malaysia,MYS,0,2016,1,9.7
Malaysia,MYS,0,2016,2,10.3
Malaysia,MYS,0,2016,3,12.4
Malaysia,MYS,0,2016,4,13.1
Malaysia,MYS,0,2016,5,13.3
Malaysia,MYS,0,2016,6,13.5
Malaysia,MYS,0,2016,7,13.9
Malaysia,MYS,0,2016,8,13.6
Malaysia,MYS,0,2016,9,14.0
Malaysia,MYS,0,2016,10,14.2
Malaysia,MYS,0,2016,11,13.3
Malaysia,MYS,0,2016,12,13.2
Malaysia,MYS,0,2017,1,13.3
Malaysia,MYS,0,2017,2,14.1
Malaysia,MYS,0,2017,3,13.8
Malaysia,MYS,0,2017,4,13.9
Malaysia,MYS,0,2017,5,14.4
Malaysia,MYS,0,2017,6,14.3
Malaysia,MYS,0,2017,7,14.7
Malaysia,MYS,0,2017,8,14.9
Malaysia,MYS,0,2017,9,15.4
Malaysia,MYS,0,2017,10,15.6
Malaysia,MYS,0,2017,11,15.5
Malaysia,MYS,0,2017,12,15.5
Malaysia,MYS,0,2018,1,14.1
Malaysia,MYS,0,2018,2,14.0
Malaysia,MYS,0,2018,3,14.0
Malaysia,MYS,0,2018,4,13.7
Malaysia,MYS,0,2018,5,13.4
Malaysia,MYS,0,2018,6,13.5
Malaysia,MYS,0,2018,7,13.2
Malaysia,MYS,0,2018,8,12.8
Malaysia,MYS,0,2018,9,12.9
Malaysia,MYS,0,2018,10,12.9
Malaysia,MYS,0,2018,11,13.5
Malaysia,MYS,0,2018,12,12.4
Malaysia,MYS,0,2019,1,12.1
Malaysia,MYS,0,2019,2,12.0
Malaysia,MYS,0,2019,3,12.1
Malaysia,MYS,0,2019,4,11.8
Malaysia,MYS,0,2019,5,11.6
Malaysia,MYS,0,2019,6,12.4
Malaysia,MYS,0,2019,7,13.6
Malaysia,MYS,0,2019,8,13.7
Malaysia,MYS,0,2019,9,14.7
Malaysia,MYS,0,2019,10,15.0
Malaysia,MYS,0,2019,11,14.9
Malaysia,MYS,0,2019,12,14.3
Mexico,MEX,0,2000,3,14.4
Mexico,MEX,0,2000,4,15.3
Mexico,MEX,0,2000,5,15.8
Mexico,MEX,0,2000,6,14.6
Mexico,MEX,0,2000,7,16.1
Mexico,MEX,0,2000,8,17.3
Mexico,MEX,0,2000,9,16.9
Mexico,MEX,0,2000,10,16.2
Mexico,MEX,0,2000,11,17.9
Mexico,MEX,0,2000,12,15.3
Mexico,MEX,0,2001,1,14.9
Mexico,MEX,0,2001,2,13.8
Mexico,MEX,0,2001,3,17.5
Mexico,MEX,0,2001,4,16.9
Mexico,MEX,0,2001,5,18.3
Mexico,MEX,0,2001,6,17.5
Mexico,MEX,0,2001,7,17.0
Mexico,MEX,0,2001,8,18.2
Mexico,MEX,0,2001,9,16.2
Mexico,MEX,0,2001,10,18.5
Mexico,MEX,0,2001,11,19.4
Mexico,MEX,0,2001,12,19.3
Mexico,MEX,0,2002,1,19.9
Mexico,MEX,0,2002,2,20.5
Mexico,MEX,0,2002,3,21.8
Mexico,MEX,0,2002,4,22.3
Mexico,MEX,0,2002,5,21.9
Mexico,MEX,0,2002,6,24.2
Mexico,MEX,0,2002,7,23.8
Mexico,MEX,0,2002,8,23.9
Mexico,MEX,0,2002,9,23.7
Mexico,MEX,0,2002,10,25.2
Mexico,MEX,0,2002,11,24.8
Mexico,MEX,0,2002,12,24.9
Mexico,MEX,0,2003,1,24.5
Mexico,MEX,0,2003,2,26.2
Mexico,MEX,0,2003,3,25.4
Mexico,MEX,0,2003,4,24.8
Mexico,MEX,0,2003,5,24.8
Mexico,MEX,0,2003,6,24.9
Mexico,MEX,0,2003,7,25.4
Mexico,MEX,0,2003,8,25.5
Mexico,MEX,0,2003,9,24.5
Mexico,MEX,0,2003,10,24.2
Mexico,MEX,0,2003,11,26.3
Mexico,MEX,0,2003,12,27.4
Mexico,MEX,0,2004,1,27.5
Mexico,MEX,0,2004,2,28.4
Mexico,MEX,0,2004,3,28.9
Mexico,MEX,0,2004,4,30.6
Mexico,MEX,0,2004,5,36.5
Mexico,MEX,0,2004,6,38.3
Mexico,MEX,0,2004,7,34.6
Mexico,MEX,0,2004,8,36.0
Mexico,MEX,0,2004,9,34.0
Mexico,MEX,0,2004,10,33.2
Mexico,MEX,0,2004,11,33.5
Mexico,MEX,0,2004,12,32.8
Mexico,MEX,0,2005,1,33.5
Mexico,MEX,0,2005,2,33.0
Mexico,MEX,0,2005,3,32.5
Mexico,MEX,0,2005,4,31.6
Mexico,MEX,0,2005,5,31.1
Mexico,MEX,0,2005,6,29.0
Mexico,MEX,0,2005,7,32.0
Mexico,MEX,0,2005,8,32.9
Mexico,MEX,0,2005,9,32.1
Mexico,MEX,0,2005,10,34.9
Mexico,MEX,0,2005,11,36.6
Mexico,MEX,0,2005,12,35.0
Mexico,MEX,0,2006,1,36.5
Mexico,MEX,0,2006,2,37.6
Mexico,MEX,0,2006,3,40.2
Mexico,MEX,0,2006,4,42.0
Mexico,MEX,0,2006,5,43.4
Mexico,MEX,0,2006,6,46.2
Mexico,MEX,0,2006,7,46.2
Mexico,MEX,0,2006,8,40.3
Mexico,MEX,0,2006,9,40.4
Mexico,MEX,0,2006,10,40.5
Mexico,MEX,0,2006,11,38.6
Mexico,MEX,0,2006,12,34.9
Mexico,MEX,0,2007,1,36.6
Mexico,MEX,0,2007,2,35.0
Mexico,MEX,0,2007,3,35.3
Mexico,MEX,0,2007,4,35.5
Mexico,MEX,0,2007,5,35.5
Mexico,MEX,0,2007,6,33.9
Mexico,MEX,0,2007,7,34.9
Mexico,MEX,0,2007,8,30.2
Mexico,MEX,0,2007,9,29.9
Mexico,MEX,0,2007,10,30.5
Mexico,MEX,0,2007,11,31.9
Mexico,MEX,0,2007,12,34.2
Mexico,MEX,0,2008,1,35.2
Mexico,MEX,0,2008,2,36.1
Mexico,MEX,0,2008,3,38.3
Mexico,MEX,0,2008,4,37.3
Mexico,MEX,0,2008,5,39.6
Mexico,MEX,0,2008,6,41.1
Mexico,MEX,0,2008,7,34.3
Mexico,MEX,0,2008,8,32.6
Mexico,MEX,0,2008,9,32.5
Mexico,MEX,0,2008,10,32.2
Mexico,MEX,0,2008,11,33.8
Mexico,MEX,0,2008,12,34.8
Mexico,MEX,0,2009,1,34.8
Mexico,MEX,0,2009,2,37.8
Mexico,MEX,0,2009,3,36.2
Mexico,MEX,0,2009,4,35.3
Mexico,MEX,0,2009,5,31.5
Mexico,MEX,0,2009,6,35.2
Mexico,MEX,0,2009,7,33.4
Mexico,MEX,0,2009,8,33.2
Mexico,MEX,0,2009,9,27.8
Mexico,MEX,0,2009,10,26.5
Mexico,MEX,0,2009,11,31.9
Mexico,MEX,0,2009,12,36.8
Mexico,MEX,0,2010,1,34.4
Mexico,MEX,0,2010,2,34.0
Mexico,MEX,0,2010,3,36.1
Mexico,MEX,0,2010,4,33.2
Mexico,MEX,0,2010,5,34.2
Mexico,MEX,0,2010,6,33.1
Mexico,MEX,0,2010,7,33.5
Mexico,MEX,0,2010,8,36.2
Mexico,MEX,0,2010,9,36.9
Mexico,MEX,0,2010,10,34.8
Mexico,MEX,0,2010,11,32.6
Mexico,MEX,0,2010,12,33.6
Mexico,MEX,0,2011,1,34.5
Mexico,MEX,0,2011,2,34.6
Mexico,MEX,0,2011,3,28.1
Mexico,MEX,0,2011,4,26.7
Mexico,MEX,0,2011,5,27.7
Mexico,MEX,0,2011,6,31.2
Mexico,MEX,0,2011,7,31.1
Mexico,MEX,0,2011,8,29.9
Mexico,MEX,0,2011,9,31.4
Mexico,MEX,0,2011,10,31.0
Mexico,MEX,0,2011,11,31.7
Mexico,MEX,0,2011,12,29.4
Mexico,MEX,0,2012,1,30.1
Mexico,MEX,0,2012,2,31.8
Mexico,MEX,0,2012,3,35.9
Mexico,MEX,0,2012,4,40.9
Mexico,MEX,0,2012,5,45.8
Mexico,MEX,0,2012,6,51.6
Mexico,MEX,0,2012,7,53.9
Mexico,MEX,0,2012,8,57.2
Mexico,MEX,0,2012,9,56.5
Mexico,MEX,0,2012,10,59.2
Mexico,MEX,0,2012,11,60.5
Mexico,MEX,0,2012,12,61.1
Mexico,MEX,0,2013,1,62.6
Mexico,MEX,0,2013,2,64.3
Mexico,MEX,0,2013,3,57.1
Mexico,MEX,0,2013,4,57.0
Mexico,MEX,0,2013,5,58.4
Mexico,MEX,0,2013,6,61.8
Mexico,MEX,0,2013,7,63.3
Mexico,MEX,0,2013,8,60.4
Mexico,MEX,0,2013,9,63.8
Mexico,MEX,0,2013,10,61.8
Mexico,MEX,0,2013,11,59.5
Mexico,MEX,0,2013,12,65.1
Mexico,MEX,0,2014,1,67.2
Mexico,MEX,0,2014,2,68.9
Mexico,MEX,0,2014,3,68.9
Mexico,MEX,0,2014,4,70.6
Mexico,MEX,0,2014,5,72.8
Mexico,MEX,0,2014,6,72.8
Mexico,MEX,0,2014,7,73.5
Mexico,MEX,0,2014,8,75.2
Mexico,MEX,0,2014,9,76.5
Mexico,MEX,0,2014,10,78.5
Mexico,MEX,0,2014,11,80.7
Mexico,MEX,0,2014,12,84.8
Mexico,MEX,0,2015,1,85.8
Mexico,MEX,0,2015,2,82.2
Mexico,MEX,0,2015,3,85.0
Mexico,MEX,0,2015,4,87.4
Mexico,MEX,0,2015,5,86.4
Mexico,MEX,0,2015,6,86.2
Mexico,MEX,0,2015,7,85.9
Mexico,MEX,0,2015,8,79.9
Mexico,MEX,0,2015,9,78.7
Mexico,MEX,0,2015,10,72.5
Mexico,MEX,0,2015,11,68.0
Mexico,MEX,0,2015,12,72.2
Mexico,MEX,0,2016,1,69.9
Mexico,MEX,0,2016,2,72.2
Mexico,MEX,0,2016,3,71.6
Mexico,MEX,0,2016,4,65.9
Mexico,MEX,0,2016,5,59.8
Mexico,MEX,0,2016,6,51.4
Mexico,MEX,0,2016,7,48.3
Mexico,MEX,0,2016,8,46.1
Mexico,MEX,0,2016,9,47.7
Mexico,MEX,0,2016,10,45.9
Mexico,MEX,0,2016,11,47.1
Mexico,MEX,0,2016,12,47.1
Mexico,MEX,0,2017,1,48.1
Mexico,MEX,0,2017,2,49.5
Mexico,MEX,0,2017,3,38.8
Mexico,MEX,0,2017,4,40.2
Mexico,MEX,0,2017,5,38.9
Mexico,MEX,0,2017,6,32.4
Mexico,MEX,0,2017,7,35.8
Mexico,MEX,0,2017,8,34.7
Mexico,MEX,0,2017,9,40.5
Mexico,MEX,0,2017,10,41.6
Mexico,MEX,0,2017,11,40.6
Mexico,MEX,0,2017,12,39.1
Mexico,MEX,0,2018,1,36.2
Mexico,MEX,0,2018,2,36.0
Mexico,MEX,0,2018,3,47.0
Mexico,MEX,0,2018,4,43.8
Mexico,MEX,0,2018,5,43.6
Mexico,MEX,0,2018,6,41.0
Mexico,MEX,0,2018,7,39.8
Mexico,MEX,0,2018,8,40.7
Mexico,MEX,0,2018,9,39.3
Mexico,MEX,0,2018,10,41.5
Mexico,MEX,0,2018,11,45.7
Mexico,MEX,0,2018,12,46.8
Mexico,MEX,0,2019,1,41.1
Mexico,MEX,0,2019,2,40.4
Mexico,MEX,0,2019,3,44.6
Mexico,MEX,0,2019,4,47.5
Mexico,MEX,0,2019,5,49.8
Mexico,MEX,0,2019,6,48.8
Mexico,MEX,0,2019,7,51.1
Mexico,MEX,0,2019,8,53.0
Mexico,MEX,0,2019,9,51.5
Mexico,MEX,0,2019,10,49.1
Mexico,MEX,0,2019,11,49.1
Mexico,MEX,0,2019,12,45.3
Mexico,MEX,0,2020,1,45.8
Mexico,MEX,0,2020,2,47.5
Mexico,MEX,0,2020,3,40.9
Mexico,MEX,0,2020,4,45.4
Mexico,MEX,0,2020,5,47.4
Mexico,MEX,0,2020,6,47.0
Mexico,MEX,0,2020,7,47.6
Mexico,MEX,0,2020,8,49.5
Mexico,MEX,0,2020,9,49.2
Mexico,MEX,0,2020,10,48.8
Mexico,MEX,0,2020,11,52.7
Mexico,MEX,0,2020,12,49.4
Mexico,MEX,0,2021,1,49.8
Mexico,MEX,0,2021,2,49.4
Mexico,MEX,0,2021,3,48.0
Mexico,MEX,0,2021,4,48.4
Mexico,MEX,0,2021,5,49.1
Mexico,MEX,0,2021,6,49.6
Mexico,MEX,0,2021,7,50.1
Mexico,MEX,0,2021,8,50.7
Mexico,MEX,0,2021,9,48.4
Mexico,MEX,0,2021,10,50.0
Mexico,MEX,0,2021,11,47.4
Mexico,MEX,0,2021,12,46.2
Mexico,MEX,0,2022,1,44.4
Mexico,MEX,0,2022,2,47.1
Mexico,MEX,0,2022,3,47.7
Mexico,MEX,0,2022,4,47.3
Mexico,MEX,0,2022,5,48.0
Mexico,MEX,0,2022,6,48.8
Mexico,MEX,0,2022,7,49.5
Mexico,MEX,0,2022,8,53.3
Mexico,MEX,0,2022,9,53.9
Mexico,MEX,0,2022,10,56.4
Mexico,MEX,0,2022,11,57.3
Mexico,MEX,0,2022,12,58.7
Mexico,MEX,0,2023,1,58.3
Mexico,MEX,0,2023,2,62.4
Mexico,MEX,0,2023,3,65.2
Mexico,MEX,0,2023,4,68.5
Mexico,MEX,0,2023,5,72.5
Mexico,MEX,0,2023,6,70.9
Mexico,MEX,0,2023,7,74.2
Mexico,MEX,0,2023,8,73.3
Mexico,MEX,0,2023,9,73.5
Mexico,MEX,0,2023,10,74.3
Mexico,MEX,0,2023,11,75.6
Mexico,MEX,0,2023,12,76.4
Mexico,MEX,0,2024,1,76.0
Mexico,MEX,0,2024,2,80.8
Mexico,MEX,0,2024,3,87.3
Mexico,MEX,0,2024,4,91.8
Mexico,MEX,0,2024,5,97.6
Mexico,MEX,0,2024,6,94.0
Mexico,MEX,0,2024,7,93.5
Mexico,MEX,0,2024,8,93.6
Mexico,MEX,0,2024,9,93.7
Mexico,MEX,0,2024,10,97.3
Mexico,MEX,0,2024,11,99.4
Mexico,MEX,0,2024,12,102.6
Mexico,MEX,0,2025,1,99.4
Mexico,MEX,0,2025,2,102.7
Mexico,MEX,0,2025,3,91.5
Mexico,MEX,0,2025,4,89.8
Mexico,MEX,0,2025,5,96.3
Mexico,MEX,0,2025,6,94.5
Mexico,MEX,0,2025,7,96.2
Mexico,MEX,0,2025,8,91.7
Mexico,MEX,0,2025,9,88.5
Mexico,MEX,0,2025,10,89.7
Mexico,MEX,0,2025,11,86.1
Mexico,MEX,0,2025,12,85.4
Netherlands,NLD,0,2000,3,14.3
Netherlands,NLD,0,2000,4,15.0
Netherlands,NLD,0,2000,5,13.6
Netherlands,NLD,0,2000,6,13.1
Netherlands,NLD,0,2000,7,11.9
Netherlands,NLD,0,2000,8,11.7
Netherlands,NLD,0,2000,9,12.6
Netherlands,NLD,0,2000,10,12.9
Netherlands,NLD,0,2000,11,13.0
Netherlands,NLD,0,2000,12,11.4
Netherlands,NLD,0,2001,1,10.6
Netherlands,NLD,0,2001,2,13.4
Netherlands,NLD,0,2001,3,9.7
Netherlands,NLD,0,2001,4,7.2
Netherlands,NLD,0,2001,5,5.5
Netherlands,NLD,0,2001,6,6.7
Netherlands,NLD,0,2001,7,7.8
Netherlands,NLD,0,2001,8,10.4
Netherlands,NLD,0,2001,9,8.3
Netherlands,NLD,0,2001,10,6.4
Netherlands,NLD,0,2001,11,5.6
Netherlands,NLD,0,2001,12,5.2
Netherlands,NLD,0,2002,1,2.6
Netherlands,NLD,0,2002,2,3.8
Netherlands,NLD,0,2002,3,0.3
Netherlands,NLD,0,2002,4,0.0
Netherlands,NLD,0,2002,5,0.0
Netherlands,NLD,0,2002,6,12.3
Netherlands,NLD,0,2002,7,12.6
Netherlands,NLD,0,2002,8,10.6
Netherlands,NLD,0,2002,9,11.5
Netherlands,NLD,0,2002,10,8.6
Netherlands,NLD,0,2002,11,10.3
Netherlands,NLD,0,2002,12,13.0
Netherlands,NLD,0,2003,1,8.9
Netherlands,NLD,0,2003,2,10.9
Netherlands,NLD,0,2003,3,12.4
Netherlands,NLD,0,2003,4,16.3
Netherlands,NLD,0,2003,5,18.2
Netherlands,NLD,0,2003,6,18.7
Netherlands,NLD,0,2003,7,19.0
Netherlands,NLD,0,2003,8,17.8
Netherlands,NLD,0,2003,9,14.1
Netherlands,NLD,0,2003,10,13.5
Netherlands,NLD,0,2003,11,14.1
Netherlands,NLD,0,2003,12,12.3
Netherlands,NLD,0,2004,1,12.9
Netherlands,NLD,0,2004,2,12.3
Netherlands,NLD,0,2004,3,12.1
Netherlands,NLD,0,2004,4,15.1
Netherlands,NLD,0,2004,5,13.3
Netherlands,NLD,0,2004,6,20.7
Netherlands,NLD,0,2004,7,20.6
Netherlands,NLD,0,2004,8,13.4
Netherlands,NLD,0,2004,9,16.1
Netherlands,NLD,0,2004,10,14.8
Netherlands,NLD,0,2004,11,14.4
Netherlands,NLD,0,2004,12,16.0
Netherlands,NLD,0,2005,1,15.1
Netherlands,NLD,0,2005,2,14.9
Netherlands,NLD,0,2005,3,16.6
Netherlands,NLD,0,2005,4,15.5
Netherlands,NLD,0,2005,5,13.7
Netherlands,NLD,0,2005,6,19.1
Netherlands,NLD,0,2005,7,19.6
Netherlands,NLD,0,2005,8,18.7
Netherlands,NLD,0,2005,9,18.2
Netherlands,NLD,0,2005,10,19.1
Netherlands,NLD,0,2005,11,16.9
Netherlands,NLD,0,2005,12,15.7
Netherlands,NLD,0,2006,1,15.7
Netherlands,NLD,0,2006,2,15.0
Netherlands,NLD,0,2006,3,15.3
Netherlands,NLD,0,2006,4,15.4
Netherlands,NLD,0,2006,5,15.4
Netherlands,NLD,0,2006,6,19.3
Netherlands,NLD,0,2006,7,18.3
Netherlands,NLD,0,2006,8,16.7
Netherlands,NLD,0,2006,9,18.1
Netherlands,NLD,0,2006,10,20.0
Netherlands,NLD,0,2006,11,20.5
Netherlands,NLD,0,2006,12,20.7
Netherlands,NLD,0,2007,1,20.1
Netherlands,NLD,0,2007,2,21.5
Netherlands,NLD,0,2007,3,21.4
Netherlands,NLD,0,2007,4,21.3
Netherlands,NLD,0,2007,5,20.0
Netherlands,NLD,0,2007,6,16.5
Netherlands,NLD,0,2007,7,15.7
Netherlands,NLD,0,2007,8,16.7
Netherlands,NLD,0,2007,9,15.1
Netherlands,NLD,0,2007,10,14.8
Netherlands,NLD,0,2007,11,14.2
Netherlands,NLD,0,2007,12,15.2
Netherlands,NLD,0,2008,1,15.8
Netherlands,NLD,0,2008,2,14.0
Netherlands,NLD,0,2008,3,15.0
Netherlands,NLD,0,2008,4,15.5
Netherlands,NLD,0,2008,5,15.6
Netherlands,NLD,0,2008,6,17.8
Netherlands,NLD,0,2008,7,17.8
Netherlands,NLD,0,2008,8,16.9
Netherlands,NLD,0,2008,9,15.6
Netherlands,NLD,0,2008,10,15.7
Netherlands,NLD,0,2008,11,15.6
Netherlands,NLD,0,2008,12,15.4
Netherlands,NLD,0,2009,1,16.8
Netherlands,NLD,0,2009,2,16.1
Netherlands,NLD,0,2009,3,17.6
Netherlands,NLD,0,2009,4,16.5
Netherlands,NLD,0,2009,5,16.4
Netherlands,NLD,0,2009,6,19.6
Netherlands,NLD,0,2009,7,22.2
Netherlands,NLD,0,2009,8,22.0
Netherlands,NLD,0,2009,9,22.0
Netherlands,NLD,0,2009,10,20.5
Netherlands,NLD,0,2009,11,21.0
Netherlands,NLD,0,2009,12,20.4
Netherlands,NLD,0,2010,1,20.7
Netherlands,NLD,0,2010,2,20.4
Netherlands,NLD,0,2010,3,19.2
Netherlands,NLD,0,2010,4,19.6
Netherlands,NLD,0,2010,5,17.6
Netherlands,NLD,0,2010,6,24.7
Netherlands,NLD,0,2010,7,24.2
Netherlands,NLD,0,2010,8,25.1
Netherlands,NLD,0,2010,9,23.1
Netherlands,NLD,0,2010,10,21.9
Netherlands,NLD,0,2010,11,22.1
Netherlands,NLD,0,2010,12,22.7
Netherlands,NLD,0,2011,1,25.4
Netherlands,NLD,0,2011,2,25.1
Netherlands,NLD,0,2011,3,25.3
Netherlands,NLD,0,2011,4,23.7
Netherlands,NLD,0,2011,5,23.8
Netherlands,NLD,0,2011,6,24.2
Netherlands,NLD,0,2011,7,23.6
Netherlands,NLD,0,2011,8,23.1
Netherlands,NLD,0,2011,9,25.3
Netherlands,NLD,0,2011,10,24.4
Netherlands,NLD,0,2011,11,24.1
Netherlands,NLD,0,2011,12,21.7
Netherlands,NLD,0,2012,1,24.3
Netherlands,NLD,0,2012,2,23.6
Netherlands,NLD,0,2012,3,23.4
Netherlands,NLD,0,2012,4,24.8
Netherlands,NLD,0,2012,5,26.2
Netherlands,NLD,0,2012,6,26.2
Netherlands,NLD,0,2012,7,25.8
Netherlands,NLD,0,2012,8,27.4
Netherlands,NLD,0,2012,9,27.0
Netherlands,NLD,0,2012,10,30.7
Netherlands,NLD,0,2012,11,29.9
Netherlands,NLD,0,2012,12,32.0
Netherlands,NLD,0,2013,1,31.7
Netherlands,NLD,0,2013,2,30.3
Netherlands,NLD,0,2013,3,30.4
Netherlands,NLD,0,2013,4,27.3
Netherlands,NLD,0,2013,5,30.0
Netherlands,NLD,0,2013,6,31.4
Netherlands,NLD,0,2013,7,30.4
Netherlands,NLD,0,2013,8,31.0
Netherlands,NLD,0,2013,9,32.2
Netherlands,NLD,0,2013,10,30.4
Netherlands,NLD,0,2013,11,29.9
Netherlands,NLD,0,2013,12,37.0
Netherlands,NLD,0,2014,1,32.3
Netherlands,NLD,0,2014,2,33.2
Netherlands,NLD,0,2014,3,35.1
Netherlands,NLD,0,2014,4,36.2
Netherlands,NLD,0,2014,5,30.6
Netherlands,NLD,0,2014,6,36.3
Netherlands,NLD,0,2014,7,39.5
Netherlands,NLD,0,2014,8,33.6
Netherlands,NLD,0,2014,9,35.6
Netherlands,NLD,0,2014,10,36.3
Netherlands,NLD,0,2014,11,36.2
Netherlands,NLD,0,2014,12,36.2
Netherlands,NLD,0,2015,1,36.9
Netherlands,NLD,0,2015,2,36.6
Netherlands,NLD,0,2015,3,38.7
Netherlands,NLD,0,2015,4,37.6
Netherlands,NLD,0,2015,5,37.1
Netherlands,NLD,0,2015,6,36.7
Netherlands,NLD,0,2015,7,39.2
Netherlands,NLD,0,2015,8,38.7
Netherlands,NLD,0,2015,9,39.8
Netherlands,NLD,0,2015,10,44.6
Netherlands,NLD,0,2015,11,45.2
Netherlands,NLD,0,2015,12,49.1
Netherlands,NLD,0,2016,1,50.7
Netherlands,NLD,0,2016,2,50.7
Netherlands,NLD,0,2016,3,49.3
Netherlands,NLD,0,2016,4,48.1
Netherlands,NLD,0,2016,5,47.6
Netherlands,NLD,0,2016,6,51.0
Netherlands,NLD,0,2016,7,49.7
Netherlands,NLD,0,2016,8,50.7
Netherlands,NLD,0,2016,9,52.2
Netherlands,NLD,0,2016,10,53.2
Netherlands,NLD,0,2016,11,54.2
Netherlands,NLD,0,2016,12,57.4
Netherlands,NLD,0,2017,1,54.2
Netherlands,NLD,0,2017,2,52.8
Netherlands,NLD,0,2017,3,51.2
Netherlands,NLD,0,2017,4,49.1
Netherlands,NLD,0,2017,5,52.2
Netherlands,NLD,0,2017,6,53.1
Netherlands,NLD,0,2017,7,50.5
Netherlands,NLD,0,2017,8,50.3
Netherlands,NLD,0,2017,9,47.5
Netherlands,NLD,0,2017,10,45.1
Netherlands,NLD,0,2017,11,47.6
Netherlands,NLD,0,2017,12,48.6
Netherlands,NLD,0,2018,1,45.1
Netherlands,NLD,0,2018,2,44.8
Netherlands,NLD,0,2018,3,43.9
Netherlands,NLD,0,2018,4,42.5
Netherlands,NLD,0,2018,5,45.1
Netherlands,NLD,0,2018,6,44.8
Netherlands,NLD,0,2018,7,45.1
Netherlands,NLD,0,2018,8,43.4
Netherlands,NLD,0,2018,9,43.0
Netherlands,NLD,0,2018,10,43.0
Netherlands,NLD,0,2018,11,42.8
Netherlands,NLD,0,2018,12,43.5
Netherlands,NLD,0,2019,1,43.0
Netherlands,NLD,0,2019,2,42.8
Netherlands,NLD,0,2019,3,44.5
Netherlands,NLD,0,2019,4,45.0
Netherlands,NLD,0,2019,5,44.4
Netherlands,NLD,0,2019,6,47.8
Netherlands,NLD,0,2019,7,64.6
Netherlands,NLD,0,2019,8,63.9
Netherlands,NLD,0,2019,9,62.1
Netherlands,NLD,0,2019,10,61.7
Netherlands,NLD,0,2019,11,62.2
Netherlands,NLD,0,2019,12,65.1
Netherlands,NLD,0,2020,1,67.7
Netherlands,NLD,0,2020,2,70.9
Netherlands,NLD,0,2020,3,69.1
Netherlands,NLD,0,2020,4,66.2
Netherlands,NLD,0,2020,5,67.9
Netherlands,NLD,0,2020,6,69.4
Netherlands,NLD,0,2020,7,71.2
Netherlands,NLD,0,2020,8,68.5
Netherlands,NLD,0,2020,9,69.2
Netherlands,NLD,0,2020,10,69.7
Netherlands,NLD,0,2020,11,71.7
Netherlands,NLD,0,2020,12,69.7
Netherlands,NLD,0,2021,1,69.8
Netherlands,NLD,0,2021,2,66.1
Netherlands,NLD,0,2021,3,65.8
Netherlands,NLD,0,2021,4,65.0
Netherlands,NLD,0,2021,5,63.7
Netherlands,NLD,0,2021,6,72.7
Netherlands,NLD,0,2021,7,68.7
Netherlands,NLD,0,2021,8,65.3
Netherlands,NLD,0,2021,9,67.1
Netherlands,NLD,0,2021,10,67.6
Netherlands,NLD,0,2021,11,68.3
Netherlands,NLD,0,2021,12,69.1
Netherlands,NLD,0,2022,1,60.6
Netherlands,NLD,0,2022,2,65.5
Netherlands,NLD,0,2022,3,64.7
Netherlands,NLD,0,2022,4,63.1
Netherlands,NLD,0,2022,5,64.4
Netherlands,NLD,0,2022,6,64.5
Netherlands,NLD,0,2022,7,66.4
Netherlands,NLD,0,2022,8,66.3
Netherlands,NLD,0,2022,9,66.2
Netherlands,NLD,0,2022,10,63.8
Netherlands,NLD,0,2022,11,71.9
Netherlands,NLD,0,2022,12,67.4
Netherlands,NLD,0,2023,1,73.7
Netherlands,NLD,0,2023,2,72.7
Netherlands,NLD,0,2023,3,75.1
Netherlands,NLD,0,2023,4,74.5
Netherlands,NLD,0,2023,5,71.2
Netherlands,NLD,0,2023,6,74.8
Netherlands,NLD,0,2023,7,72.3
Netherlands,NLD,0,2023,8,73.2
Netherlands,NLD,0,2023,9,68.5
Netherlands,NLD,0,2023,10,66.1
Netherlands,NLD,0,2023,11,71.1
Netherlands,NLD,0,2023,12,73.6
Netherlands,NLD,0,2024,1,72.1
Netherlands,NLD,0,2024,2,69.7
Netherlands,NLD,0,2024,3,68.5
Netherlands,NLD,0,2024,4,71.7
Netherlands,NLD,0,2024,5,72.0
Netherlands,NLD,0,2024,6,71.9
Netherlands,NLD,0,2024,7,76.4
Netherlands,NLD,0,2024,8,78.3
Netherlands,NLD,0,2024,9,85.3
Netherlands,NLD,0,2024,10,79.7
Netherlands,NLD,0,2024,11,84.4
Netherlands,NLD,0,2024,12,78.6
Netherlands,NLD,0,2025,1,79.4
Netherlands,NLD,0,2025,2,83.2
Netherlands,NLD,0,2025,3,90.9
Netherlands,NLD,0,2025,4,85.6
Netherlands,NLD,0,2025,5,79.5
Netherlands,NLD,0,2025,6,81.7
Netherlands,NLD,0,2025,7,82.8
Netherlands,NLD,0,2025,8,79.9
Netherlands,NLD,0,2025,9,78.6
Netherlands,NLD,0,2025,10,79.9
Netherlands,NLD,0,2025,11,79.6
Netherlands,NLD,0,2025,12,70.0
Norway,NOR,0,2003,1,5.7
Norway,NOR,0,2003,2,6.6
Norway,NOR,0,2003,3,5.1
Norway,NOR,0,2003,4,7.3
Norway,NOR,0,2003,5,4.8
Norway,NOR,0,2003,6,6.7
Norway,NOR,0,2003,7,5.3
Norway,NOR,0,2003,8,1.9
Norway,NOR,0,2003,9,3.9
Norway,NOR,0,2003,10,5.6
Norway,NOR,0,2003,11,7.8
Norway,NOR,0,2003,12,5.2
Norway,NOR,0,2004,1,5.8
Norway,NOR,0,2004,2,4.6
Norway,NOR,0,2004,3,7.1
Norway,NOR,0,2004,4,6.1
Norway,NOR,0,2004,5,0.0
Norway,NOR,0,2004,6,7.0
Norway,NOR,0,2004,7,10.7
Norway,NOR,0,2004,8,13.3
Norway,NOR,0,2004,9,16.4
Norway,NOR,0,2004,10,25.2
Norway,NOR,0,2004,11,24.8
Norway,NOR,0,2004,12,22.6
Norway,NOR,0,2006,1,5.9
Norway,NOR,0,2006,2,7.4
Norway,NOR,0,2006,3,0.0
Norway,NOR,0,2006,4,0.0
Norway,NOR,0,2006,5,0.0
Norway,NOR,0,2006,6,3.1
Norway,NOR,0,2006,7,10.5
Norway,NOR,0,2006,8,14.4
Norway,NOR,0,2006,9,16.2
Norway,NOR,0,2006,10,29.6
Norway,NOR,0,2006,11,35.7
Norway,NOR,0,2006,12,31.6
Norway,NOR,0,2007,1,20.7
Norway,NOR,0,2007,2,12.5
Norway,NOR,0,2007,3,7.3
Norway,NOR,0,2007,4,2.1
Norway,NOR,0,2007,5,0.0
Norway,NOR,0,2007,6,3.1
Norway,NOR,0,2007,7,0.0
Norway,NOR,0,2007,8,6.4
Norway,NOR,0,2007,9,22.9
Norway,NOR,0,2007,10,25.5
Norway,NOR,0,2007,11,27.6
Norway,NOR,0,2007,12,26.2
Norway,NOR,0,2008,1,33.6
Norway,NOR,0,2008,2,34.0
Norway,NOR,0,2008,3,44.5
Norway,NOR,0,2008,4,45.3
Norway,NOR,0,2008,5,47.1
Norway,NOR,0,2008,6,4.4
Norway,NOR,0,2008,7,2.8
Norway,NOR,0,2008,8,2.4
Norway,NOR,0,2008,9,13.2
Norway,NOR,0,2008,10,11.5
Norway,NOR,0,2008,11,20.2
Norway,NOR,0,2008,12,23.1
Norway,NOR,0,2009,1,21.9
Norway,NOR,0,2009,2,21.1
Norway,NOR,0,2009,3,26.2
Norway,NOR,0,2009,4,27.5
Norway,NOR,0,2009,5,28.3
Norway,NOR,0,2009,6,11.1
Norway,NOR,0,2009,7,11.3
Norway,NOR,0,2009,8,7.1
Norway,NOR,0,2009,9,7.6
Norway,NOR,0,2009,10,7.3
Norway,NOR,0,2009,11,8.5
Norway,NOR,0,2009,12,12.1
Norway,NOR,0,2010,1,12.3
Norway,NOR,0,2010,2,13.6
Norway,NOR,0,2010,3,14.6
Norway,NOR,0,2010,4,15.0
Norway,NOR,0,2010,5,15.2
Norway,NOR,0,2010,6,15.4
Norway,NOR,0,2010,7,16.3
Norway,NOR,0,2010,8,17.5
Norway,NOR,0,2010,9,18.1
Norway,NOR,0,2010,10,18.0
Norway,NOR,0,2010,11,19.0
Norway,NOR,0,2010,12,19.6
Norway,NOR,0,2011,1,19.4
Norway,NOR,0,2011,2,20.8
Norway,NOR,0,2011,3,21.4
Norway,NOR,0,2011,4,21.1
Norway,NOR,0,2011,5,21.1
Norway,NOR,0,2011,6,26.5
Norway,NOR,0,2011,7,23.7
Norway,NOR,0,2011,8,28.1
Norway,NOR,0,2011,9,39.6
Norway,NOR,0,2011,10,37.0
Norway,NOR,0,2011,11,40.3
Norway,NOR,0,2011,12,56.7
Norway,NOR,0,2012,1,57.2
Norway,NOR,0,2012,2,59.3
Norway,NOR,0,2012,3,60.9
Norway,NOR,0,2012,4,64.8
Norway,NOR,0,2012,5,67.9
Norway,NOR,0,2012,6,68.6
Norway,NOR,0,2012,7,68.2
Norway,NOR,0,2012,8,71.4
Norway,NOR,0,2012,9,73.9
Norway,NOR,0,2012,10,75.5
Norway,NOR,0,2012,11,75.6
Norway,NOR,0,2012,12,75.1
Norway,NOR,0,2013,1,76.5
Norway,NOR,0,2013,2,77.0
Norway,NOR,0,2013,3,76.4
Norway,NOR,0,2013,4,74.9
Norway,NOR,0,2013,5,73.7
Norway,NOR,0,2013,6,75.7
Norway,NOR,0,2013,7,74.6
Norway,NOR,0,2013,8,71.7
Norway,NOR,0,2013,9,72.2
Norway,NOR,0,2013,10,78.4
Norway,NOR,0,2013,11,82.3
Norway,NOR,0,2013,12,87.3
Norway,NOR,0,2014,1,88.2
Norway,NOR,0,2014,2,89.7
Norway,NOR,0,2014,3,88.2
Norway,NOR,0,2014,4,85.6
Norway,NOR,0,2014,5,85.3
Norway,NOR,0,2014,6,87.1
Norway,NOR,0,2014,7,84.8
Norway,NOR,0,2014,8,87.0
Norway,NOR,0,2014,9,81.8
Norway,NOR,0,2014,10,77.2
Norway,NOR,0,2014,11,74.5
Norway,NOR,0,2014,12,81.6
Norway,NOR,0,2015,1,73.6
Norway,NOR,0,2015,2,73.2
Norway,NOR,0,2015,3,71.6
Norway,NOR,0,2015,4,66.6
Norway,NOR,0,2015,5,64.8
Norway,NOR,0,2015,6,67.2
Norway,NOR,0,2015,7,66.5
Norway,NOR,0,2015,8,69.4
Norway,NOR,0,2015,9,69.8
Norway,NOR,0,2015,10,70.1
Norway,NOR,0,2015,11,69.7
Norway,NOR,0,2015,12,69.1
Norway,NOR,0,2016,1,68.1
Norway,NOR,0,2016,2,69.8
Norway,NOR,0,2016,3,72.3
Norway,NOR,0,2016,4,66.2
Norway,NOR,0,2016,5,61.9
Norway,NOR,0,2016,6,58.7
Norway,NOR,0,2016,7,52.9
Norway,NOR,0,2016,8,53.7
Norway,NOR,0,2016,9,56.8
Norway,NOR,0,2016,10,51.6
Norway,NOR,0,2016,11,47.7
Norway,NOR,0,2016,12,52.5
Norway,NOR,0,2017,1,43.1
Norway,NOR,0,2017,2,45.8
Norway,NOR,0,2017,3,48.9
Norway,NOR,0,2017,4,51.4
Norway,NOR,0,2017,5,48.3
Norway,NOR,0,2017,6,53.7
Norway,NOR,0,2017,7,54.9
Norway,NOR,0,2017,8,58.0
Norway,NOR,0,2017,9,64.1
Norway,NOR,0,2017,10,60.6
Norway,NOR,0,2017,11,55.3
Norway,NOR,0,2017,12,51.1
Norway,NOR,0,2018,1,46.9
Norway,NOR,0,2018,2,50.4
Norway,NOR,0,2018,3,40.2
Norway,NOR,0,2018,4,39.4
Norway,NOR,0,2018,5,49.7
Norway,NOR,0,2018,6,49.7
Norway,NOR,0,2018,7,61.1
Norway,NOR,0,2018,8,66.7
Norway,NOR,0,2018,9,63.6
Norway,NOR,0,2018,10,61.3
Norway,NOR,0,2018,11,47.3
Norway,NOR,0,2018,12,84.9
Norway,NOR,0,2019,1,90.9
Norway,NOR,0,2019,2,97.1
Norway,NOR,0,2019,3,99.5
Norway,NOR,0,2019,4,97.1
Norway,NOR,0,2019,5,99.3
Norway,NOR,0,2019,6,98.6
Norway,NOR,0,2019,7,96.9
Norway,NOR,0,2019,8,101.0
Norway,NOR,0,2019,9,99.2
Norway,NOR,0,2019,10,100.3
Norway,NOR,0,2019,11,96.0
Norway,NOR,0,2019,12,90.1
Norway,NOR,0,2020,1,97.7
Norway,NOR,0,2020,2,103.3
Norway,NOR,0,2020,3,98.0
Norway,NOR,0,2020,4,93.2
Norway,NOR,0,2020,5,87.6
Norway,NOR,0,2020,6,88.7
Norway,NOR,0,2020,7,89.9
Norway,NOR,0,2020,8,90.6
Norway,NOR,0,2020,9,90.5
Norway,NOR,0,2020,10,82.9
Norway,NOR,0,2020,11,89.0
Norway,NOR,0,2020,12,87.5
Norway,NOR,0,2021,1,91.4
Norway,NOR,0,2021,2,97.5
Norway,NOR,0,2021,3,94.3
Norway,NOR,0,2021,4,109.2
Norway,NOR,0,2021,5,113.5
Norway,NOR,0,2021,6,115.8
Norway,NOR,0,2021,7,119.1
Norway,NOR,0,2021,8,119.9
Norway,NOR,0,2021,9,120.8
Norway,NOR,0,2021,10,105.0
Norway,NOR,0,2021,11,100.2
Norway,NOR,0,2021,12,98.3
Norway,NOR,0,2022,1,115.8
Norway,NOR,0,2022,2,120.1
Norway,NOR,0,2022,3,116.7
Norway,NOR,0,2022,4,115.6
Norway,NOR,0,2022,5,109.0
Norway,NOR,0,2022,6,112.9
Norway,NOR,0,2022,7,112.5
Norway,NOR,0,2022,8,111.1
Norway,NOR,0,2022,9,99.6
Norway,NOR,0,2022,10,95.7
Norway,NOR,0,2022,11,97.7
Norway,NOR,0,2022,12,92.0
Norway,NOR,0,2023,1,104.4
Norway,NOR,0,2023,2,116.6
Norway,NOR,0,2023,3,119.1
Norway,NOR,0,2023,4,122.8
Norway,NOR,0,2023,5,122.0
Norway,NOR,0,2023,6,126.4
Norway,NOR,0,2023,7,127.5
Norway,NOR,0,2023,8,126.3
Norway,NOR,0,2023,9,121.6
Norway,NOR,0,2023,10,121.2
Norway,NOR,0,2023,11,113.6
Norway,NOR,0,2023,12,139.3
Norway,NOR,0,2024,1,150.1
Norway,NOR,0,2024,2,141.3
Norway,NOR,0,2024,3,151.9
Norway,NOR,0,2024,4,142.3
Norway,NOR,0,2024,5,146.1
Norway,NOR,0,2024,6,157.1
Norway,NOR,0,2024,7,160.3
Norway,NOR,0,2024,8,166.0
Norway,NOR,0,2024,9,173.5
Norway,NOR,0,2024,10,167.1
Norway,NOR,0,2024,11,162.5
Norway,NOR,0,2024,12,157.6
Norway,NOR,0,2025,1,173.1
Norway,NOR,0,2025,2,161.8
Norway,NOR,0,2025,3,200.1
Norway,NOR,0,2025,4,195.9
Norway,NOR,0,2025,5,187.3
Norway,NOR,0,2025,6,195.1
Norway,NOR,0,2025,7,208.0
Norway,NOR,0,2025,8,214.9
Norway,NOR,0,2025,9,215.9
Norway,NOR,0,2025,10,193.7
Norway,NOR,0,2025,11,218.9
Norway,NOR,0,2025,12,208.1
Oman,OMN,0,2012,1,23.6
Oman,OMN,0,2012,2,21.6
Oman,OMN,0,2012,3,18.0
Oman,OMN,0,2012,4,17.6
Oman,OMN,0,2012,5,16.7
Oman,OMN,0,2012,6,17.0
Oman,OMN,0,2012,7,17.0
Oman,OMN,0,2012,8,17.8
Oman,OMN,0,2012,9,17.7
Oman,OMN,0,2012,10,17.5
Oman,OMN,0,2012,11,17.9
Oman,OMN,0,2012,12,17.7
Oman,OMN,0,2013,1,17.9
Oman,OMN,0,2013,2,19.7
Oman,OMN,0,2013,3,19.5
Oman,OMN,0,2013,4,20.0
Oman,OMN,0,2013,5,20.5
Oman,OMN,0,2013,6,20.9
Oman,OMN,0,2013,7,20.4
Oman,OMN,0,2013,8,19.8
Oman,OMN,0,2013,9,20.1
Oman,OMN,0,2013,10,19.8
Oman,OMN,0,2013,11,19.6
Oman,OMN,0,2013,12,19.4
Oman,OMN,0,2014,1,18.9
Oman,OMN,0,2014,2,19.4
Oman,OMN,0,2014,3,20.2
Oman,OMN,0,2014,4,20.7
Oman,OMN,0,2014,5,21.0
Oman,OMN,0,2014,6,21.2
Oman,OMN,0,2014,7,21.9
Oman,OMN,0,2014,8,19.8
Oman,OMN,0,2014,9,19.5
Oman,OMN,0,2014,10,19.2
Oman,OMN,0,2014,11,20.3
Oman,OMN,0,2014,12,21.4
Oman,OMN,0,2015,1,22.2
Oman,OMN,0,2015,2,22.5
Oman,OMN,0,2015,3,22.4
Oman,OMN,0,2015,4,24.0
Oman,OMN,0,2015,5,23.3
Oman,OMN,0,2015,6,22.6
Oman,OMN,0,2015,7,23.2
Oman,OMN,0,2015,8,21.3
Oman,OMN,0,2015,9,21.4
Oman,OMN,0,2015,10,23.4
Oman,OMN,0,2015,11,22.5
Oman,OMN,0,2015,12,20.0
Oman,OMN,0,2016,1,19.4
Oman,OMN,0,2016,2,17.7
Oman,OMN,0,2016,3,15.9
Oman,OMN,0,2016,4,17.5
Oman,OMN,0,2016,5,15.8
Oman,OMN,0,2016,6,15.5
Oman,OMN,0,2016,7,18.0
Oman,OMN,0,2016,8,17.8
Oman,OMN,0,2016,9,16.6
Oman,OMN,0,2016,10,16.4
Oman,OMN,0,2016,11,15.1
Oman,OMN,0,2016,12,14.3
Oman,OMN,0,2017,1,13.6
Oman,OMN,0,2017,2,13.7
Oman,OMN,0,2017,3,14.0
Oman,OMN,0,2017,4,14.6
Oman,OMN,0,2017,5,14.7
Oman,OMN,0,2017,6,15.5
Oman,OMN,0,2017,7,16.8
Oman,OMN,0,2017,8,15.8
Oman,OMN,0,2017,9,14.7
Oman,OMN,0,2017,10,13.9
Oman,OMN,0,2017,11,12.7
Oman,OMN,0,2017,12,11.7
Peru,PER,0,2012,1,8.9
Peru,PER,0,2012,2,8.9
Peru,PER,0,2012,3,10.1
Peru,PER,0,2012,4,10.5
Peru,PER,0,2012,5,11.4
Peru,PER,0,2012,6,11.8
Peru,PER,0,2012,7,11.9
Peru,PER,0,2012,8,11.5
Peru,PER,0,2012,9,11.9
Peru,PER,0,2012,10,13.4
Peru,PER,0,2012,11,13.7
Peru,PER,0,2012,12,14.5
Peru,PER,0,2013,1,15.6
Peru,PER,0,2013,2,15.7
Peru,PER,0,2013,3,16.0
Peru,PER,0,2013,4,15.9
Peru,PER,0,2013,5,16.1
Peru,PER,0,2013,6,16.2
Peru,PER,0,2013,7,15.4
Peru,PER,0,2013,8,15.0
Peru,PER,0,2013,9,14.5
Peru,PER,0,2013,10,14.1
Peru,PER,0,2013,11,14.2
Peru,PER,0,2013,12,14.8
Peru,PER,0,2014,1,13.8
Peru,PER,0,2014,2,13.3
Peru,PER,0,2014,3,13.3
Peru,PER,0,2014,4,13.0
Peru,PER,0,2014,5,12.6
Peru,PER,0,2014,6,12.8
Peru,PER,0,2014,7,11.8
Peru,PER,0,2014,8,11.4
Peru,PER,0,2014,9,11.2
Peru,PER,0,2014,10,10.4
Peru,PER,0,2014,11,10.4
Peru,PER,0,2014,12,10.9
Peru,PER,0,2015,1,10.3
Peru,PER,0,2015,2,10.8
Peru,PER,0,2015,3,11.2
Peru,PER,0,2015,4,10.8
Peru,PER,0,2015,5,10.9
Peru,PER,0,2015,6,11.6
Peru,PER,0,2015,7,11.3
Peru,PER,0,2015,8,11.5
Peru,PER,0,2015,9,11.3
Peru,PER,0,2015,10,11.2
Peru,PER,0,2015,11,11.6
Peru,PER,0,2015,12,12.5
Peru,PER,0,2016,1,12.4
Peru,PER,0,2016,2,11.5
Peru,PER,0,2016,3,11.8
Peru,PER,0,2016,4,12.8
Peru,PER,0,2016,5,12.7
Peru,PER,0,2016,6,12.5
Peru,PER,0,2016,7,12.7
Peru,PER,0,2016,8,13.0
Peru,PER,0,2016,9,12.4
Peru,PER,0,2016,10,12.5
Peru,PER,0,2016,11,12.2
Peru,PER,0,2016,12,12.2
Peru,PER,0,2017,1,11.9
Peru,PER,0,2017,2,11.7
Peru,PER,0,2017,3,12.1
Peru,PER,0,2017,4,12.8
Peru,PER,0,2017,5,13.2
Peru,PER,0,2017,6,13.4
Peru,PER,0,2017,7,13.3
Peru,PER,0,2017,8,13.4
Peru,PER,0,2017,9,14.1
Peru,PER,0,2017,10,14.9
Peru,PER,0,2017,11,15.1
Peru,PER,0,2017,12,16.3
Peru,PER,0,2018,1,16.4
Peru,PER,0,2018,2,16.6
Peru,PER,0,2018,3,17.0
Peru,PER,0,2018,4,17.2
Peru,PER,0,2018,5,17.1
Peru,PER,0,2018,6,17.5
Peru,PER,0,2018,7,17.7
Peru,PER,0,2018,8,18.0
Peru,PER,0,2018,9,18.5
Peru,PER,0,2018,10,18.0
Peru,PER,0,2018,11,18.2
Peru,PER,0,2018,12,18.7
Peru,PER,0,2019,1,19.8
Peru,PER,0,2019,2,19.4
Peru,PER,0,2019,3,20.3
Peru,PER,0,2019,4,20.3
Peru,PER,0,2019,5,21.1
Peru,PER,0,2019,6,21.1
Peru,PER,0,2019,7,21.2
Peru,PER,0,2019,8,21.4
Peru,PER,0,2019,9,21.1
Peru,PER,0,2019,10,20.6
Peru,PER,0,2019,11,19.3
Peru,PER,0,2019,12,19.3
Peru,PER,0,2022,1,29.0
Peru,PER,0,2022,2,29.5
Peru,PER,0,2022,3,29.9
Peru,PER,0,2022,4,30.3
Peru,PER,0,2022,5,29.9
Peru,PER,0,2022,6,30.8
Peru,PER,0,2022,7,32.0
Peru,PER,0,2022,8,32.4
Peru,PER,0,2022,9,32.2
Peru,PER,0,2022,10,31.1
Peru,PER,0,2022,11,31.0
Peru,PER,0,2022,12,32.1
Peru,PER,0,2023,1,31.8
Peru,PER,0,2023,2,32.6
Peru,PER,0,2023,3,33.1
Peru,PER,0,2023,4,32.2
Peru,PER,0,2023,5,32.2
Peru,PER,0,2023,6,33.0
Peru,PER,0,2023,7,31.9
Peru,PER,0,2023,8,32.6
Peru,PER,0,2023,9,32.7
Peru,PER,0,2023,10,31.9
Peru,PER,0,2023,11,31.1
Peru,PER,0,2023,12,32.5
Peru,PER,0,2024,1,32.4
Peru,PER,0,2024,2,34.8
Peru,PER,0,2024,3,37.1
Peru,PER,0,2024,4,37.7
Peru,PER,0,2024,5,38.9
Peru,PER,0,2024,6,39.5
Peru,PER,0,2024,7,37.0
Peru,PER,0,2024,8,37.8
Peru,PER,0,2024,9,40.0
Peru,PER,0,2024,10,40.6
Peru,PER,0,2024,11,41.4
Peru,PER,0,2024,12,43.7
Peru,PER,0,2025,1,41.7
Peru,PER,0,2025,2,41.6
Peru,PER,0,2025,3,42.8
Peru,PER,0,2025,4,40.7
Peru,PER,0,2025,5,40.1
Peru,PER,0,2025,6,41.8
Peru,PER,0,2025,7,40.1
Peru,PER,0,2025,8,40.6
Peru,PER,0,2025,9,43.2
Peru,PER,0,2025,10,41.6
Peru,PER,0,2025,11,41.2
Peru,PER,0,2025,12,45.1
Philippines,PHL,0,2008,1,10.3
Philippines,PHL,0,2008,2,10.4
Philippines,PHL,0,2008,3,10.8
Philippines,PHL,0,2008,4,9.9
Philippines,PHL,0,2008,5,9.0
Philippines,PHL,0,2008,6,12.4
Philippines,PHL,0,2008,7,12.4
Philippines,PHL,0,2008,8,12.3
Philippines,PHL,0,2008,9,12.0
Philippines,PHL,0,2008,10,12.1
Philippines,PHL,0,2008,11,11.5
Philippines,PHL,0,2008,12,11.7
Philippines,PHL,0,2009,1,11.6
Philippines,PHL,0,2009,2,12.6
Philippines,PHL,0,2009,3,12.4
Philippines,PHL,0,2009,4,12.0
Philippines,PHL,0,2009,5,11.8
Philippines,PHL,0,2009,6,11.2
Philippines,PHL,0,2009,7,10.9
Philippines,PHL,0,2009,8,11.9
Philippines,PHL,0,2009,9,11.4
Philippines,PHL,0,2009,10,11.4
Philippines,PHL,0,2009,11,11.7
Philippines,PHL,0,2009,12,11.7
Philippines,PHL,0,2010,1,11.3
Philippines,PHL,0,2010,2,12.5
Philippines,PHL,0,2010,3,14.6
Philippines,PHL,0,2010,4,15.0
Philippines,PHL,0,2010,5,14.4
Philippines,PHL,0,2010,6,20.0
Philippines,PHL,0,2010,7,20.3
Philippines,PHL,0,2010,8,19.3
Philippines,PHL,0,2010,9,18.5
Philippines,PHL,0,2010,10,18.5
Philippines,PHL,0,2010,11,19.2
Philippines,PHL,0,2010,12,20.1
Philippines,PHL,0,2011,1,22.8
Philippines,PHL,0,2011,2,22.7
Philippines,PHL,0,2011,3,23.4
Philippines,PHL,0,2011,4,24.1
Philippines,PHL,0,2011,5,23.8
Philippines,PHL,0,2011,6,27.6
Philippines,PHL,0,2011,7,30.0
Philippines,PHL,0,2011,8,30.0
Philippines,PHL,0,2011,9,32.2
Philippines,PHL,0,2011,10,32.2
Philippines,PHL,0,2011,11,31.7
Philippines,PHL,0,2011,12,32.7
Philippines,PHL,0,2012,1,35.7
Philippines,PHL,0,2012,2,37.1
Philippines,PHL,0,2012,3,37.1
Philippines,PHL,0,2012,4,36.8
Philippines,PHL,0,2012,5,36.5
Philippines,PHL,0,2012,6,35.4
Philippines,PHL,0,2012,7,36.9
Philippines,PHL,0,2012,8,37.1
Philippines,PHL,0,2012,9,37.0
Philippines,PHL,0,2012,10,36.9
Philippines,PHL,0,2012,11,36.8
Philippines,PHL,0,2012,12,36.8
Philippines,PHL,0,2013,1,39.6
Philippines,PHL,0,2013,2,39.6
Philippines,PHL,0,2013,3,39.7
Philippines,PHL,0,2013,4,39.3
Philippines,PHL,0,2013,5,39.0
Philippines,PHL,0,2013,6,37.1
Philippines,PHL,0,2013,7,38.9
Philippines,PHL,0,2013,8,38.6
Philippines,PHL,0,2013,9,38.1
Philippines,PHL,0,2013,10,39.2
Philippines,PHL,0,2013,11,40.0
Philippines,PHL,0,2013,12,40.2
Philippines,PHL,0,2014,1,38.7
Philippines,PHL,0,2014,2,39.5
Philippines,PHL,0,2014,3,38.6
Philippines,PHL,0,2014,4,33.9
Philippines,PHL,0,2014,5,34.5
Philippines,PHL,0,2014,6,34.6
Philippines,PHL,0,2014,7,34.1
Philippines,PHL,0,2014,8,34.6
Philippines,PHL,0,2014,9,35.2
Philippines,PHL,0,2014,10,39.7
Philippines,PHL,0,2014,11,40.5
Philippines,PHL,0,2014,12,40.6
Philippines,PHL,0,2015,1,40.8
Philippines,PHL,0,2015,2,39.8
Philippines,PHL,0,2015,3,39.1
Philippines,PHL,0,2015,4,39.4
Philippines,PHL,0,2015,5,39.0
Philippines,PHL,0,2015,6,39.9
Philippines,PHL,0,2015,7,40.8
Philippines,PHL,0,2015,8,41.1
Philippines,PHL,0,2015,9,41.9
Philippines,PHL,0,2015,10,41.7
Philippines,PHL,0,2015,11,42.8
Philippines,PHL,0,2015,12,43.0
Philippines,PHL,0,2016,1,42.6
Philippines,PHL,0,2016,2,41.4
Philippines,PHL,0,2016,3,41.3
Philippines,PHL,0,2016,4,41.1
Philippines,PHL,0,2016,5,40.9
Philippines,PHL,0,2016,6,42.4
Philippines,PHL,0,2016,7,41.7
Philippines,PHL,0,2016,8,40.1
Philippines,PHL,0,2016,9,39.0
Philippines,PHL,0,2016,10,38.6
Philippines,PHL,0,2016,11,37.8
Philippines,PHL,0,2016,12,38.5
Philippines,PHL,0,2017,1,36.5
Philippines,PHL,0,2017,2,36.9
Philippines,PHL,0,2017,3,36.6
Philippines,PHL,0,2017,4,38.1
Philippines,PHL,0,2017,5,38.2
Philippines,PHL,0,2017,6,37.9
Philippines,PHL,0,2017,7,38.1
Philippines,PHL,0,2017,8,36.3
Philippines,PHL,0,2017,9,35.5
Philippines,PHL,0,2017,10,36.4
Philippines,PHL,0,2017,11,35.8
Philippines,PHL,0,2017,12,36.4
Philippines,PHL,0,2018,1,33.8
Philippines,PHL,0,2018,2,33.6
Philippines,PHL,0,2018,3,32.4
Philippines,PHL,0,2018,4,31.8
Philippines,PHL,0,2018,5,31.6
Philippines,PHL,0,2018,6,31.6
Philippines,PHL,0,2018,7,30.4
Philippines,PHL,0,2018,8,31.2
Philippines,PHL,0,2018,9,27.4
Philippines,PHL,0,2018,10,27.5
Philippines,PHL,0,2018,11,26.3
Philippines,PHL,0,2018,12,23.6
Philippines,PHL,0,2019,1,21.1
Philippines,PHL,0,2019,2,21.2
Philippines,PHL,0,2019,3,25.1
Philippines,PHL,0,2019,4,27.3
Philippines,PHL,0,2019,5,30.7
Philippines,PHL,0,2019,6,32.2
Philippines,PHL,0,2019,7,33.9
Philippines,PHL,0,2019,8,33.9
Philippines,PHL,0,2019,9,34.0
Philippines,PHL,0,2019,10,34.6
Philippines,PHL,0,2019,11,37.4
Philippines,PHL,0,2019,12,34.8
Philippines,PHL,0,2020,1,40.4
Philippines,PHL,0,2020,2,41.8
Philippines,PHL,0,2020,3,43.1
Philippines,PHL,0,2020,4,42.7
Philippines,PHL,0,2020,5,42.7
Philippines,PHL,0,2020,6,44.2
Philippines,PHL,0,2020,7,43.8
Philippines,PHL,0,2020,8,47.6
Philippines,PHL,0,2020,9,46.7
Philippines,PHL,0,2020,10,47.3
Philippines,PHL,0,2020,11,48.6
Philippines,PHL,0,2020,12,43.3
Philippines,PHL,0,2021,1,48.0
Philippines,PHL,0,2021,2,50.8
Philippines,PHL,0,2021,3,50.9
Philippines,PHL,0,2021,4,50.7
Philippines,PHL,0,2021,5,50.2
Philippines,PHL,0,2021,6,50.4
Philippines,PHL,0,2021,7,50.5
Philippines,PHL,0,2021,8,49.8
Philippines,PHL,0,2021,9,50.5
Philippines,PHL,0,2021,10,49.8
Philippines,PHL,0,2021,11,50.3
Philippines,PHL,0,2021,12,48.6
Philippines,PHL,0,2022,1,52.5
Philippines,PHL,0,2022,2,53.9
Philippines,PHL,0,2022,3,52.5
Philippines,PHL,0,2022,4,50.9
Philippines,PHL,0,2022,5,50.6
Philippines,PHL,0,2022,6,49.7
Philippines,PHL,0,2022,7,51.2
Philippines,PHL,0,2022,8,50.9
Philippines,PHL,0,2022,9,51.2
Philippines,PHL,0,2022,10,47.0
Philippines,PHL,0,2022,11,47.9
Philippines,PHL,0,2022,12,48.2
Philippines,PHL,0,2023,1,48.8
Philippines,PHL,0,2023,2,51.0
Philippines,PHL,0,2023,3,51.5
Philippines,PHL,0,2023,4,50.0
Philippines,PHL,0,2023,5,49.3
Philippines,PHL,0,2023,6,49.7
Philippines,PHL,0,2023,7,49.6
Philippines,PHL,0,2023,8,48.6
Philippines,PHL,0,2023,9,48.4
Philippines,PHL,0,2023,10,50.6
Philippines,PHL,0,2023,11,54.6
Philippines,PHL,0,2023,12,57.7
Philippines,PHL,0,2024,1,57.5
Philippines,PHL,0,2024,2,57.9
Philippines,PHL,0,2024,3,60.1
Philippines,PHL,0,2024,4,57.7
Philippines,PHL,0,2024,5,58.8
Philippines,PHL,0,2024,6,60.0
Philippines,PHL,0,2024,7,62.1
Philippines,PHL,0,2024,8,63.1
Philippines,PHL,0,2024,9,64.7
Philippines,PHL,0,2024,10,64.0
Philippines,PHL,0,2024,11,64.4
Philippines,PHL,0,2024,12,62.8
Philippines,PHL,0,2025,1,57.2
Philippines,PHL,0,2025,2,58.0
Philippines,PHL,0,2025,3,59.3
Philippines,PHL,0,2025,4,58.5
Philippines,PHL,0,2025,5,57.7
Philippines,PHL,0,2025,6,57.0
Philippines,PHL,0,2025,7,56.9
Philippines,PHL,0,2025,8,59.9
Philippines,PHL,0,2025,9,60.3
Philippines,PHL,0,2025,10,62.1
Philippines,PHL,0,2025,11,62.2
Philippines,PHL,0,2025,12,62.0
Poland,POL,0,2003,1,8.7
Poland,POL,0,2003,2,9.0
Poland,POL,0,2003,3,9.3
Poland,POL,0,2003,4,9.1
Poland,POL,0,2003,5,9.4
Poland,POL,0,2003,6,10.4
Poland,POL,0,2003,7,10.2
Poland,POL,0,2003,8,10.1
Poland,POL,0,2003,9,10.0
Poland,POL,0,2003,10,10.3
Poland,POL,0,2003,11,10.4
Poland,POL,0,2003,12,10.7
Poland,POL,0,2004,1,10.8
Poland,POL,0,2004,2,11.0
Poland,POL,0,2004,3,11.3
Poland,POL,0,2004,4,11.5
Poland,POL,0,2004,5,11.3
Poland,POL,0,2004,6,9.4
Poland,POL,0,2004,7,9.4
Poland,POL,0,2004,8,9.4
Poland,POL,0,2004,9,10.3
Poland,POL,0,2004,10,10.6
Poland,POL,0,2004,11,10.8
Poland,POL,0,2004,12,10.8
Poland,POL,0,2005,1,10.2
Poland,POL,0,2005,2,10.6
Poland,POL,0,2005,3,11.4
Poland,POL,0,2005,4,11.9
Poland,POL,0,2005,5,11.8
Poland,POL,0,2005,6,12.4
Poland,POL,0,2005,7,12.2
Poland,POL,0,2005,8,12.1
Poland,POL,0,2005,9,12.9
Poland,POL,0,2005,10,13.2
Poland,POL,0,2005,11,13.4
Poland,POL,0,2005,12,13.7
Poland,POL,0,2006,1,11.3
Poland,POL,0,2006,2,12.4
Poland,POL,0,2006,3,12.2
Poland,POL,0,2006,4,12.3
Poland,POL,0,2006,5,13.3
Poland,POL,0,2006,6,11.1
Poland,POL,0,2006,7,12.5
Poland,POL,0,2006,8,13.4
Poland,POL,0,2006,9,12.8
Poland,POL,0,2006,10,14.1
Poland,POL,0,2006,11,13.9
Poland,POL,0,2006,12,13.9
Poland,POL,0,2007,1,12.5
Poland,POL,0,2007,2,12.7
Poland,POL,0,2007,3,12.2
Poland,POL,0,2007,4,12.2
Poland,POL,0,2007,5,11.8
Poland,POL,0,2007,6,10.4
Poland,POL,0,2007,7,11.1
Poland,POL,0,2007,8,10.5
Poland,POL,0,2007,9,10.6
Poland,POL,0,2007,10,9.8
Poland,POL,0,2007,11,11.1
Poland,POL,0,2007,12,12.9
Poland,POL,0,2009,1,3.3
Poland,POL,0,2009,2,4.4
Poland,POL,0,2009,3,3.8
Poland,POL,0,2009,4,3.9
Poland,POL,0,2009,5,5.0
Poland,POL,0,2009,6,20.5
Poland,POL,0,2009,7,20.9
Poland,POL,0,2009,8,21.3
Poland,POL,0,2009,9,21.5
Poland,POL,0,2009,10,21.9
Poland,POL,0,2009,11,21.9
Poland,POL,0,2009,12,22.9
Poland,POL,0,2010,1,22.3
Poland,POL,0,2010,2,22.6
Poland,POL,0,2010,3,23.4
Poland,POL,0,2010,4,24.6
Poland,POL,0,2010,5,23.4
Poland,POL,0,2010,6,25.7
Poland,POL,0,2010,7,24.8
Poland,POL,0,2010,8,26.6
Poland,POL,0,2010,9,28.4
Poland,POL,0,2010,10,28.8
Poland,POL,0,2010,11,27.2
Poland,POL,0,2010,12,25.5
Poland,POL,0,2011,1,26.3
Poland,POL,0,2011,2,27.3
Poland,POL,0,2011,3,28.4
Poland,POL,0,2011,4,27.4
Poland,POL,0,2011,5,27.9
Poland,POL,0,2011,6,31.1
Poland,POL,0,2011,7,31.9
Poland,POL,0,2011,8,31.2
Poland,POL,0,2011,9,29.6
Poland,POL,0,2011,10,28.6
Poland,POL,0,2011,11,27.9
Poland,POL,0,2011,12,28.5
Poland,POL,0,2012,1,28.7
Poland,POL,0,2012,2,27.3
Poland,POL,0,2012,3,27.5
Poland,POL,0,2012,4,28.4
Poland,POL,0,2012,5,28.4
Poland,POL,0,2012,6,29.9
Poland,POL,0,2012,7,28.8
Poland,POL,0,2012,8,29.4
Poland,POL,0,2012,9,30.0
Poland,POL,0,2012,10,30.4
Poland,POL,0,2012,11,30.8
Poland,POL,0,2012,12,31.5
Poland,POL,0,2013,1,31.8
Poland,POL,0,2013,2,31.2
Poland,POL,0,2013,3,31.2
Poland,POL,0,2013,4,31.6
Poland,POL,0,2013,5,31.4
Poland,POL,0,2013,6,31.4
Poland,POL,0,2013,7,32.1
Poland,POL,0,2013,8,32.0
Poland,POL,0,2013,9,30.8
Poland,POL,0,2013,10,31.2
Poland,POL,0,2013,11,31.4
Poland,POL,0,2013,12,30.9
Poland,POL,0,2014,1,31.2
Poland,POL,0,2014,2,30.7
Poland,POL,0,2014,3,30.3
Poland,POL,0,2014,4,30.5
Poland,POL,0,2014,5,29.9
Poland,POL,0,2014,6,29.5
Poland,POL,0,2014,7,29.6
Poland,POL,0,2014,8,29.4
Poland,POL,0,2014,9,28.5
Poland,POL,0,2014,10,28.0
Poland,POL,0,2014,11,27.6
Poland,POL,0,2014,12,27.7
Poland,POL,0,2015,1,29.6
Poland,POL,0,2015,2,29.3
Poland,POL,0,2015,3,28.3
Poland,POL,0,2015,4,27.6
Poland,POL,0,2015,5,28.5
Poland,POL,0,2015,6,28.2
Poland,POL,0,2015,7,27.9
Poland,POL,0,2015,8,27.6
Poland,POL,0,2015,9,28.4
Poland,POL,0,2015,10,30.2
Poland,POL,0,2015,11,29.8
Poland,POL,0,2015,12,30.2
Poland,POL,0,2016,1,33.2
Poland,POL,0,2016,2,33.5
Poland,POL,0,2016,3,33.7
Poland,POL,0,2016,4,33.8
Poland,POL,0,2016,5,33.9
Poland,POL,0,2016,6,34.2
Poland,POL,0,2016,7,33.9
Poland,POL,0,2016,8,33.8
Poland,POL,0,2016,9,33.5
Poland,POL,0,2016,10,33.0
Poland,POL,0,2016,11,33.9
Poland,POL,0,2016,12,34.0
Poland,POL,0,2017,1,34.3
Poland,POL,0,2017,2,34.2
Poland,POL,0,2017,3,34.9
Poland,POL,0,2017,4,33.9
Poland,POL,0,2017,5,35.0
Poland,POL,0,2017,6,34.1
Poland,POL,0,2017,7,35.6
Poland,POL,0,2017,8,36.3
Poland,POL,0,2017,9,37.3
Poland,POL,0,2017,10,38.8
Poland,POL,0,2017,11,38.4
Poland,POL,0,2017,12,40.0
Poland,POL,0,2018,1,40.7
Poland,POL,0,2018,2,40.4
Poland,POL,0,2018,3,40.3
Poland,POL,0,2018,4,41.4
Poland,POL,0,2018,5,40.2
Poland,POL,0,2018,6,40.6
Poland,POL,0,2018,7,40.6
Poland,POL,0,2018,8,39.9
Poland,POL,0,2018,9,40.1
Poland,POL,0,2018,10,40.0
Poland,POL,0,2018,11,40.2
Poland,POL,0,2018,12,39.6
Poland,POL,0,2019,1,33.8
Poland,POL,0,2019,2,32.8
Poland,POL,0,2019,3,33.9
Poland,POL,0,2019,4,37.2
Poland,POL,0,2019,5,34.1
Poland,POL,0,2019,6,28.1
Poland,POL,0,2019,7,28.8
Poland,POL,0,2019,8,38.8
Poland,POL,0,2019,9,36.8
Poland,POL,0,2019,10,35.7
Poland,POL,0,2019,11,38.5
Poland,POL,0,2019,12,38.8
Poland,POL,0,2020,1,37.7
Poland,POL,0,2020,2,38.8
Poland,POL,0,2020,3,35.6
Poland,POL,0,2020,4,34.4
Poland,POL,0,2020,5,38.0
Poland,POL,0,2020,6,39.7
Poland,POL,0,2020,7,42.5
Poland,POL,0,2020,8,43.8
Poland,POL,0,2020,9,44.1
Poland,POL,0,2020,10,46.1
Poland,POL,0,2020,11,47.5
Poland,POL,0,2020,12,50.5
Poland,POL,0,2021,1,53.3
Poland,POL,0,2021,2,53.2
Poland,POL,0,2021,3,52.6
Poland,POL,0,2021,4,52.5
Poland,POL,0,2021,5,54.0
Poland,POL,0,2021,6,54.1
Poland,POL,0,2021,7,56.1
Poland,POL,0,2021,8,55.2
Poland,POL,0,2021,9,54.3
Poland,POL,0,2021,10,54.6
Poland,POL,0,2021,11,55.1
Poland,POL,0,2021,12,42.2
Poland,POL,0,2022,1,44.9
Poland,POL,0,2022,2,45.5
Poland,POL,0,2022,3,39.2
Poland,POL,0,2022,4,37.0
Poland,POL,0,2022,5,36.0
Poland,POL,0,2022,6,35.3
Poland,POL,0,2022,7,36.2
Poland,POL,0,2022,8,33.9
Poland,POL,0,2022,9,33.0
Poland,POL,0,2022,10,34.7
Poland,POL,0,2022,11,38.2
Poland,POL,0,2022,12,37.7
Poland,POL,0,2023,1,40.9
Poland,POL,0,2023,2,39.8
Poland,POL,0,2023,3,41.0
Poland,POL,0,2023,4,43.1
Poland,POL,0,2023,5,44.5
Poland,POL,0,2023,6,47.9
Poland,POL,0,2023,7,48.8
Poland,POL,0,2023,8,47.9
Poland,POL,0,2023,9,45.4
Poland,POL,0,2023,10,44.5
Poland,POL,0,2023,11,43.9
Poland,POL,0,2023,12,44.9
Poland,POL,0,2024,1,43.0
Poland,POL,0,2024,2,43.1
Poland,POL,0,2024,3,43.2
Poland,POL,0,2024,4,42.2
Poland,POL,0,2024,5,43.1
Poland,POL,0,2024,6,47.2
Poland,POL,0,2024,7,46.6
Poland,POL,0,2024,8,47.9
Poland,POL,0,2024,9,50.8
Poland,POL,0,2024,10,51.1
Poland,POL,0,2024,11,52.1
Poland,POL,0,2024,12,52.7
Poland,POL,0,2025,1,54.2
Poland,POL,0,2025,2,57.6
Poland,POL,0,2025,3,57.5
Poland,POL,0,2025,4,62.0
Poland,POL,0,2025,5,62.6
Poland,POL,0,2025,6,66.5
Poland,POL,0,2025,7,67.2
Poland,POL,0,2025,8,62.4
Poland,POL,0,2025,9,59.5
Poland,POL,0,2025,10,59.1
Poland,POL,0,2025,11,59.9
Poland,POL,0,2025,12,60.5
Russia,RUS,0,2007,1,8.5
Russia,RUS,0,2007,2,8.1
Russia,RUS,0,2007,3,7.4
Russia,RUS,0,2007,4,7.7
Russia,RUS,0,2007,5,11.8
Russia,RUS,0,2007,6,33.5
Russia,RUS,0,2007,7,35.9
Russia,RUS,0,2007,8,31.9
Russia,RUS,0,2007,9,31.8
Russia,RUS,0,2007,10,33.6
Russia,RUS,0,2007,11,33.5
Russia,RUS,0,2007,12,32.7
Russia,RUS,0,2008,1,35.2
Russia,RUS,0,2008,2,38.4
Russia,RUS,0,2008,3,42.4
Russia,RUS,0,2008,4,60.2
Russia,RUS,0,2008,5,63.7
Russia,RUS,0,2008,6,95.2
Russia,RUS,0,2008,7,104.0
Russia,RUS,0,2008,8,104.2
Russia,RUS,0,2008,9,99.6
Russia,RUS,0,2008,10,110.8
Russia,RUS,0,2008,11,108.0
Russia,RUS,0,2008,12,116.4
Russia,RUS,0,2009,1,119.6
Russia,RUS,0,2009,2,130.1
Russia,RUS,0,2009,3,138.4
Russia,RUS,0,2009,4,137.0
Russia,RUS,0,2009,5,124.5
Russia,RUS,0,2009,6,143.3
Russia,RUS,0,2009,7,141.3
Russia,RUS,0,2009,8,144.9
Russia,RUS,0,2009,9,145.1
Russia,RUS,0,2009,10,145.9
Russia,RUS,0,2009,11,151.4
Russia,RUS,0,2009,12,141.8
Russia,RUS,0,2010,1,124.2
Russia,RUS,0,2010,2,120.2
Russia,RUS,0,2010,3,120.1
Russia,RUS,0,2010,4,113.1
Russia,RUS,0,2010,5,126.8
Russia,RUS,0,2010,6,168.2
Russia,RUS,0,2010,7,175.7
Russia,RUS,0,2010,8,173.7
Russia,RUS,0,2010,9,173.3
Russia,RUS,0,2010,10,176.3
Russia,RUS,0,2010,11,167.3
Russia,RUS,0,2010,12,151.0
Russia,RUS,0,2011,1,139.3
Russia,RUS,0,2011,2,130.5
Russia,RUS,0,2011,3,127.8
Russia,RUS,0,2011,4,125.4
Russia,RUS,0,2011,5,115.2
Russia,RUS,0,2011,6,151.7
Russia,RUS,0,2011,7,141.7
Russia,RUS,0,2011,8,138.1
Russia,RUS,0,2011,9,149.9
Russia,RUS,0,2011,10,147.5
Russia,RUS,0,2011,11,145.1
Russia,RUS,0,2011,12,149.5
Russia,RUS,0,2012,1,145.7
Russia,RUS,0,2012,2,144.8
Russia,RUS,0,2012,3,151.1
Russia,RUS,0,2012,4,155.4
Russia,RUS,0,2012,5,156.3
Russia,RUS,0,2012,6,163.8
Russia,RUS,0,2012,7,156.2
Russia,RUS,0,2012,8,162.9
Russia,RUS,0,2012,9,163.5
Russia,RUS,0,2012,10,171.1
Russia,RUS,0,2012,11,166.2
Russia,RUS,0,2012,12,161.5
Russia,RUS,0,2013,1,164.4
Russia,RUS,0,2013,2,164.9
Russia,RUS,0,2013,3,153.0
Russia,RUS,0,2013,4,149.4
Russia,RUS,0,2013,5,143.4
Russia,RUS,0,2013,6,138.0
Russia,RUS,0,2013,7,131.6
Russia,RUS,0,2013,8,136.0
Russia,RUS,0,2013,9,140.5
Russia,RUS,0,2013,10,149.9
Russia,RUS,0,2013,11,139.9
Russia,RUS,0,2013,12,138.6
Russia,RUS,0,2014,1,131.8
Russia,RUS,0,2014,2,126.2
Russia,RUS,0,2014,3,100.4
Russia,RUS,0,2014,4,116.4
Russia,RUS,0,2014,5,111.4
Russia,RUS,0,2014,6,113.9
Russia,RUS,0,2014,7,114.5
Russia,RUS,0,2014,8,118.1
Russia,RUS,0,2014,9,117.7
Russia,RUS,0,2014,10,108.9
Russia,RUS,0,2014,11,108.1
Russia,RUS,0,2014,12,86.0
Russia,RUS,0,2015,1,82.2
Russia,RUS,0,2015,2,69.6
Russia,RUS,0,2015,3,69.9
Russia,RUS,0,2015,4,66.5
Russia,RUS,0,2015,5,70.6
Russia,RUS,0,2015,6,72.0
Russia,RUS,0,2015,7,82.1
Russia,RUS,0,2015,8,89.9
Russia,RUS,0,2015,9,89.1
Russia,RUS,0,2015,10,82.0
Russia,RUS,0,2015,11,88.0
Russia,RUS,0,2015,12,92.1
Russia,RUS,0,2016,1,96.9
Russia,RUS,0,2016,2,87.6
Russia,RUS,0,2016,3,86.0
Russia,RUS,0,2016,4,82.5
Russia,RUS,0,2016,5,88.2
Russia,RUS,0,2016,6,90.9
Russia,RUS,0,2016,7,88.2
Russia,RUS,0,2016,8,87.5
Russia,RUS,0,2016,9,76.5
Russia,RUS,0,2016,10,74.6
Russia,RUS,0,2016,11,86.6
Russia,RUS,0,2016,12,86.1
Russia,RUS,0,2017,1,86.2
Russia,RUS,0,2017,2,86.3
Russia,RUS,0,2017,3,99.8
Russia,RUS,0,2017,4,104.9
Russia,RUS,0,2017,5,108.7
Russia,RUS,0,2017,6,102.9
Russia,RUS,0,2017,7,103.1
Russia,RUS,0,2017,8,105.4
Russia,RUS,0,2017,9,103.9
Russia,RUS,0,2017,10,105.0
Russia,RUS,0,2017,11,105.7
Russia,RUS,0,2017,12,102.5
Russia,RUS,0,2018,1,96.9
Russia,RUS,0,2018,2,93.8
Russia,RUS,0,2018,3,96.1
Russia,RUS,0,2018,4,48.7
Russia,RUS,0,2018,5,14.9
Russia,RUS,0,2018,6,14.9
Russia,RUS,0,2018,7,14.9
Russia,RUS,0,2018,8,14.1
Russia,RUS,0,2018,9,14.4
Russia,RUS,0,2018,10,14.6
Russia,RUS,0,2018,11,12.8
Russia,RUS,0,2018,12,13.2
Saudi Arabia,SAU,0,2012,1,74.9
Saudi Arabia,SAU,0,2012,2,76.5
Saudi Arabia,SAU,0,2012,3,78.2
Saudi Arabia,SAU,0,2012,4,78.9
Saudi Arabia,SAU,0,2012,5,76.6
Saudi Arabia,SAU,0,2012,6,76.0
Saudi Arabia,SAU,0,2012,7,77.2
Saudi Arabia,SAU,0,2012,8,75.9
Saudi Arabia,SAU,0,2012,9,75.3
Saudi Arabia,SAU,0,2012,10,76.9
Saudi Arabia,SAU,0,2012,11,76.8
Saudi Arabia,SAU,0,2012,12,77.6
Saudi Arabia,SAU,0,2013,1,77.2
Saudi Arabia,SAU,0,2013,2,76.5
Saudi Arabia,SAU,0,2013,3,78.6
Saudi Arabia,SAU,0,2013,4,78.0
Saudi Arabia,SAU,0,2013,5,79.5
Saudi Arabia,SAU,0,2013,6,79.8
Saudi Arabia,SAU,0,2013,7,81.8
Saudi Arabia,SAU,0,2013,8,80.9
Saudi Arabia,SAU,0,2013,9,82.3
Saudi Arabia,SAU,0,2013,10,83.6
Saudi Arabia,SAU,0,2013,11,79.2
Saudi Arabia,SAU,0,2013,12,78.0
Saudi Arabia,SAU,0,2014,1,80.4
Saudi Arabia,SAU,0,2014,2,79.5
Saudi Arabia,SAU,0,2014,3,82.7
Saudi Arabia,SAU,0,2014,4,84.9
Saudi Arabia,SAU,0,2014,5,87.9
Saudi Arabia,SAU,0,2014,6,90.9
Saudi Arabia,SAU,0,2014,7,92.5
Saudi Arabia,SAU,0,2014,8,92.9
Saudi Arabia,SAU,0,2014,9,93.4
Saudi Arabia,SAU,0,2014,10,93.9
Saudi Arabia,SAU,0,2014,11,93.5
Saudi Arabia,SAU,0,2014,12,97.9
Saudi Arabia,SAU,0,2015,1,100.8
Saudi Arabia,SAU,0,2015,2,101.4
Saudi Arabia,SAU,0,2015,3,102.8
Saudi Arabia,SAU,0,2015,4,105.1
Saudi Arabia,SAU,0,2015,5,107.2
Saudi Arabia,SAU,0,2015,6,109.5
Saudi Arabia,SAU,0,2015,7,110.1
Saudi Arabia,SAU,0,2015,8,112.8
Saudi Arabia,SAU,0,2015,9,112.3
Saudi Arabia,SAU,0,2015,10,113.0
Saudi Arabia,SAU,0,2015,11,114.7
Saudi Arabia,SAU,0,2015,12,118.9
Saudi Arabia,SAU,0,2016,1,123.7
Saudi Arabia,SAU,0,2016,2,119.9
Saudi Arabia,SAU,0,2016,3,116.8
Saudi Arabia,SAU,0,2016,4,113.0
Saudi Arabia,SAU,0,2016,5,103.7
Saudi Arabia,SAU,0,2016,6,98.2
Saudi Arabia,SAU,0,2016,7,96.5
Saudi Arabia,SAU,0,2016,8,93.0
Saudi Arabia,SAU,0,2016,9,89.4
Saudi Arabia,SAU,0,2016,10,96.7
Saudi Arabia,SAU,0,2016,11,100.1
Saudi Arabia,SAU,0,2016,12,102.8
Saudi Arabia,SAU,0,2017,1,112.3
Saudi Arabia,SAU,0,2017,2,116.7
Saudi Arabia,SAU,0,2017,3,124.5
Saudi Arabia,SAU,0,2017,4,126.8
Saudi Arabia,SAU,0,2017,5,134.0
Saudi Arabia,SAU,0,2017,6,142.0
Saudi Arabia,SAU,0,2017,7,142.5
Saudi Arabia,SAU,0,2017,8,137.9
Saudi Arabia,SAU,0,2017,9,136.7
Saudi Arabia,SAU,0,2017,10,145.2
Saudi Arabia,SAU,0,2017,11,147.6
Saudi Arabia,SAU,0,2017,12,147.4
Saudi Arabia,SAU,0,2018,1,143.7
Saudi Arabia,SAU,0,2018,2,150.9
Saudi Arabia,SAU,0,2018,3,151.2
Saudi Arabia,SAU,0,2018,4,159.9
Saudi Arabia,SAU,0,2018,5,162.2
Saudi Arabia,SAU,0,2018,6,164.3
Saudi Arabia,SAU,0,2018,7,166.8
Saudi Arabia,SAU,0,2018,8,169.5
Saudi Arabia,SAU,0,2018,9,176.1
Saudi Arabia,SAU,0,2018,10,171.3
Saudi Arabia,SAU,0,2018,11,169.9
Saudi Arabia,SAU,0,2018,12,172.2
Saudi Arabia,SAU,0,2019,1,163.3
Saudi Arabia,SAU,0,2019,2,167.6
Saudi Arabia,SAU,0,2019,3,170.0
Saudi Arabia,SAU,0,2019,4,176.6
Saudi Arabia,SAU,0,2019,5,179.0
Saudi Arabia,SAU,0,2019,6,179.6
Saudi Arabia,SAU,0,2019,7,180.8
Saudi Arabia,SAU,0,2019,8,183.8
Saudi Arabia,SAU,0,2019,9,181.5
Saudi Arabia,SAU,0,2019,10,178.9
Saudi Arabia,SAU,0,2019,11,179.7
Saudi Arabia,SAU,0,2019,12,179.8
Saudi Arabia,SAU,0,2020,1,182.9
Saudi Arabia,SAU,0,2020,2,184.4
Saudi Arabia,SAU,0,2020,3,159.1
Saudi Arabia,SAU,0,2020,4,125.3
Saudi Arabia,SAU,0,2020,5,123.5
Saudi Arabia,SAU,0,2020,6,124.9
Saudi Arabia,SAU,0,2020,7,124.6
Saudi Arabia,SAU,0,2020,8,130.0
Saudi Arabia,SAU,0,2020,9,131.2
Saudi Arabia,SAU,0,2020,10,134.2
Saudi Arabia,SAU,0,2020,11,137.6
Saudi Arabia,SAU,0,2020,12,136.4
Saudi Arabia,SAU,0,2021,1,135.1
Saudi Arabia,SAU,0,2021,2,132.9
Saudi Arabia,SAU,0,2021,3,130.8
Saudi Arabia,SAU,0,2021,4,130.3
Saudi Arabia,SAU,0,2021,5,127.3
Saudi Arabia,SAU,0,2021,6,127.6
Saudi Arabia,SAU,0,2021,7,128.1
Saudi Arabia,SAU,0,2021,8,124.1
Saudi Arabia,SAU,0,2021,9,123.8
Saudi Arabia,SAU,0,2021,10,116.5
Saudi Arabia,SAU,0,2021,11,116.5
Saudi Arabia,SAU,0,2021,12,119.0
Saudi Arabia,SAU,0,2022,1,119.4
Saudi Arabia,SAU,0,2022,2,116.7
Saudi Arabia,SAU,0,2022,3,115.5
Saudi Arabia,SAU,0,2022,4,115.7
Saudi Arabia,SAU,0,2022,5,114.7
Saudi Arabia,SAU,0,2022,6,119.2
Saudi Arabia,SAU,0,2022,7,121.6
Saudi Arabia,SAU,0,2022,8,122.1
Saudi Arabia,SAU,0,2022,9,121.0
Saudi Arabia,SAU,0,2022,10,120.7
Saudi Arabia,SAU,0,2022,11,121.5
Saudi Arabia,SAU,0,2022,12,119.7
Saudi Arabia,SAU,0,2023,1,111.0
Saudi Arabia,SAU,0,2023,2,111.7
Saudi Arabia,SAU,0,2023,3,116.2
Saudi Arabia,SAU,0,2023,4,113.3
Saudi Arabia,SAU,0,2023,5,111.3
Saudi Arabia,SAU,0,2023,6,110.7
Saudi Arabia,SAU,0,2023,7,109.2
Saudi Arabia,SAU,0,2023,8,112.0
Saudi Arabia,SAU,0,2023,9,117.1
Saudi Arabia,SAU,0,2023,10,117.5
Saudi Arabia,SAU,0,2023,11,128.1
Saudi Arabia,SAU,0,2023,12,132.0
Saudi Arabia,SAU,0,2024,1,133.5
Saudi Arabia,SAU,0,2024,2,131.1
Saudi Arabia,SAU,0,2024,3,135.9
Saudi Arabia,SAU,0,2024,4,135.4
Saudi Arabia,SAU,0,2024,5,136.3
Saudi Arabia,SAU,0,2024,6,140.2
Saudi Arabia,SAU,0,2024,7,142.7
Saudi Arabia,SAU,0,2024,8,142.8
Saudi Arabia,SAU,0,2024,9,143.9
Saudi Arabia,SAU,0,2024,10,139.2
Saudi Arabia,SAU,0,2024,11,135.6
Saudi Arabia,SAU,0,2024,12,137.5
Saudi Arabia,SAU,0,2025,1,126.9
Saudi Arabia,SAU,0,2025,2,126.4
Saudi Arabia,SAU,0,2025,3,131.6
Saudi Arabia,SAU,0,2025,4,133.8
Saudi Arabia,SAU,0,2025,5,127.7
Saudi Arabia,SAU,0,2025,6,130.5
Saudi Arabia,SAU,0,2025,7,131.6
Saudi Arabia,SAU,0,2025,8,133.0
Saudi Arabia,SAU,0,2025,9,134.2
Saudi Arabia,SAU,0,2025,10,134.3
Saudi Arabia,SAU,0,2025,11,148.8
Saudi Arabia,SAU,0,2025,12,149.5
Singapore,SGP,0,2000,3,35.2
Singapore,SGP,0,2000,4,33.2
Singapore,SGP,0,2000,5,32.8
Singapore,SGP,0,2000,6,34.0
Singapore,SGP,0,2000,7,34.5
Singapore,SGP,0,2000,8,33.8
Singapore,SGP,0,2000,9,31.5
Singapore,SGP,0,2000,10,29.7
Singapore,SGP,0,2000,11,28.4
Singapore,SGP,0,2000,12,27.9
Singapore,SGP,0,2001,1,26.2
Singapore,SGP,0,2001,2,26.0
Singapore,SGP,0,2001,3,24.1
Singapore,SGP,0,2001,4,23.3
Singapore,SGP,0,2001,5,20.2
Singapore,SGP,0,2001,6,19.7
Singapore,SGP,0,2001,7,19.7
Singapore,SGP,0,2001,8,19.8
Singapore,SGP,0,2001,9,19.8
Singapore,SGP,0,2001,10,21.3
Singapore,SGP,0,2001,11,20.5
Singapore,SGP,0,2001,12,20.0
Singapore,SGP,0,2002,1,19.0
Singapore,SGP,0,2002,2,19.5
Singapore,SGP,0,2002,3,18.0
Singapore,SGP,0,2002,4,19.4
Singapore,SGP,0,2002,5,19.1
Singapore,SGP,0,2002,6,20.0
Singapore,SGP,0,2002,7,20.4
Singapore,SGP,0,2002,8,19.4
Singapore,SGP,0,2002,9,19.7
Singapore,SGP,0,2002,10,19.6
Singapore,SGP,0,2002,11,18.0
Singapore,SGP,0,2002,12,17.8
Singapore,SGP,0,2003,1,17.3
Singapore,SGP,0,2003,2,17.8
Singapore,SGP,0,2003,3,18.5
Singapore,SGP,0,2003,4,19.4
Singapore,SGP,0,2003,5,18.5
Singapore,SGP,0,2003,6,23.7
Singapore,SGP,0,2003,7,24.0
Singapore,SGP,0,2003,8,24.6
Singapore,SGP,0,2003,9,23.4
Singapore,SGP,0,2003,10,22.9
Singapore,SGP,0,2003,11,22.5
Singapore,SGP,0,2003,12,21.2
Singapore,SGP,0,2004,1,23.0
Singapore,SGP,0,2004,2,25.6
Singapore,SGP,0,2004,3,26.6
Singapore,SGP,0,2004,4,26.9
Singapore,SGP,0,2004,5,26.1
Singapore,SGP,0,2004,6,29.4
Singapore,SGP,0,2004,7,28.5
Singapore,SGP,0,2004,8,28.3
Singapore,SGP,0,2004,9,26.2
Singapore,SGP,0,2004,10,28.5
Singapore,SGP,0,2004,11,30.5
Singapore,SGP,0,2004,12,30.4
Singapore,SGP,0,2005,1,30.1
Singapore,SGP,0,2005,2,29.6
Singapore,SGP,0,2005,3,31.3
Singapore,SGP,0,2005,4,30.9
Singapore,SGP,0,2005,5,31.3
Singapore,SGP,0,2005,6,34.4
Singapore,SGP,0,2005,7,34.1
Singapore,SGP,0,2005,8,34.2
Singapore,SGP,0,2005,9,33.9
Singapore,SGP,0,2005,10,33.9
Singapore,SGP,0,2005,11,33.4
Singapore,SGP,0,2005,12,33.0
Singapore,SGP,0,2006,1,32.9
Singapore,SGP,0,2006,2,33.6
Singapore,SGP,0,2006,3,33.2
Singapore,SGP,0,2006,4,36.8
Singapore,SGP,0,2006,5,35.9
Singapore,SGP,0,2006,6,35.2
Singapore,SGP,0,2006,7,35.0
Singapore,SGP,0,2006,8,34.7
Singapore,SGP,0,2006,9,34.0
Singapore,SGP,0,2006,10,31.1
Singapore,SGP,0,2006,11,30.9
Singapore,SGP,0,2006,12,31.3
Singapore,SGP,0,2007,1,29.9
Singapore,SGP,0,2007,2,31.2
Singapore,SGP,0,2007,3,28.8
Singapore,SGP,0,2007,4,32.1
Singapore,SGP,0,2007,5,34.4
Singapore,SGP,0,2007,6,36.0
Singapore,SGP,0,2007,7,36.3
Singapore,SGP,0,2007,8,37.8
Singapore,SGP,0,2007,9,36.6
Singapore,SGP,0,2007,10,38.8
Singapore,SGP,0,2007,11,40.2
Singapore,SGP,0,2007,12,39.8
Singapore,SGP,0,2008,1,38.6
Singapore,SGP,0,2008,2,33.5
Singapore,SGP,0,2008,3,33.3
Singapore,SGP,0,2008,4,33.5
Singapore,SGP,0,2008,5,30.6
Singapore,SGP,0,2008,6,31.7
Singapore,SGP,0,2008,7,32.8
Singapore,SGP,0,2008,8,31.9
Singapore,SGP,0,2008,9,32.2
Singapore,SGP,0,2008,10,34.1
Singapore,SGP,0,2008,11,38.9
Singapore,SGP,0,2008,12,40.9
Singapore,SGP,0,2009,1,38.5
Singapore,SGP,0,2009,2,39.5
Singapore,SGP,0,2009,3,39.2
Singapore,SGP,0,2009,4,39.8
Singapore,SGP,0,2009,5,39.7
Singapore,SGP,0,2009,6,41.9
Singapore,SGP,0,2009,7,43.4
Singapore,SGP,0,2009,8,43.1
Singapore,SGP,0,2009,9,39.4
Singapore,SGP,0,2009,10,36.3
Singapore,SGP,0,2009,11,37.5
Singapore,SGP,0,2009,12,39.2
Singapore,SGP,0,2010,1,41.3
Singapore,SGP,0,2010,2,42.6
Singapore,SGP,0,2010,3,45.5
Singapore,SGP,0,2010,4,42.4
Singapore,SGP,0,2010,5,40.6
Singapore,SGP,0,2010,6,53.3
Singapore,SGP,0,2010,7,52.1
Singapore,SGP,0,2010,8,52.5
Singapore,SGP,0,2010,9,54.1
Singapore,SGP,0,2010,10,63.8
Singapore,SGP,0,2010,11,59.6
Singapore,SGP,0,2010,12,70.4
Singapore,SGP,0,2011,1,55.8
Singapore,SGP,0,2011,2,65.1
Singapore,SGP,0,2011,3,55.1
Singapore,SGP,0,2011,4,59.8
Singapore,SGP,0,2011,5,57.1
Singapore,SGP,0,2011,6,64.4
Singapore,SGP,0,2011,7,65.7
Singapore,SGP,0,2011,8,61.0
Singapore,SGP,0,2011,9,70.5
Singapore,SGP,0,2011,10,70.7
Singapore,SGP,0,2011,11,70.0
Singapore,SGP,0,2011,12,75.1
Singapore,SGP,0,2012,1,75.1
Singapore,SGP,0,2012,2,84.7
Singapore,SGP,0,2012,3,85.2
Singapore,SGP,0,2012,4,83.1
Singapore,SGP,0,2012,5,83.5
Singapore,SGP,0,2012,6,86.9
Singapore,SGP,0,2012,7,96.4
Singapore,SGP,0,2012,8,96.9
Singapore,SGP,0,2012,9,94.4
Singapore,SGP,0,2012,10,97.4
Singapore,SGP,0,2012,11,95.7
Singapore,SGP,0,2012,12,99.3
Singapore,SGP,0,2013,1,103.7
Singapore,SGP,0,2013,2,109.5
Singapore,SGP,0,2013,3,98.0
Singapore,SGP,0,2013,4,92.3
Singapore,SGP,0,2013,5,85.8
Singapore,SGP,0,2013,6,85.4
Singapore,SGP,0,2013,7,81.5
Singapore,SGP,0,2013,8,79.4
Singapore,SGP,0,2013,9,80.3
Singapore,SGP,0,2013,10,86.3
Singapore,SGP,0,2013,11,87.2
Singapore,SGP,0,2013,12,86.2
Singapore,SGP,0,2014,1,85.9
Singapore,SGP,0,2014,2,87.4
Singapore,SGP,0,2014,3,91.3
Singapore,SGP,0,2014,4,93.1
Singapore,SGP,0,2014,5,97.5
Singapore,SGP,0,2014,6,98.1
Singapore,SGP,0,2014,7,101.0
Singapore,SGP,0,2014,8,106.3
Singapore,SGP,0,2014,9,108.5
Singapore,SGP,0,2014,10,108.0
Singapore,SGP,0,2014,11,110.1
Singapore,SGP,0,2014,12,110.0
Singapore,SGP,0,2015,1,109.7
Singapore,SGP,0,2015,2,109.7
Singapore,SGP,0,2015,3,110.6
Singapore,SGP,0,2015,4,109.7
Singapore,SGP,0,2015,5,110.3
Singapore,SGP,0,2015,6,113.6
Singapore,SGP,0,2015,7,112.7
Singapore,SGP,0,2015,8,116.0
Singapore,SGP,0,2015,9,122.9
Singapore,SGP,0,2015,10,111.6
Singapore,SGP,0,2015,11,108.3
Singapore,SGP,0,2015,12,110.3
Singapore,SGP,0,2016,1,113.9
Singapore,SGP,0,2016,2,111.5
Singapore,SGP,0,2016,3,112.7
Singapore,SGP,0,2016,4,109.4
Singapore,SGP,0,2016,5,109.3
Singapore,SGP,0,2016,6,107.7
Singapore,SGP,0,2016,7,103.5
Singapore,SGP,0,2016,8,105.9
Singapore,SGP,0,2016,9,101.4
Singapore,SGP,0,2016,10,99.2
Singapore,SGP,0,2016,11,96.9
Singapore,SGP,0,2016,12,102.2
Singapore,SGP,0,2017,1,103.3
Singapore,SGP,0,2017,2,107.4
Singapore,SGP,0,2017,3,103.1
Singapore,SGP,0,2017,4,107.0
Singapore,SGP,0,2017,5,107.9
Singapore,SGP,0,2017,6,106.4
Singapore,SGP,0,2017,7,112.3
Singapore,SGP,0,2017,8,119.3
Singapore,SGP,0,2017,9,125.2
Singapore,SGP,0,2017,10,130.4
Singapore,SGP,0,2017,11,124.2
Singapore,SGP,0,2017,12,125.0
Singapore,SGP,0,2018,1,122.6
Singapore,SGP,0,2018,2,118.0
Singapore,SGP,0,2018,3,117.8
Singapore,SGP,0,2018,4,118.0
Singapore,SGP,0,2018,5,118.9
Singapore,SGP,0,2018,6,122.1
Singapore,SGP,0,2018,7,127.6
Singapore,SGP,0,2018,8,129.9
Singapore,SGP,0,2018,9,134.5
Singapore,SGP,0,2018,10,133.0
Singapore,SGP,0,2018,11,128.8
Singapore,SGP,0,2018,12,120.8
Singapore,SGP,0,2019,1,127.8
Singapore,SGP,0,2019,2,130.5
Singapore,SGP,0,2019,3,138.8
Singapore,SGP,0,2019,4,139.3
Singapore,SGP,0,2019,5,150.4
Singapore,SGP,0,2019,6,139.6
Singapore,SGP,0,2019,7,137.9
Singapore,SGP,0,2019,8,145.5
Singapore,SGP,0,2019,9,141.8
Singapore,SGP,0,2019,10,138.8
Singapore,SGP,0,2019,11,150.6
Singapore,SGP,0,2019,12,147.9
Singapore,SGP,0,2020,1,160.7
Singapore,SGP,0,2020,2,165.4
Singapore,SGP,0,2020,3,151.5
Singapore,SGP,0,2020,4,146.1
Singapore,SGP,0,2020,5,142.1
Singapore,SGP,0,2020,6,150.5
Singapore,SGP,0,2020,7,158.6
Singapore,SGP,0,2020,8,160.3
Singapore,SGP,0,2020,9,159.0
Singapore,SGP,0,2020,10,162.0
Singapore,SGP,0,2020,11,163.8
Singapore,SGP,0,2020,12,168.1
Singapore,SGP,0,2021,1,164.3
Singapore,SGP,0,2021,2,161.4
Singapore,SGP,0,2021,3,170.2
Singapore,SGP,0,2021,4,171.1
Singapore,SGP,0,2021,5,176.3
Singapore,SGP,0,2021,6,188.0
Singapore,SGP,0,2021,7,192.6
Singapore,SGP,0,2021,8,191.5
Singapore,SGP,0,2021,9,189.3
Singapore,SGP,0,2021,10,188.5
Singapore,SGP,0,2021,11,189.4
Singapore,SGP,0,2021,12,193.6
Singapore,SGP,0,2022,1,191.6
Singapore,SGP,0,2022,2,192.0
Singapore,SGP,0,2022,3,190.9
Singapore,SGP,0,2022,4,182.1
Singapore,SGP,0,2022,5,177.1
Singapore,SGP,0,2022,6,180.9
Singapore,SGP,0,2022,7,187.2
Singapore,SGP,0,2022,8,188.3
Singapore,SGP,0,2022,9,176.4
Singapore,SGP,0,2022,10,175.8
Singapore,SGP,0,2022,11,186.3
Singapore,SGP,0,2022,12,182.9
Singapore,SGP,0,2023,1,187.6
Singapore,SGP,0,2023,2,189.9
Singapore,SGP,0,2023,3,194.9
Singapore,SGP,0,2023,4,201.1
Singapore,SGP,0,2023,5,203.2
Singapore,SGP,0,2023,6,187.3
Singapore,SGP,0,2023,7,186.6
Singapore,SGP,0,2023,8,184.2
Singapore,SGP,0,2023,9,187.3
Singapore,SGP,0,2023,10,190.5
Singapore,SGP,0,2023,11,196.2
Singapore,SGP,0,2023,12,196.0
Singapore,SGP,0,2024,1,199.1
Singapore,SGP,0,2024,2,199.3
Singapore,SGP,0,2024,3,202.4
Singapore,SGP,0,2024,4,203.3
Singapore,SGP,0,2024,5,209.8
Singapore,SGP,0,2024,6,215.0
Singapore,SGP,0,2024,7,229.8
Singapore,SGP,0,2024,8,234.8
Singapore,SGP,0,2024,9,243.8
Singapore,SGP,0,2024,10,244.7
Singapore,SGP,0,2024,11,252.2
Singapore,SGP,0,2024,12,249.0
Singapore,SGP,0,2025,1,247.6
Singapore,SGP,0,2025,2,260.5
Singapore,SGP,0,2025,3,263.2
Singapore,SGP,0,2025,4,248.0
Singapore,SGP,0,2025,5,249.6
Singapore,SGP,0,2025,6,253.5
Singapore,SGP,0,2025,7,252.4
Singapore,SGP,0,2025,8,261.0
Singapore,SGP,0,2025,9,258.6
Singapore,SGP,0,2025,10,272.3
Singapore,SGP,0,2025,11,272.2
Singapore,SGP,0,2025,12,278.4
South Africa,ZAF,0,2011,1,9.8
South Africa,ZAF,0,2011,2,9.5
South Africa,ZAF,0,2011,3,8.4
South Africa,ZAF,0,2011,4,7.5
South Africa,ZAF,0,2011,5,6.7
South Africa,ZAF,0,2011,6,10.1
South Africa,ZAF,0,2011,7,10.1
South Africa,ZAF,0,2011,8,11.0
South Africa,ZAF,0,2011,9,10.9
South Africa,ZAF,0,2011,10,11.5
South Africa,ZAF,0,2011,11,11.3
South Africa,ZAF,0,2011,12,12.1
South Africa,ZAF,0,2012,1,12.9
South Africa,ZAF,0,2012,2,12.9
South Africa,ZAF,0,2012,3,12.2
South Africa,ZAF,0,2012,4,12.3
South Africa,ZAF,0,2012,5,12.6
South Africa,ZAF,0,2012,6,13.2
South Africa,ZAF,0,2012,7,13.0
South Africa,ZAF,0,2012,8,12.8
South Africa,ZAF,0,2012,9,13.0
South Africa,ZAF,0,2012,10,12.8
South Africa,ZAF,0,2012,11,13.0
South Africa,ZAF,0,2012,12,13.1
South Africa,ZAF,0,2013,1,13.1
South Africa,ZAF,0,2013,2,13.3
South Africa,ZAF,0,2013,3,13.4
South Africa,ZAF,0,2013,4,13.6
South Africa,ZAF,0,2013,5,13.6
South Africa,ZAF,0,2013,6,13.7
South Africa,ZAF,0,2013,7,13.8
South Africa,ZAF,0,2013,8,13.2
South Africa,ZAF,0,2013,9,13.8
South Africa,ZAF,0,2013,10,10.6
South Africa,ZAF,0,2013,11,11.7
South Africa,ZAF,0,2013,12,11.3
South Africa,ZAF,0,2015,1,9.5
South Africa,ZAF,0,2015,2,9.2
South Africa,ZAF,0,2015,3,8.8
South Africa,ZAF,0,2015,4,10.3
South Africa,ZAF,0,2015,5,8.8
South Africa,ZAF,0,2015,6,9.4
South Africa,ZAF,0,2015,7,9.4
South Africa,ZAF,0,2015,8,10.4
South Africa,ZAF,0,2015,9,10.6
South Africa,ZAF,0,2015,10,9.7
South Africa,ZAF,0,2015,11,10.0
South Africa,ZAF,0,2015,12,10.2
South Africa,ZAF,0,2017,1,8.5
South Africa,ZAF,0,2017,2,10.1
South Africa,ZAF,0,2017,3,12.0
South Africa,ZAF,0,2017,4,13.6
South Africa,ZAF,0,2017,5,13.2
South Africa,ZAF,0,2017,6,10.1
South Africa,ZAF,0,2017,7,21.8
South Africa,ZAF,0,2017,8,20.5
South Africa,ZAF,0,2017,9,22.9
South Africa,ZAF,0,2017,10,24.7
South Africa,ZAF,0,2017,11,25.1
South Africa,ZAF,0,2017,12,23.1
South Africa,ZAF,0,2018,1,26.1
South Africa,ZAF,0,2018,2,24.3
South Africa,ZAF,0,2018,3,26.6
South Africa,ZAF,0,2018,4,26.7
South Africa,ZAF,0,2018,5,24.4
South Africa,ZAF,0,2018,6,26.3
South Africa,ZAF,0,2018,7,22.1
South Africa,ZAF,0,2018,8,21.4
South Africa,ZAF,0,2018,9,19.4
South Africa,ZAF,0,2018,10,16.4
South Africa,ZAF,0,2018,11,11.0
South Africa,ZAF,0,2018,12,10.5
South Africa,ZAF,0,2019,1,9.9
South Africa,ZAF,0,2019,2,12.0
South Africa,ZAF,0,2019,3,12.0
South Africa,ZAF,0,2019,4,12.2
South Africa,ZAF,0,2019,5,11.0
South Africa,ZAF,0,2019,6,12.7
South Africa,ZAF,0,2019,7,12.6
South Africa,ZAF,0,2019,8,13.3
South Africa,ZAF,0,2019,9,14.6
South Africa,ZAF,0,2019,10,14.0
South Africa,ZAF,0,2019,11,13.5
South Africa,ZAF,0,2019,12,13.8
Spain,ESP,0,2000,3,19.5
Spain,ESP,0,2000,4,20.6
Spain,ESP,0,2000,5,19.6
Spain,ESP,0,2000,6,20.2
Spain,ESP,0,2000,7,21.7
Spain,ESP,0,2000,8,21.1
Spain,ESP,0,2000,9,21.0
Spain,ESP,0,2000,10,20.1
Spain,ESP,0,2000,11,19.8
Spain,ESP,0,2000,12,19.0
Spain,ESP,0,2001,1,19.0
Spain,ESP,0,2001,2,18.7
Spain,ESP,0,2001,3,18.1
Spain,ESP,0,2001,4,17.7
Spain,ESP,0,2001,5,17.0
Spain,ESP,0,2001,6,16.1
Spain,ESP,0,2001,7,16.3
Spain,ESP,0,2001,8,16.5
Spain,ESP,0,2001,9,16.7
Spain,ESP,0,2001,10,14.9
Spain,ESP,0,2001,11,15.4
Spain,ESP,0,2001,12,15.6
Spain,ESP,0,2002,1,17.5
Spain,ESP,0,2002,2,16.5
Spain,ESP,0,2002,3,15.8
Spain,ESP,0,2002,4,14.5
Spain,ESP,0,2002,5,14.7
Spain,ESP,0,2002,6,16.5
Spain,ESP,0,2002,7,16.8
Spain,ESP,0,2002,8,17.5
Spain,ESP,0,2002,9,15.4
Spain,ESP,0,2002,10,14.5
Spain,ESP,0,2002,11,17.2
Spain,ESP,0,2002,12,19.1
Spain,ESP,0,2009,1,4.2
Spain,ESP,0,2009,2,4.6
Spain,ESP,0,2009,3,4.5
Spain,ESP,0,2009,4,4.5
Spain,ESP,0,2009,5,4.7
Spain,ESP,0,2009,6,11.1
Spain,ESP,0,2009,7,11.6
Spain,ESP,0,2009,8,12.8
Spain,ESP,0,2009,9,12.3
Spain,ESP,0,2009,10,13.1
Spain,ESP,0,2009,11,13.1
Spain,ESP,0,2009,12,13.7
Spain,ESP,0,2011,1,8.4
Spain,ESP,0,2011,2,8.5
Spain,ESP,0,2011,3,8.1
Spain,ESP,0,2011,4,7.3
Spain,ESP,0,2011,5,7.5
Spain,ESP,0,2011,6,12.4
Spain,ESP,0,2011,7,14.4
Spain,ESP,0,2011,8,13.3
Spain,ESP,0,2011,9,13.1
Spain,ESP,0,2011,10,14.1
Spain,ESP,0,2011,11,16.3
Spain,ESP,0,2011,12,24.0
Spain,ESP,0,2012,1,23.7
Spain,ESP,0,2012,2,21.3
Spain,ESP,0,2012,3,21.1
Spain,ESP,0,2012,4,21.2
Spain,ESP,0,2012,5,21.7
Spain,ESP,0,2012,6,26.6
Spain,ESP,0,2012,7,24.5
Spain,ESP,0,2012,8,24.2
Spain,ESP,0,2012,9,25.5
Spain,ESP,0,2012,10,25.3
Spain,ESP,0,2012,11,25.8
Spain,ESP,0,2012,12,27.4
Spain,ESP,0,2013,1,25.1
Spain,ESP,0,2013,2,24.5
Spain,ESP,0,2013,3,23.5
Spain,ESP,0,2013,4,23.0
Spain,ESP,0,2013,5,23.0
Spain,ESP,0,2013,6,22.1
Spain,ESP,0,2013,7,21.9
Spain,ESP,0,2013,8,22.1
Spain,ESP,0,2013,9,21.5
Spain,ESP,0,2013,10,22.6
Spain,ESP,0,2013,11,22.8
Spain,ESP,0,2013,12,23.0
Spain,ESP,0,2014,1,23.2
Spain,ESP,0,2014,2,23.1
Spain,ESP,0,2014,3,22.9
Spain,ESP,0,2014,4,22.3
Spain,ESP,0,2014,5,21.8
Spain,ESP,0,2014,6,23.2
Spain,ESP,0,2014,7,22.3
Spain,ESP,0,2014,8,21.8
Spain,ESP,0,2014,9,21.7
Spain,ESP,0,2014,10,21.1
Spain,ESP,0,2014,11,25.2
Spain,ESP,0,2014,12,27.7
Spain,ESP,0,2015,1,27.1
Spain,ESP,0,2015,2,29.4
Spain,ESP,0,2015,3,32.4
Spain,ESP,0,2015,4,31.4
Spain,ESP,0,2015,5,31.2
Spain,ESP,0,2015,6,31.5
Spain,ESP,0,2015,7,31.7
Spain,ESP,0,2015,8,34.5
Spain,ESP,0,2015,9,34.5
Spain,ESP,0,2015,10,33.8
Spain,ESP,0,2015,11,35.2
Spain,ESP,0,2015,12,36.2
Spain,ESP,0,2016,1,37.1
Spain,ESP,0,2016,2,38.2
Spain,ESP,0,2016,3,38.1
Spain,ESP,0,2016,4,37.0
Spain,ESP,0,2016,5,37.6
Spain,ESP,0,2016,6,39.6
Spain,ESP,0,2016,7,39.1
Spain,ESP,0,2016,8,39.0
Spain,ESP,0,2016,9,39.5
Spain,ESP,0,2016,10,38.4
Spain,ESP,0,2016,11,38.4
Spain,ESP,0,2016,12,38.3
Spain,ESP,0,2017,1,37.7
Spain,ESP,0,2017,2,37.7
Spain,ESP,0,2017,3,38.0
Spain,ESP,0,2017,4,38.3
Spain,ESP,0,2017,5,37.9
Spain,ESP,0,2017,6,36.6
Spain,ESP,0,2017,7,38.2
Spain,ESP,0,2017,8,38.2
Spain,ESP,0,2017,9,38.1
Spain,ESP,0,2017,10,36.9
Spain,ESP,0,2017,11,36.2
Spain,ESP,0,2017,12,33.5
Spain,ESP,0,2018,1,34.7
Spain,ESP,0,2018,2,32.4
Spain,ESP,0,2018,3,32.0
Spain,ESP,0,2018,4,31.3
Spain,ESP,0,2018,5,34.6
Spain,ESP,0,2018,6,31.9
Spain,ESP,0,2018,7,36.2
Spain,ESP,0,2018,8,37.5
Spain,ESP,0,2018,9,37.3
Spain,ESP,0,2018,10,35.3
Spain,ESP,0,2018,11,34.9
Spain,ESP,0,2018,12,34.7
Spain,ESP,0,2019,1,36.6
Spain,ESP,0,2019,2,37.7
Spain,ESP,0,2019,3,40.9
Spain,ESP,0,2019,4,41.0
Spain,ESP,0,2019,5,42.0
Spain,ESP,0,2019,6,42.6
Spain,ESP,0,2019,7,42.9
Spain,ESP,0,2019,8,43.6
Spain,ESP,0,2019,9,43.1
Spain,ESP,0,2019,10,45.6
Spain,ESP,0,2019,11,44.4
Spain,ESP,0,2019,12,50.4
Spain,ESP,0,2020,1,43.9
Spain,ESP,0,2020,2,46.2
Spain,ESP,0,2020,3,43.8
Spain,ESP,0,2020,4,44.0
Spain,ESP,0,2020,5,47.3
Spain,ESP,0,2020,6,44.0
Spain,ESP,0,2020,7,41.9
Spain,ESP,0,2020,8,41.3
Spain,ESP,0,2020,9,41.3
Spain,ESP,0,2020,10,35.2
Spain,ESP,0,2020,11,33.7
Spain,ESP,0,2020,12,35.3
Spain,ESP,0,2022,1,27.4
Spain,ESP,0,2022,2,29.0
Spain,ESP,0,2022,3,27.0
Spain,ESP,0,2022,4,26.0
Spain,ESP,0,2022,5,29.5
Spain,ESP,0,2022,6,27.0
Spain,ESP,0,2022,7,28.8
Spain,ESP,0,2022,8,29.9
Spain,ESP,0,2022,9,33.0
Spain,ESP,0,2022,10,31.9
Spain,ESP,0,2022,11,36.0
Spain,ESP,0,2022,12,36.9
Spain,ESP,0,2023,1,40.2
Spain,ESP,0,2023,2,50.4
Spain,ESP,0,2023,3,55.4
Spain,ESP,0,2023,4,54.7
Spain,ESP,0,2023,5,54.3
Spain,ESP,0,2023,6,54.3
Spain,ESP,0,2023,7,52.5
Spain,ESP,0,2023,8,54.3
Spain,ESP,0,2023,9,53.2
Spain,ESP,0,2023,10,54.2
Spain,ESP,0,2023,11,58.8
Spain,ESP,0,2023,12,53.9
Spain,ESP,0,2024,1,54.4
Spain,ESP,0,2024,2,55.2
Spain,ESP,0,2024,3,56.7
Spain,ESP,0,2024,4,61.8
Spain,ESP,0,2024,5,63.1
Spain,ESP,0,2024,6,65.2
Spain,ESP,0,2024,7,64.0
Spain,ESP,0,2024,8,62.9
Spain,ESP,0,2024,9,65.9
Spain,ESP,0,2024,10,65.0
Spain,ESP,0,2024,11,64.6
Spain,ESP,0,2024,12,59.1
Spain,ESP,0,2025,1,59.1
Spain,ESP,0,2025,2,60.5
Spain,ESP,0,2025,3,60.7
Spain,ESP,0,2025,4,68.9
Spain,ESP,0,2025,5,69.2
Spain,ESP,0,2025,6,63.1
Spain,ESP,0,2025,7,78.1
Spain,ESP,0,2025,8,77.1
Spain,ESP,0,2025,9,70.4
Spain,ESP,0,2025,10,80.8
Spain,ESP,0,2025,11,82.3
Spain,ESP,0,2025,12,73.6
Sweden,SWE,0,2002,1,6.1
Sweden,SWE,0,2002,2,5.9
Sweden,SWE,0,2002,3,6.2
Sweden,SWE,0,2002,4,6.3
Sweden,SWE,0,2002,5,6.9
Sweden,SWE,0,2002,6,8.8
Sweden,SWE,0,2002,7,8.9
Sweden,SWE,0,2002,8,9.4
Sweden,SWE,0,2002,9,9.7
Sweden,SWE,0,2002,10,9.5
Sweden,SWE,0,2002,11,11.2
Sweden,SWE,0,2002,12,12.3
Sweden,SWE,0,2003,1,12.5
Sweden,SWE,0,2003,2,12.7
Sweden,SWE,0,2003,3,13.2
Sweden,SWE,0,2003,4,13.2
Sweden,SWE,0,2003,5,13.5
Sweden,SWE,0,2003,6,11.4
Sweden,SWE,0,2003,7,11.1
Sweden,SWE,0,2003,8,11.4
Sweden,SWE,0,2003,9,11.1
Sweden,SWE,0,2003,10,10.0
Sweden,SWE,0,2003,11,9.3
Sweden,SWE,0,2003,12,9.9
Sweden,SWE,0,2004,1,9.5
Sweden,SWE,0,2004,2,10.5
Sweden,SWE,0,2004,3,10.4
Sweden,SWE,0,2004,4,9.8
Sweden,SWE,0,2004,5,11.3
Sweden,SWE,0,2004,6,14.2
Sweden,SWE,0,2004,7,13.8
Sweden,SWE,0,2004,8,14.5
Sweden,SWE,0,2004,9,14.7
Sweden,SWE,0,2004,10,15.7
Sweden,SWE,0,2004,11,16.1
Sweden,SWE,0,2004,12,17.0
Sweden,SWE,0,2005,1,15.8
Sweden,SWE,0,2005,2,16.4
Sweden,SWE,0,2005,3,17.0
Sweden,SWE,0,2005,4,16.8
Sweden,SWE,0,2005,5,17.9
Sweden,SWE,0,2005,6,16.9
Sweden,SWE,0,2005,7,16.4
Sweden,SWE,0,2005,8,16.8
Sweden,SWE,0,2005,9,16.8
Sweden,SWE,0,2005,10,16.7
Sweden,SWE,0,2005,11,17.1
Sweden,SWE,0,2005,12,16.3
Sweden,SWE,0,2006,1,17.4
Sweden,SWE,0,2006,2,17.1
Sweden,SWE,0,2006,3,17.9
Sweden,SWE,0,2006,4,18.0
Sweden,SWE,0,2006,5,18.1
Sweden,SWE,0,2006,6,13.3
Sweden,SWE,0,2006,7,13.5
Sweden,SWE,0,2006,8,13.5
Sweden,SWE,0,2006,9,12.9
Sweden,SWE,0,2006,10,12.0
Sweden,SWE,0,2006,11,11.9
Sweden,SWE,0,2006,12,12.0
Sweden,SWE,0,2007,1,14.0
Sweden,SWE,0,2007,2,14.9
Sweden,SWE,0,2007,3,14.9
Sweden,SWE,0,2007,4,14.8
Sweden,SWE,0,2007,5,15.4
Sweden,SWE,0,2007,6,15.1
Sweden,SWE,0,2007,7,15.5
Sweden,SWE,0,2007,8,15.7
Sweden,SWE,0,2007,9,14.8
Sweden,SWE,0,2007,10,14.5
Sweden,SWE,0,2007,11,14.1
Sweden,SWE,0,2007,12,13.7
Sweden,SWE,0,2008,1,13.4
Sweden,SWE,0,2008,2,13.6
Sweden,SWE,0,2008,3,13.2
Sweden,SWE,0,2008,4,13.1
Sweden,SWE,0,2008,5,13.2
Sweden,SWE,0,2008,6,14.4
Sweden,SWE,0,2008,7,14.4
Sweden,SWE,0,2008,8,14.7
Sweden,SWE,0,2008,9,13.6
Sweden,SWE,0,2008,10,13.5
Sweden,SWE,0,2008,11,13.1
Sweden,SWE,0,2008,12,12.7
Sweden,SWE,0,2009,1,12.4
Sweden,SWE,0,2009,2,12.6
Sweden,SWE,0,2009,3,12.5
Sweden,SWE,0,2009,4,12.7
Sweden,SWE,0,2009,5,13.0
Sweden,SWE,0,2009,6,12.5
Sweden,SWE,0,2009,7,12.5
Sweden,SWE,0,2009,8,12.7
Sweden,SWE,0,2009,9,14.4
Sweden,SWE,0,2009,10,15.3
Sweden,SWE,0,2009,11,15.5
Sweden,SWE,0,2009,12,15.2
Sweden,SWE,0,2010,1,15.7
Sweden,SWE,0,2010,2,16.0
Sweden,SWE,0,2010,3,16.3
Sweden,SWE,0,2010,4,15.3
Sweden,SWE,0,2010,5,13.4
Sweden,SWE,0,2010,6,17.6
Sweden,SWE,0,2010,7,17.7
Sweden,SWE,0,2010,8,16.8
Sweden,SWE,0,2010,9,15.4
Sweden,SWE,0,2010,10,16.1
Sweden,SWE,0,2010,11,15.2
Sweden,SWE,0,2010,12,16.8
Sweden,SWE,0,2011,1,17.0
Sweden,SWE,0,2011,2,17.7
Sweden,SWE,0,2011,3,21.3
Sweden,SWE,0,2011,4,21.4
Sweden,SWE,0,2011,5,20.9
Sweden,SWE,0,2011,6,28.4
Sweden,SWE,0,2011,7,28.4
Sweden,SWE,0,2011,8,28.4
Sweden,SWE,0,2011,9,30.9
Sweden,SWE,0,2011,10,30.8
Sweden,SWE,0,2011,11,30.4
Sweden,SWE,0,2011,12,28.9
Sweden,SWE,0,2012,1,29.2
Sweden,SWE,0,2012,2,28.5
Sweden,SWE,0,2012,3,27.6
Sweden,SWE,0,2012,4,27.6
Sweden,SWE,0,2012,5,27.4
Sweden,SWE,0,2012,6,27.8
Sweden,SWE,0,2012,7,28.5
Sweden,SWE,0,2012,8,28.0
Sweden,SWE,0,2012,9,27.6
Sweden,SWE,0,2012,10,29.0
Sweden,SWE,0,2012,11,28.5
Sweden,SWE,0,2012,12,27.8
Sweden,SWE,0,2013,1,28.6
Sweden,SWE,0,2013,2,30.2
Sweden,SWE,0,2013,3,32.8
Sweden,SWE,0,2013,4,32.1
Sweden,SWE,0,2013,5,32.4
Sweden,SWE,0,2013,6,32.7
Sweden,SWE,0,2013,7,32.5
Sweden,SWE,0,2013,8,33.4
Sweden,SWE,0,2013,9,32.6
Sweden,SWE,0,2013,10,32.6
Sweden,SWE,0,2013,11,33.6
Sweden,SWE,0,2013,12,33.9
Sweden,SWE,0,2014,1,34.9
Sweden,SWE,0,2014,2,34.4
Sweden,SWE,0,2014,3,34.8
Sweden,SWE,0,2014,4,35.0
Sweden,SWE,0,2014,5,35.2
Sweden,SWE,0,2014,6,34.9
Sweden,SWE,0,2014,7,35.0
Sweden,SWE,0,2014,8,36.3
Sweden,SWE,0,2014,9,36.0
Sweden,SWE,0,2014,10,38.9
Sweden,SWE,0,2014,11,39.0
Sweden,SWE,0,2014,12,39.6
Sweden,SWE,0,2015,1,38.3
Sweden,SWE,0,2015,2,38.7
Sweden,SWE,0,2015,3,38.6
Sweden,SWE,0,2015,4,38.9
Sweden,SWE,0,2015,5,39.1
Sweden,SWE,0,2015,6,40.0
Sweden,SWE,0,2015,7,40.7
Sweden,SWE,0,2015,8,40.8
Sweden,SWE,0,2015,9,40.2
Sweden,SWE,0,2015,10,40.2
Sweden,SWE,0,2015,11,39.6
Sweden,SWE,0,2015,12,39.4
Sweden,SWE,0,2016,1,40.8
Sweden,SWE,0,2016,2,41.0
Sweden,SWE,0,2016,3,40.9
Sweden,SWE,0,2016,4,41.1
Sweden,SWE,0,2016,5,40.5
Sweden,SWE,0,2016,6,40.2
Sweden,SWE,0,2016,7,40.0
Sweden,SWE,0,2016,8,40.0
Sweden,SWE,0,2016,9,38.3
Sweden,SWE,0,2016,10,38.7
Sweden,SWE,0,2016,11,39.2
Sweden,SWE,0,2016,12,38.7
Sweden,SWE,0,2017,1,38.2
Sweden,SWE,0,2017,2,39.1
Sweden,SWE,0,2017,3,40.6
Sweden,SWE,0,2017,4,41.1
Sweden,SWE,0,2017,5,40.8
Sweden,SWE,0,2017,6,41.0
Sweden,SWE,0,2017,7,42.7
Sweden,SWE,0,2017,8,44.3
Sweden,SWE,0,2017,9,45.9
Sweden,SWE,0,2017,10,45.3
Sweden,SWE,0,2017,11,44.7
Sweden,SWE,0,2017,12,43.9
Sweden,SWE,0,2018,1,46.3
Sweden,SWE,0,2018,2,46.3
Sweden,SWE,0,2018,3,46.2
Sweden,SWE,0,2018,4,45.1
Sweden,SWE,0,2018,5,45.5
Sweden,SWE,0,2018,6,46.0
Sweden,SWE,0,2018,7,44.7
Sweden,SWE,0,2018,8,44.6
Sweden,SWE,0,2018,9,44.6
Sweden,SWE,0,2018,10,43.4
Sweden,SWE,0,2018,11,44.5
Sweden,SWE,0,2018,12,43.8
Sweden,SWE,0,2019,1,43.4
Sweden,SWE,0,2019,2,48.2
Sweden,SWE,0,2019,3,47.9
Sweden,SWE,0,2019,4,46.5
Sweden,SWE,0,2019,5,48.5
Sweden,SWE,0,2019,6,49.4
Sweden,SWE,0,2019,7,47.7
Sweden,SWE,0,2019,8,48.4
Sweden,SWE,0,2019,9,47.3
Sweden,SWE,0,2019,10,46.9
Sweden,SWE,0,2019,11,49.5
Sweden,SWE,0,2019,12,48.7
Sweden,SWE,0,2020,1,45.0
Sweden,SWE,0,2020,2,45.4
Sweden,SWE,0,2020,3,39.5
Sweden,SWE,0,2020,4,36.5
Sweden,SWE,0,2020,5,37.1
Sweden,SWE,0,2020,6,39.1
Sweden,SWE,0,2020,7,40.0
Sweden,SWE,0,2020,8,38.3
Sweden,SWE,0,2020,9,38.2
Sweden,SWE,0,2020,10,37.7
Sweden,SWE,0,2020,11,37.7
Sweden,SWE,0,2020,12,40.3
Sweden,SWE,0,2021,1,42.2
Sweden,SWE,0,2021,2,40.8
Sweden,SWE,0,2021,3,40.0
Sweden,SWE,0,2021,4,41.3
Sweden,SWE,0,2021,5,43.0
Sweden,SWE,0,2021,6,43.2
Sweden,SWE,0,2021,7,43.7
Sweden,SWE,0,2021,8,43.2
Sweden,SWE,0,2021,9,43.3
Sweden,SWE,0,2021,10,40.0
Sweden,SWE,0,2021,11,40.2
Sweden,SWE,0,2021,12,48.3
Sweden,SWE,0,2022,1,54.5
Sweden,SWE,0,2022,2,55.4
Sweden,SWE,0,2022,3,53.5
Sweden,SWE,0,2022,4,53.1
Sweden,SWE,0,2022,5,48.2
Sweden,SWE,0,2022,6,48.2
Sweden,SWE,0,2022,7,50.3
Sweden,SWE,0,2022,8,48.3
Sweden,SWE,0,2022,9,47.1
Sweden,SWE,0,2022,10,46.3
Sweden,SWE,0,2022,11,48.5
Sweden,SWE,0,2022,12,42.3
Sweden,SWE,0,2023,1,39.5
Sweden,SWE,0,2023,2,38.9
Sweden,SWE,0,2023,3,38.3
Sweden,SWE,0,2023,4,39.6
Sweden,SWE,0,2023,5,39.5
Sweden,SWE,0,2023,6,42.8
Sweden,SWE,0,2023,7,44.1
Sweden,SWE,0,2023,8,43.8
Sweden,SWE,0,2023,9,44.8
Sweden,SWE,0,2023,10,44.9
Sweden,SWE,0,2023,11,46.1
Sweden,SWE,0,2023,12,46.9
Sweden,SWE,0,2024,1,45.5
Sweden,SWE,0,2024,2,44.3
Sweden,SWE,0,2024,3,45.5
Sweden,SWE,0,2024,4,45.4
Sweden,SWE,0,2024,5,46.7
Sweden,SWE,0,2024,6,46.5
Sweden,SWE,0,2024,7,48.0
Sweden,SWE,0,2024,8,49.6
Sweden,SWE,0,2024,9,51.3
Sweden,SWE,0,2024,10,50.4
Sweden,SWE,0,2024,11,51.0
Sweden,SWE,0,2024,12,49.2
Sweden,SWE,0,2025,1,48.4
Sweden,SWE,0,2025,2,51.6
Sweden,SWE,0,2025,3,55.9
Sweden,SWE,0,2025,4,52.5
Sweden,SWE,0,2025,5,48.7
Sweden,SWE,0,2025,6,48.4
Sweden,SWE,0,2025,7,48.5
Sweden,SWE,0,2025,8,48.3
Sweden,SWE,0,2025,9,48.9
Sweden,SWE,0,2025,10,48.6
Sweden,SWE,0,2025,11,50.4
Sweden,SWE,0,2025,12,50.1
Switzerland,CHE,0,2000,3,24.3
Switzerland,CHE,0,2000,4,23.6
Switzerland,CHE,0,2000,5,23.2
Switzerland,CHE,0,2000,6,20.6
Switzerland,CHE,0,2000,7,19.2
Switzerland,CHE,0,2000,8,18.6
Switzerland,CHE,0,2000,9,17.8
Switzerland,CHE,0,2000,10,17.4
Switzerland,CHE,0,2000,11,16.9
Switzerland,CHE,0,2000,12,16.4
Switzerland,CHE,0,2001,1,17.1
Switzerland,CHE,0,2001,2,17.5
Switzerland,CHE,0,2001,3,17.2
Switzerland,CHE,0,2001,4,17.3
Switzerland,CHE,0,2001,5,16.1
Switzerland,CHE,0,2001,6,16.1
Switzerland,CHE,0,2001,7,16.4
Switzerland,CHE,0,2001,8,16.6
Switzerland,CHE,0,2001,9,17.1
Switzerland,CHE,0,2001,10,17.8
Switzerland,CHE,0,2001,11,17.6
Switzerland,CHE,0,2001,12,18.7
Switzerland,CHE,0,2002,1,18.4
Switzerland,CHE,0,2002,2,18.1
Switzerland,CHE,0,2002,3,21.3
Switzerland,CHE,0,2002,4,18.6
Switzerland,CHE,0,2002,5,19.0
Switzerland,CHE,0,2002,6,33.4
Switzerland,CHE,0,2002,7,35.0
Switzerland,CHE,0,2002,8,34.2
Switzerland,CHE,0,2002,9,35.4
Switzerland,CHE,0,2002,10,34.6
Switzerland,CHE,0,2002,11,38.3
Switzerland,CHE,0,2002,12,34.0
Switzerland,CHE,0,2003,1,34.5
Switzerland,CHE,0,2003,2,34.1
Switzerland,CHE,0,2003,3,35.3
Switzerland,CHE,0,2003,4,34.5
Switzerland,CHE,0,2003,5,32.8
Switzerland,CHE,0,2003,6,41.1
Switzerland,CHE,0,2003,7,41.8
Switzerland,CHE,0,2003,8,44.0
Switzerland,CHE,0,2003,9,44.8
Switzerland,CHE,0,2003,10,44.7
Switzerland,CHE,0,2003,11,46.5
Switzerland,CHE,0,2003,12,46.1
Switzerland,CHE,0,2004,1,44.8
Switzerland,CHE,0,2004,2,48.0
Switzerland,CHE,0,2004,3,48.3
Switzerland,CHE,0,2004,4,50.8
Switzerland,CHE,0,2004,5,48.8
Switzerland,CHE,0,2004,6,40.8
Switzerland,CHE,0,2004,7,39.2
Switzerland,CHE,0,2004,8,40.0
Switzerland,CHE,0,2004,9,39.7
Switzerland,CHE,0,2004,10,41.9
Switzerland,CHE,0,2004,11,41.5
Switzerland,CHE,0,2004,12,41.7
Switzerland,CHE,0,2005,1,40.6
Switzerland,CHE,0,2005,2,44.1
Switzerland,CHE,0,2005,3,43.7
Switzerland,CHE,0,2005,4,43.1
Switzerland,CHE,0,2005,5,41.6
Switzerland,CHE,0,2005,6,34.9
Switzerland,CHE,0,2005,7,32.3
Switzerland,CHE,0,2005,8,32.9
Switzerland,CHE,0,2005,9,32.0
Switzerland,CHE,0,2005,10,32.6
Switzerland,CHE,0,2005,11,30.7
Switzerland,CHE,0,2005,12,30.8
Switzerland,CHE,0,2006,1,30.4
Switzerland,CHE,0,2006,2,31.2
Switzerland,CHE,0,2006,3,30.9
Switzerland,CHE,0,2006,4,31.1
Switzerland,CHE,0,2006,5,30.5
Switzerland,CHE,0,2006,6,37.8
Switzerland,CHE,0,2006,7,38.2
Switzerland,CHE,0,2006,8,38.1
Switzerland,CHE,0,2006,9,37.0
Switzerland,CHE,0,2006,10,36.9
Switzerland,CHE,0,2006,11,35.6
Switzerland,CHE,0,2006,12,34.3
Switzerland,CHE,0,2007,1,33.7
Switzerland,CHE,0,2007,2,32.7
Switzerland,CHE,0,2007,3,33.1
Switzerland,CHE,0,2007,4,32.4
Switzerland,CHE,0,2007,5,32.1
Switzerland,CHE,0,2007,6,38.5
Switzerland,CHE,0,2007,7,37.4
Switzerland,CHE,0,2007,8,37.8
Switzerland,CHE,0,2007,9,37.2
Switzerland,CHE,0,2007,10,38.0
Switzerland,CHE,0,2007,11,38.1
Switzerland,CHE,0,2007,12,38.9
Switzerland,CHE,0,2008,1,39.2
Switzerland,CHE,0,2008,2,39.4
Switzerland,CHE,0,2008,3,41.2
Switzerland,CHE,0,2008,4,42.4
Switzerland,CHE,0,2008,5,41.9
Switzerland,CHE,0,2008,6,45.1
Switzerland,CHE,0,2008,7,45.7
Switzerland,CHE,0,2008,8,45.9
Switzerland,CHE,0,2008,9,49.7
Switzerland,CHE,0,2008,10,62.0
Switzerland,CHE,0,2008,11,63.8
Switzerland,CHE,0,2008,12,62.3
Switzerland,CHE,0,2009,1,62.1
Switzerland,CHE,0,2009,2,68.2
Switzerland,CHE,0,2009,3,67.7
Switzerland,CHE,0,2009,4,64.2
Switzerland,CHE,0,2009,5,63.7
Switzerland,CHE,0,2009,6,85.7
Switzerland,CHE,0,2009,7,81.9
Switzerland,CHE,0,2009,8,82.0
Switzerland,CHE,0,2009,9,82.7
Switzerland,CHE,0,2009,10,85.3
Switzerland,CHE,0,2009,11,89.6
Switzerland,CHE,0,2009,12,89.7
Switzerland,CHE,0,2010,1,84.4
Switzerland,CHE,0,2010,2,81.8
Switzerland,CHE,0,2010,3,78.8
Switzerland,CHE,0,2010,4,80.0
Switzerland,CHE,0,2010,5,84.4
Switzerland,CHE,0,2010,6,106.5
Switzerland,CHE,0,2010,7,106.3
Switzerland,CHE,0,2010,8,110.1
Switzerland,CHE,0,2010,9,107.5
Switzerland,CHE,0,2010,10,105.7
Switzerland,CHE,0,2010,11,104.6
Switzerland,CHE,0,2010,12,105.4
Switzerland,CHE,0,2011,1,106.1
Switzerland,CHE,0,2011,2,107.7
Switzerland,CHE,0,2011,3,108.8
Switzerland,CHE,0,2011,4,106.2
Switzerland,CHE,0,2011,5,108.3
Switzerland,CHE,0,2011,6,118.1
Switzerland,CHE,0,2011,7,118.5
Switzerland,CHE,0,2011,8,157.6
Switzerland,CHE,0,2011,9,158.3
Switzerland,CHE,0,2011,10,144.0
Switzerland,CHE,0,2011,11,126.2
Switzerland,CHE,0,2011,12,142.4
Switzerland,CHE,0,2012,1,145.8
Switzerland,CHE,0,2012,2,145.1
Switzerland,CHE,0,2012,3,150.4
Switzerland,CHE,0,2012,4,150.4
Switzerland,CHE,0,2012,5,155.2
Switzerland,CHE,0,2012,6,172.4
Switzerland,CHE,0,2012,7,184.8
Switzerland,CHE,0,2012,8,191.7
Switzerland,CHE,0,2012,9,193.5
Switzerland,CHE,0,2012,10,187.8
Switzerland,CHE,0,2012,11,192.7
Switzerland,CHE,0,2012,12,195.4
Switzerland,CHE,0,2013,1,190.0
Switzerland,CHE,0,2013,2,186.9
Switzerland,CHE,0,2013,3,183.6
Switzerland,CHE,0,2013,4,185.8
Switzerland,CHE,0,2013,5,182.6
Switzerland,CHE,0,2013,6,180.3
Switzerland,CHE,0,2013,7,178.2
Switzerland,CHE,0,2013,8,181.2
Switzerland,CHE,0,2013,9,177.2
Switzerland,CHE,0,2013,10,174.3
Switzerland,CHE,0,2013,11,176.6
Switzerland,CHE,0,2013,12,176.7
Switzerland,CHE,0,2014,1,173.8
Switzerland,CHE,0,2014,2,168.1
Switzerland,CHE,0,2014,3,175.8
Switzerland,CHE,0,2014,4,177.6
Switzerland,CHE,0,2014,5,174.0
Switzerland,CHE,0,2014,6,175.9
Switzerland,CHE,0,2014,7,184.1
Switzerland,CHE,0,2014,8,189.1
Switzerland,CHE,0,2014,9,186.2
Switzerland,CHE,0,2014,10,184.3
Switzerland,CHE,0,2014,11,183.8
Switzerland,CHE,0,2014,12,190.1
Switzerland,CHE,0,2015,1,205.5
Switzerland,CHE,0,2015,2,201.7
Switzerland,CHE,0,2015,3,211.8
Switzerland,CHE,0,2015,4,215.8
Switzerland,CHE,0,2015,5,222.7
Switzerland,CHE,0,2015,6,217.0
Switzerland,CHE,0,2015,7,218.4
Switzerland,CHE,0,2015,8,222.7
Switzerland,CHE,0,2015,9,227.6
Switzerland,CHE,0,2015,10,225.6
Switzerland,CHE,0,2015,11,227.1
Switzerland,CHE,0,2015,12,231.7
Switzerland,CHE,0,2016,1,237.9
Switzerland,CHE,0,2016,2,236.6
Switzerland,CHE,0,2016,3,230.4
Switzerland,CHE,0,2016,4,230.0
Switzerland,CHE,0,2016,5,229.2
Switzerland,CHE,0,2016,6,237.9
Switzerland,CHE,0,2016,7,241.3
Switzerland,CHE,0,2016,8,238.3
Switzerland,CHE,0,2016,9,241.0
Switzerland,CHE,0,2016,10,235.6
Switzerland,CHE,0,2016,11,230.3
Switzerland,CHE,0,2016,12,230.0
Switzerland,CHE,0,2017,1,224.0
Switzerland,CHE,0,2017,2,234.3
Switzerland,CHE,0,2017,3,227.6
Switzerland,CHE,0,2017,4,234.1
Switzerland,CHE,0,2017,5,239.4
Switzerland,CHE,0,2017,6,244.1
Switzerland,CHE,0,2017,7,244.5
Switzerland,CHE,0,2017,8,248.2
Switzerland,CHE,0,2017,9,253.3
Switzerland,CHE,0,2017,10,254.0
Switzerland,CHE,0,2017,11,250.9
Switzerland,CHE,0,2017,12,249.6
Switzerland,CHE,0,2018,1,251.1
Switzerland,CHE,0,2018,2,248.0
Switzerland,CHE,0,2018,3,245.4
Switzerland,CHE,0,2018,4,242.2
Switzerland,CHE,0,2018,5,243.4
Switzerland,CHE,0,2018,6,235.5
Switzerland,CHE,0,2018,7,233.1
Switzerland,CHE,0,2018,8,232.0
Switzerland,CHE,0,2018,9,226.9
Switzerland,CHE,0,2018,10,225.2
Switzerland,CHE,0,2018,11,227.5
Switzerland,CHE,0,2018,12,229.9
Switzerland,CHE,0,2019,1,226.9
Switzerland,CHE,0,2019,2,221.4
Switzerland,CHE,0,2019,3,226.3
Switzerland,CHE,0,2019,4,226.9
Switzerland,CHE,0,2019,5,231.3
Switzerland,CHE,0,2019,6,232.4
Switzerland,CHE,0,2019,7,228.3
Switzerland,CHE,0,2019,8,233.0
Switzerland,CHE,0,2019,9,231.1
Switzerland,CHE,0,2019,10,233.2
Switzerland,CHE,0,2019,11,233.4
Switzerland,CHE,0,2019,12,237.5
Switzerland,CHE,0,2020,1,238.1
Switzerland,CHE,0,2020,2,243.7
Switzerland,CHE,0,2020,3,244.6
Switzerland,CHE,0,2020,4,241.3
Switzerland,CHE,0,2020,5,243.1
Switzerland,CHE,0,2020,6,247.3
Switzerland,CHE,0,2020,7,250.4
Switzerland,CHE,0,2020,8,253.4
Switzerland,CHE,0,2020,9,255.4
Switzerland,CHE,0,2020,10,255.5
Switzerland,CHE,0,2020,11,253.3
Switzerland,CHE,0,2020,12,255.5
Switzerland,CHE,0,2021,1,254.0
Switzerland,CHE,0,2021,2,257.7
Switzerland,CHE,0,2021,3,254.7
Switzerland,CHE,0,2021,4,260.9
Switzerland,CHE,0,2021,5,264.8
Switzerland,CHE,0,2021,6,302.0
Switzerland,CHE,0,2021,7,296.2
Switzerland,CHE,0,2021,8,292.6
Switzerland,CHE,0,2021,9,294.4
Switzerland,CHE,0,2021,10,289.9
Switzerland,CHE,0,2021,11,288.4
Switzerland,CHE,0,2021,12,284.0
Switzerland,CHE,0,2022,1,295.4
Switzerland,CHE,0,2022,2,278.0
Switzerland,CHE,0,2022,3,270.7
Switzerland,CHE,0,2022,4,268.0
Switzerland,CHE,0,2022,5,287.1
Switzerland,CHE,0,2022,6,291.5
Switzerland,CHE,0,2022,7,283.1
Switzerland,CHE,0,2022,8,290.6
Switzerland,CHE,0,2022,9,273.3
Switzerland,CHE,0,2022,10,258.4
Switzerland,CHE,0,2022,11,266.6
Switzerland,CHE,0,2022,12,269.5
Switzerland,CHE,0,2023,1,290.5
Switzerland,CHE,0,2023,2,290.1
Switzerland,CHE,0,2023,3,305.4
Switzerland,CHE,0,2023,4,298.3
Switzerland,CHE,0,2023,5,304.5
Switzerland,CHE,0,2023,6,306.2
Switzerland,CHE,0,2023,7,302.2
Switzerland,CHE,0,2023,8,283.5
Switzerland,CHE,0,2023,9,280.1
Switzerland,CHE,0,2023,10,275.7
Switzerland,CHE,0,2023,11,276.4
Switzerland,CHE,0,2023,12,287.4
Switzerland,CHE,0,2024,1,284.2
Switzerland,CHE,0,2024,2,281.1
Switzerland,CHE,0,2024,3,286.7
Switzerland,CHE,0,2024,4,290.5
Switzerland,CHE,0,2024,5,290.5
Switzerland,CHE,0,2024,6,287.4
Switzerland,CHE,0,2024,7,289.4
Switzerland,CHE,0,2024,8,299.3
Switzerland,CHE,0,2024,9,305.5
Switzerland,CHE,0,2024,10,297.9
Switzerland,CHE,0,2024,11,298.7
Switzerland,CHE,0,2024,12,298.7
Switzerland,CHE,0,2025,1,301.2
Switzerland,CHE,0,2025,2,290.8
Switzerland,CHE,0,2025,3,311.7
Switzerland,CHE,0,2025,4,310.9
Switzerland,CHE,0,2025,5,303.7
Switzerland,CHE,0,2025,6,300.6
Switzerland,CHE,0,2025,7,303.2
Switzerland,CHE,0,2025,8,303.0
Switzerland,CHE,0,2025,9,301.8
Switzerland,CHE,0,2025,10,302.0
Switzerland,CHE,0,2025,11,300.4
Switzerland,CHE,0,2025,12,294.1
Taiwan,TWN,0,2000,3,43.6
Taiwan,TWN,0,2000,4,44.0
Taiwan,TWN,0,2000,5,42.1
Taiwan,TWN,0,2000,6,41.9
Taiwan,TWN,0,2000,7,41.1
Taiwan,TWN,0,2000,8,39.8
Taiwan,TWN,0,2000,9,38.1
Taiwan,TWN,0,2000,10,34.4
Taiwan,TWN,0,2000,11,33.2
Taiwan,TWN,0,2000,12,33.4
Taiwan,TWN,0,2001,1,34.5
Taiwan,TWN,0,2001,2,35.4
Taiwan,TWN,0,2001,3,35.5
Taiwan,TWN,0,2001,4,35.3
Taiwan,TWN,0,2001,5,34.9
Taiwan,TWN,0,2001,6,34.9
Taiwan,TWN,0,2001,7,33.9
Taiwan,TWN,0,2001,8,35.0
Taiwan,TWN,0,2001,9,35.8
Taiwan,TWN,0,2001,10,35.1
Taiwan,TWN,0,2001,11,34.7
Taiwan,TWN,0,2001,12,35.3
Taiwan,TWN,0,2002,1,33.8
Taiwan,TWN,0,2002,2,32.9
Taiwan,TWN,0,2002,3,33.3
Taiwan,TWN,0,2002,4,31.9
Taiwan,TWN,0,2002,5,32.9
Taiwan,TWN,0,2002,6,36.7
Taiwan,TWN,0,2002,7,38.9
Taiwan,TWN,0,2002,8,38.7
Taiwan,TWN,0,2002,9,37.2
Taiwan,TWN,0,2002,10,37.2
Taiwan,TWN,0,2002,11,37.5
Taiwan,TWN,0,2002,12,37.4
Taiwan,TWN,0,2003,1,37.4
Taiwan,TWN,0,2003,2,36.9
Taiwan,TWN,0,2003,3,37.3
Taiwan,TWN,0,2003,4,35.8
Taiwan,TWN,0,2003,5,36.0
Taiwan,TWN,0,2003,6,43.0
Taiwan,TWN,0,2003,7,45.0
Taiwan,TWN,0,2003,8,46.3
Taiwan,TWN,0,2003,9,47.9
Taiwan,TWN,0,2003,10,48.0
Taiwan,TWN,0,2003,11,50.5
Taiwan,TWN,0,2003,12,50.9
Taiwan,TWN,0,2004,1,52.6
Taiwan,TWN,0,2004,2,55.3
Taiwan,TWN,0,2004,3,54.4
Taiwan,TWN,0,2004,4,56.3
Taiwan,TWN,0,2004,5,56.8
Taiwan,TWN,0,2004,6,67.0
Taiwan,TWN,0,2004,7,66.8
Taiwan,TWN,0,2004,8,65.5
Taiwan,TWN,0,2004,9,66.5
Taiwan,TWN,0,2004,10,66.6
Taiwan,TWN,0,2004,11,67.1
Taiwan,TWN,0,2004,12,67.9
Taiwan,TWN,0,2005,1,68.4
Taiwan,TWN,0,2005,2,68.7
Taiwan,TWN,0,2005,3,71.5
Taiwan,TWN,0,2005,4,70.7
Taiwan,TWN,0,2005,5,71.0
Taiwan,TWN,0,2005,6,67.8
Taiwan,TWN,0,2005,7,68.8
Taiwan,TWN,0,2005,8,68.4
Taiwan,TWN,0,2005,9,68.9
Taiwan,TWN,0,2005,10,68.9
Taiwan,TWN,0,2005,11,68.3
Taiwan,TWN,0,2005,12,68.1
Taiwan,TWN,0,2006,1,68.7
Taiwan,TWN,0,2006,2,68.9
Taiwan,TWN,0,2006,3,68.9
Taiwan,TWN,0,2006,4,68.9
Taiwan,TWN,0,2006,5,67.5
Taiwan,TWN,0,2006,6,63.4
Taiwan,TWN,0,2006,7,63.0
Taiwan,TWN,0,2006,8,61.9
Taiwan,TWN,0,2006,9,61.3
Taiwan,TWN,0,2006,10,60.8
Taiwan,TWN,0,2006,11,59.5
Taiwan,TWN,0,2006,12,59.4
Taiwan,TWN,0,2007,1,59.3
Taiwan,TWN,0,2007,2,57.5
Taiwan,TWN,0,2007,3,58.1
Taiwan,TWN,0,2007,4,59.2
Taiwan,TWN,0,2007,5,57.4
Taiwan,TWN,0,2007,6,44.7
Taiwan,TWN,0,2007,7,44.6
Taiwan,TWN,0,2007,8,39.5
Taiwan,TWN,0,2007,9,39.9
Taiwan,TWN,0,2007,10,40.7
Taiwan,TWN,0,2007,11,37.1
Taiwan,TWN,0,2007,12,38.2
Taiwan,TWN,0,2008,1,38.9
Taiwan,TWN,0,2008,2,38.4
Taiwan,TWN,0,2008,3,40.8
Taiwan,TWN,0,2008,4,42.2
Taiwan,TWN,0,2008,5,38.9
Taiwan,TWN,0,2008,6,66.5
Taiwan,TWN,0,2008,7,67.9
Taiwan,TWN,0,2008,8,66.2
Taiwan,TWN,0,2008,9,63.0
Taiwan,TWN,0,2008,10,65.9
Taiwan,TWN,0,2008,11,70.2
Taiwan,TWN,0,2008,12,71.8
Taiwan,TWN,0,2009,1,73.3
Taiwan,TWN,0,2009,2,72.6
Taiwan,TWN,0,2009,3,74.8
Taiwan,TWN,0,2009,4,78.3
Taiwan,TWN,0,2009,5,75.7
Taiwan,TWN,0,2009,6,114.0
Taiwan,TWN,0,2009,7,114.4
Taiwan,TWN,0,2009,8,112.9
Taiwan,TWN,0,2009,9,115.1
Taiwan,TWN,0,2009,10,115.6
Taiwan,TWN,0,2009,11,115.4
Taiwan,TWN,0,2009,12,116.5
Taiwan,TWN,0,2010,1,119.6
Taiwan,TWN,0,2010,2,121.4
Taiwan,TWN,0,2010,3,124.8
Taiwan,TWN,0,2010,4,126.9
Taiwan,TWN,0,2010,5,126.2
Taiwan,TWN,0,2010,6,151.9
Taiwan,TWN,0,2010,7,153.8
Taiwan,TWN,0,2010,8,153.4
Taiwan,TWN,0,2010,9,153.3
Taiwan,TWN,0,2010,10,154.5
Taiwan,TWN,0,2010,11,154.4
Taiwan,TWN,0,2010,12,155.2
Taiwan,TWN,0,2011,1,157.3
Taiwan,TWN,0,2011,2,156.0
Taiwan,TWN,0,2011,3,156.1
Taiwan,TWN,0,2011,4,154.6
Taiwan,TWN,0,2011,5,153.5
Taiwan,TWN,0,2011,6,146.6
Taiwan,TWN,0,2011,7,147.6
Taiwan,TWN,0,2011,8,143.5
Taiwan,TWN,0,2011,9,166.6
Taiwan,TWN,0,2011,10,167.4
Taiwan,TWN,0,2011,11,166.9
Taiwan,TWN,0,2011,12,177.3
Taiwan,TWN,0,2012,1,178.5
Taiwan,TWN,0,2012,2,183.6
Taiwan,TWN,0,2012,3,190.1
Taiwan,TWN,0,2012,4,187.4
Taiwan,TWN,0,2012,5,190.0
Taiwan,TWN,0,2012,6,196.4
Taiwan,TWN,0,2012,7,194.4
Taiwan,TWN,0,2012,8,199.5
Taiwan,TWN,0,2012,9,201.7
Taiwan,TWN,0,2012,10,197.2
Taiwan,TWN,0,2012,11,199.1
Taiwan,TWN,0,2012,12,195.4
Taiwan,TWN,0,2013,1,192.7
Taiwan,TWN,0,2013,2,190.0
Taiwan,TWN,0,2013,3,188.9
Taiwan,TWN,0,2013,4,185.7
Taiwan,TWN,0,2013,5,188.8
Taiwan,TWN,0,2013,6,186.1
Taiwan,TWN,0,2013,7,185.8
Taiwan,TWN,0,2013,8,183.6
Taiwan,TWN,0,2013,9,185.9
Taiwan,TWN,0,2013,10,184.5
Taiwan,TWN,0,2013,11,183.7
Taiwan,TWN,0,2013,12,182.2
Taiwan,TWN,0,2014,1,179.1
Taiwan,TWN,0,2014,2,180.0
Taiwan,TWN,0,2014,3,176.4
Taiwan,TWN,0,2014,4,175.7
Taiwan,TWN,0,2014,5,174.4
Taiwan,TWN,0,2014,6,179.4
Taiwan,TWN,0,2014,7,175.4
Taiwan,TWN,0,2014,8,172.9
Taiwan,TWN,0,2014,9,173.4
Taiwan,TWN,0,2014,10,172.9
Taiwan,TWN,0,2014,11,170.6
Taiwan,TWN,0,2014,12,174.4
Taiwan,TWN,0,2015,1,170.6
Taiwan,TWN,0,2015,2,165.9
Taiwan,TWN,0,2015,3,168.2
Taiwan,TWN,0,2015,4,170.3
Taiwan,TWN,0,2015,5,174.2
Taiwan,TWN,0,2015,6,175.6
Taiwan,TWN,0,2015,7,172.4
Taiwan,TWN,0,2015,8,172.5
Taiwan,TWN,0,2015,9,178.1
Taiwan,TWN,0,2015,10,178.1
Taiwan,TWN,0,2015,11,177.5
Taiwan,TWN,0,2015,12,178.7
Taiwan,TWN,0,2016,1,183.3
Taiwan,TWN,0,2016,2,182.7
Taiwan,TWN,0,2016,3,182.3
Taiwan,TWN,0,2016,4,185.2
Taiwan,TWN,0,2016,5,181.5
Taiwan,TWN,0,2016,6,187.9
Taiwan,TWN,0,2016,7,192.1
Taiwan,TWN,0,2016,8,190.0
Taiwan,TWN,0,2016,9,189.3
Taiwan,TWN,0,2016,10,188.6
Taiwan,TWN,0,2016,11,183.1
Taiwan,TWN,0,2016,12,189.3
Taiwan,TWN,0,2017,1,183.6
Taiwan,TWN,0,2017,2,183.6
Taiwan,TWN,0,2017,3,183.8
Taiwan,TWN,0,2017,4,185.6
Taiwan,TWN,0,2017,5,181.2
Taiwan,TWN,0,2017,6,185.9
Taiwan,TWN,0,2017,7,184.1
Taiwan,TWN,0,2017,8,182.0
Taiwan,TWN,0,2017,9,183.9
Taiwan,TWN,0,2017,10,181.7
Taiwan,TWN,0,2017,11,179.9
Taiwan,TWN,0,2017,12,180.9
Taiwan,TWN,0,2018,1,175.4
Taiwan,TWN,0,2018,2,170.7
Taiwan,TWN,0,2018,3,170.1
Taiwan,TWN,0,2018,4,168.1
Taiwan,TWN,0,2018,5,164.8
Taiwan,TWN,0,2018,6,162.6
Taiwan,TWN,0,2018,7,164.2
Taiwan,TWN,0,2018,8,163.2
Taiwan,TWN,0,2018,9,166.5
Taiwan,TWN,0,2018,10,162.4
Taiwan,TWN,0,2018,11,155.4
Taiwan,TWN,0,2018,12,157.3
Taiwan,TWN,0,2019,1,168.3
Taiwan,TWN,0,2019,2,164.9
Taiwan,TWN,0,2019,3,168.8
Taiwan,TWN,0,2019,4,171.1
Taiwan,TWN,0,2019,5,172.0
Taiwan,TWN,0,2019,6,175.1
Taiwan,TWN,0,2019,7,178.7
Taiwan,TWN,0,2019,8,185.9
Taiwan,TWN,0,2019,9,189.0
Taiwan,TWN,0,2019,10,191.2
Taiwan,TWN,0,2019,11,188.6
Taiwan,TWN,0,2019,12,193.1
Taiwan,TWN,0,2020,1,199.2
Taiwan,TWN,0,2020,2,201.9
Taiwan,TWN,0,2020,3,205.0
Taiwan,TWN,0,2020,4,201.7
Taiwan,TWN,0,2020,5,199.2
Taiwan,TWN,0,2020,6,204.6
Taiwan,TWN,0,2020,7,209.7
Taiwan,TWN,0,2020,8,212.0
Taiwan,TWN,0,2020,9,213.5
Taiwan,TWN,0,2020,10,218.2
Taiwan,TWN,0,2020,11,222.3
Taiwan,TWN,0,2020,12,235.4
Taiwan,TWN,0,2021,1,239.6
Taiwan,TWN,0,2021,2,234.5
Taiwan,TWN,0,2021,3,231.5
Taiwan,TWN,0,2021,4,234.0
Taiwan,TWN,0,2021,5,236.3
Taiwan,TWN,0,2021,6,239.3
Taiwan,TWN,0,2021,7,242.2
Taiwan,TWN,0,2021,8,237.2
Taiwan,TWN,0,2021,9,239.4
Taiwan,TWN,0,2021,10,242.4
Taiwan,TWN,0,2021,11,247.2
Taiwan,TWN,0,2021,12,249.5
Taiwan,TWN,0,2022,1,247.1
Taiwan,TWN,0,2022,2,247.0
Taiwan,TWN,0,2022,3,236.9
Taiwan,TWN,0,2022,4,226.9
Taiwan,TWN,0,2022,5,229.1
Taiwan,TWN,0,2022,6,232.3
Taiwan,TWN,0,2022,7,238.2
Taiwan,TWN,0,2022,8,231.5
Taiwan,TWN,0,2022,9,215.3
Taiwan,TWN,0,2022,10,214.6
Taiwan,TWN,0,2022,11,224.1
Taiwan,TWN,0,2022,12,225.4
Taiwan,TWN,0,2023,1,234.6
Taiwan,TWN,0,2023,2,231.6
Taiwan,TWN,0,2023,3,239.5
Taiwan,TWN,0,2023,4,244.5
Taiwan,TWN,0,2023,5,239.8
Taiwan,TWN,0,2023,6,241.3
Taiwan,TWN,0,2023,7,243.0
Taiwan,TWN,0,2023,8,241.0
Taiwan,TWN,0,2023,9,236.3
Taiwan,TWN,0,2023,10,231.4
Taiwan,TWN,0,2023,11,238.0
Taiwan,TWN,0,2023,12,254.0
Taiwan,TWN,0,2024,1,257.6
Taiwan,TWN,0,2024,2,257.5
Taiwan,TWN,0,2024,3,261.0
Taiwan,TWN,0,2024,4,259.3
Taiwan,TWN,0,2024,5,265.4
Taiwan,TWN,0,2024,6,267.9
Taiwan,TWN,0,2024,7,277.3
Taiwan,TWN,0,2024,8,287.1
Taiwan,TWN,0,2024,9,291.1
Taiwan,TWN,0,2024,10,287.9
Taiwan,TWN,0,2024,11,286.0
Taiwan,TWN,0,2024,12,292.3
Taiwan,TWN,0,2025,1,298.6
Taiwan,TWN,0,2025,2,306.2
Taiwan,TWN,0,2025,3,308.2
Taiwan,TWN,0,2025,4,311.5
Taiwan,TWN,0,2025,5,304.8
Taiwan,TWN,0,2025,6,307.2
Taiwan,TWN,0,2025,7,308.8
Taiwan,TWN,0,2025,8,313.4
Taiwan,TWN,0,2025,9,312.5
Taiwan,TWN,0,2025,10,309.4
Taiwan,TWN,0,2025,11,312.9
Taiwan,TWN,0,2025,12,310.6
Thailand,THA,0,2000,3,14.0
Thailand,THA,0,2000,4,13.5
Thailand,THA,0,2000,5,13.2
Thailand,THA,0,2000,6,13.4
Thailand,THA,0,2000,7,14.0
Thailand,THA,0,2000,8,13.9
Thailand,THA,0,2000,9,13.8
Thailand,THA,0,2000,10,13.6
Thailand,THA,0,2000,11,13.7
Thailand,THA,0,2000,12,13.8
Thailand,THA,0,2001,1,14.3
Thailand,THA,0,2001,2,14.7
Thailand,THA,0,2001,3,14.5
Thailand,THA,0,2001,4,14.4
Thailand,THA,0,2001,5,14.4
Thailand,THA,0,2001,6,14.1
Thailand,THA,0,2001,7,13.9
Thailand,THA,0,2001,8,14.4
Thailand,THA,0,2001,9,14.3
Thailand,THA,0,2001,10,14.6
Thailand,THA,0,2001,11,15.3
Thailand,THA,0,2001,12,15.7
Thailand,THA,0,2002,1,16.1
Thailand,THA,0,2002,2,16.2
Thailand,THA,0,2002,3,16.5
Thailand,THA,0,2002,4,15.8
Thailand,THA,0,2002,5,16.2
Thailand,THA,0,2002,6,17.7
Thailand,THA,0,2002,7,17.7
Thailand,THA,0,2002,8,18.1
Thailand,THA,0,2002,9,17.3
Thailand,THA,0,2002,10,18.0
Thailand,THA,0,2002,11,18.5
Thailand,THA,0,2002,12,17.2
Thailand,THA,0,2003,1,17.1
Thailand,THA,0,2003,2,15.0
Thailand,THA,0,2003,3,14.3
Thailand,THA,0,2003,4,14.2
Thailand,THA,0,2003,5,14.1
Thailand,THA,0,2003,6,15.7
Thailand,THA,0,2003,7,15.2
Thailand,THA,0,2003,8,14.6
Thailand,THA,0,2003,9,14.8
Thailand,THA,0,2003,10,14.7
Thailand,THA,0,2003,11,12.7
Thailand,THA,0,2003,12,11.7
Thailand,THA,0,2004,1,13.5
Thailand,THA,0,2004,2,15.3
Thailand,THA,0,2004,3,11.9
Thailand,THA,0,2004,4,10.7
Thailand,THA,0,2004,5,10.9
Thailand,THA,0,2004,6,8.8
Thailand,THA,0,2004,7,11.2
Thailand,THA,0,2004,8,12.2
Thailand,THA,0,2004,9,11.0
Thailand,THA,0,2004,10,12.1
Thailand,THA,0,2004,11,12.8
Thailand,THA,0,2004,12,12.5
Thailand,THA,0,2005,1,13.3
Thailand,THA,0,2005,2,13.0
Thailand,THA,0,2005,3,12.1
Thailand,THA,0,2005,4,11.1
Thailand,THA,0,2005,5,13.3
Thailand,THA,0,2005,6,16.3
Thailand,THA,0,2005,7,15.6
Thailand,THA,0,2005,8,15.7
Thailand,THA,0,2005,9,14.8
Thailand,THA,0,2005,10,16.2
Thailand,THA,0,2005,11,16.2
Thailand,THA,0,2005,12,16.1
Thailand,THA,0,2006,1,17.0
Thailand,THA,0,2006,2,17.9
Thailand,THA,0,2006,3,17.5
Thailand,THA,0,2006,4,15.6
Thailand,THA,0,2006,5,15.5
Thailand,THA,0,2006,6,15.5
Thailand,THA,0,2006,7,15.4
Thailand,THA,0,2006,8,16.1
Thailand,THA,0,2006,9,15.9
Thailand,THA,0,2006,10,15.7
Thailand,THA,0,2006,11,16.1
Thailand,THA,0,2006,12,16.9
Thailand,THA,0,2007,1,16.6
Thailand,THA,0,2007,2,16.8
Thailand,THA,0,2007,3,17.8
Thailand,THA,0,2007,4,16.8
Thailand,THA,0,2007,5,18.7
Thailand,THA,0,2007,6,20.6
Thailand,THA,0,2007,7,22.5
Thailand,THA,0,2007,8,22.9
Thailand,THA,0,2007,9,24.7
Thailand,THA,0,2007,10,22.8
Thailand,THA,0,2007,11,27.5
Thailand,THA,0,2007,12,27.4
Thailand,THA,0,2008,1,28.9
Thailand,THA,0,2008,2,30.5
Thailand,THA,0,2008,3,25.7
Thailand,THA,0,2008,4,27.9
Thailand,THA,0,2008,5,32.8
Thailand,THA,0,2008,6,31.2
Thailand,THA,0,2008,7,30.6
Thailand,THA,0,2008,8,30.4
Thailand,THA,0,2008,9,27.4
Thailand,THA,0,2008,10,33.6
Thailand,THA,0,2008,11,33.9
Thailand,THA,0,2008,12,32.4
Thailand,THA,0,2009,1,37.2
Thailand,THA,0,2009,2,39.7
Thailand,THA,0,2009,3,26.0
Thailand,THA,0,2009,4,28.5
Thailand,THA,0,2009,5,26.8
Thailand,THA,0,2009,6,27.5
Thailand,THA,0,2009,7,29.3
Thailand,THA,0,2009,8,31.4
Thailand,THA,0,2009,9,27.9
Thailand,THA,0,2009,10,28.0
Thailand,THA,0,2009,11,29.6
Thailand,THA,0,2009,12,33.3
Thailand,THA,0,2010,1,33.3
Thailand,THA,0,2010,2,42.1
Thailand,THA,0,2010,3,43.5
Thailand,THA,0,2010,4,46.9
Thailand,THA,0,2010,5,46.3
Thailand,THA,0,2010,6,35.7
Thailand,THA,0,2010,7,40.8
Thailand,THA,0,2010,8,47.3
Thailand,THA,0,2010,9,50.4
Thailand,THA,0,2010,10,52.7
Thailand,THA,0,2010,11,52.2
Thailand,THA,0,2010,12,52.0
Thailand,THA,0,2011,1,56.5
Thailand,THA,0,2011,2,57.6
Thailand,THA,0,2011,3,57.1
Thailand,THA,0,2011,4,60.7
Thailand,THA,0,2011,5,59.8
Thailand,THA,0,2011,6,55.8
Thailand,THA,0,2011,7,58.4
Thailand,THA,0,2011,8,47.6
Thailand,THA,0,2011,9,49.0
Thailand,THA,0,2011,10,49.9
Thailand,THA,0,2011,11,56.0
Thailand,THA,0,2011,12,51.6
Thailand,THA,0,2012,1,54.5
Thailand,THA,0,2012,2,54.3
Thailand,THA,0,2012,3,54.7
Thailand,THA,0,2012,4,52.2
Thailand,THA,0,2012,5,53.5
Thailand,THA,0,2012,6,53.1
Thailand,THA,0,2012,7,53.0
Thailand,THA,0,2012,8,58.7
Thailand,THA,0,2012,9,64.3
Thailand,THA,0,2012,10,58.6
Thailand,THA,0,2012,11,56.9
Thailand,THA,0,2012,12,53.6
Thailand,THA,0,2013,1,61.6
Thailand,THA,0,2013,2,65.3
Thailand,THA,0,2013,3,68.4
Thailand,THA,0,2013,4,59.3
Thailand,THA,0,2013,5,54.4
Thailand,THA,0,2013,6,50.2
Thailand,THA,0,2013,7,43.7
Thailand,THA,0,2013,8,40.1
Thailand,THA,0,2013,9,38.9
Thailand,THA,0,2013,10,44.5
Thailand,THA,0,2013,11,49.8
Thailand,THA,0,2013,12,51.7
Thailand,THA,0,2014,1,47.8
Thailand,THA,0,2014,2,47.4
Thailand,THA,0,2014,3,48.1
Thailand,THA,0,2014,4,46.9
Thailand,THA,0,2014,5,45.6
Thailand,THA,0,2014,6,41.3
Thailand,THA,0,2014,7,45.1
Thailand,THA,0,2014,8,40.8
Thailand,THA,0,2014,9,33.5
Thailand,THA,0,2014,10,36.4
Thailand,THA,0,2014,11,36.1
Thailand,THA,0,2014,12,33.2
Thailand,THA,0,2015,1,33.3
Thailand,THA,0,2015,2,34.0
Thailand,THA,0,2015,3,31.0
Thailand,THA,0,2015,4,29.0
Thailand,THA,0,2015,5,31.0
Thailand,THA,0,2015,6,31.4
Thailand,THA,0,2015,7,32.7
Thailand,THA,0,2015,8,34.2
Thailand,THA,0,2015,9,31.9
Thailand,THA,0,2015,10,34.5
Thailand,THA,0,2015,11,36.3
Thailand,THA,0,2015,12,39.1
Thailand,THA,0,2016,1,39.7
Thailand,THA,0,2016,2,43.0
Thailand,THA,0,2016,3,43.1
Thailand,THA,0,2016,4,45.6
Thailand,THA,0,2016,5,47.7
Thailand,THA,0,2016,6,48.0
Thailand,THA,0,2016,7,48.8
Thailand,THA,0,2016,8,50.7
Thailand,THA,0,2016,9,49.9
Thailand,THA,0,2016,10,59.2
Thailand,THA,0,2016,11,71.1
Thailand,THA,0,2016,12,66.0
Thailand,THA,0,2017,1,72.9
Thailand,THA,0,2017,2,71.4
Thailand,THA,0,2017,3,69.3
Thailand,THA,0,2017,4,69.7
Thailand,THA,0,2017,5,66.5
Thailand,THA,0,2017,6,66.1
Thailand,THA,0,2017,7,67.2
Thailand,THA,0,2017,8,71.6
Thailand,THA,0,2017,9,70.8
Thailand,THA,0,2017,10,68.4
Thailand,THA,0,2017,11,68.0
Thailand,THA,0,2017,12,60.9
Thailand,THA,0,2018,1,67.2
Thailand,THA,0,2018,2,68.0
Thailand,THA,0,2018,3,57.2
Thailand,THA,0,2018,4,60.8
Thailand,THA,0,2018,5,62.2
Thailand,THA,0,2018,6,58.6
Thailand,THA,0,2018,7,63.0
Thailand,THA,0,2018,8,63.3
Thailand,THA,0,2018,9,66.1
Thailand,THA,0,2018,10,65.3
Thailand,THA,0,2018,11,64.9
Thailand,THA,0,2018,12,72.0
Thailand,THA,0,2019,1,83.7
Thailand,THA,0,2019,2,90.9
Thailand,THA,0,2019,3,84.4
Thailand,THA,0,2019,4,82.2
Thailand,THA,0,2019,5,81.4
Thailand,THA,0,2019,6,83.8
Thailand,THA,0,2019,7,89.5
Thailand,THA,0,2019,8,94.1
Thailand,THA,0,2019,9,93.5
Thailand,THA,0,2019,10,95.2
Thailand,THA,0,2019,11,91.2
Thailand,THA,0,2019,12,90.5
Thailand,THA,0,2020,1,96.0
Thailand,THA,0,2020,2,91.3
Thailand,THA,0,2020,3,81.8
Thailand,THA,0,2020,4,80.5
Thailand,THA,0,2020,5,85.8
Thailand,THA,0,2020,6,85.5
Thailand,THA,0,2020,7,87.9
Thailand,THA,0,2020,8,85.7
Thailand,THA,0,2020,9,83.2
Thailand,THA,0,2020,10,82.0
Thailand,THA,0,2020,11,82.0
Thailand,THA,0,2020,12,80.0
Thailand,THA,0,2021,1,82.2
Thailand,THA,0,2021,2,80.6
Thailand,THA,0,2021,3,66.9
Thailand,THA,0,2021,4,59.8
Thailand,THA,0,2021,5,57.0
Thailand,THA,0,2021,6,56.0
Thailand,THA,0,2021,7,57.3
Thailand,THA,0,2021,8,57.3
Thailand,THA,0,2021,9,61.0
Thailand,THA,0,2021,10,59.2
Thailand,THA,0,2021,11,62.4
Thailand,THA,0,2021,12,61.7
Thailand,THA,0,2022,1,62.1
Thailand,THA,0,2022,2,61.6
Thailand,THA,0,2022,3,63.7
Thailand,THA,0,2022,4,57.2
Thailand,THA,0,2022,5,49.4
Thailand,THA,0,2022,6,49.0
Thailand,THA,0,2022,7,48.0
Thailand,THA,0,2022,8,47.5
Thailand,THA,0,2022,9,43.3
Thailand,THA,0,2022,10,43.0
Thailand,THA,0,2022,11,41.4
Thailand,THA,0,2022,12,46.0
Thailand,THA,0,2023,1,52.8
Thailand,THA,0,2023,2,57.1
Thailand,THA,0,2023,3,64.4
Thailand,THA,0,2023,4,65.1
Thailand,THA,0,2023,5,64.0
Thailand,THA,0,2023,6,62.8
Thailand,THA,0,2023,7,61.5
Thailand,THA,0,2023,8,59.4
Thailand,THA,0,2023,9,59.9
Thailand,THA,0,2023,10,59.6
Thailand,THA,0,2023,11,62.2
Thailand,THA,0,2023,12,62.3
Thailand,THA,0,2024,1,61.8
Thailand,THA,0,2024,2,62.8
Thailand,THA,0,2024,3,64.9
Thailand,THA,0,2024,4,67.0
Thailand,THA,0,2024,5,71.6
Thailand,THA,0,2024,6,75.8
Thailand,THA,0,2024,7,72.7
Thailand,THA,0,2024,8,75.2
Thailand,THA,0,2024,9,76.4
Thailand,THA,0,2024,10,71.2
Thailand,THA,0,2024,11,71.8
Thailand,THA,0,2024,12,70.0
Thailand,THA,0,2025,1,76.2
Thailand,THA,0,2025,2,79.6
Thailand,THA,0,2025,3,77.9
Thailand,THA,0,2025,4,78.3
Thailand,THA,0,2025,5,76.4
Thailand,THA,0,2025,6,83.4
Thailand,THA,0,2025,7,87.8
Thailand,THA,0,2025,8,88.2
Thailand,THA,0,2025,9,90.4
Thailand,THA,0,2025,10,85.7
Thailand,THA,0,2025,11,81.9
Thailand,THA,0,2025,12,82.8
Turkey,TUR,0,2002,1,8.2
Turkey,TUR,0,2002,2,10.4
Turkey,TUR,0,2002,3,10.2
Turkey,TUR,0,2002,4,11.1
Turkey,TUR,0,2002,5,10.5
Turkey,TUR,0,2002,6,10.3
Turkey,TUR,0,2002,7,11.0
Turkey,TUR,0,2002,8,12.2
Turkey,TUR,0,2002,9,12.4
Turkey,TUR,0,2002,10,12.1
Turkey,TUR,0,2002,11,12.8
Turkey,TUR,0,2002,12,13.5
Turkey,TUR,0,2003,1,13.2
Turkey,TUR,0,2003,2,12.9
Turkey,TUR,0,2003,3,11.9
Turkey,TUR,0,2003,4,11.0
Turkey,TUR,0,2003,5,11.8
Turkey,TUR,0,2003,6,13.9
Turkey,TUR,0,2003,7,15.3
Turkey,TUR,0,2003,8,16.4
Turkey,TUR,0,2003,9,19.1
Turkey,TUR,0,2003,10,16.6
Turkey,TUR,0,2003,11,15.5
Turkey,TUR,0,2003,12,15.7
Turkey,TUR,0,2004,1,14.5
Turkey,TUR,0,2004,2,14.2
Turkey,TUR,0,2004,3,14.9
Turkey,TUR,0,2004,4,16.3
Turkey,TUR,0,2004,5,15.7
Turkey,TUR,0,2004,6,15.1
Turkey,TUR,0,2004,7,15.1
Turkey,TUR,0,2004,8,16.5
Turkey,TUR,0,2004,9,16.9
Turkey,TUR,0,2004,10,16.1
Turkey,TUR,0,2004,11,14.5
Turkey,TUR,0,2004,12,12.0
Turkey,TUR,0,2005,1,12.9
Turkey,TUR,0,2005,2,10.4
Turkey,TUR,0,2005,3,11.4
Turkey,TUR,0,2005,4,10.7
Turkey,TUR,0,2005,5,10.1
Turkey,TUR,0,2005,6,15.3
Turkey,TUR,0,2005,7,16.6
Turkey,TUR,0,2005,8,15.5
Turkey,TUR,0,2005,9,14.6
Turkey,TUR,0,2005,10,15.7
Turkey,TUR,0,2005,11,18.5
Turkey,TUR,0,2005,12,17.4
Turkey,TUR,0,2006,1,18.9
Turkey,TUR,0,2006,2,21.6
Turkey,TUR,0,2006,3,21.0
Turkey,TUR,0,2006,4,21.6
Turkey,TUR,0,2006,5,21.5
Turkey,TUR,0,2006,6,19.8
Turkey,TUR,0,2006,7,22.5
Turkey,TUR,0,2006,8,24.0
Turkey,TUR,0,2006,9,23.6
Turkey,TUR,0,2006,10,22.3
Turkey,TUR,0,2006,11,23.4
Turkey,TUR,0,2006,12,23.0
Turkey,TUR,0,2007,1,25.0
Turkey,TUR,0,2007,2,25.4
Turkey,TUR,0,2007,3,27.6
Turkey,TUR,0,2007,4,26.2
Turkey,TUR,0,2007,5,27.0
Turkey,TUR,0,2007,6,28.7
Turkey,TUR,0,2007,7,28.5
Turkey,TUR,0,2007,8,29.2
Turkey,TUR,0,2007,9,28.2
Turkey,TUR,0,2007,10,28.1
Turkey,TUR,0,2007,11,25.6
Turkey,TUR,0,2007,12,25.6
Turkey,TUR,0,2008,1,28.2
Turkey,TUR,0,2008,2,28.5
Turkey,TUR,0,2008,3,28.7
Turkey,TUR,0,2008,4,31.1
Turkey,TUR,0,2008,5,28.9
Turkey,TUR,0,2008,6,30.5
Turkey,TUR,0,2008,7,32.7
Turkey,TUR,0,2008,8,34.3
Turkey,TUR,0,2008,9,31.5
Turkey,TUR,0,2008,10,27.3
Turkey,TUR,0,2008,11,28.4
Turkey,TUR,0,2008,12,30.2
Turkey,TUR,0,2009,1,30.8
Turkey,TUR,0,2009,2,31.9
Turkey,TUR,0,2009,3,29.7
Turkey,TUR,0,2009,4,26.6
Turkey,TUR,0,2009,5,28.3
Turkey,TUR,0,2009,6,27.3
Turkey,TUR,0,2009,7,27.1
Turkey,TUR,0,2009,8,28.5
Turkey,TUR,0,2009,9,28.1
Turkey,TUR,0,2009,10,30.3
Turkey,TUR,0,2009,11,29.4
Turkey,TUR,0,2009,12,28.1
Turkey,TUR,0,2010,1,27.5
Turkey,TUR,0,2010,2,27.3
Turkey,TUR,0,2010,3,28.7
Turkey,TUR,0,2010,4,27.9
Turkey,TUR,0,2010,5,27.6
Turkey,TUR,0,2010,6,25.7
Turkey,TUR,0,2010,7,26.7
Turkey,TUR,0,2010,8,29.7
Turkey,TUR,0,2010,9,27.8
Turkey,TUR,0,2010,10,27.8
Turkey,TUR,0,2010,11,29.1
Turkey,TUR,0,2010,12,28.9
Turkey,TUR,0,2011,1,32.9
Turkey,TUR,0,2011,2,34.3
Turkey,TUR,0,2011,3,36.2
Turkey,TUR,0,2011,4,37.9
Turkey,TUR,0,2011,5,39.3
Turkey,TUR,0,2011,6,42.8
Turkey,TUR,0,2011,7,42.8
Turkey,TUR,0,2011,8,40.1
Turkey,TUR,0,2011,9,40.7
Turkey,TUR,0,2011,10,40.5
Turkey,TUR,0,2011,11,40.2
Turkey,TUR,0,2011,12,32.0
Turkey,TUR,0,2012,1,27.4
Turkey,TUR,0,2012,2,30.1
Turkey,TUR,0,2012,3,30.4
Turkey,TUR,0,2012,4,28.1
Turkey,TUR,0,2012,5,27.1
Turkey,TUR,0,2012,6,29.1
Turkey,TUR,0,2012,7,30.3
Turkey,TUR,0,2012,8,34.6
Turkey,TUR,0,2012,9,42.6
Turkey,TUR,0,2012,10,51.6
Turkey,TUR,0,2012,11,55.6
Turkey,TUR,0,2012,12,57.6
Turkey,TUR,0,2013,1,57.7
Turkey,TUR,0,2013,2,55.9
Turkey,TUR,0,2013,3,56.7
Turkey,TUR,0,2013,4,60.4
Turkey,TUR,0,2013,5,60.2
Turkey,TUR,0,2013,6,59.1
Turkey,TUR,0,2013,7,55.0
Turkey,TUR,0,2013,8,58.4
Turkey,TUR,0,2013,9,54.3
Turkey,TUR,0,2013,10,51.5
Turkey,TUR,0,2013,11,53.4
Turkey,TUR,0,2013,12,52.2
Turkey,TUR,0,2014,1,48.9
Turkey,TUR,0,2014,2,49.6
Turkey,TUR,0,2014,3,50.9
Turkey,TUR,0,2014,4,50.5
Turkey,TUR,0,2014,5,53.2
Turkey,TUR,0,2014,6,52.8
Turkey,TUR,0,2014,7,54.9
Turkey,TUR,0,2014,8,73.4
Turkey,TUR,0,2014,9,74.7
Turkey,TUR,0,2014,10,75.7
Turkey,TUR,0,2014,11,80.5
Turkey,TUR,0,2014,12,77.0
Turkey,TUR,0,2015,1,82.4
Turkey,TUR,0,2015,2,79.5
Turkey,TUR,0,2015,3,76.2
Turkey,TUR,0,2015,4,77.8
Turkey,TUR,0,2015,5,78.5
Turkey,TUR,0,2015,6,75.8
Turkey,TUR,0,2015,7,75.4
Turkey,TUR,0,2015,8,72.9
Turkey,TUR,0,2015,9,68.9
Turkey,TUR,0,2015,10,61.9
Turkey,TUR,0,2015,11,67.1
Turkey,TUR,0,2015,12,64.6
Turkey,TUR,0,2016,1,59.8
Turkey,TUR,0,2016,2,53.4
Turkey,TUR,0,2016,3,52.9
Turkey,TUR,0,2016,4,54.7
Turkey,TUR,0,2016,5,50.7
Turkey,TUR,0,2016,6,58.6
Turkey,TUR,0,2016,7,59.7
Turkey,TUR,0,2016,8,56.5
Turkey,TUR,0,2016,9,61.5
Turkey,TUR,0,2016,10,58.3
Turkey,TUR,0,2016,11,55.8
Turkey,TUR,0,2016,12,59.1
Turkey,TUR,0,2017,1,58.4
Turkey,TUR,0,2017,2,58.3
Turkey,TUR,0,2017,3,59.0
Turkey,TUR,0,2017,4,56.4
Turkey,TUR,0,2017,5,49.5
Turkey,TUR,0,2017,6,58.9
Turkey,TUR,0,2017,7,54.5
Turkey,TUR,0,2017,8,57.7
Turkey,TUR,0,2017,9,60.8
Turkey,TUR,0,2017,10,61.5
Turkey,TUR,0,2017,11,61.2
Turkey,TUR,0,2017,12,52.6
United Arab Emirates,ARE,0,2012,1,54.0
United Arab Emirates,ARE,0,2012,2,52.9
United Arab Emirates,ARE,0,2012,3,50.0
United Arab Emirates,ARE,0,2012,4,48.3
United Arab Emirates,ARE,0,2012,5,47.4
United Arab Emirates,ARE,0,2012,6,53.8
United Arab Emirates,ARE,0,2012,7,53.2
United Arab Emirates,ARE,0,2012,8,53.1
United Arab Emirates,ARE,0,2012,9,50.9
United Arab Emirates,ARE,0,2012,10,45.8
United Arab Emirates,ARE,0,2012,11,42.9
United Arab Emirates,ARE,0,2012,12,43.7
United Arab Emirates,ARE,0,2013,1,44.2
United Arab Emirates,ARE,0,2013,2,41.1
United Arab Emirates,ARE,0,2013,3,46.0
United Arab Emirates,ARE,0,2013,4,42.7
United Arab Emirates,ARE,0,2013,5,40.2
United Arab Emirates,ARE,0,2013,6,40.2
United Arab Emirates,ARE,0,2013,7,38.4
United Arab Emirates,ARE,0,2013,8,36.3
United Arab Emirates,ARE,0,2013,9,35.1
United Arab Emirates,ARE,0,2013,10,34.4
United Arab Emirates,ARE,0,2013,11,38.9
United Arab Emirates,ARE,0,2013,12,39.5
United Arab Emirates,ARE,0,2014,1,41.1
United Arab Emirates,ARE,0,2014,2,42.1
United Arab Emirates,ARE,0,2014,3,43.6
United Arab Emirates,ARE,0,2014,4,43.0
United Arab Emirates,ARE,0,2014,5,51.1
United Arab Emirates,ARE,0,2014,6,52.7
United Arab Emirates,ARE,0,2014,7,52.8
United Arab Emirates,ARE,0,2014,8,59.7
United Arab Emirates,ARE,0,2014,9,72.1
United Arab Emirates,ARE,0,2014,10,72.5
United Arab Emirates,ARE,0,2014,11,74.9
United Arab Emirates,ARE,0,2014,12,75.3
United Arab Emirates,ARE,0,2015,1,77.9
United Arab Emirates,ARE,0,2015,2,82.1
United Arab Emirates,ARE,0,2015,3,79.5
United Arab Emirates,ARE,0,2015,4,72.8
United Arab Emirates,ARE,0,2015,5,72.5
United Arab Emirates,ARE,0,2015,6,71.4
United Arab Emirates,ARE,0,2015,7,72.8
United Arab Emirates,ARE,0,2015,8,71.2
United Arab Emirates,ARE,0,2015,9,70.9
United Arab Emirates,ARE,0,2015,10,71.5
United Arab Emirates,ARE,0,2015,11,68.2
United Arab Emirates,ARE,0,2015,12,69.5
United Arab Emirates,ARE,0,2016,1,66.7
United Arab Emirates,ARE,0,2016,2,64.8
United Arab Emirates,ARE,0,2016,3,62.5
United Arab Emirates,ARE,0,2016,4,60.1
United Arab Emirates,ARE,0,2016,5,61.8
United Arab Emirates,ARE,0,2016,6,66.2
United Arab Emirates,ARE,0,2016,7,66.0
United Arab Emirates,ARE,0,2016,8,64.1
United Arab Emirates,ARE,0,2016,9,63.8
United Arab Emirates,ARE,0,2016,10,64.4
United Arab Emirates,ARE,0,2016,11,63.0
United Arab Emirates,ARE,0,2016,12,60.6
United Arab Emirates,ARE,0,2017,1,61.2
United Arab Emirates,ARE,0,2017,2,61.7
United Arab Emirates,ARE,0,2017,3,63.0
United Arab Emirates,ARE,0,2017,4,60.6
United Arab Emirates,ARE,0,2017,5,60.5
United Arab Emirates,ARE,0,2017,6,58.8
United Arab Emirates,ARE,0,2017,7,59.9
United Arab Emirates,ARE,0,2017,8,55.9
United Arab Emirates,ARE,0,2017,9,54.3
United Arab Emirates,ARE,0,2017,10,57.7
United Arab Emirates,ARE,0,2017,11,58.2
United Arab Emirates,ARE,0,2017,12,57.7
United Arab Emirates,ARE,0,2018,1,55.6
United Arab Emirates,ARE,0,2018,2,57.5
United Arab Emirates,ARE,0,2018,3,59.3
United Arab Emirates,ARE,0,2018,4,59.7
United Arab Emirates,ARE,0,2018,5,60.0
United Arab Emirates,ARE,0,2018,6,59.6
United Arab Emirates,ARE,0,2018,7,59.7
United Arab Emirates,ARE,0,2018,8,59.0
United Arab Emirates,ARE,0,2018,9,60.0
United Arab Emirates,ARE,0,2018,10,57.7
United Arab Emirates,ARE,0,2018,11,56.3
United Arab Emirates,ARE,0,2018,12,56.7
United Arab Emirates,ARE,0,2019,1,55.9
United Arab Emirates,ARE,0,2019,2,54.5
United Arab Emirates,ARE,0,2019,3,55.6
United Arab Emirates,ARE,0,2019,4,55.7
United Arab Emirates,ARE,0,2019,5,53.2
United Arab Emirates,ARE,0,2019,6,51.5
United Arab Emirates,ARE,0,2019,7,49.3
United Arab Emirates,ARE,0,2019,8,49.3
United Arab Emirates,ARE,0,2019,9,37.3
United Arab Emirates,ARE,0,2019,10,38.4
United Arab Emirates,ARE,0,2019,11,39.9
United Arab Emirates,ARE,0,2019,12,40.7
United Arab Emirates,ARE,0,2020,1,39.8
United Arab Emirates,ARE,0,2020,2,37.3
United Arab Emirates,ARE,0,2020,3,28.0
United Arab Emirates,ARE,0,2020,4,26.3
United Arab Emirates,ARE,0,2020,5,27.9
United Arab Emirates,ARE,0,2020,6,26.1
United Arab Emirates,ARE,0,2020,7,29.5
United Arab Emirates,ARE,0,2020,8,36.6
United Arab Emirates,ARE,0,2020,9,33.1
United Arab Emirates,ARE,0,2020,10,29.1
United Arab Emirates,ARE,0,2020,11,36.8
United Arab Emirates,ARE,0,2020,12,32.2
United Arab Emirates,ARE,0,2021,1,33.8
United Arab Emirates,ARE,0,2021,2,50.6
United Arab Emirates,ARE,0,2021,3,45.6
United Arab Emirates,ARE,0,2021,4,43.7
United Arab Emirates,ARE,0,2021,5,57.3
United Arab Emirates,ARE,0,2021,6,60.8
United Arab Emirates,ARE,0,2021,7,58.0
United Arab Emirates,ARE,0,2021,8,58.7
United Arab Emirates,ARE,0,2021,9,58.1
United Arab Emirates,ARE,0,2021,10,53.0
United Arab Emirates,ARE,0,2021,11,48.6
United Arab Emirates,ARE,0,2021,12,44.9
United Arab Emirates,ARE,0,2022,1,44.9
United Arab Emirates,ARE,0,2022,2,46.5
United Arab Emirates,ARE,0,2022,3,45.8
United Arab Emirates,ARE,0,2022,4,41.9
United Arab Emirates,ARE,0,2022,5,38.4
United Arab Emirates,ARE,0,2022,6,40.1
United Arab Emirates,ARE,0,2022,7,41.6
United Arab Emirates,ARE,0,2022,8,48.2
United Arab Emirates,ARE,0,2022,9,47.9
United Arab Emirates,ARE,0,2022,10,53.9
United Arab Emirates,ARE,0,2022,11,59.5
United Arab Emirates,ARE,0,2022,12,58.5
United Arab Emirates,ARE,0,2023,1,64.9
United Arab Emirates,ARE,0,2023,2,65.2
United Arab Emirates,ARE,0,2023,3,61.5
United Arab Emirates,ARE,0,2023,4,70.2
United Arab Emirates,ARE,0,2023,5,69.0
United Arab Emirates,ARE,0,2023,6,65.6
United Arab Emirates,ARE,0,2023,7,64.9
United Arab Emirates,ARE,0,2023,8,68.3
United Arab Emirates,ARE,0,2023,9,64.4
United Arab Emirates,ARE,0,2023,10,64.0
United Arab Emirates,ARE,0,2023,11,62.8
United Arab Emirates,ARE,0,2023,12,64.0
United Arab Emirates,ARE,0,2024,1,60.1
United Arab Emirates,ARE,0,2024,2,68.9
United Arab Emirates,ARE,0,2024,3,70.9
United Arab Emirates,ARE,0,2024,4,69.9
United Arab Emirates,ARE,0,2024,5,70.8
United Arab Emirates,ARE,0,2024,6,70.1
United Arab Emirates,ARE,0,2024,7,68.9
United Arab Emirates,ARE,0,2024,8,79.2
United Arab Emirates,ARE,0,2024,9,71.9
United Arab Emirates,ARE,0,2024,10,68.3
United Arab Emirates,ARE,0,2024,11,73.1
United Arab Emirates,ARE,0,2024,12,77.1
United Arab Emirates,ARE,0,2025,1,92.6
United Arab Emirates,ARE,0,2025,2,119.9
United Arab Emirates,ARE,0,2025,3,104.3
United Arab Emirates,ARE,0,2025,4,112.9
United Arab Emirates,ARE,0,2025,5,103.6
United Arab Emirates,ARE,0,2025,6,96.4
United Arab Emirates,ARE,0,2025,7,107.7
United Arab Emirates,ARE,0,2025,8,108.7
United Arab Emirates,ARE,0,2025,9,103.3
United Arab Emirates,ARE,0,2025,10,110.7
United Arab Emirates,ARE,0,2025,11,103.5
United Arab Emirates,ARE,0,2025,12,95.7
United Kingdom,GBR,0,2000,3,78.6
United Kingdom,GBR,0,2000,4,77.7
United Kingdom,GBR,0,2000,5,77.5
United Kingdom,GBR,0,2000,6,68.1
United Kingdom,GBR,0,2000,7,63.1
United Kingdom,GBR,0,2000,8,66.4
United Kingdom,GBR,0,2000,9,64.3
United Kingdom,GBR,0,2000,10,60.4
United Kingdom,GBR,0,2000,11,54.5
United Kingdom,GBR,0,2000,12,50.2
United Kingdom,GBR,0,2001,1,47.8
United Kingdom,GBR,0,2001,2,48.4
United Kingdom,GBR,0,2001,3,58.4
United Kingdom,GBR,0,2001,4,53.8
United Kingdom,GBR,0,2001,5,55.2
United Kingdom,GBR,0,2001,6,51.6
United Kingdom,GBR,0,2001,7,44.0
United Kingdom,GBR,0,2001,8,40.0
United Kingdom,GBR,0,2001,9,41.5
United Kingdom,GBR,0,2001,10,49.4
United Kingdom,GBR,0,2001,11,42.5
United Kingdom,GBR,0,2001,12,45.0
United Kingdom,GBR,0,2002,1,46.2
United Kingdom,GBR,0,2002,2,53.9
United Kingdom,GBR,0,2002,3,65.6
United Kingdom,GBR,0,2002,4,64.7
United Kingdom,GBR,0,2002,5,75.6
United Kingdom,GBR,0,2002,6,53.2
United Kingdom,GBR,0,2002,7,64.7
United Kingdom,GBR,0,2002,8,69.7
United Kingdom,GBR,0,2002,9,76.6
United Kingdom,GBR,0,2002,10,80.6
United Kingdom,GBR,0,2002,11,82.5
United Kingdom,GBR,0,2002,12,80.8
United Kingdom,GBR,0,2003,1,81.1
United Kingdom,GBR,0,2003,2,75.9
United Kingdom,GBR,0,2003,3,81.6
United Kingdom,GBR,0,2003,4,77.8
United Kingdom,GBR,0,2003,5,79.0
United Kingdom,GBR,0,2003,6,56.1
United Kingdom,GBR,0,2003,7,78.4
United Kingdom,GBR,0,2003,8,83.7
United Kingdom,GBR,0,2003,9,72.3
United Kingdom,GBR,0,2003,10,77.0
United Kingdom,GBR,0,2003,11,77.9
United Kingdom,GBR,0,2003,12,82.2
United Kingdom,GBR,0,2004,1,91.2
United Kingdom,GBR,0,2004,2,94.5
United Kingdom,GBR,0,2004,3,98.3
United Kingdom,GBR,0,2004,4,113.2
United Kingdom,GBR,0,2004,5,113.4
United Kingdom,GBR,0,2004,6,53.5
United Kingdom,GBR,0,2004,7,57.3
United Kingdom,GBR,0,2004,8,61.4
United Kingdom,GBR,0,2004,9,62.0
United Kingdom,GBR,0,2004,10,66.4
United Kingdom,GBR,0,2004,11,84.5
United Kingdom,GBR,0,2004,12,95.8
United Kingdom,GBR,0,2005,1,94.2
United Kingdom,GBR,0,2005,2,104.1
United Kingdom,GBR,0,2005,3,116.0
United Kingdom,GBR,0,2005,4,119.0
United Kingdom,GBR,0,2005,5,126.4
United Kingdom,GBR,0,2005,6,58.8
United Kingdom,GBR,0,2005,7,73.2
United Kingdom,GBR,0,2005,8,87.2
United Kingdom,GBR,0,2005,9,95.8
United Kingdom,GBR,0,2005,10,100.3
United Kingdom,GBR,0,2005,11,135.5
United Kingdom,GBR,0,2005,12,146.0
United Kingdom,GBR,0,2006,1,157.2
United Kingdom,GBR,0,2006,2,162.4
United Kingdom,GBR,0,2006,3,179.2
United Kingdom,GBR,0,2006,4,166.2
United Kingdom,GBR,0,2006,5,174.2
United Kingdom,GBR,0,2006,6,55.5
United Kingdom,GBR,0,2006,7,44.3
United Kingdom,GBR,0,2006,8,54.7
United Kingdom,GBR,0,2006,9,61.6
United Kingdom,GBR,0,2006,10,61.7
United Kingdom,GBR,0,2006,11,76.1
United Kingdom,GBR,0,2006,12,92.6
United Kingdom,GBR,0,2007,1,104.0
United Kingdom,GBR,0,2007,2,121.6
United Kingdom,GBR,0,2007,3,147.5
United Kingdom,GBR,0,2007,4,135.1
United Kingdom,GBR,0,2007,5,169.2
United Kingdom,GBR,0,2007,6,49.6
United Kingdom,GBR,0,2007,7,67.0
United Kingdom,GBR,0,2007,8,99.5
United Kingdom,GBR,0,2007,9,119.9
United Kingdom,GBR,0,2007,10,154.9
United Kingdom,GBR,0,2007,11,174.1
United Kingdom,GBR,0,2007,12,157.9
United Kingdom,GBR,0,2008,1,161.9
United Kingdom,GBR,0,2008,2,180.6
United Kingdom,GBR,0,2008,3,200.5
United Kingdom,GBR,0,2008,4,247.1
United Kingdom,GBR,0,2008,5,271.4
United Kingdom,GBR,0,2008,6,55.3
United Kingdom,GBR,0,2008,7,66.2
United Kingdom,GBR,0,2008,8,82.7
United Kingdom,GBR,0,2008,9,115.7
United Kingdom,GBR,0,2008,10,134.1
United Kingdom,GBR,0,2008,11,133.0
United Kingdom,GBR,0,2008,12,131.1
United Kingdom,GBR,0,2009,1,124.1
United Kingdom,GBR,0,2009,2,129.6
United Kingdom,GBR,0,2009,3,128.3
United Kingdom,GBR,0,2009,4,152.8
United Kingdom,GBR,0,2009,5,163.9
United Kingdom,GBR,0,2009,6,90.8
United Kingdom,GBR,0,2009,7,97.1
United Kingdom,GBR,0,2009,8,104.3
United Kingdom,GBR,0,2009,9,126.8
United Kingdom,GBR,0,2009,10,108.1
United Kingdom,GBR,0,2009,11,155.5
United Kingdom,GBR,0,2009,12,180.3
United Kingdom,GBR,0,2010,1,208.3
United Kingdom,GBR,0,2010,2,233.5
United Kingdom,GBR,0,2010,3,279.0
United Kingdom,GBR,0,2010,4,321.1
United Kingdom,GBR,0,2010,5,350.7
United Kingdom,GBR,0,2010,6,94.5
United Kingdom,GBR,0,2010,7,104.9
United Kingdom,GBR,0,2010,8,178.9
United Kingdom,GBR,0,2010,9,188.6
United Kingdom,GBR,0,2010,10,207.3
United Kingdom,GBR,0,2010,11,240.9
United Kingdom,GBR,0,2010,12,269.0
United Kingdom,GBR,0,2011,1,277.6
United Kingdom,GBR,0,2011,2,296.7
United Kingdom,GBR,0,2011,3,326.2
United Kingdom,GBR,0,2011,4,333.2
United Kingdom,GBR,0,2011,5,344.5
United Kingdom,GBR,0,2011,6,135.7
United Kingdom,GBR,0,2011,7,141.0
United Kingdom,GBR,0,2011,8,181.2
United Kingdom,GBR,0,2011,9,117.5
United Kingdom,GBR,0,2011,10,107.1
United Kingdom,GBR,0,2011,11,125.2
United Kingdom,GBR,0,2011,12,114.3
United Kingdom,GBR,0,2012,1,109.7
United Kingdom,GBR,0,2012,2,113.6
United Kingdom,GBR,0,2012,3,118.6
United Kingdom,GBR,0,2012,4,131.0
United Kingdom,GBR,0,2012,5,131.4
United Kingdom,GBR,0,2012,6,129.6
United Kingdom,GBR,0,2012,7,127.7
United Kingdom,GBR,0,2012,8,129.3
United Kingdom,GBR,0,2012,9,129.8
United Kingdom,GBR,0,2012,10,125.7
United Kingdom,GBR,0,2012,11,124.9
United Kingdom,GBR,0,2012,12,123.0
United Kingdom,GBR,0,2013,1,129.0
United Kingdom,GBR,0,2013,2,131.1
United Kingdom,GBR,0,2013,3,148.6
United Kingdom,GBR,0,2013,4,153.2
United Kingdom,GBR,0,2013,5,149.2
United Kingdom,GBR,0,2013,6,155.0
United Kingdom,GBR,0,2013,7,148.8
United Kingdom,GBR,0,2013,8,148.6
United Kingdom,GBR,0,2013,9,148.4
United Kingdom,GBR,0,2013,10,148.3
United Kingdom,GBR,0,2013,11,150.4
United Kingdom,GBR,0,2013,12,152.2
United Kingdom,GBR,0,2014,1,151.2
United Kingdom,GBR,0,2014,2,164.6
United Kingdom,GBR,0,2014,3,163.5
United Kingdom,GBR,0,2014,4,172.0
United Kingdom,GBR,0,2014,5,166.9
United Kingdom,GBR,0,2014,6,161.7
United Kingdom,GBR,0,2014,7,161.5
United Kingdom,GBR,0,2014,8,162.4
United Kingdom,GBR,0,2014,9,157.7
United Kingdom,GBR,0,2014,10,160.0
United Kingdom,GBR,0,2014,11,163.3
United Kingdom,GBR,0,2014,12,179.7
United Kingdom,GBR,0,2015,1,197.8
United Kingdom,GBR,0,2015,2,183.2
United Kingdom,GBR,0,2015,3,190.2
United Kingdom,GBR,0,2015,4,185.8
United Kingdom,GBR,0,2015,5,190.2
United Kingdom,GBR,0,2015,6,205.3
United Kingdom,GBR,0,2015,7,203.4
United Kingdom,GBR,0,2015,8,213.2
United Kingdom,GBR,0,2015,9,203.9
United Kingdom,GBR,0,2015,10,200.6
United Kingdom,GBR,0,2015,11,204.5
United Kingdom,GBR,0,2015,12,207.1
United Kingdom,GBR,0,2016,1,209.6
United Kingdom,GBR,0,2016,2,230.6
United Kingdom,GBR,0,2016,3,226.5
United Kingdom,GBR,0,2016,4,216.4
United Kingdom,GBR,0,2016,5,217.1
United Kingdom,GBR,0,2016,6,231.4
United Kingdom,GBR,0,2016,7,210.0
United Kingdom,GBR,0,2016,8,204.9
United Kingdom,GBR,0,2016,9,217.6
United Kingdom,GBR,0,2016,10,207.3
United Kingdom,GBR,0,2016,11,215.8
United Kingdom,GBR,0,2016,12,217.2
United Kingdom,GBR,0,2017,1,214.1
United Kingdom,GBR,0,2017,2,217.5
United Kingdom,GBR,0,2017,3,228.3
United Kingdom,GBR,0,2017,4,231.5
United Kingdom,GBR,0,2017,5,236.4
United Kingdom,GBR,0,2017,6,236.0
United Kingdom,GBR,0,2017,7,229.6
United Kingdom,GBR,0,2017,8,225.0
United Kingdom,GBR,0,2017,9,237.4
United Kingdom,GBR,0,2017,10,225.9
United Kingdom,GBR,0,2017,11,237.5
United Kingdom,GBR,0,2017,12,249.9
United Kingdom,GBR,0,2018,1,243.3
United Kingdom,GBR,0,2018,2,250.6
United Kingdom,GBR,0,2018,3,263.6
United Kingdom,GBR,0,2018,4,262.6
United Kingdom,GBR,0,2018,5,265.0
United Kingdom,GBR,0,2018,6,274.2
United Kingdom,GBR,0,2018,7,271.7
United Kingdom,GBR,0,2018,8,272.6
United Kingdom,GBR,0,2018,9,276.3
United Kingdom,GBR,0,2018,10,263.9
United Kingdom,GBR,0,2018,11,258.9
United Kingdom,GBR,0,2018,12,288.0
United Kingdom,GBR,0,2019,1,290.1
United Kingdom,GBR,0,2019,2,302.5
United Kingdom,GBR,0,2019,3,317.1
United Kingdom,GBR,0,2019,4,300.8
United Kingdom,GBR,0,2019,5,323.1
United Kingdom,GBR,0,2019,6,341.1
United Kingdom,GBR,0,2019,7,406.8
United Kingdom,GBR,0,2019,8,434.6
United Kingdom,GBR,0,2019,9,412.7
United Kingdom,GBR,0,2019,10,412.7
United Kingdom,GBR,0,2019,11,400.5
United Kingdom,GBR,0,2019,12,392.1
United Kingdom,GBR,0,2020,1,450.3
United Kingdom,GBR,0,2020,2,477.1
United Kingdom,GBR,0,2020,3,469.7
United Kingdom,GBR,0,2020,4,429.2
United Kingdom,GBR,0,2020,5,445.8
United Kingdom,GBR,0,2020,6,445.7
United Kingdom,GBR,0,2020,7,424.6
United Kingdom,GBR,0,2020,8,419.4
United Kingdom,GBR,0,2020,9,428.5
United Kingdom,GBR,0,2020,10,442.8
United Kingdom,GBR,0,2020,11,420.5
United Kingdom,GBR,0,2020,12,440.6
United Kingdom,GBR,0,2021,1,438.7
United Kingdom,GBR,0,2021,2,459.4
United Kingdom,GBR,0,2021,3,443.1
United Kingdom,GBR,0,2021,4,431.7
United Kingdom,GBR,0,2021,5,467.6
United Kingdom,GBR,0,2021,6,533.6
United Kingdom,GBR,0,2021,7,541.6
United Kingdom,GBR,0,2021,8,568.9
United Kingdom,GBR,0,2021,9,566.4
United Kingdom,GBR,0,2021,10,580.2
United Kingdom,GBR,0,2021,11,621.8
United Kingdom,GBR,0,2021,12,649.3
United Kingdom,GBR,0,2022,1,610.7
United Kingdom,GBR,0,2022,2,627.0
United Kingdom,GBR,0,2022,3,636.5
United Kingdom,GBR,0,2022,4,614.3
United Kingdom,GBR,0,2022,5,636.5
United Kingdom,GBR,0,2022,6,617.3
United Kingdom,GBR,0,2022,7,636.6
United Kingdom,GBR,0,2022,8,646.5
United Kingdom,GBR,0,2022,9,664.8
United Kingdom,GBR,0,2022,10,641.3
United Kingdom,GBR,0,2022,11,575.1
United Kingdom,GBR,0,2022,12,573.7
United Kingdom,GBR,0,2023,1,598.0
United Kingdom,GBR,0,2023,2,576.5
United Kingdom,GBR,0,2023,3,633.1
United Kingdom,GBR,0,2023,4,625.1
United Kingdom,GBR,0,2023,5,606.6
United Kingdom,GBR,0,2023,6,624.4
United Kingdom,GBR,0,2023,7,609.3
United Kingdom,GBR,0,2023,8,627.5
United Kingdom,GBR,0,2023,9,604.7
United Kingdom,GBR,0,2023,10,630.0
United Kingdom,GBR,0,2023,11,650.8
United Kingdom,GBR,0,2023,12,688.6
United Kingdom,GBR,0,2024,1,701.8
United Kingdom,GBR,0,2024,2,711.5
United Kingdom,GBR,0,2024,3,736.4
United Kingdom,GBR,0,2024,4,714.6
United Kingdom,GBR,0,2024,5,728.6
United Kingdom,GBR,0,2024,6,746.5
United Kingdom,GBR,0,2024,7,733.5
United Kingdom,GBR,0,2024,8,749.2
United Kingdom,GBR,0,2024,9,769.3
United Kingdom,GBR,0,2024,10,746.5
United Kingdom,GBR,0,2024,11,766.9
United Kingdom,GBR,0,2024,12,722.8
United Kingdom,GBR,0,2025,1,740.2
United Kingdom,GBR,0,2025,2,750.3
United Kingdom,GBR,0,2025,3,779.2
United Kingdom,GBR,0,2025,4,807.6
United Kingdom,GBR,0,2025,5,809.4
United Kingdom,GBR,0,2025,6,855.6
United Kingdom,GBR,0,2025,7,895.9
United Kingdom,GBR,0,2025,8,901.3
United Kingdom,GBR,0,2025,9,862.5
United Kingdom,GBR,0,2025,10,875.4
United Kingdom,GBR,0,2025,11,879.8
United Kingdom,GBR,0,2025,12,863.1
Uruguay,URY,0,2013,1,8.5
Uruguay,URY,0,2013,2,8.6
Uruguay,URY,0,2013,3,8.7
Uruguay,URY,0,2013,4,8.2
Uruguay,URY,0,2013,5,9.0
Uruguay,URY,0,2013,6,7.7
Uruguay,URY,0,2013,7,8.0
Uruguay,URY,0,2013,8,9.0
Uruguay,URY,0,2013,9,8.7
Uruguay,URY,0,2013,10,9.0
Uruguay,URY,0,2013,11,9.0
Uruguay,URY,0,2013,12,10.7
Uruguay,URY,0,2014,1,9.5
Uruguay,URY,0,2014,2,9.3
Uruguay,URY,0,2014,3,8.2
Uruguay,URY,0,2014,4,7.4
Uruguay,URY,0,2014,5,7.1
Uruguay,URY,0,2014,6,7.7
Uruguay,URY,0,2014,7,7.4
Uruguay,URY,0,2014,8,7.6
Uruguay,URY,0,2014,9,7.7
Uruguay,URY,0,2014,10,7.9
Uruguay,URY,0,2014,11,8.6
Uruguay,URY,0,2014,12,10.5
Vietnam,VNM,0,2014,1,10.6
Vietnam,VNM,0,2014,2,10.4
Vietnam,VNM,0,2014,3,13.4
Vietnam,VNM,0,2014,4,14.2
Vietnam,VNM,0,2014,5,14.4
Vietnam,VNM,0,2014,6,14.4
Vietnam,VNM,0,2014,7,14.4
Vietnam,VNM,0,2014,8,14.6
Vietnam,VNM,0,2014,9,13.7
Vietnam,VNM,0,2014,10,13.3
Vietnam,VNM,0,2014,11,13.7
Vietnam,VNM,0,2014,12,14.0
Vietnam,VNM,0,2015,1,14.0
Vietnam,VNM,0,2015,2,13.9
Vietnam,VNM,0,2015,3,13.7
Vietnam,VNM,0,2015,4,13.4
Vietnam,VNM,0,2015,5,13.7
Vietnam,VNM,0,2015,6,13.6
Vietnam,VNM,0,2015,7,13.3
Vietnam,VNM,0,2015,8,12.9
Vietnam,VNM,0,2015,9,12.6
Vietnam,VNM,0,2015,10,12.6
Vietnam,VNM,0,2015,11,12.4
Vietnam,VNM,0,2015,12,12.3
Vietnam,VNM,0,2016,1,12.1
Vietnam,VNM,0,2016,2,12.0
Vietnam,VNM,0,2016,3,12.1
Vietnam,VNM,0,2016,4,12.0
Vietnam,VNM,0,2016,5,12.1
Vietnam,VNM,0,2016,6,13.5
Vietnam,VNM,0,2016,7,13.4
Vietnam,VNM,0,2016,8,13.3
Vietnam,VNM,0,2016,9,13.5
Vietnam,VNM,0,2016,10,13.6
Vietnam,VNM,0,2016,11,13.5
Vietnam,VNM,0,2016,12,13.8
Vietnam,VNM,0,2017,1,13.3
Vietnam,VNM,0,2017,2,13.2
Vietnam,VNM,0,2017,3,13.9
Vietnam,VNM,0,2017,4,14.0
Vietnam,VNM,0,2017,5,13.7
Vietnam,VNM,0,2017,6,13.6
Vietnam,VNM,0,2017,7,13.4
Vietnam,VNM,0,2017,8,12.9
Vietnam,VNM,0,2017,9,14.3
Vietnam,VNM,0,2017,10,14.0
Vietnam,VNM,0,2017,11,14.2
Vietnam,VNM,0,2017,12,14.8
Vietnam,VNM,0,2018,1,17.9
Vietnam,VNM,0,2018,2,18.9
Vietnam,VNM,0,2018,3,20.1
Vietnam,VNM,0,2018,4,19.3
Vietnam,VNM,0,2018,5,19.5
Vietnam,VNM,0,2018,6,20.2
Vietnam,VNM,0,2018,7,20.7
Vietnam,VNM,0,2018,8,20.9
Vietnam,VNM,0,2018,9,20.6
Vietnam,VNM,0,2018,10,19.3
Vietnam,VNM,0,2018,11,19.1
Vietnam,VNM,0,2018,12,19.9
Vietnam,VNM,0,2019,1,20.6
Vietnam,VNM,0,2019,2,21.4
Vietnam,VNM,0,2019,3,23.3
Vietnam,VNM,0,2019,4,23.1
Vietnam,VNM,0,2019,5,24.0
Vietnam,VNM,0,2019,6,24.8
Vietnam,VNM,0,2019,7,24.6
Vietnam,VNM,0,2019,8,26.7
Vietnam,VNM,0,2019,9,28.8
Vietnam,VNM,0,2019,10,29.2
Vietnam,VNM,0,2019,11,29.9
Vietnam,VNM,0,2019,12,30.5
Vietnam,VNM,0,2020,1,30.3
Vietnam,VNM,0,2020,2,31.0
Vietnam,VNM,0,2020,3,30.7
Vietnam,VNM,0,2020,4,29.6
Vietnam,VNM,0,2020,5,30.3
Vietnam,VNM,0,2020,6,30.3
Vietnam,VNM,0,2020,7,29.9
Vietnam,VNM,0,2020,8,30.1
Vietnam,VNM,0,2020,9,30.4
Vietnam,VNM,0,2020,10,32.6
Vietnam,VNM,0,2020,11,31.9
Vietnam,VNM,0,2020,12,33.2
Vietnam,VNM,0,2021,1,37.4
Vietnam,VNM,0,2021,2,37.3
Vietnam,VNM,0,2021,3,37.8
Vietnam,VNM,0,2021,4,37.3
Vietnam,VNM,0,2021,5,38.9
Vietnam,VNM,0,2021,6,39.2
Vietnam,VNM,0,2021,7,42.9
Vietnam,VNM,0,2021,8,44.8
Vietnam,VNM,0,2021,9,45.2
Vietnam,VNM,0,2021,10,45.0
Vietnam,VNM,0,2021,11,43.8
Vietnam,VNM,0,2021,12,43.0
Vietnam,VNM,0,2022,1,42.3
Vietnam,VNM,0,2022,2,41.4
Vietnam,VNM,0,2022,3,40.7
Vietnam,VNM,0,2022,4,40.1
Vietnam,VNM,0,2022,5,39.1
Vietnam,VNM,0,2022,6,39.2
Vietnam,VNM,0,2022,7,39.9
Vietnam,VNM,0,2022,8,38.2
Vietnam,VNM,0,2022,9,37.1
Vietnam,VNM,0,2022,10,36.2
Vietnam,VNM,0,2022,11,35.6
Vietnam,VNM,0,2022,12,36.9
Vietnam,VNM,0,2023,1,36.3
Vietnam,VNM,0,2023,2,35.9
Vietnam,VNM,0,2023,3,35.2
Vietnam,VNM,0,2023,4,36.7
Vietnam,VNM,0,2023,5,35.0
Vietnam,VNM,0,2023,6,33.6
Vietnam,VNM,0,2023,7,32.9
Vietnam,VNM,0,2023,8,32.1
Vietnam,VNM,0,2023,9,31.7
Vietnam,VNM,0,2023,10,30.3
Vietnam,VNM,0,2023,11,29.7
Vietnam,VNM,0,2023,12,30.7
All Other,,1,2000,3,161.3
All Other,,1,2000,4,153.8
All Other,,1,2000,5,151.3
All Other,,1,2000,6,152.3
All Other,,1,2000,7,154.8
All Other,,1,2000,8,158.4
All Other,,1,2000,9,158.3
All Other,,1,2000,10,158.3
All Other,,1,2000,11,156.5
All Other,,1,2000,12,157.8
All Other,,1,2001,1,178.7
All Other,,1,2001,2,177.2
All Other,,1,2001,3,175.3
All Other,,1,2001,4,170.9
All Other,,1,2001,5,172.5
All Other,,1,2001,6,171.2
All Other,,1,2001,7,178.1
All Other,,1,2001,8,190.1
All Other,,1,2001,9,190.7
All Other,,1,2001,10,191.8
All Other,,1,2001,11,196.1
All Other,,1,2001,12,188.8
All Other,,1,2002,1,134.4
All Other,,1,2002,2,129.8
All Other,,1,2002,3,128.3
All Other,,1,2002,4,126.6
All Other,,1,2002,5,117.9
All Other,,1,2002,6,109.3
All Other,,1,2002,7,107.1
All Other,,1,2002,8,109.2
All Other,,1,2002,9,106.2
All Other,,1,2002,10,110.2
All Other,,1,2002,11,106.6
All Other,,1,2002,12,110.1
All Other,,1,2003,1,126.2
All Other,,1,2003,2,124.4
All Other,,1,2003,3,125.0
All Other,,1,2003,4,123.7
All Other,,1,2003,5,123.8
All Other,,1,2003,6,128.8
All Other,,1,2003,7,126.2
All Other,,1,2003,8,129.1
All Other,,1,2003,9,124.4
All Other,,1,2003,10,123.4
All Other,,1,2003,11,122.8
All Other,,1,2003,12,119.2
All Other,,1,2004,1,116.6
All Other,,1,2004,2,117.7
All Other,,1,2004,3,116.1
All Other,,1,2004,4,118.6
All Other,,1,2004,5,116.4
All Other,,1,2004,6,121.2
All Other,,1,2004,7,123.2
All Other,,1,2004,8,116.5
All Other,,1,2004,9,116.6
All Other,,1,2004,10,117.5
All Other,,1,2004,11,125.5
All Other,,1,2004,12,128.9
All Other,,1,2005,1,168.0
All Other,,1,2005,2,172.9
All Other,,1,2005,3,157.1
All Other,,1,2005,4,169.8
All Other,,1,2005,5,174.8
All Other,,1,2005,6,152.3
All Other,,1,2005,7,158.3
All Other,,1,2005,8,157.0
All Other,,1,2005,9,144.5
All Other,,1,2005,10,154.0
All Other,,1,2005,11,163.8
All Other,,1,2005,12,159.4
All Other,,1,2006,1,147.3
All Other,,1,2006,2,148.9
All Other,,1,2006,3,151.7
All Other,,1,2006,4,139.1
All Other,,1,2006,5,126.5
All Other,,1,2006,6,127.5
All Other,,1,2006,7,126.6
All Other,,1,2006,8,128.3
All Other,,1,2006,9,126.3
All Other,,1,2006,10,129.7
All Other,,1,2006,11,132.5
All Other,,1,2006,12,132.6
All Other,,1,2007,1,163.8
All Other,,1,2007,2,168.4
All Other,,1,2007,3,168.2
All Other,,1,2007,4,162.3
All Other,,1,2007,5,162.1
All Other,,1,2007,6,158.4
All Other,,1,2007,7,147.8
All Other,,1,2007,8,145.5
All Other,,1,2007,9,142.8
All Other,,1,2007,10,145.5
All Other,,1,2007,11,150.8
All Other,,1,2007,12,154.7
All Other,,1,2008,1,140.5
All Other,,1,2008,2,139.2
All Other,,1,2008,3,142.7
All Other,,1,2008,4,144.6
All Other,,1,2008,5,146.8
All Other,,1,2008,6,159.8
All Other,,1,2008,7,159.0
All Other,,1,2008,8,163.4
All Other,,1,2008,9,154.2
All Other,,1,2008,10,162.1
All Other,,1,2008,11,168.8
All Other,,1,2008,12,163.2
All Other,,1,2009,1,147.0
All Other,,1,2009,2,147.7
All Other,,1,2009,3,142.4
All Other,,1,2009,4,136.6
All Other,,1,2009,5,139.0
All Other,,1,2009,6,162.5
All Other,,1,2009,7,163.7
All Other,,1,2009,8,161.0
All Other,,1,2009,9,159.4
All Other,,1,2009,10,158.0
All Other,,1,2009,11,153.8
All Other,,1,2009,12,150.6
All Other,,1,2010,1,161.1
All Other,,1,2010,2,162.0
All Other,,1,2010,3,163.4
All Other,,1,2010,4,168.1
All Other,,1,2010,5,174.6
All Other,,1,2010,6,199.1
All Other,,1,2010,7,205.7
All Other,,1,2010,8,205.6
All Other,,1,2010,9,203.5
All Other,,1,2010,10,201.1
All Other,,1,2010,11,200.2
All Other,,1,2010,12,192.7
All Other,,1,2011,1,188.0
All Other,,1,2011,2,185.3
All Other,,1,2011,3,189.6
All Other,,1,2011,4,194.6
All Other,,1,2011,5,191.7
All Other,,1,2011,6,206.9
All Other,,1,2011,7,203.5
All Other,,1,2011,8,206.4
All Other,,1,2011,9,194.0
All Other,,1,2011,10,198.4
All Other,,1,2011,11,203.8
All Other,,1,2011,12,214.7
All Other,,1,2012,1,233.5
All Other,,1,2012,2,234.0
All Other,,1,2012,3,240.3
All Other,,1,2012,4,251.7
All Other,,1,2012,5,247.3
All Other,,1,2012,6,253.2
All Other,,1,2012,7,244.1
All Other,,1,2012,8,257.8
All Other,,1,2012,9,263.8
All Other,,1,2012,10,272.0
All Other,,1,2012,11,275.7
All Other,,1,2012,12,271.0
All Other,,1,2013,1,256.7
All Other,,1,2013,2,256.7
All Other,,1,2013,3,257.8
All Other,,1,2013,4,243.5
All Other,,1,2013,5,233.1
All Other,,1,2013,6,227.7
All Other,,1,2013,7,230.9
All Other,,1,2013,8,234.8
All Other,,1,2013,9,239.9
All Other,,1,2013,10,226.5
All Other,,1,2013,11,233.4
All Other,,1,2013,12,231.3
All Other,,1,2014,1,243.9
All Other,,1,2014,2,248.0
All Other,,1,2014,3,266.8
All Other,,1,2014,4,262.2
All Other,,1,2014,5,259.8
All Other,,1,2014,6,259.6
All Other,,1,2014,7,248.8
All Other,,1,2014,8,241.8
All Other,,1,2014,9,234.9
All Other,,1,2014,10,235.3
All Other,,1,2014,11,241.7
All Other,,1,2014,12,234.4
All Other,,1,2015,1,241.3
All Other,,1,2015,2,234.7
All Other,,1,2015,3,232.6
All Other,,1,2015,4,239.2
All Other,,1,2015,5,242.7
All Other,,1,2015,6,241.7
All Other,,1,2015,7,244.4
All Other,,1,2015,8,242.4
All Other,,1,2015,9,243.2
All Other,,1,2015,10,239.6
All Other,,1,2015,11,248.3
All Other,,1,2015,12,256.2
All Other,,1,2016,1,256.2
All Other,,1,2016,2,254.5
All Other,,1,2016,3,251.0
All Other,,1,2016,4,247.0
All Other,,1,2016,5,245.6
All Other,,1,2016,6,244.2
All Other,,1,2016,7,241.2
All Other,,1,2016,8,239.6
All Other,,1,2016,9,239.0
All Other,,1,2016,10,247.8
All Other,,1,2016,11,238.0
All Other,,1,2016,12,248.5
All Other,,1,2017,1,245.8
All Other,,1,2017,2,238.2
All Other,,1,2017,3,238.4
All Other,,1,2017,4,236.5
All Other,,1,2017,5,243.1
All Other,,1,2017,6,242.6
All Other,,1,2017,7,244.7
All Other,,1,2017,8,243.5
All Other,,1,2017,9,254.9
All Other,,1,2017,10,252.3
All Other,,1,2017,11,256.5
All Other,,1,2017,12,253.6
All Other,,1,2018,1,299.9
All Other,,1,2018,2,296.6
All Other,,1,2018,3,288.8
All Other,,1,2018,4,290.4
All Other,,1,2018,5,298.9
All Other,,1,2018,6,294.8
All Other,,1,2018,7,305.6
All Other,,1,2018,8,295.5
All Other,,1,2018,9,279.0
All Other,,1,2018,10,290.3
All Other,,1,2018,11,293.9
All Other,,1,2018,12,287.6
All Other,,1,2019,1,325.2
All Other,,1,2019,2,324.3
All Other,,1,2019,3,332.4
All Other,,1,2019,4,339.8
All Other,,1,2019,5,342.6
All Other,,1,2019,6,329.0
All Other,,1,2019,7,330.6
All Other,,1,2019,8,355.3
All Other,,1,2019,9,340.4
All Other,,1,2019,10,341.8
All Other,,1,2019,11,340.2
All Other,,1,2019,12,329.8
All Other,,1,2020,1,533.8
All Other,,1,2020,2,543.8
All Other,,1,2020,3,503.1
All Other,,1,2020,4,517.6
All Other,,1,2020,5,523.5
All Other,,1,2020,6,522.4
All Other,,1,2020,7,536.4
All Other,,1,2020,8,521.4
All Other,,1,2020,9,521.5
All Other,,1,2020,10,512.4
All Other,,1,2020,11,501.1
All Other,,1,2020,12,493.8
All Other,,1,2021,1,495.7
All Other,,1,2021,2,489.7
All Other,,1,2021,3,486.4
All Other,,1,2021,4,474.7
All Other,,1,2021,5,477.0
All Other,,1,2021,6,484.4
All Other,,1,2021,7,479.1
All Other,,1,2021,8,475.0
All Other,,1,2021,9,470.0
All Other,,1,2021,10,480.1
All Other,,1,2021,11,477.7
All Other,,1,2021,12,492.1
All Other,,1,2022,1,410.0
All Other,,1,2022,2,409.8
All Other,,1,2022,3,399.6
All Other,,1,2022,4,402.0
All Other,,1,2022,5,400.1
All Other,,1,2022,6,407.2
All Other,,1,2022,7,407.7
All Other,,1,2022,8,408.5
All Other,,1,2022,9,414.1
All Other,,1,2022,10,408.4
All Other,,1,2022,11,424.3
All Other,,1,2022,12,438.8
All Other,,1,2023,1,517.1
All Other,,1,2023,2,521.8
All Other,,1,2023,3,540.4
All Other,,1,2023,4,523.3
All Other,,1,2023,5,529.5
All Other,,1,2023,6,559.5
All Other,,1,2023,7,567.4
All Other,,1,2023,8,563.5
All Other,,1,2023,9,571.0
All Other,,1,2023,10,566.9
All Other,,1,2023,11,563.0
All Other,,1,2023,12,572.5
All Other,,1,2024,1,548.3
All Other,,1,2024,2,561.8
All Other,,1,2024,3,573.2
All Other,,1,2024,4,583.3
All Other,,1,2024,5,588.3
All Other,,1,2024,6,632.1
All Other,,1,2024,7,642.5
All Other,,1,2024,8,650.8
All Other,,1,2024,9,657.9
All Other,,1,2024,10,669.3
All Other,,1,2024,11,662.5
All Other,,1,2024,12,669.5
All Other,,1,2025,1,729.2
All Other,,1,2025,2,734.6
All Other,,1,2025,3,650.9
All Other,,1,2025,4,654.1
All Other,,1,2025,5,664.0
All Other,,1,2025,6,673.6
All Other,,1,2025,7,670.3
All Other,,1,2025,8,690.1
All Other,,1,2025,9,678.1
All Other,,1,2025,10,690.1
All Other,,1,2025,11,700.4
All Other,,1,2025,12,710.8
Belgium-Luxembourg,,1,2000,3,27.1
Belgium-Luxembourg,,1,2000,4,26.1
Belgium-Luxembourg,,1,2000,5,25.3
Belgium-Luxembourg,,1,2000,6,25.2
Belgium-Luxembourg,,1,2000,7,25.0
Belgium-Luxembourg,,1,2000,8,24.6
Belgium-Luxembourg,,1,2000,9,23.3
Belgium-Luxembourg,,1,2000,10,23.4
Belgium-Luxembourg,,1,2000,11,24.3
Belgium-Luxembourg,,1,2000,12,29.6
Belgium-Luxembourg,,1,2001,1,29.4
Belgium-Luxembourg,,1,2001,2,28.7
Belgium-Luxembourg,,1,2001,3,20.7
Belgium-Luxembourg,,1,2001,4,21.3
Belgium-Luxembourg,,1,2001,5,21.2
Belgium-Luxembourg,,1,2001,6,21.6
Belgium-Luxembourg,,1,2001,7,21.6
Belgium-Luxembourg,,1,2001,8,21.6
Belgium-Luxembourg,,1,2001,9,21.5
Belgium-Luxembourg,,1,2001,10,21.8
Belgium-Luxembourg,,1,2001,11,22.2
Belgium-Luxembourg,,1,2001,12,22.4
Carib Bnkng Ctrs,,1,2000,3,41.4
Carib Bnkng Ctrs,,1,2000,4,43.8
Carib Bnkng Ctrs,,1,2000,5,41.0
Carib Bnkng Ctrs,,1,2000,6,38.4
Carib Bnkng Ctrs,,1,2000,7,37.5
Carib Bnkng Ctrs,,1,2000,8,37.4
Carib Bnkng Ctrs,,1,2000,9,33.9
Carib Bnkng Ctrs,,1,2000,10,39.2
Carib Bnkng Ctrs,,1,2000,11,36.3
Carib Bnkng Ctrs,,1,2000,12,37.4
Carib Bnkng Ctrs,,1,2001,1,24.9
Carib Bnkng Ctrs,,1,2001,2,28.0
Carib Bnkng Ctrs,,1,2001,3,24.6
Carib Bnkng Ctrs,,1,2001,4,20.6
Carib Bnkng Ctrs,,1,2001,5,19.2
Carib Bnkng Ctrs,,1,2001,6,18.3
Carib Bnkng Ctrs,,1,2001,7,18.1
Carib Bnkng Ctrs,,1,2001,8,23.4
Carib Bnkng Ctrs,,1,2001,9,23.4
Carib Bnkng Ctrs,,1,2001,10,24.3
Carib Bnkng Ctrs,,1,2001,11,33.1
Carib Bnkng Ctrs,,1,2001,12,27.6
Carib Bnkng Ctrs,,1,2002,1,31.9
Carib Bnkng Ctrs,,1,2002,2,30.4
Carib Bnkng Ctrs,,1,2002,3,27.6
Carib Bnkng Ctrs,,1,2002,4,23.7
Carib Bnkng Ctrs,,1,2002,5,31.7
Carib Bnkng Ctrs,,1,2002,6,34.6
Carib Bnkng Ctrs,,1,2002,7,43.1
Carib Bnkng Ctrs,,1,2002,8,33.0
Carib Bnkng Ctrs,,1,2002,9,40.6
Carib Bnkng Ctrs,,1,2002,10,45.8
Carib Bnkng Ctrs,,1,2002,11,44.8
Carib Bnkng Ctrs,,1,2002,12,50.3
Carib Bnkng Ctrs,,1,2003,1,48.2
Carib Bnkng Ctrs,,1,2003,2,50.1
Carib Bnkng Ctrs,,1,2003,3,62.1
Carib Bnkng Ctrs,,1,2003,4,60.3
Carib Bnkng Ctrs,,1,2003,5,72.3
Carib Bnkng Ctrs,,1,2003,6,48.1
Carib Bnkng Ctrs,,1,2003,7,55.1
Carib Bnkng Ctrs,,1,2003,8,52.4
Carib Bnkng Ctrs,,1,2003,9,48.9
Carib Bnkng Ctrs,,1,2003,10,38.0
Carib Bnkng Ctrs,,1,2003,11,40.8
Carib Bnkng Ctrs,,1,2003,12,47.3
Carib Bnkng Ctrs,,1,2004,1,47.3
Carib Bnkng Ctrs,,1,2004,2,51.0
Carib Bnkng Ctrs,,1,2004,3,61.7
Carib Bnkng Ctrs,,1,2004,4,60.2
Carib Bnkng Ctrs,,1,2004,5,75.7
Carib Bnkng Ctrs,,1,2004,6,82.0
Carib Bnkng Ctrs,,1,2004,7,77.3
Carib Bnkng Ctrs,,1,2004,8,79.1
Carib Bnkng Ctrs,,1,2004,9,82.4
Carib Bnkng Ctrs,,1,2004,10,80.4
Carib Bnkng Ctrs,,1,2004,11,60.9
Carib Bnkng Ctrs,,1,2004,12,51.1
Carib Bnkng Ctrs,,1,2005,1,76.4
Carib Bnkng Ctrs,,1,2005,2,86.3
Carib Bnkng Ctrs,,1,2005,3,121.1
Carib Bnkng Ctrs,,1,2005,4,112.8
Carib Bnkng Ctrs,,1,2005,5,87.2
Carib Bnkng Ctrs,,1,2005,6,70.9
Carib Bnkng Ctrs,,1,2005,7,65.2
Carib Bnkng Ctrs,,1,2005,8,67.4
Carib Bnkng Ctrs,,1,2005,9,68.3
Carib Bnkng Ctrs,,1,2005,10,75.0
Carib Bnkng Ctrs,,1,2005,11,81.2
Carib Bnkng Ctrs,,1,2005,12,77.2
Carib Bnkng Ctrs,,1,2006,1,63.1
Carib Bnkng Ctrs,,1,2006,2,51.1
Carib Bnkng Ctrs,,1,2006,3,62.7
Carib Bnkng Ctrs,,1,2006,4,57.1
Carib Bnkng Ctrs,,1,2006,5,65.2
Carib Bnkng Ctrs,,1,2006,6,73.7
Carib Bnkng Ctrs,,1,2006,7,85.8
Carib Bnkng Ctrs,,1,2006,8,79.9
Carib Bnkng Ctrs,,1,2006,9,69.6
Carib Bnkng Ctrs,,1,2006,10,72.5
Carib Bnkng Ctrs,,1,2006,11,86.7
Carib Bnkng Ctrs,,1,2006,12,72.3
Carib Bnkng Ctrs,,1,2007,1,68.0
Carib Bnkng Ctrs,,1,2007,2,65.6
Carib Bnkng Ctrs,,1,2007,3,79.9
Carib Bnkng Ctrs,,1,2007,4,75.6
Carib Bnkng Ctrs,,1,2007,5,47.2
Carib Bnkng Ctrs,,1,2007,6,78.2
Carib Bnkng Ctrs,,1,2007,7,70.7
Carib Bnkng Ctrs,,1,2007,8,104.1
Carib Bnkng Ctrs,,1,2007,9,99.7
Carib Bnkng Ctrs,,1,2007,10,105.8
Carib Bnkng Ctrs,,1,2007,11,108.0
Carib Bnkng Ctrs,,1,2007,12,117.4
Carib Bnkng Ctrs,,1,2008,1,109.2
Carib Bnkng Ctrs,,1,2008,2,104.0
Carib Bnkng Ctrs,,1,2008,3,108.7
Carib Bnkng Ctrs,,1,2008,4,117.4
Carib Bnkng Ctrs,,1,2008,5,104.5
Carib Bnkng Ctrs,,1,2008,6,106.6
Carib Bnkng Ctrs,,1,2008,7,117.6
Carib Bnkng Ctrs,,1,2008,8,133.0
Carib Bnkng Ctrs,,1,2008,9,169.3
Carib Bnkng Ctrs,,1,2008,10,203.8
Carib Bnkng Ctrs,,1,2008,11,205.3
Carib Bnkng Ctrs,,1,2008,12,197.9
Carib Bnkng Ctrs,,1,2009,1,177.1
Carib Bnkng Ctrs,,1,2009,2,189.6
Carib Bnkng Ctrs,,1,2009,3,214.2
Carib Bnkng Ctrs,,1,2009,4,205.3
Carib Bnkng Ctrs,,1,2009,5,195.3
Carib Bnkng Ctrs,,1,2009,6,135.5
Carib Bnkng Ctrs,,1,2009,7,138.8
Carib Bnkng Ctrs,,1,2009,8,125.3
Carib Bnkng Ctrs,,1,2009,9,116.6
Carib Bnkng Ctrs,,1,2009,10,114.1
Carib Bnkng Ctrs,,1,2009,11,123.2
Carib Bnkng Ctrs,,1,2009,12,128.2
Carib Bnkng Ctrs,,1,2010,1,143.7
Carib Bnkng Ctrs,,1,2010,2,144.4
Carib Bnkng Ctrs,,1,2010,3,148.3
Carib Bnkng Ctrs,,1,2010,4,153.3
Carib Bnkng Ctrs,,1,2010,5,166.4
Carib Bnkng Ctrs,,1,2010,6,179.0
Carib Bnkng Ctrs,,1,2010,7,162.0
Carib Bnkng Ctrs,,1,2010,8,170.3
Carib Bnkng Ctrs,,1,2010,9,155.5
Carib Bnkng Ctrs,,1,2010,10,143.7
Carib Bnkng Ctrs,,1,2010,11,156.4
Carib Bnkng Ctrs,,1,2010,12,165.9
Carib Bnkng Ctrs,,1,2011,1,165.3
Carib Bnkng Ctrs,,1,2011,2,168.6
Carib Bnkng Ctrs,,1,2011,3,155.4
Carib Bnkng Ctrs,,1,2011,4,140.8
Carib Bnkng Ctrs,,1,2011,5,154.0
Carib Bnkng Ctrs,,1,2011,6,196.3
Carib Bnkng Ctrs,,1,2011,7,177.9
Carib Bnkng Ctrs,,1,2011,8,210.4
Carib Bnkng Ctrs,,1,2011,9,210.9
Carib Bnkng Ctrs,,1,2011,10,213.2
Carib Bnkng Ctrs,,1,2011,11,223.3
Carib Bnkng Ctrs,,1,2011,12,227.2
For. Official,,1,2000,3,635.6
For. Official,,1,2000,4,634.9
For. Official,,1,2000,5,624.7
For. Official,,1,2000,6,631.6
For. Official,,1,2000,7,633.3
For. Official,,1,2000,8,633.5
For. Official,,1,2000,9,622.6
For. Official,,1,2000,10,615.1
For. Official,,1,2000,11,610.1
For. Official,,1,2000,12,609.2
For. Official,,1,2001,1,616.9
For. Official,,1,2001,2,614.3
For. Official,,1,2001,3,614.2
For. Official,,1,2001,4,594.1
For. Official,,1,2001,5,588.8
For. Official,,1,2001,6,586.9
For. Official,,1,2001,7,590.0
For. Official,,1,2001,8,601.7
For. Official,,1,2001,9,602.7
For. Official,,1,2001,10,611.6
For. Official,,1,2001,11,624.2
For. Official,,1,2001,12,619.4
For. Official,,1,2002,1,617.2
For. Official,,1,2002,2,612.2
For. Official,,1,2002,3,614.7
For. Official,,1,2002,4,607.6
For. Official,,1,2002,5,614.2
For. Official,,1,2002,6,735.8
For. Official,,1,2002,7,742.6
For. Official,,1,2002,8,744.0
For. Official,,1,2002,9,736.5
For. Official,,1,2002,10,739.8
For. Official,,1,2002,11,753.8
For. Official,,1,2002,12,760.1
For. Official,,1,2003,1,767.1
For. Official,,1,2003,2,774.0
For. Official,,1,2003,3,783.6
For. Official,,1,2003,4,777.0
For. Official,,1,2003,5,799.8
For. Official,,1,2003,6,864.2
For. Official,,1,2003,7,872.1
For. Official,,1,2003,8,876.0
For. Official,,1,2003,9,878.9
For. Official,,1,2003,10,902.5
For. Official,,1,2003,11,928.9
For. Official,,1,2003,12,933.9
For. Official,,1,2004,1,962.1
For. Official,,1,2004,2,991.1
For. Official,,1,2004,3,1031.0
For. Official,,1,2004,4,1046.6
For. Official,,1,2004,5,1062.8
For. Official,,1,2004,6,1160.9
For. Official,,1,2004,7,1169.9
For. Official,,1,2004,8,1187.8
For. Official,,1,2004,9,1204.9
For. Official,,1,2004,10,1220.4
For. Official,,1,2004,11,1238.0
For. Official,,1,2004,12,1233.3
For. Official,,1,2005,1,1238.0
For. Official,,1,2005,2,1243.2
For. Official,,1,2005,3,1229.6
For. Official,,1,2005,4,1237.0
For. Official,,1,2005,5,1243.8
For. Official,,1,2005,6,1283.8
For. Official,,1,2005,7,1287.1
For. Official,,1,2005,8,1293.0
For. Official,,1,2005,9,1281.9
For. Official,,1,2005,10,1292.3
For. Official,,1,2005,11,1312.3
For. Official,,1,2005,12,1305.1
For. Official,,1,2006,1,1319.5
For. Official,,1,2006,2,1339.3
For. Official,,1,2006,3,1331.9
For. Official,,1,2006,4,1326.3
For. Official,,1,2006,5,1311.6
For. Official,,1,2006,6,1397.7
For. Official,,1,2006,7,1408.7
For. Official,,1,2006,8,1429.1
For. Official,,1,2006,9,1426.2
For. Official,,1,2006,10,1443.7
For. Official,,1,2006,11,1452.4
For. Official,,1,2006,12,1449.2
For. Official,,1,2007,1,1448.9
For. Official,,1,2007,2,1451.5
For. Official,,1,2007,3,1466.2
For. Official,,1,2007,4,1458.5
For. Official,,1,2007,5,1448.5
For. Official,,1,2007,6,1612.7
For. Official,,1,2007,7,1621.1
For. Official,,1,2007,8,1595.5
For. Official,,1,2007,9,1609.3
For. Official,,1,2007,10,1616.3
For. Official,,1,2007,11,1621.4
For. Official,,1,2007,12,1643.2
For. Official,,1,2008,1,1689.9
For. Official,,1,2008,2,1682.3
For. Official,,1,2008,3,1707.3
For. Official,,1,2008,4,1743.3
For. Official,,1,2008,5,1743.9
For. Official,,1,2008,6,1910.9
For. Official,,1,2008,7,1926.9
For. Official,,1,2008,8,1944.8
For. Official,,1,2008,9,1981.0
For. Official,,1,2008,10,2063.3
For. Official,,1,2008,11,2103.7
For. Official,,1,2008,12,2138.3
For. Official,,1,2009,1,2165.4
For. Official,,1,2009,2,2197.7
For. Official,,1,2009,3,2248.2
For. Official,,1,2009,4,2253.2
For. Official,,1,2009,5,2287.1
For. Official,,1,2009,6,2625.5
For. Official,,1,2009,7,2675.9
For. Official,,1,2009,8,2689.8
For. Official,,1,2009,9,2694.6
For. Official,,1,2009,10,2710.4
For. Official,,1,2009,11,2728.6
For. Official,,1,2009,12,2700.1
For. Official,,1,2010,1,2674.6
For. Official,,1,2010,2,2670.3
For. Official,,1,2010,3,2703.3
For. Official,,1,2010,4,2715.2
For. Official,,1,2010,5,2689.8
For. Official,,1,2010,6,3071.4
For. Official,,1,2010,7,3107.1
For. Official,,1,2010,8,3151.5
For. Official,,1,2010,9,3201.7
For. Official,,1,2010,10,3227.9
For. Official,,1,2010,11,3212.4
For. Official,,1,2010,12,3189.3
For. Official,,1,2011,1,3184.1
For. Official,,1,2011,2,3193.3
For. Official,,1,2011,3,3183.3
For. Official,,1,2011,4,3219.6
For. Official,,1,2011,5,3242.8
For. Official,,1,2011,6,3514.6
For. Official,,1,2011,7,3509.6
For. Official,,1,2011,8,3517.2
For. Official,,1,2011,9,3619.5
For. Official,,1,2011,10,3600.7
For. Official,,1,2011,11,3628.5
For. Official,,1,2011,12,3620.6
For. Official,,1,2012,1,3688.3
For. Official,,1,2012,2,3712.9
For. Official,,1,2012,3,3722.6
For. Official,,1,2012,4,3783.4
For. Official,,1,2012,5,3828.6
For. Official,,1,2012,6,3857.9
For. Official,,1,2012,7,3917.4
For. Official,,1,2012,8,3957.1
For. Official,,1,2012,9,3958.1
For. Official,,1,2012,10,3984.3
For. Official,,1,2012,11,4009.0
For. Official,,1,2012,12,4032.8
For. Official,,1,2013,1,4048.9
For. Official,,1,2013,2,4100.4
For. Official,,1,2013,3,4093.8
For. Official,,1,2013,4,4080.0
For. Official,,1,2013,5,4075.9
For. Official,,1,2013,6,4012.2
For. Official,,1,2013,7,3996.1
For. Official,,1,2013,8,3974.5
For. Official,,1,2013,9,4015.4
For. Official,,1,2013,10,4052.3
For. Official,,1,2013,11,4074.2
For. Official,,1,2013,12,4054.6
For. Official,,1,2014,1,4068.0
For. Official,,1,2014,2,4069.3
For. Official,,1,2014,3,4053.8
For. Official,,1,2014,4,4067.5
For. Official,,1,2014,5,4092.2
For. Official,,1,2014,6,4108.2
For. Official,,1,2014,7,4117.6
For. Official,,1,2014,8,4163.6
For. Official,,1,2014,9,4148.0
For. Official,,1,2014,10,4132.9
For. Official,,1,2014,11,4142.6
For. Official,,1,2014,12,4122.6
For. Official,,1,2015,1,4134.7
For. Official,,1,2015,2,4097.4
For. Official,,1,2015,3,4138.6
For. Official,,1,2015,4,4144.9
For. Official,,1,2015,5,4173.3
For. Official,,1,2015,6,4176.8
For. Official,,1,2015,7,4171.6
For. Official,,1,2015,8,4175.9
For. Official,,1,2015,9,4145.6
For. Official,,1,2015,10,4097.2
For. Official,,1,2015,11,4114.6
For. Official,,1,2015,12,4091.6
For. Official,,1,2016,1,4092.1
For. Official,,1,2016,2,4079.8
For. Official,,1,2016,3,4069.2
For. Official,,1,2016,4,4043.9
For. Official,,1,2016,5,4022.2
For. Official,,1,2016,6,4034.7
For. Official,,1,2016,7,4008.3
For. Official,,1,2016,8,3946.4
For. Official,,1,2016,9,3899.4
For. Official,,1,2016,10,3839.2
For. Official,,1,2016,11,3768.2
For. Official,,1,2016,12,3813.4
For. Official,,1,2017,1,3784.8
For. Official,,1,2017,2,3815.3
For. Official,,1,2017,3,3880.1
For. Official,,1,2017,4,3911.7
For. Official,,1,2017,5,3935.3
For. Official,,1,2017,6,3994.4
For. Official,,1,2017,7,4034.5
For. Official,,1,2017,8,4051.7
For. Official,,1,2017,9,4070.4
For. Official,,1,2017,10,4079.1
For. Official,,1,2017,11,4054.7
For. Official,,1,2017,12,4024.0
For. Official,,1,2018,1,4001.4
For. Official,,1,2018,2,4031.0
For. Official,,1,2018,3,4051.7
For. Official,,1,2018,4,4006.2
For. Official,,1,2018,5,3990.9
For. Official,,1,2018,6,3988.6
For. Official,,1,2018,7,4007.8
For. Official,,1,2018,8,4021.1
For. Official,,1,2018,9,4010.1
For. Official,,1,2018,10,3947.1
For. Official,,1,2018,11,3901.2
For. Official,,1,2018,12,3956.8
For. Official,,1,2019,1,3986.3
For. Official,,1,2019,2,4029.7
For. Official,,1,2019,3,4080.9
For. Official,,1,2019,4,4070.9
For. Official,,1,2019,5,4112.1
For. Official,,1,2019,6,4146.1
For. Official,,1,2019,7,4139.3
For. Official,,1,2019,8,4200.2
For. Official,,1,2019,9,4150.9
For. Official,,1,2019,10,4122.9
For. Official,,1,2019,11,4101.2
For. Official,,1,2019,12,4076.9
For. Official,,1,2020,1,4169.9
For. Official,,1,2020,2,4264.9
For. Official,,1,2020,3,4117.9
For. Official,,1,2020,4,4047.4
For. Official,,1,2020,5,4105.9
For. Official,,1,2020,6,4147.1
For. Official,,1,2020,7,4191.2
For. Official,,1,2020,8,4199.3
For. Official,,1,2020,9,4198.9
For. Official,,1,2020,10,4166.8
For. Official,,1,2020,11,4176.2
For. Official,,1,2020,12,4186.5
For. Official,,1,2021,1,4224.5
For. Official,,1,2021,2,4235.3
For. Official,,1,2021,3,4202.1
For. Official,,1,2021,4,4201.5
For. Official,,1,2021,5,4226.0
For. Official,,1,2021,6,4215.9
For. Official,,1,2021,7,4254.1
For. Official,,1,2021,8,4216.3
For. Official,,1,2021,9,4207.9
For. Official,,1,2021,10,4179.4
For. Official,,1,2021,11,4161.0
For. Official,,1,2021,12,4117.7
For. Official,,1,2022,1,4130.0
For. Official,,1,2022,2,4124.4
For. Official,,1,2022,3,4025.3
For. Official,,1,2022,4,3907.5
For. Official,,1,2022,5,3866.3
For. Official,,1,2022,6,3855.3
For. Official,,1,2022,7,3895.0
For. Official,,1,2022,8,3876.9
For. Official,,1,2022,9,3713.7
For. Official,,1,2022,10,3614.0
For. Official,,1,2022,11,3662.0
For. Official,,1,2022,12,3667.4
For. Official,,1,2023,1,3703.8
For. Official,,1,2023,2,3692.7
For. Official,,1,2023,3,3769.9
For. Official,,1,2023,4,3789.7
For. Official,,1,2023,5,3782.7
For. Official,,1,2023,6,3769.2
For. Official,,1,2023,7,3758.8
For. Official,,1,2023,8,3738.2
For. Official,,1,2023,9,3691.0
For. Official,,1,2023,10,3640.4
For. Official,,1,2023,11,3684.1
For. Official,,1,2023,12,3796.4
For. Official,,1,2024,1,3799.1
For. Official,,1,2024,2,3767.6
For. Official,,1,2024,3,3816.9
For. Official,,1,2024,4,3787.2
For. Official,,1,2024,5,3797.7
For. Official,,1,2024,6,3831.0
For. Official,,1,2024,7,3846.4
For. Official,,1,2024,8,3876.4
For. Official,,1,2024,9,3914.1
For. Official,,1,2024,10,3856.3
For. Official,,1,2024,11,3861.9
For. Official,,1,2024,12,3792.5
For. Official,,1,2025,1,3803.8
For. Official,,1,2025,2,3895.9
For. Official,,1,2025,3,3923.4
For. Official,,1,2025,4,3907.4
For. Official,,1,2025,5,3877.1
For. Official,,1,2025,6,3892.5
For. Official,,1,2025,7,3886.5
For. Official,,1,2025,8,3919.8
For. Official,,1,2025,9,3872.6
For. Official,,1,2025,10,3866.4
For. Official,,1,2025,11,3912.3
For. Official,,1,2025,12,3877.7
Grand Total,,1,2000,3,1085.0
Grand Total,,1,2000,4,1088.9
Grand Total,,1,2000,5,1072.2
Grand Total,,1,2000,6,1060.7
Grand Total,,1,2000,7,1055.9
Grand Total,,1,2000,8,1053.9
Grand Total,,1,2000,9,1038.8
Grand Total,,1,2000,10,1035.2
Grand Total,,1,2000,11,1021.0
Grand Total,,1,2000,12,1015.2
Grand Total,,1,2001,1,1010.8
Grand Total,,1,2001,2,1015.4
Grand Total,,1,2001,3,1012.5
Grand Total,,1,2001,4,987.8
Grand Total,,1,2001,5,986.2
Grand Total,,1,2001,6,983.3
Grand Total,,1,2001,7,975.9
Grand Total,,1,2001,8,994.0
Grand Total,,1,2001,9,992.2
Grand Total,,1,2001,10,1016.0
Grand Total,,1,2001,11,1036.3
Grand Total,,1,2001,12,1040.1
Grand Total,,1,2002,1,1029.6
Grand Total,,1,2002,2,1035.8
Grand Total,,1,2002,3,1057.2
Grand Total,,1,2002,4,1042.8
Grand Total,,1,2002,5,1061.2
Grand Total,,1,2002,6,1123.1
Grand Total,,1,2002,7,1161.7
Grand Total,,1,2002,8,1168.9
Grand Total,,1,2002,9,1188.6
Grand Total,,1,2002,10,1194.2
Grand Total,,1,2002,11,1220.0
Grand Total,,1,2002,12,1235.6
Grand Total,,1,2003,1,1237.7
Grand Total,,1,2003,2,1236.4
Grand Total,,1,2003,3,1275.2
Grand Total,,1,2003,4,1278.0
Grand Total,,1,2003,5,1328.1
Grand Total,,1,2003,6,1371.9
Grand Total,,1,2003,7,1419.0
Grand Total,,1,2003,8,1444.9
Grand Total,,1,2003,9,1443.3
Grand Total,,1,2003,10,1451.9
Grand Total,,1,2003,11,1498.3
Grand Total,,1,2003,12,1523.1
Grand Total,,1,2004,1,1568.5
Grand Total,,1,2004,2,1609.2
Grand Total,,1,2004,3,1670.0
Grand Total,,1,2004,4,1711.2
Grand Total,,1,2004,5,1743.8
Grand Total,,1,2004,6,1735.4
Grand Total,,1,2004,7,1751.9
Grand Total,,1,2004,8,1770.1
Grand Total,,1,2004,9,1794.5
Grand Total,,1,2004,10,1812.7
Grand Total,,1,2004,11,1846.6
Grand Total,,1,2004,12,1849.3
Grand Total,,1,2005,1,1874.5
Grand Total,,1,2005,2,1914.4
Grand Total,,1,2005,3,1952.2
Grand Total,,1,2005,4,1980.9
Grand Total,,1,2005,5,1981.9
Grand Total,,1,2005,6,1877.5
Grand Total,,1,2005,7,1899.2
Grand Total,,1,2005,8,1925.9
Grand Total,,1,2005,9,1929.6
Grand Total,,1,2005,10,1964.9
Grand Total,,1,2005,11,2034.0
Grand Total,,1,2005,12,2033.9
Grand Total,,1,2006,1,2045.4
Grand Total,,1,2006,2,2071.3
Grand Total,,1,2006,3,2082.1
Grand Total,,1,2006,4,2059.5
Grand Total,,1,2006,5,2071.4
Grand Total,,1,2006,6,1977.8
Grand Total,,1,2006,7,1992.9
Grand Total,,1,2006,8,2038.0
Grand Total,,1,2006,9,2025.3
Grand Total,,1,2006,10,2054.4
Grand Total,,1,2006,11,2097.0
Grand Total,,1,2006,12,2103.1
Grand Total,,1,2007,1,2120.6
Grand Total,,1,2007,2,2143.3
Grand Total,,1,2007,3,2194.3
Grand Total,,1,2007,4,2166.2
Grand Total,,1,2007,5,2184.6
Grand Total,,1,2007,6,2191.5
Grand Total,,1,2007,7,2200.5
Grand Total,,1,2007,8,2217.8
Grand Total,,1,2007,9,2235.4
Grand Total,,1,2007,10,2299.1
Grand Total,,1,2007,11,2335.0
Grand Total,,1,2007,12,2351.1
Grand Total,,1,2008,1,2399.4
Grand Total,,1,2008,2,2426.2
Grand Total,,1,2008,3,2506.3
Grand Total,,1,2008,4,2586.7
Grand Total,,1,2008,5,2597.7
Grand Total,,1,2008,6,2587.4
Grand Total,,1,2008,7,2624.2
Grand Total,,1,2008,8,2688.7
Grand Total,,1,2008,9,2802.4
Grand Total,,1,2008,10,2980.6
Grand Total,,1,2008,11,3036.6
Grand Total,,1,2008,12,3077.2
Grand Total,,1,2009,1,3071.7
Grand Total,,1,2009,2,3161.9
Grand Total,,1,2009,3,3265.7
Grand Total,,1,2009,4,3262.1
Grand Total,,1,2009,5,3292.6
Grand Total,,1,2009,6,3460.8
Grand Total,,1,2009,7,3505.8
Grand Total,,1,2009,8,3531.1
Grand Total,,1,2009,9,3570.6
Grand Total,,1,2009,10,3571.6
Grand Total,,1,2009,11,3669.0
Grand Total,,1,2009,12,3685.1
Grand Total,,1,2010,1,3702.2
Grand Total,,1,2010,2,3745.5
Grand Total,,1,2010,3,3877.9
Grand Total,,1,2010,4,3951.2
Grand Total,,1,2010,5,3958.2
Grand Total,,1,2010,6,4070.0
Grand Total,,1,2010,7,4111.7
Grand Total,,1,2010,8,4262.1
Grand Total,,1,2010,9,4316.0
Grand Total,,1,2010,10,4356.0
Grand Total,,1,2010,11,4394.4
Grand Total,,1,2010,12,4415.8
Grand Total,,1,2011,1,4435.4
Grand Total,,1,2011,2,4466.9
Grand Total,,1,2011,3,4481.4
Grand Total,,1,2011,4,4496.5
Grand Total,,1,2011,5,4536.6
Grand Total,,1,2011,6,4690.6
Grand Total,,1,2011,7,4667.9
Grand Total,,1,2011,8,4763.3
Grand Total,,1,2011,9,4912.1
Grand Total,,1,2011,10,4921.7
Grand Total,,1,2011,11,5008.8
Grand Total,,1,2011,12,5004.4
Grand Total,,1,2012,1,5054.3
Grand Total,,1,2012,2,5102.7
Grand Total,,1,2012,3,5145.1
Grand Total,,1,2012,4,5214.5
Grand Total,,1,2012,5,5265.3
Grand Total,,1,2012,6,5310.9
Grand Total,,1,2012,7,5378.7
Grand Total,,1,2012,8,5447.4
Grand Total,,1,2012,9,5476.1
Grand Total,,1,2012,10,5526.7
Grand Total,,1,2012,11,5538.2
Grand Total,,1,2012,12,5573.8
Grand Total,,1,2013,1,5622.1
Grand Total,,1,2013,2,5691.1
Grand Total,,1,2013,3,5725.0
Grand Total,,1,2013,4,5709.7
Grand Total,,1,2013,5,5658.1
Grand Total,,1,2013,6,5595.0
Grand Total,,1,2013,7,5592.8
Grand Total,,1,2013,8,5595.8
Grand Total,,1,2013,9,5652.8
Grand Total,,1,2013,10,5655.1
Grand Total,,1,2013,11,5716.8
Grand Total,,1,2013,12,5792.6
Grand Total,,1,2014,1,5841.3
Grand Total,,1,2014,2,5890.1
Grand Total,,1,2014,3,5948.3
Grand Total,,1,2014,4,5959.4
Grand Total,,1,2014,5,5974.5
Grand Total,,1,2014,6,6018.7
Grand Total,,1,2014,7,6002.6
Grand Total,,1,2014,8,6069.2
Grand Total,,1,2014,9,6069.2
Grand Total,,1,2014,10,6062.0
Grand Total,,1,2014,11,6114.8
Grand Total,,1,2014,12,6158.0
Grand Total,,1,2015,1,6218.7
Grand Total,,1,2015,2,6163.4
Grand Total,,1,2015,3,6172.6
Grand Total,,1,2015,4,6137.9
Grand Total,,1,2015,5,6134.8
Grand Total,,1,2015,6,6161.0
Grand Total,,1,2015,7,6117.4
Grand Total,,1,2015,8,6099.6
Grand Total,,1,2015,9,6104.0
Grand Total,,1,2015,10,6045.3
Grand Total,,1,2015,11,6123.4
Grand Total,,1,2015,12,6144.2
Grand Total,,1,2016,1,6182.4
Grand Total,,1,2016,2,6241.5
Grand Total,,1,2016,3,6284.4
Grand Total,,1,2016,4,6236.7
Grand Total,,1,2016,5,6208.3
Grand Total,,1,2016,6,6279.1
Grand Total,,1,2016,7,6248.1
Grand Total,,1,2016,8,6197.1
Grand Total,,1,2016,9,6155.9
Grand Total,,1,2016,10,6043.6
Grand Total,,1,2016,11,5953.0
Grand Total,,1,2016,12,6002.8
Grand Total,,1,2017,1,5949.2
Grand Total,,1,2017,2,6012.5
Grand Total,,1,2017,3,6075.3
Grand Total,,1,2017,4,6060.5
Grand Total,,1,2017,5,6108.4
Grand Total,,1,2017,6,6151.9
Grand Total,,1,2017,7,6230.2
Grand Total,,1,2017,8,6249.4
Grand Total,,1,2017,9,6301.9
Grand Total,,1,2017,10,6324.1
Grand Total,,1,2017,11,6306.2
Grand Total,,1,2017,12,6211.3
Grand Total,,1,2018,1,6194.6
Grand Total,,1,2018,2,6221.7
Grand Total,,1,2018,3,6223.4
Grand Total,,1,2018,4,6180.0
Grand Total,,1,2018,5,6215.1
Grand Total,,1,2018,6,6225.0
Grand Total,,1,2018,7,6254.4
Grand Total,,1,2018,8,6278.6
Grand Total,,1,2018,9,6225.9
Grand Total,,1,2018,10,6200.3
Grand Total,,1,2018,11,6199.9
Grand Total,,1,2018,12,6270.1
Grand Total,,1,2019,1,6324.6
Grand Total,,1,2019,2,6374.5
Grand Total,,1,2019,3,6474.0
Grand Total,,1,2019,4,6433.9
Grand Total,,1,2019,5,6539.4
Grand Total,,1,2019,6,6625.9
Grand Total,,1,2019,7,6800.2
Grand Total,,1,2019,8,7036.4
Grand Total,,1,2019,9,6923.5
Grand Total,,1,2019,10,6946.4
Grand Total,,1,2019,11,6902.1
Grand Total,,1,2019,12,6844.2
Grand Total,,1,2020,1,7027.3
Grand Total,,1,2020,2,7226.0
Grand Total,,1,2020,3,6949.5
Grand Total,,1,2020,4,6903.1
Grand Total,,1,2020,5,6978.1
Grand Total,,1,2020,6,7052.1
Grand Total,,1,2020,7,7096.2
Grand Total,,1,2020,8,7082.0
Grand Total,,1,2020,9,7069.2
Grand Total,,1,2020,10,7070.4
Grand Total,,1,2020,11,7051.2
Grand Total,,1,2020,12,7070.7
Grand Total,,1,2021,1,7128.0
Grand Total,,1,2021,2,7108.8
Grand Total,,1,2021,3,7038.3
Grand Total,,1,2021,4,7078.6
Grand Total,,1,2021,5,7144.7
Grand Total,,1,2021,6,7518.9
Grand Total,,1,2021,7,7567.3
Grand Total,,1,2021,8,7578.8
Grand Total,,1,2021,9,7570.9
Grand Total,,1,2021,10,7660.7
Grand Total,,1,2021,11,7687.9
Grand Total,,1,2021,12,7740.4
Grand Total,,1,2022,1,7655.7
Grand Total,,1,2022,2,7703.5
Grand Total,,1,2022,3,7604.2
Grand Total,,1,2022,4,7443.1
Grand Total,,1,2022,5,7410.8
Grand Total,,1,2022,6,7416.9
Grand Total,,1,2022,7,7485.5
Grand Total,,1,2022,8,7492.7
Grand Total,,1,2022,9,7251.5
Grand Total,,1,2022,10,7133.2
Grand Total,,1,2022,11,7184.7
Grand Total,,1,2022,12,7194.7
Grand Total,,1,2023,1,7305.1
Grand Total,,1,2023,2,7254.9
Grand Total,,1,2023,3,7468.6
Grand Total,,1,2023,4,7506.0
Grand Total,,1,2023,5,7458.6
Grand Total,,1,2023,6,7563.2
Grand Total,,1,2023,7,7595.1
Grand Total,,1,2023,8,7620.5
Grand Total,,1,2023,9,7509.1
Grand Total,,1,2023,10,7476.7
Grand Total,,1,2023,11,7716.3
Grand Total,,1,2023,12,7940.0
Grand Total,,1,2024,1,7953.8
Grand Total,,1,2024,2,7999.3
Grand Total,,1,2024,3,8107.9
Grand Total,,1,2024,4,8036.2
Grand Total,,1,2024,5,8130.7
Grand Total,,1,2024,6,8299.3
Grand Total,,1,2024,7,8428.2
Grand Total,,1,2024,8,8611.4
Grand Total,,1,2024,9,8766.3
Grand Total,,1,2024,10,8693.5
Grand Total,,1,2024,11,8723.3
Grand Total,,1,2024,12,8619.3
Grand Total,,1,2025,1,8617.8
Grand Total,,1,2025,2,8899.3
Grand Total,,1,2025,3,9052.0
Grand Total,,1,2025,4,8998.7
Grand Total,,1,2025,5,9021.7
Grand Total,,1,2025,6,9093.6
Grand Total,,1,2025,7,9109.5
Grand Total,,1,2025,8,9248.2
Grand Total,,1,2025,9,9237.5
Grand Total,,1,2025,10,9230.5
Grand Total,,1,2025,11,9349.6
Grand Total,,1,2025,12,9269.5
Oil Exporters,,1,2000,3,43.9
Oil Exporters,,1,2000,4,43.6
Oil Exporters,,1,2000,5,43.1
Oil Exporters,,1,2000,6,45.9
Oil Exporters,,1,2000,7,47.4
Oil Exporters,,1,2000,8,47.8
Oil Exporters,,1,2000,9,46.8
Oil Exporters,,1,2000,10,48.0
Oil Exporters,,1,2000,11,48.4
Oil Exporters,,1,2000,12,47.7
Oil Exporters,,1,2001,1,48.5
Oil Exporters,,1,2001,2,47.8
Oil Exporters,,1,2001,3,45.9
Oil Exporters,,1,2001,4,44.4
Oil Exporters,,1,2001,5,43.2
Oil Exporters,,1,2001,6,43.4
Oil Exporters,,1,2001,7,43.9
Oil Exporters,,1,2001,8,44.5
Oil Exporters,,1,2001,9,42.7
Oil Exporters,,1,2001,10,42.4
Oil Exporters,,1,2001,11,45.3
Oil Exporters,,1,2001,12,46.8
Oil Exporters,,1,2002,1,45.2
Oil Exporters,,1,2002,2,44.7
Oil Exporters,,1,2002,3,44.3
Oil Exporters,,1,2002,4,44.6
Oil Exporters,,1,2002,5,45.6
Oil Exporters,,1,2002,6,52.3
Oil Exporters,,1,2002,7,53.0
Oil Exporters,,1,2002,8,52.4
Oil Exporters,,1,2002,9,51.7
Oil Exporters,,1,2002,10,52.2
Oil Exporters,,1,2002,11,52.9
Oil Exporters,,1,2002,12,49.6
Oil Exporters,,1,2003,1,47.7
Oil Exporters,,1,2003,2,42.3
Oil Exporters,,1,2003,3,42.4
Oil Exporters,,1,2003,4,40.9
Oil Exporters,,1,2003,5,39.5
Oil Exporters,,1,2003,6,38.0
Oil Exporters,,1,2003,7,39.4
Oil Exporters,,1,2003,8,41.1
Oil Exporters,,1,2003,9,40.4
Oil Exporters,,1,2003,10,40.4
Oil Exporters,,1,2003,11,42.8
Oil Exporters,,1,2003,12,42.6
Oil Exporters,,1,2004,1,43.9
Oil Exporters,,1,2004,2,41.6
Oil Exporters,,1,2004,3,43.5
Oil Exporters,,1,2004,4,45.4
Oil Exporters,,1,2004,5,46.1
Oil Exporters,,1,2004,6,53.8
Oil Exporters,,1,2004,7,56.8
Oil Exporters,,1,2004,8,51.5
Oil Exporters,,1,2004,9,57.3
Oil Exporters,,1,2004,10,62.0
Oil Exporters,,1,2004,11,63.0
Oil Exporters,,1,2004,12,62.1
Oil Exporters,,1,2005,1,67.1
Oil Exporters,,1,2005,2,67.7
Oil Exporters,,1,2005,3,62.5
Oil Exporters,,1,2005,4,60.8
Oil Exporters,,1,2005,5,62.8
Oil Exporters,,1,2005,6,68.5
Oil Exporters,,1,2005,7,64.1
Oil Exporters,,1,2005,8,65.2
Oil Exporters,,1,2005,9,66.1
Oil Exporters,,1,2005,10,75.4
Oil Exporters,,1,2005,11,79.3
Oil Exporters,,1,2005,12,78.2
Oil Exporters,,1,2006,1,89.4
Oil Exporters,,1,2006,2,96.2
Oil Exporters,,1,2006,3,98.1
Oil Exporters,,1,2006,4,99.7
Oil Exporters,,1,2006,5,103.0
Oil Exporters,,1,2006,6,110.8
Oil Exporters,,1,2006,7,112.4
Oil Exporters,,1,2006,8,116.6
Oil Exporters,,1,2006,9,113.7
Oil Exporters,,1,2006,10,107.2
Oil Exporters,,1,2006,11,106.4
Oil Exporters,,1,2006,12,110.2
Oil Exporters,,1,2007,1,111.7
Oil Exporters,,1,2007,2,110.5
Oil Exporters,,1,2007,3,112.5
Oil Exporters,,1,2007,4,112.0
Oil Exporters,,1,2007,5,121.1
Oil Exporters,,1,2007,6,133.2
Oil Exporters,,1,2007,7,134.7
Oil Exporters,,1,2007,8,134.7
Oil Exporters,,1,2007,9,137.1
Oil Exporters,,1,2007,10,141.6
Oil Exporters,,1,2007,11,138.7
Oil Exporters,,1,2007,12,137.9
Oil Exporters,,1,2008,1,140.8
Oil Exporters,,1,2008,2,146.1
Oil Exporters,,1,2008,3,150.7
Oil Exporters,,1,2008,4,153.8
Oil Exporters,,1,2008,5,164.2
Oil Exporters,,1,2008,6,159.5
Oil Exporters,,1,2008,7,162.9
Oil Exporters,,1,2008,8,169.6
Oil Exporters,,1,2008,9,171.2
Oil Exporters,,1,2008,10,176.7
Oil Exporters,,1,2008,11,187.2
Oil Exporters,,1,2008,12,186.2
Oil Exporters,,1,2009,1,186.6
Oil Exporters,,1,2009,2,181.8
Oil Exporters,,1,2009,3,192.0
Oil Exporters,,1,2009,4,189.6
Oil Exporters,,1,2009,5,192.9
Oil Exporters,,1,2009,6,211.8
Oil Exporters,,1,2009,7,209.9
Oil Exporters,,1,2009,8,209.8
Oil Exporters,,1,2009,9,201.3
Oil Exporters,,1,2009,10,204.9
Oil Exporters,,1,2009,11,202.6
Oil Exporters,,1,2009,12,201.1
Oil Exporters,,1,2010,1,211.9
Oil Exporters,,1,2010,2,211.9
Oil Exporters,,1,2010,3,223.4
Oil Exporters,,1,2010,4,232.9
Oil Exporters,,1,2010,5,228.6
Oil Exporters,,1,2010,6,210.2
Oil Exporters,,1,2010,7,217.8
Oil Exporters,,1,2010,8,220.5
Oil Exporters,,1,2010,9,224.6
Oil Exporters,,1,2010,10,208.0
Oil Exporters,,1,2010,11,204.3
Oil Exporters,,1,2010,12,211.9
Oil Exporters,,1,2011,1,215.5
Oil Exporters,,1,2011,2,219.0
Oil Exporters,,1,2011,3,222.5
Oil Exporters,,1,2011,4,221.6
Oil Exporters,,1,2011,5,230.0
Oil Exporters,,1,2011,6,242.6
Oil Exporters,,1,2011,7,243.9
Oil Exporters,,1,2011,8,246.0
Oil Exporters,,1,2011,9,252.4
Oil Exporters,,1,2011,10,248.3
Oil Exporters,,1,2011,11,254.1
Oil Exporters,,1,2011,12,260.8
T-Bonds & Notes,,1,2000,3,470.8
T-Bonds & Notes,,1,2000,4,477.3
T-Bonds & Notes,,1,2000,5,475.9
T-Bonds & Notes,,1,2000,6,474.4
T-Bonds & Notes,,1,2000,7,473.2
T-Bonds & Notes,,1,2000,8,473.7
T-Bonds & Notes,,1,2000,9,467.1
T-Bonds & Notes,,1,2000,10,460.0
T-Bonds & Notes,,1,2000,11,455.1
T-Bonds & Notes,,1,2000,12,456.2
T-Bonds & Notes,,1,2001,1,458.0
T-Bonds & Notes,,1,2001,2,458.7
T-Bonds & Notes,,1,2001,3,459.0
T-Bonds & Notes,,1,2001,4,449.9
T-Bonds & Notes,,1,2001,5,450.9
T-Bonds & Notes,,1,2001,6,447.7
T-Bonds & Notes,,1,2001,7,446.7
T-Bonds & Notes,,1,2001,8,447.0
T-Bonds & Notes,,1,2001,9,448.8
T-Bonds & Notes,,1,2001,10,450.5
T-Bonds & Notes,,1,2001,11,456.6
T-Bonds & Notes,,1,2001,12,457.7
T-Bonds & Notes,,1,2002,1,451.1
T-Bonds & Notes,,1,2002,2,448.6
T-Bonds & Notes,,1,2002,3,453.8
T-Bonds & Notes,,1,2002,4,452.2
T-Bonds & Notes,,1,2002,5,452.2
T-Bonds & Notes,,1,2002,6,559.6
T-Bonds & Notes,,1,2002,7,554.4
T-Bonds & Notes,,1,2002,8,555.0
T-Bonds & Notes,,1,2002,9,551.3
T-Bonds & Notes,,1,2002,10,551.4
T-Bonds & Notes,,1,2002,11,563.7
T-Bonds & Notes,,1,2002,12,569.7
T-Bonds & Notes,,1,2003,1,572.1
T-Bonds & Notes,,1,2003,2,576.4
T-Bonds & Notes,,1,2003,3,576.3
T-Bonds & Notes,,1,2003,4,575.3
T-Bonds & Notes,,1,2003,5,588.7
T-Bonds & Notes,,1,2003,6,653.2
T-Bonds & Notes,,1,2003,7,664.8
T-Bonds & Notes,,1,2003,8,660.3
T-Bonds & Notes,,1,2003,9,671.0
T-Bonds & Notes,,1,2003,10,694.6
T-Bonds & Notes,,1,2003,11,713.3
T-Bonds & Notes,,1,2003,12,721.9
T-Bonds & Notes,,1,2004,1,747.6
T-Bonds & Notes,,1,2004,2,765.5
T-Bonds & Notes,,1,2004,3,799.1
T-Bonds & Notes,,1,2004,4,821.8
T-Bonds & Notes,,1,2004,5,829.7
T-Bonds & Notes,,1,2004,6,912.0
T-Bonds & Notes,,1,2004,7,918.0
T-Bonds & Notes,,1,2004,8,933.5
T-Bonds & Notes,,1,2004,9,944.4
T-Bonds & Notes,,1,2004,10,960.0
T-Bonds & Notes,,1,2004,11,981.1
T-Bonds & Notes,,1,2004,12,988.1
T-Bonds & Notes,,1,2005,1,995.7
T-Bonds & Notes,,1,2005,2,1007.9
T-Bonds & Notes,,1,2005,3,993.7
T-Bonds & Notes,,1,2005,4,1006.9
T-Bonds & Notes,,1,2005,5,1014.8
T-Bonds & Notes,,1,2005,6,1078.9
T-Bonds & Notes,,1,2005,7,1083.9
T-Bonds & Notes,,1,2005,8,1087.6
T-Bonds & Notes,,1,2005,9,1086.5
T-Bonds & Notes,,1,2005,10,1092.5
T-Bonds & Notes,,1,2005,11,1097.4
T-Bonds & Notes,,1,2005,12,1103.3
T-Bonds & Notes,,1,2006,1,1109.7
T-Bonds & Notes,,1,2006,2,1123.8
T-Bonds & Notes,,1,2006,3,1116.8
T-Bonds & Notes,,1,2006,4,1129.2
T-Bonds & Notes,,1,2006,5,1116.7
T-Bonds & Notes,,1,2006,6,1212.8
T-Bonds & Notes,,1,2006,7,1222.5
T-Bonds & Notes,,1,2006,8,1239.0
T-Bonds & Notes,,1,2006,9,1246.6
T-Bonds & Notes,,1,2006,10,1265.1
T-Bonds & Notes,,1,2006,11,1266.1
T-Bonds & Notes,,1,2006,12,1272.2
T-Bonds & Notes,,1,2007,1,1267.3
T-Bonds & Notes,,1,2007,2,1269.5
T-Bonds & Notes,,1,2007,3,1270.9
T-Bonds & Notes,,1,2007,4,1280.3
T-Bonds & Notes,,1,2007,5,1275.7
T-Bonds & Notes,,1,2007,6,1451.7
T-Bonds & Notes,,1,2007,7,1444.7
T-Bonds & Notes,,1,2007,8,1415.1
T-Bonds & Notes,,1,2007,9,1429.4
T-Bonds & Notes,,1,2007,10,1433.4
T-Bonds & Notes,,1,2007,11,1433.8
T-Bonds & Notes,,1,2007,12,1444.8
T-Bonds & Notes,,1,2008,1,1480.9
T-Bonds & Notes,,1,2008,2,1477.3
T-Bonds & Notes,,1,2008,3,1505.3
T-Bonds & Notes,,1,2008,4,1527.6
T-Bonds & Notes,,1,2008,5,1523.9
T-Bonds & Notes,,1,2008,6,1684.3
T-Bonds & Notes,,1,2008,7,1694.4
T-Bonds & Notes,,1,2008,8,1699.2
T-Bonds & Notes,,1,2008,9,1704.2
T-Bonds & Notes,,1,2008,10,1702.7
T-Bonds & Notes,,1,2008,11,1676.5
T-Bonds & Notes,,1,2008,12,1680.4
T-Bonds & Notes,,1,2009,1,1678.5
T-Bonds & Notes,,1,2009,2,1676.5
T-Bonds & Notes,,1,2009,3,1705.5
T-Bonds & Notes,,1,2009,4,1722.7
T-Bonds & Notes,,1,2009,5,1700.9
T-Bonds & Notes,,1,2009,6,2053.6
T-Bonds & Notes,,1,2009,7,2069.3
T-Bonds & Notes,,1,2009,8,2082.5
T-Bonds & Notes,,1,2009,9,2101.5
T-Bonds & Notes,,1,2009,10,2116.5
T-Bonds & Notes,,1,2009,11,2147.7
T-Bonds & Notes,,1,2009,12,2172.0
T-Bonds & Notes,,1,2010,1,2172.6
T-Bonds & Notes,,1,2010,2,2173.8
T-Bonds & Notes,,1,2010,3,2202.0
T-Bonds & Notes,,1,2010,4,2216.7
T-Bonds & Notes,,1,2010,5,2222.9
T-Bonds & Notes,,1,2010,6,2617.0
T-Bonds & Notes,,1,2010,7,2625.3
T-Bonds & Notes,,1,2010,8,2655.9
T-Bonds & Notes,,1,2010,9,2697.3
T-Bonds & Notes,,1,2010,10,2696.6
T-Bonds & Notes,,1,2010,11,2713.2
T-Bonds & Notes,,1,2010,12,2727.0
T-Bonds & Notes,,1,2011,1,2745.2
T-Bonds & Notes,,1,2011,2,2760.9
T-Bonds & Notes,,1,2011,3,2768.4
T-Bonds & Notes,,1,2011,4,2798.0
T-Bonds & Notes,,1,2011,5,2819.6
T-Bonds & Notes,,1,2011,6,3103.5
T-Bonds & Notes,,1,2011,7,3117.6
T-Bonds & Notes,,1,2011,8,3108.0
T-Bonds & Notes,,1,2011,9,3232.2
T-Bonds & Notes,,1,2011,10,3226.2
T-Bonds & Notes,,1,2011,11,3249.9
T-Bonds & Notes,,1,2011,12,3263.4
T-Bonds & Notes,,1,2012,1,3337.8
T-Bonds & Notes,,1,2012,2,3350.4
T-Bonds & Notes,,1,2012,3,3364.3
T-Bonds & Notes,,1,2012,4,3435.5
T-Bonds & Notes,,1,2012,5,3466.5
T-Bonds & Notes,,1,2012,6,3493.4
T-Bonds & Notes,,1,2012,7,3560.6
T-Bonds & Notes,,1,2012,8,3584.1
T-Bonds & Notes,,1,2012,9,3574.4
T-Bonds & Notes,,1,2012,10,3604.9
T-Bonds & Notes,,1,2012,11,3625.5
T-Bonds & Notes,,1,2012,12,3660.1
T-Bonds & Notes,,1,2013,1,3671.8
T-Bonds & Notes,,1,2013,2,3714.9
T-Bonds & Notes,,1,2013,3,3689.7
T-Bonds & Notes,,1,2013,4,3680.8
T-Bonds & Notes,,1,2013,5,3696.1
T-Bonds & Notes,,1,2013,6,3649.5
T-Bonds & Notes,,1,2013,7,3633.2
T-Bonds & Notes,,1,2013,8,3601.3
T-Bonds & Notes,,1,2013,9,3644.8
T-Bonds & Notes,,1,2013,10,3673.7
T-Bonds & Notes,,1,2013,11,3690.1
T-Bonds & Notes,,1,2013,12,3656.2
T-Bonds & Notes,,1,2014,1,3674.0
T-Bonds & Notes,,1,2014,2,3680.9
T-Bonds & Notes,,1,2014,3,3670.0
T-Bonds & Notes,,1,2014,4,3703.1
T-Bonds & Notes,,1,2014,5,3731.0
T-Bonds & Notes,,1,2014,6,3767.2
T-Bonds & Notes,,1,2014,7,3784.9
T-Bonds & Notes,,1,2014,8,3825.0
T-Bonds & Notes,,1,2014,9,3822.6
T-Bonds & Notes,,1,2014,10,3795.8
T-Bonds & Notes,,1,2014,11,3800.6
T-Bonds & Notes,,1,2014,12,3787.3
T-Bonds & Notes,,1,2015,1,3794.6
T-Bonds & Notes,,1,2015,2,3746.0
T-Bonds & Notes,,1,2015,3,3774.1
T-Bonds & Notes,,1,2015,4,3777.3
T-Bonds & Notes,,1,2015,5,3796.4
T-Bonds & Notes,,1,2015,6,3808.5
T-Bonds & Notes,,1,2015,7,3812.4
T-Bonds & Notes,,1,2015,8,3820.2
T-Bonds & Notes,,1,2015,9,3817.6
T-Bonds & Notes,,1,2015,10,3790.0
T-Bonds & Notes,,1,2015,11,3788.2
T-Bonds & Notes,,1,2015,12,3755.0
T-Bonds & Notes,,1,2016,1,3762.5
T-Bonds & Notes,,1,2016,2,3760.8
T-Bonds & Notes,,1,2016,3,3766.1
T-Bonds & Notes,,1,2016,4,3759.0
T-Bonds & Notes,,1,2016,5,3740.7
T-Bonds & Notes,,1,2016,6,3762.2
T-Bonds & Notes,,1,2016,7,3731.7
T-Bonds & Notes,,1,2016,8,3673.6
T-Bonds & Notes,,1,2016,9,3607.3
T-Bonds & Notes,,1,2016,10,3544.1
T-Bonds & Notes,,1,2016,11,3472.7
T-Bonds & Notes,,1,2016,12,3515.8
T-Bonds & Notes,,1,2017,1,3484.4
T-Bonds & Notes,,1,2017,2,3513.7
T-Bonds & Notes,,1,2017,3,3562.2
T-Bonds & Notes,,1,2017,4,3585.1
T-Bonds & Notes,,1,2017,5,3605.9
T-Bonds & Notes,,1,2017,6,3664.5
T-Bonds & Notes,,1,2017,7,3703.9
T-Bonds & Notes,,1,2017,8,3727.6
T-Bonds & Notes,,1,2017,9,3745.2
T-Bonds & Notes,,1,2017,10,3746.9
T-Bonds & Notes,,1,2017,11,3715.1
T-Bonds & Notes,,1,2017,12,3706.7
T-Bonds & Notes,,1,2018,1,3676.4
T-Bonds & Notes,,1,2018,2,3697.0
T-Bonds & Notes,,1,2018,3,3733.1
T-Bonds & Notes,,1,2018,4,3683.0
T-Bonds & Notes,,1,2018,5,3644.6
T-Bonds & Notes,,1,2018,6,3652.3
T-Bonds & Notes,,1,2018,7,3668.1
T-Bonds & Notes,,1,2018,8,3691.8
T-Bonds & Notes,,1,2018,9,3693.4
T-Bonds & Notes,,1,2018,10,3640.5
T-Bonds & Notes,,1,2018,11,3589.4
T-Bonds & Notes,,1,2018,12,3641.6
T-Bonds & Notes,,1,2019,1,3676.3
T-Bonds & Notes,,1,2019,2,3710.6
T-Bonds & Notes,,1,2019,3,3762.3
T-Bonds & Notes,,1,2019,4,3763.1
T-Bonds & Notes,,1,2019,5,3814.2
T-Bonds & Notes,,1,2019,6,3858.7
T-Bonds & Notes,,1,2019,7,3853.5
T-Bonds & Notes,,1,2019,8,3905.0
T-Bonds & Notes,,1,2019,9,3860.1
T-Bonds & Notes,,1,2019,10,3834.8
T-Bonds & Notes,,1,2019,11,3827.6
T-Bonds & Notes,,1,2019,12,3808.3
T-Bonds & Notes,,1,2020,1,3875.1
T-Bonds & Notes,,1,2020,2,3958.8
T-Bonds & Notes,,1,2020,3,3834.6
T-Bonds & Notes,,1,2020,4,3716.4
T-Bonds & Notes,,1,2020,5,3750.2
T-Bonds & Notes,,1,2020,6,3764.8
T-Bonds & Notes,,1,2020,7,3797.6
T-Bonds & Notes,,1,2020,8,3814.3
T-Bonds & Notes,,1,2020,9,3827.4
T-Bonds & Notes,,1,2020,10,3791.3
T-Bonds & Notes,,1,2020,11,3805.4
T-Bonds & Notes,,1,2020,12,3825.6
T-Bonds & Notes,,1,2021,1,3846.4
T-Bonds & Notes,,1,2021,2,3829.1
T-Bonds & Notes,,1,2021,3,3841.5
T-Bonds & Notes,,1,2021,4,3881.3
T-Bonds & Notes,,1,2021,5,3929.9
T-Bonds & Notes,,1,2021,6,3946.4
T-Bonds & Notes,,1,2021,7,3977.7
T-Bonds & Notes,,1,2021,8,3958.3
T-Bonds & Notes,,1,2021,9,3952.5
T-Bonds & Notes,,1,2021,10,3931.7
T-Bonds & Notes,,1,2021,11,3921.5
T-Bonds & Notes,,1,2021,12,3870.0
T-Bonds & Notes,,1,2022,1,3863.3
T-Bonds & Notes,,1,2022,2,3846.0
T-Bonds & Notes,,1,2022,3,3765.6
T-Bonds & Notes,,1,2022,4,3650.9
T-Bonds & Notes,,1,2022,5,3617.7
T-Bonds & Notes,,1,2022,6,3616.9
T-Bonds & Notes,,1,2022,7,3661.0
T-Bonds & Notes,,1,2022,8,3646.4
T-Bonds & Notes,,1,2022,9,3493.7
T-Bonds & Notes,,1,2022,10,3410.2
T-Bonds & Notes,,1,2022,11,3444.8
T-Bonds & Notes,,1,2022,12,3428.7
T-Bonds & Notes,,1,2023,1,3454.3
T-Bonds & Notes,,1,2023,2,3435.7
T-Bonds & Notes,,1,2023,3,3517.6
T-Bonds & Notes,,1,2023,4,3558.4
T-Bonds & Notes,,1,2023,5,3548.3
T-Bonds & Notes,,1,2023,6,3548.9
T-Bonds & Notes,,1,2023,7,3522.2
T-Bonds & Notes,,1,2023,8,3500.4
T-Bonds & Notes,,1,2023,9,3456.5
T-Bonds & Notes,,1,2023,10,3405.6
T-Bonds & Notes,,1,2023,11,3438.1
T-Bonds & Notes,,1,2023,12,3546.5
T-Bonds & Notes,,1,2024,1,3548.8
T-Bonds & Notes,,1,2024,2,3501.3
T-Bonds & Notes,,1,2024,3,3549.9
T-Bonds & Notes,,1,2024,4,3524.5
T-Bonds & Notes,,1,2024,5,3542.8
T-Bonds & Notes,,1,2024,6,3562.5
T-Bonds & Notes,,1,2024,7,3574.6
T-Bonds & Notes,,1,2024,8,3569.2
T-Bonds & Notes,,1,2024,9,3595.8
T-Bonds & Notes,,1,2024,10,3544.2
T-Bonds & Notes,,1,2024,11,3557.2
T-Bonds & Notes,,1,2024,12,3485.6
T-Bonds & Notes,,1,2025,1,3430.4
T-Bonds & Notes,,1,2025,2,3460.9
T-Bonds & Notes,,1,2025,3,3503.6
T-Bonds & Notes,,1,2025,4,3493.5
T-Bonds & Notes,,1,2025,5,3479.5
T-Bonds & Notes,,1,2025,6,3490.0
T-Bonds & Notes,,1,2025,7,3476.5
T-Bonds & Notes,,1,2025,8,3508.2
T-Bonds & Notes,,1,2025,9,3501.2
T-Bonds & Notes,,1,2025,10,3480.4
T-Bonds & Notes,,1,2025,11,3526.8
T-Bonds & Notes,,1,2025,12,3489.1
Treasury Bills,,1,2000,3,164.8
Treasury Bills,,1,2000,4,157.6
Treasury Bills,,1,2000,5,148.8
Treasury Bills,,1,2000,6,157.2
Treasury Bills,,1,2000,7,160.1
Treasury Bills,,1,2000,8,159.8
Treasury Bills,,1,2000,9,155.5
Treasury Bills,,1,2000,10,155.1
Treasury Bills,,1,2000,11,155.1
Treasury Bills,,1,2000,12,153.0
Treasury Bills,,1,2001,1,159.0
Treasury Bills,,1,2001,2,155.7
Treasury Bills,,1,2001,3,155.2
Treasury Bills,,1,2001,4,144.2
Treasury Bills,,1,2001,5,137.9
Treasury Bills,,1,2001,6,139.2
Treasury Bills,,1,2001,7,143.3
Treasury Bills,,1,2001,8,154.7
Treasury Bills,,1,2001,9,153.9
Treasury Bills,,1,2001,10,161.1
Treasury Bills,,1,2001,11,167.6
Treasury Bills,,1,2001,12,161.7
Treasury Bills,,1,2002,1,166.1
Treasury Bills,,1,2002,2,163.6
Treasury Bills,,1,2002,3,160.9
Treasury Bills,,1,2002,4,155.3
Treasury Bills,,1,2002,5,162.0
Treasury Bills,,1,2002,6,176.2
Treasury Bills,,1,2002,7,188.3
Treasury Bills,,1,2002,8,189.0
Treasury Bills,,1,2002,9,185.2
Treasury Bills,,1,2002,10,188.4
Treasury Bills,,1,2002,11,190.1
Treasury Bills,,1,2002,12,190.4
Treasury Bills,,1,2003,1,195.0
Treasury Bills,,1,2003,2,197.6
Treasury Bills,,1,2003,3,207.3
Treasury Bills,,1,2003,4,201.7
Treasury Bills,,1,2003,5,211.1
Treasury Bills,,1,2003,6,211.0
Treasury Bills,,1,2003,7,207.3
Treasury Bills,,1,2003,8,215.6
Treasury Bills,,1,2003,9,207.9
Treasury Bills,,1,2003,10,207.9
Treasury Bills,,1,2003,11,215.6
Treasury Bills,,1,2003,12,212.0
Treasury Bills,,1,2004,1,214.5
Treasury Bills,,1,2004,2,225.6
Treasury Bills,,1,2004,3,231.9
Treasury Bills,,1,2004,4,224.9
Treasury Bills,,1,2004,5,233.1
Treasury Bills,,1,2004,6,248.9
Treasury Bills,,1,2004,7,252.0
Treasury Bills,,1,2004,8,254.3
Treasury Bills,,1,2004,9,260.5
Treasury Bills,,1,2004,10,260.4
Treasury Bills,,1,2004,11,256.9
Treasury Bills,,1,2004,12,245.2
Treasury Bills,,1,2005,1,242.3
Treasury Bills,,1,2005,2,235.2
Treasury Bills,,1,2005,3,235.8
Treasury Bills,,1,2005,4,230.1
Treasury Bills,,1,2005,5,229.0
Treasury Bills,,1,2005,6,204.9
Treasury Bills,,1,2005,7,203.2
Treasury Bills,,1,2005,8,205.4
Treasury Bills,,1,2005,9,195.4
Treasury Bills,,1,2005,10,199.8
Treasury Bills,,1,2005,11,214.9
Treasury Bills,,1,2005,12,201.9
Treasury Bills,,1,2006,1,209.9
Treasury Bills,,1,2006,2,215.5
Treasury Bills,,1,2006,3,215.1
Treasury Bills,,1,2006,4,197.1
Treasury Bills,,1,2006,5,194.9
Treasury Bills,,1,2006,6,184.8
Treasury Bills,,1,2006,7,186.1
Treasury Bills,,1,2006,8,190.1
Treasury Bills,,1,2006,9,179.6
Treasury Bills,,1,2006,10,178.6
Treasury Bills,,1,2006,11,186.3
Treasury Bills,,1,2006,12,177.0
Treasury Bills,,1,2007,1,181.5
Treasury Bills,,1,2007,2,182.0
Treasury Bills,,1,2007,3,195.3
Treasury Bills,,1,2007,4,178.2
Treasury Bills,,1,2007,5,172.8
Treasury Bills,,1,2007,6,161.1
Treasury Bills,,1,2007,7,176.4
Treasury Bills,,1,2007,8,180.4
Treasury Bills,,1,2007,9,179.9
Treasury Bills,,1,2007,10,182.9
Treasury Bills,,1,2007,11,187.6
Treasury Bills,,1,2007,12,198.4
Treasury Bills,,1,2008,1,209.0
Treasury Bills,,1,2008,2,205.0
Treasury Bills,,1,2008,3,201.9
Treasury Bills,,1,2008,4,215.7
Treasury Bills,,1,2008,5,219.9
Treasury Bills,,1,2008,6,226.6
Treasury Bills,,1,2008,7,232.5
Treasury Bills,,1,2008,8,245.6
Treasury Bills,,1,2008,9,276.8
Treasury Bills,,1,2008,10,360.6
Treasury Bills,,1,2008,11,427.2
Treasury Bills,,1,2008,12,457.9
Treasury Bills,,1,2009,1,486.9
Treasury Bills,,1,2009,2,521.2
Treasury Bills,,1,2009,3,542.7
Treasury Bills,,1,2009,4,530.6
Treasury Bills,,1,2009,5,586.2
Treasury Bills,,1,2009,6,571.9
Treasury Bills,,1,2009,7,606.6
Treasury Bills,,1,2009,8,607.3
Treasury Bills,,1,2009,9,593.1
Treasury Bills,,1,2009,10,593.8
Treasury Bills,,1,2009,11,580.9
Treasury Bills,,1,2009,12,528.1
Treasury Bills,,1,2010,1,502.0
Treasury Bills,,1,2010,2,496.5
Treasury Bills,,1,2010,3,501.3
Treasury Bills,,1,2010,4,498.5
Treasury Bills,,1,2010,5,466.9
Treasury Bills,,1,2010,6,454.4
Treasury Bills,,1,2010,7,481.8
Treasury Bills,,1,2010,8,495.6
Treasury Bills,,1,2010,9,504.4
Treasury Bills,,1,2010,10,531.3
Treasury Bills,,1,2010,11,499.2
Treasury Bills,,1,2010,12,462.3
Treasury Bills,,1,2011,1,438.9
Treasury Bills,,1,2011,2,432.4
Treasury Bills,,1,2011,3,414.9
Treasury Bills,,1,2011,4,421.7
Treasury Bills,,1,2011,5,423.2
Treasury Bills,,1,2011,6,411.1
Treasury Bills,,1,2011,7,392.0
Treasury Bills,,1,2011,8,409.2
Treasury Bills,,1,2011,9,387.3
Treasury Bills,,1,2011,10,374.5
Treasury Bills,,1,2011,11,378.7
Treasury Bills,,1,2011,12,357.2
Treasury Bills,,1,2012,1,350.4
Treasury Bills,,1,2012,2,362.5
Treasury Bills,,1,2012,3,358.2
Treasury Bills,,1,2012,4,347.9
Treasury Bills,,1,2012,5,362.1
Treasury Bills,,1,2012,6,364.5
Treasury Bills,,1,2012,7,356.9
Treasury Bills,,1,2012,8,373.0
Treasury Bills,,1,2012,9,383.8
Treasury Bills,,1,2012,10,379.4
Treasury Bills,,1,2012,11,383.5
Treasury Bills,,1,2012,12,372.7
Treasury Bills,,1,2013,1,377.1
Treasury Bills,,1,2013,2,385.6
Treasury Bills,,1,2013,3,404.0
Treasury Bills,,1,2013,4,399.2
Treasury Bills,,1,2013,5,379.8
Treasury Bills,,1,2013,6,362.7
Treasury Bills,,1,2013,7,363.0
Treasury Bills,,1,2013,8,373.2
Treasury Bills,,1,2013,9,370.6
Treasury Bills,,1,2013,10,378.6
Treasury Bills,,1,2013,11,384.2
Treasury Bills,,1,2013,12,398.4
Treasury Bills,,1,2014,1,394.0
Treasury Bills,,1,2014,2,388.5
Treasury Bills,,1,2014,3,383.8
Treasury Bills,,1,2014,4,364.4
Treasury Bills,,1,2014,5,361.2
Treasury Bills,,1,2014,6,341.0
Treasury Bills,,1,2014,7,332.7
Treasury Bills,,1,2014,8,338.6
Treasury Bills,,1,2014,9,325.4
Treasury Bills,,1,2014,10,337.1
Treasury Bills,,1,2014,11,342.0
Treasury Bills,,1,2014,12,335.3
Treasury Bills,,1,2015,1,340.1
Treasury Bills,,1,2015,2,351.4
Treasury Bills,,1,2015,3,364.5
Treasury Bills,,1,2015,4,367.6
Treasury Bills,,1,2015,5,376.9
Treasury Bills,,1,2015,6,368.3
Treasury Bills,,1,2015,7,359.2
Treasury Bills,,1,2015,8,355.7
Treasury Bills,,1,2015,9,328.0
Treasury Bills,,1,2015,10,307.3
Treasury Bills,,1,2015,11,326.4
Treasury Bills,,1,2015,12,336.7
Treasury Bills,,1,2016,1,329.6
Treasury Bills,,1,2016,2,319.0
Treasury Bills,,1,2016,3,303.0
Treasury Bills,,1,2016,4,284.9
Treasury Bills,,1,2016,5,281.6
Treasury Bills,,1,2016,6,272.5
Treasury Bills,,1,2016,7,276.6
Treasury Bills,,1,2016,8,272.8
Treasury Bills,,1,2016,9,292.1
Treasury Bills,,1,2016,10,295.1
Treasury Bills,,1,2016,11,295.6
Treasury Bills,,1,2016,12,297.7
Treasury Bills,,1,2017,1,300.4
Treasury Bills,,1,2017,2,301.6
Treasury Bills,,1,2017,3,317.9
Treasury Bills,,1,2017,4,326.6
Treasury Bills,,1,2017,5,329.4
Treasury Bills,,1,2017,6,329.9
Treasury Bills,,1,2017,7,330.6
Treasury Bills,,1,2017,8,324.1
Treasury Bills,,1,2017,9,325.2
Treasury Bills,,1,2017,10,332.2
Treasury Bills,,1,2017,11,339.6
Treasury Bills,,1,2017,12,317.2
Treasury Bills,,1,2018,1,325.0
Treasury Bills,,1,2018,2,333.9
Treasury Bills,,1,2018,3,318.6
Treasury Bills,,1,2018,4,323.2
Treasury Bills,,1,2018,5,346.3
Treasury Bills,,1,2018,6,336.3
Treasury Bills,,1,2018,7,339.6
Treasury Bills,,1,2018,8,329.3
Treasury Bills,,1,2018,9,316.7
Treasury Bills,,1,2018,10,306.6
Treasury Bills,,1,2018,11,311.8
Treasury Bills,,1,2018,12,315.1
Treasury Bills,,1,2019,1,310.0
Treasury Bills,,1,2019,2,319.1
Treasury Bills,,1,2019,3,318.5
Treasury Bills,,1,2019,4,307.8
Treasury Bills,,1,2019,5,298.0
Treasury Bills,,1,2019,6,287.3
Treasury Bills,,1,2019,7,285.8
Treasury Bills,,1,2019,8,295.2
Treasury Bills,,1,2019,9,290.8
Treasury Bills,,1,2019,10,288.1
Treasury Bills,,1,2019,11,273.6
Treasury Bills,,1,2019,12,268.6
Treasury Bills,,1,2020,1,294.8
Treasury Bills,,1,2020,2,306.1
Treasury Bills,,1,2020,3,283.2
Treasury Bills,,1,2020,4,331.0
Treasury Bills,,1,2020,5,355.7
Treasury Bills,,1,2020,6,382.3
Treasury Bills,,1,2020,7,393.6
Treasury Bills,,1,2020,8,385.0
Treasury Bills,,1,2020,9,371.5
Treasury Bills,,1,2020,10,375.4
Treasury Bills,,1,2020,11,370.8
Treasury Bills,,1,2020,12,361.0
Treasury Bills,,1,2021,1,378.1
Treasury Bills,,1,2021,2,406.2
Treasury Bills,,1,2021,3,360.6
Treasury Bills,,1,2021,4,320.2
Treasury Bills,,1,2021,5,296.1
Treasury Bills,,1,2021,6,269.5
Treasury Bills,,1,2021,7,276.4
Treasury Bills,,1,2021,8,258.0
Treasury Bills,,1,2021,9,255.4
Treasury Bills,,1,2021,10,247.7
Treasury Bills,,1,2021,11,239.5
Treasury Bills,,1,2021,12,247.6
Treasury Bills,,1,2022,1,266.7
Treasury Bills,,1,2022,2,278.3
Treasury Bills,,1,2022,3,259.7
Treasury Bills,,1,2022,4,256.6
Treasury Bills,,1,2022,5,248.6
Treasury Bills,,1,2022,6,238.3
Treasury Bills,,1,2022,7,234.0
Treasury Bills,,1,2022,8,230.5
Treasury Bills,,1,2022,9,220.0
Treasury Bills,,1,2022,10,203.8
Treasury Bills,,1,2022,11,217.2
Treasury Bills,,1,2022,12,238.7
Treasury Bills,,1,2023,1,249.6
Treasury Bills,,1,2023,2,256.9
Treasury Bills,,1,2023,3,252.3
Treasury Bills,,1,2023,4,231.3
Treasury Bills,,1,2023,5,234.4
Treasury Bills,,1,2023,6,220.4
Treasury Bills,,1,2023,7,236.6
Treasury Bills,,1,2023,8,237.8
Treasury Bills,,1,2023,9,234.5
Treasury Bills,,1,2023,10,234.8
Treasury Bills,,1,2023,11,246.0
Treasury Bills,,1,2023,12,250.0
Treasury Bills,,1,2024,1,250.3
Treasury Bills,,1,2024,2,266.3
Treasury Bills,,1,2024,3,267.0
Treasury Bills,,1,2024,4,262.7
Treasury Bills,,1,2024,5,254.8
Treasury Bills,,1,2024,6,268.5
Treasury Bills,,1,2024,7,271.9
Treasury Bills,,1,2024,8,307.2
Treasury Bills,,1,2024,9,318.3
Treasury Bills,,1,2024,10,312.0
Treasury Bills,,1,2024,11,304.6
Treasury Bills,,1,2024,12,306.9
Treasury Bills,,1,2025,1,373.4
Treasury Bills,,1,2025,2,435.0
Treasury Bills,,1,2025,3,419.8
Treasury Bills,,1,2025,4,413.9
Treasury Bills,,1,2025,5,397.6
Treasury Bills,,1,2025,6,402.6
Treasury Bills,,1,2025,7,410.0
Treasury Bills,,1,2025,8,411.6
Treasury Bills,,1,2025,9,371.3
Treasury Bills,,1,2025,10,386.0
Treasury Bills,,1,2025,11,385.6
Treasury Bills,,1,2025,12,388.5
